{"batchcomplete":true,"query":{"normalized":[{"fromencoded":false,"from":"10_Ιουνίου","to":"10 Ιουνίου"}],"pages":[{"pageid":1935,"ns":0,"title":"10 Ιουνίου","revisions":[{"slots":{"main":{"contentmodel":"wikitext","contentformat":"text/x-wiki","content":"{{Μήνες Ιουνίου}}\n\n{{center|[[9 Ιουνίου]] &#124; '''10 Ιουνίου''' &#124; [[11 Ιουνίου]]}}\n\n----\nΗ '''10η Ιουνίου''' είναι η 161η ημέρα του έτους κατά το [[Γρηγοριανό ημερολόγιο]] (162η σε δίσεκτα έτη).  Υπολείπονται 204 ημέρες.\n\n{{ΗμερολόγιοΣεΠίνακα|6}}\n\n==Γεγονότα==\n*[[1190]] - [[Γ΄ Σταυροφορία]]: Ο [[Φρειδερίκος Α΄ Βαρβαρόσσα]] πνίγεται στον ποταμό Σάλεφ ενώ κατευθυνόταν με το στρατό του προς την [[Ιερουσαλήμ]].\n*[[1329]] - Αρχίζει η [[μάχη του Πελεκάνου]], η οποία θα οδηγήσει σε ήττα των [[Βυζαντινή αυτοκρατορία|Βυζαντινών]] από την [[Οθωμανική Αυτοκρατορία]]. \n*[[1523]] - Η [[Κοπεγχάγη]] περικυκλώνεται από το στρατό του [[Φρειδερίκος Α΄ της Δανίας|Φρειδερίκου Α΄ της Δανίας]], καθώς η πόλη δεν τον αναγνωρίζει ως διάδοχο του [[Χριστιανός Β΄ της Δανίας|Χριστιανού Β΄]]. \n*[[1692]] - [[Μάγισσες του Σάλεμ]]: η Μπρίτζετ Μπίσοπ απαγχονίζεται στο Γκάλοους Χιλ κοντά στο Σάλεμ της [[Μασαχουσέτη]]ς.\n*[[1822]] - Τελειώνει η μάχη με την [[Άλωση της Ακρόπολης]].\n*[[1829]] - Λαμβάνει χώρα ο πρώτος [[Boat Race|κωπηλατικός αγώνας]] μεταξύ του [[Πανεπιστήμιο της Οξφόρδης|Πανεπιστημίου της Οξφόρδης]] και του [[Πανεπιστήμιο του Κέιμπριτζ|Πανεπιστημίου του Κέιμπριτζ]] στον [[Τάμεσης|Τάμεση]].\n*[[1871]] - 109 [[Ηνωμένες Πολιτείες Αμερικής|Αμερικανοί]] πεζοναύτες πραγματοποιούν επίθεση στα φρούρια του ποταμού Χαν στο νησί [[Γκάγχουαντο]] της [[Νότια Κορέα|Κορέας]].\n*[[1877]] - Ιδρύεται ο [[Ελληνικός Ερυθρός Σταυρός]].\n*[[1878]] - Ιδρύεται η Λίγκα του [[Πρίζρεν]], για να αντιταχθεί στις αποφάσεις της [[Συνθήκη του Αγίου Στεφάνου|συνθήκης του Αγίου Στεφάνου]] και αργότερα του [[Συνέδριο του Βερολίνου|συνεδρίου του Βερολίνου]], σύμφωνα με τις οποίες τα [[Αλβανία|αλβανικά]] εδάφη στα [[Βαλκάνια]] κατανέμονταν στα γειτονικά κράτη της [[Σερβία|Σερβίας]], του [[Μαυροβούνιο|Μαυροβούνιου]], της [[Βουλγαρία|Βουλγαρίας]] και της [[Ελλάδα|Ελλάδας]].\n*[[1898]] - [[Ισπανοαμερικανικός πόλεμος]]: [[Σώμα Πεζοναυτών των ΗΠΑ|Αμερικανοί πεζοναύτες]] αποβιβάζονται στην [[Κούβα]].\n*[[1924]] - [[Φασισμός|Φασίστες]] απάγουν και σκοτώνουν στη [[Ρώμη]] τον [[Ιταλία|Ιταλό]] [[Σοσιαλισμός|σοσιαλιστή]] ηγέτη [[Τζάκομο Ματτεόττι]].\n*[[1940]] - [[Β΄ Παγκόσμιος Πόλεμος]]: [[Επιχείρηση Weserübung]]. Η [[Νορβηγία]] παραδίδεται στις [[Ναζιστική Γερμανία|γερμανικές]] δυνάμεις.  \n*[[1940]] - [[Β΄ Παγκόσμιος Πόλεμος]]: Η [[Ιταλία]] κηρύσσει τον πόλεμο στη [[Γαλλία]] και το [[Ηνωμένο Βασίλειο]].\n*[[1942]] - [[Β΄ Παγκόσμιος Πόλεμος]]: Οι [[Ναζισμός|Ναζί]] [[Σφαγή του Λίντιτσε|πυρπολούν το τσέχικο χωριό Λίντιτσε]] σε αντίποινα για τη [[Επιχείρηση Ανθρωποειδές|δολοφονία του]] [[Ράινχαρντ Χάιντριχ]].\n*[[1944]] - [[Β΄ Παγκόσμιος Πόλεμος]]: [[Ναζιστική Γερμανία|γερμανικά]] στρατεύματα σφάζουν 642 άνδρες, γυναίκες και παιδιά στο Οραντούρ-συρ-Γκλαν της [[Γαλλία|Γαλλίας]].\n*[[1944]] - [[Β΄ Παγκόσμιος Πόλεμος]]: [[Σφαγή του Διστόμου]]. [[Ναζιστική Γερμανία|Γερμανικά]] στρατεύματα σφάζουν 228 άνδρες, γυναίκες και παιδιά στο [[Δίστομο]] [[Νομός Βοιωτίας|Βοιωτίας]].\n*[[1947]] - Η [[SAAB Automobile]] επιδεικνύει το πρώτο της αυτοκίνητο.\n*[[1963]] - Ο [[Τζον Φιτζέραλντ Κένεντι]] υπογράφει νόμο με στόχο την κατάργηση των μισθολογικών διαφορών μεταξύ των φύλων.\n*[[1967]] - Λήγει ο [[Πόλεμος των Έξι Ημερών]]: το [[Ισραήλ]] και η [[Συρία]] συμφωνούν σε κατάπαυση του πυρός.\n*[[1999]] - [[Πόλεμος του Κοσόβου]]: Το [[ΝΑΤΟ]] αναστέλει τις αεροπορικές επιδρομές του καθώς ο [[Σλόμπονταν Μιλόσεβιτς]] συμφωνεί να αποσύρει τις [[Σερβία|σερβικές]] δυνάμεις από το [[Κοσσυφοπέδιο]].  \n*[[2016]] - Η πρώην διαγωνιζόμενη στο ''Voice'' [[Κριστίνα Γκρίμι]] πυροβολείται θανάσιμα στο [[Ορλάντο]] μετά από μία συναυλία. Υπέκυψε στα τραύματά της σε ηλικία 22 ετών.\n\n==Γεννήσεις==\n*[[1047]] - [[Αγία Μαργαρίτα της Σκωτίας]]\n*[[1513]] - [[Λουδοβίκος του Μονπανσιέ|Λουδοβίκος]], δούκας του Μονπανσιέ\n*[[1799]] - [[Φιοντόρ Μπρούνι]], Ιταλός ζωγράφος\n*[[1819]] - [[Γκυστάβ Κουρμπέ]], Γάλλος ζωγράφος\n*[[1832]] - [[Νίκολαους Όττο]], Γερμανός εφευρέτης και μηχανικός\n*[[1835]] - [[Φερδινάνδος Δ΄ της Τοσκάνης|Φερδινάνδος Δ΄]] μεγάλος δούκας της Τοσκάνης\n*[[1895]] - [[Τζεμάλ Γκιουρσέλ]], Τούρκος στρατιωτικός και πολιτικός\n*[[1895]] - [[Χάτι ΜακΝτάνιελ]], Αμερικανίδα ηθοποιός\n*[[1910]] - [[Howlin' Wolf]], Αμερικανός μουσικός\n*[[1911]] - [[Τέρενς Ράττιγκαν]], Άγγλος θεατρικός συγγραφέας\n*[[1914]] - [[Οκτάυ Ριφάτ]], Τούρκος συγγραφέας\n*[[1915]] - [[Σολ Μπέλοου]], Καναδός συγγραφέας\n*[[1916]] - [[Περιντέ Τζελάλ]], Τουρκάλα συγγραφέας\n*[[1921]] - [[Φίλιππος, Δούκας του Εδιμβούργου]]\n*[[1922]] - [[Τζούντι Γκάρλαντ]], Αμερικανίδα ηθοποιός\n*[[1923]] - [[Ρόμπερτ Μάξγουελ]], Τσεχοσλοβάκος επιχειρηματίας\n*[[1958]] - [[Χρήστος Δημόπουλος]], Έλληνας ποδοσφαιριστής\n*[[1959]] - [[Κάρλο Αντσελότι]], Ιταλός ποδοσφαιριστής και προπονητής\n*[[1971]] - [[Άριελ Κωνσταντινίδη]], Ελληνίδα ηθοποιός \n*[[1976]] - [[Λίνα Σακκά]], Ελληνίδα ηθοποιός\n*[[1979]] - [[Κώστας Λουμπούτης]], Έλληνας ποδοσφαιριστής\n*[[1979]] - [[Ιάκωβος Τσακαλίδης]], Έλληνας καλαθοσφαιριστής\n*[[1982]] - [[Μαγδαληνή της Σουηδίας|Μαγδαληνή]], πριγκίπισσα της Σουηδίας\n*[[1983]] - [[ΜακΣίμ]], Ρωσίδα τραγουδίστρια\n*[[1983]] - [[Λίλι Σομπιέσκι]], Αμερικανίδα ηθοποιός\n*[[1985]] - [[Βασίλης Τοροσίδης]], Έλληνας ποδοσφαιριστής\n*[[1992]] - [[Κέιτ Άπτον]], Αμερικανίδα ηθοποιός και μοντέλο\n*[[1998]] - [[Αδαμάντιος Μαντής]], Έλληνας διεθνής αθλητής του πόλο\n\n==Θάνατοι==\n*[[323 π.Χ.]] - [[Μέγας Αλέξανδρος]], βασιλιάς της Μακεδονίας\n*[[38]] - [[Δρουσίλλα]], Ρωμαία ευγενής\n*[[1190]] - [[Φρειδερίκος Α΄ Βαρβαρόσσα]], αυτοκράτορας της Αγίας Ρωμαϊκής Αυτοκρατορίας\n*[[1424]] - [[Ερνέστος της Αυστρίας|Ερνέστος]], δούκας της Αυστρίας\n*[[1432]] - [[Ιανός της Κύπρου|Ιανός]], βασιλιάς της Κύπρου\n*[[1439]] - [[Πατριάρχης Ιωσήφ Β΄|Ιωσήφ Β΄]], Πατριάρχης Κωνσταντινουπόλεως\n*[[1556]] - [[Μάρτιν Αγκρίκολα]], Γερμανός συνθέτης\n*[[1588]] - [[Βάλεντιν Βάιγκελ]], Γερμανός θεολόγος\n*[[1836]] - [[Αντρέ Μαρί Αμπέρ]], Γάλλος φυσικός\n*[[1916]] - [[Γεώργιος Μιστριώτης]], Έλληνας φιλόλογος\n*[[1918]] - [[Αρρίγκο Μπόιτο]], Ιταλός ποιητής και συνθέτης\n*[[1924]] - [[Τζάκομο Ματτεόττι]], Ιταλός πολιτικός\n*[[1926]] - [[Αντόνι Γκαουντί]], Ισπανός αρχιτέκτονας\n*[[1927]] - [[Νικόλαος Μπατεστάτος]], πολιτικός διοικητής του Αγίου Όρους\n*[[1929]] - [[Μιχαλακός Στεφανίδης]], Έλληνας πολιτικός\n*[[1930]] - [[Σενιγιέ Ινσιράχ Χανιμεφέντι]], Οθωμανή ευγενής\n*[[1943]] - [[Αμπντέλ Αζίζ]], σουλτάνος του Μαρόκου\n*[[1949]] - [[Σίγκριντ Ούντσετ]], Νορβηγή συγγραφέας\n*[[1966]] - [[Βασίλειος Ταβαντζής]], Έλληνας πολιτικός\n*[[1967]] - [[Σπένσερ Τρέισι]], Αμερικανός ηθοποιός\n*[[1973]] - [[Γουίλιαμ Ινγκ]], Αμερικανός δραματουργός\n*[[1973]] - [[Έριχ φον Μάνσταϊν]], Γερμανός στρατιωτικός\n*[[1982]] - [[Ράινερ Βέρνερ Φασμπίντερ]], Γερμανός σκηνοθέτης\n*[[2004]] - [[Ξενοφών Ζολώτας]], Έλληνας οικονομολόγος και πολιτικός\n*[[2004]] - [[Ρέι Τσαρλς]], Αμερικανός τραγουδιστής και μουσικός\n*[[2008]] - [[Τζινγκίζ Αϊτμάτωφ]], Σοβιετικός συγγραφέας\n*[[2009]] - [[Στέλιος Σκευοφύλακας]], Έλληνας ποδοσφαιριστής\n*[[2010]] - [[Γιάννης Σπανουδάκης]], Έλληνας καλαθοσφαιριστής και προπονητής\n*[[2011]] - [[Αθανάσιος Αντ. Δερβέναγας]], Έλληνας πολιτικός\n*[[2015]] - [[Ρόμπερτ Τσάρτοφ]], Αμερικανός κινηματογραφικός παραγωγός\n*[[2016]] - [[Κριστίνα Γκρίμι]], Αμερικανίδα τραγουδίστρια\n*[[2016]] - [[Γιάννης Μιχαλόπουλος]], Έλληνας ηθοποιός\n*[[2018]] - [[Παύλος Γιαννακόπουλος]], Έλληνας επιχειρηματίας\n*[[2018]] - [[Κώστας Σιγανίδης]], Έλληνας πολιτικός\n*[[2020]] - [[Έπι Γουάιτζις]], Καναδός οδηγός αγώνων\n*[[2023]] - [[Γιάννης Μαρκόπουλος]], Έλληνας μουσικοσυνθέτης\n\n==Αργίες και εορτές==\n\n===[[Ορθόδοξη Εκκλησία]]===\n{{Πύλη:Ορθοδοξία/Εορτολόγιο/10 Ιουνίου}}\n\n{{Μήνες}}\n\n[[Κατηγορία:Ημέρες του έτους]]"}}}]}]}}