{"batchcomplete":true,"query":{"normalized":[{"fromencoded":false,"from":"10_Απριλίου","to":"10 Απριλίου"}],"pages":[{"pageid":6312,"ns":0,"title":"10 Απριλίου","revisions":[{"slots":{"main":{"contentmodel":"wikitext","contentformat":"text/x-wiki","content":"{{Μήνες Απριλίου}}\n\n<center>[[9 Απριλίου]] | '''10 Απριλίου''' | [[11 Απριλίου]] </center>\n\n----\nΗ '''10η Απριλίου''' είναι η 100η ημέρα του έτους κατά το [[Γρηγοριανό ημερολόγιο]].  Υπολείπονται 265 ημέρες.\n{{ΗμερολόγιοΣεΠίνακα|4}}\n\n== Γεγονότα ==\n*[[428]] - Ο [[Νεστόριος]] γίνεται [[Οικουμενικός Πατριάρχης Κωνσταντινουπόλεως|Πατριάρχης Κωνσταντινουπόλεως]].\n*[[1500]] - Ο [[Λουδοβίκος Σφόρτσα]] συλλαμβάνεται από [[Ελβετία|ελβετικά]] στρατεύματα στη [[Νοβάρα]] και παραδίδεται στους [[Γαλλία|Γάλλους]].\n*[[1710]] - Τίθεται σε ισχύ στη [[Βασίλειο της Μεγάλης Βρετανίας|Μεγάλη Βρετανία]] ο πρώτος νόμος που ρυθμίζει τα δικαιώματα [[Πνευματική ιδιοκτησία|πνευματικής ιδιοκτησίας]].\n*[[1741]] - [[Πόλεμος της Αυστριακής Διαδοχής]]: Η [[Αυστρία]] ηττάται στη [[μάχη του Μόλβιτς]].\n*[[1809]] - [[Ναπολεόντειοι Πόλεμοι]]: Οι δυνάμεις της [[Αυστριακή Αυτοκρατορία|Αυστριακής Αυτοκρατορίας]] εισβάλλουν στη [[Βαυαρία]].\n*[[1815]] - Στο ηφαίστειο του [[Ταμπόρα (όρος)|όρους Ταμπόρα]] ξεκινά έκρηξη που διαρκεί μέχρι τις [[15 Ιουλίου]]. Η έκρηξη σκοτώνει τελικά 71.000 ανθρώπους και [[Έτος χωρίς καλοκαίρι|επηρεάζει το κλίμα της Γης]] για τα επόμενα δύο χρόνια.  \n*[[1821]] - Ο [[Πατριάρχης Γρηγόριος Ε΄]] απαγχονίζεται από την [[Οθωμανική Αυτοκρατορία|οθωμανική κυβέρνηση]] στην κεντρική πύλη του [[Πατριαρχείο]]υ και το σώμα του ρίχνεται στο [[Βόσπορος|Βόσπορο]].\n*[[1821]] - [[Ελληνική Επανάσταση του 1821]]: Τα [[Ψαρά]] υψώνουν τη σημαία της επανάστασης.\n*[[1826]] - [[Έξοδος του Μεσολογγίου]]: Οι 10.500 κάτοικοι του [[Μεσολόγγι|Μεσολογγίου]] αρχίζουν να εγκαταλείπουν την πόλη μετά από πολιορκία ενός έτους από τις [[Οθωμανική Αυτοκρατορία|οθωμανικές]] δυνάμεις. Πολύ λίγοι από αυτούς επιβιώνουν.\n*[[1858]] - Καθώς η αρχική καμπάνα [[Μπιγκ Μπεν]] για τα [[Ανάκτορα του Ουεστμίνστερ]], βάρους 14,5 τόνων, ράγισε κατά τη διάρκεια δοκιμής, δημιουργείται η σημερινή καμπάνα βάρους 13,76 τόνων.\n*[[1864]] - Ο αρχιδούκας [[Μαξιμιλιανός Α΄ του Μεξικού|Μαξιμιλιανός των Αψβούργων]] ανακηρύσσεται αυτοκράτορας του [[Μεξικό|Μεξικού]] κατά τη διάρκεια της [[Γαλλία|γαλλικής]] [[Γαλλική επέμβαση στο Μεξικό|επέμβασης]] στο Μεξικό.\n*[[1865]] - [[Αμερικανικός Εμφύλιος Πόλεμος]]: Μία ημέρα μετά την παράδοσή του στις δυνάμεις της [[Ένωση (Αμερικανικός Εμφύλιος Πόλεμος)|Ένωσης]], ο στρατηγός των [[Συνομόσπονδες Πολιτείες της Αμερικής|Συνομόσπονδων Πολιτειών της Αμερικής]], [[Ρόμπερτ Λη]], απευθύνεται στους στρατιώτες του για τελευταία φορά.    \n*[[1887]] - Την [[Πάσχα|Κυριακή του Πάσχα]] ο [[Πάπας Λέων ΙΓ΄]] εγκρίνει την ίδρυση του [[Καθολικό Πανεπιστήμιο της Αμερικής|Καθολικού Πανεπιστημίου της Αμερικής]].\n*[[1896]] - Ο [[Σπύρος Λούης]] τερματίζει πρώτος στον [[Στίβος στους Θερινούς Ολυμπιακούς Αγώνες 1896 – Μαραθώνιος ανδρών|μαραθώνιο]] στους [[Θερινοί Ολυμπιακοί Αγώνες 1896|Ολυμπιακούς Αγώνες]].\n*[[1904]] - Ο [[Μεγάλη Βρετανία|Βρετανός]] μυστικιστής [[Άλιστερ Κρόουλι]] μεταγράφει το τρίτο και τελευταίο κεφάλαιο του ''[[Βιβλίο του Νόμου|Βιβλίου του Νόμου]]''.\n*[[1912]] - Ο ''[[Τιτανικός]]'' σαλπάρει από το [[Σαουθάμπτον]] της [[Αγγλία]]ς για το παρθενικό και μοναδικό του ταξίδι.\n*[[1919]] - Ο ηγέτης της Μεξικανικής Επανάστασης [[Εμιλιάνο Ζαπάτα]] πέφτει σε ενέδρα και δολοφονείται από τις [[Κυβέρνηση|κυβερνητικές]] δυνάμεις στη [[Μορέλος]].\n*[[1925]] - ''[[Ο υπέροχος Γκάτσμπυ]]'' του [[Φράνσις Σκοτ Φιτζέραλντ]] εκδίδεται για πρώτη φορά στη [[Νέα Υόρκη]].\n*[[1941]] - [[Β΄ Παγκόσμιος Πόλεμος]]: Οι δυνάμεις του [[Άξονας Βερολίνου - Ρώμης|Άξονα]] δημιουργούν το [[Ανεξάρτητο Κράτος της Κροατίας]].  \n*[[1944]] - Ο [[Αλέξανδρος Σβώλος]] αναλαμβάνει την [[Κυβέρνηση του βουνού Αλέξανδρου Σβώλου 1944|κυβέρνηση του βουνού]].\n*[[1963]] - Το [[Ηνωμένες Πολιτείες Αμερικής|αμερικανικό]] [[υποβρύχιο]] ''Θρέσερ'' βυθίζεται αύτανδρο στη θάλασσα, με απολογισμό 129 νεκρούς. \n*[[1970]] - Ο [[Πωλ ΜακΚάρτνεϋ]] ανακοινώνει ότι αποχωρεί από τους [[The Beatles|Beatles]] για προσωπικούς και επαγγελματικούς λόγους.\n*[[1991]] - Ένας σπάνιος [[τροπικός κυκλώνας]] αναπτύσσεται στο νότιο [[Ατλαντικός Ωκεανός|Ατλαντικό Ωκεανό]] κοντά στην [[Ανγκόλα]], ο πρώτος που καταγράφεται από [[Μετεωρολογικός δορυφόρος|μετεωρολογικούς δορυφόρους]]. \n*[[2009]] - Ο πρόεδρος των [[Φίτζι]] [[Τζοζέφα Ιλόιλο]] ανακοινώνει την κατάργηση του συντάγματος και την ανάληψη της διακυβέρνησης της χώρας, προκαλώντας συνταγματική κρίση.\n\n== Γεννήσεις ==\n*[[401]] - [[Θεοδόσιος Β´]], Βυζαντινός αυτοκράτορας\n*[[1018]] - [[Νιζάμ αλ-Μουλκ]], Πέρσης λόγιος και βεζίρης\n*[[1267]] - [[Ιάκωβος Β΄ της Αραγωνίας|Ιάκωβος Β΄]], βασιλιάς της Αραγωνίας\n*[[1270]] - [[Χάακον Ε΄ της Νορβηγίας|Χάακον Ε΄]], βασιλιάς της Νορβηγίας\n*[[1480]] - [[Φιλιβέρτος Β΄ της Σαβοΐας|Φιλιβέρτος Β΄]], δούκας της Σαβοΐας\n*[[1512]] - [[Ιάκωβος Ε' της Σκωτίας|Ιάκωβος Ε΄]], βασιλιάς της Σκωτίας\n*[[1583]] - [[Ούγκο Γκρότιους]], Ολλανδός φιλόσοφος και συγγραφέας\n*[[1755]] - [[Σάμουελ Χάνεμαν]], Γερμανός ιατρός\n*[[1769]] - [[Ζαν Λαν]], Γάλλος στρατάρχης\n*[[1827]] - [[Λιου Ουάλλας]], Αμερικανός στρατιωτικός και πολιτικός\n*[[1829]] - [[Γουίλιαμ Μπουθ]], Άγγλος ιερέας, ιδρυτής του [[Στρατός της Σωτηρίας|Στρατού της Σωτηρίας]]\n*[[1847]] - [[Τζόζεφ Πούλιτζερ]], Αμερικανός δημοσιογράφος και εκδότης\n*[[1868]] - [[Τζορτζ Άρλις]], Άγγλος ηθοποιός\n*[[1887]] - [[Μπερνάρδο Ουσάυ]], Αργεντινός φυσιολόγος\n*[[1903]] - [[Πάτροκλος Καραντινός]], Έλληνας αρχιτέκτονας\n*[[1917]] - [[Ρόμπερτ Μπερνς Γούντγουορντ]], Αμερικανός χημικός\n*[[1928]] - [[Αριστείδης Καλαντζάκος]], Έλληνας πολιτικός\n*[[1932]] - [[Ομάρ Σαρίφ]], Αιγύπτιος ηθοποιός\n*[[1935]] - [[Χρήστος Γιανναράς]], Έλληνας συγγραφέας\n*[[1941]] - [[Πασκοάλ Μοκουμπί]], πρωθυπουργός της Μοζαμβίκης\n*[[1941]] - [[Αρχιεπίσκοπος Κύπρου Χρυσόστομος Β΄]]\n*[[1943]] - [[Μαρία Ιωαννίδου (ηθοποιός)|Μαρία Ιωαννίδου]], Ελληνίδα ηθοποιός\n*[[1953]] - [[Χάινερ Λάουτερμπαχ]], Γερμανός ηθοποιός\n*[[1963]] - [[Ντόρις Λόιτχαρτ]], Ελβετίδα πολιτικός\n*[[1963]] - [[Δημήτρης Σταρόβας]], Έλληνας μουσικός και ηθοποιός\n*[[1973]] - [[Ρομπέρτο Κάρλος]], Βραζιλιάνος ποδοσφαιριστής\n*[[1974]] - [[Πέτρος Πασσαλής]], Έλληνας ποδοσφαιριστής\n*[[1979]] - [[Ρέιτσελ Κόρι]], Αμερικανίδα ακτιβίστρια\n*[[1979]] - [[Παύλος Φύσσας]], Έλληνας ράπερ\n*[[1981]] - [[Ανίς Μπουσαϊντί]], Τυνήσιος ποδοσφαιριστής\n*[[1982]] - [[Ναντιέζντα Γκρανόφσκαγια]], Ουκρανή τραγουδίστρια\n*[[1987]] - [[Σέι Μίτσελ]], Καναδή ηθοποιός\n*[[1992]] - [[Ντέιζι Ρίντλεϊ]], Αγγλίδα ηθοποιός\n*[[1996]] - [[Θανάσης Κοκκινάκης]], Αυστραλός αντισφαιριστής\n*2004 - Γιώργος Λάζος,Γννωστος και ως (g,sozal)\n*[[2007]] - [[Αριάδνη της Ολλανδίας|Αριάδνη]], πριγκίπισσα της Ολλανδίας\n\n== Θάνατοι ==\n*[[879]] - [[Λουδοβίκος ο Τραυλός]], βασιλιάς της Δυτικής Φραγκίας\n*[[947]] - [[Ούγος της Προβηγκίας]], βασιλιάς της Ιταλίας\n*[[1183]] - [[Πέτρος Α΄ του Κουρτεναί]], άρχοντας του Κουρτεναί\n*[[1216]] - [[Ερρίκος Ι΄ της Σουηδίας|Έρικ Ι΄]], βασιλιάς της Σουηδίας\n*[[1380]] - [[Μανουήλ Καντακουζηνός]], δεσπότης του Μυστρά\n*[[1533]] - [[Φρειδερίκος Α΄ της Δανίας|Φρειδερίκος Α΄]], βασιλιάς της Δανίας\n*[[1585]] - [[Πάπας Γρηγόριος ΙΓ΄]]\n*[[1813]] - [[Ζοζέφ Λουί Λαγκράνζ]], Ιταλός μαθηματικός\n*[[1821]] - [[Αθανάσιος Νικομηδείας|Αθανάσιος]], μητροπολίτης Νικομηδείας\n*[[1821]] - [[Πατριάρχης Γρηγόριος Ε΄|Γρηγόριος Ε΄]], Πατριάρχης Κωνσταντινουπόλεως\n*[[1821]] - [[Διονύσιος Καλλιάρχης]], Έλληνας μητροπολίτης\n*[[1821]] - [[Ευγένιος Καραβίας]], Έλληνας μητροπολίτης\n*[[1872]] - [[Ρήγας Παλαμήδης]], Έλληνας λόγιος, αγωνιστής και πολιτικός\n*[[1906]] - [[Γκεόργκι Γκαπόν]], Ρώσος ιερέας\n*[[1909]] - [[Άλτζερνον Τσαρλς Σουίνμπερν]], Άγγλος ποιητής\n*[[1919]] - [[Εμιλιάνο Ζαπάτα]], Μεξικανός επαναστάτης\n*[[1931]] - [[Χαλίλ Γκιμπράν]], Λιβανέζος συγγραφέας και ζωγράφος\n*[[1954]] - [[Ωγκύστ και Λουί Λυμιέρ|Ογκίστ Λιμιέρ]], Γάλλος κινηματογραφιστής\n*[[1962]] - [[Μάικλ Κερτίζ]], Ούγγρος σκηνοθέτης\n*[[1962]] - [[Στυλιανός Μανταφούνης]], Έλληνας βιομήχανος και τραπεζίτης\n*[[1965]] - [[Επαμεινώνδας Καββαδίας]], Έλληνας αξιωματικός του Ναυτικού\n*[[1975]] - [[Γουόκερ Έβανς]], Αμερικανός φωτογράφος\n*[[1979]] - [[Νίνο Ρότα]], Ιταλός συνθέτης\n*[[1985]] - [[Ζήσης Βέρρος]], Έλληνας Μακεδονομάχος \n*[[1988]] - [[Εζεκίας Παπαϊωάννου]], Κύπριος πολιτικός\n*[[1998]] - [[Αρχιεπίσκοπος Σεραφείμ|Σεραφείμ]], αρχιεπίσκοπος Αθηνών και πάσης Ελλάδος\n*[[2000]] - [[Ραμπάχ Μπιτάτ]], Αλγερινός πολιτικός\n*[[2005]] - [[Αρχιεπίσκοπος Αμερικής Ιάκωβος]]\n*[[2006]] - [[Κλείτος Κύρου]], Έλληνας λογοτέχνης\n*[[2009]] - [[Γιάννης Πατάκης]], Έλληνας αγροτοσυνδικαλιστής\n*[[2010]] - [[Λεχ Κατσίνσκι]], Πολωνός πολιτικός\n*[[2014]] - [[Ντομινίκ Μποντί]], Γάλλος δημοσιογράφος και πολιτικός\n*[[2015]] - [[Ροζ Φρανσίν Ρογκομπέ]], πρόεδρος της Γκαμπόν\n*[[2023]] - [[Χρήστος Μπίρος]] Έλληνας ηθοποιός\n\n== Αργίες και εορτές ==\n\n=== [[Ορθόδοξη Εκκλησία]] ===\n{{Πύλη:Ορθοδοξία/Εορτολόγιο/10 Απριλίου}}\n\n{{Μήνες}}\n\n[[Κατηγορία:Ημέρες του έτους]]"}}}]}]}}