{"batchcomplete":true,"query":{"normalized":[{"fromencoded":false,"from":"10_Νοεμβρίου","to":"10 Νοεμβρίου"}],"pages":[{"pageid":3562,"ns":0,"title":"10 Νοεμβρίου","revisions":[{"slots":{"main":{"contentmodel":"wikitext","contentformat":"text/x-wiki","content":"{{Μήνες Νοεμβρίου}}\n\n<center>[[9 Νοεμβρίου]] | '''10 Νοεμβρίου''' | [[11 Νοεμβρίου]]</center>\n\n----\nΗ '''10η Νοεμβρίου''' είναι η 314η ημέρα του έτους κατά το [[Γρηγοριανό ημερολόγιο]] (315η σε δίσεκτα έτη). Υπολείπονται 51 ημέρες.\n\n{|width=100%\n| __TOC__\n| {{ΗμερολόγιοΣεΠίνακα|11}}\n|}\n\n== Γεγονότα ==\n*[[1202]] – [[Δ΄ Σταυροφορία]]: Παρά την απαγόρευση από τον [[Πάπας Ιννοκέντιος Γ΄|Πάπα Ιννοκέντιο Γ΄]], που απειλεί με [[Θρησκευτικές ποινές|αφορισμούς]], οι καθολικοί σταυροφόροι αρχίζουν την πολιορκία της καθολικής πόλης Ζάρα (σημερινή [[Ζαντάρ]] στην [[Κροατία]]).\n*[[1444]] – [[Μάχη της Βάρνας]]: Οι δυνάμεις των σταυροφόρων του βασιλιά [[Βλάντισλαβ Γ΄ της Βάρνας]] (γνωστός και ως ''Ουλάζλο Α΄ της Ουγγαρίας'' και ''Βλάντισλαβ Γ΄ της Πολωνίας'') συνθλίβονται από τους [[Οθωμανική Αυτοκρατορία|Τούρκους]] του [[Σουλτάνος|σουλτάνου]] [[Μουράτ Β΄]]. Ο Βλάντισλαβ σκοτώνεται στη μάχη.\n*[[1674]] - [[Αγγλο-Ολλανδικός Πόλεμος]]: Όπως προβλεπόταν από τη Συνθήκη του Ουέστμινστερ, η [[Ολλανδία]] παραχωρεί τη Νέα Ολλανδία στην [[Αγγλία]]. \n*[[1775]] - Ιδρύεται στη [[Φιλαδέλφεια (Πενσυλβάνια)]] το [[Σώμα Πεζοναυτών των ΗΠΑ]].\n*[[1836]] - Ο βασιλιάς [[Όθων της Ελλάδας]] παντρεύεται την [[Αμαλία της Ελλάδας|Αμαλία]].\n*[[1871]] - Ο [[Χένρι Μόρτον Στάνλεϊ]] εντοπίζει τον αγνοούμενο εξερευνητή και ιεραπόστολο [[Ντέιβιντ Λίβινγκστον]] κοντά στη [[Τανγκανίκα (λίμνη)|λίμνη Τανγκανίκα]], χαιρετώντας τον με την περίφημη φράση \"Ο Δρ. Λίβινγκστον, υποθέτω;\".\n*[[1924]] - Ταραχές και συγκρούσεις ξεσπούν στην [[Καβάλα]], μεταξύ καπνεργατών από τη μία πλευρά και [[Ελληνική Χωροφυλακή|Χωροφυλακής]] από την άλλη. Στη διάρκεια των επεισοδίων σκοτώνονται μία εργάτρια κι ένας αξιωματικός της χωροφυλακής.\n*[[1938]] - [[Νύχτα των Κρυστάλλων]]: Ο στόχος ήταν οι [[Εβραίος|Εβραίοι]] πολίτες όλης της χώρας και αποτέλεσε την απαρχή του [[Ολοκαύτωμα|Ολοκαυτώματος]].\n*[[1940]] – [[Σεισμός]] πλήττει την [[Βράντσεα (νομός)|περιοχή Βράντσεα]] της [[Ρουμανία]]ς, σκοτώνοντας περίπου 1.000 άτομα και τραυματίζοντας πάνω από 4.000.\n*[[1942]] - [[Β΄ Παγκόσμιος Πόλεμος]]: Η [[Ναζιστική Γερμανία]] εισβάλλει στη [[Γαλλία του Βισύ]] μετά τη συμφωνία του [[Γαλλία|Γάλλου]] ναυάρχου [[Φρανσουά Ζαν Νταρλάν]] για ανακωχή με τις [[Συμμαχικές δυνάμεις (Β' Παγκόσμιος Πόλεμος)|συμμαχικές δυνάμεις]] στη [[Βόρεια Αφρική]].\n*[[1945]] - Σκληρές μάχες διεξάγονται στη [[Σουραμπάγια]] μεταξύ των [[Ινδονησία|Ινδονήσιων]] εθνικιστών και των αποικιοκρατών που επέστρεψαν μετά το [[Β΄ Παγκόσμιος Πόλεμος|Β΄ Παγκόσμιο Πόλεμο]]. Σήμερα εορτάζεται ως Ημέρα των Ηρώων.\n*[[1970]] - Ο [[Δήμος Αθηναίων]] προωθεί δημοπρασία για την κατασκευή υπόγειου πάρκινγκ αυτοκινήτων στην [[πλατεία Κλαυθμώνος]].\n*[[1972]] - Πραγματοποιείται [[αεροπειρατεία]] στην πτήση 49 της Southern Airways από το [[Μπέρμιγχαμ (Αλαμπάμα)]] και, σε κάποιο σημείο, απειλείται με συντριβή σε πυρηνικές εγκαταστάσεις. Μετά από δύο ημέρες, το αεροπλάνο προσγειώνεται στην [[Αβάνα]], στην [[Κούβα]], όπου οι αεροπειρατές φυλακίζονται από τον [[Φιντέλ Κάστρο]].  \n*[[1975]] - Το φορτηγό πλοίο SS ''Edmund Fitzgerald'' βυθίζεται κατά τη διάρκεια καταιγίδας στη [[λίμνη Σουπίριορ]], σκοτώνοντας και τα 29 επιβαίνοντα μέλη του πληρώματος. \n*[[1979]] - Εμπορική αμαξοστοιχία με 106 βαγόνια που μετέφεραν εκρηκτικές και δηλητηριώδεις χημικές ουσίες εκτροχιάζεται στο [[Οντάριο]], δυτικά του [[Τορόντο]], προκαλώντας τεράστια έκρηξη και τη μεγαλύτερη εκκένωση εν καιρώ ειρήνης στην ιστορία του [[Καναδάς|Καναδά]] και μία από τις μεγαλύτερες στην ιστορία της [[Βόρεια Αμερική|Βορείου Αμερικής]]. \n*[[1983]] - Ο [[Μπιλ Γκέιτς]] παρουσιάζει τα [[Windows 1.0]].  \n*[[1989]] – Ο επί πολλών ετών [[Λαϊκή Δημοκρατία της Βουλγαρίας|Βούλγαρος]] ηγέτης [[Τόντορ Ζίβκοβ]] απομακρύνεται από το αξίωμά του και αντικαθίσταται από τον Πέταρ Μλαντένοβ.\n\n== Γεννήσεις ==\n*[[1278]] - [[Φίλιππος Α΄ του Τάραντα|Φίλιππος Α΄]], πρίγκιπας του Τάραντα\n*[[1433]] – [[Κάρολος της Βουργουνδίας|Κάρολος]], δούκας της Βουργουνδίας\n*[[1443]] - [[Αδόλφος Γ΄ του Νασσάου-Βήσμπαντεν]], Γερμανός ευγενής\n*[[1483]] – [[Μαρτίνος Λούθηρος]], Γερμανός μοναχός και θρησκευτικός μεταρρυθμιστής\n*[[1489]] - [[Ερρίκος Ε΄ του Βολφενμπύτελ|Ερρίκος Ε΄]], πρίγκιπας του Βολφενμπύτελ\n*[[1620]] - [[Τέοντοορ Μπουάιερμανς]], Φλαμανδός ζωγράφος\n*[[1668]] - [[Φρανσουά Κουπρέν]], Γάλλος συνθέτης\n*[[1695]] - [[Λουδοβίκος Αρμάνδος Β΄ του Κοντί|Λουδοβίκος Αρμάνδος Β΄]], πρίγκιπας του Κοντί\n*[[1697]] - [[Ουίλλιαμ Χόγκαρθ]], Άγγλος ζωγράφος, εικονογράφος και κριτικός \n*[[1759]] - [[Φρίντριχ Σίλερ]], Γερμανός συγγραφέας και ιστορικός\n*[[1889]] - [[Κλοντ Ρέινς]], Άγγλος ηθοποιός\n*[[1909]] - [[Καίσαρ Αλεξόπουλος]], Έλληνας φυσικός\n*[[1911]] - [[Μητροπολίτης Ειρηναίος Γαλανάκης|Ειρηναίος Γαλανάκης]], Έλληνας μητροπολίτης\n*[[1919]] - [[Μιχαήλ Καλάσνικοφ]], Ρώσος στρατιωτικός και σχεδιαστής όπλων\n*[[1919]] - [[Σπύρος Πισσάνος]], Έλληνας αεροπόρος\n*[[1923]] - [[Χάτσικο]], Γιαπωνέζικος σκύλος\n*[[1925]] - [[Ρίτσαρντ Μπάρτον]], Ουαλός ηθοποιός\n*[[1928]] - [[Ένιο Μορικόνε]], Ιταλός συνθέτης\n*[[1934]] - [[Γιώργος Τσακανίκας]], Έλληνας σφαιροβόλος\n*[[1937]] - [[Κάρλο Λιεβόρε]], Ιταλός ακοντιστής\n*[[1942]] - [[Χανς-Ρούντολφ Μερτς]], Ελβετός πολιτικός\n*[[1947]] - [[Μπασίρ Τζεμαγιέλ]], Λιβανέζος πολιτικός\n*[[1950]] - [[Μπομπ Όρτον]], Αμερικανός παλαιστής\n*[[1951]] - [[Ντανίλο Μεδίνα]], πολιτικός από τη Δομινικανή Δημοκρατία\n*[[1965]] - [[Έντι Ιρβάιν]], Βρετανός οδηγός αγώνων\n*[[1969]] - [[Γενς Λέμαν]], Γερμανός ποδοσφαιριστής\n*[[1969]] - [[Έλεν Πομπέο]], Αμερικανίδα ηθοποιός\n*[[1971]] - [[Μάριο Άμπντο Μπενίτες]], Παραγουανός πολιτικός\n*[[1981]] - [[Ράιμπακ]], Αμερικανός παλαιστής\n*[[1985]] - [[Αλεξάνταρ Κολάροφ]], Σέρβος ποδοσφαιριστής\n*[[1986]] - [[Ηλίας Ηλιάδης (αθλητής)|Ηλίας Ηλιάδης]], Έλληνας αθλητής του τζούντο\n*[[1986]] - [[Τζος Πεκ]], Αμερικανός ηθοποιός\n*[[1989]] - [[Μπρέντον Χάρτλεϊ]], Νεοζηλανδός οδηγός αγώνων\n\n== Θάνατοι ==\n*[[461]] – [[Πάπας Λέων Α΄]]\n*[[1241]] – [[Πάπας Κελεστίνος Δ΄]]\n*[[1444]] - [[Βλάντισλαβ Γ΄ της Βάρνας]], βασιλιάς της Πολωνίας\n*[[1495]] - [[Δωροθέα του Βρανδεμβούργου]], βασίλισσα της Δανίας\n*[[1520]] - [[Λουδοβίκος του Λα Ρος-συρ-Ιόν|Λουδοβίκος]], πρίγκιπας του Λα Ρος-συρ-Υόν\n*[[1549]] - [[Πάπας Παύλος Γ΄]]\n*[[1619]] - [[Σαφιγιέ Σουλτάνα|Σαφιγιέ]], Οθωμανή σουλτάνα\n*[[1848]] - [[Ιμπραήμ Πασάς]], βαλής της Αιγύπτου\n*[[1891]] - [[Αρθούρος Ρεμπώ]], Γάλλος ποιητής\n*[[1931]] - [[Κώστας Παρορίτης]], Έλληνας συγγραφέας\n*[[1938]] - [[Μουσταφά Κεμάλ Ατατούρκ]], Τούρκος στρατιωτικός και πολιτικός\n*[[1938]] - [[Γεώργιος Στρατήγης]], Έλληνας συγγραφέας\n*[[1946]] - [[Λουδοβίκος Σούτερ]], Ελβετός γυμναστής\n*[[1982]] - [[Λεονίντ Μπρέζνιεφ]], Σοβιετικός πολιτικός\n*[[1992]] - [[Δανήλος Συντιχάκης]], Έλληνας πολιτικός\n*[[1995]] - [[Κεν Σάρο-Ουίουα]], Νιγηριανός συγγραφέας και ακτιβιστής\n*[[2000]] - [[Αδαμάντιος Ανδρουτσόπουλος]], Έλληνας δικηγόρος και πολιτικός\n*[[2006]] - [[Τζακ Πάλανς]], Αμερικανός ηθοποιός\n*[[2007]] - [[Νόρμαν Μέιλερ]], Αμερικανός συγγραφέας\n*[[2009]] - [[Νότης Περγιάλης]], Έλληνας συγγραφέας\n*[[2010]] - [[Νίκος Λαμπαδάρης]], Έλληνας πολιτικός\n*[[2010]] - [[Ντίνο ντε Λαουρέντις]], Ιταλός κινηματογραφικός παραγωγός\n*[[2015]] - [[Χέλμουτ Σμιτ]], Γερμανός πολιτικός\n\n== Αργίες και εορτές ==\n\n*Παγκόσμια Ημέρα Επιστήμης για την Ειρήνη και την Ανάπτυξη\n\n=== [[Ορθόδοξη Εκκλησία]] ===\n{{Πύλη:Ορθοδοξία/Εορτολόγιο/10 Νοεμβρίου}}\n\n{{Μήνες}}\n\n[[Κατηγορία:Ημέρες του έτους]]"}}}]}]}}