{"batchcomplete":true,"query":{"normalized":[{"fromencoded":false,"from":"10_Οκτωβρίου","to":"10 Οκτωβρίου"}],"pages":[{"pageid":3355,"ns":0,"title":"10 Οκτωβρίου","revisions":[{"slots":{"main":{"contentmodel":"wikitext","contentformat":"text/x-wiki","content":"{{Μήνες Οκτωβρίου}}\n\n<center>[[9 Οκτωβρίου]] | '''10 Οκτωβρίου''' | [[11 Οκτωβρίου]]</center>\n\n----\n{{ΗμερολόγιοΣεΠίνακα|10}}\nΗ '''10η Οκτωβρίου''' είναι η 283η ημέρα του έτους κατά το [[Γρηγοριανό ημερολόγιο]] (284η σε δίσεκτα έτη). Υπολείπονται 82 ημέρες.\n\n== Γεγονότα ==\n*[[680]] - Μάχη της [[Καρμπάλα]]: Ο [[Χουσεΐν ιμπν Αλί]], εγγονός του προφήτη του Ισλάμ [[Μωάμεθ]], αποκεφαλίζεται από δυνάμεις του [[Χαλιφάτο|χαλίφη]] [[Γιαζίντ Α΄]]. Το γεγονός μνημονεύεται από τους Μουσουλμάνους ως Ασούρα. \n*[[1471]] - Μάχη του Μπρούνκεμπεργκ στη [[Στοκχόλμη]]: ο αντιβασιλέας της [[Σουηδία|Σουηδίας]], Στεν Στούρε ο Πρεσβύτερος, με τη βοήθεια αγροτών και μεταλλωρύχων, αποκρούει την επίθεση του βασιλιά [[Χριστιανός Α΄ της Δανίας|Χριστιανού Α΄ της Δανίας]].\n*[[1575]] - Οι [[Καθολική Εκκλησία|Ρωμαιοκαθολικές]] δυνάμεις υπό τον [[Ερρίκος Α΄ του Γκιζ|Ερρίκο Α΄ του Γκιζ]] νικούν τους [[Προτεσταντισμός|Προτεστάντες]] στη μάχη του Ντορμάν.\n*[[1582]] - Λόγω της εφαρμογής του [[Γρηγοριανό ημερολόγιο|Γρηγοριανού ημερολογίου]], αυτή η ημέρα δεν υπάρχει στην [[Ιταλία]], την [[Πολωνία]], την [[Πορτογαλία]] και την [[Ισπανία]].\n*[[1631]] - Οι [[Σάξονες]] καταλαμβάνουν την [[Πράγα]].\n*[[1780]] - [[Τροπικός κυκλώνας]] στην [[Καραϊβική]] σκοτώνει πάνω από 22.000 άτομα.\n*[[1845]] - Ανοίγει στην [[Αννάπολις]] του [[Μέριλαντ]], η Ναυτική Σχολή των [[Ηνωμένες Πολιτείες Αμερικής|Η.Π.Α.]] (μετέπειτα Ναυτική Ακαδημία των Η.Π.Α.), με 50 σπουδαστές και 7 καθηγητές.\n*[[1846]] - Ο [[Αγγλία|Άγγλος]] αστρονόμος [[Ουίλιαμ Λάσελ]] ανακαλύπτει τον [[Τρίτωνας (δορυφόρος)|Τρίτωνα]], τον μεγαλύτερο δορυφόρο του πλανήτη [[Ποσειδώνας (πλανήτης)|Ποσειδώνα]].\n*[[1868]] - Ο Κάρλος Κεσπέδες ανακηρύσσει την ανεξαρτησία της [[Κούβα|Κούβας]].\n*[[1871]] - Κατασβένεται η μεγάλη φωτιά στο [[Σικάγο]], η οποία ξεκίνησε στις [[8 Οκτωβρίου]] από έναν αχυρώνα.\n*[[1903]] - Η [[Έμελιν Πάνκχερστ]] ιδρύει την Πολιτική και Κοινωνική Ένωση Γυναικών.\n*[[1911]] - Ξεσπά η επανάσταση Ξινχάι, η οποία θα οδηγήσει στην κατάρρευση της [[Δυναστεία Τσινγκ|δυναστείας Τσινγκ]], της τελευταίας αυτοκρατορικής αυλής στην [[Κίνα]], και την ίδρυση της [[Δημοκρατία της Κίνας (1912–49)|Δημοκρατίας της Κίνας]].\n*[[1912]] - [[Α΄ Βαλκανικός Πόλεμος]]: Ο [[Ελλάδα|ελληνικός στρατός]] απελευθερώνει τα [[Σέρβια]].\n*[[1913]] - Ο [[Ηνωμένες Πολιτείες Αμερικής|Αμερικανός]] πρόεδρος [[Γούντροου Ουίλσον]] πυροδοτεί την έκρηξη με την οποία ολοκληρώνεται η [[Διώρυγα του Παναμά]].\n*[[1920]] - Με [[δημοψήφισμα]] αποφασίζεται ότι το μεγαλύτερο μέρος του Δουκάτου της [[Καρινθία]]ς πρέπει να παραμείνει μέρος της [[Αυστρία]]ς.\n*[[1928]] - Ο [[Τσιανγκ Κάι Σεκ]] γίνεται πρόεδρος της [[Δημοκρατία της Κίνας|Δημοκρατίας της Κίνας]].\n*[[1933]] - Boeing 247 της United Airlines εκρήγνυται στον αέρα από δολιοφθορά, στην πρώτη αποδεδειγμένη περίπτωση δολιοφθοράς στην ιστορία της εμπορικής αεροπορίας.\n*[[1935]] - Πραγματοποιείται στην [[Αθήνα]] [[Κίνημα Κονδύλη 10ης Οκτωβρίου 1935|κίνημα]] από τους βασιλόφρονες ηγέτες των [[Ελληνικές Ένοπλες Δυνάμεις|ελληνικών ενόπλων δυνάμεων]]. Ανατρέπεται η κυβέρνηση του [[Παναγής Τσαλδάρης|Παναγή Τσαλδάρη]] και εγκαθιδρύεται αντιβασιλεία υπό τον [[Γεώργιος Κονδύλης|Γεώργιο Κονδύλη]], δίνοντας πρακτικά τέλος στη [[Δεύτερη Ελληνική Δημοκρατία]].\n*[[1945]] - Το [[Κομμουνιστικό Κόμμα Κίνας|Κομμουνιστικό Κόμμα της Κίνας]] και το [[Κουομιντάνγκ]] υπογράφουν στην [[Τσονγκτσίνγκ]] συμφωνία για το μέλλον της μεταπολεμικής [[Λαϊκή Δημοκρατία της Κίνας|Κίνας]]. \n*[[1957]] - Ο [[Ηνωμένες Πολιτείες Αμερικής| Αμερικανός]] πρόεδρος [[Ντουάιτ Αϊζενχάουερ]] απολογείται στον υπουργό Οικονομικών της [[Γκάνα|Γκάνας]], αφού αρνήθηκαν να τον εξυπηρετήσουν σε εστιατόριο του [[Ντόβερ (Ντέλαγουερ)]].\n*[[1964]] - Η τελετή έναρξης των [[Θερινοί Ολυμπιακοί Αγώνες 1964|Ολυμπιακών Αγώνων του 1964]] στο [[Τόκιο]] της [[Ιαπωνία]]ς μεταδίδεται ζωντανά στην πρώτη εκπομπή ολυμπιακών αγώνων που αναμεταδίδεται από [[Γεωσύγχρονη τροχιά|γεωστατικό τηλεπικοινωνιακό δορυφόρο]]. \n*[[1970]] - Τα [[Φίτζι]] γίνονται ανεξάρτητα.\n*[[1970]] - Εθνική κρίση ξεσπά στον [[Καναδάς|Καναδά]] όταν ο αντιπρόεδρος της κυβέρνησης του [[Κεμπέκ (επαρχία)|Κεμπέκ]] και υπουργός Εργασίας Πιερ Λαπόρτ γίνεται ο δεύτερος πολιτικός που απαγάγεται από μέλη του Μετώπου Απελευθέρωσης του Κεμπέκ.\n*[[1973]] - Παραιτείται ο [[αντιπρόεδρος των ΗΠΑ]] [[Σπύρο Άγκνιου]] αφού κατηγορήθηκε για [[φοροδιαφυγή]].\n*[[1975]] - Η [[Παπούα Νέα Γουινέα]] γίνεται μέλος του [[Οργανισμός Ηνωμένων Εθνών|Οργανισμού Ηνωμένων Εθνών]].\n*[[1980]] - [[Σεισμός]] μεγέθους 7,3 Ρίχτερ πλήττει τη βόρεια [[Αλγερία]], με απολογισμό 3.500 νεκρούς και 10.000 τραυματίες.\n*[[1980]] - Ιδρύεται στο [[Ελ Σαλβαδόρ]] το [[Μέτωπο Εθνικής Απελευθέρωσης Φαραμπούντο Μαρτί]].\n*[[1986]] - [[Σεισμός]] μεγέθους 7,5 Ρίχτερ πλήττει το [[Σαν Σαλβαδόρ]] στο [[Ελ Σαλβαδόρ]], με απολογισμό 1.500 νεκρούς.\n* [[1993]] - Στις βουλευτικές εκλογές στην [[Ελλάδα]], το σοσιαλιστικό [[ΠΑΣΟΚ]] αναρριχάται στην εξουσία για 3η φορά στην ιστορία της χώρας, με Πρωθυπουργό τον [[Ανδρέας Παπανδρέου|Ανδρέα Παπανδρέου]]. Στις εκλογές αυτές, το ΠΑΣΟΚ κερδίζει 46,88% και 170 έδρες, η [[Νέα Δημοκρατία|ΝΔ]] 39,3% και 111 έδρες, η [[Πολιτική Άνοιξη]] του [[Αντώνης Σαμαράς|Σαμαρά]] 4,87% και 10 έδρες, το [[ΚΚΕ]] 4,54% και 9 έδρες και ο [[Συνασπισμός της Αριστεράς και της Προόδου|Συνασπισμός]] 2,94% και καμία έδρα.\n* 1997 - Από συντριβή αεροσκάφους DC9 της Αργεντινής Austral Airlines DC-9-32  στην [[Ουρουγουάη]] (κοντά στο Νουέβο Μπερλίν), σκοτώνονται 74 άτομα.\n* 1997 - Στο [[Μεξικό]] 400 άτομα σκοτώνονται από τον τυφώνα «Πολίν».\n* [[1999]] - Οι σοσιαλιστές του [[Αντόνιο Γκουτέρες]] κερδίζουν σαρωτική νίκη στις βουλευτικές εκλογές που γίνονται στην [[Πορτογαλία]], με 44,1% και 115 από τις συνολικά 230 έδρες του Κοινοβουλίου.\n* [[1999]] - Σε ανταλλαγή πυρών ανάμεσα σε Αυστραλούς στρατιώτες της πολυεθνικής δύναμης στο [[Ανατολικό Τιμόρ]] και Ινδονήσιους, σκοτώνεται ένας Ινδονήσιος.\n* 1999 - Εκτοξεύεται το πρώτο εμπορικό διαστημόπλοιο (ουκρανικό) από πλατφόρμα που επιπλέει στη θάλασσα.\n* [[2000]] - Η Συμμαχία του Λαού κερδίζει τις βουλευτικές εκλογές στη [[Σρι Λάνκα]], με 45,1% και 107 έδρες στο Κοινοβούλιο\n* 2000 - Ανακαλύπτεται στη [[Βραζιλία]] αβγό [[ψείρα]]ς σε ανθρώπινη [[τρίχα]], ηλικίας 10.000 ετών (πρόκειται για την αρχαιότερη ψείρα του κόσμου).\n* [[2001]] - Στο [[Μπανγκλαντές]] ορκίζεται νέα Πρωθυπουργός και ΥΠΕΘΑ η νικήτρια των πρόσφατων εκλογών, Χαλίντα Ζία, 56 ετών.\n* 2001 - Στο [[Μπελίζ]], ο τυφώνας «Ίρις» αφήνει στο πέρασμα του τουλάχιστον 19 νεκρούς, περίπου 13.000 αστέγους και ζημιές 250 εκατομ. δολαρίων.\n* 2001 - Ο Andy Cole σημειώνει το 23ο του «ευρωπαϊκό» γκολ στον αγώνα Ολυμπιακού-Manchester United (0-2) για το Champions League και γίνεται ο πρώτος Άγγλος σκόρερ στις ευρωπαϊκές διοργανώσεις ξεπερνώντας τον Bobby Charlton.\n* [[2002]] - Στις βουλευτικές εκλογές που διεξάγονται στο [[Πακιστάν]], ο Μουσουλμανικός Σύνδεσμος του [[Πακιστάν]] κερδίζει 76 έδρες, με 62 να πηγαίνουν στο Κόμμα των Κοινοβουλευτικών. Οι εκλογές, στις οποίες δε λαμβάνει μέρος η Αντιπολίτευση, χαρακτηρίζονται ως διαβλητές από τον πολιτικό κόσμο, ενώ η [[Ουάσιγκτον]] επαινεί την κυβέρνηση Μουσαράφ για την απόφασή της να διεξαγάγει εκλογές.\n* 2002 - Το [[Νόμπελ Λογοτεχνίας]] απονέμεται στον Ούγγρο λογοτέχνη [[Ίμρε Κερτέζ]], 72, εβραϊκής καταγωγής, «γιατί η γραφή του αποτυπώνει την εύθραυστη εμπειρία του ατόμου μέσα στη βαρβαρική αυθαιρεσία της ιστορίας».\n* [[2003]] - Το [[Νόμπελ Ειρήνης]] απονέμεται στην Ιρανή δικηγόρο [[Σιρίν Εμπάντι]]. Πρόκειται για την πρώτη φορά στα 102 χρόνια της ιστορίας του θεσμού που το βραβείο Νομπέλ Ειρήνης απονέμεται σε μουσουλμάνα.\n* [[2004]] - Πρόεδρος της Σομαλίας εκλέγεται στο [[Ναϊρόμπι]] στην [[Κένυα]] ο πρώην αξιωματικός του Στρατού, [[Αμπντουλάχι Γιουσούφ Αχμέντ]], που είναι ο πρώτος εκλεγμένος αρχηγός Κράτους στη χώρα από το [[1991]].\n* [[2005]] - Στη [[Γερμανία]] αποφασίζεται έπειτα από δύσκολες διαπραγματεύσεις ο σχηματισμός μεγάλου συνασπισμού των [[Χριστιανοδημοκρατική Ένωση της Γερμανίας|Χριστιανοδημοκρατών]], [[Χριστιανοκοινωνική Ένωση της Γερμανίας|Χριστιανοκοινωνικών]] και [[Σοσιαλδημοκρατικό Κόμμα της Γερμανίας|Σοσιαλδημοκρατών]], με νέο καγκελάριο την [[Άνγκελα Μέρκελ]].\n\n== Γεννήσεις ==\n*[[1332]] - [[Κάρολος Β΄ της Ναβάρρας|Κάρολος Β']], βασιλιάς της Ναβάρρας\n*[[1470]] - [[Σελίμ Α΄]], Οθωμανός σουλτάνος\n*[[1486]] - [[Κάρολος Γ΄ της Σαβοΐας|Κάρολος Γ΄]], δούκας της Σαβοΐας\n*[[1567]] - [[Αικατερίνη Μικαέλα της Ισπανίας|Αικατερίνη Μικαέλα]], ινφάντα της Ισπανίας\n*[[1656]] - [[Νικολά ντε Λαρζιλιέρ]], Γάλλος ζωγράφος\n*[[1684]] - [[Αντουάν Βαττώ]], Γάλλος ζωγράφος\n*[[1731]] - [[Χένρι Κάβεντις]], Βρετανός επιστήμονας και φιλόσοφος\n*[[1813]] - [[Τζουζέπε Βέρντι]], Ιταλός συνθέτης\n*[[1830]] - [[Ισαβέλλα Β΄ της Ισπανίας|Ισαβέλλα Β']], βασίλισσα της Ισπανίας\n*[[1842]] - [[Κλέων Ρίζος Ραγκαβής]], Έλληνας λόγιος\n*[[1895]] - [[Βόλφραμ φον Ρίχτχοφεν]], Γερμανός στρατάρχης\n*[[1900]] - [[Έλεν Χέιζ]], Αμερικανίδα ηθοποιός\n*[[1901]] - [[Αλμπέρτο Τζιακομέτι]], Ελβετός γλύπτης και ζωγράφος\n*[[1911]] - [[Κλαιρ Χόλινγκγουορθ]], Αγγλίδα δημοσιογράφος\n*[[1924]] - [[Εντ Γουντ]], Αμερικανός σκηνοθέτης\n*[[1930]] - [[Χάρολντ Πίντερ]], Άγγλος θεατρικός συγγραφέας, σεναριογράφος, σκηνοθέτης και ηθοποιός\n*[[1934]] - [[Κική Σαραντάκου]], Ελληνίδα ποιήτρια\n*[[1941]] - [[Κεν Σάρο-Ουίουα]], Νιγηριανός συγγραφέας και ακτιβιστής\n*[[1945]] - [[Σωτήρης Χατζηγάκης]], Έλληνας πολιτικός\n*[[1946]] - [[Ναότο Καν]], Ιάπωνας πολιτικός\n*[[1953]] - [[Μιχάλης Κούσης]], Έλληνας αθλητής\n*[[1954]] - [[Φερνάντο Σάντος]], Πορτογάλος προπονητής ποδοσφαίρου\n*[[1963]] - [[Ντάνιελ Περλ]], Αμερικανός δημοσιογράφος\n*[[1966]] - [[Τόνι Άνταμς]], Άγγλος ποδοσφαιριστής\n*[[1968]] - [[Μαρίνος Ουζουνίδης (ποδοσφαιριστής)|Μαρίνος Ουζουνίδης]], Έλληνας ποδοσφαιριστής και προπονητής\n*[[1975]] - [[Αντώνης Βλοντάκης]], Έλληνας υδατοσφαιριστής\n*[[1983]] - [[Νίκος Σπυρόπουλος (ποδοσφαιριστής)|Νίκος Σπυρόπουλος]], Έλληνας ποδοσφαιριστής\n*[[1991]] - [[Σερντάν Σακίρι]], Ελβετός ποδοσφαιριστής\n*[[1991]] - [[Γκαμπριέλα Τσίλμι]], Αυστραλή τραγουδίστρια\n\n== Θάνατοι ==\n*[[19]] - [[Γερμανικός]], Ρωμαίος στρατηγός\n*[[425]] - [[Πατριάρχης Αττικός|Αττικός]], Πατριάρχης Κωνσταντινουπόλεως\n*[[680]] - [[Χουσεΐν ιμπν Αλί]], Άραβας ιμάμης\n*[[827]] - [[Πάπας Βαλεντίνος]]\n*[[960]] - [[Αδελαΐδα του Βερμαντουά]], κόμισσα της Φλάνδρας\n*[[1213]] - [[Φρειδερίκος Β΄ της Λωρραίνης|Φρειδερίκος Β΄]], δούκας της Λωρραίνης\n*[[1359]] - [[Ούγος Δ΄ της Κύπρου|Ούγος Δ΄]], βασιλιάς της Κύπρου\n*[[1659]] - [[Άμπελ Τάσμαν]], Ολλανδός εξερευνητής\n*[[1837]] - [[Σαρλ Φουριέ]], Γάλλος φιλόσοφος\n*[[1913]] - [[Κατσούρα Ταρό]], Ιάπωνας πολιτικός\n*[[1914]] - [[Κάρολος Α΄ της Ρουμανίας|Κάρολος Α΄]], βασιλιάς της Ρουμανίας\n*[[1916]] - [[Αντόνιο Σαντ'Ελία]], Ιταλός αρχιτέκτονας\n*[[1927]] - [[Γκούσταβ Γουάιτχεντ]], Γερμανός πιλότος και μηχανικός\n*[[1952]] - [[Ανθή Μηλιάδου]], Ελληνίδα ηθοποιός\n*[[1963]] - [[Εντίθ Πιάφ]], Γαλλίδα τραγουδίστρια\n*[[1970]] - [[Εντουάρ Νταλαντιέ]], Γάλλος πολιτικός\n*[[1973]] - [[Λούντβιχ φον Μίζες]], Αυστριακός οικονομολόγος\n*[[1974]] - [[Τίνα Λιβανού]], Ελληνίδα κοσμική\n*[[1983]] - [[Ραλφ Ρίτσαρντσον]], Άγγλος ηθοποιός\n*[[1985]] - [[Όρσον Γουέλς]], Αμερικανός σκηνοθέτης και ηθοποιός\n*[[1985]] - [[Γιουλ Μπρίνερ]], Ρώσος ηθοποιός\n*[[1990]] - [[Νικόλαος Παυλόπουλος]], Έλληνας γλύπτης\n*[[1990]] - [[Γεώργιος Τενεκίδης]], Έλληνας διεθνολόγος\n*[[2004]] - [[Κρίστοφερ Ριβ]], Αμερικανός ηθοποιός\n*[[2010]] - [[Τζόαν Σάδερλαντ]], Αυστραλή υψίφωνος\n*[[2013]] - [[Σκοτ Κάρπεντερ]], Αμερικανός αστροναύτης\n*[[2016]] - [[Τάμμε Χάνκεν]], Γερμανός τηλεπαρουσιαστής\n*2021-[[wikidata:Q95197325|Έβη Τουλούπα]] Ελληνίδα αρχαιολόγος\n*2021- [[wikidata:Q107333|Έβελιν Ρίχτερ]] Γερμανίδα φωτογράφος\n*2021-[[wikidata:Q310773|Αμπντούλ Καντίρ Χαν]] πακιστανός πυρηνικός επιστήμονας\n*2021-[[wikidata:Q3115440|Γκράνβιλ Άνταμς]]  Αμερικανός ηθοποιός\n*2021- [[Τάσος Κουράκης]] Έλληνας πολιτικός,\n\n== Αργίες και εορτές ==\n\n* Παγκόσμια Ημέρα Ψυχικής Υγείας\n* Παγκόσμια Ημέρα κατά της θανατικής ποινής\n* Παγκόσμια Ημέρα Αυγού\n* Παγκόσμια Ημέρα Μπύρας\n\n=== [[Ορθόδοξη Εκκλησία]] ===\n{{Πύλη:Ορθοδοξία/Εορτολόγιο/10 Οκτωβρίου}}\n\n{{Μήνες}}\n\n[[Κατηγορία:Ημέρες του έτους]]"}}}]}]}}