{"batchcomplete":true,"query":{"normalized":[{"fromencoded":false,"from":"10_Σεπτεμβρίου","to":"10 Σεπτεμβρίου"}],"pages":[{"pageid":3186,"ns":0,"title":"10 Σεπτεμβρίου","revisions":[{"slots":{"main":{"contentmodel":"wikitext","contentformat":"text/x-wiki","content":"{{Μήνες Σεπτεμβρίου}}\n\n<center>[[9 Σεπτεμβρίου]] | '''10 Σεπτεμβρίου''' | [[11 Σεπτεμβρίου|Σεπτεμβρίου]]</center>\n\n----\nΗ '''10η Σεπτεμβρίου''' είναι η 253η ημέρα του έτους κατά το [[Γρηγοριανό ημερολόγιο]] (254η σε δίσεκτα έτη). Υπολείπονται 112 ημέρες.\n\n{{ΗμερολόγιοΣεΠίνακα|9}}\n\n== Γεγονότα ==\n*[[506]] - Οι [[Επίσκοπος|επίσκοποι]] της [[Βησιγότθοι|βησιγοτθικής]] [[Γαλατία]]ς συνέρχονται στο Συμβούλιο του Αγκντ.\n*[[1419]] - Ο δούκας [[Ιωάννης της Βουργουνδίας]] δολοφονείται από υποστηρικτές του δελφίνου, μετέπειτα βασιλιά [[Κάρολος Ζ΄ της Γαλλίας|Καρόλου Ζ΄ της Γαλλίας]].\n*[[1509]] - Ισχυρός [[σεισμός]], γνωστός ως «Μικρή Ημέρα της Κρίσεως», χτυπά την [[Βυζαντινή Κωνσταντινούπολη|Κωνσταντινούπολη]].\n*[[1813]] - Κατά τη διάρκεια του [[Αγγλοαμερικανικός πόλεμος του 1812|αγγλοαμερικανικού πολέμου του 1812]], ο [[Ηνωμένες Πολιτείες Αμερικής|αμερικανικός]] στόλος νικά τον [[Μεγάλη Βρετανία|βρετανικό]] στη [[λίμνη Ήρι]].\n*[[1858]] - Ο [[Τζωρτζ Μ. Σηρλ]] ανακαλύπτει τον αστεροειδή [[55 Πανδώρα]].\n*[[1898]] - Η αυτοκράτειρα [[Ελισάβετ της Αυστρίας]] δολοφονείται από τον Λουίτζι Λουκένι.\n*[[1918]] - [[Ρωσικός Εμφύλιος Πόλεμος]]: Ο [[Κόκκινος Στρατός]] καταλαμβάνει το [[Καζάν]].\n*[[1919]] - Η [[Αυστρία]] και οι σύμμαχοι υπογράφουν τη [[Συνθήκη Αγίου Γερμανού]] αναγνωρίζοντας την ανεξαρτησία της [[Πολωνία]]ς, της [[Ουγγαρία]]ς, της [[Τσεχοσλοβακία]]ς και της [[Βασίλειο της Γιουγκοσλαβίας|Γιουγκοσλαβίας]]. \n*[[1936]] - Διεξάγεται στο [[στάδιο Γουέμπλεϊ]] του [[Λονδίνο]]υ το πρώτο παγκόσμιο ατομικό πρωτάθλημα μοτοσικλέτας [[Speedway]].\n*[[1939]] - [[Β΄ Παγκόσμιος Πόλεμος]]: Ο [[Καναδάς]] κηρύσσει τον πόλεμο στη [[Ναζιστική Γερμανία]], συντασσόμενος με τους [[Συμμαχικές δυνάμεις (Β΄ Παγκόσμιος Πόλεμος)|συμμάχους]] [[Πολωνία]], [[Γαλλία]], [[Ηνωμένο Βασίλειο]], [[Νέα Ζηλανδία]] και [[Αυστραλία]].\n*[[1942]] - [[Β΄ Παγκόσμιος Πόλεμος]]: Ο [[Μεγάλη Βρετανία|βρετανικός]] στρατός διεξάγει αμφίβια αποβίβαση στη [[Μαδαγασκάρη]] για την επανέναρξη των επιθετικών επιχειρήσεων των συμμάχων στο νησί. \n*[[1944]] - [[Β΄ Παγκόσμιος Πόλεμος]]: Η [[Χίος]] απελευθερώνεται από τη γερμανική κατοχή. \n*[[1960]] - Στους [[Θερινοί Ολυμπιακοί Αγώνες 1960|Ολυμπιακούς Αγώνες του 1960]] στη [[Ρώμη]], ο [[Αμπέμπε Μπικίλα]] γίνεται ο πρώτος [[Υποσαχάρια Αφρική|υποσαχάριος Αφρικανός]] που κερδίζει χρυσό μετάλλιο, τερματίζοντας πρώτος στον [[Μαραθώνιος|μαραθώνιο]] τρέχοντας ξυπόλητος.\n*[[1967]] - Οι κάτοικοι του [[Γιβραλτάρ]] ψηφίζουν υπέρ της διατήρησης της [[Μεγάλη Βρετανία|βρετανικής]] κυριαρχίας και κατά της ενσωμάτωσης στην [[Ισπανία]].\n*[[1974]] - Η [[Γουινέα-Μπισσάου]] αποκτά την ανεξαρτησία της από την [[Πορτογαλία]].\n\n== Γεννήσεις ==\n*[[920]] - [[Λουδοβίκος Δ΄ της Γαλλίας|Λουδοβίκος Δ΄]], βασιλιάς της Γαλλίας\n*[[1169]] - [[Αλέξιος Β΄ Κομνηνός]], Βυζαντινός αυτοκράτορας\n*[[1638]] - [[Μαρία Θηρεσία της Ισπανίας]], βασίλισσα της Γαλλίας\n*[[1659]] - [[Χένρι Πέρσελ]], Άγγλος συνθέτης\n*[[1839]] - [[Τσαρλς Σάντερς Περς]], Αμερικανός φιλόσοφος, μαθηματικός και επιστήμονας\n*[[1855]] - [[Ρόμπερτ Κόλντεβαϊ]], Γερμανός αρχαιολόγος\n*[[1855]] - [[Άλμπερτ Μάμερι]], Άγγλος ορειβάτης και συγγραφέας\n*[[1857]] - [[Γιουσούφ Ιζζεντίν Εφέντι]], Οθωμανός πρίγκιπας\n*[[1890]] - [[Μόρτιμερ Γουίλερ]], Βρετανός αρχαιολόγος\n*[[1892]] - [[Άρθουρ Χόλι Κόμπτον]], Αμερικανός φυσικός\n*[[1893]] - [[Μαρία ντε Ζεσούς]], Πορτογαλίδα υπεραιωνόβια\n*[[1905]] - [[Ιμπραχίμ Μπιτσακτσίου]], Αλβανός πολιτικός\n*[[1914]] - [[Ρόμπερτ Γουάιζ]], Αμερικανός σκηνοθέτης\n*[[1917]] - [[Μιγκέλ Σεράνο]], Χιλιανός διπλωμάτης\n*[[1925]] - [[Δημήτριος Ευρυγένης]], Έλληνας πολιτικός\n*[[1926]] - [[Λάντισλαβ Άνταμεκ]], Τσεχοσλοβάκος πολιτικός\n*[[1931]] - [[Ετζέ Αϋχάν]], Τούρκος ποιητής\n*[[1933]] - [[Καρλ Λάγκερφελντ]], Γερμανός σχεδιαστής μόδας\n*[[1937]] - [[Τζάρεντ Ντάιαμοντ]], Αμερικανός βιολόγος και συγγραφέας\n*[[1938]] - [[Τομάζι Πουαπούα]], γενικός κυβερνήτης του Τουβαλού\n*[[1946]] - [[Τζιμ Χάινς]], Αμερικανός αθλητής\n*[[1949]] - [[Ντον Μουράκο]], Αμερικανός παλαιστής\n*[[1951]] - [[Εμμανουήλ Φοράκης]], Έλληνας ποδοσφαιριστής\n*[[1956]] - [[Γιάννης Μπέζος]], Έλληνας ηθοποιός\n*[[1960]] - [[Κόλιν Φερθ]], Άγγλος ηθοποιός\n*[[1968]] - [[Γκάι Ρίτσι]], Άγγλος σκηνοθέτης, σεναριογράφος και παραγωγός\n*[[1976]] - [[Βασίλης Λάκης]], Έλληνας ποδοσφαιριστής\n*[[1976]] - [[Ματ Μόργκαν]], Αμερικανός παλαιστής\n*[[1978]] - [[Ραμούνας Σισκάουσκας]], Λιθουανός καλαθοσφαιριστής\n*[[1983]] - [[Φερνάντο Μπελούτσι]], Αργεντινός ποδοσφαιριστής\n*[[1985]] - [[Μένιος Φουρθιώτης]], Έλληνας παρουσιαστής \n*[[1987]] - [[Μιγκέλ Άνχελ Κορδέρο]], Ισπανός ποδοσφαιριστής\n\n== Θάνατοι ==\n*[[918]] - [[Βαλδουίνος Β΄ της Φλάνδρας|Βαλδουίνος Β΄]], κόμης της Φλάνδρας\n*[[954]] - [[Λουδοβίκος Δ΄ της Γαλλίας|Λουδοβίκος Δ΄]], βασιλιάς της Γαλλίας\n*[[1167]] - [[Αυτοκράτειρα Ματθίλδη|Ματθίλδη]], αυτοκράτειρα της Αγίας Ρωμαϊκής Αυτοκρατορίας\n*[[1197]] - [[Ερρίκος Β΄ της Καμπανίας|Ερρίκος Β΄]], κόμης της Καμπανίας\n*[[1364]] - [[Ροβέρτος του Τάραντα|Ροβέρτος]], πρίγκιπας του Τάραντα\n*[[1382]] - [[Λουδοβίκος Α΄ της Ουγγαρίας|Λουδοβίκος Α΄]], βασιλιάς της Ουγγαρίας\n*[[1419]] - [[Ιωάννης της Βουργουνδίας|Ιωάννης Α΄]], δούκας της Βουργουνδίας\n*[[1482]] - [[Φεντερίκο ντα Μοντεφέλτρο]], δούκας του Ούρμπινο\n*[[1504]] - [[Φιλιβέρτος Β΄ της Σαβοΐας|Φιλιβέρτος Β΄]], δούκας της Σαβοΐας\n*[[1669]] - [[Ερριέττα Μαρία της Γαλλίας]], βασίλισσα της Αγγλίας\n*[[1749]] - [[Εμιλί ντυ Σατλέ]], Γαλλίδα μαθηματικός και φυσικός\n*[[1797]] - [[Μαίρη Γουόλστονκραφτ]], Αγγλίδα συγγραφέας\n*[[1827]] - [[Ούγκο Φόσκολο]], Ιταλός συγγραφέας\n*[[1834]] - [[Πατριάρχης Χρύσανθος|Χρύσανθος]], Πατριάρχης Κωνσταντινουπόλεως\n*[[1873]] - [[Σαράντης Αρχιγένης]], Έλληνας ιατρός και εθνικός ευεργέτης\n*[[1892]] - [[Δημήτριος Ν. Μπότσαρης]], Έλληνας αγωνιστής και πολιτικός\n*[[1898]] - [[Ελισάβετ της Αυστρίας|Ελισάβετ]], αυτοκράτειρα της Αυστρίας\n*[[1948]] - [[Φερδινάνδος Α΄ της Βουλγαρίας|Φερδινάνδος Α΄]], τσάρος της Βουλγαρίας\n*[[1958]] - [[Γεώργιος Μουτσούδης]], Έλληνας πολιτικός\n*1968 - Τιμόθεος (Παπα Τύχων) , Ρώσος Ιερομόναχος Άγιο Όρος\n*[[1975]] - [[Τζορτζ Τόμσον]], Άγγλος φυσικός\n*[[1976]] - [[Ντάλτον Τράμπο]], Αμερικανός σεναριογράφος\n*[[1979]] - [[Αγκοστίνιο Νέτο]], πρόεδρος της Ανγκόλας\n*[[1980]] - [[Λεωνίδας Σπαής]], Έλληνας στρατιωτικός\n*[[1983]] - [[Φέλιξ Μπλοχ]], Ελβετός φυσικός\n*[[1985]] - [[Ερνστ Έπικ]], Εσθονός αστρονόμος\n*[[1986]] - [[Πέπερ Άνταμς]], Αμερικανός σαξοφωνίστας\n*[[1998]] - [[Μαντώ Αραβαντινού]], Ελληνίδα συγγραφέας\n*[[2005]] - [[Κώστας Κάππος]], Έλληνας πολιτικός\n*[[2006]] - [[Ταουφααχάου Τουπόου Δ']], βασιλιάς της Τόνγκα\n*[[2010]] - [[Γκιζέλα Ντάλι]], Ελληνίδα ηθοποιός\n*[[2011]] - [[Κλιφ Ρόμπερτσον]], Αμερικανός ηθοποιός\n*[[2013]] - [[Γεώργιος Σπ. Ασημακόπουλος]], Έλληνας πολιτικός\n*[[2015]] - [[Άντριαν Φρούτιγκερ]], Ελβετός σχεδιαστής γραμματοσειρών\n*[[2017]] - [[Γρηγόρης Βάρφης]], Έλληνας πολιτικός\n\n== Αργίες και εορτές ==\n* Παγκόσμια ημέρα κατά της Αυτοκτονίας\n\n=== [[Ορθόδοξη Εκκλησία]] ===\n{{Πύλη:Ορθοδοξία/Εορτολόγιο/10 Σεπτεμβρίου}}\n\n{{Μήνες}}\n\n[[Κατηγορία:Ημέρες του έτους]]"}}}]}]}}