{"batchcomplete":true,"query":{"normalized":[{"fromencoded":false,"from":"10_Φεβρουαρίου","to":"10 Φεβρουαρίου"}],"pages":[{"pageid":1218,"ns":0,"title":"10 Φεβρουαρίου","revisions":[{"slots":{"main":{"contentmodel":"wikitext","contentformat":"text/x-wiki","content":"{{Πηγές|3=2022|2=01|8}}\n{{Μήνες Φεβρουαρίου}}\n\n<center>[[9 Φεβρουαρίου]] | '''10 Φεβρουαρίου''' | [[11 Φεβρουαρίου]]</center>\n\n----\nΗ '''10η Φεβρουαρίου''' είναι η 41η ημέρα του έτους κατά το [[Γρηγοριανό ημερολόγιο]]. Υπολείπονται 324 ημέρες (325 σε δίσεκτα έτη).\n\n{{ΗμερολόγιοΣεΠίνακα|2}}\n\n== Γεγονότα ==\n{{Commonscat|10 February}}\n\n*[[1258]] – Η [[Βαγδάτη]] καταλαμβάνεται από τους [[Μογγόλοι|Μογγόλους]] και το [[Χαλιφάτο των Αββασιδών]] καταστρέφεται.\n*[[1306]] - Ο [[Ροβέρτος Α΄ της Σκωτίας|Ροβέρτος Μπρους]] δολοφονεί στο Νταμφρίς τον Ιωάννη Κόμυν πυροδοτώντας την επανάσταση της [[Σκωτία]]ς για την ανεξαρτησία της.\n*[[1567]] - Ο λόρδος Ντάρνλεϊ, δεύτερος σύζυγος της [[Μαρία Α΄ της Σκωτίας|Μαρίας Α΄ της Σκωτίας]], βρίσκεται στραγγαλισμένος στο [[Εδιμβούργο]].\n*[[1763]] - [[Γαλλοϊνδιανικός Πόλεμος]]: Η Συνθήκη των [[Παρίσι|Παρισίων]] δίνει τέλος στον πόλεμο και η [[Γαλλία]] παραχωρεί την [[Κεμπέκ (επαρχία)|επαρχία του Κεμπέκ]] στη [[Μεγάλη Βρετανία]].\n*[[1814]] - [[Ναπολεόντειοι Πόλεμοι]]: Οι [[Γαλλία|Γάλλοι]] νικούν τους [[Ρωσική Αυτοκρατορία|Ρώσους]] και τους [[Βασίλειο της Πρωσίας|Πρώσους]] στη μάχη του Σαμπομπέρ.\n*[[1840]] - Η [[βασίλισσα Βικτωρία]] παντρεύεται τον πρίγκιπα [[Αλβέρτος της Σαξονίας-Κόμπουργκ & Γκότα|Αλβέρτο της Σαξονίας-Κόμπουργκ & Γκότα]].\n*[[1846]] - [[Α΄ Πόλεμος Άγγλων και Σιχ]]: Μάχη του Σομπραόν. Οι Βρετανοί νικούν τους Σιχ στην τελευταία μάχη του πολέμου.\n*[[1906]] - Το [[HMS Dreadnought (1906)|HMS ''Dreadnought'']], το πρώτο από μία επαναστατική νέα γενιά πολεμικών πλοίων, βαπτίζεται και καθελκύεται από τον βασιλιά [[Εδουάρδος Ζ΄ του Ηνωμένου Βασιλείου|Εδουάρδο Ζ΄ του Ηνωμένου Βασιλείου]].\n*[[1936]] - [[Β΄ Ιταλο-Αιθιοπικός Πόλεμος]]: Αρχίζει η μάχη του Άμπα Αραντάμ μεταξύ των [[Βασίλειο της Ιταλίας|ιταλικών]] στρατευμάτων και των [[Αιθιοπία|Αιθιόπων]] υπερασπιστών.\n*[[1939]] - [[Ισπανικός Εμφύλιος]]: Οι [[Δικτατορία του Φρανθίσκο Φράνκο|Εθνικιστές]] ολοκληρώνουν την κατάληψη της [[Καταλονία]]ς και κλείνουν τα σύνορα με τη [[Γαλλία]].\n*[[1940]] - Η [[Ένωση Σοβιετικών Σοσιαλιστικών Δημοκρατιών|Σοβιετική Ένωση]] ξεκινά μαζικές απελάσεις [[Πολωνία|Πολωνών]] πολιτών από την κατεχόμενη ανατολική Πολωνία στη [[Σιβηρία]].\n*[[1943]] - [[Β΄ Παγκόσμιος Πόλεμος]]: Προσπαθώντας να προκαλέσει την άρση της [[Πολιορκία του Λένινγκραντ|πολιορκίας του Λένινγκραντ]], ο [[Ένωση Σοβιετικών Σοσιαλιστικών Δημοκρατιών|σοβιετικός]] [[Κόκκινος Στρατός]] δεσμεύει [[Ναζιστική Γερμανία|γερμανικά]] στρατεύματα και [[Ισπανία|Ισπανούς]] εθελοντές στη μάχη του Κράσνι Μπορ. \n*[[1947]] - Υπογράφεται στο [[Παρίσι]] η συνθήκη ειρήνης της [[Ιταλία]]ς με τις [[Συμμαχικές δυνάμεις (Β΄ Παγκόσμιος Πόλεμος)|συμμαχικές δυνάμεις]], σύμφωνα με την οποία τα [[Δωδεκάνησα]] περιέρχονται στην [[Ελλάδα]].\n*[[1956]] - Συστήνεται το [[Ίδρυμα Ευγενίδου]].\n*[[1962]] - Ο αιχμάλωτος [[Ηνωμένες Πολιτείες Αμερικής|Αμερικανός]] πιλότος του κατασκοπευτικού αεροσκάφους U2 Γκάρι Πάουερς ανταλάσσεται με τον [[Ένωση Σοβιετικών Σοσιαλιστικών Δημοκρατιών|Σοβιετικό]] κατάσκοπο Ρούντολφ Άμπελ.\n*[[1962]] - Ανοίγει η πρώτη ατομική έκθεση του [[Ρόι Λίχτενσταϊν]].\n*[[1972]] - Το Ρας αλ-Καϊμά προσχωρεί στα [[Ηνωμένα Αραβικά Εμιράτα]], που απαρτίζεται πλέον από 7 εμιράτα.\n*[[1996]] - Ο υπερυπολογιστής της [[IBM]], [[Deep blue]], νικά για πρώτη φορά τον [[Γκάρι Κασπάροφ]] στο σκάκι.\n\n== Γεννήσεις ==\n*[[1772]] - [[Λυκούργος Λογοθέτης]], Έλληνας αγωνιστής\n*[[1791]] - [[Φραντσέσκο Χάγιεζ]], Ιταλός ζωγράφος\n*[[1825]] – [[Τζέιμς Γουάλας Μπλακ]], Αμερικανός φωτογράφος\n*[[1890]] - [[Μπορίς Παστερνάκ]], Ρώσος συγγραφέας\n*[[1894]] - [[Χάρολντ Μακμίλαν]], Άγγλος πολιτικός\n*[[1896]] - [[Τζων Χάρντινγκ]], Βρετανός στρατιωτικός\n*[[1897]] - [[Τζούντιθ Άντερσον]], Αυστραλή ηθοποιός\n*[[1898]] - [[Μπέρτολτ Μπρεχτ]], Γερμανός δραματουργός και ποιητής\n*[[1902]] - [[Γουόλτερ Χάουζερ Μπράταιην]], Αμερικανός φυσικός\n*[[1903]] - [[Ματίας Ζίντελαρ]], Αυστριακός ποδοσφαιριστής\n*[[1905]] - [[Τσικ Γουέμπ]], Αμερικανός μουσικός\n*[[1910]] - [[Σοφία Βέμπο]], Ελληνίδα τραγουδίστρια και ηθοποιός\n*[[1913]] - [[Αρχιεπίσκοπος Σεραφείμ|Σεραφείμ]], αρχιεπίσκοπος Αθηνών και πάσης Ελλάδος\n*[[1919]] - [[Ιωάννης Χαραλαμπόπουλος]], Έλληνας πολιτικός\n*[[1920]] - [[Χοσέ Μανουέλ Καστανιόν]], Ισπανός συγγραφέας\n*[[1926]] - [[Κώστας Μουντάκης]], Έλληνας μουσικός\n*[[1929]] - [[Χάλγκεϊρ Μπρέντεν]], Νορβηγός χιονοδρόμος\n*[[1935]] - [[Θεόδωρος Αντωνίου]], Έλληνας συνθέτης\n*[[1935]] - [[Παύλος Μπακογιάννης]], Έλληνας πολιτικός\n*[[1939]] - [[Τζένη Βάνου]], Ελληνίδα τραγουδίστρια\n*[[1940]] - [[Μαίρη Ραντ]], Αγγλίδα αθλήτρια\n*[[1950]] - [[Μαρκ Σπιτς]], Αμερικανός κολυμβητής\n*[[1952]] - [[Λι Σιεν Λουνγκ]], Σιγκαπουριανός πολιτικός\n*[[1956]] - [[Ενέλε Σοποάγκα]], πρωθυπουργός του Τουβαλού\n*[[1961]] - [[Αλεξάντερ Πέιν]], Αμερικανός σκηνοθέτης\n*[[1962]] - [[Κλιφ Μπάρτον]], Αμερικανός μπασίστας ([[Metallica]])\n*[[1964]] - [[Χάρης Γρηγορόπουλος]], Έλληνας ηθοποιός \n*[[1967]] - [[Λόρα Ντερν]], Αμερικανίδα ηθοποιός\n*[[1967]] - [[Κατερίνα Λέχου]], Ελληνίδα ηθοποιός\n*[[1974]] - [[Ελίζαμπεθ Μπανκς]], Αμερικανίδα ηθοποιός\n*[[1982]] - [[Τζάστιν Γκάτλιν]], Αμερικανός αθλητής\n*[[1986]] - [[Ραδαμέλ Φαλκάο]], Κολομβιανός ποδοσφαιριστής\n*[[1991]] - [[Έμμα Ρόμπερτς]], Αμερικανίδα ηθοποιός\n*[[1991]] - [[Κόνι Μεταξά]], Ελληνίδα τραγουδίστρια και ηθοποιός\n*[[1997]] - [[Κλόι Γκρέις Μορέτζ]], Αμερικανίδα ηθοποιός\n\n== Θάνατοι ==\n*[[1162]] - [[Βαλδουίνος Γ΄ της Ιερουσαλήμ|Βαλδουίνος Γ΄]], βασιλιάς της Ιερουσαλήμ\n*[[1280]] - [[Μαργαρίτα Β΄ της Φλάνδρας|Μαργαρίτα Β΄]], κόμισσα της Φλάνδρας\n*[[1307]] - [[Αυτοκράτορας Τσενζόνγκ των Γιουάν]]\n*[[1452]] - [[Σβιτριγκάιλα]], μέγας δούκας της Λιθουανίας\n*[[1660]] - [[Γιούντιτ Λέιστερ]], Ολλανδή ζωγράφος\n*[[1722]] - [[Βαρθολομαίος Ρόμπερτς]], Ουαλός πειρατής\n*[[1755]] - [[Μοντεσκιέ]], Γάλλος συγγραφέας\n*[[1772]] - [[Ιωσήφ Βεντσεσλάβος Α΄ του Λίχτενσταϊν|Ιωσήφ Βεντσεσλάβος Α΄]], πρίγκιπας του Λίχτενσταϊν\n*[[1837]] – [[Αλεξάντρ Σεργκέγεβιτς Πούσκιν]], Ρώσος συγγραφέας\n*[[1878]] - [[Κλοντ Μπερνάρ]], Γάλλος φυσιολόγος\n*[[1879]] - [[Ονορέ Ντωμιέ]], Γάλλος ζωγράφος, εικονογράφος και γλύπτης\n*[[1891]] - [[Σοφία Κοβαλέφσκαγια]], Ρωσίδα μαθηματικός\n*[[1913]] - [[Κωνσταντίνος Τσικλητήρας]], Έλληνας ολυμπιονίκης\n*[[1917]] - [[Τζον Γουίλιαμ Γουότερχαουζ]], Βρετανός ζωγράφος\n*[[1918]] - [[Αμπντούλ Χαμίτ Β΄]], Οθωμανός σουλτάνος\n*[[1923]] - [[Βίλχελμ Κόνραντ Ρέντγκεν]], Γερμανός φυσικός\n*[[1939]] - [[Πάπας Πίος ΙΑ΄]]\n*[[1944]] - [[Ευγένιος Αντωνιάδης]], Έλληνας αστρονόμος\n*[[1950]] - [[Μαρσέλ Μος]], Γάλλος κοινωνιολόγος\n*[[1956]] - [[Εμμανουήλ Τσουδερός]], Έλληνας τραπεζίτης και πολιτικός\n*[[1974]] - [[Φώτιος Κατσιάμπας]], Έλληνας πολιτικός\n*[[1975]] - [[Νίκος Καββαδίας]], Έλληνας συγγραφέας\n*[[1979]] - [[Έντβαρντ Καρντέλι]], Γιουγκοσλάβος κομμουνιστής\n*[[1986]] - [[Μπράιαν Αχέρν]], Άγγλος ηθοποιός\n*[[1998]] - [[Γιώργος Βρασιβανόπουλος]], Έλληνας ηθοποιός\n*[[1999]] - [[Πέτρος Παναγιωταράκος]], Έλληνας καλαθοσφαιριστής\n*[[2002]] - [[Τζακ Άμποττ]], Αμερικανός εγκληματίας και συγγραφέας\n*[[2003]] - [[Κερτ Χένιγκ]], Αμερικανός παλαιστής\n*[[2005]] - [[Άρθουρ Μίλερ]], Αμερικανός θεατρικός συγγραφέας\n*[[2007]] - [[Μπρούνο Ρούφο]], Ιταλός μοτοσικλετιστής\n*[[2014]] - [[Σίρλεϊ Τεμπλ]], Αμερικανίδα ηθοποιός και τραγουδίστρια\n*[[2017]] - [[Πιέτ Κάιζερ]], Ολλανδός ποδοσφαιριστής\n\n== Αργίες και εορτές ==\n=== Κόσμος ===\n* {{ITA}} - Εθνική Ημέρα Μνήμης των Εξορίστων\n\n=== [[Ορθόδοξη Εκκλησία]] ===\n{{Πύλη:Ορθοδοξία/Εορτολόγιο/10 Φεβρουαρίου}}\n\n{{Μήνες}}\n\n[[Κατηγορία:Ημέρες του έτους]]"}}}]}]}}