{"batchcomplete":true,"query":{"normalized":[{"fromencoded":false,"from":"10_Δεκεμβρίου","to":"10 Δεκεμβρίου"}],"pages":[{"pageid":3733,"ns":0,"title":"10 Δεκεμβρίου","revisions":[{"slots":{"main":{"contentmodel":"wikitext","contentformat":"text/x-wiki","content":"{{Μήνες Δεκεμβρίου}}\n\n<center>[[9 Δεκεμβρίου]] | '''10 Δεκεμβρίου''' | [[11 Δεκεμβρίου]]</center>\n\n----\nΗ '''10η Δεκεμβρίου''' είναι η 344η ημέρα του έτους κατά το [[Γρηγοριανό ημερολόγιο]] (345η σε δίσεκτα έτη). Υπολείπονται 21 ημέρες.\n\n{{ΗμερολόγιοΣεΠίνακα|12}}\n\n==Γεγονότα==\n*[[1041]] - Ο θετός γιος της αυτοκράτειρας [[Ζωή (αυτοκράτειρα)|Ζωής]] ανεβαίνει στο θρόνο της [[Βυζαντινή αυτοκρατορία|Βυζαντινής αυτοκρατορίας]] ως [[Μιχαήλ Ε΄]].\n*[[1508]] - Ο [[Πάπας Ιούλιος Β΄]], ο [[Λουδοβίκος ΙΒ΄ της Γαλλίας]], ο [[Μαξιμιλιανός Α΄ της Αγίας Ρωμαϊκής Αυτοκρατορίας]] και ο [[Φερδινάνδος Β΄ της Αραγωνίας]] σχηματίζουν τη Συμμαχία του Καμπρέ εναντίον της [[Βενετία]]ς.\n*[[1520]] - Ο [[Μαρτίνος Λούθηρος]] καίει δημόσια στη [[Βιτεμβέργη]] το δικό του αντίγραφο της [[Πάπας|παπικής]] βούλας ''Exsurge Domine''.\n*[[1684]] - Ο [[Έντμουντ Χάλλεϋ]] αναγνώσκει στη Βασιλική Εταιρεία το έγγραφο ''De motu corporum in gyrum'' του [[Ισαάκ Νεύτων|Ισαάκ Νεύτωνα]], το οποίο βασίστηκε στο [[Νόμος αστρικών περιφορών|Νόμο αστρικών περιφορών]] του [[Γιοχάνες Κέπλερ]]. \n*[[1817]] - Το [[Μισισίπι]] γίνεται η 20η [[Πολιτείες των ΗΠΑ|πολιτεία των Η.Π.Α.]]\n*[[1861]] - [[Αμερικανικός Εμφύλιος Πόλεμος]]: το [[Κεντάκι]] γίνεται η 13η πολιτεία των [[Συνομόσπονδες Πολιτείες της Αμερικής|Συνομόσπονδων Πολιτειών της Αμερικής]].\n*[[1868]] - Τοποθετούνται έξω από τα [[Ανάκτορα του Ουεστμίνστερ]] στο [[Λονδίνο]] οι πρώτοι [[Φωτεινός σηματοδότης|φωτεινοί σηματοδότες]].\n*[[1877]] - [[Ρωσοτουρκικός πόλεμος (1877-1878)]]: Ο [[Ρωσική Αυτοκρατορία|ρωσικός]] στρατός καταλαμβάνει την [[Πλέβεν]] μετά από 5μηνη πολιορκία. Η φρουρά των 25.000 επιζώντων [[Οθωμανική Αυτοκρατορία|Οθωμανών]] παραδίνεται. Η ρωσική νίκη είναι καθοριστική για την έκβαση του πολέμου και την απελευθέρωση της [[Βουλγαρία]]ς.\n*[[1884]] - Εκδίδονται οι ''Περιπέτειες του Χώκλμπερι Φιν'' του [[Μαρκ Τουαίην]].\n*[[1893]] - Ο [[Χαρίλαος Τρικούπης]] σε ομιλία του στη [[Βουλή των Ελλήνων]] λέει τη φράση που έμεινε στην ιστορία ως ''«[[Δυστυχώς επτωχεύσαμεν]]»''.\n*[[1896]] - Το έργο του [[Αλφρέ Ζαρρύ]] ''Ο Υμπύ βασιλιάς'' κάνει πρεμιέρα στο [[Παρίσι]]. Στο τέλος της παράστασης ξεσπούν ταραχές.\n*[[1898]] - [[Ισπανοαμερικανικός πόλεμος]]: υπογράφεται στο [[Παρίσι]] η συνθήκη με την οποία τερματίζεται επίσημα ο πόλεμος. \n*[[1900]] - Υπογράφεται από τον Ύπατο αρμοστή της [[Κρητική Πολιτεία|Κρητικής πολιτείας]], [[Γεώργιος της Ελλάδας|πρίγκιπα Γεώργιο]], ο νόμος 265 με τον οποίο ιδρύεται το [[Νέο Ταχυδρομικό Ταμιευτήριο|Ταχυδρομικό Ταμιευτήριο]].\n*[[1901]] - Απονέμονται τα πρώτα [[Βραβείο Νόμπελ|βραβεία Νόμπελ]].\n*[[1906]] - Ο [[Ηνωμένες Πολιτείες Αμερικής|Αμερικανός]] πρόεδρος [[Θεόδωρος Ρούζβελτ]] κερδίζει το [[βραβείο Νόμπελ Ειρήνης]] για τη διαμεσολάβησή του στο [[Ρωσοϊαπωνικός Πόλεμος|Ρωσοϊαπωνικό Πόλεμο]] και γίνεται ο πρώτος Αμερικανός που κερδίζει [[Βραβείο Νομπέλ|βραβείο Νόμπελ]]. \n*[[1909]] - Η [[Σέλμα Λάγκερλεφ]] γίνεται η πρώτη γυναίκα συγγραφέας που κερδίζει το [[βραβείο Νόμπελ Λογοτεχνίας]].\n*[[1936]] - Ο [[Εδουάρδος Η΄ του Ηνωμένου Βασιλείου]] υπογράφει την παραίτησή του.\n*[[1941]] - [[Β΄ Παγκόσμιος Πόλεμος]]: τα [[Μεγάλη Βρετανία|βρετανικά]] πολεμικά πλοία ''HMS Prince of Wales'' και ''HMS Repulse'' βυθίζονται από τορπίλες του αυτοκρατορικού [[Ιαπωνία|ιαπωνικού]] ναυτικού στη [[Θάλασσα της Νότιας Κίνας]].\n*[[1948]] - Η [[Γενική Συνέλευση του Οργανισμού Ηνωμένων Εθνών]] υιοθετεί την [[Οικουμενική Διακήρυξη για τα Ανθρώπινα Δικαιώματα]].\n*[[1963]] - Απονέμεται στο [[Γιώργος Σεφέρης|Γιώργο Σεφέρη]] το [[βραβείο Νόμπελ Λογοτεχνίας]].\n* [[2016]] - Διπλή επίθεση στο κέντρο της [[Κωνσταντινούπολη]]ς στοιχίζει τη ζωή σε 44 ανθρώπους και τραυματίζει περίπου 100 ακόμη. Αυτοκίνητο παγιδευμένο με εκρηκτικά ανατινάσσεται κοντά στο γήπεδο της ποδοσφαιρικής ομάδας Μπεσίκτας. Την ευθύνη αναλαμβάνει η οργάνωση Γεράκια για την Απελευθέρωση του Κουρδιστάν (TAK)\n\n==Γεννήσεις==\n*[[1631]] - [[Φραντσέσκο Λάνα ντε Τέρτσι]], Ιταλός μαθηματικός και μηχανικός\n*[[1815]] - [[Άντα Λάβλεϊς]], Αγγλίδα μαθηματικός\n*[[1824]] - [[Τζορτζ ΜακΝτόναλντ]], Σκωτσέζος συγγραφέας\n*[[1830]] - [[Έμιλι Ντίκινσον]], Αμερικανίδα ποιήτρια\n*[[1851]] - [[Μέλβιλ Ντιούι]], Αμερικανός βιβλιοθηκονόμος\n*[[1870]] - [[Άντολφ Λως]], Αυστριακός αρχιτέκτονας\n*[[1885]] - [[Μάριος Βάρβογλης]], Έλληνας συνθέτης\n*[[1886]] - [[Βίκτορ ΜακΛάγκλεν]], Άγγλος ηθοποιός\n*[[1891]] - [[Χάρολντ Αλεξάντερ]], Άγγλος στρατάρχης\n*[[1891]] - [[Νέλλυ Ζαχς]], Γερμανίδα συγγραφέας\n*[[1903]] - [[Μάρτον Μπούκοβι]], Ούγγρος ποδοσφαιριστής και προπονητής\n*[[1908]] - [[Ολιβιέ Μεσιάν]], Γάλλος συνθέτης και ορνιθολόγος\n*[[1909]] - [[Ερμής Παν]], Αμερικανός χορευτής και χορογράφος\n*[[1917]] - [[Κωνσταντίνος Στεφανάκης]], Έλληνας πολιτικός\n*[[1920]] - [[Θανάσης Σκορδαλός]], Έλληνας μουσικός\n*[[1923]] - [[Χόρχε Σεμπρούν]], Ισπανός συγγραφέας\n*[[1926]] - [[Γιώργος Ιωάννου (ζωγράφος)|Γιώργος Ιωάννου]], Έλληνας ζωγράφος\n*[[1928]] - [[Τζων Κολίκος]], Καναδός ηθοποιός\n*[[1930]] - [[Θόδωρος Έξαρχος]], Έλληνας ηθοποιός\n*[[1933]] - [[Μάκο Ιβαμάτσου]], Ιάπωνας ηθοποιός\n*[[1935]] - [[Γιαρόμιλ Γιρίς]], Τσεχοσλοβάκος σκηνοθέτης\n*[[1939]] - [[Ντικ Μπαβέτα]], Αμερικανός διαιτητής καλαθοσφαίρισης\n*[[1944]] - [[Άντρις Μπέρζινς]], Λετονός πολιτικός\n*[[1948]] - [[Ντούσαν Μπάγεβιτς]], Βόσνιος ποδοσφαιριστής και προπονητής\n*[[1953]] - [[Ανδρέας Βγενόπουλος]], Έλληνας επιχειρηματίας\n*[[1957]] - [[Μάικλ Κλαρκ Ντάνκαν]], Αμερικανός ηθοποιός\n*[[1957]] - [[Πρεμ Ραβάτ]], Ινδός πνευματικός ηγέτης\n*[[1964]] - [[Εδίτ Γκονσάλες]], Μεξικανή ηθοποιός\n*[[1973]] - [[Γκαμπριέλα Σπάνικ]], Βενεζουελανή ηθοποιός\n*[[1981]] - [[Σανέλ Γιάχιτς]], Βόσνιος ποδοσφαιριστής\n*[[1984]] - [[Μαρία Καρασταμάτη]], Ελληνίδα αθλήτρια\n*[[1984]] - [[Τζέισον Πολ]], Αμερικανός παλαιστής\n*[[1987]] - [[Γκονσάλο Ιγουαΐν]], Αργεντινός ποδοσφαιριστής\n*[[2014]] - [[Γαβριέλα του Μονακό|Γαβριέλα]], πριγκίπισσα του Μονακό\n*[[2014]] - [[Ιάκωβος του Μονακό|Ιάκωβος]], πρίγκιπας του Μονακό\n\n==Θάνατοι==\n*[[1041]] - [[Μιχαήλ Δ΄ ο Παφλαγών]], Βυζαντινός αυτοκράτορας\n*[[1081]] - [[Νικηφόρος Γ΄ Βοτανειάτης]], Βυζαντινός αυτοκράτορας\n*[[1113]] - [[Φαχρ αλ-Μουλκ Ραντβάν]], Σελτζούκος εμίρης\n*[[1198]] - [[Αβερρόης]], Ανδαλουσιανός δικαστής και ιατρός\n*[[1310]] - [[Στέφανος Α΄ της Βαυαρίας|Στέφανος Α']], δούκας της Βαυαρίας\n*[[1396]] - [[Ελένη Καντακουζηνή (αυτοκράτειρα)|Ελένη Καντακουζηνή]], Βυζαντινή αυτοκράτειρα\n*[[1475]] - [[Πάολο Ουτσέλλο]], Ιταλός ζωγράφος\n*[[1508]] - [[Ρενέ Β΄ της Λωρραίνης|Ρενέ Β΄]], δούκας της Λωρραίνης\n*[[1561]] - [[Κάσπαρ Σβένκφελντ]], Γερμανός θεολόγος\n*[[1849]] - [[Ιάκωβος Ρίζος Νερουλός]], Έλληνας λόγιος\n*[[1851]] - [[Καρλ φον Ντράις]], Γερμανός εφευρέτης\n*[[1865]] - [[Λεοπόλδος Α΄ του Βελγίου|Λεοπόλδος Α΄]], βασιλιάς του Βελγίου\n*[[1896]] - [[Άλφρεντ Νόμπελ]], Σουηδός χημικός και μηχανικός\n*[[1898]] - [[Οδυσσέας Ιάλεμος]], Έλληνας δημοσιογράφος\n*[[1909]] - [[Κόκκινο Σύννεφο]], Ινδιάνος αρχηγός\n*[[1911]] - [[Τζόζεφ Ντάλτον Χούκερ]], Άγγλος βοτανολόγος\n*[[1916]] - [[Ογιάμα Ιβάο]], Ιάπωνας στρατάρχης\n*[[1926]] - [[Νικόλα Πάσιτς]], Σέρβος πολιτικός\n*[[1928]] - [[Τσαρλς Μάκιντος]], Σκωτσέζος αρχιτέκτονας\n*[[1936]] - [[Λουίτζι Πιραντέλλο]], Ιταλός συγγραφέας\n*[[1957]] - [[Ναπολέων Ζέρβας]], Έλληνας αντιστασιακός και πολιτικός\n*[[1968]] - [[Καρλ Μπαρτ]], Ελβετός θεολόγος\n*[[1969]] - [[Λι Χαρλάιν]], Αμερικανός συνθέτης\n*[[1971]] - [[Γκόταρντ Χάινριτσι]], Γερμανός στρατιωτικός\n*[[1978]] - [[Εντ Γουντ]], Αμερικανός σκηνοθέτης\n*[[1980]] - [[Βενέδικτος Ιεροσολύμων|Βενέδικτος]], Πατριάρχης Ιεροσολύμων\n*[[1999]] - [[Φράνιο Τούτζμαν]], Κροάτης πολιτικός\n*[[2000]] - [[Ανδρέας Μουράτης]], Έλληνας ποδοσφαιριστής\n*[[2001]] - [[Θανάσης Σκουλάς]], Έλληνας πολιτικός\n*[[2006]] - [[Αουγούστο Πινοσέτ]], Χιλιανός στρατηγός και πολιτικός\n*[[2010]] - [[Νικόλαος Αστρινίδης]], Έλληνας συνθέτης\n*[[2011]] - [[Σώτια Τσώτου]], Ελληνίδα στιχουργός\n*[[2012]] - [[Άλκης Αλκαίος]], Έλληνας ποιητής και στιχουργός\n*[[2012]] - [[Ιατζουντίν Αχμέτ]], πρόεδρος του Μπανγκλαντές\n*[[2014]] - [[Γιώργος Πέτσος]], Έλληνας πολιτικός\n\n==Αργίες και εορτές==\n* [[Σουηδία]] - [[Βραβείο Νομπέλ|Τελετή Βραβείων Νομπέλ]], Ημέρα της Σημαίας\n* [[Ταϊλάνδη]] - Ημέρα του [[Σύνταγμα|Συντάγματος]]\n* [[Οργανισμός Ηνωμένων Εθνών|Ηνωμένα Έθνη]] - [[Παγκόσμια Ημέρα Ανθρωπίνων Δικαιωμάτων]]\n\n=== [[Ορθόδοξη Εκκλησία]] ===\n{{Πύλη:Ορθοδοξία/Εορτολόγιο/10 Δεκεμβρίου}}\n{{commonscat|10 December}}\n\n== Βλέπε επίσης ==\n\n[[10 Νοεμβρίου]] - [[10 Ιανουαρίου]]\n\n{{Μήνες}}\n\n[[Κατηγορία:Ημέρες του έτους]]"}}}]}]}}