{"batchcomplete":true,"query":{"normalized":[{"fromencoded":false,"from":"10_Αυγούστου","to":"10 Αυγούστου"}],"pages":[{"pageid":3008,"ns":0,"title":"10 Αυγούστου","revisions":[{"slots":{"main":{"contentmodel":"wikitext","contentformat":"text/x-wiki","content":"{{Μήνες Αυγούστου}}\n\n<center>[[9 Αυγούστου]] | '''10 Αυγούστου''' | [[11 Αυγούστου]]</center>\n\n----\nΗ '''10η Αυγούστου''' είναι η 222η ημέρα του έτους κατά το [[Γρηγοριανό ημερολόγιο]] (223η σε δίσεκτα έτη). Υπολείπονται 143 ημέρες.\n\n{{ΗμερολόγιοΣεΠίνακα|8}}\n\n==Γεγονότα==\n*[[654]] - Εκλέγεται ο [[Πάπας Ευγένιος Α΄]] για να διαδεχθεί τον [[Πάπας Μαρτίνος Α΄|Πάπα Μαρτίνο Α΄]].\n*[[955]] - Μάχη του Λέχφελντ: Ο [[Όθων Α΄ της Γερμανίας]] νικά τους Μαγυάρους τερματίζοντας 50 χρόνια εισβολής των Μαγυάρων στη Δύση.\n*[[1519]] - Πέντε πλοία του [[Φερδινάνδος Μαγγελάνος|Φερδινάνδου Μαγγελάνου]] αποπλέουν από τη [[Σεβίλλη]] για τον περίπλου της Γης. Ο [[Βάσκοι|Βάσκος]] υπαρχηγός [[Χουάν Σεμπαστιάν Ελκάνο]] θα ολοκληρώσει την αποστολή μετά τον θάνατο του Μαγγελάνου στις [[Φιλιππίνες]].\n*[[1628]] - Το [[Σουηδία|σουηδικό]] πολεμικό πλοίο ''Βάσα'' βυθίζεται στο λιμάνι της [[Στοκχόλμη]]ς μετά από 20 μόλις λεπτά του παρθενικού του ταξιδιού.\n*[[1675]] - Τίθεται ο θεμέλιος λίθος του [[Αστεροσκοπείο του Γκρήνουιτς|Βασιλικού Αστεροσκοπείου του Γκρήνουιτς]] στο [[Λονδίνο]].\n*[[1755]] - Ο [[Μεγάλη Βρετανία|βρετανικός]] στρατός αρχίζει τη βίαιη απέλαση των [[Ακαδία|Ακαδιανών]] από τη [[Νέα Σκωτία]] προς τις [[Δεκατρείς Αποικίες]]. \n*[[1792]] - [[Γαλλική Επανάσταση]]: Έφοδος στο [[Παλάτι του Κεραμεικού]]. Ο [[Λουδοβίκος ΙΣΤ΄ της Γαλλίας]] συλλαμβάνεται και προφυλακίζεται, ενώ η [[Ελβετική Φρουρά]] του σφαγιάζεται από τον [[Παρίσι|παρισινό]] όχλο.  \n*[[1793]] - Ανοίγει επίσημα το [[Μουσείο του Λούβρου]] στο [[Παρίσι]].\n*[[1809]] - Το [[Κίτο]], η σημερινή [[πρωτεύουσα]] του [[Ισημερινός (χώρα)|Ισημερινού]], κηρύσσει την ανεξαρτησία του από την [[Ισπανία]]. Η εξέγερση αυτή θα συντριβεί στις [[2 Αυγούστου]] του [[1810]].\n*[[1821]] - Το [[Μιζούρι (πολιτεία)|Μιζούρι]] γίνεται η 24η [[Πολιτείες των ΗΠΑ|πολιτεία των Η.Π.Α.]]\n*[[1846]] - Το [[Κογκρέσο των Ηνωμένων Πολιτειών]] ιδρύει το [[Ινστιτούτο Σμιθσόνιαν]] μετά τη δωρεά ύψους 500.000$ από τον Τζέιμς Σμίθσον.\n*[[1899]] - Ιδρύεται η [[Νορβηγία|νορβηγική]] ποδοσφαιρική ομάδα [[Βίκινγκ ΦΚ]].\n*[[1913]] - [[Β΄ Βαλκανικός Πόλεμος]]: Αντιπρόσωποι από τη [[Βουλγαρία]], τη [[Ρουμανία]], τη [[Σερβία]], το [[Μαυροβούνιο]] και την [[Ελλάδα]] υπογράφουν τη [[Συνθήκη Βουκουρεστίου (1913)|Συνθήκη του Βουκουρεστίου]], τερματίζοντας τον πόλεμο.\n*[[1920]] - [[Α΄ Παγκόσμιος Πόλεμος]]: Οι εκπρόσωποι του [[Κατάλογος Σουλτάνων της Οθωμανικής Αυτοκρατορίας|Οθωμανού σουλτάνου]] [[Μωάμεθ ΣΤ΄]] υπογράφουν τη [[Συνθήκη των Σεβρών]] που διαιρεί την [[Οθωμανική Αυτοκρατορία]] μεταξύ των συμμάχων, που παραχωρεί [[Ίμβρος|Ίμβρο]], [[Τένεδος|Τένεδο]], ανατολική [[Θράκη]] και (διοίκηση σε) [[Σμύρνη]] στην [[Βασίλειο της Ελλάδας|Ελλάδα]].\n*[[1932]] - Ένας [[μετεωρίτης]] βάρους 5,1 κιλών σπάει σε τουλάχιστον επτά κομμάτια και προσγειώνεται στο [[Μιζούρι (πολιτεία)|Μιζούρι]]. \n*[[1944]] - [[Β΄ Παγκόσμιος Πόλεμος]]: Οι [[Ηνωμένες Πολιτείες Αμερικής|αμερικανικές]] δυνάμεις νικούν τα τελευταία [[Ιαπωνία|ιαπωνικά]] στρατεύματα στο [[Γκουάμ]].\n*[[1948]] - Η ''Candid Camera'' κάνει το ντεμπούτο της στην τηλεόραση, μετά από ένα χρόνο στο ραδιόφωνο ως ''Candid Microphone''.\n*[[1988]] - [[Εγκλεισμός των Ιαπώνων Αμερικανών]]: Ο [[Ηνωμένες Πολιτείες Αμερικής|Αμερικανός]] πρόεδρος [[Ρόναλντ Ρήγκαν]] υπογράφει το Νόμο περί Πολιτικών Ελευθεριών του 1988, παρέχοντας 20.000 δολάρια σε Ιάπωνες Αμερικανούς που είτε κρατήθηκαν είτε  μεταφέρθηκαν από τις Ηνωμένες Πολιτείες κατά τη διάρκεια του [[Β΄ Παγκόσμιος Πόλεμος|Β΄ Παγκοσμίου Πολέμου]].\n* [[1990]] - Το διαστημόπλοιο ''Μαγγελάνος'' φτάνει στην Αφροδίτη .\n\n==Γεννήσεις==\n*[[787]] - [[Αλβουμάσαρ]], Πέρσης αστρολόγος\n*[[1296]] - [[Ιωάννης της Βοημίας|Ιωάννης]], βασιλιάς της Βοημίας\n*[[1486]] - [[Γουλιέλμος Θ΄ του Μομφερράτου|Γουλιέλμος Θ΄]], μαρκήσιος του Μομφερράτου\n*[[1507]] - [[Ζακ Αρκαντέλτ]], Φλαμανδός συνθέτης\n*[[1520]] - [[Μαγδαληνή της Γαλλίας (1520-1537)]], βασίλισσα της Σκωτίας\n*[[1528]] - [[Έρικ Β΄ του Κάλενμπεργκ]], δούκας του Μπράουνσβαϊγκ-Λύνεμπουργκ\n*[[1810]] - [[Καμίλο Μπένσο, Κόμης του Καβούρ]], Ιταλός πολιτικός\n*[[1849]] - [[Νικολό Γκάλο]], Ιταλός πολιτικός\n*[[1858]] - [[Γκεόργκι Τόντοροφ (στρατηγός)|Γκεόργκι Τόντοροφ]], Βούλγαρος στρατηγός\n*[[1865]] - [[Αλεξάντρ Γκλαζουνόφ]], Ρώσος συνθέτης και διευθυντής ορχήστρας\n*[[1874]] - [[Χέρμπερτ Χούβερ]], 31ος πρόεδρος των Η.Π.Α.\n*[[1878]] - [[Άλφρεντ Ντέμπλιν]], Γερμανός συγγραφέας\n*[[1884]] - [[Παναΐτ Ιστράτι]], Ρουμάνος συγγραφέας\n*[[1888]] - [[Πρίγκιπας Χριστόφορος της Ελλάδας]]\n*[[1911]] - [[Λεωνίδας Ανδριανόπουλος]], Έλληνας ποδοσφαιριστής\n*[[1912]] - [[Χόρχε Αμάντο]], Βραζιλιάνος συγγραφέας\n*[[1916]] - [[Ιμπέρ Μαγκά]], πρόεδρος της Δαχομέης\n*[[1916]] - [[Γιώργος Τζαβέλλας (σκηνοθέτης)|Γιώργος Τζαβέλλας]], Έλληνας σκηνοθέτης\n*[[1928]] - [[Στράτος Ατταλίδης]], Έλληνας συνθέτης\n*[[1934]] - [[Τζέιμς Τέννι]], Αμερικανός συνθέτης\n*[[1947]] - [[Ίαν Άντερσον]], Σκωτσέζος μουσικός\n*[[1951]] - [[Χουάν Μανουέλ Σάντος]], Κολομβιανός πολιτικός\n*[[1955]] - [[Δημήτρης Κουτσούμπας]], Έλληνας πολιτικός, Γενικός Γραμματέας του [[ΚΚΕ]]\n*[[1960]] - [[Αντόνιο Μπαντέρας]], Ισπανός ηθοποιός\n*[[1967]] - [[Αλεσάντρο Ρόσι]], διοικητής του Αγίου Μαρίνου\n*[[1971]] - [[Ρόι Κιν]], Ιρλανδός ποδοσφαιριστής\n*[[1973]] - [[Χαβιέρ Σανέτι]], Αργεντινός ποδοσφαιριστής\n*[[1980]] - [[Γουέιντ Μπάρετ]], Άγγλος παλαιστής\n\n==Θάνατοι==\n*[[210 π.Χ.]] - [[Τσιν Σι Χουάνγκ]], αυτοκράτορας της Κίνας\n*[[258]] - [[Άγιος Λαυρέντιος]]\n*[[353]] - [[Μαγνέντιος]], Ρωμαίος σφετεριστής\n*[[955]] - [[Κορράδος της Λωρραίνης|Κορράδος]], δούκας της Λωρραίνης\n*[[1241]] - [[Ελεονώρα της Βρετάνης|Ελεονώρα]], δούκισσα της Βρετάνης\n*[[1250]] - [[Ερρίκος Δ΄ της Δανίας|Έρικ Δ΄]], βασιλιάς της Δανίας\n*[[1759]] - [[Φερδινάνδος ΣΤ΄ της Ισπανίας|Φερδινάνδος ΣΤ΄]], βασιλιάς της Ισπανίας\n*[[1803]] - [[Άντζελο Μαρία Μπαντίνι]], Ιταλός βιβλιοθηκάριος\n*[[1828]] - [[Αγριολίδης]], Τούρκος γενίτσαρος\n*[[1881]] - [[Σπυρίδων Ζαμπέλιος]], Έλληνας ιστορικός\n*[[1896]] - [[Ότο Λίλιενταλ]], Γερμανός μηχανικός και πρωτοπόρος της αεροπορίας\n*[[1929]] - [[Αλέτα Ενριέτα Γιάκομπς]], Ολλανδέζα ιατρός\n*[[1941]] - [[Ηλίας Βουτιερίδης]], Έλληνας συγγραφέας\n*[[1960]] - [[Φρανκ Λόιντ]], Σκωτσέζος σκηνοθέτης\n*[[1987]] - [[Γεώργιος Αθανασιάδης-Νόβας]], Έλληνας πολιτικός\n*[[1993]] - [[Euronymous]], Νορβηγός κιθαρίστας\n*[[2001]] - [[Γιάννης Φλερύ]], Έλληνας χορογράφος και χορευτής\n*[[2009]] - [[Απόστολος Αηδονάς]], Έλληνας πολιτικός\n*[[2016]] - [[Βάλτερ Χόλενβεγκερ]], Ελβετός θεολόγος\n*[[2017]] - [[Ιπποκράτης Σαββούρας]], Έλληνας πολιτικός\n\n==Αργίες και εορτές==\n\n=== [[Ορθόδοξη Εκκλησία]] ===\n{{Πύλη:Ορθοδοξία/Εορτολόγιο/10 Αυγούστου}}\n\n{{Μήνες}}\n\n[[Κατηγορία:Ημέρες του έτους]]"}}}]}]}}