{"batchcomplete":true,"query":{"normalized":[{"fromencoded":false,"from":"10_Μαΐου","to":"10 Μαΐου"}],"pages":[{"pageid":1845,"ns":0,"title":"10 Μαΐου","revisions":[{"slots":{"main":{"contentmodel":"wikitext","contentformat":"text/x-wiki","content":"{{Μήνες Μαΐου}}\n\n<center>[[9 Μαΐου]] | '''10 Μαΐου''' | [[11 Μαΐου]]</center>\n\n----\nΗ '''10η Μαΐου''' είναι η 130η ημέρα του έτους κατά το [[Γρηγοριανό ημερολόγιο]] (131η σε δίσεκτα έτη).  Υπολείπονται 235 ημέρες.\n\n{{ΗμερολόγιοΣεΠίνακα|5}}\n\n== Γεγονότα ==\n*[[1291]] - Οι [[Σκωτία|Σκωτσέζοι]] ευγενείς αναγνωρίζουν την εξουσία του βασιλιά [[Εδουάρδος Α΄ της Αγγλίας|Εδουάρδου Α΄ της Αγγλίας]] εν αναμονή της επιλογής ενός βασιλιά.\n*[[1497]] - Ο [[Αμέριγκο Βεσπούτσι]] αναχωρεί από το [[Κάδιθ]] για το πρώτο του ταξίδι στον [[Νέος Κόσμος|Νέο Κόσμο]].\n*[[1503]] - Ο [[Χριστόφορος Κολόμβος]] φτάνει στα [[Κέιμαν Νήσοι|νησιά Κέιμαν]] και τα ονομάζει ''Λας Τορτούγας'' (Οι Χελώνες) εξαιτίας των πολλών [[Χελώνια|χελώνιων]] που υπήρχαν εκεί.\n*[[1534]] - Ο [[Ζακ Καρτιέ]] φτάνει στη [[Νέα Γη]].\n*[[1655]] - [[Αγγλία|Αγγλικά]] στρατεύματα καταλαμβάνουν την [[Τζαμάικα]] από τους [[Ισπανία|Ισπανούς]].\n*[[1768]] - Ο Τζων Ουίλκς φυλακίζεται για τη συγγραφή ενός άρθρου στην εφημερίδα ''North Briton'', όπου ασκούσε αυστηρή κριτική εναντίον του βασιλιά [[Γεώργιος Γ΄ του Ηνωμένου Βασιλείου|Γεωργίου Γ΄]]. Το γεγονός προκαλεί ταραχές στο [[Λονδίνο]].\n*[[1773]] - Το κοινοβούλιο της [[Μεγάλη Βρετανία|Μεγάλης Βρετανίας]] περνά νόμο, με τον οποίο χορηγεί στη [[Βρετανική Εταιρεία Ανατολικών Ινδιών]] το [[μονοπώλιο]] του εμπόριου [[Τσάι|τσαγιού]] στη [[Βόρεια Αμερική]].\n*[[1774]] - Ο [[Λουδοβίκος ΙΣΤ΄ της Γαλλίας|Λουδοβίκος ΙΣΤ΄]] και η [[Μαρία Αντουανέτα]] γίνονται βασιλιάς και βασίλισσα, αντίστοιχα, της [[Γαλλία]]ς.\n*[[1775]] - [[Αμερικανική Επανάσταση]]: Μία μικρή αποικιακή δύναμη με επικεφαλής τον Ίθαν Άλλεν και τον συνταγματάρχη Μπένεντικτ Άρνολντ καταλαμβάνει το οχυρό Τικοντερόγκα.\n*[[1775]] - [[Αμερικανική Επανάσταση]]: Αντιπρόσωποι από τις [[Δεκατρείς Αποικίες]] συνέρχονται στο Δεύτερο Ηπειρωτικό Συνέδριο στη [[Φιλαδέλφεια (Πενσυλβάνια)]]. \n*[[1796]] - [[Πόλεμος του Πρώτου Συνασπισμού]]: Ο [[Ναπολέων Α΄]] νικά τις [[Αυστρία|αυστριακές]] δυνάμεις στη γέφυρα του Λοντί πάνω από τον ποταμό Άντα στην [[Ιταλία]]. Οι Αυστριακοί χάνουν περίπου 2.000 άνδρες.\n*[[1801]] - Οι [[Βερβερίνοι πειρατές]] της [[Τρίπολη (Λιβύη)|Τρίπολης]] κηρύσσουν πόλεμο στις [[Ηνωμένες Πολιτείες Αμερικής]].\n*[[1824]] - Ανοίγει για το κοινό η [[Εθνική Πινακοθήκη Λονδίνου|Εθνική Πινακοθήκη του Λονδίνου]].\n*[[1857]] - Ινδική εξέγερση του 1857: Ξεκινά ο πρώτος πόλεμος ανεξαρτησίας της [[Ινδία]]ς.\n*[[1865]] - [[Αμερικανικός Εμφύλιος Πόλεμος]]: ο [[Τζέφερσον Ντέηβις]] συλλαμβάνεται από τα στρατεύματα της [[Ένωση (Αμερικανικός Εμφύλιος Πόλεμος)|Ένωσης]]. \n*[[1866]] - Ο Κάρολος Α΄ στέφεται βασιλιάς της [[Ρουμανία]]ς.\n*[[1872]] - Η [[Βικτόρια Γούντχαλ]] γίνεται η πρώτη γυναίκα υποψήφια για [[πρόεδρος των Ηνωμένων Πολιτειών]].\n*[[1916]] - Πλέοντας σε σωσίβια λέμβο, ο [[Έρνεστ Σάκλετον]] φτάνει στη [[Νήσοι Νότια Γεωργία και Νότιες Σάντουιτς|Νότια Γεωργία]] μετά από ένα ταξίδι 800 ναυτικών μιλίων.\n*[[1922]] - Οι [[Ηνωμένες Πολιτείες Αμερικής]] προσαρτούν τον [[Ύφαλος Κίνγκμαν|ύφαλο Κίνγκμαν]].\n* [[1940]] - [[Β΄ Παγκόσμιος Πόλεμος]]: οι [[Ναζιστική Γερμανία|Γερμανοί]] εισβάλλουν στο [[Βέλγιο]], την [[Ολλανδία]] και το [[Λουξεμβούργο]].\n* [[1940]] - [[Β΄ Παγκόσμιος Πόλεμος]]: ο [[Ουίνστον Τσώρτσιλ]] διορίζεται [[πρωθυπουργός του Ηνωμένου Βασιλείου]] μετά την παραίτηση του [[Νέβιλ Τσάμπερλεν]].\n* [[1940]] - [[Β΄ Παγκόσμιος Πόλεμος]]: Το [[Ηνωμένο Βασίλειο]] εισβάλλει στην [[Ισλανδία]].\n*[[1960]] - Το [[Η.Π.Α.|αμερικανικό]] πυρηνικό [[υποβρύχιο]] ''[[USS Triton (SSRN-586)|Τρίτων]]'' ολοκληρώνει τον πρώτο υποβρύχιο περίπλου της [[Γη]]ς.\n*[[1967]] - Με ομόφωνη γνώμη του ανακριτή Σωκράτη Σωκρατείδη και του εισαγγελέα Θ. Χατζίκου κρίνεται προφυλακιστέος για την [[υπόθεση ΑΣΠΙΔΑ]] και μεταφέρεται στις [[φυλακές Αβέρωφ]] ο [[Ανδρέας Παπανδρέου]].\n* [[1979]] - Οι [[Ομόσπονδες Πολιτείες της Μικρονησίας]] αποκτούν την αυτονομία τους.\n* [[1981]] - Ο [[Φρανσουά Μιτεράν]] γίνεται ο πρώτος σοσιαλιστής πρόεδρος της [[Γαλλία]]ς.\n\n== Γεννήσεις ==\n*[[213]] - [[Κλαύδιος Β΄ Γοτθικός]], Ρωμαίος αυτοκράτορας\n*[[1491]] - [[Σουζάνα της Βουρβόνης]]\n*[[1521]] - [[Ιωάννης Ερνέστος της Σαξονίας-Κόμπουργκ|Ιωάννης Ερνέστος]], δούκας της Σαξονίας-Κόμπουργκ\n*[[1690]] - [[Ζαν Μορώ ντε Σεσέλ]], Γάλλος πολιτικός\n*[[1760]] - [[Κλοντ Ζοζέφ Ρουζέ ντε Λιλ]], Γάλλος στρατιωτικός και συνθέτης\n*[[1770]] - [[Λουί Νικολά Νταβού]], Γάλλος στρατάρχης\n*[[1788]] - [[Αυγουστίνος Φρενέλ]], Γάλλος φυσικός\n*[[1799]] - [[Χριστόδουλος Χατζηπέτρος]], Έλληνας αγωνιστής\n*[[1830]] - [[Φρανσουά - Μαρί Ραούλ]], Γάλλος χημικός\n*[[1838]] - [[Τζον Γουίλκς Μπουθ]], Αμερικανός ηθοποιός και δολοφόνος του [[Αβραάμ Λίνκολν]]\n*[[1872]] - [[Μαρσέλ Μος]], Γάλλος κοινωνιολόγος\n*[[1878]] - [[Κωνσταντίνος Παρθένης]], Έλληνας ζωγράφος\n*[[1878]] - [[Γκούσταβ Στρέζεμαν]], Γερμανός πολιτικός\n*[[1886]] - [[Καρλ Μπαρτ]], Ελβετός θεολόγος\n*[[1888]] - [[Μαξ Στάινερ]], Αυστριακός συνθέτης\n*[[1890]] - [[Άλφρεντ Γιοντλ]], Γερμανός στρατηγός\n*[[1895]] - [[Κάμα Σίνεν]], Γιαπωνέζα υπεραιωνόβια\n*[[1899]] - [[Φρεντ Ασταίρ]], Αμερικανός χορευτής και ηθοποιός\n*[[1900]] - [[Σεσίλια Πέιν-Γκαπόσκιν]], Αγγλίδα αστρονόμος\n*[[1902]] - [[Ντέιβιντ Ο. Σέλζνικ]], Αμερικανός κινηματογραφικός παραγωγός\n*[[1905]] - [[Μάρκος Βαμβακάρης]], Έλληνας τραγουδοποιός\n*[[1907]] - [[Αλφόνσος των Αστουριών (1907-1938)|Αλφόνσος των Αστουριών]], Ισπανός πρίγκιπας\n*[[1922]] - [[Μένιος Κουτσόγιωργας]], Έλληνας πολιτικός\n*[[1925]] - [[Νέστορ Ρόσι]], Αργεντινός ποδοσφαιριστής\n*[[1928]] - [[Άρνολντ Ρίιτελ]], Εσθονός πολιτικός\n*[[1929]] - [[Αντονίν Μαγιέ]], Καναδή συγγραφέας\n*[[1931]] - [[Έττορε Σκόλα]], Ιταλός σκηνοθέτης\n*[[1937]] - [[Ταμάρα Πρες]], Σοβιετική αθλήτρια\n*[[1940]] - [[Γουέιν Ντάιερ]], Αμερικανός συγγραφέας\n*[[1943]] - [[Λιου Τσάο-σιουάν]], πρωθυπουργός της Ταϊβάν\n*[[1947]] - [[Σόε Γουίν]], πρωθυπουργός της Μιανμάρ\n*[[1953]] - [[Τίτο Σαντάνα]], Αμερικανός παλαιστής\n*[[1954]] - [[Χάρης Σώζος]], Έλληνας ηθοποιός \n*[[1957]] - [[Σιντ Βίσιους]], Άγγλος μουσικός ([[Sex Pistols]] και [[The Flowers Of Romance (punk)|The Flowers Of Romance]])\n*[[1965]] - [[Ρόνι Σεϊκέλι]], Λιβανέζος καλαθοσφαιριστής\n*[[1966]] - [[Ηλίας Δημητρέλος]], Έλληνας αγιογράφος\n*[[1966]] - [[Τζόναθαν Έντουαρντς (αθλητής)|Τζόναθαν Έντουαρντς]], Άγγλος αθλητής\n*[[1968]] - [[Γουίλιαμ Ρίγκαλ]], Άγγλος παλαιστής\n*[[1969]] - [[Ντένις Μπέργκαμπ]], Ολλανδός ποδοσφαιριστής\n*[[1973]] - [[Ρουστού Ρετσμπέρ]], Τούρκος ποδοσφαιριστής\n*[[1976]] - [[Αγγελική Τσιολακούδη]], Ελληνίδα ακοντίστρια\n*[[1977]] - [[Νικ Χάιντφελντ]], Γερμανός οδηγός αγώνων\n*[[1978]] - [[Mylo]], Σκωτσέζος μουσικός\n\n== Θάνατοι ==\n*[[238]] - [[Μαξιμίνος Θραξ]], Ρωμαίος αυτοκράτορας\n*[[965]] - [[Χέντβιχ της Σαξονίας]], δούκισσα των Φράγκων\n*[[1290]] - [[Ροδόλφος Β΄ της Αυστρίας|Ροδόλφος Β΄]], δούκας της Αυστρίας\n*[[1403]] - [[Αικατερίνη Σουίνφορντ]], δούκισσα του Λάνκαστερ\n*[[1774]] - [[Λουδοβίκος ΙΕ΄ της Γαλλίας|Λουδοβίκος ΙΕ΄]], βασιλιάς της Γαλλίας\n*[[1775]] - [[Σαμουήλ Χαντζερής]], Πατριάρχης Κωνσταντινουπόλεως\n*[[1849]] - [[Κατσουσίκα Χοκουσάι]], Ιάπωνας καλλιτέχνης\n*[[1889]] - [[Μιχαήλ Σαλτικόφ-Στσεντρίν]], Ρώσος συγγραφέας\n*[[1944]] - [[Νίκος Γλέζος]], Έλληνας αντιστασιακός\n*[[1945]] - [[Κόνραντ Χένλαϊν]], Τσέχος πολιτικός\n*[[1956]] - [[Ανδρέας Δημητρίου]], Κύπριος αγωνιστής\n*[[1956]] - [[Μιχαλάκης Καραολής]], Κύπριος αγωνιστής\n*[[1977]] - [[Τζόαν Κρόφορντ]] Αμερικανίδα ηθοποιός\n*[[1984]] - [[Δημήτριος Κωστάκος]], Έλληνας αξιωματικός της πολεμικής αεροπορίας\n*[[1990]] - [[Γουόκερ Πέρσυ]], Αμερικανός συγγραφέας\n*[[1996]] - [[Κωνσταντίνος Τσιουπλάκης]], Έλληνας πολιτικός\n*[[2003]] - [[Μίλαν Βούξεβιτς]], Σέρβος χημικός\n*[[2006]] - [[Αχιλλέας Κολιούσης]], Έλληνας πολιτικός\n*[[2007]] - [[Γιόβαν Μάνοβιτς]], Κροάτης καλαθοσφαιριστής\n\n== Αργίες και εορτές ==\n=== [[Ορθόδοξη Εκκλησία]] ===\n{{Πύλη:Ορθοδοξία/Εορτολόγιο/10 Μαΐου}}\n\n{{Μήνες}}\n\n[[Κατηγορία:Ημέρες του έτους]]"}}}]}]}}