{"batchcomplete":true,"query":{"normalized":[{"fromencoded":false,"from":"11_Νοεμβρίου","to":"11 Νοεμβρίου"}],"pages":[{"pageid":3565,"ns":0,"title":"11 Νοεμβρίου","revisions":[{"slots":{"main":{"contentmodel":"wikitext","contentformat":"text/x-wiki","content":"{{Μήνες Νοεμβρίου}}\n\n<center>[[10 Νοεμβρίου]] | '''11 Νοεμβρίου''' | [[12 Νοεμβρίου]]</center>\n\n----\nΗ '''11η Νοεμβρίου''' είναι η 315η ημέρα του έτους κατά το [[Γρηγοριανό ημερολόγιο]] (316η σε δίσεκτα έτη). Υπολείπονται 50 ημέρες.\n\n{|width=100%\n| __TOC__\n| {{ΗμερολόγιοΣεΠίνακα|11}}\n|}\n\n== Γεγονότα ==\n*[[308]] - Ο επίτιμος αυτοκράτορας [[Διοκλητιανός]] συσκέπτεται στο Καρνούντο με τον [[Γαλέριος|Γαλέριο]], [[Αύγουστος (τίτλος)|αύγουστο]] της Ανατολής, και τον [[Μαξιμιανός|Μαξιμιανό]], πρώην αύγουστο της Δύσης, σε μία προσπάθεια να τερματίσουν τους εμφύλιους πολέμους της Τετραρχίας.\n*[[1100]] - Ο [[Ερρίκος Α΄ της Αγγλίας]] παντρεύεται τη [[Ματθίλδη της Σκωτίας]], κόρη του [[Μάλκολμ Γ΄ της Σκωτίας]] και απόγονο του [[Σάξονες|Σάξονα]] βασιλιά [[Έντμουντ ο Σιδηρόπλευρος|Έντμουντ του Σιδηρόπλευρου]].\n*[[1215]] - Συνεδριάζει η Δ΄ Σύνοδος του Λατερανού, καθορίζοντας το δόγμα της [[Μετουσίωσις|μετουσίωσης]], δηλαδή τη διαδικασία με την οποία ο άρτος και ο οίνος μετατρέπονται σε σώμα και αίμα του [[Ιησούς Χριστός|Ιησού Χριστού]]. \n*[[1500]] - Συνθήκη της [[Γρανάδα]]ς: Ο [[Λουδοβίκος ΙΒ΄ της Γαλλίας]] και ο [[Φερδινάνδος Β΄ της Αραγωνίας]] συμφωνούν να διαιρέσουν μεταξύ τους το [[Βασίλειο της Νεαπόλεως]].\n*[[1572]] - Ο [[Τύχο Μπράχε]] παρατηρεί τον [[Υπερκαινοφανείς αστέρες|υπερκαινοφανή αστέρα]] SN 1572.\n*[[1675]] - Ο [[Γκότφριντ Βίλχελμ Λάιμπνιτς]] εισάγει τον [[ολοκλήρωμα|ολοκληρωτικό λογισμό]] για πρώτη φορά για να βρει την έκταση υπό τη γραφική παράσταση y=ƒ(x).\n*[[1750]] - Ταραχές ξεσπούν στη [[Λάσα]] μετά τη δολοφονία του αντιβασιλέα του [[Θιβέτ]].\n*[[1826]] - Η [[Αίγινα]] γίνεται πρωτεύουσα του νεοσύστατου [[Ελλάδα|ελληνικού]] κράτους.\n*[[1831]] - Ο Νατ Τέρνερ απαγχονίζεται στην Ιερουσαλήμ της [[Βιρτζίνια]] αφού υποκίνησε μία βίαιη [[Εξέγερση των σκλάβων της Βιρτζίνια|εξέγερση σκλάβων]]. \n*[[1864]] - [[Αμερικανικός Εμφύλιος Πόλεμος]]: Στο πλαίσιο της προετοιμασίας για την πορεία του προς τη θάλασσα, ο στρατηγός Τεκάμσε Σέρμαν δίνει διαταγή να καεί η [[Ατλάντα]].\n*[[1889]] - Η [[Ουάσινγκτον (πολιτεία)|πολιτεία Ουάσινγκτον]] γίνεται η 42η [[Πολιτείες των ΗΠΑ|πολιτεία των Η.Π.Α.]]\n*[[1912]] - Η [[Ηγεμονία της Σάμου|Εθνοσυνέλευση των Σαμίων]] κηρύσσει την ένωση της [[Σάμος|Σάμου]] με την [[Ελλάδα]].\n*[[1912]] - Ο [[Ελλάδα|ελληνικός]] στρατός απελευθερώνει την [[Καστοριά]] και τη [[Χίος|Χίο]] από τους [[Οθωμανική Αυτοκρατορία|Οθωμανούς]].\n*[[1918]] - [[Α΄ Παγκόσμιος Πόλεμος]]: [[Ανακωχή της Κομπιέν (1918)|Ανακωχή της Κομπιέν]]. Η [[Γερμανία]] υπογράφει συμφωνία ανακωχής με τους Συμμάχους σ' ένα βαγόνι στο δάσος της Κομπιέν στη [[Γαλλία]].     \n*[[1918]] - Ο [[Γιούζεφ Πιουσούτσκι]] αναλαμβάνει την στρατιωτική εξουσία στην [[Πολωνία]]. Συμβολική πρώτη ημέρα της πολωνικής ανεξαρτησίας.\n*[[1918]] - Παραιτείται από την εξουσία ο αυτοκράτορας [[Κάρολος Α΄ της Αυστρίας]].\n*[[1923]] - Ο [[Αδόλφος Χίτλερ]] συλλαμβάνεται στο [[Μόναχο]] για προδοσία για το ρόλο του στο [[Πραξικόπημα της μπιραρίας]].\n*[[1934]] - Εγκαινιάζεται στη [[Μελβούρνη]] το [[Μνημείο Ηρώων της Αυστραλίας]].\n*[[1940]] - [[Β΄ Παγκόσμιος Πόλεμος]]: Αεροναυμαχία του Τάραντα. Το [[Βασιλικό Ναυτικό]] πραγματοποιεί επίθεση από [[αεροπλανοφόρο]] εναντίον του [[Ιταλία|ιταλικού]] στόλου στον [[Τάραντας|Τάραντα]].\n*[[1940]] - Το [[Ναζιστική Γερμανία|γερμανικό]] [[Ατλαντίς (καταδρομικό)|καταδρομικό ''Ατλαντίς'']] καταλαμβάνει [[Μεγάλη Βρετανία|βρετανικό]] πλοίο όπου εντοπίζει άκρως απόρρητη αλληλογραφία, την οποία στέλνει στην [[Ιαπωνία]].\n*[[1942]] - Η [[Τουρκία|τουρκική]] κυβέρνηση επιβάλει τον έκτακτο φόρο [[Βαρλίκ Βεργκισί]], που θα αποφέρει μεγάλη οικονομική καταστροφή σε [[Έλληνες]], [[Εβραίοι|Εβραίους]] και [[Αρμένιοι|Αρμένιους]].\n*[[1960]] - Αποτυχημένη απόπειρα στρατιωτικού [[Πραξικόπημα|πραξικοπήματος]] κατά του προέδρου του [[Νότιο Βιετνάμ|Νοτίου Βιετνάμ]].\n*[[1961]] - Ανακοινώνεται η ανακάλυψη κρανίων και εργαλείων της προϊστορικής εποχής στο σπήλαιο Αλεπότρυπα της [[Μάνη]]ς.\n*[[1962]] - Η Εθνοσυνέλευση του [[Κουβέιτ]] επικυρώνει το Σύνταγμα του Κουβέιτ.\n*[[1965]] - Στη [[Ροδεσία]] (σημερινή [[Ζιμπάμπουε]]), η λευκή μειονοτική κυβέρνηση του Ίαν Σμιθ ανακηρύσσει μονομερώς την ανεξαρτησία της χώρας.\n*[[1966]] - Η [[NASA]] εκτοξεύει το [[Τζέμινι 12]].\n*[[1975]] - Ανεξαρτησία της [[Ανγκόλα]]ς.\n*[[1981]] - Η [[Αντίγκουα και Μπαρμπούντα]] γίνεται μέλος του [[Οργανισμός Ηνωμένων Εθνών|Ο.Η.Ε.]]\n*[[2002]] - Το [[Σχέδιο Ανάν]], σχέδιο επίλυσης του [[Κυπριακό (ζήτημα)|Κυπριακού]], που συνέταξε ο γενικός γραμματέας του [[Οργανισμός Ηνωμένων Εθνών|Ο.Η.Ε.]] [[Κόφι Ανάν]], παραδίδεται στην [[Κύπρος|Κύπρο]], την [[Τουρκική Δημοκρατία της Βόρειας Κύπρου|τουρκοκυπριακή πλευρά]] και τις εγγυήτριες δυνάμεις [[Ελλάδα]], [[Τουρκία]] και [[Ηνωμένο Βασίλειο]].\n*[[2004]] - Η [[Οργάνωση για την Απελευθέρωση της Παλαιστίνης]] επιβεβαιώνει το θάνατο του [[Γιάσερ Αραφάτ]] από άγνωστες αιτίες. Λίγα λεπτά αργότερα, εκλέγεται πρόεδρος ο [[Μαχμούντ Αμπάς]].\n\n== Γεννήσεις ==\n*[[1050]] - [[Ερρίκος Δ΄ της Αγίας Ρωμαϊκής Αυτοκρατορίας|Ερρίκος Δ΄]], αυτοκράτορας της Αγίας Ρωμαϊκής Αυτοκρατορίας\n*[[1154]] - [[Σάντσο Α΄ της Πορτογαλίας|Σάντσο Α΄]], βασιλιάς της Πορτογαλίας\n*[[1155]] - [[Αλφόνσος Η΄ της Καστίλης|Αλφόνσος Η΄]], βασιλιάς της Καστίλης\n*[[1220]] - [[Αλφόνσος του Πουατιέ|Αλφόνσος]], κόμης του Πουατιέ\n*[[1441]] - [[Καρλόττα της Σαβοΐας]], βασίλισσα της Γαλλίας\n*[[1748]] - [[Κάρολος Δ΄ της Ισπανίας|Κάρολος Δ΄]], βασιλιάς της Ισπανίας\n*[[1821]] - [[Φιοντόρ Ντοστογιέφσκι]], Ρώσος συγγραφέας\n*[[1835]] - [[Ματτίας Γιόχουμσσον]], Ισλανδός συγγραφέας\n*[[1863]] - [[Πωλ Σινιάκ]], Γάλλος ζωγράφος\n*[[1864]] - [[Πέρσιβαλ Γκριν Σπένσερ]], Άγγλος αεροναυτικός\n*[[1869]] - [[Βίκτωρ Εμμανουήλ Γ΄ της Ιταλίας|Βίκτωρ Εμμανουήλ Γ΄]], βασιλιάς της Ιταλίας\n*[[1882]] - [[Γουσταύος ΣΤ΄ Αδόλφος της Σουηδίας|Γουσταύος ΣΤ΄ Αδόλφος]], βασιλιάς της Σουηδίας\n*[[1885]] - [[Τζωρτζ Σμιθ Πάττον]], Αμερικανός στρατηγός\n*[[1888]] - [[Γιοχάνες Ίττεν]], Ελβετός ζωγράφος\n*[[1896]] - [[Κώστας Καρυωτάκης]], Έλληνας ποιητής\n*[[1905]] - [[Κονσταντίν Καντακουζηνός (πιλότος)|Κονσταντίν Καντακουζηνός]], Ρουμάνος αεροπόρος\n*[[1907]] - [[Ορέστης Λάσκος]], Έλληνας σκηνοθέτης, σεναριογράφος και ποιητής\n*[[1911]] - [[Βαάι Κολόνε]], πρωθυπουργός της Σαμόα\n*[[1922]] - [[Κουρτ Βόνεγκατ]], Αμερικανός συγγραφέας\n*[[1928]] - [[Κάρλος Φουέντες]], Μεξικανός συγγραφέας\n*[[1942]] - [[Σαρλ Κονάν-Μπανί]], πρωθυπουργός της Ακτής Ελεφαντοστού\n*[[1945]] - [[Γιάννης Καλαϊτζής]], Έλληνας σκιτσογράφος\n*[[1945]] - [[Ντανιέλ Ορτέγα]], Νικαραγουανός πολιτικός\n*[[1948]] - [[Βίνσεντ Σκιαβέλι]], Αμερικανός ηθοποιός\n*[[1949]] - [[Δημήτρης Κοκολάκης]], Έλληνας καλαθοσφαιριστής\n*[[1954]] - [[Αλεξάνδρα Παντελάκη]], Ελληνίδα ηθοποιός \n*[[1955]] - [[Γίγκμε Σίνγκγιε Βαντσούκ]], βασιλιάς του Μπουτάν\n*[[1956]] - [[Έντγκαρ Λούνγκου]], πολιτικός της Ζάμπια\n*[[1958]] - [[Λουθ Κασάλ]], Ισπανίδα τραγουδίστρια\n*[[1962]] - [[Γιώργος Μητσιμπόνας]], Έλληνας ποδοσφαιριστής\n*[[1962]] - [[Ντέμι Μουρ]], Αμερικανίδα ηθοποιός\n*[[1966]] - [[Μπενεντίκτα Μπόκκολι]], Ιταλίδα ηθοποιός\n*[[1970]] - [[Ελίνα Κωνσταντοπούλου]], Ελληνίδα τραγουδίστρια\n*[[1974]] - [[Λεονάρντο Ντι Κάπριο]], Αμερικανός ηθοποιός\n*[[1981]] - [[Γουλιέλμος του Λουξεμβούργου (1981)|Γουλιέλμος]], διάδοχος του μεγάλου δούκα του Λουξεμβούργου\n*[[1983]] - [[Φίλιπ Λαμ]], Γερμανός ποδοσφαιριστής\n*[[1986]] - [[Γκρέτα Σαλόμε Στεφανσντότιρ]], Ισλανδή τραγουδίστρια\n\n== Θάνατοι ==\n*[[405]] - [[Πατριάρχης Αρσάκιος|Αρσάκιος]], Πατριάρχης Κωνσταντινουπόλεως\n*[[826]] - [[Άγιος Θεόδωρος ο Στουδίτης]], Βυζαντινός μοναχός και συγγραφέας\n*[[875]] - [[Τευτβέργα]], βασίλισσα της Λοθαριγγίας\n*[[1028]] - [[Κωνσταντίνος Η΄]], Βυζαντινός αυτοκράτορας\n*[[1048]] - [[Αδαλβέρτος της Λωρραίνης|Αδαλβέρτος]], δούκας της Λωρραίνης\n*[[1130]] - [[Θηρεσία του Λεόν (1080-1130)|Θηρεσία]], κόμησσα της Πορτογαλίας\n*[[1285]] - [[Πέτρος Γ΄ της Αραγωνίας|Πέτρος Γ΄]], βασιλιάς της Αραγωνίας\n*[[1331]] - [[Στέφανος Ούρος Γ΄]], βασιλιάς της Σερβίας\n*[[1855]] - [[Σαίρεν Κίρκεγκωρ]], Δανός φιλόσοφος\n*[[1910]] - [[Κωνσταντίνος Κωνσταντόπουλος]], Έλληνας πολιτικός\n*[[1949]] - [[Λουκάς Κανακάρης - Ρούφος]], Έλληνας πολιτικός\n*[[1950]] - [[Αλέξανδρος Διομήδης]], Έλληνας τραπεζικός και πολιτικός\n*[[1976]] - [[Αλεξάντερ Κάλντερ]], Αμερικανός γλύπτης\n*[[1984]] - [[Νικόλαος Χαρίτος]], Έλληνας πολιτικός\n*[[1985]] - [[Λιλή Ιακωβίδη]], Ελληνίδα ποιήτρια\n*[[1990]] - [[Αλέξης Μινωτής]], Έλληνας ηθοποιός\n*[[1990]] - [[Γιάννης Ρίτσος]], Έλληνας ποιητής\n*[[1994]] - [[Βασίλης Δουρίδας]], Έλληνας οργανοπαίκτης\n*[[2003]] - [[Μιχαήλ Γαλενιανός]], Έλληνας πολιτικός\n*[[2004]] - [[Γιάσερ Αραφάτ]], Παλαιστίνιος πολιτικός\n*[[2015]] - [[Φιλ Τέιλορ]], Άγγλος ντράμερ ([[Motörhead]])\n*[[2016]] - [[Ρόμπερτ Βον]], Αμερικανός ηθοποιός\n*[[2022]] - [[Μίνα Αδαμάκη]], Ελληνίδα ηθοποιός\n\n== Αργίες και εορτές ==\n* Παγκόσμια Ημέρα υπέρ της ιδιωτικής ασφάλισης\n* [[Ημέρα Ανακωχής]]\n* Έναρξη του Karneval ([[Καρναβάλι|καρναβαλιού]]), στις 11 και 11 πρώτα λεπτά, στη Γερμανία και την Αυστρία\nΟνόματα που Γιορτάζουν:\n\n* ΒΙΚΤΩΡΑΣ: (Βίκτωρ, Βίκτωρας Βίκτορας.)\n* ΒΙΚΤΩΡΙΑ: (Βικτωρία, Βικτώρια, Βικτόρια, Βικτορία, Βίκο.) \n\n=== [[Ορθόδοξη Εκκλησία]] ===\n{{Πύλη:Ορθοδοξία/Εορτολόγιο/11 Νοεμβρίου}}\n\n{{Μήνες}}\n\n[[Κατηγορία:Ημέρες του έτους]]"}}}]}]}}