{"batchcomplete":true,"query":{"normalized":[{"fromencoded":false,"from":"11_Αυγούστου","to":"11 Αυγούστου"}],"pages":[{"pageid":3009,"ns":0,"title":"11 Αυγούστου","revisions":[{"slots":{"main":{"contentmodel":"wikitext","contentformat":"text/x-wiki","content":"{{Μήνες Αυγούστου}}\n\n<center>[[10 Αυγούστου]] | '''11 Αυγούστου''' | [[12 Αυγούστου]]</center>\n\n----\nΗ '''11η Αυγούστου''' είναι η 223η ημέρα του έτους κατά το [[Γρηγοριανό ημερολόγιο]] (224η σε δίσεκτα έτη). Υπολείπονται 142 ημέρες.\n\n{|width=100%\n| __TOC__\n| {{ΗμερολόγιοΣεΠίνακα|8}}\n|}\n\n== Γεγονότα ==\n*[[106]] - Το νοτιοδυτικό τμήμα της [[Δακία]]ς (στη σημερινή [[Ρουμανία]]) γίνεται [[ρωμαϊκή επαρχία]].\n*[[490]] - Μάχη του Άδδα: Οι [[Γότθοι]] υπό τον [[Θεοδώριχος ο Μέγας|Θεοδώριχο]] και τον σύμμαχό του Αλάριχο Β΄ νικούν τις δυνάμεις του [[Οδόακρος|Οδόακρου]] στον ποταμό Άδδα, κοντά στο [[Μιλάνο]].\n*[[1473]] - Μάχη του Οτλουκμπελί: Ο [[Μωάμεθ Β΄ ο Πορθητής]] νικά αποφασιστικά τον Ουζούν Χασσάν των [[Ακ Κογιουνλού]]. \n*[[1804]] - Ο [[Φραγκίσκος Β´ της Αγίας Ρωμαϊκής Αυτοκρατορίας]] λαμβάνει τον τίτλο του πρώτου αυτοκράτορα της [[Αυστρία]]ς.\n*[[1813]] - Κηρύσσεται η ανεξαρτησία της [[Αντιόχεια Κολομβίας|Αντιόχειας Κολομβίας]].\n*[[1858]] – Πραγματοποιείται η πρώτη ανάβαση στο [[Άιγκερ]] από τον Τσαρλς Μπάρινγκτον, συνοδευόμενο από τους Κρίστιαν Άλμερ και Πήτερ Μπόρεν.\n*[[1934]] - Φτάνουν στην ομοσπονδιακή φυλακή του [[Αλκατράζ]] οι πρώτοι πολιτικοί κρατούμενοι.\n*[[1942]] - Η ηθοποιός [[Χέντι Λαμάρ]] και ο συνθέτης Τζορτζ Άνθεϊλ λαμβάνουν δίπλωμα ευρεσιτεχνίας για ένα σύστημα επικοινωνίας με [[διασπορά φάσματος]], το οποίο αργότερα έγινε η βάση για τη σύγχρονη τεχνολογία των ασύρματων τηλεφώνων και του Wi-Fi.\n*[[1945]] - [[Πολωνία|Πολωνοί]] στην [[Κρακοβία]] εμπλέκονται σε πογκρόμ εναντίον [[Εβραίοι|Εβραίων]] στην πόλη, σκοτώνοντας έναν και τραυματίζοντας πέντε.\n*[[1960]] - Το [[Τσαντ]] κηρύσσει την ανεξαρτησία του.\n*[[1961]] - Τα πρώην [[Πορτογαλία|πορτογαλικά]] εδάφη της [[Ινδία]]ς Ντάντρα και Ναγκάρ Χαβέλι συγχωνεύονται για να δημιουργήσουν την ενωσιακή περιοχή [[Ντάντρα και Ναγκάρ Χαβέλι]].\n*[[1962]] - Εκτοξεύεται το Βοστόκ 3 από το [[κοσμοδρόμιο του Μπαϊκονούρ]] και ο κοσμοναύτης Αντριάν Νικολάγεφ γίνεται το πρώτο πρόσωπο που αιωρείται στη μικροβαρύτητα.\n*[[1965]] - Ξεσπούν [[Ταραχές Γουάτς|ταραχές στο Γουάτς]] του [[Λος Άντζελες]].\n*[[1970]] - Η επιδημία [[Χολέρα|χολέρας]] που μαστίζει την [[Ινδία]] και έχει κάνει την εμφάνισή της στην [[Αίγυπτος|Αίγυπτο]] με τη μορφή χολεροειδούς γαστρεντερίτιδας εξαπλώνεται και στη [[Ένωση Σοβιετικών Σοσιαλιστικών Δημοκρατιών|Σοβιετική Ένωση]], ενώ κρούσματα αναφέρονται στη [[Ρουμανία]], την [[Τουρκία]] και τη [[Νότια Κορέα]]. Μέτρα λαμβάνουν η [[Ιταλία]] και η [[Ελλάδα]], ενώ σοβιετικές πόλεις στη [[Μαύρη Θάλασσα]] και την περιοχή του [[Βόλγας|Βόλγα]] μπαίνουν σε καραντίνα. \n*[[1979]] - Στην [[Ουκρανία]], δύο [[Tupolev Tu-134]] της [[Aeroflot]] συγκρούονται στον αέρα, σκοτώνοντας και τους 178 επιβαίνοντες των δύο αεροσκαφών. \n*[[1982]] - Εκρήγνυται βόμβα στην πτήση 830 της Pan Am στη διαδρομή από το [[Τόκιο]], [[Ιαπωνία]], προς τη [[Χονολουλού]], [[Χαβάη]], σκοτώνοντας έναν επιβάτη και τραυματίζοντας άλλους 16.\n*[[2003]] - Το [[ΝΑΤΟ]] αναλαμβάνει τη διοίκηση της [[Διεθνής Δύναμη Αρωγής για την Ασφάλεια|Διεθνούς Δύναμης Αρωγής για την Ασφάλεια]] στο [[Αφγανιστάν]], σηματοδοτώντας την πρώτη μεγάλη επιχείρησή του εκτός [[Ευρώπη|Ευρώπης]] στην 54χρονη ιστορία του.\n\n== Γεννήσεις ==\n*[[1086]] - [[Ερρίκος Ε΄ της Αγίας Ρωμαϊκής Αυτοκρατορίας|Ερρίκος Ε΄]], αυτοκράτορας της Αγίας Ρωμαϊκής Αυτοκρατορίας\n*[[1510]] - [[Μαργαρίτα Παλαιολογίνα]], μαρκησία του Μομφερράτου\n*[[1667]] - [[Άννα Μαρία Λουΐζα (Λουδοβίκα) των Μεδίκων|Άννα Μαρία Λουΐζα]], τελευταία απόγονος των Μεδίκων\n*[[1826]] - [[Ανδρέας Αναγνωστάκης]], Έλληνας ιατρός και πανεπιστημιακός\n*[[1897]] - [[Ένιντ Μπλάιτον]], Αγγλίδα συγγραφέας\n*[[1927]] - [[Στιούαρτ Ρόζενμπεργκ]], Αμερικανός σκηνοθέτης\n*[[1902]] - [[Νόρμα Σίρερ]], Καναδή ηθοποιός\n*[[1932]] - [[Πίτερ Άιζενμαν]], Αμερικανός αρχιτέκτονας\n*[[1933]] - [[Γιέρζυ Γκροτόφσκι]], Πολωνός σκηνοθέτης\n*[[1939]] - [[Τζέιμς Μάντσαμ]], πρόεδρος των Σεϋχελλών\n*[[1943]] - [[Περβέζ Μουσάραφ]], Πακιστανός στρατιωτικός και πολιτικός\n*[[1946]] - [[Όσκαρ Μπέρχερ]], πρόεδρος της Γουατεμάλας\n*[[1947]] - [[Γιώργος Καρατζαφέρης]], Έλληνας πολιτικός\n*[[1948]] - [[Γιαν Πάλαχ]], Τσέχος ακτιβιστής\n*[[1950]] - [[Στήβεν Βόζνιακ]], Αμερικανός επιστήμονας πληροφορικής και προγραμματιστής, συνιδρυτής της [[Apple]]\n*[[1953]] - [[Χαλκ Χόγκαν]], Αμερικανός παλαιστής και ηθοποιός\n*[[1965]] - [[Βαϊόλα Ντέιβις]], Αμερικανίδα ηθοποιός\n*[[1978]] - [[Σπύρος Γόγολος]], Έλληνας ποδοσφαιριστής\n*[[1979]] - [[Αγγελική Δαλιάνη]], Ελληνίδα ηθοποιός\n*[[1983]] - [[Κρις Χέμσγουορθ]], Αυστραλός ηθοποιός\n\n== Θάνατοι ==\n*[[302]] - [[Φιλομένα]], Ελληνίδα πριγκίπισσα\n*[[449]] - [[Πατριάρχης Φλαβιανός|Φλαβιανός]], Πατριάρχης Κωνσταντινουπόλεως\n*[[1204]] - [[Γκούττορμ της Νορβηγίας|Γκούττορμ]], βασιλιάς της Νορβηγίας\n*[[1253]] - [[Κλάρα της Ασίζης]], Ιταλίδα αγία\n*[[1456]] - [[Ιωάννης Ουνιάδης]], Ούγγρος στρατιωτικός\n*[[1464]] - [[Νικόλαος Κουζάνος]], Γερμανός φιλόσοφος και μαθηματικός\n*[[1494]] - [[Χανς Μέμλινγκ]], Γερμανός ζωγράφος\n*[[1519]] - [[Γιόχαν Τέτσελ]], Γερμανός μοναχός\n*[[1549]] - [[Όθων Α΄ του Χάρμπουργκ|Όθων Α΄]], πρίγκιπας του Χάρμπουργκ\n*[[1832]] - [[Κλοντ Αντουάν]], Γάλλος μηχανικός και πολιτικός\n*[[1854]] - [[Μακεδόνιος Μελόνι]], Ιταλός φυσικός\n*[[1939]] - [[Ζαν Μπουγκάτι]], Γάλλος σχεδιαστής αυτοκινήτων και μηχανικός\n*[[1944]] - [[Σπυρίδων Γραμμένος]], Έλληνας αγωνιστής\n*[[1953]] - [[Τάτσιο Νουβολάρι]], Ιταλός οδηγός αγώνων\n*[[1956]] - [[Τζάκσον Πόλοκ]], Αμερικανός ζωγράφος\n*[[1972]] - [[Μαξ Τάιλερ]], Νοτιοαφρικανός βακτηριολόγος\n*[[1981]] - [[Ανδρέας Β. Γεωργιάδης]], Έλληνας ζωγράφος\n*[[1993]] - [[Αγαμέμνων Γκράτζιος]], Έλληνας στρατιωτικός\n*[[1994]] - [[Βασίλης Μπαρτζιώτας]], Έλληνας κομμουνιστής και αντιστασιακός\n*[[1996]] - [[Τάσος Ισαάκ]], Κύπριος ακτιβιστής\n*[[2002]] - [[Ελίνα Τανιμανίδη]], Ελληνίδα σκηνοθέτης\n*[[2004]] - [[Βάσω Μανωλίδου]], Ελληνίδα ηθοποιός\n*[[2014]] - [[Ρόμπιν Ουίλιαμς]], Αμερικανός ηθοποιός\n\n== Αργίες και εορτές ==\n\n=== [[Ορθόδοξη Εκκλησία]] ===\n{{Πύλη:Ορθοδοξία/Εορτολόγιο/11 Αυγούστου}}\n* Σύναξη Υπεραγίας Θεοτόκου Ελεούσης\n{{Μήνες}}\n\n[[Κατηγορία:Ημέρες του έτους]]"}}}]}]}}