{"batchcomplete":true,"query":{"normalized":[{"fromencoded":false,"from":"11_Ιανουαρίου","to":"11 Ιανουαρίου"}],"pages":[{"pageid":981,"ns":0,"title":"11 Ιανουαρίου","revisions":[{"slots":{"main":{"contentmodel":"wikitext","contentformat":"text/x-wiki","content":"{{Μήνες Ιανουαρίου}}\n\n<center>[[10 Ιανουαρίου]] | '''11 Ιανουαρίου''' | [[12 Ιανουαρίου]]</center>\n\n----\nΗ '''11η Ιανουαρίου''' είναι η 11η ημέρα του έτους κατά το [[Γρηγοριανό ημερολόγιο]]. Υπολείπονται 354 μέρες (355 σε δίσεκτα έτη).\n\n{{ΗμερολόγιοΣεΠίνακα|1}}\n\n== Γεγονότα ==\n{{Commonscat|11 January}}\n*[[532]] - Ξεσπά η [[Στάση του Νίκα]] στην [[Βυζαντινή Κωνσταντινούπολη|Κωνσταντινούπολη]]: Μία διαμάχη μεταξύ οπαδών διαφορετικών ομάδων αρματοδρομίας -των Βένετων και των Πράσινων- κλιμακώνεται σε βίαιες συγκρούσεις στον [[Ιππόδρομος της Κωνσταντινούπολης|Ιππόδρομο της Κωνσταντινούπολης]]. \n*[[1055]] - Η [[Θεοδώρα (11ος αιώνας)|Θεοδώρα]] γίνεται αυτοκράτειρα της [[Βυζαντινή Αυτοκρατορία|Βυζαντινής αυτοκρατορίας]]. \n*[[1158]] - Ο [[Βλαδίσλαος Β΄ της Βοημίας|Βλαδίσλαος Β΄]] γίνεται [[Βασίλειο της Βοημίας|βασιλιάς της Βοημίας]].\n*[[1571]] - Χορηγείται η [[Ανεξιθρησκία|ελευθερία της θρησκείας]] στην [[Αρχιδουκάτο της Αυστρίας|αυστριακή]] αριστοκρατία.\n*[[1693]] - Ισχυρός [[σεισμός]] καταστρέφει περιοχές της [[Σικελία]]ς και της [[Μάλτα]]ς.\n*[[1787]] - Ο [[Ουίλιαμ Χέρσελ]] [[Κατάλογος χρονολογικής ανακάλυψης των πλανητών του Ηλιακού συστήματος και των δορυφόρων τους|ανακαλύπτει]] την [[Τιτάνια (δορυφόρος)|Τιτάνια]] και τον [[Όμπερον (δορυφόρος)|Όμπερον]], δύο από τους [[Δορυφόροι του Ουρανού|δορυφόρους του Ουρανού]].\n*[[1861]] - Η [[Αλαμπάμα]] αποσχίζεται από τις [[Ηνωμένες Πολιτείες Αμερικής]].\n*[[1863]] - [[Αμερικανικός Εμφύλιος Πόλεμος]]: Το [[CSS Alabama|CSS ''Alabama'']] βυθίζει στο [[Τέξας]] το USS ''Hatteras''. \n*[[1922]] - Γίνεται για πρώτη φορά χρήση [[ινσουλίνη]]ς για τη θεραπεία [[Διαβήτης (ασθένεια)|διαβήτη]] σε ασθενή.\n*[[1923]] - Στρατεύματα από τη [[Γαλλία]] και το [[Βέλγιο]] εισβάλλουν στην [[κοιλάδα του Ρουρ]] για να αναγκάσουν τη [[Γερμανία]] να πληρώσει τις αποζημιώσεις του [[Α΄ Παγκόσμιος Πόλεμος|Α΄ Παγκοσμίου Πολέμου]].\n*[[1927]] - Ο Λούις Μάγιερ, επικεφαλής της [[Metro-Goldwyn-Mayer]] (MGM), ανακοινώνει τη δημιουργία της [[Αμερικανική Ακαδημία Κινηματογραφικών Τεχνών και Επιστημών|Αμερικανικής Ακαδημίας Κινηματογραφικών Τεχνών και Επιστημών]] σε ένα συμπόσιο στο [[Λος Άντζελες]]. \n*[[1935]] - Η [[Αμέλια Έρχαρτ]] γίνεται ο πρώτος άνθρωπος που πετάει μόνος του από τη [[Χαβάη]] στην [[Καλιφόρνια]].\n*[[1944]] - Ο [[Πειραιάς]] Βομβαρδίζεται από τη [[Βρετανική Βασιλική Αεροπορία]].\n*[[1945]] - [[Δεκεμβριανά]]: Οι [[Θεόδωρος Μακρίδης]], [[Αθηναγόρας Αθηνέλλης]], [[Γιάννης Ζέβγος]] και [[Δημήτρης Παρτσαλίδης]] ως εκπρόσωποι της Κεντρικής Επιτροπής του [[Ελληνικός Λαϊκός Απελευθερωτικός Στρατός|ΕΛΑΣ]] υπογράφουν εκεχειρία με τον [[Ρόναλντ Σκόμπι]].\n* [[1962]] - Χιονοστιβάδα στο [[Ουασκαράν]] του [[Περού]] σκοτώνει τέσσερις χιλιάδες άτομα.\n* [[1964]] - Στις [[ΗΠΑ]], ο γενικός χειρουργός [[Λούθερ Τέρι]], εκδίδει την πρώτη έκθεση για τις βλαπτικές παρενέργειες του καπνίσματος.\n* [[1972]] - Το Ανατολικό [[Πακιστάν]] μετονομάζεται σε [[Μπανγκλαντές]].\n* [[1972]] - Στη [[Νέα Υόρκη]], η [[Επιτροπή Ατομικής Ενεργείας]] ζητά να γίνει έλεγχος στο εργοστάσιο ατομικής ενέργειας στο [[Ίντιαν Πόιντ]].\n* [[1973]] - Μεγάλες ζημιές σημειώνονται σε σπίτια από το σεισμό στον [[Πύργος Ηλείας|Πύργο Ηλείας]].\n* [[1973]] - Αρχίζει η δίκη για το [[σκάνδαλο Γουότεργκεϊτ]].\n* [[1980]] - Ο [[Νάιτζελ Σορτ]], σε ηλικία 14 χρόνων, γίνεται ο μικρότερος [[σκάκι|σκακιστής]], που κατακτά το βαθμό του Διεθνούς Μάστερ.\n* [[1981]] - Στο [[Ελ Σαλβαδόρ]], η χούντα επιβάλει στρατιωτικό νόμο.\n* [[1982]] - Ο [[Στιβ Ντέιβις]] γράφει ιστορία όταν κάνει το πρώτο μεγαλύτερο σερί (147) κατά τη διάρκεια τηλεοπτικής κάλυψης [[Σνούκερ|snooker]] (μπιλιάρδο).\n* [[1983]] - Το [[Διαδίκτυο]] , (Internet) είναι πλέον γεγονός.\n* [[1984]] - Ο [[Μάικλ Τζάκσον]], είναι υποψήφιος για 12 [[βραβείο Γκράμι|βραβεία Γκράμι]] για το άλμπουμ του ''Thriller''. Τελικά κερδίζει τα 8.\n* [[1989]] - Ο [[Κωνσταντίνος Γ. Καραμανλής|Κωνσταντίνος Καραμανλής]] κάνει την ιστορική δήλωση ότι η χώρα «''έχει μεταβληθεί σε απέραντο φρενοκομείο''».\n* [[1990]] - 200.000 άνθρωποι απαιτούν την ανεξαρτησία της [[Λιθουανία]]ς, που τερματίστηκε το [[1940]] από τον [[Κόκκινος Στρατός|Κόκκινο Στρατό]].\n* [[1991]] - Στην [[Κολομβία]] οι αντάρτες του Λαϊκού Απελευθερωτικού Στρατού συμφωνούν με την κυβέρνηση για την παράδοση των όπλων τους.\n* [[1992]] - Στην [[Ιαπωνία]], επίσημα έγγραφα δείχνουν ότι, πριν 50 χρόνια, κατά τη διάρκεια του [[Β' Παγκόσμιος Πόλεμος|Β΄ Παγκοσμίου Πολέμου]], ο στρατός υποχρέωνε γυναίκες να γίνονται πόρνες, προς διασκέδαση των στρατιωτών του.\n* [[1992]] - Ο [[Πολ Σάιμον]] γίνεται ο πρώτος δυτικός καλλιτέχνης που κάνει τουρνέ στη Δυτική Αφρική μετά τη λήξη του πολιτιστικού μποϊκοτάζ.\n\n== Γεννήσεις ==\n*[[347]] - [[Θεοδόσιος Α΄]], Ρωμαίος αυτοκράτορας\n*[[1383]] - [[Πάπας Ευγένιος Δ΄]]\n*[[1395]] - [[Μιχαέλα του Βαλουά]], δούκισσα της Βουργουνδίας\n*[[1503]] - [[Παρμιτζανίνο]], Ιταλός καλλιτέχνης\n*[[1757]] - [[Αλεξάντερ Χάμιλτον]], Αμερικανός πολιτικός\n*[[1815]] - [[Τζον Μακντόναλντ]], πρωθυπουργός του Καναδά\n*[[1827]] - [[Ράινερ Φερδινάνδος, αρχιδούκας της Αυστρίας]]\n*[[1842]] - [[Γουίλιαμ Τζέιμς]], Αμερικανός ψυχολόγος και φιλόσοφος\n*[[1853]] - [[Γεώργιος Ιακωβίδης]], Έλληνας ζωγράφος\n*[[1859]] - [[Τζωρτζ Κάρζον]], Άγγλος πολιτικός και αντιβασιλιάς της Ινδίας\n*[[1864]] - [[Πολύκαρπος Ξάνθης και Περιθεωρίου]], Έλληνας μητροπολίτης\n*[[1875]] - [[Φριτς Μαντόιφελ]], Γερμανός γυμναστής\n*[[1878]] - [[Θεόδωρος Πάγκαλος (στρατιωτικός)|Θεόδωρος Πάγκαλος]], Έλληνας στρατιωτικός\n*[[1906]] - [[Άλμπερτ Χόφμαν]], Ελβετός χημικός\n*[[1910]] - [[Νίκος Καββαδίας]], Έλληνας ποιητής\n*[[1923]] - [[Ερνστ Νόλτε]], Γερμανός ιστορικός\n*[[1923]] - [[Γρηγόρης Φαράκος]], Έλληνας πολιτικός\n*[[1941]] - [[Σωτήρης Σταυριανάκος]], Έλληνας στρατιωτικός\n*[[1946]] - [[Τζον Πάιπερ]], Αμερικανός θεολόγος\n*[[1953]] - [[Κώστας Σκανδαλίδης]], Έλληνας πολιτικός\n*[[1968]] - [[Μάνος Αχαλινωτόπουλος]], Έλληνας μουσικός\n*[[1975]] - [[Ματέο Ρέντσι]], Ιταλός πολιτικός\n*[[1976]] - [[Ευθύμης Ρεντζιάς]], Έλληνας καλαθοσφαιριστής\n*[[1978]] - [[Έμιλ Χέσκεϊ]], Άγγλος ποδοσφαιριστής\n*[[1983]] - [[Άντριαν Σούτιλ]], Γερμανός οδηγός αγώνων\n*[[1984]] - [[Ντάριο Κρέσιτς]], Κροάτης ποδοσφαιριστής\n*[[1985]] - [[Καζούκι Νακατζίμα]], Ιάπωνας οδηγός αγώνων\n*[[1992]] - [[Ντάνι Καρβαχάλ]], Ισπανός ποδοσφαιριστής\n*[[1996]] - [[Λερουά Σανέ]], Γερμανός ποδοσφαιριστής\n\n== Θάνατοι ==\n*[[705]] - [[Πάπας Ιωάννης ΣΤ΄]]\n*[[812]] - [[Σταυράκιος]], Βυζαντινός αυτοκράτορας\n*[[844]] - [[Μιχαήλ Α΄]], Βυζαντινός αυτοκράτορας \n*[[887]] - [[Μπόζο της Προβηγκίας|Μπόζο]], βασιλιάς της Προβηγκίας\n*[[1055]] - [[Κωνσταντίνος Θ´ ο Μονομάχος]], Βυζαντινός αυτοκράτορας\n*[[1494]] - [[Ντομένικο Γκιρλαντάιο]], Ιταλός ζωγράφος\n*[[1801]] - [[Κυρά Φροσύνη]]\n*[[1804]] - [[Τζέιμς Τίτλερ]], Σκωτσέζος εγκυκλοπαιδιστής και αεροπόρος\n*[[1923]] - [[Κωνσταντίνος Α΄ της Ελλάδας|Κωνσταντίνος Α΄]], βασιλιάς της Ελλάδας\n*[[1928]] - [[Τόμας Χάρντι]], Άγγλος συγγραφέας\n*[[1941]] - [[Εμάνουελ Λάσκερ]], Γερμανός σκακιστής\n*[[1944]] - [[Εμίλιο Ντε Μπόνο]], Ιταλός στρατιωτικός\n*[[1944]] - [[Γκαλεάτσο Τσιάνο]], Ιταλός πολιτικός\n*[[1952]] - [[Ζαν ντε Λατρ ντε Τασινύ]], Γάλλος στρατηγός\n*[[1966]] - [[Αλμπέρτο Τζιακομέτι]], Ελβετός γλύπτης\n*[[1981]] - [[Μπιούλα Μποντάι]], Αμερικανίδα ηθοποιός \n*[[1982]] - [[Τζίρο Χορικόσι]], Ιάπωνας σχεδιαστής αεροσκαφών\n*[[1988]] - [[Ίσιντορ Ισαάκ Ράμπι]], Πολωνός φυσικός\n*[[1989]] - [[Χαρίλαος Θυμιογιάννης]], Έλληνας πολιτικός\n*[[1991]] - [[Καρλ Ντέιβιντ Άντερσον]], Αμερικανός φυσικός\n*[[1992]] - [[Χουάν Χιλμπέρτο Φούνες]], Αργεντινός ποδοσφαιριστής\n*[[1999]] - [[Φαμπρίτσιο Ντε Αντρέ]], Ιταλός τραγουδοποιός\n*[[2000]] - [[Σόλομον Μαμαλόνι]], πρωθυπουργός των νήσων Σολομώντα\n*[[2002]] - [[Ανρί Βερνέιγ]], Αρμένιος σκηνοθέτης\n*[[2006]] - [[Έρικ Νέιμσνικ]], Αμερικανός κολυμβητής\n*[[2008]] - [[Έντμουντ Χίλαρι]], Νεοζηλανδός ορειβάτης\n*[[2010]] - [[Τζο Ρολίνο]], Αμερικανός αρσιβαρίστας\n*[[2013]] - [[Άαρον Σουόρτς]], Αμερικανός προγραμματιστής ηλεκτρονικών υπολογιστών και ακτιβιστής\n*[[2014]] - [[Αριέλ Σαρόν]], Ισραηλινός πολιτικός\n*[[2015]] - [[Μπάμπης Γκολές]], Έλληνας τραγουδιστής\n*[[2019]] - [[Δημήτρης Σιούφας]], Έλληνας πολιτικός και δικηγόρος\n*[[2022]]- [[Νταβίντ Σασόλι]] Ιταλός πολιτικός και δημοσιογράφος\n\n== Αργίες και εορτές ==\n=== Κόσμος ===\n* {{ALB}} - Ημέρα της Δημοκρατίας ([[1946]])\n* {{MAR}} - Ημέρα της Αντίστασης\n* {{NPL}} - Ημέρα της Ενότητας\n* {{PRI}} - Ημέρα του Eugenio María de Hostos\n\n=== [[Ορθόδοξη Εκκλησία]] ===\n{{Πύλη:Ορθοδοξία/Εορτολόγιο/11 Ιανουαρίου}}\n\n{{Μήνες}}\n\n[[Κατηγορία:Ημέρες του έτους]]"}}}]}]}}