{"batchcomplete":true,"query":{"normalized":[{"fromencoded":false,"from":"11_Μαρτίου","to":"11 Μαρτίου"}],"pages":[{"pageid":1421,"ns":0,"title":"11 Μαρτίου","revisions":[{"slots":{"main":{"contentmodel":"wikitext","contentformat":"text/x-wiki","content":"{{Πηγές|3=2022|2=01|8}}\n{{Μήνες Μαρτίου}}\n\n<center>[[10 Μαρτίου]] | [[11 Μαρτίου]] | [[12 Μαρτίου]]</center>\n\n----\nΗ '''11η Μαρτίου''' είναι η 70η ημέρα του έτους κατά το [[Γρηγοριανό ημερολόγιο]] (71η σε δίσεκτα έτη). Υπολείπονται 295 ημέρες.\n\n{{ΗμερολόγιοΣεΠίνακα|3}}\n\n== Γεγονότα ==\n*[[222]] - Ο Ρωμαίος αυτοκράτορας [[Ηλιογάβαλος]] και η μητέρα του, Ιουλία Σοαιμιά, δολοφονούνται από τους Πραιτωριανούς κατά τη διάρκεια εξέγερσης. Τα ακρωτηριασμένα σώματά τους σύρονται στους δρόμους της [[Αρχαία Ρώμη|Ρώμης]] προτού ριχτούν στον [[Τίβερης|Τίβερη]].\n*[[1387]] - Μάχη του Καστανιάρο: Ο [[Αγγλία|Άγγλος]] [[Κοντοτιέροι|κοντοτιέρος]] Τζον Χόουκγουντ οδηγεί την [[Πάντοβα]] σε νίκη εναντίον της [[Βερόνα]].\n*[[1702]] - Εκδίδεται η ''Daily Courant'', η πρώτη καθημερινή [[εφημερίδα]] της [[Αγγλία]]ς. \n*[[1708]] - Η βασίλισσα [[Άννα της Μεγάλης Βρετανίας]] αρνείται να δώσει τη βασιλική συγκατάθεση σε νομοσχέδιο της [[Σκωτία|Σκωτσέζικης]] Πολιτοφυλακής. Είναι η τελευταία φορά που ένας [[Βασίλειο της Μεγάλης Βρετανίας|Βρετανός]] μονάρχης ασκεί βέτο σε νομοθεσία.\n*[[1818]] - Εκδίδεται το μυθιστόρημα ''[[Φρανκενστάιν ή ο Σύγχρονος Προμηθέας]]'' της [[Μαίρη Σέλλεϋ|Μαίρης Σέλλεϋ]].\n*[[1851]] - Λαμβάνει χώρα στη [[Βενετία]] η πρώτη παράσταση του ''[[Ριγκολέττο]]'' του [[Τζουζέπε Βέρντι]].\n*[[1864]] - Πλημμύρα προκαλεί το θάνατο σε πάνω από 240 άτομα στο [[Σέφιλντ]] της [[Αγγλία]]ς.\n*[[1867]] - Λαμβάνει χώρα στο [[Παρίσι]] η πρώτη παράσταση του ''[[Δον Κάρλος]]'' του [[Τζουζέπε Βέρντι]].\n*[[1917]] - [[Α΄ Παγκόσμιος Πόλεμος]]: Η [[Βαγδάτη]] πέφτει στις [[Αγγλία|αγγλο]]-[[Ινδία|ινδικές]] δυνάμεις. \n*[[1928]] - Βυθίζεται στην [[Αίγινα]] το [[Πάνορμος (τορπιλοβόλο)|τορπιλοβόλο ''Πάνορμος'']] μετά από πρόσκρουση σε ύφαλο, χωρίς ανθρώπινη απώλεια.\n*[[1941]] - [[Β΄ Παγκόσμιος Πόλεμος]]: Ο [[Ηνωμένες Πολιτείες Αμερικής|Αμερικανός]] πρόεδρος [[Φραγκλίνος Ρούζβελτ]] υπογράφει το [[Νόμος Εκμισθώσεως και Δανεισμού|Νόμο Εκμισθώσεως και Δανεισμού]], επιτρέποντας το αμερικανικής κατασκευής πολεμικό υλικό να αποστέλλεται στις [[Συμμαχικές δυνάμεις (Β΄ Παγκόσμιος Πόλεμος)|συμμαχικές δυνάμεις]] με τη μορφή δανείου.\n*[[1943]] - Κατά τη διάρκεια του [[Β΄ Παγκόσμιος Πόλεμος|Β΄ Παγκοσμίου Πολέμου]], απελευθερώνεται η πρώτη πόλη της Ευρώπης από τις ιταλικές δυνάμεις του Άξονα, η οποία είναι η [[Καρδίτσα]], καθιστάμενη έτσι η «πρωτεύουσα» της ελεύθερης [[Ελλάδα]]ς.\n*[[1946]] - Συλλαμβάνεται από τα [[Μεγάλη Βρετανία|βρετανικά]] στρατεύματα ο [[Ρούντολφ Ες (διοικητής)|Ρούντολφ Ες]], ο πρώτος διοικητής του [[Στρατόπεδο συγκέντρωσης Άουσβιτς|στρατοπέδου συγκέντρωσης Άουσβιτς]]. \n*[[1983]] - Το [[Πακιστάν]] πραγματοποιεί επιτυχημένη [[δοκιμή πυρηνικών όπλων]].\n* [[1991]] - Ιδρύεται και ξεκινά τη λειτουργία του το διεθνές ειδησεογραφικό τηλεοπτικό δίκτυο του [[BBC]], [[BBC World News]]\n* [[2004]] - Πολλαπλές [[Βομβιστικές επιθέσεις στη Μαδρίτη τις 11 Μαρτίου 2004|βομβιστικές επιθέσεις]] σε αμαξοστοιχίες και σιδηροδρομικούς σταθμούς της [[Μαδρίτη]]ς, που αποδίδονται σε εξτρεμιστικές ισλαμικές οργανώσεις, προκαλούν το θάνατο 191 ανθρώπων και τον τραυματισμό 1.460.\n* [[2009]] - Στο [[Βίνεντεν]] της [[Γερμανία]]ς, κοντά στην [[Στουτγκάρδη]], ένας 17χρονος πρώην μαθητής του σχολείου της πόλης, σκοτώνει 12 μαθητές και καθηγητές και 3 περαστικούς στην προσπάθεια διαφυγής του. Αφού τον πυροβολεί ένας αστυνομικός, αυτοκτονεί με πυροβολισμό στο κεφάλι.\n* [[2011]] - [[Σεισμός (9 ρίχτερ) και τσουνάμι στο Σεντάι της Ιαπωνίας το 2011|Σεισμός και τσουνάμι στο Σεντάι της Ιαπωνίας]], με απολογισμό 15.365 νεκρούς, 5.363 τραυματίες και 8.206 αγνοούμενους.\n\n== Γεννήσεις ==\n*[[1162]] - [[Θεοδώριχος Α΄ του Μάισσεν|Θεοδώριχος Α΄]], μάργραβος του Μάισσεν\n*[[1544]] - [[Τορκουάτο Τάσσο]], Ιταλός ποιητής\n*[[1811]] - [[Ουρμπέν Λεβεριέ]], Γάλλος αστρονόμος και μαθηματικός\n*[[1857]] - [[Γιόχαν Φρίντολφ Χάγκφορς]], Φινλανδός συνθέτης\n*[[1899]] - [[Φρειδερίκος Θ΄ της Δανίας|Φρειδερίκος Θ΄]], βασιλιάς της Δανίας\n*[[1916]] - [[Χάρολντ Ουίλσον]], Άγγλος πολιτικός\n*[[1921]] - [[Άστορ Πιατσόλα]], Αργεντινός συνθέτης\n*[[1922]] - [[Κορνήλιος Καστοριάδης]], Έλληνας φιλόσοφος και οικονομολόγος\n*[[1923]] - [[Φρεντερίκ Μπριλί Μπουαμπρέ]], καλλιτέχνης από την Ακτή Ελεφαντοστού\n*[[1927]] - [[Γιοάχιμ Φούξμπεργκερ]], Γερμανός ηθοποιός και παρουσιαστής\n*[[1929]] - [[Γεώργιος Σαββίδης]], Έλληνας φιλόλογος\n*[[1930]] - [[Σμαΐλ Χαμντανί]], Αλγερινός πολιτικός\n*[[1931]] - [[Ρούπερτ Μέρντοχ]], Αυστραλός επιχειρηματίας\n*[[1936]] - [[Άντονιν Σκαλία]], Αμερικανός δικαστής\n*[[1937]] - [[Μίλαν Βούξεβιτς]], Σέρβος χημικός\n*[[1952]] - [[Ντάγκλας Άνταμς]], Άγγλος συγγραφέας\n*[[1952]] - [[Πέτρος Καραβίτης]], Έλληνας ποδοσφαιριστής\n*[[1952]] - [[Ρικάρδο Μαρτινέλι]], πολιτικός του Παναμά\n*[[1953]] - [[Λάσλο Μπόλονι]], Ρουμάνος ποδοσφαιριστής και προπονητής\n*[[1954]] - [[Σάκης Μπουλάς]], Έλληνας τραγουδιστής και ηθοποιός\n*[[1955]] - [[Νίνα Χάγκεν]], Γερμανίδα τραγουδίστρια\n*[[1956]] - [[Φιορέντσο Στόλφι]], πολιτικός από τον Άγιο Μαρίνο\n*[[1961]] - [[Ηλίας Κοτέας]], Καναδός ηθοποιός\n*[[1966]] - [[Ηλίας Ζούρος]], Έλληνας προπονητής καλαθοσφαίρισης\n*[[1978]] - [[Ντιντιέ Ντρογκμπά]], Ιβοριανός ποδοσφαιριστής\n*[[1981]] - [[Λετόγια Λάκετ]], Αμερικανίδα τραγουδίστρια\n*[[1981]] - [[Χαράλαμπος Ταϊγανίδης]], Έλληνας παραολυμπιονίκης κολυμβητής\n*[[1982]] - [[Θώρα Μπερτς]], Αμερικανίδα ηθοποιός\n*[[1985]] - [[Έβαν Γουίλιαμς]], Καναδός ηθοποιός, μουσικός, εικαστικός καλλιτέχνης και ακτιβιστής\n*[[1985]] - [[Στέλιος Μαλεζάς]], Έλληνας ποδοσφαιριστής\n*[[1988]] - [[Φάμπιο Κοεντράο]], Πορτογάλος ποδοσφαιριστής\n*[[1989]] - [[Αντόν Γιέλτσιν]], Ρώσος ηθοποιός\n*[[1991]] - [[Τζακ Ρόντγουελ]], Άγγλος ποδοσφαιριστής\n*[[1991]] - [[Τσινγκίζ Μουσταφάγιεφ]], Αζέρος τραγουδιστής και τραγουδοποιός\n\n== Θάνατοι ==\n*[[222]] - [[Ηλιογάβαλος]], Ρωμαίος αυτοκράτορας\n*[[638]] - [[Σωφρόνιος Α΄ Ιεροσολύμων|Σωφρόνιος Α΄]], Πατριάρχης Ιεροσολύμων\n*[[1870]] - [[Μοσεσόε Α΄]], βασιλιάς του Λεσότο\n*[[1924]] - [[Ιβάν Γκέσωφ]], Βούλγαρος πολιτικός\n*[[1927]] - [[Ξενοφών Στρατηγός]], Έλληνας στρατηγός\n*[[1931]] - [[Φρίντριχ Βίλχελμ Μούρναου]], Γερμανός σκηνοθέτης\n*[[1949]] - [[Αναστάσιος Χαραλάμπης]], Έλληνας στρατιωτικός\n*[[1955]] - [[Αλεξάντερ Φλέμινγκ]], Σκωτσέζος επιστήμονας\n*[[1977]] - [[Σοφοκλής Ευστρατιάδης]], Έλληνας πολιτικός\n*[[1978]] - [[Σοφία Βέμπο]], Ελληνίδα τραγουδίστρια και ηθοποιός\n*[[1995]] - [[Γουίλφρεντ Τζέικομπς]], γενικός κυβερνήτης στην Αντίγκουα και Μπαρμπούντα\n*[[2002]] - [[Τζέιμς Τόμπιν]], Αμερικανός οικονομολόγος\n*[[2006]] - [[Σλόμπονταν Μιλόσεβιτς]], Σέρβος πολιτικός\n*[[2016]] - [[Κιθ Έμερσον]], Άγγλος μουσικός\n*[[2016]] - [[Γιολάντα Μπάλας]], Ρουμάνα αθλήτρια\n*[[2017]] - [[Ευαγγελία Σαμιωτάκη]], Ελληνίδα ηθοποιός \n*[[2023]] - [[wikidata:Q117307624|Ζαχαρίας Ν Τσιρπανλής]] Έλληνας καθηγητής.\n\n== Αργίες και εορτές ==\n=== [[Ορθόδοξη Εκκλησία]] ===\n{{Πύλη:Ορθοδοξία/Εορτολόγιο/11 Μαρτίου}}\n\n{{Μήνες}}\n\n[[Κατηγορία:Ημέρες του έτους]]"}}}]}]}}