{"batchcomplete":true,"query":{"normalized":[{"fromencoded":false,"from":"11_Ιουλίου","to":"11 Ιουλίου"}],"pages":[{"pageid":2859,"ns":0,"title":"11 Ιουλίου","revisions":[{"slots":{"main":{"contentmodel":"wikitext","contentformat":"text/x-wiki","content":"{{Πηγές|3=2022|2=01|8}}\n{{Μήνες Ιουλίου}}\n\n<center>[[10 Ιουλίου]] | '''11 Ιουλίου''' | [[12 Ιουλίου]]</center>\n\n----\nΗ '''11η Ιουλίου''' είναι η 192η ημέρα του έτους κατά το [[Γρηγοριανό ημερολόγιο]] (193η σε δίσεκτα έτη). Υπολείπονται 173 ημέρες.\n{{ΗμερολόγιοΣεΠίνακα|7}}\n\n== Γεγονότα ==\n*[[472]] - Αφού πολιορκήθηκε στη [[Αρχαία Ρώμη|Ρώμη]] από τους στρατηγούς του, ο αυτοκράτορας της [[Δυτική Ρωμαϊκή Αυτοκρατορία|Δυτικής Ρωμαϊκής Αυτοκρατορίας]] [[Ανθέμιος]] συλλαμβάνεται και εκτελείται.\n*[[813]] - Ο [[Λέων Ε΄]] στέφεται [[Κατάλογος Βυζαντινών αυτοκρατόρων|αυτοκράτορας της Βυζαντινής Αυτοκρατορίας]].\n*[[1174]] - Ο [[Βαλδουίνος Δ΄ της Ιερουσαλήμ|Βαλδουίνος Δ΄]], σε ηλικία 13 ετών, γίνεται βασιλιάς της [[Ιερουσαλήμ]], με τον [[Ραϊμόνδος Γ΄ της Τρίπολης|Ραϊμόνδο Γ΄ της Τρίπολης]] ως αντιβασιλέα και τον [[Γουλιέλμος της Τύρου|Γουλιέλμο της Τύρου]] ως καγκελάριο.\n*[[1302]] - Μάχη των Χρυσών Σπιρουνιών: Οι [[Φλάνδρα|Φλαμανδοί]] νικούν το στρατό του βασιλιά της [[Γαλλία]]ς. \n*[[1346]] - Ο [[Κάρολος Δ΄ της Αγίας Ρωμαϊκής Αυτοκρατορίας|Κάρολος Δ΄]], κόμης του [[Λουξεμβούργο]]υ και βασιλιάς της [[Βοημία]]ς, εκλέγεται βασιλιάς των Ρωμαίων.\n*[[1405]] - Ο ναύαρχος της [[Δυναστεία Μινγκ|δυναστείας των Μινγκ]], [[Τσενκ Χι]], ξεκινά με το στόλο του για το πρώτο του εξερευνητικό ταξίδι.\n*[[1616]] - Ο [[Σαμουέλ ντε Σαμπλαίν]] επιστρέφει στο [[Κεμπέκ (επαρχία)|Κεμπέκ]].\n*[[1789]] - Ο Ζακ Νεκέρ απολύεται από υπουργός Οικονομικών της [[Γαλλία]]ς, γεγονός που προκαλεί την [[άλωση της Βαστίλης]].\n*[[1798]] - Επανασυστήνεται το [[Σώμα Πεζοναυτών των ΗΠΑ]], το οποίο είχε διαλυθεί μετά την [[Αμερικανική Επανάσταση]]. \n*[[1864]] - [[Αμερικανικός Εμφύλιος Πόλεμος]]: Οι [[Συνομόσπονδες Πολιτείες της Αμερικής|συνομόσπονδες]] δυνάμεις προσπαθούν να εισβάλουν στην [[Ουάσινγκτον]].\n*[[1889]] - Ιδρύεται η [[Τιχουάνα]] στο [[Μεξικό]].\n*[[1893]] - Ξεσπά στη [[Νικαράγουα]] [[επανάσταση]] υπό την ηγεσία του φιλελεύθερου στρατηγού και πολιτικού Χοσέ Σάντος Σελάγια.\n*[[1895]] - Οι αδελφοί [[Ωγκύστ και Λουί Λυμιέρ]] παρουσιάζουν την τεχνολογία της κινηματογραφικής ταινίας σε επιστήμονες.\n*[[1897]] - Ο [[Σάλομον Άουγκουστ Αντρέε]] ξεκινά, μαζί με τους συντρόφους του [[Νιλς Στρίντμπεργκ]] και [[Κνουτ Φρένκελ]], από τη [[Σπιτσβέργη]] [[Αποστολή με αερόστατο στην Αρκτική του Σ. Α. Αντρέε (1897)|αποστολή με αερόστατο στην Αρκτική]]. Η αποστολή αποτυγχάνει, οι τρεις συμμετέχοντες σκοτώνονται, και τα σώματά τους βρίσκονται μετά από 33 χρόνια, το 1930.\n*[[1914]] - Ο [[Μπέιμπ Ρουθ]] κάνει το ντεμπούτο του στο [[MLB]].\n*[[1919]] - Η οκτάωρη εργασία και η αργία της Κυριακής γίνονται νόμος για τους εργαζόμενους στην [[Ολλανδία]].\n*[[1920]] - Στο δημοψήφισμα της Ανατολικής Πρωσίας, ο τοπικός πληθυσμός αποφασίζει να παραμείνει στη [[Δημοκρατία της Βαϊμάρης]]. \n*[[1921]] - Τερματίζεται ο [[Ιρλανδικός πόλεμος της ανεξαρτησίας]] μετά την υπογραφή εκεχειρίας μεταξύ των εμπολέμων.\n*[[1921]] - Ο [[Κόκκινος Στρατός]] καταλαμβάνει τη [[Μογγολία]] από τον [[Λευκός Στρατός|Λευκό Στρατό]].\n*[[1921]] - Ο πρώην [[πρόεδρος των Ηνωμένων Πολιτειών]] [[Ουίλιαμ Χάουαρντ Ταφτ]] ορκίζεται ως ο 10ος υπουργός Δικαιοσύνης και γίνεται το μόνο πρόσωπο που κατείχε ποτέ τα δύο αξιώματα.  \n*[[1940]] - [[Β΄ Παγκόσμιος Πόλεμος]]: Εγκαθιδρύεται επίσημα το καθεστώς της [[Γαλλία του Βισύ|Γαλλίας του Βισύ]]. Ο [[Φιλίπ Πεταίν]] γίνεται πρωθυπουργός της [[Γαλλία]]ς.\n*[[1968]] - Η [[χούντα των Συνταγματαρχών]] δίνει στη δημοσιότητα το σχέδιο του νέου [[Σύνταγμα|Συντάγματος]].\n* [[1978]] - Αυτοκίνητο με υγραέριο εκρήγνυται στην [[Ταραγόνα]] της Ισπανίας, με αποτέλεσμα να σκοτωθούν 216 τουρίστες.\n* [[2006]] - [[Ινδία]] - Μουσουλμάνοι του [[Κασμίρ]] ανατινάσσουν επτά βαγόνια πρώτης θέσης ισάριθμων συρμών στο [[Μουμπάι]]. Οι νεκροί ξεπερνούν τους διακόσιους και οι τραυματίες τους εξακόσιους.\n* [[2011]] - [[Κύπρος]] - Φονική [[Έκρηξη στη ναυτική βάση «Ευάγγελος Φλωράκης»|έκρηξη]] κατασχεθέντων πυρομαχικών , αποθηκευμένων σε εμπορευματοκιβώτια στην ναυτική βάση «Αντιστράτηγος Ευάγγελος Φλωράκης» του Κυπριακού Ναυτικού , έχει ως αποτέλεσμα να χάσουν την ζωή τους 13 άτομα (4 αξιωματικοί του ναυτικού εκ των οποίων και ο διοικητής Πλοίαρχος Ανδρέας Ιωαννίδης, τρεις κληρωτοί ναύτες και έξι πυροσβέστες της ΕΜΑΚ) και να καταστραφεί μεγάλο μέρος του ηλεκτροπαραγωγού σταθμού του Βασιλικού.\n\n== Γεννήσεις ==\n*[[154]] - [[Βαρδεσάνης]], Ασσύριος επιστήμονας και λόγιος\n*[[1274]] - [[Ροβέρτος Α΄ της Σκωτίας|Ροβέρτος Α΄]], βασιλιάς της Σκωτίας\n*[[1376]] - [[Λαδίσλαος Α΄ της Νάπολης|Λαδίσλαος Α΄]], βασιλιάς της Νάπολης\n*[[1657]] - [[Φρειδερίκος Α΄ της Πρωσίας|Φρειδερίκος Α΄]], βασιλιάς της Πρωσίας\n*[[1662]] - [[Μαξιμιλιανός Β΄ Εμμανουήλ της Βαυαρίας]]\n*[[1732]] - [[Ζερόμ Λαλάντ]], Γάλλος αστρονόμος\n*[[1767]] - [[Τζον Κουίνσι Άνταμς]], 6ος πρόεδρος των Η.Π.Α.\n*[[1832]] - [[Χαρίλαος Τρικούπης]], Έλληνας πολιτικός\n*[[1844]] - [[Πέτρος Α΄ της Σερβίας|Πέτρος Α΄]], βασιλιάς της Σερβίας\n*[[1864]] - [[Πέταρ Ντένωφ]], Βούλγαρος πνευματικός δάσκαλος\n*[[1908]] - [[Ιωάννης Κοντουδάκης]], Έλληνας αγρότης και πολιτικός.\n*[[1916]] - [[Αλεξάντρ Πρόχοροφ]], Ρώσος φυσικός\n*[[1920]] - [[Γιουλ Μπρίνερ]], Ρώσος ηθοποιός\n*[[1920]] - [[Ζεκάρια Σίτσιν]], Αζέρος συγγραφέας\n*[[1934]] - [[Τζόρτζιο Αρμάνι]], Ιταλός σχεδιαστής μόδας\n*[[1941]] - [[Μιχάλης Γιαννάτος]], Έλληνας ηθοποιός\n*[[1947]] - [[Χρήστος Νικολόπουλος]], Έλληνας συνθέτης\n*[[1952]] - [[Περικλής Δαμάσκος]], Έλληνας υδατοσφαιριστής\n*[[1973]] - [[Κώστας Κεντέρης]], Έλληνας δρομέας\n*[[1975]] - [[Ρούμπεν Μπαράχα]], Ισπανός ποδοσφαιριστής\n*[[1980]] - [[Τάισον Κιντ]], Καναδός παλαιστής\n*[[1985]] - [[Ορέστης Καρνέζης]], Έλληνας ποδοσφαιριστής\n*[[1986]] - [[Γιοάν Γκουρκύφ]], Γάλλος ποδοσφαιριστής\n*[[1993]] - [[Νικόλας Εγγλέζου]], Κύπριος ποδοσφαιριστής\n*[[1994]] - [[Νίνα Νέσμπιτ]], Σκωτσέζα τραγουδίστρια\n\n== Θάνατοι ==\n*[[472]] - [[Ανθέμιος]], Ρωμαίος αυτοκράτορας\n*[[1174]] - [[Αμωρί Α΄ της Ιερουσαλήμ|Αμωρί Α΄]], βασιλιάς της Ιερουσαλήμ\n*[[1302]] - [[Ροβέρτος Β΄ του Αρτουά|Ροβέρτος Β΄]], κόμης του Αρτουά\n*[[1451]] - [[Μπάρμπαρα του Τσέλιε]], αυτοκράτειρα της Αγίας Ρωμαϊκής Αυτοκρατορίας\n*[[1553]] - [[Μαυρίκιος, εκλέκτορας της Σαξονίας|Μαυρίκιος]], εκλέκτορας της Σαξονίας\n*[[1593]] - [[Τζουζέπε Αρτσιμπόλντο]], Ιταλός ζωγράφος\n*[[1908]] - [[Φρίντριχ Τράουν]], Γερμανός αθλητής\n*[[1909]] - [[Σάιμον Νιούκομπ]], Καναδός αστρονόμος και μαθηματικός\n*[[1920]] - [[Ευγενία ντε Μοντίχο]], αυτοκράτειρα της Γαλλίας\n*[[1937]] - [[Τζορτζ Γκέρσουιν]], Αμερικανός συνθέτης\n*[[1941]] - [[Άρθουρ Έβανς]], Άγγλος αρχαιολόγος\n*[[1970]] - [[Αντρέ Λυρσά]], Γάλλος αρχιτέκτονας\n*[[1970]] - [[Ανδρέας Μαλανδρίνος]], Έλληνας ηθοποιός\n*[[1974]] - [[Παίρ Λάγκερκβιστ]], Σουηδός συγγραφέας\n*[[1989]] - [[Λόρενς Ολίβιε]], Άγγλος ηθοποιός\n*[[1991]] - [[Σπύρος Σκαρπαλέζος]], Έλληνας ακαδημαϊκός\n*[[1994]] - [[Σαβάννα]], Αμερικανίδα πορνογραφική ηθοποιός\n*[[1998]] - [[Παναγιώτης Κονδύλης (συγγραφέας)|Παναγιώτης Κονδύλης]], Έλληνας φιλόσοφος και συγγραφέας\n*[[1998]] - [[Ειρήνη Μάρρα]], Ελληνίδα συγγραφέας\n*[[2002]] - [[Γεώργιος Λυγεράκης]], Έλληνας στρατιωτικός\n*[[2011]] - [[Φιλόιμεα Τελίτο|Σερ Φιλόιμεα Τελίτο]], πολιτικός του Τουβαλού\n*[[2014]] - [[Χάουαρντ Κουκ]], Τζαμαϊκανός πολιτικός\n*2015 - Satoru Iwata, President of Nintendo 2001-2015\n\n== Αργίες και εορτές ==\n=== [[Ορθόδοξη Εκκλησία]] ===\n{{Πύλη:Ορθοδοξία/Εορτολόγιο/11 Ιουλίου}}\n\n{{Μήνες}}\n\n[[Κατηγορία:Ημέρες του έτους]]"}}}]}]}}