{"batchcomplete":true,"query":{"normalized":[{"fromencoded":false,"from":"11_Ιουνίου","to":"11 Ιουνίου"}],"pages":[{"pageid":1936,"ns":0,"title":"11 Ιουνίου","revisions":[{"slots":{"main":{"contentmodel":"wikitext","contentformat":"text/x-wiki","content":"{{Μήνες Ιουνίου}}\n\n<center>[[10 Ιουνίου]] | '''11 Ιουνίου''' | [[12 Ιουνίου]]</center>\n\n----\nΗ '''11η Ιουνίου''' είναι η 162η ημέρα του έτους κατά το [[Γρηγοριανό ημερολόγιο]] (163η σε δίσεκτα έτη).  Υπολείπονται 203 ημέρες.\n\n{{ΗμερολόγιοΣεΠίνακα|6}}\n\n== Γεγονότα ==\n*[[786]] - Μία εξέγερση σιιτών στη [[Μέκκα]] συνθλίβεται από τους [[Χαλιφάτο των Αββασιδών|Αββασίδες]]. Ο Ιντρίς Α΄ διαφεύγει στο [[Μαγκρέμπ]], όπου αργότερα θα ιδρύσει τη δυναστεία των [[Ιδρισίδες|Ιδρισίδων]].\n*[[1345]] - Ο Αλέξιος Απόκαυκος, [[Μέγας Δουξ|μέγας δούκας]] της [[Βυζαντινή αυτοκρατορία|Βυζαντινής αυτοκρατορίας]], δολοφονείται από πολιτικούς κρατούμενους.\n*[[1509]] - Ο [[Ερρίκος Η΄ της Αγγλίας]] παντρεύεται την [[Αικατερίνη της Αραγονίας]].\n*[[1594]] - Ο [[Φίλιππος Β΄ της Ισπανίας]] αναγνωρίζει τα δικαιώματα και τα προνόμια των ευγενών στις [[Φιλιππίνες]].\n*[[1770]] -  Ο [[Αγγλία|Άγγλος]] εξερευνητής [[Τζέιμς Κουκ]] προσαράζει στον [[Μεγάλος Κοραλλιογενής Ύφαλος|Μεγάλο Κοραλλιογενή Ύφαλο]].\n*[[1776]] - Το Ηπειρωτικό Κογκρέσο διορίζει τους [[Τόμας Τζέφερσον]], [[Τζον Άνταμς]], [[Βενιαμίν Φραγκλίνος|Βενιαμίν Φραγκλίνο]], Ρότζερ Σέρμαν και Ρόμπερτ Λίβιγκστον στην Επιτροπή των Πέντε για να συντάξουν τη [[Διακήρυξη της Ανεξαρτησίας των ΗΠΑ|διακήρυξη της ανεξαρτησίας των ΗΠΑ]].\n*[[1805]] - Πυρκαγιά καταστρέφει μεγάλο μέρος του [[Ντιτρόιτ]].\n*[[1821]] - [[Ελληνική Επανάσταση του 1821]]: το [[Αγρίνιο]] απελευθερώνεται από τον [[Οθωμανική Αυτοκρατορία|οθωμανικό]] ζυγό.\n*[[1901]] - Το [[Ηνωμένο Βασίλειο]] επεκτείνει τα όρια της αποικίας της [[Νέα Ζηλανδία|Νέας Ζηλανδίας]] ώστε να περιληφθούν και οι [[νήσοι Κουκ]].\n*[[1917]] - Ο [[Αλέξανδρος Α΄των Ελλήνων]] αναλαμβάνει το θρόνο της [[Ελλάδα|Ελλάδας]] μετά την παραίτηση του βασιλιά [[Κωνσταντίνος Α΄ της Ελλάδας|Κωνσταντίνου Α']] υπό την πίεση των [[Τριπλή Αντάντ|συμμαχικών στρατευμάτων]] που καταλαμβάνουν την [[Αθήνα]].\n*[[1937]] - Το Ρωσικό στρατοδικείο καταδικάζει σε θάνατο για την πράξη της προδοσίας και της κατασκοπείας, τον Στρατάρχη Τουχατσέφσκι, καθώς και επτά ακόμη στρατηγούς ([[Υπόθεση Τουχατσέφσκι]])\n*[[1944]] - Τίθεται σε ενεργό δράση το ''[[USS Missouri (BB-63)]]'', το τελευταίο [[θωρηκτό]] που κατασκευάστηκε από το ναυτικό των [[Ηνωμένες Πολιτείες Αμερικής|Ηνωμένων Πολιτειών]] και χώρος όπου υπογράφτηκε η συνθηκολόγηση της [[Ιαπωνία]]ς.  \n*[[1955]] - 83 θεατές σκοτώνονται και 120 τραυματίζονται όταν μία Austin-Healey και μία [[Mercedes-Benz]] συγκρούονται στον αγώνα των 24 ωρών του [[Λε Μαν]], στο πιο θανατηφόρο ατύχημα στην ιστορία του μηχανοκίνητου αθλητισμού.\n* [[1962]] – Οι [[Φρανκ Μόρρις]], [[Τζον Άνγκλιν]] και [[Κλάρενς Άνγκλιν]] γίνονται οι μόνοι φυλακισμένοι που κατάφερνουν να αποδράσουν από τις φυλακές του [[Αλκατράζ]].\n*[[1963]] - Παραιτείται η [[Κυβέρνηση Κωνσταντίνου Γ. Καραμανλή 1961|κυβέρνηση Καραμανλή]] λόγω της εμμονής του βασιλιά [[Παύλος της Ελλάδας|Παύλου]] να πραγματοποιηθεί, τελικά, το επίσημο ταξίδι του στο [[Λονδίνο]] παρά την αντίθετη εισήγηση της κυβέρνησης.\n*[[1963]] - Ο [[κυβερνήτης της Αλαμπάμα]] Τζορτζ Ουάλλας εμποδίζει την εγγραφή δύο μαύρων φοιτητών στο πανεπιστήμιο της [[Αλαμπάμα]]. Αργότερα, την ίδια μέρα, οι δύο φοιτητές εγγράφονται συνοδεία μονάδων της εθνοφρουράς της Αλαμπάμα που έχουν τεθεί υπό ομοσπονδιακή διοίκηση.\n*[[1963]] - Ο [[Βουδισμός|βουδιστής]] μοναχός [[Κουάνγκ Ντουκ]] αυτοπυρπολείται με [[βενζίνη]] σε μία πολυσύχναστη διασταύρωση της [[Χο Τσι Μιν (πόλη)|Σαϊγκόν]] για να διαμαρτυρηθεί για την έλλειψη θρησκευτικής ελευθερίας στο Νότιο Βιετνάμ.\n* [[2002]] – Ο [[Αντόνιο Μεούτσι]] αναγνωρίστηκε από το Αμερικανικό [[Κογκρέσο των Ηνωμένων Πολιτειών|Κογκρέσο]] ως ο πρώτος εφευρέτης του τηλεφώνου.\n* [[2013]] - Η [[Ελληνική Ραδιοφωνία Τηλεόραση|ΕΡΤ]] σύμφωνα με πράξη νομοθετικού περιεχομένου σταματάει την μετάδοσή της.\n* [[2014]] - Οι Τζιχαντιστές του [[Ισλαμικό Κράτος|ΙΚΙΛ]] καταλαμβάνουν την ιρακινή πόλη του Τικρίτ.\n* [[2015]] - Η [[Ελληνική Ραδιοφωνία Τηλεόραση|ΕΡΤ]] σύμφωνα με πράξη νομοθετικού περιεχομένου επαναλειτουργεί μετά από δύο χρόνια\n\n== Γεννήσεις ==\n*[[1403]] - [[Ιωάννης Δ΄ της Βραβάντης|Ιωάννης Δ΄]], δούκας της Βραβάντης\n*[[1431]] - [[Εδμόνδος του Ρίτσμοντ|Εδμόνδος]], κόμης του Ρίτσμοντ\n*[[1519]] - [[Κόζιμο Α΄ των Μεδίκων]], μέγας δούκας της Τοσκάνης\n*[[1572]] - [[Μπεν Τζόνσον (δραματικός ποιητής)|Μπεν Τζόνσον]], Άγγλος συγγραφέας\n*[[1726]] - [[Μαρία Θηρεσία της Ισπανίας (1726-1746)|Μαρία Θηρεσία]], ινφάντα της Ισπανίας\n*[[1776]] - [[Τζον Κόνσταμπλ]], Άγγλος ζωγράφος\n*[[1857]] - [[Αντόνι Γκραμπόφσκι]], Πολωνός χημικός μηχανικός\n*[[1864]] - [[Ρίχαρντ Στράους]], Γερμανός συνθέτης και διευθυντής ορχήστρας\n*[[1867]] - [[Σαρλ Φαμπρί]], Γάλλος φυσικός\n*[[1874]] - [[Λάιμαν Γκίλμορ]], Αμερικανός εφευρέτης\n*[[1876]] - [[Άλφρεντ Λούις Κρέμπερ]], Αμερικανός ανθρωπολόγος\n*[[1894]] - [[Τογιόντα Κιιχίρο]], Ιάπωνας επιχειρηματίας\n*[[1899]] - [[Γιασουνάρι Καβαμπάτα]], Ιάπωνας συγγραφέας\n*[[1910]] - [[Ζακ-Υβ Κουστώ]], Γάλλος ωκεανογράφος\n*[[1922]] - [[Μιχάλης Κακογιάννης]], Κύπριος σκηνοθέτης\n*[[1925]] - [[Γουίλιαμ Στάιρον]], Αμερικανός συγγραφέας\n*[[1928]] - [[Φαμπιόλα του Βελγίου|Φαμπιόλα]], βασίλισσα του Βελγίου\n*[[1933]] - [[Τζιν Γουάιλντερ]], Αμερικανός ηθοποιός\n*[[1952]] - [[Ανότε Τονγκ]], πρόεδρος του Κιριμπάτι\n*[[1956]] - [[Κώστας Δίγκας]], Έλληνας ηθοποιός\n*[[1958]] - [[Παντελής Θαλασσινός]], Έλληνας τραγουδοποιός\n*[[1959]] - [[Χιου Λώρι]], Άγγλος ηθοποιός\n*[[1969]] - [[Πίτερ Ντίνκλατζ]], Αμερικανός ηθοποιός\n*[[1974]] - [[Φραγκίσκος Αλβέρτης]], Έλληνας καλαθοσφαιριστής\n*[[1975]] - [[Θωμάς Μπίμης]], Έλληνας καταδύτης\n*[[1985]] - [[Ντμίτρι Κολντούν]], Λευκορώσος τραγουδιστής\n*[[1986]] - [[Σάια ΛαΜπεφ]], Αμερικανός ηθοποιός\n*[[1988]] - [[Κλερ Χολτ]], Αυστραλή ηθοποιός\n*[[1990]] - [[Κριστόφ Λεμέτρ]], Γάλλος δρομέας\n*[[1994]] - [[Ιβάνα Μπακέρο]], Ισπανίδα ηθοποιός\n\n== Θάνατοι ==\n*[[1050]] - [[Ζωή (αυτοκράτειρα)|Ζωή Πορφυρογέννητη]], αυτοκράτειρα του Βυζαντίου\n*[[1183]] - [[Ερρίκος ο Νεότερος]], βασιλιάς της Αγγλίας\n*[[1216]] - [[Ερρίκος της Φλάνδρας]], αυτοκράτορας της Λατινικής Αυτοκρατορίας\n*[[1363]] - [[Χριστόφορος, δούκας του Λόλλαντ]]\n*[[1393]] - [[Ιωάννης Α΄ του Λα Μαρς|Ιωάννης Α΄]], κόμης του Μαρς\n*[[1488]] - [[Ιάκωβος Γ΄ της Σκωτίας|Ιάκωβος Γ΄]], βασιλιάς της Σκωτίας\n*[[1557]] - [[Ιωάννης Γ΄ της Πορτογαλίας|Ιωάννης Γ΄]], βασιλιάς της Πορτογαλίας\n*[[1560]] - [[Μαρία του Γκιζ]], βασίλισσα της Σκωτίας\n*[[1568]] - [[Ερρίκος Ε΄ του Βολφενμπύτελ|Ερρίκος Ε΄]], πρίγκιπας του Βολφενμπύτελ\n*[[1835]] - [[Ανδρέας Μιαούλης]], Έλληνας ναύαρχος\n*[[1859]] - [[Κλέμενς φον Μέττερνιχ]], Αυστριακός πολιτικός\n*[[1903]] - [[Αλέξανδρος Α΄ της Σερβίας|Αλέξανδρος Α΄]], βασιλιάς της Σερβίας\n*[[1934]] - [[Λεβ Βιγκότσκι]], Ρώσος ψυχολόγος\n*[[1963]] - [[Μιχαήλ Τσαμαδός]], Έλληνας διπλωμάτης και δικαστικός\n*[[1968]] - [[Κωνσταντίνος Γουλής]], Έλληνας πολιτικός\n*[[1970]] - [[Αλέξανδρος Κερένσκι]], Ρώσος πολιτικός\n*[[1974]] - [[Ιούλιος Έβολα]], Ιταλός φιλόσοφος\n*[[1976]] - [[Κωνσταντίνος Αλεξανδρής]], Έλληνας αξιωματικός του Ναυτικού\n*[[1977]] - [[Χαράλαμπος Μακαρόνας]], Έλληνας αρχαιολόγος\n*[[1979]] - [[Τζον Γουέιν]], Αμερικανός ηθοποιός\n*[[1984]] - [[Πέτρος Κυριακός]], Έλληνας ηθοποιός και τραγουδιστής\n*[[1984]] - [[Ενρίκο Μπερλινγκουέρ]], Ιταλός πολιτικός\n*[[1985]] - [[Σαπφώ Νοταρά]], Ελληνίδα ηθοποιός\n*[[1988]] - [[Τζουζέπε Σάραγκατ]], Ιταλός πολιτικός\n*[[1995]] - [[Γεώργιος Σαββίδης]], Έλληνας φιλόλογος\n*[[1996]] - [[Μπριγκίτε Χελμ]], Γερμανίδα ηθοποιός\n*[[1997]] - [[Στέλιος Τσιτσιμελής]], Έλληνας πολιτικός\n*[[1997]] - [[Λεωνίδας Μπουρνιάς]], Έλληνας πολιτικός\n*[[2001]] - [[Τίμοθι ΜακΒέι]], Αμερικανός τρομοκράτης\n*[[2003]] - [[Ηρακλής Ματράγκας]], Έλληνας πολιτικός\n*[[2005]] - [[Θανάσης Παπαθανασίου (βουλευτής ΕΔΑ)|Θανάσης Παπαθανασίου]], Έλληνας πολιτικός\n*[[2006]] - [[Νερόλι Φέρχολ]], Νεοζηλανδή τοξοβόλος\n*[[2007]] - [[Γιώργος Ντότσικας]], Έλληνας υδατοσφαιριστής\n*[[2008]] - [[Χρίστος Λάσκαρης]], Έλληνας ποιητής\n*[[2012]] - [[Τεόφιλο Στίβενσον]], Κουβανός πυγμάχος\n*[[2014]] - [[Κώστας Μουρούζης]], Έλληνας καλαθοσφαιριστής και προπονητής\n*[[2015]] - [[Ντάστι Ρόουντς]], Αμερικανός παλαιστής\n\n== Αργίες και εορτές ==\n\n=== [[Ορθόδοξη Εκκλησία]] ===\n{{Πύλη:Ορθοδοξία/Εορτολόγιο/11 Ιουνίου}}\n\n{{Μήνες}}\n\n[[Κατηγορία:Ημέρες του έτους]]"}}}]}]}}