{"batchcomplete":true,"query":{"normalized":[{"fromencoded":false,"from":"11_Φεβρουαρίου","to":"11 Φεβρουαρίου"}],"pages":[{"pageid":1268,"ns":0,"title":"11 Φεβρουαρίου","revisions":[{"slots":{"main":{"contentmodel":"wikitext","contentformat":"text/x-wiki","content":"{{Πηγές|3=2022|2=01|8}}\n{{Μήνες Φεβρουαρίου}}\n\n<center>[[10 Φεβρουαρίου]] | '''11 Φεβρουαρίου''' | [[12 Φεβρουαρίου]]</center>\n\n----\nΗ '''11η Φεβρουαρίου''' είναι η 42η ημέρα του έτους κατά το [[Γρηγοριανό ημερολόγιο]]. Υπολείπονται 323 ημέρες (324 σε δίσεκτα έτη).\n\n{{ΗμερολόγιοΣεΠίνακα|2}}\n\n== Γεγονότα ==\n{{Commonscat|11 February}}\n*[[660 π.Χ.]] - Παραδοσιακή ημερομηνία ίδρυσης της [[Ιαπωνία]]ς από τον αυτοκράτορα Τζίνμου.\n*[[55]] - Ο Τιβέριος Κλαύδιος Καίσαρας Βρετανικός, διάδοχος της [[Ρωμαϊκή Αυτοκρατορία|Ρωμαϊκής Αυτοκρατορίας]], πεθαίνει κάτω από μυστηριώδεις συνθήκες στη [[Αρχαία Ρώμη|Ρώμη]]. Το γεγονός αυτό ανοίγει το δρόμο στο [[Νέρων]]α να γίνει αυτοκράτορας. \n*[[244]] - Ο αυτοκράτορας [[Γορδιανός Γ΄]] δολοφονείται στη [[Μεσοποταμία]] από στρατιώτες του.\n*[[1659]] - Οι [[Σουηδία|σουηδικές]] δυνάμεις πραγματοποιούν αποτυχημένη επίθεση στην [[Κοπεγχάγη]] με βαριές απώλειες.\n*[[1790]] - Η Θρησκευτική Κοινωνία των Φίλων, γνωστή και ως [[Κουάκεροι]], ζητεί από το [[Κογκρέσο των Ηνωμένων Πολιτειών]] την κατάργηση της [[δουλεία]]ς.\n*[[1826]] - Ιδρύεται το [[Πανεπιστημιακό Κολέγιο Λονδίνου]] με το όνομα ''[[Πανεπιστήμιο του Λονδίνου]]''.\n*[[1840]] - Η όπερα του [[Γκαετάνο Ντονιτσέττι]] ''Η κόρη του συντάγματος'' κάνει πρεμιέρα στο [[Παρίσι]].\n*[[1843]] - Η όπερα του [[Τζουζέπε Βέρντι]] ''[[Οι Λομβαρδοί στην Πρώτη Σταυροφορία]]'' κάνει πρεμιέρα στο [[Μιλάνο]]. \n*[[1855]] - Ο Θεόδωρος Β΄ στέφεται [[αυτοκράτορας της Αιθιοπίας]].\n*[[1873]] - Παραιτείται ο βασιλιάς [[Αμεδαίος της Ισπανίας]].\n*[[1889]] - Υιοθετείται το [[Σύνταγμα της Ιαπωνικής Αυτοκρατορίας]].\n*[[1903]] - Η Συμφωνία αρ. 9 του [[Άντον Μπρούκνερ]] κάνει πρεμιέρα στη [[Βιέννη]].\n*[[1916]] - Η [[Έμμα Γκόλντμαν]] συλλαμβάνεται για διαλέξεις σχετικά με την [[αντισύλληψη]].\n*[[1961]] - Ιδρύεται το [[Δημοκρατικόν Κέντρον - Αγροτική Φιλελευθέρα Ένωσις]] υπό την ηγεσία του [[Γεώργιος Παπανδρέου|Γεωργίου Παπανδρέου]]. Η Νέα Πολιτική Κίνηση διαλύεται και τα στελέχη της προσχωρούν στο νέο κόμμα με εξαίρεση τους [[Ιωάννης Ζίγδης|Ιωάννη Ζίγδη]], [[Παναγής Παπαληγούρας|Παναγή Παπαληγούρα]] και [[Γεώργιος Ράλλης|Γεώργιο Ράλλη]], οι οποίοι καθίστανται ανεξάρτητοι.\n*[[1961]] - Ανακοινώνεται ότι ανακαλύφθηκε στο [[Σπήλαιο Πετραλώνων|σπήλαιο των Πετραλώνων]] της [[Χαλκιδική]]ς κρανίο προϊστορικού ανθρώπου, γνωστού ως «αρχανθρώπου».\n* [[1979]] - Εγκαθιδρύεται επίσημα το καθεστώς της [[Ισλαμική Επανάσταση|Ισλαμικής Επανάστασης]] στο Ιράν, υπό τον [[Αγιατολλάχ Χομεϊνί]].\n* [[1990]] - Απελευθερώνεται ο [[Νέλσον Μαντέλα]], έπειτα από 27 χρόνια κράτησης στις φυλακές [[Victor Vester Prison|Victor Vester]], στα περίχωρα του [[Κέιπ Τάουν]].\n* [[2016]] - Ελικόπτερο του Πολεμικού Ναυτικού της Ελλάδας συντρίβεται στη νήσο [[Κίναρος|Κίναρο]], δυτικά της Λέρου.\n\n== Γεννήσεις ==\n\n*[[1118]] - [[Νουρεντίν Ζενγκί]], εμίρης της Δαμασκού\n*[[1466]] - [[Ελισάβετ της Υόρκης]], βασίλισσα της Αγγλίας\n*[[1776]] - [[Ιωάννης Καποδίστριας]], Έλληνας πολιτικός\n*[[1841]] - [[Αντόλφο Φαρσάρι]], Ιταλός φωτογράφος\n*[[1847]] - [[Τόμας Έντισον]], Αμερικανός εφευρέτης\n*[[1881]] - [[Κάρλο Καρά]], Ιταλός ζωγράφος\n*[[1900]] - [[Χανς-Γκέοργκ Γκάνταμερ]], Γερμανός φιλόσοφος\n*[[1909]] - [[Τζόζεφ Λ. Μάνκιεβιτς]], Αμερικανός σκηνοθέτης\n*[[1910]] - [[Ηλίας Αργυριάδης]], Έλληνας κομμουνιστής\n*[[1911]] - [[Καρλ Σίφερτ]], Αμερικανός αστρονόμος\n*[[1915]] - [[Πάτρικ Λη Φέρμορ]], Άγγλος συγγραφέας\n*[[1915]] - [[Ρίτσαρντ Χάμινγκ]], Αμερικανός μαθηματικός\n*[[1917]] - [[Σίντνεϋ Σέλντον]], Αμερικανός συγγραφέας\n*[[1920]] - [[Φαρούκ της Αιγύπτου|Φαρούκ]], βασιλιάς της Αιγύπτου\n*[[1926]] - [[Λέσλι Νίλσεν]], Καναδός ηθοποιός\n*[[1944]] - [[Ρία Δελούτση]], Ελληνίδα ηθοποιός\n*[[1947]] - [[Γιούκιο Χατογιάμα]], Ιάπωνας πολιτικός\n*[[1948]] - [[Δώρα Σιτζάνη]], Ελληνίδα ηθοποιός και στιχουργός\n*[[1953]] - [[Τζεμπ Μπους]], Αμερικανός πολιτικός\n*[[1965]] - [[Στέλιος Ρόκκος]], Έλληνας τραγουδοποιός\n*[[1969]] - [[Τζένιφερ Άνιστον]], Αμερικανίδα ηθοποιός\n*[[1971]] - [[Ντέμιαν Λιούις]], Άγγλος ηθοποιός\n*[[1974]] - [[Μαρία Μπεκατώρου]], Ελληνίδα παρουσιάστρια\n*[[1977]] - [[Γιάννης Οκκάς]], Κύπριος ποδοσφαιριστής\n*[[1980]] -[[Θάνος Τοκάκης]], Έλληνας ηθοποιός και σκηνοθέτης\n*[[1981]] - [[Κέλι Ρόουλαντ]], Αμερικανίδα τραγουδίστρια\n*[[1983]] - [[Ράφαελ Φαν ντερ Φάαρτ]], Ολλανδός ποδοσφαιριστής \n*[[1992]] - [[Τέιλορ Λότνερ]], Αμερικανός ηθοποιός\n\n== Θάνατοι ==\n*[[244]] - [[Γορδιανός Γ΄]], Ρωμαίος αυτοκράτορας\n*[[641]] - [[Ηράκλειος]], Βυζαντινός αυτοκράτορας\n*[[731]] - [[Πάπας Γρηγόριος Β΄]]\n*[[824]] - [[Πάπας Πασχάλης Α΄]]\n*[[1127]] - [[Γουλιέλμος Θ΄ της Ακουιτανίας|Γουλιέλμος Θ΄]], δούκας της Ακουιτανίας\n*[[1503]] - [[Ελισάβετ της Υόρκης]], βασίλισσα της Αγγλίας\n*[[1586]] - [[Αύγουστος της Σαξονίας|Αύγουστος]], εκλέκτορας της Σαξονίας\n*[[1622]] - [[Αλφόνσο Φοντανέλλι]], Ιταλός συνθέτης\n*[[1650]] - [[Ρενέ Ντεκάρτ]], Γάλλος φιλόσοφος, μαθηματικός και συγγραφέας\n*[[1799]] - [[Λάζαρος Σπαλαντζάνι]], Ιταλός φυσιοδίφης\n*[[1829]] - [[Αλεξάντρ Γκριμπογέντοφ]], Ρώσος θεατρικός συγγραφέας και διπλωμάτης\n*[[1868]] - [[Ζαν Μπερνάρ Λεόν Φουκώ]], Γάλλος αστρονόμος\n*[[1901]] - [[Μίλαν Γ΄ Ομπρένοβιτς]], βασιλιάς της Σερβίας\n*[[1935]] - [[Γερμανός Καραβαγγέλης]], Έλληνας μητροπολίτης\n*[[1937]] - [[Γουόλτερ Μπάρλεϊ Γκρίφιν]], Αμερικανός αρχιτέκτονας\n*[[1940]] - [[Τζων Μπάκαν]], Σκωτσέζος πολιτικός\n*[[1948]] - [[Σεργκέι Αϊζενστάιν]], Σοβιετικός σκηνοθέτης\n*[[1963]] - [[Σύλβια Πλαθ]], Αμερικανίδα συγγραφέας\n*[[1973]] - [[Γιοχάνες Χανς Ντάνιελ Γιένσεν]], Γερμανός φυσικός\n*[[1975]] - [[Ρισάρ Ρατσιμαντραβά]], πρόεδρος της Μαδαγασκάρης\n*[[1982]] - [[Τακάσι Σιμούρα]], Ιάπωνας ηθοποιός\n*[[1985]] - [[Μάρτον Μπούκοβι]], Ούγγρος ποδοσφαιριστής και προπονητής\n*[[1988]] - [[Φώτης Μεσθεναίος]], Έλληνας σκηνοθέτης\n*[[1994]] - [[Ουίλιαμ Κόνραντ]], Αμερικανός ηθοποιός\n*[[1994]] - [[Σόρελ Μπουκ]], Αμερικανός ηθοποιός\n*[[1994]] - [[Πωλ Φεγεράμπεντ]], Αυστριακός φιλόσοφος\n*[[1999]] - [[Ουΐλιαμ Αλόνσο]], Αργεντινός οικονομολόγος\n*[[2000]] - [[Ροζέ Βαντίμ]], Γάλλος σκηνοθέτης\n*[[2010]] - [[Αλεξάντερ ΜακΚουίν]], Άγγλος σχεδιαστής μόδας\n*[[2012]] - [[Αλέξανδρος Σχινάς (συγγραφέας)|Αλέξανδρος Σχινάς]], Έλληνας συγγραφέας και δημοσιογράφος\n*[[2012]] - [[Γουίτνεϋ Χιούστον]], Αμερικανίδα τραγουδίστρια και ηθοποιός\n*[[2019]] - [[Σιμπγκατουλάχ Μοτζαντεντί]], Αφγανός πολιτικός\n*[[2021]] – [[Αντώνης Καλογιάννης]], Έλληνας τραγουδιστής\n\n== Αργίες και εορτές ==\n=== Κόσμος ===\n\n* Παγκόσμια Ημερα των Γυναικών και των Κοριτσιών στις Επιστήμες\n\n* {{JPN}} - Εθνική εορτή (Ίδρυση του κράτους)\n* {{LBR}} - Ημέρα ενόπλων δυνάμεων\n* {{CMR}} - Εθνική ημέρα νεολαίας\n\n=== [[Ορθόδοξη Εκκλησία]] ===\n{{Πύλη:Ορθοδοξία/Εορτολόγιο/11 Φεβρουαρίου}}\n\n{{Μήνες}}\n\n[[Κατηγορία:Ημέρες του έτους]]"}}}]}]}}