{"batchcomplete":true,"query":{"normalized":[{"fromencoded":false,"from":"11_Δεκεμβρίου","to":"11 Δεκεμβρίου"}],"pages":[{"pageid":3737,"ns":0,"title":"11 Δεκεμβρίου","revisions":[{"slots":{"main":{"contentmodel":"wikitext","contentformat":"text/x-wiki","content":"{{Μήνες Δεκεμβρίου}}\n\n<center>[[10 Δεκεμβρίου]] | '''11 Δεκεμβρίου''' | [[12 Δεκεμβρίου]]</center>\n\n----\nΗ '''11η Δεκεμβρίου''' είναι η 345η ημέρα του έτους κατά το [[Γρηγοριανό ημερολόγιο]] (346η σε δίσεκτα έτη). Υπολείπονται 20 ημέρες.\n\n{{ΗμερολόγιοΣεΠίνακα|12}}\n\n== Γεγονότα ==\n*[[861]] - Δολοφονείται ο [[Χαλιφάτο των Αββασιδών|χαλίφης των Αββασιδών]] [[Αλ-Μουταβάκιλ]] από την τουρκική φρουρά, η οποία ανεβάζει στο θρόνο τον αλ-Μουντασίρ. Έναρξη της »[[Αναρχία στη Σαμάρα|Αναρχίας στη Σαμάρα]]».\n*[[969]] - Ο [[Κατάλογος Βυζαντινών αυτοκρατόρων|Βυζαντινός αυτοκράτορας]] [[Νικηφόρος Β´ Φωκάς]] δολοφονείται από τη σύζυγό του, [[Θεοφανώ (10ος αιώνας)|Θεοφανώ]], και τον εραστή της και μετέπειτα αυτοκράτορα [[Ιωάννης Α΄ Τσιμισκής|Ιωάννη Α΄ Τσιμισκή]].\n*[[1688]] - [[Ένδοξη Επανάσταση]]: Ο [[Ιάκωβος Β΄ της Αγγλίας]] αποπειράται να διαφύγει στη [[Γαλλία]] και φέρεται να πετάει τη Μεγάλη Σφραγίδα του Βασιλείου στον [[Τάμεσης|Τάμεση]]. \n*[[1792]] - [[Γαλλική Επανάσταση]]: Ο [[Λουδοβίκος ΙΣΤ΄ της Γαλλίας]] οδηγείται από τη [[Συμβατική Εθνοσυνέλευση]] σε δίκη για προδοσία. \n*[[1816]] - Η [[Ιντιάνα]] γίνεται η 19η [[Πολιτείες των ΗΠΑ|πολιτεία των Η.Π.Α.]]\n*[[1889]] - [[Δεύτερος Πόλεμος των Μπόερς]]: Στη [[Μάχη του Μαχερσφοντέιν]] οι [[Μπόερς]] υπό την ηγεσία του στρατηγού [[Πιέτ Κρόνιε]] καταβάλουν τις δυνάμεις της [[Βρετανική Αυτοκρατορία|Βρετανικής Αυτοκρατορίας]] του [[Πωλ Μεθούεν, 3ος Βαρώνος Μεθούεν|Λόρδου Μεθούεν]] ο οποίος επιχειρούσε να λύσει την [[Πολιορκία του Κίμπερλεϊ]].\n*[[1920]] - [[Ιρλανδικός πόλεμος της ανεξαρτησίας]]: Σε αντίποινα για ενέδρα του [[Ιρλανδικός Δημοκρατικός Στρατός|ΙΡΑ]], [[Μεγάλη Βρετανία|βρετανικές]] δυνάμεις καίνε και λεηλατούν πολυάριθμα κτίρια στο [[Κορκ]] της [[Ιρλανδία]]ς. Πολλοί πολίτες ανέφεραν επίσης ότι ξυλοκοπήθηκαν, πυροβολήθηκαν, ληστεύτηκαν και εξυβρίστηκαν από τις βρετανικές δυνάμεις. \n*[[1927]] - Εξέγερση στο [[Κουανγκτσόου]]: [[Κομμουνιστικό Κόμμα της Κίνας|Κομμουνιστές]] πραγματοποιούν εξέγερση στο Κουανγκτσόου της [[Λαϊκή Δημοκρατία της Κίνας|Κίνας]], καταλαμβάνοντας το μεγαλύτερο μέρος της πόλης και ανακοινώνοντας τη δημιουργία [[σοβιέτ]].   \n*[[1931]] - Καταστατική Πράξη του Γουέστμινστερ: Το [[Κοινοβούλιο του Ηνωμένου Βασιλείου]] καθιερώνει νομοθετική ισότητα μεταξύ του [[Ηνωμένο Βασίλειο|Ηνωμένου Βασιλείου]] και των [[Ντομίνιον|χωρών]] της [[Κοινοπολιτεία των Εθνών|Κοινοπολιτείας]] - [[Αυστραλία]], [[Καναδάς|Καναδά]], [[Νέα Γη]], [[Νέα Ζηλανδία]], [[Νότια Αφρική]] και [[Ιρλανδία]].\n*[[1937]] - Το [[Βασίλειο της Ιταλίας]] αποχωρεί από την [[Κοινωνία των Εθνών]].\n*[[1941]] - [[Β΄ Παγκόσμιος Πόλεμος]]: Η [[Ναζιστική Γερμανία|Γερμανία]] και η [[Ιταλία]] κηρύσσουν τον πόλεμο στις [[Ηνωμένες Πολιτείες Αμερικής]], μετά την κήρυξη του πολέμου από τους Αμερικανούς στην [[Ιαπωνία]] στον απόηχο της [[Επίθεση στο Περλ Χάρμπορ|επίθεσης στο Περλ Χάρμπορ]]. Οι Ηνωμένες Πολιτείες, με τη σειρά τους, κηρύσσουν τον πόλεμο στη Γερμανία και την Ιταλία.\n*[[1941]] - [[Β΄ Παγκόσμιος Πόλεμος]]: Η [[Πολωνία]] κηρύσσει τον πόλεμο στην [[Ιαπωνία]].\n*[[1946]] - Ιδρύεται το Διεθνές Ταμείο Επείγουσας Βοήθειας των Ηνωμένων Εθνών για τα Παιδιά ([[UNICEF]]). \n*[[1958]] - Η Γαλλική Άνω Βόλτα και η Γαλλική Δαχομέη γίνονται αυτόνομες δημοκρατίες και προσχωρούν στη Γαλλική Κοινότητα.\n*[[1960]] - Οι [[Γαλλία|γαλλικές]] δυνάμεις πυροδοτούν βίαιες συγκρούσεις με διαδηλωτές στη [[Γαλλική Αλγερία]] κατά τη διάρκεια επίσκεψης του [[Πρόεδρος της Γαλλικής Δημοκρατίας|προέδρου της Γαλλικής Δημοκρατίας]] [[Σαρλ ντε Γκωλ]].\n*[[1964]] - Ο [[Ερνέστο Τσε Γκεβάρα]] ομιλεί στη [[Γενική Συνέλευση του Οργανισμού Ηνωμένων Εθνών]] στη [[Νέα Υόρκη]].\n*[[1968]] - The Rolling Stones Rock and Roll Circus: Οι [[The Rolling Stones|Rolling Stones]] πραγματοποιούν στο [[Λονδίνο]] συναυλία με τη συμμετοχή των [[Jethro Tull]], [[The Who]], [[Γιόκο Όνο]] κ.ά., η οποία μαγνητοσκοπείται και [[The Rolling Stones Rock and Roll Circus|ηχογραφείται]].  \n*[[1972]] - Το [[Apollo 17]] γίνεται η έκτη και τελευταία [[Απόλλων (διαστημικό πρόγραμμα)|αποστολή Απόλλων]] που προσεδαφίζεται στη [[Σελήνη]].\n* [[1994]] - Ο [[Μπόρις Γέλτσιν]] διατάσει την εισβολή του [[Ρωσία|Ρωσικού]] στρατού στην [[Τσετσενία]].\n* [[2001]] - Η [[Λαϊκή Δημοκρατία της Κίνας]] γίνεται μέλος του [[Διεθνής Οργανισμός Εμπορίου|Διεθνούς Οργανισμού Εμπορίου]]\n\n== Γεννήσεις ==\n*[[1445]] - [[Έμπερχαρτ Α΄ της Βυρτεμβέργης|Έμπερχαρτ Α΄]], δούκας της Βυρτεμβέργης\n*[[1475]] - [[Πάπας Λέων Ι΄]]\n*[[1763]] - [[Στανισλάς-Μαρί Μαγιάρ]], Γάλλος επαναστάτης\n*[[1803]] - [[Εκτόρ Μπερλιόζ]], Γάλλος συνθέτης\n*[[1810]] - [[Αλφρέ ντε Μυσσέ]], Γάλλος ποιητής\n*[[1843]] - [[Ρόμπερτ Κοχ]], Γερμανός ιατρός\n*[[1856]] - [[Γκεόργκι Πλεχάνοφ]], Ρώσος επαναστάτης και φιλόσοφος\n*[[1874]] - [[Τζέιμς Λιούις Κραφτ]], Καναδός επιχειρηματίας\n*[[1882]] - [[Μαξ Μπορν]], Γερμανός φυσικός\n*[[1890]] - [[Κάρλος Γαρδέλ]], Αργεντινός τραγουδιστής\n*[[1908]] - [[Μανουέλ ντε Ολιβέιρα]], Πορτογάλος σκηνοθέτης\n*[[1911]] - [[Ναγκίμπ Μαχφούζ]], Αιγύπτιος συγγραφέας\n*[[1912]] - [[Κάρλο Πόντι]], Ιταλός κινηματογραφικός παραγωγός\n*[[1918]] - [[Αλεξάντρ Σολζενίτσιν]], Ρώσος συγγραφέας\n*[[1922]] - [[Γρηγόρης Μπιθικώτσης]], Έλληνας τραγουδιστής\n*[[1930]] - [[Τσους Λαμπρεάβε]], Ισπανίδα ηθοποιός\n*[[1930]] - [[Ζαν-Λουί Τρεντινιάν]], Γάλλος ηθοποιός\n*[[1931]] - [[Ρίτα Μορένο]], Πορτορικανή ηθοποιός\n*[[1935]] - [[Πρανάμπ Μουχέρτζι]], Ινδός πολιτικός\n*[[1942]] - [[Ντέρεκ Πάρφιτ]], Βρετανός φιλόσοφος\n*[[1943]] - [[Τζον Κέρρυ]], Αμερικανός πολιτικός\n*[[1943]] - [[Αλέν ντε Μπενουά]], Γάλλος ακαδημαϊκός και συγγραφέας\n*[[1944]] - [[Τζάνι Μοράντι]], Ιταλός τραγουδιστής\n*[[1945]] - [[Αντώνης Κοντογεωργίου]], Έλληνας διευθυντής χορωδίας\n*[[1948]] - [[Σταμάτης Σπανουδάκης]], Έλληνας συνθέτης\n*[[1949]] - [[Ελένη Γερασιμίδου]], Ελληνίδα ηθοποιός\n*[[1950]] - [[Χριστίνα Ωνάση]], Ελληνίδα επιχειρηματίας\n*[[1954]] - [[Πούσπα Καμάλ Νταχάλ]], Νεπαλέζος πολιτικός\n*[[1961]] - [[Μακί Σαλ]], Σενεγαλέζος πολιτικός\n*[[1965]] - [[Γιάννης Ραγκούσης]], Έλληνας πολιτικός\n*[[1967]] - [[Μο' Νικ]], Αμερικανίδα ηθοποιός\n*[[1969]] - [[Βισβανάθαν Άναντ]], Ινδός σκακιστής\n*[[1974]] - [[Ρέι Μιστέριο]], Αμερικανός παλαιστής\n*[[1981]] - [[Νίκι Μπεντς]], Ουκρανή πορνογραφική ηθοποιός\n*[[1981]] - [[Χαβιέρ Σαβιόλα]], Αργεντινός ποδοσφαιριστής\n*[[1984]] - [[Λέιτον Μπέινς]], Άγγλος ποδοσφαιριστής\n\n== Θάνατοι ==\n*[[384]] - [[Πάπας Δάμασος Α΄]]\n*[[711]] - [[Ιουστινιανός Β´]], Βυζαντινός αυτοκράτορας\n*[[861]] - [[Αλ-Μουταβάκιλ]], χαλίφης των Αββασιδών\n*[[969]] - [[Νικηφόρος Β´ Φωκάς]], Βυζαντινός αυτοκράτορας\n*[[1121]] - [[Μαλίκ αλ-Αφντάλ]], Άραβας βεζίρης\n*[[1282]] - [[Μιχαήλ Η´ Παλαιολόγος]], Βυζαντινός αυτοκράτορας\n*[[1474]] - [[Ερρίκος Δ΄ της Καστίλης|Ερρίκος Δ΄]], βασιλιάς της Καστίλης\n*[[1582]] - [[Φερντινάνδο Άλβαρο δε Τολέδο]], Ισπανός ευγενής\n*[[1643]] - [[Χέρμαν Βράνγκελ]], Σουηδός στρατιωτικός και πολιτικός\n*[[1686]] - [[Λουδοβίκος Β΄ των Βουρβόνων-Κοντέ]], Γάλλος στρατηγός\n*[[1834]] - [[Βασιλική Κονταξή]], Ελληνίδα σύζυγος του Αλή πασά\n*[[1945]] - [[Σαρλ Φαμπρί]], Γαλλος φυσικός\n*[[1964]] - [[Άλμα Μάλερ]], Αυστριακή κοσμική\n*[[1985]] - [[Βασίλειος Τσαπόγας]], Έλληνας πολιτικός\n*[[1998]] - [[Τζίμι Μακέι]], Αυστραλός ποδοσφαιριστής\n*[[2006]] - [[Ελίζαμπεθ Μπόλντεν]], Αμερικανίδα υπεραιωνόβια\n*[[2008]] - [[Αγγελική Λαΐου]], Ελληνίδα ακαδημαϊκός\n*[[2011]] - [[Ευθύμιος Καλεβράς]], Έλληνας γλύπτης\n*[[2016]] - [[Έσμα Ρετζέποβα]], Ρομά τραγουδίστρια\n*[[2016]] - [[Σαντίκ Τζαλάλ αλ-Αζίμ]], Σύρος ακαδημαϊκός\n\n== Αργίες και εορτές ==\n* Ημέρα του [[Τανγκό]], [[Μπουένος Άιρες]]\n* Ημέρα της Δημοκρατίας στην [[Μπουρκίνα Φάσο]] (το [[1958]] η Άνω Βόλτα έγινε αυτόνομη δημοκρατία της Γαλλικής Κοινότητας.)\n* Παγκόσμια Ημέρα του Παιδιού\n\n=== [[Ορθόδοξη Εκκλησία]] ===\n{{Πύλη:Ορθοδοξία/Εορτολόγιο/11 Δεκεμβρίου}}\n{{commonscat|11 December}}\n\n== Βλέπε επίσης ==\n[[11 Νοεμβρίου]] - [[11 Ιανουαρίου]]\n\n{{Μήνες}}\n\n[[Κατηγορία:Ημέρες του έτους]]"}}}]}]}}