{"batchcomplete":true,"query":{"normalized":[{"fromencoded":false,"from":"11_Μαΐου","to":"11 Μαΐου"}],"pages":[{"pageid":1846,"ns":0,"title":"11 Μαΐου","revisions":[{"slots":{"main":{"contentmodel":"wikitext","contentformat":"text/x-wiki","content":"{{χωρίς παραπομπές|05|02|2020}}\n{{Μήνες Μαΐου}}\n\n<center>[[10 Μαΐου]] | '''11 Μαΐου''' | [[12 Μαΐου]]</center>\n\n----\nΗ '''11η Μαΐου''' είναι η 131η ημέρα του έτους κατά το [[Γρηγοριανό ημερολόγιο]] (132η σε δίσεκτα έτη). Υπολείπονται 234 ημέρες.\n\n{{ΗμερολόγιοΣεΠίνακα|5}}\n\n== Γεγονότα ==\n*[[330]] - Ο [[Κωνσταντίνος Α΄]] εγκαινιάζει τη νέα πόλη που έχτισε πάνω στο [[Βυζάντιο]] και την ονομάζει ''[[Νέα Ρώμη]]''. Η πόλη, όμως, θα μείνει στην ιστορία με το όνομα [[Βυζαντινή Κωνσταντινούπολη|Κωνσταντινούπολη]].\n*[[912]] - Ο [[Αλέξανδρος (Βυζαντινός αυτοκράτορας)|Αλέξανδρος]] γίνεται αυτοκράτορας της [[Βυζαντινή Αυτοκρατορία|Βυζαντινής Αυτοκρατορίας]].\n*[[1310]] - Στη [[Γαλλία]], 54 [[Ναΐτες Ιππότες]] καίγονται στην πυρά ως [[Αίρεση|αιρετικοί]].\n*[[1502]] - Ο [[Χριστόφορος Κολόμβος]] αναχωρεί από το [[Κάδιθ]] για το τέταρτο και τελευταίο του ταξίδι στην [[Αμερική]].\n*[[1745]] - [[Πόλεμος της Αυστριακής Διαδοχής]]: Οι [[Γαλλία|γαλλικές]] δυνάμεις νικούν το στρατό [[Αγγλία|Άγγλων]], [[Ολλανδία|Ολλανδών]] και [[Αννόβερο]]υ στη μάχη του Φοντενουά. \n*[[1812]] - Ο [[πρωθυπουργός του Ηνωμένου Βασιλείου]], Σπένσερ Πέρσιβαλ, δολοφονείται στη [[Βουλή των Κοινοτήτων του Ηνωμένου Βασιλείου|Βουλή των Κοινοτήτων]] από τον Τζων Μπέλινγκαμ.\n*[[1813]] - Στην [[Αυστραλία]], οι Ουίλιαμ Λώσον, Γκρέγκορι Μπλάξλαντ και Ουίλιαμ Ουέντουορθ ηγούνται μίας αποστολής για να διασχίσουν τα Γαλάζια Όρη, δυτικά του [[Σίδνεϊ]]. Η πορεία αυτή ανοίγει το δρόμο για τη συνεχή επέκταση στην ενδοχώρα της Αυστραλίας κατά το 19ο αιώνα.\n*[[1846]] - [[Αμερικανικό-Μεξικανικός πόλεμος]]: Ο πρόεδρος των [[Ηνωμένες Πολιτείες Αμερικής|Η.Π.Α.]], [[Τζέιμς Νοξ Πολκ]], ζητά από το Κογκρέσο την έγκριση της κήρυξης πολέμου ενάντια στο [[Μεξικό]].\n* [[1857]] - Ινδική εξέγερση του 1857: οι [[Ινδία|Ινδοί]] επαναστάτες καταλαμβάνουν το [[Δελχί]] από τους [[Μεγάλη Βρετανία|Βρετανούς]]. \n* [[1858]] - Η [[Μινεσότα]] γίνεται η 32η [[Πολιτείες των ΗΠΑ|Πολιτεία των Η.Π.Α.]]  \n* [[1867]] - Αναγνωρίζεται διεθνώς η ανεξαρτησία του [[Λουξεμβούργο]]υ.\n* [[1891]] - Κατά τη διάρκεια επίσκεψής του στην [[Ιαπωνία]], ο διάδοχος του θρόνου της [[Ρωσική Αυτοκρατορία|Ρωσίας]], μετέπειτα τσάρος [[Νικόλαος Β΄ της Ρωσίας|Νικόλαος Β΄]], δέχεται επίθεση από Ιάπωνα αστυνομικό. Τον σώζει ο πρίγκιπας της Ελλάδας, [[Γεώργιος της Ελλάδας|Γεώργιος]].\n* [[1918]] - Ιδρύεται επίσημα η Ορεινή Δημοκρατία του Βορείου Καυκάσου.\n* [[1944]] - [[Εκτέλεση Αντιστασιακών Ξηροκρήνης|Εκτελούνται από τους Ναζί]], οκτώ αντιστασιακοί νέοι 20-30 ετών στη συνοικία [[Ξηροκρήνη (Θεσσαλονίκη)|Ξηροκρήνης]] της [[Θεσσαλονίκη]]ς.\n* [[1949]] - Το Σιάμ μετονομάζεται σε [[Ταϊλάνδη]].\n* [[1958]] - [[Ελληνικές βουλευτικές εκλογές 1958]] των οποίων νικητής  αναδεικνύεται η [[ΕΡΕ]]\n*[[1960]] - Στο [[Μπουένος Άιρες]] της [[Αργεντινή]]ς, τέσσερις [[Ισραήλ|Ισραηλινοί]] πράκτορες της [[Μοσάντ]] συλλαμβάνουν τον [[Ναζισμός|Ναζί]] φυγά [[Άντολφ Άιχμαν]], ο οποίος ζούσε με το ψευδώνυμο Ρικάρντο Κλέμεντ. \n*[[1963]] - Εννέα άτομα χάνουν τη ζωή τους από έκρηξη που καταστρέφει ολοσχερώς κτίριο του εργοστασίου εκρηκτικών της ΕΛΒΙΕΜΕΚ στο [[Σχηματάρι Βοιωτίας]].\n*[[1964]] - Εκρηκτική είναι η κατάσταση στην [[Κύπρος|Κύπρο]]. Δύο [[Έλληνες]] αξιωματικοί και ο γιος του αστυνομικού διευθυντή της [[Λευκωσία]]ς εκτελούνται εν ψυχρώ στην [[Αμμόχωστος|Αμμόχωστο]] από [[Τουρκοκύπριοι|Τουρκοκύπριους]], οι οποίοι και τραυματίζουν βαρύτατα και τρίτο αξιωματικό. Οι άτυχοι Έλληνες εισήλθαν κατά λάθος στην τουρκική συνοικία της πόλης. [[Τούρκοι (έθνος)|Τούρκοι]] άτακτοι αποβιβάζονται στην ακτή του [[Τουρκία|τουρκικού]] χωριού Μανσούρα, ενώ νέα φορτία με όπλα φτάνουν στην Κύπρο.\n* [[1985]] - Πυρκαγιά σε γήπεδο ποδοσφαίρου κατά τη διάρκεια αγώνα στο [[Μπράντφορντ]] της [[Αγγλία]]ς έχει ως αποτέλεσμα τον θάνατο 56 φιλάθλων.\n* [[1987]] - Έναρξη της δίκης του αξιωματικού της [[Γκεστάπο]] [[Κλάους Μπάρμπι]] («Χασάπη της Λυών»), που είχε διαφύγει στη [[Λατινική Αμερική]] για περισσότερα από 30 χρόνια.\n* 1987 - Στη [[Βαλτιμόρη]] του Μέριλαντ λαμβάνει χώρα η πρώτη μεταμόσχευση καρδιάς-πνεύμονα από τον Δρ. Μπρους Ράιτζ (Bruce Reitz) της Ιατρικής Σχολής του [[Πανεπιστήμιο Στάνφορντ|Πανεπιστημίου του Στάνφορντ]].\n* [[2010]] - Παραιτείται ο πρωθυπουργός της Μεγάλης Βρετανίας [[Γκόρντον Μπράουν]]. Τον διαδέχεται ο αρχηγός του [[Συντηρητικό Κόμμα (Μεγάλη Βρετανία)|Συντηρητικού Κόμματος]] [[Ντέιβιντ Κάμερον]].\n\n==Γεννήσεις==\n*[[482]] - [[Ιουστινιανός Α´]], Βυζαντινός αυτοκράτορας\n*[[1414]] - [[Φραγκίσκος Α΄ της Βρετάνης|Φραγκίσκος Α΄]], δούκας της Βρετάνης\n*[[1557]] - [[Φιοντόρ Α΄ της Ρωσίας|Φιοντόρ Α΄]], τσάρος της Ρωσίας\n*[[1720]] - [[Κάρολος Φρειδερίκος Ιερώνυμος φον Μινχάουζεν]], Γερμανός ευγενής\n*[[1771]] - [[Λασκαρίνα Μπουμπουλίνα]], Ελληνίδα αγωνίστρια\n*[[1801]] - [[Ανρί Λαμπρούστ]], Γάλλος αρχιτέκτονας\n*[[1811]] - [[Τσανγκ και Ενγκ Μπάνκερ]], Σιαμαίοι δίδυμοι\n*[[1824]] - [[Ζαν-Λεόν Ζερόμ]], Γάλλος ζωγράφος και γλύπτης\n*[[1827]] - [[Ζαν-Μπατίστ Καρπώ]], Γάλλος γλύπτης και ζωγράφος\n*[[1868]] - [[Κωνσταντίνος Χατζόπουλος]], Έλληνας συγγραφέας\n*[[1895]] - [[Τζίντου Κρισναμούρτι]] , Ινδός φιλόσοφος και πνευματικός στοχαστής\n*[[1904]] - [[Σαλβαδόρ Νταλί]], Ισπανός ζωγράφος\n*[[1916]] - [[Καμίλο Χοσέ Θέλα]], Ισπανός συγγραφέας\n*[[1918]] - [[Ρίτσαρντ Φίλλιπς Φάινμαν]], Αμερικανός φυσικός\n*[[1930]] - [[Έντσγκερ Ντάικστρα]], Ολλανδός επιστήμονας της πληροφορικής\n*[[1930]] - [[Ιωάννης Γ. Αντωνόπουλος]], Έλληνας πολιτικός\n*[[1937]] - [[Φλέρυ Νταντωνάκη]], Ελληνίδα τραγουδίστρια\n*[[1940]] - [[Χρήστος Λεοντής]], Έλληνας συνθέτης\n*[[1942]] - [[Πριγκίπισσα Ειρήνη της Ελλάδας]]\n*[[1974]] - [[Μπίλι Κίντμαν]], Αμερικανός παλαιστής\n*[[1977]] - [[Πάμπλο Γκαρσία]], Ουρουγουανός ποδοσφαιριστής\n*[[1977]] - [[Μπόμπι Ρουντ]], Καναδός παλαιστής\n*[[1984]] - [[Αντρές Ινιέστα]], Ισπανός ποδοσφαιριστής\n*[[1989]]  - [[Ανδρέας Τάτος]], Έλληνας ποδοσφαιριστής\n\n== Θάνατοι ==\n*[[912]] - [[Λέων ΣΤ΄]], Βυζαντινός αυτοκράτορας\n*[[925]] - [[Πατριάρχης Νικόλαος Α΄ ο Μυστικός|Νικόλαος ο Μυστικός]], Πατριάρχης Κωνσταντινουπόλεως\n*[[1663]] - [[Ερρίκος Β΄ του Λονγκεβίλ]], Γάλλος πρίγκιπας\n*[[1696]] - [[Ζαν ντε Λα Μπρυγέρ]], Γάλλος φιλόσοφος\n*[[1823]] - [[Πάολο Αντρεάνι]], Ιταλός εξερευνητής\n*[[1871]] - [[Τζον Χέρσελ]], Άγγλος μαθηματικός και αστρονόμος\n*[[1886]] - [[Γεώργιος Ζηνόπουλος]], Έλληνας πολιτικός\n*[[1927]] - [[Χουάν Γκρις]], Ισπανός καλλιτέχνης\n*[[1941]] - [[Απόστολος Ζούζουλας]], Έλληνας σταφιδέμπορος και πολιτικός\n*[[1976]] - [[Άλβαρ Άαλτο]], Φινλανδός αρχιτέκτονας και σχεδιαστής\n*[[1977]] - [[Κωνσταντίνος Πνευματικός]], Έλληνας στρατιωτικός\n*[[1981]] - [[Θεόδωρος Αγγελόπουλος (πανεπιστημιακός)|Θεόδωρος Αγγελόπουλος]],  Έλληνας καθηγητής πανεπιστημίου\n*[[1981]] - [[Μπομπ Μάρλεϊ]], Τζαμαϊκανός τραγουδοποιός\n*[[1981]] - [[Οντ Χάσελ]], Νορβηγός χημικός\n*[[1984]] - [[Γεώργιος Αράπης]], Έλληνας συνδικαλιστής και πολιτικός\n*[[1988]] - [[Κιμ Φίλμπυ]], Βρετανός κατάσκοπος\n*[[1990]] - [[Στράτος Διονυσίου]], Έλληνας τραγουδιστής\n*[[1996]] - [[Γιάννης Πλαπούτας]], Έλληνας αντιστασιακός και πολιτικός\n*[[1999]] - [[Πέτρος Βουζουνεράκης]], Έλληνας ποδοσφαιριστής\n*[[1999]] - [[Γιώργος Κάππης]], Έλληνας ηθοποιός\n*[[2001]] - [[Ντάγκλας Άνταμς]], Άγγλος συγγραφέας\n*[[2003]] - [[Νόελ Ρέντινγκ]], Άγγλος μουσικός\n*[[2004]] - [[Γιώργος Ζογγολόπουλος]], Έλληνας γλύπτης\n*[[2005]] - [[Μιχάλης Γενίτσαρης]], Έλληνας τραγουδιστής\n*[[2007]] - [[Μαλιετόα Τανουμαφίλι Β΄]], κυβερνήτης των Σαμόα\n*[[2009]] - [[Αμπέλ Γκουμπά]], Κεντροαφρικανός πολιτικός\n\n== Αργίες και εορτές ==\n\n=== [[Ορθόδοξη Εκκλησία]] ===\n{{Πύλη:Ορθοδοξία/Εορτολόγιο/11 Μαΐου}}\n\n{{Μήνες}}\n\n[[Κατηγορία:Ημέρες του έτους]]"}}}]}]}}