{"batchcomplete":true,"query":{"normalized":[{"fromencoded":false,"from":"12_Ιανουαρίου","to":"12 Ιανουαρίου"}],"pages":[{"pageid":1039,"ns":0,"title":"12 Ιανουαρίου","revisions":[{"slots":{"main":{"contentmodel":"wikitext","contentformat":"text/x-wiki","content":"<center>{{Πηγές|3=2022|2=01|8}}\n[[Νοέμβριος]] | [[Δεκέμβριος]] | '''[[Ιανουάριος]]''' | [[Φεβρουάριος]] | [[Μάρτιος]]</center>\n\n<center>\n[[11 Ιανουαρίου]] | '''12 Ιανουαρίου''' | [[13 Ιανουαρίου]] </center>\n\n----\nΗ '''12η Ιανουαρίου''' είναι η 12η ημέρα του έτους κατά το [[Γρηγοριανό ημερολόγιο]]. Υπολείπονται 354 ημέρες (355 σε δίσεκτα έτη).\n\n{{ΗμερολόγιοΣεΠίνακα|1}}\n\n== Γεγονότα ==\n{{Commonscat|12 January}}\n*[[1528]] - Ο [[Γουσταύος Α΄ της Σουηδίας|Γουσταύος Α΄]] στέφεται βασιλιάς της [[Σουηδία]]ς.\n*[[1616]] - Ιδρύεται στη [[Βραζιλία]], στο δέλτα του ποταμού [[Αμαζόνιος|Αμαζονίου]], η πόλη [[Μπελέμ]] από τον Φρανσίσκο Καλδέιρα Καστέλο Μπράνκο.\n*[[1848]] - Στο [[Παλέρμο]] πραγματοποιείται εξέγερση εναντίον της κυριαρχίας των [[Οίκος των Βουρβόνων|Βουρβόνων]] στο [[Βασίλειο των Δύο Σικελιών]].\n*[[1866]] - Ιδρύεται στο [[Λονδίνο]] η [[Βασιλική Αεροναυτική Εταιρεία]]. \n*[[1915]] - Η [[Βουλή των Αντιπροσώπων (ΗΠΑ)|Βουλή των Αντιπροσώπων των Η.Π.Α.]] απορρίπτει πρόταση να δοθεί στις γυναίκες το δικαίωμα ψήφου.\n*[[1957]] - Κάνει πρεμιέρα η [[Ελλάδα|ελληνική]] ταινία ''[[Το κορίτσι με τα παραμύθια]]''.\n*[[1964]] - Στη [[Ζανζιβάρη]] ξεσπά εξέγερση γνωστή ως [[Ζανζιβαρινή Επανάσταση]].\n*[[1970]] - Μεταγωγικό αεροσκάφος Ντακότα της [[Ελληνική Πολεμική Αεροπορία|Ελληνικής Πολεμικής Αεροπορίας]] [[Συντριβή DC-3 της Ελληνικής Πολεμικής Αεροπορίας (1970)|προσκρούει]] στις πλαγιές του [[Κιθαιρώνας|Κιθαιρώνα]] με αποτέλεσμα να χάσουν τη ζωή τους 23 από τους 27 επιβαίνοντες σε αυτό, μέλη, οι περισσότεροι, επίλεκτης μονάδας αλεξιπτωτιστών.\n*[[1976]] - Το [[Συμβούλιο Ασφαλείας Ηνωμένων Εθνών]] με ψήφους 11-1 επιτρέπει στην [[Οργάνωση για την Απελευθέρωση της Παλαιστίνης]] να συμμετάσχει σε συζήτηση του Συμβουλίου Ασφαλείας (χωρίς δικαίωμα ψήφου).\n*[[1986]] - Ο γερουσιαστής [[Μπιλ Νέλσον]] απογειώνεται από το [[Διαστημικό Κέντρο Κένεντι]] επιβιβαζόμενος στο [[Διαστημικό Λεωφορείο Κολούμπια]].\n* [[1991]] - Στη [[Βουλγαρία]] διεξάγονται οι πρώτες ελεύθερες [[Πρόεδρος κράτους|προεδρικές]] [[εκλογές]].\n* [[1991]] - Το [[Ηνωμένες Πολιτείες της Αμερικής|αμερικανικό]] [[Κογκρέσο των Ηνωμένων Πολιτειών|Κογκρέσο]] εξουσιοδοτεί για τη χρήση βίας προκειμένου να εκδιωχθεί το [[Ιράκ]] από το [[Κουβέιτ]].\n* [[1991]] - Ελεύθεροι αφήνονται τέσσερις [[Βέλγιο|Βέλγοι]] όμηροι, που κρατούνται από την παλαιστινιακή οργάνωση «[[Φατάχ]]», από [[1987]].\n* [[1992]] - Υπέρ της απόσχισής της από την [[Πρώην Γιουγκοσλαβική Δημοκρατία της Μακεδονίας]] τάσσεται η [[Αλβανοί|αλβανική]] [[μειονότητα]], σύμφωνα με τα αποτελέσματα [[δημοψήφισμα|δημοψηφίσματος]].\n* [[1992]] - Ακυρώνονται τα αποτελέσματα του β΄ γύρου των γενικών [[εκλογές|εκλογών]] στην [[Αλγερία]], μετά τη σημαντική νίκη του [[Ισλαμικό Μέτωπο Σωτηρίας|Ισλαμικού Μετώπου Σωτηρίας]] στον α' γύρο.\n* [[1993]] - Η [[Ιταλία]] αποποινικοποιεί την κατοχή [[ναρκωτικά|ναρκωτικών]] για προσωπική χρήση.\n* [[1993]] - Στη [[Γερμανία]], δικαστήριο αποφασίζει την αποφυλάκιση του πρώην [[Ανατολική Γερμανία|Ανατολικογερμανού]] ηγέτη [[Έριχ Χόνεκερ]] για λόγους υγείας.\n* [[1994]] - Η ανθρωπιστική οργάνωση «[[Helsinski Watch]]» καταγγέλλει την [[Πρώην Γιουγκοσλαβική Δημοκρατία της Μακεδονίας]] για διακρίσεις σε βάρος των εθνικών [[μειονότητα|μειονοτήτων]].\n* [[1994]] - Στο [[Μεξικό]], ο [[Πρόεδρος κράτους|Πρόεδρος]] [[Κάρλος Σαλίνας ντε Γκορτάρι]] ανακοινώνει μονομερή [[εκεχειρία]] για να τερματισθούν οι μάχες που διεξάγονται εδώ και 12 ημέρες στην Πολιτεία [[Τσιάπας]] μεταξύ στρατιωτών και 2.000 ενόπλων ιθαγενών χωρικών.\n* [[1995]] - Η [[Κροατία|κροατική]] κυβέρνηση ενημερώνει επισήμως τα [[Οργανισμός Ηνωμένων Εθνών|Ηνωμένα Έθνη]] ότι δεν επιθυμεί την ανανέωση της θητείας της [[Δύναμη Προστασίας του ΟΗΕ|Δύναμης Προστασίας του ΟΗΕ]], η οποία λήγει κανονικά στις 31 Μαρτίου.\n* [[1995]] - Η [[Ηνωμένο Βασίλειο|Βρετανία]] ανακοινώνει ότι αποσύρει μέρος του στρατού και της αστυνομίας της από το [[Μπέλφαστ]], στο πλαίσιο της ειρηνευτικής διαδικασίας.\n* [[1995]] - Το [[Συμβούλιο Ασφαλείας]] του [[Οργανισμός Ηνωμένων Εθνών|ΟΗΕ]] αποφασίζει την παράταση του καθεστώτος των οικονομικών κυρώσεων, που επιβλήθηκε κατά του [[Ιράκ]] το [[1990]].\n* [[1995]] - Συλλαμβάνεται η κόρη του [[Μάλκολμ Χ]], Qubilah Shabazz για συνωμοσία με σκοπό τη δολοφονία του ηγέτη του Έθνους του Ισλάμ Λούις Φάρακαν. Οι κατηγορίες αποσύρθηκαν την [[1 Μαΐου]] [[1995]].\n* [[1997]] - Τρεις νεκροί, 4 αγνοούμενοι, τεράστιες καταστροφές σε περιουσίες και σοβαρά προβλήματα στις συγκοινωνίες, είναι ο απολογισμός της θεομηνίας που πλήττει την Ελλάδα.\n* [[1997]] - Ο HAL, το κομπιούτερ της ταινίας ''[[2001: Οδύσσεια του Διαστήματος]]'', του [[Στάνλεϊ Κιούμπρικ]], ενημερώνει το πλήρωμα του διαστημοπλοίου ότι δημιουργήθηκε πριν από 4 χρόνια και συγκεκριμένα στις «12 Ιανουαρίου [[1997]]». Στο βιβλίο του [[Άρθουρ Κλαρκ]] αναφέρεται η ίδια ημερομηνία αλλά ως χρονολογία αναφέρεται το [[1992]].\n* [[1998]] - Ο [[Κάρλος Σαντάνα]] είναι ο πρώτος [[Ισπανοί|Ισπανός]] που μπαίνει στο [[Rock n' Roll Hall of Fame]].\n* [[1998]] - 19 ευρωπαϊκά κράτη συμφωνούν να απαγορεύσουν την ανθρώπινη [[κλωνοποίηση]].\n* [[2000]] - Κυβέρνηση και αντιπολίτευση στην [[Τουρκία]] συμφωνούν στην αναβολή της εκτέλεσης της θανατικής ποινής, που έχει επιβληθεί στον καταδικασμένο αρχηγό του PKK [[Αμπντουλάχ Οτσαλάν]].\n* [[2007]] - [[Αθήνα]], η τρομοκρατική οργάνωση [[Επαναστατικός Αγώνας]] εξαπολύει επίθεση με ρουκέτα στο κτίριο της αμερικανικής πρεσβείας.\n\n== Γεννήσεις ==\n*[[1562]] - [[Κάρολος Εμμανουήλ Α΄ της Σαβοΐας|Κάρολος Εμμανουήλ Α΄]], δούκας της Σαβοΐας\n*[[1591]] - [[Χοσέ Ριμπέρα]], Ισπανός ζωγράφος\n*[[1628]] - [[Σαρλ Περώ]], Γάλλος λαογράφος\n*[[1649]] - [[Ζακ Καρύ]], Γάλλος ζωγράφος\n*[[1729]] - [[Έντμουντ Μπερκ]], Ιρλανδός πολιτικός\n*[[1729]] - [[Λάζαρος Σπαλαντζάνι]], Ιταλός βιολόγος\n*[[1751]] - [[Φερδινάνδος Α΄ των Δύο Σικελιών|Φερδινάνδος Α΄]], βασιλιάς των Δύο Σικελιών\n*[[1810]] - [[Φερδινάνδος Β΄ των Δύο Σικελιών|Φερδινάνδος Β΄]], βασιλιάς των Δύο Σικελιών\n*[[1852]] - [[Ζοζέφ Ζοφρ]], Γάλλος στρατηγός\n*[[1873]] - [[Σπύρος Λούης]], Έλληνας μαραθωνοδρόμος\n*[[1876]] - [[Τζακ Λόντον]], Αμερικανός συγγραφέας\n*[[1878]] - [[Φέρεντς Μολνάρ]], Ούγγρος συγγραφέας\n*[[1893]] - [[Χέρμαν Γκαίριγκ]], Γερμανός πολιτικός\n*[[1893]] - [[Άλφρεντ Ρόζενμπεργκ]], Γερμανός πολιτικός\n*[[1907]] - [[Σεργκέι Κορολιόφ]], Ρώσος επιστήμονας\n*[[1910]] - [[Λουίζ Ράινερ]], Γερμανίδα ηθοποιός\n*[[1916]] - [[Πίτερ Βίλεμ Μπότα]], Νοτιοαφρικανός πολιτικός\n*[[1920]] - [[Μπιλ Ρηντ]], Καναδός καλλιτέχνης\n*[[1932]] - [[Τζένη Καρέζη]], Ελληνίδα ηθοποιός\n*[[1936]] - [[Εμίλ Λαχούντ]], Λιβανέζος πολιτικός\n*[[1941]] - [[Τσετ Γιαστρέμσκι]], Αμερικανός κολυμβητής\n*[[1944]] - [[Γιάννης Φακής]], Έλληνας ηθοποιός\n*[[1949]] - [[Χαρούκι Μουρακάμι]], Ιάπωνας συγγραφέας\n*[[1957]] - [[Τζον Λάσιτερ]], Αμερικανός σκηνοθέτης\n*[[1958]] - [[Λόνι Σάντερς]], Αμερικανίδα ηθοποιός\n*[[1960]] - [[Ντομινίκ Γουίλκινς]], Αμερικανός καλαθοσφαιριστής\n*[[1964]] - [[Τζεφ Μπέζος]], Αμερικανός επιχειρηματίας\n*[[1972]] - [[Νόνη Δούνια]], Ελληνίδα μοντέλο\n*[[1978]] - [[Τζέρεμι Καμπ]], Αμερικανός τραγουδιστής\n*[[1978]] - [[Κιμ Σα-Λανγκ]], Νοτιοκορεάτισσα ηθοποιός\n*[[1981]] - [[Γιώργος Στεφάνου]], Έλληνας πετοσφαιριστής\n*[[1982]] - [[Δημήτρης Τσιάμης]], Έλληνας αθλητής\n*[[1983]] - [[Στέλλα Καλτσίδου]], Ελληνίδα καλαθοσφαιρίστρια\n*[[1986]] - [[Ζλάτα Όγκνιεβιτς]], Ουκρανή τραγουδίστρια\n*[[1993]] - [[Ζέιν Μάλικ]], Άγγλος τραγουδιστής\n\n== Θάνατοι ==\n*[[1322]] - [[Μαρία της Βραβάντης, βασίλισσα της Γαλλίας]]\n*[[1519]] - [[Μαξιμιλιανός Α΄ της Αγίας Ρωμαϊκής Αυτοκρατορίας|Μαξιμιλιανός Α΄]], αυτοκράτορας της Αγίας Ρωμαϊκής Αυτοκρατορίας\n*[[1665]] - [[Πιερ ντε Φερμά]], Γάλλος μαθηματικός\n*[[1759]] - [[Άννα της Μεγάλης Βρετανίας (1709–1759)|Άννα]], πριγκίπισσα της Οράγγης\n*[[1911]] - [[Ανδρέας Παπαγιαννακόπουλος]], Έλληνας πολιτικός\n*[[1921]] - [[Νικόλαος Πολίτης]], Έλληνας λαογράφος\n*[[1976]] - [[Άγκαθα Κρίστι]], Αγγλίδα συγγραφέας\n*[[1981]] - [[Γερόντισσα Άννα Μακκαβαίου η Μικρασιάτισσα]], Ελληνίδα μοναχή\n*[[1991]] - [[Βάσκο Πρατολίνι]], Ιταλός συγγραφέας\n*[[1997]] - [[Τσαρλς Μπρέντον Χάγκινς]], Καναδός ιατρός\n*[[2002]] - [[Σάιρους Βανς]], Αμερικανός πολιτικός\n*[[2009]] - [[Άρνε Νες]], Νορβηγός φιλόσοφος\n*[[2014]] - [[Τζον Μπάτον]], Άγγλος οδηγός αγώνων\n*[[2023]] -[[Λίζα Μαρί Πρίσλεϊ]] Αμερικανίδα τραγουδίστρια, στιχουργός, συγγραφέας\n\n== Αργίες και εορτές ==\n=== Κόσμος ===\n* {{IND}} - Εθνική Ημέρα Νεολαίας (γενέθλια του Swami Vivekananda)\n* {{TZA}} - Ημέρα της Επανάστασης της Ζανζιβάρης\n\n=== [[Ορθόδοξη Εκκλησία]] ===\n{{Πύλη:Ορθοδοξία/Εορτολόγιο/12 Ιανουαρίου}}\n\n==Παραπομπές==\n<references />\n\n{{Μήνες}}\n\n[[Κατηγορία:Ημέρες του έτους]]"}}}]}]}}