{"batchcomplete":true,"query":{"normalized":[{"fromencoded":false,"from":"12_Σεπτεμβρίου","to":"12 Σεπτεμβρίου"}],"pages":[{"pageid":8028,"ns":0,"title":"12 Σεπτεμβρίου","revisions":[{"slots":{"main":{"contentmodel":"wikitext","contentformat":"text/x-wiki","content":"{{Μήνες Σεπτεμβρίου}}\n\n<center>[[11 Σεπτεμβρίου]] | '''12 Σεπτεμβρίου''' | [[13 Σεπτεμβρίου]]</center>\n\n----\n{{ΗμερολόγιοΣεΠίνακα|9}}\nΗ '''12η Σεπτεμβρίου''' είναι η 255η ημέρα του έτους κατά το [[Γρηγοριανό ημερολόγιο]] (256η σε δίσεκτα έτη). Υπολείπονται 110 ημέρες.\n\n== Γεγονότα ==\n*[[1185]] - Ο αυτοκράτορας [[Ανδρόνικος Α΄ Κομνηνός]] θανατώνεται βάναυσα στην [[Βυζαντινή Κωνσταντινούπολη|Κωνσταντινούπολη]].\n*[[1213]] - [[Σταυροφορία των Αλβιγηνών]]: Ο Σιμόν ντε Μονφόρ νικά τον [[Πέτρος Β΄ της Αραγωνίας|Πέτρο Β΄ της Αραγωνίας]] στη μάχη του Μυρέ.\n*[[1229]] - Ο [[Ιάκωβος Α΄ της Αραγωνίας]] νικά τους [[Αλμοάδες]] στο Πορτοπί της [[Μαγιόρκα]].\n*[[1309]] - Κατά τη διάρκεια της [[Ρεκονκίστα]], το [[Εμιράτο της Γρανάδας]] παραδίδει το [[Γιβραλτάρ]] στους στρατιώτες του [[Βασίλειο της Καστίλης|Βασιλείου της Καστίλης]].\n*[[1683]] - Συνασπισμός [[Ευρώπη|ευρωπαϊκών]] δυνάμεων νικά τον [[Οθωμανική Αυτοκρατορία|οθωμανικό]] στρατό στη [[Δεύτερη πολιορκία της Βιέννης|μάχη της Βιέννης]].\n*[[1829]] - Οι [[Έλληνες]] νικούν στη [[μάχη της Πέτρας]], την τελευταία μάχη της [[Ελληνική Επανάσταση του 1821|Ελληνικής Επανάστασης]].\n*[[1846]] - Μετά το μυστικό γάμο τους, η [[Ελίζαμπεθ Μπάρετ Μπράουνινγκ]] και ο Ρόμπερτ Μπράουνινγκ μετακομίζουν στην [[Ιταλία]].\n*[[1847]] - [[Αμερικανικό-Μεξικανικός πόλεμος]]: Αρχίζει η μάχη του Καπουλτεπέκ. \n*[[1848]] - Η [[Ελβετία]] γίνεται ομοσπονδιακό κράτος.\n*[[1890]] - Ιδρύεται το [[Χαράρε|Σόλσμπερυ]] στη [[Ζιμπάμπουε|Ροδεσία]].\n*[[1897]] - Εκστρατεία Τίρα: Διεξάγεται η [[μάχη του Σαραγκάρι]].  \n*[[1910]] - Πρεμιέρα της Συμφωνίας Νο 8 του [[Γκούσταβ Μάλερ]] στο [[Μόναχο]] (με μία χορωδία 852 τραγουδιστών και ορχήστρα 171 μουσικών).\n*[[1923]] - Η νότια Ροδεσία, που σήμερα ονομάζεται [[Ζιμπάμπουε]], προσαρτάται από το [[Ηνωμένο Βασίλειο]].\n*[[1940]] - Ανακαλύπτονται [[Ζωγραφική σπηλαίου|τοιχογραφίες]] στο [[σπήλαιο Λασκώ]] στη [[Γαλλία]]. \n*[[1943]] - [[Β΄ Παγκόσμιος Πόλεμος]]: [[Επιχείρηση Δρυς]]. Ο [[Μπενίτο Μουσολίνι]], δικτάτορας της [[Ιταλία]]ς, διασώζεται από τον κατ' οίκον περιορισμό στο Γκραν Σάσσο στο [[Αμπρούτσο]], από [[Ναζιστική Γερμανία|Γερμανούς]] καταδρομείς υπό τον [[Ότο Σκορτσένυ]].  \n*[[1944]] - Απελευθερώνεται η [[Λευκάδα]] από τον [[Εθνικός Δημοκρατικός Ελληνικός Σύνδεσμος|ΕΔΕΣ]], ο οποίος εξόντωσε τη [[Ναζιστική Γερμανία|γερμανική]] φρουρά του νησιού.\n*[[1953]] - Ο [[Ηνωμένες Πολιτείες Αμερικής|Αμερικανός]] γερουσιαστής και μελλοντικός πρόεδρος [[Τζον Φιτζέραλντ Κένεντι]] παντρεύεται τη [[Ζακλίν Μπουβιέ Κένεντι Ωνάση|Ζακλίν Μπουβιέ]] στο Νιούπορτ του [[Ρόουντ Άιλαντ]].\n*[[1958]] - Ο Τζακ Κίλμπυ παρουσιάζει το πρώτο [[ολοκληρωμένο κύκλωμα]] ενώ εργάζεται στην Texas Instruments. \n*[[1959]] - Η [[Ένωση Σοβιετικών Σοσιαλιστικών Δημοκρατιών|Σοβιετική Ένωση]] εκτοξεύει το [[Λουνά 2]] στη [[Σελήνη]].\n*[[1959]] - Κάνει πρεμιέρα στις [[Ηνωμένες Πολιτείες Αμερικής|Η.Π.Α.]] η ''[[Μπονάντσα]]'', η πρώτη προγραμματισμένη έγχρωμη τηλεοπτική σειρά. \n*[[1961]] - Ο [[Χουάν Κάρλος Α΄ της Ισπανίας|Χουάν Κάρλος]], πρίγκιπας των Αστουριών και επίδοξος διάδοχος του [[Ισπανία|ισπανικού]] θρόνου, αρραβωνιάζεται στη [[Λωζάνη]] την πριγκίπισσα [[Σοφία της Ελλάδας (1938)|Σοφία της Ελλάδας]].\n*[[1966]] - Εκτοξεύεται το Gemini 11, η προτελευταία αποστολή του [[Πρόγραμμα Gemini|προγράμματος Gemini]] της [[NASA]].\n*[[1970]] - [[Παλαιστίνιοι]] τρομοκράτες ανατινάζουν τρία αεροπλάνα στην [[Ιορδανία]], συνεχίζοντας να κρατούν τους επιβάτες ομήρους σε διάφορες μη ανακοινωμένες θέσεις στο [[Αμμάν]].\n*[[1974]] - Ο αυτοκράτορας της [[Αιθιοπία]]ς [[Χαϊλέ Σελασιέ Α΄]], ο «[[Μεσσίας]]» του κινήματος των [[Ρασταφαριανισμός|Ρασταφάρι]], καθαιρείται μετά από στρατιωτικό [[πραξικόπημα]], δίνοντας τέλος σε μία βασιλεία 58 ετών. \n*[[1977]] - Ο [[Νότια Αφρική|Νοτιοαφρικανός]] ακτιβιστής κατά του [[απαρτχάιντ]] Στίβεν Μπίκο πεθαίνει ενώ βρίσκεται υπό αστυνομική κράτηση. \n*[[1980]] - Πραγματοποιείται στρατιωτικό πραξικόπημα στην [[Τουρκία]].\n\n== Γεννήσεις ==\n*[[1310]] - [[Νικολό Ατσαγιόλι]], Ιταλός ευγενής\n*[[1492]] - [[Λαυρέντιος των Μεδίκων, δούκας του Ουρμπίνο]]\n*[[1494]] - [[Φραγκίσκος Α΄ της Γαλλίας|Φραγκίσκος Α΄]], βασιλιάς της Γαλλίας\n*[[1829]] - [[Άνσελμ Φόιερμπαχ]], Γερμανός ζωγράφος\n*[[1849]] - [[Αλφόνσος Κάρλος των Βουρβόνων]], διεκδικητής του ισπανικού και του γαλλικού θρόνου\n*[[1888]] - [[Μωρίς Σεβαλιέ]], Γάλλος ηθοποιός και τραγουδιστής\n*[[1892]] - [[Φατμά Ουλβιγιέ Σουλτάνα]], Οθωμανή πριγκίπισσα\n*[[1894]] - [[Μπίλι Γκίλμπερτ]], Αμερικανός ηθοποιός\n*[[1897]] - [[Ιρέν Ζολιό-Κιουρί]], Γαλλίδα επιστήμονας\n*[[1901]] - [[Ραμόν Σεράνο Σούνιερ]], Ισπανός πολιτικός\n*[[1913]] - [[Τζέσε Όουενς]], Αμερικανός αθλητής\n*[[1921]] - [[Στάνισλαβ Λεμ]], Πολωνός συγγραφέας\n*[[1924]] - [[Αμίλκαρ Καμπράλ]], πολιτικός από τη Γουινέα-Μπισσάου\n*[[1944]] - [[Μπάρυ Γουάιτ]], Αμερικανός τραγουδιστής\n*[[1945]] - [[Μίλο Μανάρα]], Ιταλός συγγραφέας και καλλιτέχνης\n*[[1951]] - [[Μπέρτι Αχέρν]], Ιρλανδός πολιτικός\n*[[1952]] - [[Νιλ Πιρτ]], Καναδός ντράμερ ([[Rush]])\n*[[1957]] - [[Χανς Ζίμμερ]], Γερμανός συνθέτης και παραγωγός\n*[[1959]] - [[Ζίγκμαρ Γκάμπριελ]], Γερμανός πολιτικός\n*[[1960]] - [[Στέφανος Κορκολής]], Έλληνας συνθέτης και πιανίστας\n*[[1961]] - [[Μυλέν Φαρμέρ]], Γαλλίδα τραγουδίστρια\n*[[1962]] - [[Ντίνο Μέρλιν]], Βόσνιος τραγουδιστής\n*[[1966]] - [[Ανουσέχ Ανσαρί]], Ιρανή επιχειρηματίας\n*[[1967]] - [[Λούις Σ.Κ.]], Αμερικανός ηθοποιός\n*[[1973]] - [[Πολ Γουόκερ]], Αμερικανός ηθοποιός \n*[[1976]] - [[Ματσέι Ζουράφσκι]], Πολωνός ποδοσφαιριστής\n*[[1978]] - [[Μπεν Μακένζι]], Αμερικανός ηθοποιός\n*[[1980]] - [[Γιάο Μινγκ]], Κινέζος καλαθοσφαιριστής\n*[[1980]] - [[Σίσσυ Χρηστίδου]], Ελληνίδα παρουσιάστρια\n*[[1984]] - [[Πέτρα Μάρκλουντ]], Σουηδέζα τραγουδίστρια\n*[[1986]] - [[Άλφι Άλεν]], Άγγλος ηθοποιός\n*[[1986]] - [[Γιούτο Ναγκατόμο]], Ιάπωνας ποδοσφαιριστής\n*[[1986]] - [[Δημήτρης Ρέγας]], Έλληνας αθλητής\n*[[1986]] - [[Έμμυ Ρόσουμ]], Αμερικανίδα τραγουδίστρια και ηθοποιός\n*[[1988]] - [[Πέτρος Ιακωβίδης]], Έλληνας τραγουδιστής\n\n== Θάνατοι ==\n*[[490 π.Χ.]] - [[Φειδιππίδης]], Αθηναίος δρομέας\n*[[1015]] - [[Λάμπερτ Α΄ του Λουβαίν|Λάμπερτ Α΄]], κόμης του Λουβαίν\n*[[1185]] - [[Ανδρόνικος Α΄ Κομνηνός]], Βυζαντινός αυτοκράτορας\n*[[1213]] - [[Πέτρος Β΄ της Αραγωνίας|Πέτρος Β΄]], βασιλιάς της Αραγωνίας\n*[[1362]] - [[Πάπας Ιννοκέντιος ΣΤ΄]]\n*[[1500]] - [[Αλβέρτος Γ΄ της Σαξονίας|Αλβέρτος Γ΄]], δούκας της Σαξονίας\n*[[1544]] - [[Κλεμάν Μαρό]], Γάλλος ποιητής\n*[[1683]] - [[Αλφόνσος ΣΤ΄ της Πορτογαλίας|Αλφόνσος ΣΤ΄]], βασιλιάς της Πορτογαλίας\n*[[1764]] - [[Ζαν Φιλίπ Ραμώ]], Γάλλος συνθέτης\n*[[1819]] - [[Γκέμπχαρντ Λέμπερεχτ φον Μπλύχερ]], Πρώσος στρατιωτικός\n*[[1970]] - [[Κριστιάν Ζερβός]], Γάλλος τεχνοκριτικός\n*[[1977]] - [[Ρόμπερτ Λόουελλ]], Αμερικανός ποιητής\n*[[1981]] - [[Εουτζένιο Μοντάλε]], Ιταλός συγγραφέας\n*[[1992]] - [[Άντονι Πέρκινς]], Αμερικανός ηθοποιός\n*[[1995]] - [[Τζέρεμυ Μπρεττ]], Άγγλος ηθοποιός\n*[[1999]] - [[Άλεν Στακ]], Αμερικανός κολυμβητής\n*[[2003]] - [[Τζόνι Κας]], Αμερικανός τραγουδοποιός\n*[[2012]] - [[Κρίστοφερ Στίβενς]], Αμερικανός διπλωμάτης\n*[[2014]] - [[Ίαν Πέισλι]], Βορειοϊρλανδός πολιτικός\n*[[2019]] - [[Νάνος Βαλαωρίτης]], Έλληνας ποιητής\n\n== Αργίες και εορτές ==\n=== [[Ορθόδοξη Εκκλησία]] ===\n{{Πύλη:Ορθοδοξία/Εορτολόγιο/12 Σεπτεμβρίου}}\n\n{{Μήνες}}\n\n[[Κατηγορία:Ημέρες του έτους]]"}}}]}]}}