{"batchcomplete":true,"query":{"normalized":[{"fromencoded":false,"from":"12_Νοεμβρίου","to":"12 Νοεμβρίου"}],"pages":[{"pageid":3566,"ns":0,"title":"12 Νοεμβρίου","revisions":[{"slots":{"main":{"contentmodel":"wikitext","contentformat":"text/x-wiki","content":"{{χωρίς παραπομπές|17|04|2023}}\n{{Μήνες Νοεμβρίου}}\n\n<center>[[11 Νοεμβρίου]] | '''12 Νοεμβρίου''' | [[13 Νοεμβρίου]]</center>\n\n----\nΗ '''12η Νοεμβρίου''' είναι η 316η ημέρα του έτους κατά το [[Γρηγοριανό ημερολόγιο]] (317η σε δίσεκτα έτη). Υπολείπονται 49 ημέρες.\n\n{{ΗμερολόγιοΣεΠίνακα|11}}\n\n== Γεγονότα ==\n*[[954]] - Ο 13χρονος [[Λοθάριος της Φραγκίας|Λοθάριος]] στέφεται βασιλιάς της [[Δυτική Φραγκία|Δυτικής Φραγκίας]] στο αββαείο Σαιν Ρεμί.\n*[[1028]] - Η [[Ζωή (αυτοκράτειρα)|Ζωή η Πορφυρογέννητη]] γίνεται [[Κατάλογος Βυζαντινών αυτοκρατόρων|αυτοκράτειρα της Βυζαντινής αυτοκρατορίας]] καθώς παντρεύεται τον [[Ρωμανός Γ΄ Αργυρός|Ρωμανό Γ΄ τον Αργυρό]].\n*[[1330]] - Ο [[βοεβόδας]] της [[Βλαχία]]ς [[Βασάραβα Α΄]] νικά το στρατό του [[Κάρολος Α΄ της Ουγγαρίας|Καρόλου Α΄ της Ουγγαρίας]] στη μάχη της Ποσάντα.\n*[[1793]] - Εκτελείται στη [[γκιλοτίνα]] ο [[Ζαν Σιλβέν Μπεγί]], ο πρώτος δήμαρχος [[Παρίσι|Παρισίων]].\n*[[1850]] - Με βασιλικό διάταγμα, ο [[Νικόλαος Ζαχαρίτσας]] διορίζεται δήμαρχος [[Αθήνα|Αθηναίων]].\n*[[1905]] - Η [[Νορβηγία]] διεξάγει δημοψήφισμα που καταλήγει σε λαϊκή έγκριση της απόφασης του [[Κοινοβούλιο της Νορβηγίας|Κοινοβουλίου της Νορβηγίας]] να εξουσιοδοτήσει την κυβέρνηση να προσφέρει το θρόνο της πρόσφατα ανεξάρτητης χώρας.\n*[[1912]] - Ανακαλύπτονται τα παγωμένα σώματα του [[Ρόμπερτ Φάλκον Σκοτ]] και των ανδρών του στην [[Τράπεζα Πάγου Ρος]] στην [[Ανταρκτική]]. \n*[[1918]] - Η [[Αυστρία]] γίνεται [[Πρώτη Αυστριακή Δημοκρατία|δημοκρατία]].\n*[[1920]] - Η [[Ιταλία]] και το [[Βασίλειο της Γιουγκοσλαβίας]] υπογράφουν τη συνθήκη του Ράπαλο.\n*[[1927]] - Ο [[Λέων Τρότσκι]] εκδιώκεται από το [[Κομμουνιστικό Κόμμα της Σοβιετικής Ένωσης]], αφήνοντας στον [[Ιωσήφ Στάλιν]] τον αδιαφιλονίκητο έλεγχο της [[Ένωση Σοβιετικών Σοσιαλιστικών Δημοκρατιών|Σοβιετικής Ένωσης]].   \n*[[1940]] - [[Β΄ Παγκόσμιος Πόλεμος]]: Λήγει η μάχη της Γκαμπόν καθώς οι [[Ελεύθερη Γαλλία|ελεύθερες γαλλικές]] δυνάμεις καταλαμβάνουν τη [[Λιμπρεβίλ]] στη [[Γκαμπόν]] και όλη τη γαλλική ισημερινή [[Αφρική]] από τις δυνάμεις της [[Γαλλία του Βισύ|Γαλλίας του Βισύ]].\n*[[1941]] - [[Β΄ Παγκόσμιος Πόλεμος]]: Οι θερμοκρασίες γύρω από τη [[Μόσχα]] πέφτουν στους -12 °C ενώ η [[Ένωση Σοβιετικών Σοσιαλιστικών Δημοκρατιών|Σοβιετική Ένωση]] προωθεί για πρώτη φορά στρατεύματα χιονοδρόμων εναντίον των παγωμένων [[Ναζιστική Γερμανία|γερμανικών]] δυνάμεων κοντά στην πόλη.\n*[[1942]] - [[Β΄ Παγκόσμιος Πόλεμος]]: Αρχίζει η ναυμαχία του [[Γκουανταλκανάλ]] μεταξύ των [[Ιαπωνία|ιαπωνικών]] και [[Ηνωμένες Πολιτείες Αμερικής|αμερικανικών]] δυνάμεων. Η ναυμαχία θα διαρκέσει τρεις ημέρες και θα τελειώσει με νίκη των Αμερικανών. \n*[[1944]] - [[Β΄ Παγκόσμιος Πόλεμος]]: 29 βομβαρδιστικά της [[Βασιλική Πολεμική Αεροπορία (Βρετανία)|Βρετανικής Βασιλικής Πολεμικής Αεροπορίας]] βυθίζουν το [[Γερμανία|γερμανικό]] [[θωρηκτό]] ''Tirpitz'' στο [[Τρόμσε]] της [[Νορβηγία]]ς.\n*[[1948]] - Στο [[Τόκιο]], ένα διεθνές δικαστήριο [[Έγκλημα πολέμου|εγκλημάτων πολέμου]] καταδικάζει σε θάνατο επτά [[Ιαπωνία|Ιάπωνες]] στρατιωτικούς και κυβερνητικούς αξιωματούχους, συμπεριλαμβανομένου και του στρατηγού [[Τότζο Χιντέκι]], για το ρόλο τους στο [[Β΄ Παγκόσμιος Πόλεμος|Β΄ Παγκόσμιο Πόλεμο]].\n*[[1956]] - Το [[Μαρόκο]], το [[Σουδάν]] και η [[Τυνησία]] γίνονται μέλη του [[Οργανισμός Ηνωμένων Εθνών|Οργανισμού Ηνωμένων Εθνών]].\n*[[1969]] - [[Πόλεμος του Βιετνάμ]]: Ο ανεξάρτητος δημοσιογράφος Σέιμουρ Χερς αποκαλύπτει την ιστορία της [[Σφαγή του Μι Λάι|σφαγής του Μι Λάι]].\n*[[1975]] - Οι [[Κομόρες]] εντάσσονται στον [[Οργανισμός Ηνωμένων Εθνών|Οργανισμό Ηνωμένων Εθνών]].\n*[[1979]] - [[Κρίση των ομήρων (Ιράν)]]: Σε απάντηση στην κατάσταση ομηρίας στην [[Τεχεράνη]], ο [[Ηνωμένες Πολιτείες Αμερικής|Αμερικανός]] πρόεδρος [[Τζίμι Κάρτερ]] διατάζει την παύση όλων των εισαγωγών πετρελαίου στις Ηνωμένες Πολιτείες από το [[Ιράν]].\n*[[1980]] - Το διαστημικό σκάφος της [[NASA]] ''[[Βόγιατζερ 1]]'' κάνει την πλησιέστερη προσέγγισή του στον [[Κρόνος (πλανήτης)|Κρόνο]] και παίρνει τις πρώτες εικόνες των [[Δακτύλιοι του Κρόνου|δακτυλίων]] του.\n*[[1981]] - Πρόγραμμα [[Διαστημικό Λεωφορείο|διαστημικών λεωφορείων]]: Η αποστολή STS-2, χρησιμοποιώντας το [[Διαστημικό Λεωφορείο Κολούμπια]], σηματοδοτεί την πρώτη φορά που ένα επανδρωμένο διαστημικό σκάφος εκτοξεύεται στο διάστημα για δεύτερη φορά.\n*[[1982]] - [[Ένωση Σοβιετικών Σοσιαλιστικών Δημοκρατιών|Ε.Σ.Σ.Δ.]]: Ο [[Γιούρι Αντρόπωφ]] γίνεται [[Γενικός Γραμματέας του Κομμουνιστικού Κόμματος της Σοβιετικής Ένωσης|Γενικός Γραμματέας]] της [[Κεντρική Επιτροπή του Κομμουνιστικού Κόμματος της Σοβιετικής Ένωσης|Κεντρικής Επιτροπής του Κομμουνιστικού Κόμματος της Σοβιετικής Ένωσης]], διαδεχόμενος τον [[Λεονίντ Μπρέζνιεφ]].  \n*[[1990]] - Ο βασιλικός πρίγκιπας Ακιχίτο ενθρονίζεται επίσημα ως αυτοκράτορας [[Ακιχίτο]] της [[Ιαπωνία]]ς και γίνεται ο 125ος Ιάπωνας μονάρχης.\n*[[1990]] - Ο [[Τιμ Μπέρνερς Λι]] δημοσιεύει επίσημη πρόταση για τον [[Παγκόσμιος Ιστός|Παγκόσμιο Ιστό]].\n*[[1991]] - [[Ινδονησία|Ινδονησιακές]] δυνάμεις ανοίγουν πυρ εναντίον πλήθους φοιτητών διαδηλωτών στο [[Ντίλι]] του [[Ανατολικό Τιμόρ|Ανατολικού Τιμόρ]].\n*[[1996]] - Ένα [[Boeing 747]] της Saudia κι ένα εμπορευματικό αεροσκάφος [[Ilyushin Il-76]] συγκρούονται στον αέρα στην [[Ινδία]], σκοτώνοντας 349 άτομα. Πρόκειται για την πιο θανατηφόρα εναέρια σύγκρουση μέχρι σήμερα.\n*[[1999]] - [[Σεισμός]] μεγέθους 7,2 βαθμών Ρίχτερ κλονίζει το Ντούζτζε στη βορειοδυτική [[Τουρκία]]. Τουλάχιστον 845 άνθρωποι σκοτώνονται και 4.948 τραυματίζονται.\n*[[2001]] - Αεροσκάφος [[Airbus A300]], που εκτελεί την πτήση 587 της American Airlines προς τη [[Δομινικανή Δημοκρατία]], συντρίβεται στη [[Νέα Υόρκη]] λίγα λεπτά μετά την απογείωσή του από το [[Διεθνές Αεροδρόμιο Τζον Κένεντι]], σκοτώνοντας τους 260 επιβαίνοντες και άλλους πέντε στο έδαφος.\n*[[2001]] - [[Πόλεμος στο Αφγανιστάν (2001–σήμερα)|Πόλεμος στο Αφγανιστάν]]: Οι δυνάμεις των [[Ταλιμπάν]] εγκαταλείπουν την [[Καμπούλ]].\n*[[2003]] - [[Πόλεμος στο Ιράκ]]: Τουλάχιστον 23 άνθρωποι σκοτώνονται σε βομβιστική επίθεση αυτοκτονίας σε [[Ιταλία|ιταλική]] αστυνομική βάση στη [[Νασιρίγια]] του [[Ιράκ]]. \n* [[2011]] - Η οικονομική κρίση οδηγεί τον Σίλβιο Μπερλουσκόνι σε παραίτηση από την πρωθυπουργία της Ιταλίας.\n\n== Γεννήσεις ==\n*[[1504]] - [[Τζοβάνι Μπατίστα Τζιράλντι]], Ιταλός συγγραφέας\n*[[1684]] - [[Έντουαρντ Βέρνον]], Βρετανός ναύαρχος \n*[[1729]] - [[Λουί Αντουάν ντε Μπουγκαινβίλ]], Γάλλος ναύαρχος και εξερευνητής\n*[[1746]] - [[Ζακ Σαρλ]], Γάλλος φυσικός και εφευρέτης\n*[[1833]] - [[Αλεξάντρ Μποροντίν]], Ρώσος συνθέτης και χημικός\n*[[1840]] - [[Ωγκύστ Ροντέν]], Γάλλος γλύπτης\n*[[1842]] - [[Ογιάμα Ιβάο]], Ιάπωνας στρατάρχης\n*[[1842]] - [[Τζον Ουίλιαμ Στρατ]], Άγγλος φυσικός\n*[[1851]] - [[Έντουαρντ Ένγκελ]], Γερμανός γλωσσολόγος\n*[[1866]] - [[Σουν Γιατ-Σεν]], Κινέζος επαναστάτης και πολιτικός\n*[[1881]] - [[Μαξιμίλιαν φον Βάιχς]], Γερμανός στρατάρχης\n*[[1915]] - [[Ρολάν Μπαρτ]], Γάλλος λογοτεχνικός κριτικός και συγγραφέας\n*[[1924]] - [[Ωντουέν Ντολφύς]], Γάλλος αστρονόμος\n*[[1929]] - [[Μίχαελ Έντε]], Γερμανός συγγραφέας\n*[[1929]] - [[Γκρέις Κέλι]], Αμερικανίδα ηθοποιός\n*[[1933]] - [[Τζαλάλ Ταλαμπανί]], Ιρακινός πολιτικός\n*[[1934]] - [[Τσαρλς Μάνσον]], Αμερικανός δολοφόνος\n*[[1935]] - [[Γιανγκ Βίβιαν]], πρωθυπουργός του Νιούε\n*[[1936]] - [[Κώστας Πολυχρονίου]], Έλληνας ποδοσφαιριστής και προπονητής\n*[[1943]] - [[Μπράιαν Χάιλαντ]], Αμερικανός τραγουδιστής\n*[[1945]] - [[Νηλ Γιανγκ]], Καναδός τραγουδοποιός\n*[[1948]] - [[Χασάν Ρουχανί]], Ιρανός πολιτικός\n*[[1951]] - [[Αναστάσιος Αλιφέρης|Τάσος Αλιφέρης]], Έλληνας πολιτικός\n*[[1953]] - [[Βασίλης Καρράς]], Έλληνας τραγουδιστής\n*[[1953]] - [[Μπάαμπα Μάαλ]], Σενεγαλέζος τραγουδοποιός\n*[[1961]] - [[Νάντια Κομανέτσι]], Ρουμάνα γυμνάστρια\n*[[1964]] - [[Ντέιβ Έλεφσον]], Αμερικανός μπασίστας ([[Megadeth]])\n*[[1964]] - [[Βασίλης Μαζωμένος]], Έλληνας σκηνοθέτης\n*[[1965]] - [[Ελένη Ράντου]], Ελληνίδα ηθοποιός\n*[[1972]] - [[Βασίλης Τσιάρτας]], Έλληνας ποδοσφαιριστής\n*[[1977]] - [[Παναγιώτης Καποδίστριας (ηθοποιός)|Παναγιώτης Καποδίστριας]], Έλληνας ηθοποιός\n*[[1980]] - [[Ράιαν Γκόσλινγκ]], Καναδός ηθοποιός\n*[[1982]] - [[Αν Χάθαγουεϊ]], Αμερικανίδα ηθοποιός\n*[[1984]] - [[Γιαν Ζι]], Κινέζα αντισφαιρίστρια\n*[[1988]] - [[Ράσελ Γουέστμπρουκ]], Αμερικανός καλαθοσφαιριστής\n\n== Θάνατοι ==\n*[[607]] - [[Πάπας Βονιφάτιος Γ΄]]\n*[[683]] - [[Γιαζίντ Α΄]], Άραβας χαλίφης \n*[[973]] - [[Μπούρχαρτ Γ΄ της Σουαβίας|Μπούρχαρτ Γ΄]], δούκας της Σουαβίας\n*[[1035]] - [[Κνούτος]], βασιλιάς της Αγγλίας\n*[[1094]] - [[Ντάνκαν Β΄ της Σκωτίας|Ντάνκαν Β΄]], βασιλιάς της Σκωτίας\n*[[1202]] - [[Κνούτος ΣΤ΄ της Δανίας|Κνούτος ΣΤ΄]], βασιλιάς της Δανίας\n*[[1375]] - [[Ιωάννης Ερρίκος της Μοραβίας|Ιωάννης Ερρίκος]], μάργραβος της Μοραβίας\n*[[1434]] - [[Λουδοβίκος Γ΄ του Ανζού]], βασιλιάς της Νάπολης\n*[[1595]] - [[Τζον Χόκινς (ναύαρχος)|Τζον Χόκινς]], Άγγλος ναύαρχος και ναυπηγός\n*[[1605]] - [[Χαντάν Σουλτάνα|Χαντάν]], Οθωμανή σουλτάνα\n*[[1793]] - [[Ζαν Σιλβέν Μπεγί]], Γάλλος αστρονόμος, μαθηματικός και πολιτικός\n*[[1896]] - [[Σπυρίδων Ξύνδας]], Έλληνας συνθέτης\n*[[1916]] - [[Πέρσιβαλ Λόουελ]], Αμερικανός αστρονόμος\n*[[1923]] - [[Ερνστ Τσίλλερ]], Γερμανός αρχιτέκτονας\n*[[1944]] - [[Τέλλος Άγρας (ποιητής)|Τέλλος Άγρας]], Έλληνας ποιητής\n*[[1948]] - [[Ουμπέρτο Τζορντάνο]], Ιταλός συνθέτης\n*[[1955]] - [[Άλφρεντ Χάγιος]], Ούγγρος κολυμβητής\n*[[1956]] - [[Χουάν Νεγρίν]], Ισπανός πολιτικός\n*[[1974]] - [[Ειρήνη Δενδρινού]], Ελληνίδα ποιήτρια\n*[[1979]] - [[Πυθαγόρας (στιχουργός)|Πυθαγόρας]], Έλληνας στιχουργός\n*[[1981]] - [[Γουίλιαμ Χόλντεν]], Αμερικανός ηθοποιός\n*[[1994]] - [[Γουίλμα Ρούντολφ]], Αμερικανίδα αθλήτρια\n*[[2004]] - [[Μίμης Χρυσομάλλης]], Έλληνας ηθοποιός\n*[[2008]] - [[Μιτς Μίτσελ]], Άγγλος ντράμερ (The Jimi Hendrix Experience)\n*[[2013]] - [[Αντιγόνη Βαλάκου]], Ελληνίδα ηθοποιός\n*[[2013]] - [[Νικόλαος Μάρτης]], Έλληνας πολιτικός\n*[[2013]] - [[Τζων Τάβενερ]], Άγγλος συνθέτης\n*[[2016]] - [[Πολ Βερζέ]], Γάλλος πολιτικός\n*[[2016]] - [[Λουπίτα Τοβάρ]], Μεξικανή ηθοποιός\n\n== Αργίες και εορτές ==\n\n=== [[Ορθόδοξη Εκκλησία]] ===\n{{Πύλη:Ορθοδοξία/Εορτολόγιο/12 Νοεμβρίου}}\n\n{{Μήνες}}\n\n[[Κατηγορία:Ημέρες του έτους]]"}}}]}]}}