{"batchcomplete":true,"query":{"normalized":[{"fromencoded":false,"from":"12_Φεβρουαρίου","to":"12 Φεβρουαρίου"}],"pages":[{"pageid":1269,"ns":0,"title":"12 Φεβρουαρίου","revisions":[{"slots":{"main":{"contentmodel":"wikitext","contentformat":"text/x-wiki","content":"{{Πηγές|3=2022|2=01|8}}\n{{Μήνες Φεβρουαρίου}}\n\n<center>[[11 Φεβρουαρίου]] | '''12 Φεβρουαρίου''' | [[13 Φεβρουαρίου]]</center>\n\n----\nΗ '''12η Φεβρουαρίου''' είναι η 43η ημέρα του έτους κατά το [[Γρηγοριανό ημερολόγιο]]. Υπολείπονται 322 ημέρες (323 σε δίσεκτα έτη).\n\n{{ΗμερολόγιοΣεΠίνακα|2}}\n\n== Γεγονότα ==\n{{Commonscat|12 February}}\n*[[881]] - Ο [[Πάπας Ιωάννης Η΄]] στέφει τον βασιλιά της [[Ιταλία]]ς, [[Κάρολος ο Παχύς|Κάρολο τον Παχύ]], [[Αυτοκράτορας της Αγίας Ρωμαϊκής Αυτοκρατορίας|αυτοκράτορα της Αγίας Ρωμαϊκής Αυτοκρατορίας]].\n*[[1429]] - Μάχη των Ρεγγών: Οι [[Αγγλία|αγγλικές]] δυνάμεις υπερασπίζονται επιτυχώς μία φάλαγγα προμηθειών με προορισμό τον στρατό που πολιορκεί την [[Ορλεάνη]].\n*[[1502]] - Ο [[Βάσκο ντα Γκάμα]] αναχωρεί από τη [[Λισαβόνα]] της [[Πορτογαλία]]ς για το δεύτερο ταξίδι του στην [[Ινδία]]. \n*[[1541]] - Ο [[Πέδρο ντε Βαλδίβια]] ιδρύει την πόλη [[Σαντιάγο]] στη [[Χιλή]].\n*[[1554]] - Ένα χρόνο μετά τη διεκδίκηση του θρόνου της [[Αγγλία]]ς, η Λαίδη Ιωάννα Γκρέι αποκεφαλίζεται για προδοσία. \n*[[1689]] - Το Συμβατικό Κοινοβούλιο της [[Αγγλία]]ς αποφαίνεται ότι η φυγή στη [[Γαλλία]], το [[1688]], του [[Ιάκωβος Β΄ της Αγγλίας|Ιάκωβου Β΄]], του τελευταίου [[Καθολική Εκκλησία|καθολικού]] [[Μοναρχία του Ηνωμένου Βασιλείου|Βρετανού μονάρχη]], συνιστά παραίτηση.\n*[[1733]] - Ιδρύεται η [[Τζόρτζια]], η 13η αποικία από τις [[Δεκατρείς Αποικίες]]. \n*[[1817]] - Ο πατριωτικός στρατός της [[Αργεντινή]]ς και της [[Χιλή]]ς, αφού διέσχισε τις [[Άνδεις]], νικάει τα ισπανικά στρατεύματα στη μάχη του Τσακαμπούκο.\n*[[1818]] - Ο [[Μπερνάρδο Ο' Χίγκινς]] εγκρίνει επίσημα την ανακήρυξη της ανεξαρτησίας της [[Χιλή]]ς κοντά στην [[Κονσεπσιόν]].\n*[[1832]] - Ο [[Ισημερινός (χώρα)|Ισημερινός]] προσαρτά τα [[νησιά Γκαλαπάγκος]].\n*[[1944]] - Βυθίζεται στα ανοικτά του [[Σούνιο|Σουνίου]] το [[ατμόπλοιο Όρια]], με θύματα πάνω από 4.000 Ιταλούς αιχμαλώτους πολέμου.\n*[[1945]] - Υπογράφεται η [[Συμφωνία της Βάρκιζας]] μεταξύ της [[Κυβέρνηση Νικολάου Πλαστήρα 1945|κυβέρνησης του Νικολάου Πλαστήρα]] και αντιπροσώπων του [[Εθνικό Απελευθερωτικό Μέτωπο|Ε.Α.Μ.]]\n*[[1947]] - Ο [[Μετεωρίτης Σιχότε-Άλιν|μεγαλύτερος παρατηρούμενος σιδηρομετεωρίτης]] δημιουργεί κρατήρα στην περιοχή Σιχότε-Άλιν της [[Ένωση Σοβιετικών Σοσιαλιστικών Δημοκρατιών|Σοβιετικής Ένωσης]].\n*[[1947]] - Ο [[Κριστιάν Ντιόρ]] παρουσιάζει το \"New Look\", βοηθώντας το [[Παρίσι]] να ανακτήσει τη θέση του ως πρωτεύουσα του κόσμου της μόδας. \n*[[1950]] - Ιδρύεται η european broadcasting union (EBU)\n*[[1963]] - Αρχίζει η κατασκευή της [[Πύλη για τη Δύση|Πύλης για τη Δύση]] στο [[Σαιντ Λούις]].\n*[[1977]] - Συνομολογείται στη Βιέννη η [[συμφωνία Μακαρίου-Ντενκτάς]] επί του Κυπριακού. Δύο χρόνια αργότερα θα την διαδεχθεί η [[συμφωνία Κυπριανού-Ντενκτάς]].\n*[[1993]] - Ένα από τα πιο απίστευτα εγκλήματα στην ιστορία, λαμβάνει χώρα στο [[Λίβερπουλ]] της Αγγλίας, καθώς ο 2χρονος [[Δολοφονία του Τζέιμς Μπάλτζερ|Τζέιμς Μπάλτζερ]] κακοποιείται και δολοφονείται στις ράγες του τρένου. Οι δύο δολοφόνοι ήταν οι δεκάχρονοι Τζον Βέναμπλς και Ρόμπερτ Τόμσον.\n*[[2019]] - Με τη [[Συμφωνία των Πρεσπών]] επιλύεται το χρόνιο πρόβλημα ονομασίας της προσωρινά αποκαλούμενης \"πρώην Γιουγκοσλαβικής Δημοκρατίας της Μακεδονίας\" (πΓΔΜ), η οποία ονομάζεται επισήμως πλέον [[Βόρεια Μακεδονία|Δημοκρατία της Βόρειας Μακεδονίας]].\n\n== Γεννήσεις ==\n*[[91 π.Χ.]] - [[Γάιος Βίβιος Πάνσας Καιτρονιανός]], Ρωμαίος ύπατος\n*[[712]] - [[Του Φου]], Κινέζος ποιητής\n*[[1272]] - [[Αυτοκράτορας Μπινγκ των Σονγκ]]\n*[[1322]] - [[Ιωάννης Ερρίκος της Μοραβίας|Ιωάννης Ερρίκος]], μαργράβος της Μοραβίας\n*[[1768]] - [[Φραγκίσκος Β´ της Αγίας Ρωμαϊκής Αυτοκρατορίας|Φραγκίσκος Β΄]], αυτοκράτορας της Αγίας Ρωμαϊκής Αυτοκρατορίας\n*[[1809]] - [[Κάρολος Δαρβίνος]], Άγγλος φυσιοδίφης\n*[[1809]] - [[Αβραάμ Λίνκολν]], 16ος πρόεδρος των Η.Π.Α.\n*[[1857]] - [[Ευγένιος Ατζέ]], Γάλλος φωτογράφος\n*[[1884]] - [[Μαξ Μπέκμαν]], Γερμανός ζωγράφος\n*[[1885]] - [[Γιούλιους Στράιχερ]], Γερμανός ναζιστής εκδότης\n*[[1890]] - [[Κώστας Ουράνης]], Έλληνας συγγραφέας\n*[[1914]] - [[Λάζαρ Κολισέφσκι]], Σέρβος πολιτικός\n*[[1923]] - [[Φράνκο Τζεφφιρέλλι]], Ιταλός σκηνοθέτης\n*[[1925]] - [[Γεώργιος Κουμάντος]], Έλληνας νομικός\n*[[1933]] - [[Κώστας Γαβράς]], Έλληνας σκηνοθέτης\n*[[1937]] - [[Βιτόριο Εμανουέλε της Σαβοΐας]], πρίγκιπας της Νάπολης\n*[[1939]] - [[Ρέι Μανζάρεκ]], Αμερικανός μουσικός ([[The Doors]])\n*[[1941]] - [[Λιλάντα Λυκιαρδοπούλου]], Ελληνίδα ηθοποιός\n*[[1943]] - [[Μάνφρεντ Σέφερ]], Αυστραλός ποδοσφαιριστής\n*[[1946]] - [[Ζαν Εγεγκέ Ν'Ντονγκ]], πρωθυπουργός της Γκαμπόν\n*[[1950]] - [[Ζοάο Β. Νέρι]], Βραζιλιάνος συγγραφέας, ψυχολόγος και ακτιβιστής\n*[[1954]] - [[Αμπντελαζίζ Τζεράντ]], Αλγερινός πολιτικός\n*[[1954]] - [[Ευάγγελος Μπασιάκος]], Έλληνας πολιτικός\n*[[1954]] - [[Τζίμης Πανούσης]], Έλληνας τραγουδοποιός\n*[[1961]] - [[Μισέλ Μαρτελί]], Αϊτινός πολιτικός \n*[[1969]] - [[Ντάρεν Αρονόφσκι]], Αμερικανός σκηνοθέτης\n*[[1982]] - [[Λούης Τσάτουμας]], Έλληνας αθλητής\n*[[1993]] - [[Ραφίνια (ποδοσφαιριστής, γεννηθείς το 1993)|Ραφίνια]], Βραζιλιάνος ποδοσφαιριστής\n*[[2001]] - [[Γιώργος Λιάβας]], Έλληνας ποδοσφαιριστής\n\n== Θάνατοι ==\n*[[901]]  - [[Πατριάρχης Αντώνιος Β΄ ο Καυλέας|Αντώνιος Β΄]], Πατριάρχης Κωνσταντινουπόλεως\n*[[1538]] - [[Άλμπρεχτ Άλτντορφερ]], Γερμανός ζωγράφος\n*[[1576]] - [[Ιωάννης Αλβέρτος Α΄ του Μεκλεμβούργου|Ιωάννης Αλβέρτος Α']], δούκας του Μεκλεμβούργου\n*[[1719]] - [[Άνταμ Λούντβιχ Λεβενχάουπτ]], Σουηδός στρατηγός\n*[[1804]] - [[Ιμμάνουελ Καντ]], Γερμανός φιλόσοφος\n*[[1816]] - [[Ιωάννης Δεληγιάννης]], Έλληνας προεστός\n*[[1853]] - [[Νικόλαος Κριεζώτης]], Έλληνας πολιτικός\n*[[1873]] - [[Σπυρίδων Τρικούπης]], Έλληνας πολιτικός και ιστορικός\n*[[1911]] - [[Γκόνος Γιώτας]], Έλληνας Μακεδονομάχος\n*[[1932]] - [[Θεόδωρος Κάστανος]], Έλληνας παιδαγωγός\n*[[1949]] - [[Χασάν αλ-Μπάννα]], Αιγύπτιος ιδρυτής της Μουσουλμανικής Αδελφότητας\n*[[1950]] - [[Χρυσόστομος Ιωαννίδης]], Κύπριος ποδοσφαιριστής\n*[[1954]] - [[Τζίγκα Βερτόφ]], Σοβιετικός κινηματογραφιστής\n*[[1961]] - [[Αθανάσιος Τραχίλης]], Έλληνας πολιτικός\n*[[1963]] - [[Χρήστος Γιαννακόπουλος]], Έλληνας θεατρικός συγγραφέας και σεναριογράφος\n*[[1979]] - [[Ζαν Ρενουάρ]], Γάλλος σκηνοθέτης\n*[[1980]] - [[Γεωργία Βασιλειάδου]], Ελληνίδα ηθοποιός\n*[[1984]] - [[Άννα Άντερσον]], Πολωνή εργάτρια\n*[[1992]] - [[Φάνης Χηνάς]], Έλληνας ηθοποιός\n*[[2000]] - [[Screamin' Jay Hawkins]], Αμερικανός τραγουδιστής\n*[[2001]] - [[Κριστίνα Σέντερμπαουμ]], Σουηδέζα ηθοποιός\n*[[2004]] - [[Θόδωρος Πολυκανδριώτης]], Έλληνας συνθέτης\n*[[2008]] - [[Παναγιώτης Κοσιώνης]], Έλληνας πολιτικός\n*[[2009]] - [[Χιου Λέοναρντ]], Ιρλανδός συγγραφέας\n*[[2011]] - [[Κωνσταντίνος Κοσμόπουλος]], Έλληνας πολιτικός\n*[[2012]] - [[Βασίλειος Μαντζώρης]], Έλληνας πολιτικός\n*[[2016]] - [[Γιάννης Καλαϊτζής]], Έλληνας σκιτσογράφος\n\n== Αργίες και εορτές ==\n=== Κόσμος ===\n* {{USA}} - Ημέρα του [[Αβραάμ Λίνκολν|Λίνκολν]]\n* {{MMR}} - Ημέρα της Ένωσης\n\n=== [[Ορθόδοξη Εκκλησία]] ===\n{{Πύλη:Ορθοδοξία/Εορτολόγιο/12 Φεβρουαρίου}}\n\n{{Μήνες}}\n\n[[Κατηγορία:Ημέρες του έτους]]"}}}]}]}}