{"batchcomplete":true,"query":{"normalized":[{"fromencoded":false,"from":"12_Απριλίου","to":"12 Απριλίου"}],"pages":[{"pageid":6744,"ns":0,"title":"12 Απριλίου","revisions":[{"slots":{"main":{"contentmodel":"wikitext","contentformat":"text/x-wiki","content":"{{Μήνες Απριλίου}}\n\n<center>[[11 Απριλίου]] | '''12 Απριλίου''' | [[13 Απριλίου]] </center>\n\n----\nΗ '''12η Απριλίου''' είναι η 102η ημέρα του έτους κατά το [[Γρηγοριανό ημερολόγιο]]. Υπολείπονται 263 ημέρες.\n{{ΗμερολόγιοΣεΠίνακα|4}}\n\n== Γεγονότα ==\n*[[238]] - Ο [[Γορδιανός Β΄]] ηττάται και σκοτώνεται στη [[Μάχη της Καρχηδόνας (238)|μάχη της Καρχηδόνας]] από τους [[Νουμιδία|Νουμίδες]] που είναι πιστοί στον [[Μαξιμίνος Θραξ|Μαξιμίνο Θραξ]]. Ο [[Γορδιανός Α΄]], πατέρας του Γορδιανού Β΄, αυτοκτονεί.\n*[[240]] - Ο [[Σαπώρης Α΄ της Περσίας|Σαπώρης Α΄]] γίνεται συναυτοκράτορας της [[Αυτοκρατορία των Σασσανιδών|αυτοκρατορίας των Σασσανιδών]] με τον πατέρα του, [[Αρδασίρ Α΄ της Περσίας]].\n*[[467]] - Ο [[Ανθέμιος]] γίνεται αυτοκράτορας της [[Δυτική Ρωμαϊκή Αυτοκρατορία|Δυτικής Ρωμαϊκής Αυτοκρατορίας]].\n*[[627]] - Ο βασιλιάς [[Έντουιν της Νορθουμβρίας]] βαπτίζεται [[Χριστιανισμός|χριστιανός]] από τον Παυλίνο, επίσκοπο του [[Γιορκ]].\n*[[1167]] - Δολοφονείται στο Βίσινγκσο ο βασιλιάς [[Κάρολος Ζ´ της Σουηδίας]].\n*[[1204]] - Οι σταυροφόροι της [[Δ΄ Σταυροφορία|Δ΄ Σταυροφορίας]] παραβιάζουν τα τείχη της [[Βυζαντινή Κωνσταντινούπολη|Κωνσταντινούπολης]] και [[Άλωση της Κωνσταντινούπολης (1204)|εισέρχονται στην πόλη]], την οποία καταλαμβάνουν πλήρως την επόμενη ημέρα.\n*[[1820]] – Ο [[Αλέξανδρος Υψηλάντης (Φιλικός)|Αλέξανδρος Υψηλάντης]] γίνεται αρχηγός της [[Φιλική Εταιρεία|Φιλικής Εταιρείας]], μίας μυστικής οργάνωσης με σκοπό την ανατροπή της [[Οθωμανική Αυτοκρατορία|οθωμανικής]] κυριαρχίας στην [[Ελλάδα]].\n*[[1861]] - [[Αμερικανικός Εμφύλιος Πόλεμος]]: [[Μάχη του Φορτ Σάμτερ]]. Ο πόλεμος αρχίζει με τις [[Συνομόσπονδες Πολιτείες της Αμερικής|συνομόσπονδες]] δυνάμεις να ανοίγουν πυρ εναντίον του φρουρίου Σάμτερ στο λιμάνι του [[Τσάρλεστον (Νότια Καρολίνα)]].\n*[[1927]] - Ο [[Τσιανγκ Κάι Σεκ]] διατάζει την εκτέλεση των μελών του [[Κομμουνιστικό Κόμμα της Κίνας|Κομμουνιστικού Κόμματος της Κίνας]] στη [[Σαγκάη]].\n*[[1937]] - Ο Φρανκ Γουίτλ δοκιμάζει στην [[Αγγλία]] τον πρώτο [[Κινητήρας αεριώθησης|κινητήρα αεριώθησης]] που σχεδιάστηκε για να χρησιμοποιηθεί σε αεροσκάφος. \n*[[1941]] - [[Β΄ Παγκόσμιος Πόλεμος]]: Βυθίζεται το επίτακτο πλωτό νοσοκομείο ''[[Αττική (επίτακτο)|Αττική]]'' από [[Ναζιστική Γερμανία|γερμανική]] αεροπορική επιδρομή.\n*[[1945]] - Πεθαίνει ο [[Ηνωμένες Πολιτείες Αμερικής|Αμερικανός]] πρόεδρος [[Φραγκλίνος Ρούζβελτ]]. Τον διαδέχεται ο αντιπρόεδρος [[Χάρυ Τρούμαν]].\n*[[1955]] - Το εμβόλιο της [[πολιομυελίτιδα]]ς, που αναπτύχθηκε από τον [[Τζόνας Σολκ]], χαρακτηρίζεται ασφαλές και αποτελεσματικό. \n*[[1961]] - Ο [[Ένωση Σοβιετικών Σοσιαλιστικών Δημοκρατιών|Σοβιετικός]] [[Αστροναύτης|κοσμοναύτης]] [[Γιούρι Γκαγκάριν]] γίνεται ο πρώτος άνθρωπος που ταξιδεύει στο [[διάστημα]] και εκτελεί την πρώτη επανδρωμένη τροχιακή πτήση, με το [[Βοστόκ 1]].\n*[[1970]] - [[Ρωσικό Πολεμικό Ναυτικό|Σοβιετικό]] [[υποβρύχιο]], που μεταφέρει τέσσερις πυρηνικές τορπίλες, βυθίζεται στον [[Βισκαϊκός κόλπος|Βισκαϊκό κόλπο]] τέσσερις ημέρες μετά την εκδήλωση πυρκαγιάς.\n*[[1980]] - Ο [[Σάμιουελ Ντόε]] αποκτά τον έλεγχο της [[Λιβερία]]ς με [[πραξικόπημα]], δίνοντας τέλος στην πάνω από 130 ετών κυριαρχία της μειονότητας των Αμερικανολιβεριανών.\n* [[1981]] - Πρώτη εκτόξευση του [[Διαστημικό Λεωφορείο|Διαστημικού Λεωφορείου]] [[Διαστημικό Λεωφορείο Κολούμπια|«Κολούμπια»]] στο διάστημα.\n*[[2018]] - Πτώση μιράζ τύπου 2000-5 9 μίλια δίπλα από τη Σκύρο.Ο πιλότος του μιράζ Γιώργος Μπαλταδώρος πεθαίνει.\n\n== Γεννήσεις ==\n*[[1116]] - [[Ρίκισσα της Πολωνίας, βασίλισσα της Σουηδίας]]\n*[[1339]] - [[Ιωάννης Δ΄ της Βρετάνης|Ιωάννης Δ΄]], δούκας της Βρετάνης\n*[[1577]] - [[Χριστιανός Δ΄ της Δανίας|Χριστιανός Δ΄]], βασιλιάς της Δανίας και της Νορβηγίας\n*[[1722]] - [[Πιέτρο Ναρντίνι]], Ιταλός συνθέτης και βιολιστής\n*[[1777]] - [[Χένρι Κλέι]], Αμερικανός πολιτικός\n*[[1821]] - [[Φορντ Μάντοξ Μπράουν]], Βρετανός ζωγράφος\n*[[1866]] - [[Αλέξανδρος Ουλιάνοφ]], Ρώσος επαναστάτης\n*[[1871]] - [[Ιωάννης Μεταξάς]], Έλληνας στρατηγός και πολιτικός\n*[[1892]] - [[Χένρι Ντάρτζερ]], Αμερικανός καλλιτέχνης\n*[[1903]] - [[Γιαν Τίνμπεργκεν]], Ολλανδός οικονομολόγος\n*[[1926]] - [[Θέμης Χολέβας]], Έλληνας καλαθοσφαιριστής\n*[[1930]] - [[Πυθαγόρας (στιχουργός)|Πυθαγόρας]], Έλληνας στιχουργός\n*[[1932]] - [[Τάινι Τιμ (Μουσικός)|Τάινι Τιμ]], Αμερικανός μουσικός\n*[[1933]] - [[Μονσεράτ Καμπαγιέ]], Ισπανίδα υψίφωνος\n*[[1935]] - [[Τζίμης Μακούλης]], Έλληνας τραγουδιστής\n*[[1936]] - [[Βαγγέλης Σειληνός]], χορευτής και χορογράφος \n*[[1940]] - [[Χέρμπι Χάνκοκ]], Αμερικανός μουσικός\n*[[1941]] - [[Μπόμπι Μουρ]], Άγγλος ποδοσφαιριστής\n*[[1942]] - [[Τζέικομπ Ζούμα]], Νοτιοαφρικανός πολιτικός\n*[[1944]] - [[Γιώργος Μπαλάνος]], Έλληνας συγγραφέας\n*[[1945]] - [[Βασίλης Δημητρίου]], Έλληνας συνθέτης\n*[[1947]] - [[Τομ Κλάνσυ]], Αμερικανός συγγραφέας\n*[[1948]] - [[Χρήστος Ιακώβου]], Έλληνας αρσιβαρίστας και προπονητής\n*[[1950]] - [[Φλάβιο Μπριατόρε]], Ιταλός επιχειρηματίας\n*[[1952]] - [[Δημήτρης Κοντολάζος]], Έλληνας τραγουδιστής\n*[[1956]] - [[Άντι Γκαρσία]], Κουβανός ηθοποιός\n*[[1961]] - [[Λίζα Τζέραρντ]], Αυστραλή τραγουδοποιός ([[Dead Can Dance]])\n*[[1962]] - [[Κάρλος Σάινθ Θεναμόρ]], Ισπανός οδηγός αγώνων\n*[[1971]] - [[Σάνεν Ντόχερτι]], Αμερικανίδα ηθοποιός\n*[[1979]] - [[Τζένιφερ Μόρισον]], Αμερικανίδα ηθοποιός\n*[[1979]] - [[Κλερ Ντέινς]], Αμερικανίδα ηθοποιός\n*[[1985]] - [[Όλγκα Σεριάμπκινα]], Ρωσίδα τραγουδίστρια ([[Serebro]])\n*[[1997]] - [[Σταμπς (γάτα)|Σταμπς]], Αμερικανίδα γάτα\n\n== Θάνατοι ==\n*[[46 π.Χ.]] - [[Μάρκος Πόρκιος Κάτων]], Ρωμαίος πολιτικός\n*[[238]] - [[Γορδιανός Α΄]], Ρωμαίος αυτοκράτορας\n*[[238]] - [[Γορδιανός Β΄]], Ρωμαίος αυτοκράτορας\n*[[352]] - [[Πάπας Ιούλιος Α΄]]\n*[[371]] - [[Ζήνων Βερόνας]], Ιταλός επίσκοπος\n*[[434]] - [[Πατριάρχης Μαξιμιανός|Μαξιμιανός]], Πατριάρχης Κωνσταντινουπόλεως\n*[[1167]] - [[Κάρολος Ζ´ της Σουηδίας|Κάρολος Ζ΄]], βασιλιάς της Σουηδίας\n*[[1522]] - [[Πιέρο ντι Κόζιμο]], Ιταλός ζωγράφος\n*[[1550]] - [[Κλαύδιος της Λωρραίνης|Κλαύδιος]], δούκας του Γκιζ\n*[[1555]] - [[Ιωάννα Α΄ της Καστίλης|Ιωάννα Α΄]], βασίλισσα της Καστίλης\n*[[1704]] - [[Ζακ Μπενίν Μποσσυέ]], Γάλλος επίσκοπος και συγγραφέας\n*[[1817]] - [[Σαρλ Μεσιέ]], Γάλλος αστρονόμος\n*[[1872]] - [[Νικόλαος Μάντζαρος]], Έλληνας συνθέτης\n*[[1938]] - [[Φιόντορ Σαλιάπιν]], Ρώσος βαθύφωνος\n*[[1945]] - [[Φραγκλίνος Ρούζβελτ]], 32ος πρόεδρος των Η.Π.Α.\n*[[1961]] - [[Απόστολος Αλεξανδρής]], Έλληνας πολιτικός\n*[[1963]] - [[Χέρμπι Νίκολς]], Αμερικανός συνθέτης και πιανίστας\n*[[1969]] - [[Αλέξανδρος Δεληγιαννίδης]], Έλληνας πολιτικός\n*[[1971]] - [[Ίγκορ Ταμ]], Ρώσος φυσικός\n*[[1974]] - [[Γιεβγκένι Βουτσέτιτς]], Σοβιετικός καλλιτέχνης\n*[[1976]] - [[Χρήστος Κάκαλος]], Έλληνας ορειβάτης\n*[[1977]] - [[Μανούσος Βολουδάκης]], Έλληνας πολιτικός\n*[[1980]] - [[Γουίλιαμ Τόλμπερτ ο νεότερος]], Λιβεριανός πολιτικός\n*[[1983]] - [[Καγιετάνο Κάρπιο]], πολιτικός από το Ελ Σαλβαδόρ\n*[[1989]] - [[Άμπι Χόφμαν]], Αμερικανός ακτιβιστής\n*[[1990]] - [[Ιωάννης Σιαφλέκης]], Έλληνας δικηγόρος και πολιτικός\n*[[1993]] - [[Διονύσιος Ίκκος]], Έλληνας γιατρός\n*[[1994]] - [[Φοίβος Κούτσικας]], Έλληνας πολιτικός\n*[[2009]] - [[Χέρμαν Φρανκ Μάγερ]], Γερμανός συγγραφέας\n\n== Αργίες και εορτές ==\n=== [[Ορθόδοξη Εκκλησία]] ===\n{{Πύλη:Ορθοδοξία/Εορτολόγιο/12 Απριλίου}}\n\n{{Μήνες}}\n\n[[Κατηγορία:Ημέρες του έτους]]"}}}]}]}}