{"batchcomplete":true,"query":{"normalized":[{"fromencoded":false,"from":"12_Μαρτίου","to":"12 Μαρτίου"}],"pages":[{"pageid":1483,"ns":0,"title":"12 Μαρτίου","revisions":[{"slots":{"main":{"contentmodel":"wikitext","contentformat":"text/x-wiki","content":"{{χωρίς παραπομπές|8|01|2022}}\n\n{{Μήνες Μαρτίου}}\n<center>[[11 Μαρτίου]] | '''12 Μαρτίου''' | [[13 Μαρτίου]]</center>\n\n----\nΗ '''12η Μαρτίου''' είναι η 71η ημέρα του έτους κατά το [[Γρηγοριανό ημερολόγιο]] (72η σε δίσεκτα έτη). Υπολείπονται 294 ημέρες.\n\n{{ΗμερολόγιοΣεΠίνακα|3}}\n\n== Γεγονότα ==\n*[[1550]] - Μερικές εκατοντάδες [[Ισπανική Αποικιακή Αυτοκρατορία|Ισπανοί]] και αυτόχθονες στρατιώτες υπό τις διαταγές του [[Πέδρο ντε Βαλδίβια]] νικούν ένα στρατό 60.000 [[Μαπούτσε]] στη μάχη του Πένκο στη σημερινή [[Χιλή]].\n*[[1622]] - Ο [[Ιγνάτιος Λογιόλα]] και ο Φραγκίσκος Ξαβιέ, ιδρυτές των [[Εταιρία του Ιησού|Ιησουιτών]], αγιοποιούνται από την [[Καθολική Εκκλησία]].\n*[[1894]] - Η [[Coca-Cola]] εμφιαλώνεται και πωλείται για πρώτη φορά από τον Τζόζεφ Βίντενχαρμ στο [[Μισισίπι]].\n*[[1910]] - Καθελκύεται στο [[Λιβόρνο]] το [[Ελλάδα|ελληνικό]] [[Γεώργιος Αβέρωφ (θωρηκτό)|θωρηκτό Γεώργιος Αβέρωφ]].\n*[[1913]] - Ημέρα της [[Καμπέρα]]: Η μελλοντική πρωτεύουσα της [[Αυστραλία]]ς ονομάζεται Καμπέρα. Η [[Μελβούρνη]] παραμένει προσωρινή πρωτεύουσα μέχρι το [[1927]], ενώ η νέα πρωτεύουσα είναι ακόμα υπό κατασκευή. \n*[[1918]] - Η [[Μόσχα]] γίνεται και πάλι πρωτεύουσα της [[Ρωσία]]ς μετά από 215 χρόνια κατά τα οποία πρωτεύουσα ήταν η [[Αγία Πετρούπολη]].\n*[[1921]] - Η [[Μεγάλη Εθνοσυνέλευση της Τουρκίας]] υιοθετεί το ''[[İstiklâl Marşı]]'', ως εθνικό ύμνο της χώρας.\n*[[1922]] - Η [[Αρμενία]], η [[Γεωργία]] και το [[Αζερμπαϊτζάν]] σχηματίζουν την Ομοσπονδία Σοβιετικών Σοσιαλιστικών Δημοκρατιών της Υπερκαυκασίας.\n*[[1933]] - [[Παγκόσμια οικονομική ύφεση 1929|Παγκόσμια οικονομική ύφεση]]: Ο [[Φραγκλίνος Ρούζβελτ]] απευθύνεται για πρώτη φορά στο [[Ηνωμένες Πολιτείες Αμερικής|αμερικανικό]] έθνος ως [[πρόεδρος των Ηνωμένων Πολιτειών]].\n*[[1938]] - [[Προσάρτηση της Αυστρίας]]: Τα [[Ναζιστική Γερμανία|γερμανικά]] στρατεύματα καταλαμβάνουν και προσαρτούν την [[Αυστρία]].\n*[[1940]] - [[Σοβιετοφινλανδικός πόλεμος του 1939]]: Η [[Φινλανδία]] υπογράφει τη Συνθήκη Ειρήνης της Μόσχας με τη [[Ένωση Σοβιετικών Σοσιαλιστικών Δημοκρατιών|Σοβιετική Ένωση]], παραχωρώντας το σύνολο σχεδόν της φινλανδικής [[Καρελία]]ς. Τα φινλανδικά στρατεύματα και ο εναπομένων πληθυσμός εγκαταλείπουν αμέσως την περιοχή.  \n*[[1964]] - Δεκάδες χιλιάδες [[Αθήνα|Αθηναίοι]] παρακολουθούν τη νεκρική πομπή του βασιλιά [[Παύλος της Ελλάδας|Παύλου]] της Ελλάδας από τη [[Μητροπολιτικός Ναός Αθηνών|Μητρόπολη]] μέχρι το [[Τατόι]].\n* [[2003]] - Δολοφονία [[Ζόραν Τζίντζιτς]] στο Βελιγράδι.\n* [[2002]] - Στο [[Τέξας]] η Αντρέα Γιετς καταδικάζεται σε ισόβια φυλάκιση, επειδή, έπνιξε τα πέντε παιδιά της, τον Ιούνιο του προηγούμενου έτους.\n* [[2005]] - Ο [[Κάρολος Παπούλιας]] αναλαμβάνει [[Πρόεδρος της Ελληνικής Δημοκρατίας]].\n\n== Γεννήσεις ==\n*[[1096]] - [[Κνούτος Λαβάρντ]], Δανός πρίγκιπας\n*[[1270]] - [[Κάρολος του Βαλουά]], Γάλλος πρίγκιπας\n*[[1613]] - [[Αντρέ Λε Νοτρ]], Γάλλος αρχιτέκτονας τοπίου\n*[[1637]] - [[Λαίδη Άννα Χάιντ]], δούκισσα της Υόρκης\n*[[1824]] - [[Γκούσταβ Κίρχοφ]], Γερμανός φυσικός\n*[[1832]] - [[Τσαρλς Μπόικοτ]], Άγγλος κτηματομεσίτης\n*[[1835]] - [[Σάιμον Νιούκομπ]], Καναδός αστρονόμος και μαθηματικός\n*[[1863]] - [[Γκαμπριέλε Ντ' Ανούντσιο]], Ιταλός συγγραφέας\n*[[1865]] - [[Ανδρέας Καρκαβίτσας]], Έλληνας συγγραφέας\n*[[1877]] - [[Βίλχελμ Φρικ]], Γερμανός πολιτικός\n*[[1878]] - [[Νικόλαος Γεωργαντάς]], Έλληνας δισκοβόλος\n*[[1905]] - [[Τακάσι Σιμούρα]], Ιάπωνας ηθοποιός\n*[[1910]] - [[Μασαγιόσι Οχίρα]], Ιάπωνας πολιτικός\n*[[1911]] - [[Ουίλιαμ Πάτρικ Χίτλερ]], ανιψιός του Αδόλφου Χίτλερ\n*[[1916]] - [[Λυσίμαχος Σαραφιανός]], Έλληνας πολιτικός\n*[[1921]] - [[Μοχαμάντ Χασίμ Μαϊβαντβάλ]], Αφγανός πολιτικός\n*[[1921]] - [[Τζιάννι Ανιέλλι]], Ιταλός επιχειρηματίας\n*[[1922]] - [[Τζακ Κέρουακ]], Αμερικανός συγγραφέας\n*[[1923]] - [[Μέι Γιανγκ]], Αμερικανίδα παλαίστρια\n*[[1923]] - [[Κίρα Σίνου]], Ρωσίδα συγγραφέας\n*[[1926]] - [[Λες Σάνον]], Άγγλος ποδοσφαιριστής και προπονητής\n*[[1927]] - [[Ραούλ Αλφονσίν]], Αργεντινός πολιτικός\n*[[1927]] - [[Γιώργος Δαρίβας]], Έλληνας ποδοσφαιριστής\n*[[1928]] - [[Έντουαρντ Άλμπι]], Αμερικανός θεατρικός συγγραφέας\n*[[1938]] - [[Μάνος Ελευθερίου]], Έλληνας συγγραφέας και στιχουργός\n*[[1938]] - [[Δημήτρης Τερζάκης]], Έλληνας συνθέτης και καθηγητής\n*[[1943]] - [[Ράτκο Μλάντιτς]], Σερβοβόσνιος στρατιωτικός\n*[[1946]] - [[Λάιζα Μινέλι]], Αμερικανίδα ηθοποιός και τραγουδίστρια\n*[[1947]] - [[Μιτ Ρόμνεϊ]], Αμερικανός πολιτικός\n*[[1950]] - [[Χαβιέρ Κλεμέντε]], Ισπανός προπονητής ποδοσφαίρου\n*[[1956]] - [[Στιβ Χάρις]], Άγγλος μουσικός ([[Iron Maiden]])\n*[[1958]] - [[Ντιλέιτα Μοχάμεντ Ντιλέιτα]], πρωθυπουργός του Τζιμπουτί\n*[[1976]] - [[Παναγιώτης Μπαχράμης]], Έλληνας ποδοσφαιριστής\n*[[1979]] - [[Ζεράρ Λόπεζ Σεγού]], Ισπανός ποδοσφαιριστής\n*[[1988]] - [[Κώστας Μήτρογλου]], Έλληνας ποδοσφαιριστής\n*[[1994]] - [[Κριστίνα Γκρίμι]], Αμερικανίδα τραγουδίστρια\n\n== Θάνατοι ==\n*[[417]] - [[Πάπας Ιννοκέντιος Α΄]]\n*[[604]] - [[Πάπας Γρηγόριος Α΄]]\n*[[818]] - [[Θεοφάνης Ομολογητής]], Βυζαντινός μοναχός\n*[[996]] - [[Όντο Α΄ του Μπλουά|Όντο Α']], κόμης του Μπλουά\n*[[1316]] - [[Στέφανος Ντραγκούτιν]], βασιλιάς της Σερβίας\n*[[1507]] - [[Καίσαρας Βοργίας]], Ιταλός στρατιωτικός και πολιτικός\n*[[1578]] - [[Αλεσσάντρο Πικκολόμινι]], Ιταλός συγγραφέας και φιλόσοφος\n*[[1685]] - [[Τζωρτζ Μπέρκλεϋ]], Ιρλανδός φιλόσοφος\n*[[1838]] - [[Μητροπέτροβας]], Έλληνας οπλαρχηγός\n*[[1925]] - [[Σουν Γιατ-Σεν]], Κινέζος επαναστάτης και πολιτικός\n*[[1932]] - [[Ιλίαζ Βριόνι]], Αλβανός πολιτικός\n*[[1937]] - [[Σαρλ - Μαρί Βιντόρ]], Γάλλος οργανίστας και συνθέτης\n*[[1938]] - [[Άννα Μελά - Παπαδοπούλου]], Ελληνίδα νοσοκόμα\n*[[1942]] - [[Ουίλιαμ Χένρι Μπραγκ]], Άγγλος φυσικός\n*[[1943]] - [[Γκούσταβ Βίγκελαντ]], Νορβηγός γλύπτης\n*[[1949]] - [[Νικόλαος Πολυκράτης]], Έλληνας αντιστασιακός\n*[[1955]] - [[Τσάρλι Πάρκερ]], Αμερικανός σαξοφωνίστας\n*[[1971]] - [[Κωνσταντίνος Καλαμποκιάς]], Έλληνας δικαστής\n*[[1985]] - [[Παναγιώτης Αρβανιτόπουλος]], Έλληνας ζωγράφος\n*[[1998]] - [[Γιώργος Καφταντζής]], Έλληνας συγγραφέας\n*[[1999]] - [[Γεχούντι Μενουχίν]], Αμερικανός βιολιστής\n*[[2002]] - [[Σπύρος Κυπριανού]], Ελληνοκύπριος πολιτικός\n*[[2002]] - [[Ζαν-Πωλ Ριοπέλ]], Καναδός ζωγράφος και γλύπτης\n*[[2003]] - [[Αγγελής Βλαχοθανάσης]], Έλληνας πολιτικός\n*[[2003]] - [[Ζόραν Τζίντζιτς]], Σέρβος πολιτικός\n*[[2005]] - [[Σταύρος Κουγιουμτζής]], Έλληνας \n*[[2013]] - [[Κλάιβ Μπαρ]], Άγγλος ντράμερ ([[Iron Maiden]])\n*[[2015]] - [[Μάικλ Γκρέιβς]], Αμερικανός αρχιτέκτονας\n*[[2015]] - [[Τέρι Πράτσετ]], Άγγλος συγγραφέας\n*[[2016]] - [[Βερίνα Χούμπερ-Ντάισον]], Ελβετίδα μαθηματικός\n*[[2017]] - [[Πατρίκ Νεβ]], Βέλγος παλαίμαχος οδηγός αγώνων\n*[[2018]] - [[ Χρήστος Σιμαρδάνης]], Έλληνας ηθοποιός\n\n== Αργίες και εορτές ==\n=== [[Ορθόδοξη Εκκλησία]] ===\n{{Πύλη:Ορθοδοξία/Εορτολόγιο/12 Μαρτίου}}\n\n\n{{Μήνες}}\n\n[[Κατηγορία:Ημέρες του έτους]]"}}}]}]}}