{"batchcomplete":true,"query":{"normalized":[{"fromencoded":false,"from":"12_Ιουλίου","to":"12 Ιουλίου"}],"pages":[{"pageid":2860,"ns":0,"title":"12 Ιουλίου","revisions":[{"slots":{"main":{"contentmodel":"wikitext","contentformat":"text/x-wiki","content":"{{χωρίς παραπομπές|8|01|2022}}\n\n{{Μήνες Ιουλίου}}\n\n<center>[[11 Ιουλίου]] | '''12 Ιουλίου''' | [[13 Ιουλίου]]</center>\n\n----\nΗ '''12η Ιουλίου''' είναι η 193η ημέρα του έτους κατά το [[Γρηγοριανό ημερολόγιο]] (194η σε δίσεκτα έτη). Υπολείπονται 172 ημέρες.\n\n{{ΗμερολόγιοΣεΠίνακα|7}}\n\n== Γεγονότα ==\n*[[927]] - Ο βασιλιάς [[Κωνσταντίνος Β΄ της Σκωτίας]], ο [[Ίλντριντ Α΄ του Μπάμπουργκ]] και ο βασιλιάς Όουεν του Στραθκλάιντ αποδέχονται την επικυριαρχία του [[Έθελσταν της Αγγλίας]], οδηγώντας σε επτά χρόνια ειρήνης στο βορρά. \n*[[1191]] - [[Γ΄ Σταυροφορία]]: Η φρουρά του [[Σαλαντίν]] παραδίδεται στο [[Φίλιππος Β΄ της Γαλλίας|Φίλιππο Β΄ της Γαλλίας]], τερματίζοντας την [[Πολιορκία της Άκρας (1189-1191)|πολιορκία της Άκρας]]. \n*[[1470]] - Οι [[Οθωμανική Αυτοκρατορία|Οθωμανοί]] καταλαμβάνουν τη [[Χαλκίδα]] από τους [[Βενετία|Ενετούς]] και προβαίνουν σε άγριες σφαγές.\n*[[1543]] - Ο βασιλιάς [[Ερρίκος Η΄ της Αγγλίας]] παντρεύεται την έκτη και τελευταία σύζυγό του, [[Αικατερίνη Παρ]], στο [[ανάκτορο Χάμπτον Κορτ]].\n*[[1561]] - Εγκαινιάζεται ο [[Καθεδρικός Ναός Αγίου Βασιλείου (Μόσχα)]].\n*[[1776]] - Ο [[Τζέιμς Κουκ]] ξεκινά το τρίτο του ταξίδι.\n*[[1789]] - Σε απάντηση στην απόλυση του [[Γαλλία|Γάλλου]] υπουργού Οικονομικών Ζακ Νεκέρ, ο ριζοσπαστικός δημοσιογράφος [[Καμίγ Ντεμουλέν]] δίνει μία ομιλία η οποία έχει ως αποτέλεσμα την [[άλωση της Βαστίλης]] δύο ημέρες αργότερα.\n*[[1804]] - Ο πρώην υπουργός Οικονομικών των [[Ηνωμένες Πολιτείες Αμερικής|Ηνωμένων Πολιτειών]] [[Αλεξάντερ Χάμιλτον]] πεθαίνει μία μέρα μετά τον πυροβολισμό που δέχθηκε σε μονομαχία. \n*[[1806]] - Δεκαέξι [[Γερμανία|γερμανικά]] αυτοκρατορικά κρατίδια εγκαταλείπουν την [[Αγία Ρωμαϊκή Αυτοκρατορία]] και σχηματίζουν τη [[Συνομοσπονδία του Ρήνου]].\n*[[1913]] - [[Β΄ Βαλκανικός Πόλεμος]]: Έναρξη Μάχης Σιμιτλί (ελληνοβουλγαρική). Ελληνική κατάληψη [[Πρέβελ Χαν]] και [[Δεδέαγατς]] (σημερινή  Αλεξανδρούπολη). Σερβική κατάληψη [[Βιδίνι|Βιδινίου]].\n*[[1920]] - Υπογράφεται συνθήκη ειρήνης με την οποία η [[Ρωσική Σοβιετική Ομοσπονδιακή Σοσιαλιστική Δημοκρατία]] αναγνωρίζει την ανεξαρτησία της [[Λιθουανία]]ς.\n*[[1943]] - [[Μάχη της Πρόχοροφκα]]: Οι [[Ναζιστική Γερμανία|γερμανικές]] και οι [[Ένωση Σοβιετικών Σοσιαλιστικών Δημοκρατιών|σοβιετικές]] δυνάμεις εμπλέκονται σε μία από τις μεγαλύτερες αρματομαχίες όλων των εποχών.\n*[[1944]] - Αρχίζει η [[μάχη της Αμφιλοχίας]] μεταξύ του [[Ελληνικός Λαϊκός Απελευθερωτικός Στρατός|ΕΛΑΣ]] και [[Ναζιστική Γερμανία|γερμανικών]] δυνάμεων.\n*[[1948]] - Ο [[Ισραήλ|Ισραηλινός]] πρωθυπουργός [[Νταβίντ Μπεν Γκουριόν]] διατάσσει την απέλαση των [[Παλαιστίνιοι|Παλαιστινίων]] από τη [[Λοντ]] και τη [[Ράμλα]].\n*[[1962]] - Οι [[The Rolling Stones|Rolling Stones]] δίνουν την πρώτη τους συναυλία στο κλαμπ Marquee του [[Λονδίνο]]υ.\n*[[1967]] - Ξεσπούν ταραχές στο [[Νιούαρκ (Νιου Τζέρσεϊ)]].\n*[[1967]] - Η [[Στρατιωτική δικτατορία στην Ελλάδα (1967-1974)|χούντα των Συνταγματαρχών]] αφαιρεί την [[Ελλάδα|ελληνική]] ιθαγένεια από τη [[Μελίνα Μερκούρη]] και άλλους 7 [[Έλληνες]] της διασποράς, για την [[Αντιδικτατορικός αγώνας|αντιδικτατορική τους δράση]].\n*[[1975]] - Το [[Σάο Τομέ και Πρίνσιπε]] ανακηρύσσει την ανεξαρτησία του από την [[Πορτογαλία]].\n* [[1979]] - Το κράτος του [[Κιριμπάτι]] κηρύσσει την ανεξαρτησία του.\n* [[1997]] - Ανακαλύφθηκε το πτώμα του [[Ερνέστο Τσε Γκεβάρα]] στο Βαγιεγκράντε της [[Βολιβία]]ς\n* [[1998]] - Η Εθνική ομάδα ποδοσφαίρου της [[Εθνική Γαλλίας (ποδόσφαιρο ανδρών)|Γαλλίας]] κερδίζει στον τελικό του [[Παγκόσμιο Κύπελλο Ποδοσφαίρου 1998|Παγκοσμίου πρωταθλήματος ποδοσφαίρου]] στο [[Παρίσι]] τη [[Εθνική Βραζιλίας (ποδόσφαιρο ανδρών)|Βραζιλία]] με 3-0 και στέφεται παγκόσμια πρωταθλήτρια.\n* [[1999]] - Ο [[Γκι Φερχόφστατ]] διορίζεται Πρωθυπουργός του  [[Βέλγιο|Βελγίου]]\n* [[2004]] - Καθιερώθηκε η σημαία του [[Μαυροβούνιο|Μαυροβουνίου]] από το Κοινοβούλιο της χώρας.\n* 2004 - Ο [[Πέδρο Σαντάνα Λόπες]] διορίζεται [[Πρωθυπουργός]] της [[Πορτογαλία]]ς.\n* 2004 - Ο [[Βάλντας Άνταμκους]] ορκίστηκε Πρόεδρος της  [[Λιθουανία]]ς.\n* [[2005]] - Ο [[Αλβέρτος Β΄ του Μονακό|Αλβέρτος Β΄]] ανέλαβε αρχηγός του [[Μονακό|Πριγκιπάτου του Μονακό]].\n* [[2006]] - [[Πόλεμος Λιβάνου 2006|Πόλεμος του Λιβάνου το 2006]] - η [[Χεζμπολάχ]] ξεκίνησε την Επιχείρηση «Αληθινή Υπόσχεση».\n* [[2009]] - Ο [[Ντενί Σασού Νγκουέσσο]] κέρδισε τις εκλογές που διεξήχθησαν στη [[Δημοκρατία του Κονγκό]] και εκλέγεται και πάλι Πρόεδρος της χώρας.\n* [[2009]] - Η [[Ντάλια Γκριμπαουσκάιτε]] ανέλαβε πρόεδρος της  [[Λιθουανία]]ς. Έγινε έτσι η πρώτη γυναίκα πρόεδρος στη χώρα.\n\n== Γεννήσεις ==\n*[[1573]] - [[Πιέτρο Καρρέρα]], Ιταλός σκακιστής\n*[[1813]] - [[Κλοντ Μπερνάρ]], Γάλλος φυσιολόγος\n*[[1817]] - [[Χένρι Ντέιβιντ Θόρω]], Αμερικανός φιλόσοφος και συγγραφέας\n*[[1824]] - [[Εζέν Μπουντέν]], Γάλλος ζωγράφος\n*[[1864]] - [[Θωμάς Οικονόμου]], Έλληνας ηθοποιός και σκηνοθέτης\n*[[1870]] - [[Λουδοβίκος Β΄ του Μονακό|Λουδοβίκος Β΄]], πρίγκιπας του Μονακό\n*[[1884]] - [[Αμεντέο Μοντιλιάνι]], Ιταλός ζωγράφος και γλύπτης\n*[[1895]] - [[Ρίτσαρντ Μπάκμινστερ Φούλερ]], Αμερικανός αρχιτέκτονας, μηχανικός και συγγραφέας\n*[[1904]] - [[Πάμπλο Νερούδα]], Χιλιανός ποιητής\n*[[1912]] - [[Διονύσης Παπαγιαννόπουλος]], Έλληνας ηθοποιός\n*[[1913]] - [[Γουίλις Γιουτζίν Λαμπ]], Αμερικανός φυσικός\n*[[1922]] - [[Μάικλ Βέντρις]], Άγγλος γλωσσολόγος και αρχιτέκτονας\n*[[1924]] - [[Φαίδων Ματθαίου]], Έλληνας καλαθοσφαιριστής και προπονητής\n*[[1928]] - [[Αναστάσιος Βερνάρδος]], Έλληνας νομικός και φιλόσοφος\n*[[1931]] - [[Αλέξανδρος Παπαδόγγονας]], Έλληνας πολιτικός\n*[[1937]] - [[Μπιλ Κόσμπι]], Αμερικανός ηθοποιός\n*[[1940]] - [[Χρήστος Ζαντέρογλου]], Έλληνας ποδοσφαιριστής\n*[[1940]] - [[Ζίγκφριντ Μέλτζικ]], Γερμανός ποδοσφαιριστής και προπονητής\n*[[1946]] - [[Ρόμπερτ Φισκ]], Άγγλος δημοσιογράφος\n*[[1957]] - [[Ρίτσαρντ Ντάγκλας Χάσμπαντ]], Αμερικανός αστροναύτης\n*[[1967]] - [[Τζον Πετρούτσι]], Αμερικανός μουσικός\n*[[1969]] - [[Τζίμι Όλιβερ]], Αμερικανός καλαθοσφαιριστής\n*[[1974]] - [[Στέλιος Γιαννακόπουλος]], Έλληνας ποδοσφαιριστής\n*[[1974]] - [[Σάρον Ντεν Άντελ]], Ολλανδή τραγουδίστρια\n*[[1977]] - [[Μπροκ Λέσναρ]], Αμερικανός παλαιστής\n*[[1977]] - [[Μάρκο Σίλβα]], Πορτογάλος προπονητής ποδοσφαίρου\n*[[1979]] - [[Νίκος Λαζαρίδης]], Έλληνας ποδοσφαιριστής\n*[[1979]] - [[Νίκος Μπάρλος]], Έλληνας καλαθοσφαιριστής\n*[[1984]] - [[Σάμι Ζέιν]], Καναδός παλαιστής\n*[[1985]] - [[Νατάσα Πόλι]], Ρωσίδα μοντέλο\n*[[1991]] - [[Χάμες Ροδρίγες]], Κολομβιανός ποδοσφαιριστής\n*[[1997]] - [[Μαλάλα Γιουσαφζάι]], Πακιστανή ακτιβίστρια\n\n== Θάνατοι ==\n*[[807]] - [[Ροβέρτος Β΄ του Εσμπαί|Ροβέρτος Β΄]], κόμης του Εσμπαί\n*[[1067]] - [[Ιωάννης Κομνηνός (Δομέστικος των Σχολών)|Ιωάννης Κομνηνός]], Βυζαντινός αξιωματούχος\n*[[1291]] - [[Χέρμαν Ζ΄ του Μπάντεν-Μπάντεν|Χέρμαν Ζ΄]], μάργραβος του Μπάντεν-Μπάντεν\n*[[1536]] - [[Έρασμος]], Ολλανδός ιερέας και φιλόσοφος\n*[[1545]] - [[Μαρία Μανουέλα της Πορτογαλίας]]\n*[[1712]] - [[Ρίτσαρντ Κρόμγουελ]], Άγγλος πολιτικός\n*[[1773]] - [[Γιόχαν Γιόακιμ Κβαντς]], Γερμανός φλαουτίστας και συνθέτης\n*[[1804]] - [[Αλεξάντερ Χάμιλτον]], Αμερικανός πολιτικός\n*[[1856]] - [[Χρήστος Νταβέλης]], Έλληνας ληστής\n*[[1889]] - [[Πατριάρχης Αλεξανδρείας Καλλίνικος]]\n*[[1913]] - [[Ιωάννης Βελισσαρίου]], Έλληνας στρατιωτικός\n*[[1921]] - [[Γκαμπριέλ Λιπμάν]], Γάλλος φυσικός\n*[[1922]] - [[Τζον Μόρεσμπι]], Άγγλος ναυτικός\n*[[1945]] - [[Βόλφραμ φον Ρίχτχοφεν]], Γερμανός στρατάρχης\n*[[1953]] - [[Κώστας Ουράνης]], Έλληνας συγγραφέας\n*[[1960]] - [[Μιλτιάδης Βαρβιτσιώτης]], Έλληνας πολιτικός\n*[[1976]] - [[Τζέιμς Γιονγκ Χάου]], Κινέζος κινηματογραφιστής\n*[[1979]] - [[Μίνι Ρίπερτον]], Αμερικανίδα τραγουδίστρια\n*[[1983]] - [[Ιωάννης Τσιμπούκης]], Έλληνας πολιτικός\n*[[1989]] - [[Βόλφγκανκ της Έσσης|Βόλφγκανκ]], πρίγκιπας της Έσσης\n*[[1989]] - [[Κωνσταντίνος Παπακωνσταντίνου]], Έλληνας πολιτικός\n*[[1994]] - [[Άγιος Παΐσιος]]\n*[[1994]] - [[Ιωάννης Σεργάκης]], Έλληνας πολιτικός\n*[[2002]] - [[Ετζέ Αϋχάν]], Τούρκος ποιητής\n*[[2007]] - [[Νίκος Σερέτης]], Έλληνας καλαθοσφαιριστής\n*[[2008]] - [[Δανιήλ Παναγόπουλος]], Έλληνας εικαστικός\n*[[2016]] - [[Δημήτρης Μαρωνίτης]], Έλληνας φιλόλογος\n*[[2016]] - [[Γκόραν Χάτζιτς]], Σέρβος πολιτικός\n\n== Αργίες και εορτές ==\n{{commonscat}}\n=== [[Ορθόδοξη Εκκλησία]] ===\n{{Πύλη:Ορθοδοξία/Εορτολόγιο/12 Ιουλίου}}\n\n== Βλέπε επίσης ==\n* [http://news.bbc.co.uk/onthisday/hi/dates/stories/july/12 BBC: On This Day] {{en}}\n* [[12 Ιουνίου]] - [[12 Αυγούστου]]\n\n{{Μήνες}}\n\n[[Κατηγορία:Ημέρες του έτους]]"}}}]}]}}