{"batchcomplete":true,"query":{"normalized":[{"fromencoded":false,"from":"12_Αυγούστου","to":"12 Αυγούστου"}],"pages":[{"pageid":3010,"ns":0,"title":"12 Αυγούστου","revisions":[{"slots":{"main":{"contentmodel":"wikitext","contentformat":"text/x-wiki","content":"{{Μήνες Αυγούστου}}\n\n<center>[[11 Αυγούστου]] | '''12 Αυγούστου''' | [[13 Αυγούστου]]</center>\n\n----\n{{ΗμερολόγιοΣεΠίνακα|8}}\nΗ '''12η Αυγούστου''' είναι η 224η ημέρα του έτους κατά το [[Γρηγοριανό ημερολόγιο]] (225η σε δίσεκτα έτη). Υπολείπονται 141 ημέρες.\n\n== Γεγονότα ==\n*[[1099]] - [[Α΄ Σταυροφορία]]: Οι Σταυροφόροι με επικεφαλής τον [[Γοδεφρείδος του Μπουιγιόν|Γοδεφρείδο του Μπουιγιόν]] νικούν στην [[Ασκελόν|Ασκαλώνα]] τις δυνάμεις των [[Χαλιφάτο των Φατιμιδών|Φατιμιδών]] του [[Μαλίκ αλ-Αφντάλ]]. Αυτή θεωρείται η τελευταία σύγκρουση της Α΄ Σταυροφορίας.\n*[[1323]] - Υπογράφεται η συνθήκη του [[Σλισελμπούργκ|Νέτεμποργκ]] μεταξύ της [[Σουηδία]]ς και της [[Δημοκρατία του Νόβγκοροντ|Δημοκρατίας του Νόβγκοροντ]], η οποία ρυθμίζει για πρώτη φορά τα σύνορα μεταξύ των δύο χωρών.\n*[[1831]] - Η [[Γαλλία|γαλλική]] παρέμβαση αναγκάζει τον [[Γουλιέλμος Α΄ των Κάτω Χωρών|Γουλιέλμο Α΄ Κάτω Χωρών]] να εγκαταλείψει την προσπάθειά του να καταστείλει τη [[Βελγική Επανάσταση]].\n*[[1883]] - Πεθαίνει στο ζωολογικό κήπο του [[Άμστερνταμ]] το τελευταίο [[κουάγκα]].\n*[[1952]] - Η νύχτα των δολοφονημένων ποιητών: Δεκατρείς εξέχοντες [[Εβραίοι]] διανοούμενοι δολοφονούνται στη [[Μόσχα]].\n*[[1953]] - Η [[Ένωση Σοβιετικών Σοσιαλιστικών Δημοκρατιών|Σοβιετική Ένωση]] πραγματοποιεί την πρώτη της [[Δοκιμή πυρηνικών όπλων|δοκιμή]] πραγματικής [[Βόμβα υδρογόνου|βόμβας υδρογόνου]]. \n*[[1953]] - [[Σεισμοί του Ιονίου το 1953|Σεισμός 7,2 Ρίχτερ]] κλονίζει τα νότια [[Επτάνησα|νησιά του Ιονίου]], με απολογισμό 476 νεκρούς. \n*[[1960]] - Η [[NASA]] εκτοξεύει επιτυχώς τον [[Τηλεπικοινωνιακός δορυφόρος|τηλεπικοινωνιακό δορυφόρο]] [[Δορυφόροι Έκο|Έκο 1Α]].\n*[[1963]] - Το [[βραβείο Ειρήνης Λένιν]] απονέμεται στον [[Μανώλης Γλέζος|Μανώλη Γλέζο]], σε ειδική τελετή στη [[Μόσχα]].\n*[[1964]] - Η [[Νότια Αφρική]] αποκλείεται από τους [[Ολυμπιακοί Αγώνες|Ολυμπιακούς Αγώνες]] λόγω του [[απαρτχάιντ]].\n*[[1969]] - Βίαια επεισόδια ξεσπούν μετά την πορεία των [[Μαθητευόμενοι του Ντέρι|Μαθητευόμενων του Ντέρι]] στο Ντέρι της [[Βόρεια Ιρλανδία|Βόρειας Ιρλανδίας]]. \n*[[1976]] - Περίπου 1.500-3.000 [[Παλαιστίνιοι]] σκοτώνονται στη [[Βηρυτός|Βηρυτό]], σε ένα από τα πιο αιματηρά γεγονότα του [[Εμφύλιος Πόλεμος του Λιβάνου|Εμφυλίου Πολέμου του Λιβάνου]].  \n*[[1981]] - Κυκλοφορεί ο [[IBM PC|προσωπικός υπολογιστής της IBM]]. \n*[[1985]] - Η πτήση 123 της Japan Airlines συντρίβεται στην [[Ιαπωνία]] σκοτώνοντας 520 άτομα, στο χειρότερο αεροπορικό δυστύχημα με ένα αεροσκάφος. \n*[[1990]] - Η Σου Χέντρικσον ανακαλύπτει στη [[Νότια Ντακότα]] τον μεγαλύτερο και πληρέστερο σκελετό [[Τυραννόσαυρος|τυραννόσαυρου]] που βρέθηκε ποτέ.\n*[[2000]] - [[Βύθιση του Κουρσκ]]: Το [[Ρωσικό Πολεμικό Ναυτικό|ρωσικό]] [[Κουρσκ (υποβρύχιο)|υποβρύχιο ''Κουρσκ'']] εκρήγνυται κατά τη διάρκεια στρατιωτικής άσκησης και βυθίζεται στη [[Θάλασσα Μπάρεντς]], σκοτώνοντας ολόκληρο το πλήρωμα 118 ανδρών. \n* [[2004]] - Παραδίδεται στην κυκλοφορία η [[Γέφυρα Ρίου-Αντιρρίου|γέφυρα Ρίου - Αντιρρίου «Χαρίλαος Τρικούπης»]], η μεγαλύτερη καλωδιωτή γέφυρα έως τότε στον κόσμο.\n\n== Γεννήσεις ==\n*[[1503]] - [[Χριστιανός Γ΄ της Δανίας|Χριστιανός Γ΄]], βασιλιάς της Δανίας\n*[[1566]] - [[Ισαβέλλα Κλάρα Ευγενία]], ινφάντα της Ισπανίας\n*[[1644]] (βάπτιση) - [[Χάινριχ Ίγκνατς Μπίμπερ]], Βοημός συνθέτης\n*[[1681]] - [[Βίτους Μπέρινγκ]], Δανός εξερευνητής\n*[[1762]] - [[Γεώργιος Δ΄ του Ηνωμένου Βασιλείου|Γεώργιος Δ΄]], βασιλιάς του Ηνωμένου Βασιλείου\n*[[1801]] - [[Ούγκο Μπάσι]], Ιταλός ιερέας\n*[[1860]] - [[Κλάρα Χίτλερ]], Αυστριακή μητέρα του [[Αδόλφος Χίτλερ|Αδόλφου Χίτλερ]]\n*[[1866]] - [[Χαθίντο Μπεναβέντε]], Ισπανός συγγραφέας\n*[[1867]] - [[Έντιθ Χάμιλτον]], Γερμανίδα συγγραφέας και εκπαιδευτικός\n*[[1881]] - [[Σέσιλ Ντε Μιλ]], Αμερικανός σκηνοθέτης\n*[[1887]] - [[Έρβιν Σρέντινγκερ]], Αυστριακός φυσικός\n*[[1897]] - [[Όττο Στρούβε]], Ουκρανός φυσικός\n*[[1904]] - [[Αλεξέι Νικολάγιεβιτς, Τσεσαρέβιτς της Ρωσίας]]\n*[[1910]] - [[Τζέιν Γουάιατ]], Αμερικανίδα ηθοποιός\n*[[1924]] - [[Μουχάμαντ Ζία-Ουλ-Χακ]], Πακιστανός στρατιωτικός και πολιτικός\n*[[1930]] - [[Τζωρτζ Σόρος]], Ούγγρος επιχειρηματίας\n*[[1935]] - [[Τζον Καζάλ]], Αμερικανός ηθοποιός\n*[[1936]] - [[Αντρέ Κολινγκμπά]], Κεντροαφρικανός πολιτικός\n*1939- Κατερίνα Χέλμη, Ελληνιδα ηθοποιος\n*[[1949]] - [[Παναγιώτης Χηνοφώτης]], Έλληνας στρατιωτικός\n*[[1949]] - [[Μαρκ Νόπφλερ]], Βρετανός τραγουδιστής-τραγουδοποιός, κιθαρίστας\n*[[1954]] - [[Φρανσουά Ολλάντ]], Γάλλος πολιτικός\n*[[1970]] - [[Χουσεΐν Τσάλαγιαν]], Τούρκος σχεδιαστής μόδας\n*[[1971]] - [[Πιτ Σάμπρας]], Αμερικανός αντισφαιριστής\n*[[1981]] - [[Ναμπίλ Μπαχά]], Μαροκινός ποδοσφαιριστής\n*[[1981]] - [[Τζιμπρίλ Σισέ]], Γάλλος ποδοσφαιριστής\n*[[1982]] - [[Αλέξανδρος Τζόρβας]], Έλληνας ποδοσφαιριστής\n*[[1983]] - [[Κλας-Γιαν Χούντελααρ]], Ολλανδός ποδοσφαιριστής\n*[[1990]] - [[Μάριο Μπαλοτέλλι]], Ιταλός ποδοσφαιριστής\n*[[1992]] - [[Κάρα Ντελεβίν]], Αγγλίδα ηθοποιός και μοντέλο\n*[[1998]] - [[Στέφανος Τσιτσιπάς]], Έλληνας τενίστας \n*[[2000]] - [[Πρίγκιπας Αχιλλέας - Ανδρέας της Ελλάδας και της Δανίας|Αχιλλέας - Ανδρέας]], πρίγκιπας της Ελλάδας και της Δανίας\n\n== Θάνατοι ==\n*[[30 π.Χ.]] - [[Κλεοπάτρα Ζ΄ της Αιγύπτου|Κλεοπάτρα Ζ΄]], βασίλισσα της Αιγύπτου\n*[[875]] - [[Λουδοβίκος Β΄ της Ιταλίας|Λουδοβίκος Β΄]], βασιλιάς της Ιταλίας\n*[[1295]] - [[Κάρολος Μαρτέλος της Ουγγαρίας|Κάρολος Μαρτέλος]], βασιλιάς της Ουγγαρίας \n*[[1319]] - [[Ροδόλφος Α΄ της Βαυαρίας|Ροδόλφος Α΄]], δούκας της Βαυαρίας\n*[[1342]] - [[Γκυ Α΄ του Μπλουά|Γκυ Α΄]], κόμης του Μπλουά\n*[[1484]] - [[Πάπας Σίξτος Δ΄]]\n*[[1612]] - [[Τζοβάννι Γκαμπριέλι]], Ιταλός συνθέτης\n*[[1633]] - [[Τζάκοπο Πέρι]], Ιταλός συνθέτης\n*[[1674]] - [[Φιλίπ ντε Σαμπέν]], Γάλλος ζωγράφος\n*[[1689]] - [[Πάπας Ιννοκέντιος ΙΑ΄]]\n*[[1822]] - [[Αναγνώστης Πετιμεζάς]], Έλληνας αγωνιστής\n*[[1827]] - [[Ουίλλιαμ Μπλέηκ]], Άγγλος ποιητής και ζωγράφος\n*[[1900]] - [[Βίλελμ Στάινιτς]], Αυστριακός σκακιστής\n*[[1946]] - [[Ιναγιατουλάχ Χαν]], Βασιλιάς του Αφγανιστάν\n*[[1955]] - [[Τόμας Μαν]], Γερμανός συγγραφέας\n*[[1955]] - [[Τζέιμς Σάμνερ]], Αμερικανός χημικός\n*[[1957]] - [[Δημήτριος Λαμπράκης]], Έλληνας δημοσιογράφος και εκδότης\n*[[1961]] - [[Θεοφύλακτος Θεοφύλακτος]], Έλληνας πολιτικός\n*[[1962]] - [[Κωνσταντίνος Βουδούρης]], Έλληνας πολιτικός\n*[[1964]] - [[Ίαν Φλέμινγκ]], Άγγλος δημοσιογράφος και συγγραφέας\n*[[1968]] - [[Στέφανος Παπουτσάνης]], Έλληνας πολιτικός\n*[[1980]] - [[Ιωάννης Μελετόπουλος]], Έλληνας ιστοριοδίφης\n*[[1982]] - [[Χένρι Φόντα]], Αμερικανός ηθοποιός\n*[[1985]] - [[Μάνφρεντ Βίνκελχοκ]], Γερμανός οδηγός αγώνων\n*[[1988]] - [[Ζαν Μισέλ Μπασκιά]], Αμερικανός καλλιτέχνης\n*[[1989]] - [[Γουίλλιαμ Μπράντφορντ Σόκλεϋ]], Αμερικανός φυσικός\n*[[1992]] - [[Τζων Κέιτζ]], Αμερικανός συνθέτης \n*[[1992]] - [[Τάσος Χαλκιάς (μουσικός)|Τάσος Χαλκιάς]], Έλληνας μουσικός\n*[[1995]] - [[Φελίπε Τρομπ]], κυβερνήτης της Αρούμπα\n*[[1996]] - [[Μπία Ντάβου]], Ελληνίδα ζωγράφος\n*[[1999]] - [[Τζαν Γιουτζέλ]], Τούρκος ποιητής\n*[[2000]] - [[Λορέτα Γιανγκ]], Αμερικανίδα ηθοποιός\n*[[2005]] - [[Γιώργος Ζωγράφος]], Έλληνας τραγουδιστής\n*[[2012]] - [[Αθανάσιος Καραμάνης]], Έλληνας πρωτοψάλτης\n*[[2014]] - [[Λορίν Μπακόλ]], Αμερικανίδα ηθοποιός\n\n== Αργίες και εορτές ==\n\n*Παγκόσμια Ημέρα Νεολαίας.\n\n=== [[Ορθόδοξη Εκκλησία]] ===\n{{Πύλη:Ορθοδοξία/Εορτολόγιο/12 Αυγούστου}}\n\n{{Μήνες}}\n\n[[Κατηγορία:Ημέρες του έτους]]"}}}]}]}}