{"batchcomplete":true,"query":{"normalized":[{"fromencoded":false,"from":"12_Μαΐου","to":"12 Μαΐου"}],"pages":[{"pageid":1847,"ns":0,"title":"12 Μαΐου","revisions":[{"slots":{"main":{"contentmodel":"wikitext","contentformat":"text/x-wiki","content":"{{Μήνες Μαΐου}}\n\n<center>[[11 Μαΐου]] | '''12 Μαΐου''' | [[13 Μαΐου]]</center>\n\n----\nΗ '''12η Μαΐου''' είναι η 132η ημέρα του έτους κατά το [[Γρηγοριανό ημερολόγιο]] (133η σε δίσεκτα έτη).  Υπολείπονται 233 ημέρες.\n\n{{ΗμερολόγιοΣεΠίνακα|5}}\n\n== Γεγονότα ==\n*[[254]] - Ο [[Πάπας Στέφανος Α΄]] διαδέχεται τον [[Πάπας Λούκιος Α΄|Πάπα Λούκιο Α΄]] ως ο [[Κατάλογος Παπών|23ος]] [[Πάπας]].\n*[[907]] - Παραιτείται ο [[αυτοκράτορας Αϊτί των Τανγκ]], δίνοντας τέλος στη [[Δυναστεία Τανγκ|δυναστεία των Τανγκ]] μετά από σχεδόν 300 χρόνια κυριαρχίας.  \n*[[1191]] - Ο [[Ριχάρδος ο Λεοντόκαρδος]] παντρεύεται τη Βερεγγαρία της [[Ναβάρρα]]ς, η οποία στέφεται βασίλισσα της [[Αγγλία]]ς την ίδια ημέρα.\n*[[1328]] - Ο [[Αντίπαπας Νικόλαος Ε΄]] χειροτονείται στη [[Ρώμη]] από τον [[Επίσκοπος|επίσκοπο]] [[Βενετία]]ς.\n*[[1364]] - Ιδρύεται στην [[Κρακοβία]] το Πανεπιστήμιο των Γιαγκελλόνων, το παλαιότερο [[πανεπιστήμιο]] της [[Πολωνία]]ς.\n*[[1551]] - Ιδρύεται στη [[Λίμα]] του [[Περού]] το Εθνικό Πανεπιστήμιο του Σαν Μάρκος, το παλαιότερο πανεπιστήμιο της [[Αμερική]]ς.\n*[[1588]] - [[Θρησκευτικοί Πόλεμοι (Γαλλία)|Γαλλικοί θρησκευτικοί πόλεμοι]]: Ο [[Ερρίκος Γ΄ της Γαλλίας]] εγκαταλείπει το [[Παρίσι]], όταν ο δούκας [[Ερρίκος Α΄ του Γκιζ]] εισέρχεται στην πόλη και σημειώνεται αυθόρμητη εξέγερση. \n*[[1743]] - Η [[Μαρία Θηρεσία]] στέφεται βασίλισσα της [[Βοημία]]ς μετά την ήττα του αντιπάλου της, [[Κάρολος Ζ΄ της Αγίας Ρωμαϊκής Αυτοκρατορίας|Καρόλου Ζ΄ της Αγίας Ρωμαϊκής Αυτοκρατορίας]].\n*[[1780]] - [[Αμερικανική Επανάσταση]]: Οι [[Μεγάλη Βρετανία|βρετανικές]] δυνάμεις καταλαμβάνουν το [[Τσάρλεστον (Νότια Καρολίνα)]], στη μεγαλύτερη ήττα του Ηπειρωτικού στρατού.\n*[[1797]] - [[Πόλεμος του Πρώτου Συνασπισμού]]: Ο [[Ναπολέων Α΄]] κατακτά τη [[Βενετία]].\n*[[1821]] - [[Μάχη του Βαλτετσίου]]: Αρχίζει στο [[Βαλτέτσι]] η πρώτη μεγάλη μάχη της [[Ελληνική Επανάσταση του 1821|Ελληνικής Επανάστασης]] εναντίον των [[Οθωμανική Αυτοκρατορία|Οθωμανών]].\n*[[1862]] - Τα [[Ηνωμένες Πολιτείες Αμερικής|αμερικανικά]] ομοσπονδιακά στρατεύματα καταλαμβάνουν το [[Μπατόν Ρουζ]] στη [[Λουιζιάνα]].\n*[[1870]] - Δίνεται βασιλική επικύρωση στην Πράξη της Μανιτόμπα, ανοίγοντας το δρόμο ώστε η [[Μανιτόμπα]] να γίνει επαρχία του [[Καναδάς|Καναδά]] στις [[15 Ιουλίου]].\n*[[1873]] - Ο [[Όσκαρ Β΄ της Σουηδίας|Όσκαρ Β΄]] στέφεται βασιλιάς της [[Σουηδία]]ς. \n*[[1881]] - Στη [[Βόρεια Αφρική]], η [[Τυνησία]] γίνεται [[Γαλλία|γαλλικό]] προτεκτοράτο.\n*[[1885]] - Βορειοδυτική Επανάσταση: η τεσσάρων ημερών μάχη του Μπατός, μεταξύ των επαναστατημένων [[Μετί]] και της [[Καναδάς|καναδικής]] κυβέρνησης, τελειώνει με ήττα των ανταρτών. \n* [[1926]] - Λήξη της εννεαήμερης γενικής απεργίας από τα συνδικάτα του [[Ηνωμένο Βασίλειο|Ηνωμένου Βασιλείου]].\n* [[1937]] - Στέψη του βασιλιά του [[Ηνωμένο Βασίλειο|Ηνωμένου Βασιλείου]] και αυτοκράτορα των [[Ινδία|Ινδιών]] [[Γεώργιος ΣΤ΄ του Ηνωμένου Βασιλείου|Γεωργίου ΣΤ΄]] στο [[Αββαείο Ουέστμινστερ]].\n* [[1941]] - Παρουσίαση  της [[Z3]], πρώτης προγραμματίσιμης αυτόματης [[μηχανή]]ς από τον [[Κόνραντ Τσούζε]] στο [[Βερολίνο]].\n*[[1965]] - Το [[Ένωση Σοβιετικών Σοσιαλιστικών Δημοκρατιών|σοβιετικό]] [[διαστημόπλοιο]] ''Luna 5'' συντρίβεται στη [[Σελήνη]].\n* [[1978]] - Κατάληψη του [[Κολουέζι]] από [[Ζαΐρ|ζαϊρινούς]] αντάρτες. Η κυβέρνηση επικαλείται βοήθεια από [[Ηνωμένες Πολιτείες της Αμερικής|ΗΠΑ]], [[Γαλλία]] και [[Βέλγιο]] για την επαναφορά της τάξης.\n* [[2002]] - Άφιξη του τέως [[Ηνωμένες Πολιτείες της Αμερικής|Αμερικανού]] προέδρου [[Τζίμμυ Κάρτερ]] στην [[Κούβα]] σε μια πενθήμερη επίσκεψή του, κανοντάς τον τον πρώτο πρόεδρο των ΗΠΑ που επισκέπτεται το νησί μετά την επανάσταση του [[1959]].\n*[[2018]] - Πραγματοποιείται ο τελικός της [[Eurovision 2018]] στη Λισαβόνα της Πορτογαλίας με τη [[Νέτα Μπαρζιλάι]] από το Ισραήλ να κερδίζει με το τραγούδι της [[Toy (τραγούδι)|Toy]] καταλαμβάνοντας 526 πόντους.\n\n== Γεννήσεις ==\n*[[454]] - [[Θεοδώριχος ο Μέγας]], βασιλιάς των Οστρογότθων\n*[[1258]] - [[Σάντσο Δ΄ της Καστίλης|Σάντσο Δ΄]], βασιλιάς της Καστίλης\n*[[1496]] - [[Γουσταύος Α΄ της Σουηδίας|Γουσταύος Α΄]], βασιλιάς της Σουηδίας\n*[[1670]] - [[Αύγουστος Β΄ ο Δυνατός]], βασιλιάς της Πολωνίας\n*[[1725]] - [[Λουδοβίκος Φίλιππος Α΄ της Ορλεάνης|Λουδοβίκος Φίλιππος Α΄]], δούκας της Ορλεάνης\n*[[1767]] - [[Μανουέλ ντε Γοδόι]], Ισπανός πολιτικός\n*[[1812]] - [[Έντουαρντ Λίαρ]], Άγγλος καλλιτέχνης και ποιητής\n*[[1820]] - [[Φλόρενς Νάιτινγκεϊλ]], Βρετανίδα νοσοκόμα\n*[[1828]] - [[Ντάντε Γκάμπριελ Ροσέτι]], Άγγλος ποιητής και ζωγράφος\n*[[1829]] - [[Παύλος Καρρέρ]], Έλληνας συνθέτης\n*[[1842]] - [[Ζυλ Μασνέ]], Γάλλος συνθέτης\n*[[1845]] - [[Γκαμπριέλ Φωρέ]], Γάλλος συνθέτης\n*[[1869]] - [[Καρλ Σούμαν]], Γερμανός αθλητής\n*[[1872]] - [[Άντον Κόροσετς]], Σλοβένος πολιτικός\n*[[1890]] - [[Κουρτ Στούντεντ]], Γερμανός στρατιωτικός\n*[[1907]] - [[Κάθριν Χέπμπορν]], Αμερικανίδα ηθοποιός\n*[[1910]] - [[Ντόροθι Κρόουφουτ Χότζκιν]], Βρετανή βιοχημικός\n*[[1921]] - [[Γιόζεφ Μπόις]], Γερμανός καλλιτέχνης\n*[[1933]] - [[Αντρέι Βοζνεσένσκι]], Ρώσος ποιητής\n*[[1936]] - [[Γκιγιέρμο Εντάρα]], πρόεδρος του Παναμά\n*[[1939]] - [[Μιλτιάδης Έβερτ]], Έλληνας πολιτικός\n*[[1945]] - [[Άλαν Μπολ]], Άγγλος ποδοσφαιριστής\n*[[1945]] - [[Καρλ Ρόμπι]], Αμερικανός κολυμβητής\n*[[1948]] - [[Ντέιβ Χάινεμαν]], Αμερικανός πολιτικός\n*[[1963]] - [[Παναγιώτης Φασούλας]], Έλληνας καλαθοσφαιριστής και πολιτικός\n*[[1965]] - [[Πάνος Καμμένος]], Έλληνας πολιτικός\n*[[1981]] - [[Ράμι Μάλεκ]], Αμερικανός ηθοποιός\n*[[1981]] - [[Λεωνίδας Μπαλάφας]], Έλληνας τραγουδιστής\n*[[1983]] - [[Χάρης Παππάς]], Έλληνας ποδοσφαιριστής\n*[[1986]] - [[Έμιλι ΒανΚαμπ]], Καναδή ηθοποιός\n*[[1988]] - [[Μαρσέλο Βιέιρα]], Βραζιλιάνος ποδοσφαιριστής\n*[[1989]] - [[Ελευθερία Ελευθερίου]], Κύπρια τραγουδίστρια\n\n== Θάνατοι ==\n*[[1003]] - [[Πάπας Σιλβέστρος Β΄]]\n*[[1012]] - [[Πάπας Σέργιος Δ΄]]\n*[[1182]] - [[Βάλντεμαρ Α΄ της Δανίας|Βάλντεμαρ Α΄]], βασιλιάς της Δανίας\n*[[1227]] - [[Μάρκο Α΄ Σανούντο|Μάρκο Σανούντο]], Ενετός σταυροφόρος\n*[[1382]] - [[Ιωάννα Α΄ της Νάπολης|Ιωάννα Α΄]], βασίλισσα της Νάπολης\n*[[1465]] - [[Θωμάς Παλαιολόγος]], δεσπότης του Μυστρά\n*[[1867]] - [[Έντουαρντ Γκέρχαρντ]], Γερμανός αρχαιολόγος\n*[[1871]] - [[Ντανιέλ Φρανσουά Εσπρί Ωμπέρ]], Γάλλος συνθέτης\n*[[1884]] - [[Μπέντριχ Σμέτανα]], Τσέχος συνθέτης\n*[[1907]] - [[Ζορίς-Καρλ Υσμάν]], Γάλλος συγγραφέας\n*[[1914]] - [[Κωνσταντίνος Σάθας]], Έλληνας ιστορικός\n*[[1935]] - [[Γιούζεφ Πιουσούτσκι]], Πολωνός πολιτικός\n*[[1963]]-  [[Ουμβέρτος Αργυρός]], Έλληνας ζωγράφος\n*[[1970]] - [[Νέλλυ Ζαχς]], Γερμανίδα συγγραφέας\n*[[1973]] - [[Φράνσις Μάριον]], Αμερικανίδα σεναριογράφος\n*[[1981]] - [[Περικλής Ηλιάδης]], Έλληνας δημοσιογράφος και πολιτικός\n*[[1985]] - [[Ζαν Ντιμπιφέ]], Γάλλος ζωγράφος\n*[[1992]] - [[Νίκος Γκάτσος]], Έλληνας ποιητής και στιχουργός\n*[[1995]] - [[Μία Μαρτίνι]], Ιταλίδα τραγουδίστρια\n*[[1997]] - [[Δημήτρης Βακρινός]], Έλληνας δολοφόνος\n*[[2002]] - [[Κωνσταντίνος Σ. Τρικούπης]], Έλληνας πολιτικός\n*[[2003]] - [[Βαγγέλης Περπινιάδης]], Έλληνας τραγουδιστής\n*[[2005]] - [[Γιώργος Μπουγάς]], Έλληνας πολιτικός\n*[[2008]] - [[Ιρένα Σέντλερ]], Πολωνή κοινωνική λειτουργός\n*[[2012]] - [[Αικατερίνη Κουμαριανού]], Ελληνίδα ιστορικός\n*[[2014]] - [[Χαράλαμπος Αγγουράκης]], Έλληνας πολιτικός\n*[[2014]] - [[Χρήστος Καλαϊτζίδης]], Έλληνας πολιτικός\n*[[2015]] - [[Λίλη Παπαγιάννη]], Ελληνίδα ηθοποιός\n*[[2016]] - [[Γιούκιο Νιναγκάβα]], Ιάπωνας σκηνοθέτης\n*[[2016]] - [[Σουζάνα Μούσατ Τζόουνς]], Αμερικανίδα υπεραιωνόβια\n*[[2017]] - [[Ιωάννης Γ. Αντωνόπουλος]], Έλληνας πολιτικός\n*[[2017]] - [[Μάουνο Κόιβιστο]], Φινλανδός πολιτικός\n\n== Αργίες και εορτές ==\n* Πανηγύρι στην εκκλησία του '''Αγίου Επιφανίου''', στο [[Ακρωτήρι Θήρας|Ακρωτήρι]] της [[Σαντορίνη]]ς.\n\n=== [[Ορθόδοξη Εκκλησία]] ===\n{{Πύλη:Ορθοδοξία/Εορτολόγιο/12 Μαΐου}}\n\n{{Μήνες}}\n\n[[Κατηγορία:Ημέρες του έτους]]"}}}]}]}}