{"batchcomplete":true,"query":{"normalized":[{"fromencoded":false,"from":"13_Αυγούστου","to":"13 Αυγούστου"}],"pages":[{"pageid":3011,"ns":0,"title":"13 Αυγούστου","revisions":[{"slots":{"main":{"contentmodel":"wikitext","contentformat":"text/x-wiki","content":"{{Μήνες Αυγούστου}}\n\n<center>[[12 Αυγούστου]] | '''13 Αυγούστου''' | [[14 Αυγούστου]]</center>\n\n----\nΗ '''13η Αυγούστου''' είναι η 225η ημέρα του έτους κατά το [[Γρηγοριανό ημερολόγιο]] (226η σε δίσεκτα έτη). Υπολείπονται 140 ημέρες.\n\n{{ΗμερολόγιοΣεΠίνακα|8}}\n\n== Γεγονότα ==\n*[[523]] - Ο [[Πάπας Ιωάννης Α΄|Ιωάννης Α΄]] γίνεται ο νέος [[Πάπας]] μετά τον θάνατο του [[Πάπας Ορμίσδας|Πάπα Ορμίσδα]].\n*[[582]] - Ο [[Μαυρίκιος (αυτοκράτορας)|Μαυρίκιος]] γίνεται αυτοκράτορας της [[Βυζαντινή Αυτοκρατορία|Ανατολικής Ρωμαϊκής Αυτοκρατορίας]]. \n*[[900]] - Ο κόμης [[Ρέγκιναρ Α΄ της Λωρραίνης|Ρέγκιναρ του Αινώ]] σκοτώνει τον [[Ζβέντιμπολντ]] της [[Λωρραίνη (περιοχή)|Λοθαριγγίας]]. \n*[[1099]] - Ο [[Πάπας Πασχάλης Β΄]] διαδέχεται τον [[Πάπας Ουρβανός Β΄|Πάπα Ουρβανό Β΄]].\n*[[1516]] - Η [[Γαλλία]] και η [[Ισπανία]] υπογράφουν τη Συνθήκη του Νουαγιόν, με την οποία ο [[Φραγκίσκος Α΄ της Γαλλίας]] αναγνωρίζει την αξίωση του [[Κάρολος Κουίντος|Κάρολου Κουίντου]] στη [[Νάπολη]] και ο Κάρολος Κουίντος αναγνωρίζει την αξίωση του Φραγκίσκου Α΄ στο [[Μιλάνο]].\n*[[1521]] - Μετά από μία παρατεταμένη πολιορκία, οι δυνάμεις του [[Ισπανία|Ισπανού]] κατακτητή [[Ερνάν Κορτές]] καταλαμβάνουν την πρωτεύουσα των [[Αζτέκοι|Αζτέκων]], την [[Τενοτστιτλάν]]. \n*[[1532]] - Ένωση της [[Βρετάνη]]ς και της [[Γαλλία]]ς: το Δουκάτο της Βρετάνης ενσωματώνεται στο [[Βασίλειο της Γαλλίας]].\n*[[1553]] - Ο [[Μιχαήλ Σερβέτος]] συλλαμβάνεται από τον [[Ιωάννης Καλβίνος|Ιωάννη Καλβίνο]] στη [[Γενεύη]] ως αιρετικός.\n*[[1624]] - Ο [[Λουδοβίκος ΙΓ΄ της Γαλλίας]] διορίζει ως πρωθυπουργό τον [[Καρδινάλιος Ρισελιέ|Καρδινάλιο Ρισελιέ]].\n*[[1704]] - [[Πόλεμος της Ισπανικής Διαδοχής]]: οι [[Βασίλειο της Αγγλίας|αγγλικές]] και [[Αγία Ρωμαϊκή Αυτοκρατορία|αυτοκρατορικές]] δυνάμεις νικούν τους [[Βασίλειο της Γαλλίας|Γάλλους]] και τους [[Βαυαρία|Βαυαρούς]] στη Μάχη του Μπλένχαϊμ.  \n*[[1814]] - Υπογράφεται στο [[Λονδίνο]] η Αγγλοολλανδική [[Διεθνής Συνθήκη|Συνθήκη]] μεταξύ του [[Ηνωμένο Βασίλειο|Ηνωμένου Βασιλείου]] και των [[Ολλανδική Δημοκρατία|Ηνωμένων Επαρχιών]].\n* [[1919]] - Καταγράφεται η μοναδική ήττα του ''Man o' War'' στην Σαρατόγκα από τον ίππο ''Upset''.\n* [[1920]] - Αρχίζει η [[Μάχη της Βαρσοβίας]], η οποία διαρκεί μέχρι τις 25 Αυγούστου, κατά την οποία κατατροπώνεται ο Κόκκινος Στρατός.\n* [[1922]] - [[Μικρασιατική Καταστροφή]]: Τα ξημερώματα εξαπολύεται η μεγάλη αντεπίθεση του Τουρκικού στρατού του [[Κεμάλ Ατατούρκ]] κατά των Ελληνικών θέσεων στον τομέα του [[Αφιόν Καραχισάρ]]. Σύντομα το μέτωπο των Ελλήνων θα καταρρεύσει, ανοίγοντας τον δρόμο στους Τούρκους για την τελική επικράτηση και την εκδίωξη της [[Στρατιά Μικράς Ασίας|Ελληνικής στρατιάς]] από τα εδάφη τους.\n* [[1923]] - Ο Μουσταφά Κεμάλ, ο επονομαζόμενος και [[Ατατούρκ]], εκλέγεται Πρόεδρος της Τουρκίας. \n* [[1932]] - Στην Ιταλία, ο Μαρκόνι ολοκληρώνει με επιτυχία τα πρώτα πειράματά του με ραδιόφωνο βραχέων κυμάτων.\n* [[1935]] - Διεξάγεται ο πρώτος αγώνας του roller derby στο Κολοσέουμ του Σικάγου.\n* [[1940]] - Αρχίζει η [[Μάχη της Αγγλίας]]. Η ναζιστική [[Λουφτβάφε]] εξαπολύει σειρά επιθέσεων κατά των βρετανικών πόλεων.\n* [[1942]] - Ο «Μπάμπι», η πέμπτη μεγάλου μήκους ταινία κινουμένων σχεδίων του Γουόλτ Ντίσνεϊ κάνει πρεμιέρα στο Radio City Music Hall της Ν. Υόρκης.\n* [[1943]] - Το καθεστώς της Ιταλίας κηρύσσει τη Ρώμη ''ανοχύρωτη'' πόλη.\n* [[1948]] - Ο Γιουγκοσλάβος Μπόρις Στάνκοβιτς μπαίνει στα βιβλία των ρεκόρ ως ο πρώτος ποδοσφαιριστής που αποβάλλεται στο Γουέμπλεϊ στον τελικό Γιουγκοσλαβία-Σουηδία (3-2) στους Ολυμπιακούς Αγώνες του Λονδίνου. \n*[[1960]] - Η [[Κεντροαφρικανική Δημοκρατία]] ανακηρύσσει την ανεξαρτησία της από τη [[Γαλλία]].\n*[[1961]] - Η [[Λαοκρατική Δημοκρατία της Γερμανίας|Ανατολική Γερμανία]] [[Τείχος του Βερολίνου|κλείνει τα σύνορα μεταξύ του ανατολικού και του δυτικού τομέα]] του [[Βερολίνο]]υ για να εμποδίσει τις προσπάθειες των κατοίκων της να διαφύγουν στη [[Δυτικός Κόσμος|Δύση]].\n* [[1964]] - Ο Γκουίν Όουεν Έβανς και ο Πίτερ Άντονι Άλεν είναι οι τελευταίοι κατάδικοι που εκτελούνται στη Βρετανία.\n*[[1968]] - Ο [[Αλέξανδρος Παναγούλης]] αποπειράται να δολοφονήσει τον [[Χούντα των Συνταγματαρχών|δικτάτορα]] [[Γεώργιος Παπαδόπουλος|Γεώργιο Παπαδόπουλο]] στη [[Βάρκιζα Αττικής]].\n* [[1969]] - Κίνα και ΕΣΣΔ συγκρούονται κατά μήκος των συνόρων της Κεντρικής Ασίας.\n* [[1971]] - Ο [[Τζον Λένον]] αφήνει το Λονδίνο για τη Νέα Υόρκη και δεν θα επιστρέψει ποτέ σε αγγλικό έδαφος.\n* [[1972]] - Η Ιερουσαλήμ αναφέρει ότι οι Σοβιετικοί θα επιτρέψουν σε 35.000 Εβραίους να επιστρέψουν στο [[Ισραήλ]] κάθε χρόνο. \n* [[1973]] - Μεταγράφεται ο [[Γιόχαν Κρόιφ]] από τον Άγιαξ στην Μπαρτσελόνα. Ο «Ιπτάμενος Ολλανδός», όπως τον αποκαλούν, θεωρείται ένας από τους μεγαλύτερους ποδοσφαιριστές όλων των εποχών. Ως παίκτης και προπονητής θα κερδίσει όλα τα τρόπαια εκτός από το Παγκόσμιο Κύπελλο. Το 1989 θα υποβληθεί σε εγχείρηση ανοικτής καρδιάς με τέσσερα μπάι-πας.\n* [[1979]] - Κύμα απολύσεων στο [[Εθνικό Θέατρο]] με αποτέλεσμα να μείνουν εκτός σκηνής 20 ηθοποιοί.\n* [[1992]] - Η Γιουγκοσλαβία αναγνωρίζει επίσημα τη Σλοβενία.\n* [[1992]] - Παγκόσμια Ημέρα για τους Αριστερόχειρες\n* [[1997]] - Στην [[Ινδία]] 46 άνθρωποι χάνουν τη ζωή τους από τις πλημμύρες και τις κατολισθήσεις στα βόρεια της χώρας.\n* [[1999]] - Η 30χρονη Γερμανίδα τενίστρια [[Στέφι Γκραφ]] ανακοινώνει την απόφασή της να εγκαταλείψει την ενεργό δράση σε συνέντευξη Τύπου στη Νέα Υόρκη. Η Γκραφ έχει κατακτήσει 107 τίτλους με 22 Grand Slams, ενώ βρέθηκε για 377 εβδομάδες πρώτη στην παγκόσμια κατάταξη με συνολικά κέρδη 21.512.490 δολάρια. \n* [[2004]] - Διεξάγεται η τελετή έναρξης των [[Θερινοί Ολυμπιακοί Αγώνες 2004|28ων Θερινών Ολυμπιακών Αγώνων στην Αθήνα]].\n\n== Γεννήσεις ==\n*[[1311]] - [[Αλφόνσος ΙΑ΄ της Καστίλης|Αλφόνσος ΙΑ΄]], βασιλιάς της Καστίλης\n*[[1446]] - [[Αντρέι Μπολσόι]], Ρώσος πρίγκιπας\n*[[1516]] - [[Ιερώνυμος Βολφ]], Γερμανός oυμανιστής και φιλόλογος\n*[[1717]] - [[Λουδοβίκος Φραγκίσκος Α´ του Κοντί|Λουδοβίκος Φραγκίσκος Α΄]], πρίγκιπας του Κοντί\n*[[1752]] - [[Μαρία Καρολίνα της Αυστρίας]], βασίλισσα της Νάπολης και της Σικελίας\n*[[1792]] - [[Αδελαΐδα της Σαξονίας-Μάινινγκεν]], βασίλισσα του Ηνωμένου Βασιλείου\n*[[1814]] - [[Ανδρέας Ώνγκστρεμ]], Σουηδός φυσικός\n*[[1871]] - [[Καρλ Λίμπκνεχτ]], Γερμανός πολιτικός\n*[[1899]] - [[Άλφρεντ Χίτσκοκ]], Άγγλος σκηνοθέτης\n*[[1903]] - [[Φαχρί Κορουτούρκ]], Τούρκος πολιτικός\n*[[1912]] - [[Σαλβαδόρ Λούρια]], Ιταλός μικροβιολόγος\n*[[1913]] - [[Αρχιεπίσκοπος Κύπρου Μακάριος Γ΄]]\n*[[1918]] - [[Φρέντερικ Σάνγκερ]], Άγγλος βιοχημικός\n*[[1918]] - [[Νουρ Χασαναλί]], πρόεδρος του Τρινιντάντ και Τομπάγκο\n*[[1921]] - [[Κλείτος Κύρου]], Έλληνας ποιητής\n*[[1921]] - [[Κώστας Φιλίνης]], Έλληνας πολιτικός\n*[[1926]] - [[Φιντέλ Κάστρο]], Κουβανός πολιτικός\n*[[1933]] - [[Αλέκος Μιχαηλίδης]], Κύπριος πολιτικός\n*[[1936]] - [[Κώστας Χατζής]], Έλληνας τραγουδοποιός\n*[[1938]] - [[Γιάννης Ντουνιάς]], Έλληνας λαϊκός τραγουδιστής\n*[[1954]] - [[Δημήτρης Μαυρίκης]], Έλληνας ποδοσφαιριστής\n*[[1961]] - [[Κότζι Κόντο]], Ιάπωνας συνθέτης\n*[[1961]] - [[Μποριάνα Κρίστο]], Βόσνια πολιτικός\n*[[1961]] - [[Χρήστος Χριστοδούλου (καλαθοσφαιριστής)|Χρήστος Χριστοδούλου]], Έλληνας καλαθοσφαιριστής\n*[[1962]] - [[Θάνος Καλλίρης]], Έλληνας τραγουδιστής ([[Bang]])\n*[[1967]] - [[Φίλιππος Πλιάτσικας]], Έλληνας τραγουδιστής \n*[[1970]] - [[Λι Μπιόνγκ-χον]], Νοτιοκορεάτης ηθοποιός\n*[[1970]] - [[Άλαν Σίρερ]], Άγγλος ποδοσφαιριστής\n*[[1971]] - [[Μόριτς Μπλάιμπτροϊ]], Γερμανός ηθοποιός\n*[[1980]] - [[Παναγιώτης Μαρκουίζος]], Έλληνας αθλητής του καλλιτεχνικού πατινάζ\n*[[1982]] - [[Σεμπάστιαν Σταν]], Ρουμάνος ηθοποιός\n*[[1992]] - [[Λούκας Ροντρίγκες Μόουρα Ντα Σίλβα]], Βραζιλιάνος ποδοσφαιριστής\n*\n\n== Θάνατοι ==\n*[[612]] - [[Φαβία Ευδοκία]], Βυζαντινή αυτοκράτειρα\n*[[900]] - [[Ζβέντιμπολντ]], βασιλιάς της Λοθαριγγίας\n*[[1134]] - [[Ειρήνη της Ουγγαρίας]], αυτοκράτειρα της Βυζαντινής αυτοκρατορίας\n*[[1447]] - [[Φιλίππο Μαρία Βισκόντι]], δούκας του Μιλάνου\n*[[1449]] - [[Λουδοβίκος Δ΄ του Παλατινάτου|Λουδοβίκος Δ΄]], εκλέκτορας του Παλατινάτου\n*[[1523]] - [[Γκέραρντ Ντάβιντ]], Φλαμανδός ζωγράφος\n*[[1608]] - [[Τζαμπολόνια]], Ιταλός γλύπτης\n*[[1863]] - [[Ευγένιος Ντελακρουά]], Γάλλος ζωγράφος\n*[[1910]] - [[Φλόρενς Νάιτινγκεϊλ]], Βρετανίδα νοσοκόμα\n*[[1912]] - [[Ζυλ Μασνέ]], Γάλλος συνθέτης\n*[[1946]] - [[Χ. Τζ. Γουέλς]], Άγγλος συγγραφέας\n*[[1963]] - [[Χρήστος Βαφέας]], Έλληνας στρατιωτικός και πολιτικός\n*[[1966]] - [[Σκεύος Ζερβός]], Έλληνας γιατρός\n*[[1968]] - [[Πιέρρος Πετροπουλάκης]], Έλληνας στρατιωτικός και πολιτικός\n*[[1984]] - [[Τιγκράν Πετροσιάν]], Σοβιετικός σκακιστής\n*[[1986]] - [[Κούλης Αλέπης]], Έλληνας λογοτέχνης\n*[[1996]] - [[Δημήτρης Ευσταθίου]], Έλληνας τραγουδιστής, στιχουργός και συνθέτης\n*[[1991]] - [[Κωνσταντίνος Κωνιωτάκης]], Έλληνας στρατιωτικός και πολιτικός\n*[[2007]] - [[Γιόνε Μιναγκάουα]], Γιαπωνέζα υπεραιωνόβια\n*[[2010]] - [[Παναγιώτης Μπαχράμης]], Έλληνας ποδοσφαιριστής\n\n== Αργίες και εορτές ==\n* Διεθνής Ημέρα [[Αριστεροχειρία|Αριστερόχειρων]]\n\n=== [[Ορθόδοξη Εκκλησία]] ===\n{{Πύλη:Ορθοδοξία/Εορτολόγιο/13 Αυγούστου}}\n\n{{Μήνες}}\n\n[[Κατηγορία:Ημέρες του έτους]]"}}}]}]}}