{"batchcomplete":true,"query":{"normalized":[{"fromencoded":false,"from":"13_Απριλίου","to":"13 Απριλίου"}],"pages":[{"pageid":6787,"ns":0,"title":"13 Απριλίου","revisions":[{"slots":{"main":{"contentmodel":"wikitext","contentformat":"text/x-wiki","content":"{{Μήνες Απριλίου}}\n\n<center>[[12 Απριλίου]] | '''13 Απριλίου''' | [[14 Απριλίου]] </center>\n\n----\nΗ '''13η Απριλίου''' είναι η 103η ημέρα του έτους κατά το [[Γρηγοριανό ημερολόγιο]].  Υπολείπονται 262 ημέρες.\n{{ΗμερολόγιοΣεΠίνακα|4}}\n\n== Γεγονότα ==\n*[[1111]] - Ο [[Ερρίκος Ε΄ της Αγίας Ρωμαϊκής Αυτοκρατορίας|Ερρίκος Ε΄]] στέφεται [[αυτοκράτορας της Αγίας Ρωμαϊκής Αυτοκρατορίας]].\n*[[1204]] - Με την ολοκλήρωση της άλωσης της [[Βυζαντινή Κωνσταντινούπολη|Κωνσταντινούπολης]] από τους σταυροφόρους της [[Δ΄ Σταυροφορία|Δ΄ Σταυροφορίας]], δίνεται προσωρινό τέλος στη [[Βυζαντινή Αυτοκρατορία]].\n*[[1742]] - Το [[ορατόριο]] του [[Γκέοργκ Φρήντριχ Χαίντελ]] ''[[Μεσσίας (Χαίντελ)|Μεσσίας]]'' κάνει παγκόσμια πρεμιέρα στο [[Δουβλίνο]].\n*[[1861]] - [[Αμερικανικός Εμφύλιος Πόλεμος]]: [[Μάχη του Φορτ Σάμτερ]]. Το φρούριο Σάμτερ παραδίδεται στις [[Συνομόσπονδες Πολιτείες της Αμερικής|συνομόσπονδες]] δυνάμεις.\n*[[1865]] - [[Αμερικανικός Εμφύλιος Πόλεμος]]: Το [[Ράλεϊ (Βόρεια Καρολίνα)]] καταλαμβάνεται από τις δυνάμεις της [[Ένωση (Αμερικανικός Εμφύλιος Πόλεμος)|Ένωσης]].\n*[[1870]] - Ιδρύεται το [[Μητροπολιτικό Μουσείο Τέχνης (Νέα Υόρκη)]].\n*[[1919]] - Εγκαθιδρύεται η [[Προσωρινή Κυβέρνηση της Κορέας]].\n*[[1919]] - [[Μεγάλη Βρετανία|Βρετανικά]] στρατεύματα σκοτώνουν 379 άοπλους διαδηλωτές στο [[Αμριτσάρ]] της [[Ινδία]]ς. Τουλάχιστον 1.000 είναι οι τραυματίες.\n*[[1919]] - Ο [[Γιουτζήν Ντεμπς]] φυλακίζεται επειδή μίλησε ανοιχτά εναντίον της συμμετοχής των [[Ηνωμένες Πολιτείες Αμερικής|Η.Π.Α.]] κατά τη διάρκεια του [[Α΄ Παγκόσμιος Πόλεμος|Α΄ Παγκοσμίου Πολέμου]].\n*[[1924]] - Ιδρύεται η [[Αθλητική Ένωσις Κωνσταντινουπόλεως]].\n*[[1929]] - Μεγάλη πυρκαγιά καταστρέφει την άλλοτε [[Έλληνες|ελληνική]] συνοικία [[Ταταύλα]] της [[Κωνσταντινούπολη]]ς.\n*[[1941]] - Υπογράφεται σύμφωνο ουδετερότητας μεταξύ της [[Ένωση Σοβιετικών Σοσιαλιστικών Δημοκρατιών|Σοβιετικής Ένωσης]] και της [[Ιαπωνία]]ς.\n*[[1943]] - [[Β΄ Παγκόσμιος Πόλεμος]]: Ανακοινώνεται η ανακάλυψη μαζικών ταφών [[Πολωνία|Πολωνών]] [[Αιχμάλωτος πολέμου|αιχμαλώτων πολέμου]] που σκοτώθηκαν από τις [[Ένωση Σοβιετικών Σοσιαλιστικών Δημοκρατιών|σοβιετικές]] δυνάμεις στη [[σφαγή του Κατύν]], προκαλώντας διπλωματική ρήξη μεταξύ της εξόριστης στο [[Λονδίνο]] πολωνικής κυβέρνησης και της Σοβιετικής Ένωσης, η οποία αρνείται την ευθύνη.\n*[[1944]] - Οι [[Ναζιστική Γερμανία|Γερμανοί]] πραγματοποιούν το Ολοκαύτωμα του [[Νέο Κωσταράζι Καστοριάς|Κωσταραζίου Καστοριάς]] ως αντίποινα. Εκτελούν 6 αμάχους και πυρπολούν 263 σπίτια, την εκκλησιά και το δημοτικό σχολείο. Το χωριό το 2017 με προεδρικό διάταγμα θα χαρακτηριστεί ως [[Μαρτυρικά χωριά και πόλεις της Ελλάδας|\nΜαρτυρικό]].\n*[[1945]] - [[Β΄ Παγκόσμιος Πόλεμος]]: Οι [[Ένωση Σοβιετικών Σοσιαλιστικών Δημοκρατιών|σοβιετικές]] και [[Βασίλειο της Βουλγαρίας|βουλγαρικές]] δυνάμεις καταλαμβάνουν τη [[Βιέννη]].\n*[[1960]] - Σε ισόβια δεσμά καταδικάζονται έξι [[Κομμουνισμός|κομμουνιστές]], που κρίθηκαν ένοχοι για κατασκοπεία, από το Διαρκές Στρατοδικείο Αθηνών.\n*[[1964]] - Στα [[Βραβεία Αμερικανικής Ακαδημίας Κινηματογράφου 1963|βραβεία της Αμερικανικής Ακαδημίας Κινηματογράφου]], ο [[Σίντνεϊ Πουατιέ]] γίνεται ο πρώτος [[Αφροαμερικανοί|Αφροαμερικανός]] που κερδίζει το [[Όσκαρ Α΄ Ανδρικού Ρόλου]], για την ταινία ''Κάτω Από Το Βλέμμα Του Θεού'' (1963).\n*[[1970]] - Μία δεξαμενή [[οξυγόνο]]υ εκρήγνυται στο [[Απόλλων 13]], βάζοντας το πλήρωμα σε μεγάλο κίνδυνο και προκαλώντας σημαντικές ζημιές στο διαστημικό σκάφος ενώ κατευθύνεται προς τη [[Σελήνη]].\n*[[1972]] - Η [[Παγκόσμια Ταχυδρομική Ένωση]] αποφασίζει να αναγνωρίσει τη [[Λαϊκή Δημοκρατία της Κίνας]] ως τη μόνη νόμιμη εκπρόσωπο της Κίνας, αποκλείοντας έτσι τη [[Δημοκρατία της Κίνας]] (Ταϊβάν).\n*[[1975]] - Στο [[Λίβανος|Λίβανο]], [[Κόμμα Καταέμπ|Φαλαγγίτες]] σκοτώνουν 26 μέλη του [[Λαϊκό Μέτωπο για την Απελευθέρωση της Παλαιστίνης|Λαϊκού Μετώπου για την Απελευθέρωση της Παλαιστίνης]], σηματοδοτώντας την έναρξη του 15ετούς [[Εμφύλιος Πόλεμος του Λιβάνου|Εμφυλίου Πολέμου στο Λίβανο]].    \n*[[1987]] - Η [[Πορτογαλία]] και η [[Λαϊκή Δημοκρατία της Κίνας]] υπογράφουν συμφωνία με την οποία το [[Μακάου]] θα επιστραφεί στην Κίνα το [[1999]].\n* [[2003]] - [[Τροχαίο δυστύχημα στα Τέμπη την 13η Απριλίου 2003|Τραγικό δυστύχημα]] σημειώνεται στην κοιλάδα των [[Τέμπη|Τεμπών]] με απολογισμό 21 νεκρούς μαθητές. Το πούλμαν με τους μαθητές γύριζε στο [[Μακροχώρι Ημαθίας]] από τριήμερη εκδρομή στην [[Αθήνα]] και συγκρούστηκε με αποκολλημένο φορτίο φορτηγού.\n\n== Γεννήσεις ==\n*[[1229]] - [[Λουδοβίκος Β΄ της Βαυαρίας (1229-1294)]]\n*[[1350]] - [[Μαργαρίτα Γ΄, κόμισσα της Φλάνδρας]]\n*[[1458]] - [[Ιωάννης Β΄ της Κλέβης|Ιωάννης Β΄]], δούκας της Κλέβης\n*[[1506]] - [[Πιερ Φαβρ]], Γάλλος θεολόγος\n*[[1519]] - [[Αικατερίνη των Μεδίκων]], βασίλισσα της Γαλλίας\n*[[1570]] - [[Γκάι Φωκς]], Άγγλος συνωμότης\n*[[1597]] - [[Τζοβάνι Μπατίστα Οντιέρνα]], Ιταλός αστρονόμος\n*[[1743]] - [[Τόμας Τζέφερσον]], 3ος πρόεδρος των Η.Π.Α.\n*[[1747]] - [[Λουδοβίκος Φίλιππος Β΄ της Ορλεάνης|Λουδοβίκος Φίλιππος Β΄]], δούκας της Ορλεάνης\n*[[1747]] - [[Αρμάν-Λουί ντε Γκοντώ-Μπιρόν]], Γάλλος στρατιωτικός\n*[[1769]] - [[Τόμας Λόρενς]], Άγγλος ζωγράφος\n*[[1841]] - [[Λουί-Ερνέστ Μπαριά]], Γάλλος γλύπτης\n*[[1885]] - [[Γκέοργκ Λούκατς]], Ούγγρος φιλόσοφος\n*[[1897]] - [[Βέρνερ Φος]], Γερμανός πιλότος\n*[[1899]] - [[Άλφρεντ Μόσερ Μπατς]], Αμερικανός αρχιτέκτονας και εφευρέτης του [[Σκραμπλ]]\n*[[1901]] - [[Ζακ Λακάν]], Γάλλος ψυχαναλυτής και ψυχίατρος\n*[[1906]] - [[Σάμιουελ Μπέκετ]], Ιρλανδός συγγραφέας\n*[[1920]] - [[Ρομπέρτο Κάλβι]], Ιταλός τραπεζίτης\n*[[1921]] - [[Αντονίνο Ρόκα]], Ιταλός παλαιστής\n*[[1926]] - [[Έλλη Λαμπέτη]], Ελληνίδα ηθοποιός\n*[[1932]] - [[Αριστόξενος Σκιαδάς]], Έλληνας φιλόλογος\n*[[1937]] - [[Αιμίλιος Ζαχαρέας]], Έλληνας οικονομολόγος\n*[[1939]] - [[Σέιμους Χίνι]], Ιρλανδός συγγραφέας\n*[[1940]] - [[Ζαν-Μαρί Γκυστάβ Λε Κλεζιό]], Γάλλος συγγραφέας\n*[[1947]] - [[Θάνος Μικρούτσικος]], Έλληνας συνθέτης\n*[[1949]] - [[Κρίστοφερ Χίτσενς]], Άγγλος συγγραφέας\n*[[1951]] - [[Γιοάχιμ Στράιχ]], Γερμανός ποδοσφαιριστής\n*[[1951]] - [[Στέλιος Λογοθέτης]], Έλληνας πολιτικός\n*[[1954]] - [[Μητροπολίτης Μεσογαίας και Λαυρεωτικής Νικόλαος Χατζηνικολάου]]\n*[[1962]] - [[Χίλελ Σλόβακ]], Ισραηλινός μουσικός ([[Red Hot Chili Peppers]])\n*[[1963]] - [[Γκάρι Κασπάροφ]], Ρώσος σκακιστής\n*[[1966]] - [[Μαντώ]], Ελληνίδα τραγουδίστρια\n*[[1970]] - [[Εδουάρδο Καπετίγιο]], Μεξικανός ηθοποιός και τραγουδιστής\n*[[1978]] - [[Κάρλες Πουγιόλ]], Ισπανός ποδοσφαιριστής\n*[[1980]] - [[Γιάνα Κόβα]], Τσέχα πορνογραφική ηθοποιός\n\n== Θάνατοι ==\n*[[814]] - [[Κρούμος]], χάνος της Βουλγαρίας\n*[[1093]] - [[Βσέβολοντ Α΄ του Κιέβου|Βσέβολοντ Α΄]], πρίγκιπας του Κιέβου\n*[[1213]] - [[Γκυ του Τουάρ]], δούκας της Βρετάνης\n*[[1592]] - [[Μπαρτολομέο Αμμαννάτι]], Ιταλός αρχιτέκτονας και γλύπτης\n*[[1695]] - [[Ζαν ντε Λα Φονταίν]], Γάλλος συγγραφέας\n*[[1905]] - [[Σαρλ Ρενάρ]], Γάλλος μηχανικός\n*[[1920]] - [[Στέφανος Στρέιτ]], Έλληνας πολιτικός\n*[[1936]] - [[Κωνσταντίνος Δεμερτζής]], Έλληνας πολιτικός\n*[[1940]] - [[Μίλτος Κουντουράς]], Έλληνας παιδαγωγός\n*[[1956]] - [[Έμιλ Νόλντε]], Δανός ζωγράφος\n*[[1964]] - [[Φάιτ Χάρλαν]], Γερμανός σκηνοθέτης\n*[[1966]] - [[Κάρλο Καρά]], Ιταλός ζωγράφος\n*[[1966]] - [[Αμπντούλ Σαλάμ Αρίφ]], Ιρακινός στρατιωτικός και πολιτικός\n*[[1973]] - [[Χένρι Ντάρτζερ]], Αμερικανός καλλιτέχνης\n*[[1975]] - [[Λέλα Πατρικίου]], Ελληνίδα ηθοποιός\n*[[1984]] - [[Διονύσης Παπαγιαννόπουλος]], Έλληνας ηθοποιός\n*[[1985]] - [[Γεώργιος Β. Μελάς]], Έλληνας διπλωμάτης και πολιτικός\n*[[2000]] - [[Τζόρτζιο Μπασσάνι]], Ιταλός συγγραφέας\n*[[2009]] - [[Σπύρος Παπαβασιλείου]], Έλληνας συνθέτης\n*[[2010]] - [[Μάνος Ξυδούς]], Ελληνας τραγουδοποιός\n*[[2015]] - [[Εδουάρδο Γκαλεάνο]], Ουρουγουανός δημοσιογράφος και συγγραφέας\n*[[2015]] - [[Γκύντερ Γκρας]], Γερμανός συγγραφέας\n\n== Αργίες και εορτές ==\n* Πρωτοχρονιά στην [[Καμπότζη]]\n* Πρωτοχρονιά στην [[Ταϊλάνδη]]\n\n=== [[Ορθόδοξη Εκκλησία]] ===\n{{Πύλη:Ορθοδοξία/Εορτολόγιο/13 Απριλίου}}\n\n{{Μήνες}}\n\n[[Κατηγορία:Ημέρες του έτους]]"}}}]}]}}