{"batchcomplete":true,"query":{"normalized":[{"fromencoded":false,"from":"13_Φεβρουαρίου","to":"13 Φεβρουαρίου"}],"pages":[{"pageid":1270,"ns":0,"title":"13 Φεβρουαρίου","revisions":[{"slots":{"main":{"contentmodel":"wikitext","contentformat":"text/x-wiki","content":"{{Πηγές|3=2022|2=01|8}}\n{{Μήνες Φεβρουαρίου}}\n\n<center>[[12 Φεβρουαρίου]] | '''13 Φεβρουαρίου''' | [[14 Φεβρουαρίου]]</center>\n\n----\nΗ '''13η Φεβρουαρίου''' είναι η 44η ημέρα του έτους κατά το [[Γρηγοριανό ημερολόγιο]]. Υπολείπονται 321 ημέρες (322 σε δίσεκτα έτη).\n\n{{ΗμερολόγιοΣεΠίνακα|2}}\n\n== Γεγονότα ==\n{{Commonscat|13 February}}\n*[[962]] - Ο αυτοκράτορας [[Όθων Α΄ της Γερμανίας]] και ο [[Πάπας Ιωάννης ΙΒ΄]] συνυπογράφουν το ''Diploma Ottonianum'', αναγνωρίζοντας τον Ιωάννη ως κυβερνήτη της [[Ρώμη]]ς.\n*[[1322]] - Πέφτει ο κεντρικός πύργος του καθεδρικού ναού του [[Έλυ]].\n*[[1542]] - Η [[Αικατερίνη Χάουαρντ]], η πέμπτη σύζυγος του [[Ερρίκος Η΄ της Αγγλίας|Ερρίκου Η΄ της Αγγλίας]], εκτελείται για μοιχεία. \n*[[1575]] - Ο [[Ερρίκος Γ΄ της Γαλλίας|Ερρίκος Γ΄]] στέφεται βασιλιάς της [[Γαλλία]]ς στη [[Ρενς]].\n*[[1633]] - Ο [[Γαλιλαίος Γαλιλέι]] φτάνει στη [[Ρώμη]] για τη δίκη του ενώπιον της [[Ιερά Εξέταση|Ιεράς Εξέτασης]].\n*[[1660]] - Πεθαίνει ο βασιλιάς [[Κάρολος Ι΄ Γουσταύος της Σουηδίας]] και η [[Σουηδία|σουηδική]] κυβέρνηση αρχίζει να επιδιώκει την ειρήνη με τους εχθρούς της Σουηδίας, κάτι που ο Κάρολος είχε αρνηθεί. Δεδομένου ότι ο γιος του και διάδοχος του θρόνου, [[Κάρολος ΙΑ΄ της Σουηδίας]], είναι μόλις τεσσάρων ετών, μία αντιβασιλεία αναλαμβάνει τη διακυβέρνηση της χώρας έως το [[1672]].\n*[[1689]] - Ο [[Γουλιέλμος Γ΄ της Αγγλίας|Γουλιέλμος Γ΄]] και η [[Μαρία Β΄ της Αγγλίας|Μαρία Β΄]] ανακηρύσσονται [[Γουλιέλμος και Μαρία|συνηγεμόνες]] της [[Βασίλειο της Αγγλίας|Αγγλίας]].  \n*[[1881]] - Εκδίδεται στο [[Παρίσι]] το πρώτο φύλλο της [[Φεμινισμός|φεμινιστικής]] εφημερίδας ''La Citoyenne''.\n*[[1914]] - Ιδρύεται στη [[Νέα Υόρκη]] η Αμερικανική Εταιρεία Συνθετών, Συγγραφέων και Εκδοτών (ASCAP), με σκοπό να προστατεύσει τα [[Πνευματική ιδιοκτησία|πνευματικά δικαιώματα]] των μελών της. \n*[[1931]] - Το [[Νέο Δελχί]] γίνεται η πρωτεύουσα της [[Ινδία]]ς.\n* [[1937]] - Δημοσιεύεται στα ''Νέα Γράμματα'' επιστολή του [[Γιώργος Σεφέρης|Γιώργου Σεφέρη]] περί της δημοτικής γλώσσας.\n* [[1945]] - Ξεκινά ο [[Βομβαρδισμός της Δρέσδης]] από Συμμαχικά αεροσκάφη.\n*[[1960]] - Η [[Γαλλία]] πραγματοποιεί επιτυχημένη πυρηνική δοκιμή με την κωδική ονομασία «Μπλε Γερβίλος» και γίνεται η τέταρτη χώρα που κατέχει πυρηνικά όπλα.\n* [[2001]] - Σεισμός στο [[Ελ Σαλβαδόρ]] προκαλεί το θάνατο 255 ανθρώπων.\n\n== Γεννήσεις ==\n*[[1258]] - [[Οσμάν Α΄]], Οθωμανός σουλτάνος\n*[[1599]] - [[Πάπας Αλέξανδρος Ζ΄]]\n*[[1852]] - [[Ίων Λούκα Καρατζιάλε]], Ρουμάνος συγγραφέας\n*[[1866]] - [[Λεφ Σεστόφ]], Ρώσος φιλόσοφος\n*[[1873]] - [[Φιόντορ Σαλιάπιν]], Ρώσος βαθύφωνος\n*[[1888]] - [[Γεώργιος Παπανδρέου]], Έλληνας πολιτικός\n*[[1903]] - [[Ζωρζ Σιμενόν]], Βέλγος συγγραφέας\n*[[1904]] - [[Αλέξανδρος Θεοδοσιάδης]], Έλληνας πολιτικός\n*[[1905]] - [[Σταμάτης Μανούσης]], Έλληνας πολιτικός\n*[[1910]] - [[Γουίλλιαμ Μπράντφορντ Σόκλεϋ]], Αμερικανός φυσικός\n*[[1926]] - [[Βέρνερ Πάντον]], Δανός σχεδιαστής επίπλων\n*[[1933]] - [[Μιχαλάκης Καραολής]], Κύπριος αγωνιστής\n*[[1933]] - [[Κιμ Νόβακ]], Αμερικανίδα ηθοποιός\n*[[1933]] - [[Πολ Μπιγιά]], Καμερουνέζος πολιτικός\n*[[1937]] - [[Ρουπία Μπάντα]], πρόεδρος της Ζάμπια\n*[[1939]] - [[Μπεάτε Κλάρσφλεντ]], Γερμανίδα δημοσιογράφος\n*[[1945]] - [[Χρήστος Τερζανίδης]], Έλληνας ποδοσφαιριστής\n*[[1955]] - [[Αλέξιος Γ.Κ. Σαββίδης]], Έλληνας συγγραφέας\n*[[1956]] - [[Γιάννης Κούρος]], Έλληνας δρομέας\n*[[1960]] - [[Πιερλουίτζι Κολίνα]], Ιταλός διαιτητής ποδοσφαίρου\n*[[1971]] - [[Τόμι Ντρίμερ]], Αμερικανός παλαιστής\n*[[1974]] - [[Ρόμπι Γουίλιαμς]], Άγγλος τραγουδιστής\n*[[1976]] - [[Φάιστ (τραγουδίστρια)|Λέσλι Φάιστ]], Καναδή τραγουδίστρια και ηθοποιός\n*[[1978]] - [[Μαρία Αλεχάντρα Βικούνια]], πολιτικός του Ισημερινού\n*[[1979]] - [[Ραφαέλ Μάρκες]], Μεξικανός ποδοσφαιριστής\n*[[1979]] - [[Άντερς Μπέρινγκ Μπρέιβικ]], Νορβηγός τρομοκράτης\n*[[1985]] - [[Δήμος Αναστασιάδης]], Έλληνας τραγουδιστής\n*[[1985]] - [[Αλέξανδρος Τζιόλης]], Έλληνας ποδοσφαιριστής\n*[[1990]] - [[Γκιαϊνκαΐν Νόρμπου]], 11ος Παντσέν Λάμα\n\n== Θάνατοι ==\n*[[1130]] - [[Πάπας Ονώριος Β΄]]\n*[[1199]] - [[Στέφανος Α΄ Νεμάνια]], μέγας πρίγκιπας της Σερβίας\n*[[1332]] - [[Ανδρόνικος Β΄ Παλαιολόγος]], Βυζαντινός αυτοκράτορας\n*[[1542]] - [[Αικατερίνη Χάουαρντ]], βασίλισσα της Αγγλίας\n*[[1571]] - [[Μπενβενούτο Τσελίνι]], Ιταλός καλλιτέχνης\n*[[1660]] - [[Κάρολος Ι΄ Γουσταύος της Σουηδίας|Κάρολος Ι΄ Γουσταύος]], βασιλιάς της Σουηδίας\n*[[1883]] - [[Ρίχαρντ Βάγκνερ]], Γερμανός συνθέτης\n*[[1893]] - [[Αντώνιος Παλατιανός]], Έλληνας γιατρός και πολιτικός\n*[[1899]] - [[Ανδρέας Συγγρός]], Έλληνας τραπεζίτης\n*[[1902]] - [[Αντώνιος Οικονόμου (αρχαιολόγος)|Αντώνιος Οικονόμου]], Έλληνας αρχαιολόγος\n*[[1946]] - [[Άγγελος Κανελλόπουλος]], Έλληνας βιομήχανος\n*[[1951]] - [[Λόιντ Ντάγκλας]], Αμερικανός συγγραφέας\n*[[1964]] - [[Βέρνερ Χάιντε]], Γερμανός ψυχίατρος\n*[[1980]] - [[Ντέιβιντ Γιάνσεν]], Αμερικανός ηθοποιός\n*[[1991]] - [[Ηλίας Μαριολόπουλος]], Έλληνας επιστήμονας και ακαδημαϊκός\n*[[1994]] - [[Φίλων Αρίας]], Έλληνας στιχουργός\n*[[2005]] - [[Τατιάνα Γκρίτση-Μιλλιέξ]], Ελληνίδα πεζογράφος\n*[[2006]] - [[Ανδρέας Κατσούλας]], Αμερικανός ηθοποιός\n*[[2013]] - [[Κωνσταντίνος Ντέρος]], Έλληνας πολιτικός\n*[[2014]] - [[Παναγής Γεράκης]], Έλληνας πολιτικός\n*[[2016]] - [[Άντονιν Σκαλία]], Αμερικανός δικαστής\n*[[2017]] - [[Γιώργος Ιωάννου (ζωγράφος)|Γιώργος Ιωάννου]], Έλληνας ζωγράφος\n*[[2023]]- [[Νεκτάριος Σαντορινιός]] Έλληνας πολιτικός\n\n== Αργίες και εορτές ==\n=== [[Ορθόδοξη Εκκλησία]] ===\n{{Πύλη:Ορθοδοξία/Εορτολόγιο/13 Φεβρουαρίου}}\n\n{{Μήνες}}\n\n[[Κατηγορία:Ημέρες του έτους]]"}}}]}]}}