{"batchcomplete":true,"query":{"normalized":[{"fromencoded":false,"from":"13_Ιουνίου","to":"13 Ιουνίου"}],"pages":[{"pageid":1938,"ns":0,"title":"13 Ιουνίου","revisions":[{"slots":{"main":{"contentmodel":"wikitext","contentformat":"text/x-wiki","content":"{{Μήνες Ιουνίου}}\n\n<center>[[12 Ιουνίου]] | '''13 Ιουνίου''' | [[14 Ιουνίου]]</center>\n\n----\nΗ '''13η Ιουνίου''' είναι η 164η ημέρα του έτους κατά το [[Γρηγοριανό ημερολόγιο]] (165η σε δίσεκτα έτη).  Υπολείπονται 201 ημέρες.\n\n{{ΗμερολόγιοΣεΠίνακα|6}}\n\n==Γεγονότα==\n*[[313]] - Αναρτάται στη [[Νικομήδεια]] το [[Διάταγμα των Μεδιολάνων]], το οποίο υπέγραψαν ο [[Κωνσταντίνος Α΄]] και ο συναυτοκράτορας [[Λικίνιος]] παραχωρώντας [[Ανεξιθρησκία|θρησκευτική ελευθερία]] σε όλη τη [[Ρωμαϊκή Αυτοκρατορία]].\n*[[1525]] - Ο [[Μαρτίνος Λούθηρος]] παντρεύεται την Καταρίνα φον Μπόρα, ενάντια στον κανόνα της [[Αγαμία (θρησκευτική)|αγαμίας]] που θεσπίστηκε από τη Ρωμαιοκαθολική Εκκλησία για τους ιερείς και τους μοναχούς. \n*[[1625]] - Ο βασιλιάς [[Κάρολος Α΄ της Αγγλίας]] παντρεύεται την [[Ερριέττα Μαρία της Γαλλίας|Ερριέττα-Μαρία]], πριγκίπισσα της [[Γαλλία]]ς.\n*[[1777]] - [[Αμερικανική Επανάσταση]]: Ο μαρκήσιος [[Ζιλμπέρ ντυ Μοτιέ ντε Λα Φαγιέτ]] αποβιβάζεται στη [[Νότια Καρολίνα]] προκειμένου να βοηθήσει το Ηπειρωτικό Κογκρέσο να εκπαιδεύσει το στρατό του.\n*[[1886]] - Πυρκαγιά καταστρέφει μεγάλο μέρος του [[Βανκούβερ]] στη [[Βρετανική Κολομβία]].\n*[[1917]] - [[Α΄ Παγκόσμιος Πόλεμος]]: Πραγματοποιείται η πιο θανατηφόρα στον πόλεμο [[Γερμανία|γερμανική]] αεροπορική επιδρομή στο [[Λονδίνο]], με απολογισμό 162 νεκρούς, συμπεριλαμβανομένων 46 παιδιών, και 432 τραυματισμούς. \n*[[1944]] - [[Β΄ Παγκόσμιος Πόλεμος]]: Μάχη του Βιγιέρ Μποκάζ. Ο [[Γερμανοί|Γερμανός]] αρματιστής [[Μίχαελ Βίττμαν]] πραγματοποιεί με ένα [[Tiger I]] ενέδρα σε τμήματα της [[Μεγάλη Βρετανία|βρετανικής]] 7ης μεραρχίας τεθωρακισμένων, καταστρέφοντας δεκατέσσερα άρματα μάχης, δεκαπέντε οχήματα μεταφοράς προσωπικού και δύο αντιαρματικά πυροβόλα.\n*[[1944]] - [[Β΄ Παγκόσμιος Πόλεμος]]: Οι [[Ναζιστική Γερμανία|γερμανικές]] δυνάμεις πραγματοποιούν αντεπίθεση εναντίον των [[Ηνωμένες Πολιτείες Αμερικής|αμερικανικών]] δυνάμεων κοντά στο [[Καραντάν]].   \n*[[1944]] - [[Β΄ Παγκόσμιος Πόλεμος]]: Η [[Ναζιστική Γερμανία]] εξαπολύει επίθεση με [[Ιπτάμενη βόμβα|ιπτάμενες βόμβες V1]] εναντίον της [[Αγγλία]]ς. Μόνο τέσσερις από τις έντεκα βόμβες έπληξαν πραγματικά τους στόχους τους.\n*[[1952]] - Ένα [[Σουηδία|σουηδικό]] [[Douglas DC-3]] καταρρίπτεται από [[Ένωση Σοβιετικών Σοσιαλιστικών Δημοκρατιών|σοβιετικό]] μαχητικό MiG-15.\n*[[1967]] - Ο [[Ηνωμένες Πολιτείες Αμερικής|Αμερικανός]] πρόεδρος [[Λίντον Τζόνσον]] προτείνει τον Θέργκουντ Μάρσαλ για να γίνει ο πρώτος μαύρος δικαστής στο Ανώτατο Δικαστήριο των Η.Π.Α.\n*[[1971]] - [[Πόλεμος του Βιετνάμ]]: Οι [[The New York Times|New York Times]] ξεκινούν τη δημοσίευση των εγγράφων του Πενταγώνου. \n*[[1977]] - Ο καταδικασμένος δολοφόνος του [[Μάρτιν Λούθερ Κινγκ]], Τζέιμς Ερλ Ρέι, συλλαμβάνεται ξανά μετά την απόδρασή του από τη φυλακή τρείς ημέρες πριν.\n*[[1982]] - Ο [[Φαχντ της Σαουδικής Αραβίας|Φαχντ]] γίνεται [[βασιλιάς της Σαουδικής Αραβίας]] μετά το θάνατο του αδελφού του, [[Χαλίντ της Σαουδικής Αραβίας|Χαλίντ]].\n* [[1983]] - Ο [[Pioneer 10]] γίνεται το πρώτο αντικείμενο που έφτιαξε ο [[άνθρωπος]] και φεύγει από το [[Ηλιακό Σύστημα]].\n* [[2023]]- Αθώος δήλωσε, όπως άλλωστε αναμενόταν, ''ο [[Ντόναλντ Τραμπ]]'' στη διάρκεια της σύντομης ''δίκης'' σε βάρος του για κατηγορίες συνωμοσίας και απόκρυψης εγγράφων. Στο κ''ατηγορητήριο των 37 σημείων'' που έχει δοθεί στη δημοσιότητα, ο Τραμπ κατηγορείται ότι διατηρούσε εξαιρετικά ευαίσθητα κυβερνητικά έγγραφα - συμπεριλαμβανομένων αρχείων σχετικά με στρατιωτικά σχέδια και πυρηνικά προγράμματα των ΗΠΑ – στο θέρετρό του στη Φλόριντα, σε χώρους του Μαρ-α-Λάγκο.\n\n==Γεννήσεις==\n*[[823]] - [[Κάρολος ο Φαλακρός]], βασιλιάς της δυτικής Φραγκίας\n*[[839]] - [[Κάρολος ο Παχύς]], βασιλιάς των Φράγκων\n*[[1468]] - [[Ιωάννης της Σαξονίας (1468-1532)|Ιωάννης]], εκλέκτορας της Σαξονίας\n*[[1500]] - [[Ερνέστος της Βαυαρίας (1500-1560)|Ερνέστος]], αρχιεπίσκοπος του Σάλτσμπουργκ\n*[[1508]] - [[Αλεσσάντρο Πικκολόμινι]], Ιταλός συγγραφέας και φιλόσοφος\n*[[1831]] - [[Τζέιμς Κλερκ Μάξγουελ]], Σκωτσέζος φυσικός\n*[[1865]] - [[Ουίλιαμ Μπάτλερ Γέιτς]], Ιρλανδός συγγραφέας\n*[[1866]] - [[Ρόμπερτ Ράναλφ Μάρετ]], Βρετανός εθνολόγος\n*[[1875]] - [[Πάουλ Νόιμαν]], Αυστριακός κολυμβητής\n*[[1879]] - [[Χαράλαμπος Τσερούλης]], Έλληνας στρατιωτικός\n*[[1884]] - [[Άντον Ντρέξλερ]], Γερμανός πολιτικός\n*[[1888]] - [[Φερνάντο Πεσσόα]], Πορτογάλος ποιητής\n*[[1894]] - [[Λέο Κόνερ]], Αυστριακός ψυχίατρος\n*[[1897]] - [[Πάαβο Νούρμι]], Φινλανδός δρομέας\n*[[1913]] - [[Φίλιππος Νάκας]], Έλληνας επιχειρηματίας\n*[[1928]] - [[Τζων Φορμπς Νας]], Αμερικανός μαθηματικός\n*[[1931]] - [[Ίρβιν Γιάλομ]], Αμερικανός ψυχοθεραπευτής\n*[[1935]] - [[Κρίστο]], Βούλγαρος καλλιτέχνης\n*[[1935]] - [[Σαμάκ Σουνταραβέτζ]], Ταϊλανδός πολιτικός\n*[[1936]] - [[Μισέλ Ζαζί]], Γάλλος αθλητής\n*[[1938]] - [[Νικήτας Τσακίρογλου]], Έλληνας ηθοποιός\n*[[1941]] - [[Ντίνος Φισεντζίδης]], Κύπριος καλαθοσφαιριστής\n*[[1944]] - [[Μπαν Κι-μουν]], Νοτιοκορεάτης πολιτικός\n*[[1945]] - [[Τίλμαν Τόμας]], πολιτικός της Γρενάδας\n*[[1951]] - [[Στέλαν Σκάρσγκορντ]], Σουηδός ηθοποιός\n*[[1959]] - [[Κλάους Γιοχάνις]], Ρουμάνος πολιτικός\n*[[1959]] - [[Μπόικο Μπορίσοφ]], Βούλγαρος πολιτικός\n*[[1963]] - [[Φέλιξ Τσισεκέντι]], πολιτικός από τη Λαϊκή Δημοκρατία του Κονγκό\n*[[1964]] - [[Σαρούνας Μαρτσουλιόνις]], Λιθουανός καλαθοσφαιριστής\n*[[1965]] - [[Βασίλης Καραπιάλης]], Έλληνας ποδοσφαιριστής\n*[[1965]] - [[Ινφάντα Κριστίνα της Ισπανίας]]\n*[[1966]] - [[Γκριγκόρι Πέρελμαν]], Ρώσος μαθηματικός\n*[[1974]] - [[Χρήστος Μενιδιάτης]], Έλληνας τραγουδιστής\n*[[1975]] - [[Άντε Τσόβιτς]], Αυστραλός ποδοσφαιριστής\n*[[1980]] - [[Χουάν Κάρλος Ναβάρο]], Ισπανός καλαθοσφαιριστής\n*[[1981]] - [[Κρις Έβανς]], Αμερικανός ηθοποιός\n*[[1982]] - [[Κενενίσα Μπεκέλε]], Αιθίοπας δρομέας\n*[[1984]] - [[Νέρι Αλμπέρτο Καστίγιο]], Μεξικανός ποδοσφαιριστής\n*[[1986]] - [[Μανς Ζέλμερλοβ]], Σουηδός τραγουδιστής\n*[[1986]] - [[DJ Snake]], Γάλλος DJ\n*[[1989]] - [[Ανδρέας Σάμαρης]], Έλληνας ποδοσφαιριστής\n\n==Θάνατοι==\n*[[1142]] - [[Γοδεφρείδος Β΄ του Λουβαίν|Γοδεφρείδος Β΄]], κόμης του Λουβαίν\n*[[1550]] - [[Βερόνικα Γκαμπάρα]], Ιταλίδα ποιήτρια\n*[[1793]] - [[Ζαν-Μπατίστ Μαρί Μενιέ ντε Λα Πλας]], Γάλλος μαθηματικός\n*[[1853]] - [[Αναστάσιος Γεωργιάδης Λευκίας]], Έλληνας ιατρός και πανεπιστημιακός\n*[[1886]] - [[Λουδοβίκος Β´ της Βαυαρίας|Λουδοβίκος Β΄]], βασιλιάς της Βαυαρίας\n*[[1904]] - [[Νικηφόρος Λύτρας]], Έλληνας ζωγράφος\n*[[1918]] - [[Μέγας Δούκας Μιχαήλ Αλεξάντροβιτς|Μιχαήλ Αλεξάντροβιτς]], μέγας δούκας της Ρωσίας\n*[[1920]] - [[Εσάντ Πασάς Τοπτάνι]], Αλβανός πολιτικός\n*[[1936]] - [[Βαλεντίν Βολόσινοφ]], Σοβιετικός γλωσσολόγος\n*[[1938]] - [[Σαρλ Εντουάρ Γκιγιόμ]], Ελβετός φυσικός\n*[[1939]] - [[Φρανκ Γκλάσκοου Τίνκερ]], Αμερικανός πιλότος\n*[[1960]] - [[Καρλ Σίφερτ]], Αμερικανός αστρονόμος\n*[[1965]] - [[Μάρτιν Μπούμπερ]], Αυστριακός φιλόσοφος\n*[[1972]] - [[Γκέοργκ φον Μπέκεσυ]], Ούγγρος βιοφυσικός\n*[[1979]] - [[Ευστράτιος Δημητρίου]], Έλληνας τραγουδοποιός\n*[[1982]] - [[Γεώργιος Ζώρας]], Έλληνας φιλόλογος\n*[[1982]] - [[Χαλίντ της Σαουδικής Αραβίας|Χαλίντ]], βασιλιάς της Σαουδικής Αραβίας\n*[[1983]] - [[Γρηγόριος Παζιώνης]], Έλληνας πολιτικός\n*[[1987]] - [[Μπίλι Μπο]], Έλληνας σχεδιαστής μόδας\n*[[1987]] - [[Τζέραλντιν Πέιτζ]], Αμερικανίδα ηθοποιός\n*[[1998]] - [[Λούσιο Κόστα]], Βραζιλιάνος αρχιτέκτονας\n*[[2001]] - [[Μακάντα Μακιντιρέ]], Αμερικανός μουσικός\n*[[2004]] - [[Γεώργιος Κτενάς]], Έλληνας πολιτικός\n*[[2007]] - [[Νέστορ Ρόσι]], Αργεντινός ποδοσφαιριστής\n*[[2012]] - [[Ροζέ Γκαρωντύ]], Γάλλος φιλόσοφος και συγγραφέας\n*[[2014]] - [[Αλέξανδρος Ζαρκάδας]], Έλληνας στρατιωτικός\n*[[2014]] - [[Άρης Σταθάκης]], Έλληνας δημοσιογράφος και πολιτικός\n\n==Αργίες και εορτές==\n===[[Ορθόδοξη Εκκλησία]]===\n{{Πύλη:Ορθοδοξία/Εορτολόγιο/13 Ιουνίου}}\n\n{{Μήνες}}\n\n[[Κατηγορία:Ημέρες του έτους]]"}}}]}]}}