{"batchcomplete":true,"query":{"normalized":[{"fromencoded":false,"from":"13_Ιανουαρίου","to":"13 Ιανουαρίου"}],"pages":[{"pageid":1040,"ns":0,"title":"13 Ιανουαρίου","revisions":[{"slots":{"main":{"contentmodel":"wikitext","contentformat":"text/x-wiki","content":"<center>\n[[Νοέμβριος]] | [[Δεκέμβριος]] | '''[[Ιανουάριος]]''' | [[Φεβρουάριος]] | [[Μάρτιος]]</center>\n\n\n<center>\n[[12 Ιανουαρίου]] | '''13 Ιανουαρίου''' | [[14 Ιανουαρίου]] </center>\n-----\nΗ '''13η Ιανουαρίου''' είναι η 13η μέρα του έτους κατά το [[Γρηγοριανό ημερολόγιο]]. Υπολείπονται 352 μέρες (353 σε δίσεκτα έτη).\n\n{{ΗμερολόγιοΣεΠίνακα|1}}\n\n== Γεγονότα ==\n{{Commonscat|13 January}}\n*[[1435]] - Ο [[Πάπας Ευγένιος Δ΄]] εκδίδει παπική βούλα με την οποία απαγορεύει στους [[Ισπανία|Ισπανούς]] την υποδούλωση των ιθαγενών [[Γουάντσε]] στις [[Κανάριες Νήσοι|Κανάριες Νήσους]].\n*[[1607]] - Η τράπεζα της [[Γένοβα]]ς καταρρέει μετά την ανακοίνωση της [[Πτώχευση κράτους|πτώχευσης]] της [[Ισπανία]]ς.\n*[[1797]] - [[Πόλεμοι της Γαλλικής Επανάστασης]]: Μία ναυμαχία ανάμεσα σ' ένα [[Γαλλία|γαλλικό]] [[πλοίο γραμμής]] και δύο [[Μεγάλη Βρετανία|βρετανικές]] [[φρεγάτα|φρεγάτες]] στα ανοικτά των ακτών της [[Βρετάνη]]ς τελειώνει με το γαλλικό πλοίο να ναυαγεί και με απολογισμό πάνω από 900 νεκρούς.\n*[[1847]] - Η Συνθήκη του Καουένγκα δίνει τέλος στον [[Αμερικανικό-Μεξικανικός πόλεμος|Αμερικανικό-Μεξικανικό πόλεμο]] στην [[Καλιφόρνια]].\n*[[1888]] - Ιδρύεται στην [[Ουάσινγκτον]] η [[National Geographic Society]]. \n*[[1898]] - Δημοσιεύεται το ''Κατηγορώ!'' του [[Εμίλ Ζολά]], όπου εκθέτει την [[υπόθεση Ντρέιφους]].\n*[[1910]] - Πραγματοποιείται στη [[Νέα Υόρκη]] η πρώτη δημόσια ραδιοφωνική εκπομπή, μία ζωντανή μετάδοση της όπερας ''[[Καβαλερία Ρουστικάνα]]'' και της όπερας ''[[Οι Παλιάτσοι (όπερα)|Οι Παλιάτσοι]]''.\n*[[1915]] - [[Σεισμός]] 7,1 βαθμών της κλίμακας Ρίχτερ με επίκεντρο το [[Αβετζάνο]] κλονίζει την [[επαρχία της Άκουιλα]] στην [[Ιταλία]] σκοτώνοντας 30.519 άτομα.\n*[[1935]] - [[Δημοψήφισμα]] στο [[Σάαρλαντ]] δείχνει ότι το 90,3% των ψηφοφόρων επιθυμούν να ενταχθούν στη [[Ναζιστική Γερμανία]].\n*[[1942]] - Ο [[Χένρυ Φορντ]] πατεντάρει ένα πλαστικό αυτοκίνητο, το οποίο είναι 30% ελαφρύτερο από ένα κανονικό αυτοκίνητο.\n*[[1953]] - Δημοσιεύεται στην [[Πράβντα]] άρθρο που κατηγορεί μερικούς από τους πιο διάσημους και επιφανείς γιατρούς στη [[Ένωση Σοβιετικών Σοσιαλιστικών Δημοκρατιών|Σοβιετική Ένωση]], κυρίως [[Εβραίοι|Εβραίους]], ότι λαμβάνουν μέρος σε μία τεράστια συνωμοσία που δηλητηριάζει κορυφαία μέλη της σοβιετικής πολιτικής και στρατιωτικής ηγεσίας. \n*[[1962]] - Ο [[Αρχιεπίσκοπος Ιάκωβος|μητροπολίτης Αττικής Ιάκωβος]] εκλέγεται αρχιεπίσκοπος Αθηνών και πάσης Ελλάδος, αλλά δύο ημέρες αργότερα κατηγορείται δημοσίως από τον αρχιμανδρίτη Δαμασκηνό Γεωργακόπουλο και τον απόστρατο στρατηγό Μπενή-Ψάλτη για «ακατονόμαστες πράξεις» και αποφασίζεται η παραπομπή του στο Ανώτατο Εκκλησιαστικό Δικαστήριο, με κύριο μάρτυρα κατηγορίας τον αρχιμανδρίτη [[Αυγουστίνος Καντιώτης|Αυγουστίνο Καντιώτη]].\n*[[1963]] - Το [[Μικρό Χωριό Ευρυτανίας]] καταστρέφεται ολοσχερώς από κατολίσθηση από την οποία χάνουν τη ζωή τους δεκατρείς κάτοικοι και τραυματίζονται άλλοι πέντε.\n*[[1966]] - Ο Ρόμπερτ Ουίβερ γίνεται ο πρώτος [[Αφροαμερικανοί|Αφροαμερικανός]] υπουργός των [[Ηνωμένες Πολιτείες Αμερικής|Ηνωμένων Πολιτειών]], καθώς ορίζεται υπουργός Οικισμού και Αστικής Ανάπτυξης.\n*[[1967]] - Η προσωρινή [[Κυβέρνηση Ιωάννη Παρασκευόπουλου 1966|κυβέρνηση Παρασκευόπουλου]] λαμβάνει ψήφο εμπιστοσύνης με την υποστήριξη της [[Ένωσις Κέντρου|Ένωσης Κέντρου]] και της [[Εθνική Ριζοσπαστική Ένωσις|Ε.Ρ.Ε.]] \n*[[1968]] - Κατάσταση έκτακτης ανάγκης σε ολόκληρη τη [[Βόρεια Ελλάδα]] εξαιτίας της σφοδρής κακοκαιρίας που πλήττει τη χώρα. Ο υδράργυρος κατεβαίνει στους -24 βαθμούς στο [[Κάτω Νευροκόπι]] και στους -22 στη [[Βυτίνα Αρκαδίας]]. Στην περιοχή του Ναυαρίνου βυθίζεται αύτανδρο το ελληνικό φορτηγό ''Εύελπις'', με 16μελές πλήρωμα.\n* [[1982]] - [[Ουάσινγκτον]], [[ΗΠΑ]]. Αεροσκάφος της εταιρίας Air Florida συντρίβεται πάνω σε γέφυρα του ποταμού [[Ποταμός Ποτόμακ|Ποτόμακ]] και βυθίζεται κοντά στον [[Λευκός Οίκος|Λευκό Οίκο]], σκοτώνοντας 78 άτομα.\n* [[1985]] - Ο 99χρονος [[Ελβετία|Ελβετός]] Otto Bucher γίνεται ο γηραιότερος παίκτης του [[γκολφ]], που σκοράρει hole in one.\n* [[1989]] - Ο ηλεκτρονικός ιός «[[Παρασκευή και 13]]» χτυπά εκατοντάδες ηλεκτρονικούς υπολογιστές της [[ΙΒΜ]] στη [[Μεγάλη Βρετανία]].\n* [[1990]] - Ο [[Ντάγκλας Γουίλντερ]], εκλεγμένος κυβερνήτης της [[Βιρτζίνια]] γίνεται ο πρώτος Αφροαμερικανός που καταλαμβάνει αυτό το αξίωμα.\n* [[1991]] - 14 οι νεκροί από την επέμβαση του σοβιετικού στρατού στη [[Λιθουανία]], κατά τη διάρκεια του αγώνα για την ανεξαρτησία της. Σοβιετικά στρατεύματα και τανκ, στην προσπάθειά τους να αναχαιτίσουν τους στασιαστές της [[Λιθουανία]]ς, καταλαμβάνουν με έφοδο τον κύριο τηλεοπτικό σταθμό της χώρας.\n* [[1992]] - Έρευνα στη [[Γερμανία]] δείχνει ότι το 70% των εργαζόμενων γυναικών παρενοχλούνται σεξουαλικά στον τόπο εργασίας τους.\n* [[1992]] - Στη [[Βουλγαρία]], ο [[Ζέλιο Ζέλεφ]] συγκεντρώνει το 44,58% των ψήφων, κατά τον πρώτο γύρο των προεδρικών εκλογών.\n* [[1992]] - Η [[Ιαπωνία]] ζητά συγγνώμη που εξανάγκασε τις γυναίκες της [[Κορέα (περιοχή)|Κορέας]] σε [[σεξουαλική δουλεία]] κατά τον [[Β΄ Παγκόσμιος Πόλεμος|Β΄ Παγκόσμιο Πόλεμο]].\n* [[1993]] - Στο [[Ισραήλ]], σε υποθαλάσσια κοιλότητα στα ανοικτά της [[Χάιφα]], ανακαλύπτονται οι αρχαιότερες [[ελιά|ελιές]] του κόσμου, ηλικίας 5.000 ετών.\n* [[1993]] - Ο πρώην ηγέτης της [[Λαϊκή Δημοκρατία της Γερμανίας|Ανατολικής Γερμανίας]], [[Έριχ Χόνεκερ]], αναχωρεί από το [[Βερολίνο]] για τη [[Χιλή]] μετά την απόφαση γερμανικού δικαστηρίου να διακοπεί οριστικά η δίκη του λόγω της πολύ κλονισμένης υγείας του.\n* [[1994]] - Στο [[Μεξικό]], ο πρόεδρος της χώρας ανακοινώνει γενική κατάπαυση του πυρός στην πολιτεία [[Τσιάπας]], σε μια προσπάθεια τερματισμού των συγκρούσεων με τους «[[Στρατός των Ζαπατίστα για την Εθνική Απελευθέρωση|Ζαπατίστας]]».\n* [[1995]] - Στην [[Τσετσενία]], σφοδρή επίθεση εξαπολύει το ρωσικό πυροβολικό στο κέντρο του [[Γκρόζνι]].\n* [[1995]] - Το America 3 γίνεται το πρώτο γυναικείο πλήρωμα που κερδίζει το America Cup Race κερδίζοντας στην πρώτη κούρσα τον 4 φορές πρωταθλητή Dennis Connor κατά 69 δευτερόλεπτα.\n* [[1996]] - Η [[Διεθνής Αμνηστία]] ζητά από [[Ρωσία]] και δυτικές χώρες να μην εξοπλίζουν με στρατιωτικά ελικόπτερα την [[Τουρκία]], επειδή υπήρχαν βάσιμες υπόνοιες ότι, τα χρησιμοποιούσε για την εξόντωση των [[Κούρδοι|Κούρδων]].\n* [[1997]] - Στο κέντρο της [[Αθήνα]]ς ανακαλύπτεται το αρχαίο Λύκειο, που δίδαξε ο [[Αριστοτέλης]].\n* [[1999]] - Ο αστέρας του ΝΒΑ [[Μάικλ Τζόρνταν]], ανακοινώνει την αποχώρηση του από το άθλημα για δεύτερη φορά.\n* [[2001]] - Σεισμός χτυπά το [[Ελ Σαλβαδόρ]], προκαλώντας 5.000 θανάτους.\n* [[2015]] - Ο [[Άγιος Παΐσιος|Γέροντας Παΐσιος]] αγιοποιείται από το [[Οικουμενικό Πατριαρχείο Κωνσταντινουπόλεως|Οικουμενικό Πατριαρχείο]]\n\n*[[2019]] - 0 [[Πάνος Καμμένος]] υποβάλει την παραίτησή του από την συγκυβέρνηση με το [[ΣΥΡΙΖΑ]] λόγω της συμφωνίας των Πρεσπών.\n\n== Γεννήσεις ==\n*[[1334]] - [[Ερρίκος Β΄ της Καστίλης|Ερρίκος Β΄]], βασιλιάς της Καστίλης\n*[[1433]] - [[Στέφανος Γ΄ ο Μέγας]], πρίγκιπας της Μολδαβίας\n*[[1505]] - [[Ιωακείμ Β΄ Έκτωρ του Βρανδεμβούργου|Ιωακείμ Β΄ Έκτωρ]], εκλέκτορας του Βρανδεμβούργου\n*[[1674]] - [[Προσπέρ Ζολιό ντε Κρεμπιγιόν]], Γάλλος συγγραφέας\n*[[1749]] - [[Ιωσήφ Αντωνόπουλος]], Έλληνας μητροπολίτης\n*[[1859]] - [[Κωστής Παλαμάς]], Έλληνας ποιητής\n*[[1864]] - [[Βίλχελμ Βίεν]], Γερμανός φυσικός\n*[[1866]] - [[Γεώργιος Γκουρτζίεφ]], Αρμένιος μυστικιστής\n*[[1882]] - [[Σπύρος Μελάς]], Έλληνας συγγραφέας και δημοσιογράφος\n*[[1909]] - [[Μαρίνους βαν ντερ Λούμπε]], Ολλανδός κομμουνιστής\n*[[1910]] - [[Γιάννης Τσαρούχης]], Έλληνας ζωγράφος\n*[[1916]] - [[Αδαμάντιος Λεμός]], Έλληνας σκηνοθέτης\n*[[1921]] - [[Νετζατή Τζουμαλή]], Τούρκος συγγραφέας\n*[[1924]] - [[Πωλ Φεγεράμπεντ]], Αυστριακός φιλόσοφος\n*[[1936]] - [[Φιλίπ Μασονί]], Γάλλος αξιωματούχος\n*[[1937]] - [[Άτι Τζορτζ Σοκομάνου]], πρόεδρος του Βανουάτου\n*[[1939]] - [[Γιάτσεκ Γκμοχ]], Πολωνός ποδοσφαιριστής και προπονητής\n*[[1943]] - [[Ειρήνη Μάρρα]], Ελληνίδα συγγραφέας\n*[[1958]] - [[Μαρία Καβογιάννη]], Ελληνίδα ηθοποιός\n*[[1960]] - [[Τάκης Λεμονής]], Έλληνας ποδοσφαιριστής\n*[[1970]] - [[Νταν Έγκεν]], Νορβηγός ποδοσφαιριστής\n*[[1972]] - [[Νικόλ Έγκερτ]], Αμερικανίδα ηθοποιός\n*[[1977]] - [[Ορλάντο Μπλουμ]], Άγγλος ηθοποιός\n*[[1981]] - [[Γιάννης Χαρούλης]], Έλληνας τραγουδιστής\n*[[1982]] - [[Μέισον Ράιαν]], Ουαλός παλαιστής\n*[[1993]] - [[Πιέρος Σωτηρίου]], Κύπριος ποδοσφαιριστής\n\n== Θάνατοι ==\n*[[86 π.Χ.]] - [[Γάιος Μάριος]], Ρωμαίος στρατηγός και πολιτικός\n*[[47 π.Χ.]] - [[Πτολεμαίος ΙΓ΄]], φαραώ της Αιγύπτου\n*[[858]] - [[Έθελγουλφ του Ουέσσεξ|Έθελγουλφ]], βασιλιάς του Ουέσσεξ\n*[[888]] - [[Κάρολος ο Παχύς]], βασιλιάς των Φράγκων\n*[[1139]] - [[Σίμων Α΄ της Λωρραίνης|Σιμόν Α΄]], δούκας της Λωρραίνης\n*[[1177]] - [[Ερρίκος Β΄ της Αυστρίας|Ερρίκος Β΄]], δούκας της Αυστρίας\n*[[1200]] - [[Όθων Α΄ της Βουργουνδίας|Όθων Α']], κόμης της Βουργουνδίας\n*[[1330]] - [[Φρειδερίκος Α΄ της Αυστρίας]], βασιλιάς της Γερμανίας\n*[[1797]] - [[Ελισάβετ Κριστίνα]], βασίλισσα της Πρωσίας\n*[[1807]] - [[Αλέξανδρος Υψηλάντης (ηγεμόνας)|Αλέξανδρος Υψηλάντης]], ηγεμόνας της Βλαχίας\n*[[1847]] - [[Ιωσήφ, αρχιδούκας της Αυστρίας]]\n*[[1853]] - [[Θεόφιλος Καΐρης]], Έλληνας ιερέας και διαφωτιστής\n*[[1897]] - [[Ντάβιντ Σβαρτς (εφευρέτης)|Ντάβιντ Σβαρτς]], Αυστροούγγρος εφευρέτης\n*[[1906]] - [[Αλέξανδρος Ποπόφ]], Ρώσος φυσικός\n*[[1908]] - [[Χασιμότο Γκαχό]], Ιάπωνας ζωγράφος\n*[[1911]] - [[Νικόλαος Μακρής (στρατιωτικός)|Νικόλαος Μακρής]], Έλληνας στρατιωτικός και πολιτικός\n*[[1932]] - [[Σοφία της Ελλάδας|Σοφία]], βασίλισσα της Ελλάδας\n*[[1941]] - [[Τζέιμς Τζόυς]], Ιρλανδός συγγραφέας\n*[[1948]] -[[Σολομών Μιχόελς]] Σοβιετικός ηθοποιός\n*[[1950]] - [[Δημήτρης Σέμσης]], Έλληνας βιολιστής\n*[[1958]] - [[Τζέσι Λάσκι]], Αμερικανός κινηματογραφικός παραγωγός\n*[[1966]] - [[Χρήστος Τέντζος]], Έλληνας πολιτικός\n*[[1977]] - [[Ανρί Λανγκλουά]], Γάλλος κινηματογραφικός αρχειοφύλακας\n*[[2009]] - [[Αριστείδης Λούβαρης]], Έλληνας ποδοσφαιριστής\n*[[2009]] - [[Θανάσης Σαραβάκος]], Έλληνας ποδοσφαιριστής\n*[[2010]] - [[Τέντι Πέντεργκρας]], Αμερικανός τραγουδιστής\n*[[2012]] - [[Λευτέρης Αντωνιάδης]], Έλληνας ποδοσφαιριστής\n*[[2012]] - [[Ραούφ Ντενκτάς]], Τουρκοκύπριος πολιτικός\n*[[2014]] - [[Ρόνι Τζόρνταν]], Άγγλος κιθαρίστας\n*[[2017]] - [[Αλέξης Μάρδας]], Έλληνας ηλεκτρονικός μηχανικός\n*[[2018]] - [[Τζίμης Πανούσης]], Έλληνας τραγουδοποιός\n*[[2019]] - [[Μητροπολίτης Σισανίου και Σιατίστης Παύλος Ιωάννου|Μητροπολίτης Σισανίου και Σιατίστης Παύλος]]\n\n== Αργίες και εορτές ==\n=== [[Ορθόδοξη Εκκλησία]] ===\n{{Πύλη:Ορθοδοξία/Εορτολόγιο/13 Ιανουαρίου}}\n\n\n{{Μήνες}}\n\n[[Κατηγορία:Ημέρες του έτους]]"}}}]}]}}