{"batchcomplete":true,"query":{"normalized":[{"fromencoded":false,"from":"13_Μαρτίου","to":"13 Μαρτίου"}],"pages":[{"pageid":1484,"ns":0,"title":"13 Μαρτίου","revisions":[{"slots":{"main":{"contentmodel":"wikitext","contentformat":"text/x-wiki","content":"{{Μήνες Μαρτίου}}\n\n<center>{{Πηγές|3=2022|2=01|8}}\n[[12 Μαρτίου]] | '''13 Μαρτίου''' | [[14 Μαρτίου]]</center>\n\n----\nΗ '''13η Μαρτίου''' είναι η 72η ημέρα του έτους κατά το [[Γρηγοριανό ημερολόγιο]] (73η σε δίσεκτα έτη). Υπολείπονται 293 ημέρες.\n\n{{ΗμερολόγιοΣεΠίνακα|3}}\n\n== Γεγονότα ==\n*[[624]] - Ο στρατός του [[Μωάμεθ]] νικά τους [[Κουραϊσίτες]] στη μάχη του Μπαντρ, η οποία αποτελεί το σημαντικότερο στρατιωτικό γεγονός στην ιστορία του [[Ισλάμ]]. Η μάχη έλαβε χώρα στην περιοχή [[Χετζάζ]] της δυτικής [[Αραβία]]ς. \n*[[874]] - Τα οστά του [[Πατριάρχης Νικηφόρος Α΄|Αγίου Νικηφόρου]] ενταφιάζονται στο [[Ναός των Αγίων Αποστόλων (Κωνσταντινούπολη)|Ναό των Αγίων Αποστόλων]] στην [[Βυζαντινή Κωνσταντινούπολη|Κωνσταντινούπολη]].\n*[[1138]] - Ο [[καρδινάλιος]] Γκρεγκόριο Κόντι εκλέγεται [[Αντίπαπας]] με το όνομα Βίκτωρ Δ΄, διαδεχόμενος τον [[Αντίπαπας Ανάκλητος Β΄|Ανάκλητο Β΄]].\n*[[1639]] - Το [[κολέγιο Χάρβαρντ]] παίρνει το όνομά του από τον κληρικό Τζων Χάρβαρντ.  \n*[[1781]] - Ο [[Ουίλιαμ Χέρσελ]] ανακαλύπτει τον [[Ουρανός (πλανήτης)|πλανήτη Ουρανό]].\n*[[1809]] - Πραγματοποιείται [[πραξικόπημα]] εναντίον του βασιλιά [[Γουσταύος Δ΄ Αδόλφος της Σουηδίας|Γουσταύου Δ΄ Αδόλφου της Σουηδίας]].\n*[[1845]] - Κάνει πρεμιέρα στη [[Λειψία]] το «Κοντσέρτο για βιολί» του [[Φέλιξ Μέντελσον-Μπαρτόλντυ]].\n*[[1862]] - [[Αμερικανικός Εμφύλιος Πόλεμος]]: Η [[ομοσπονδιακή κυβέρνηση των ΗΠΑ]] απαγορεύει σε όλους τους αξιωματικούς του [[Στρατός της Ένωσης|στρατού της Ένωσης]] να επιστρέφουν τους δραπέτες σκλάβους στους ιδιοκτήτες τους, θέτοντας έτσι τις βάσεις για τη [[Διακήρυξη Χειραφέτησης]]. \n*[[1865]] - [[Αμερικανικός Εμφύλιος Πόλεμος]]: οι [[Συνομόσπονδες Πολιτείες της Αμερικής]] συμφωνούν με τη χρήση [[Αφροαμερικανοί|αφροαμερικανικών]] στρατευμάτων.\n*[[1881]] - Ο [[Αλέξανδρος Β΄ της Ρωσίας]] δολοφονείται κοντά στο παλάτι του από ρίψη βόμβας.\n*[[1884]] - Αρχίζει η πολιορκία του [[Χαρτούμ]] στο [[Σουδάν]].\n*[[1900]] - [[Δεύτερος Πόλεμος των Μπόερς]]: οι [[Ηνωμένο Βασίλειο|βρετανικές]] δυνάμεις καταλαμβάνουν το [[Μπλουμφοντέιν]] στο Ελεύθερο Κράτος της Οράγγης.\n*[[1930]] - Η είδηση για την ανακάλυψη του [[Πλούτωνας (πλανήτης νάνος)|Πλούτωνα]] τηλεγραφείται στο [[Αστεροσκοπείο του Χάρβαρντ]].\n*[[1940]] - Λήγει ο [[Ρωσοφινλανδικός πόλεμος του 1939|Ρωσοφινλανδικός πόλεμος]].\n*[[1943]] - [[Ολοκαύτωμα]]: οι [[Ναζιστική Γερμανία|γερμανικές]] δυνάμεις προβαίνουν σε εκκαθάριση του [[Εβραίοι|εβραϊκού]] γκέτο της [[Κρακοβία]]ς.\n*[[1957]] - [[Κούβα|Κουβανοί]] επαναστάτες φοιτητές εισβάλουν στο προεδρικό παλάτι στην [[Αβάνα]] σε μία αποτυχημένη προσπάθεια κατά της ζωής του προέδρου [[Φουλχένσιο Μπατίστα]].\n*[[1965]] - Νέος ισχυρότατος [[σεισμός]] ολοκληρώνει την καταστροφή στην [[Αλόννησος|Αλόννησο]] και ισοπεδώνει τη [[Σκόπελος|Σκόπελο]].\n*[[1969]] - [[Απόλλων (διαστημικό πρόγραμμα)|Πρόγραμμα Απόλλων]]: Η αποστολή [[Απόλλων 9]] επιστρέφει με ασφάλεια στη [[Γη]].\n*[[1979]] - Ο Μόρις Μπίσοπ απομακρύνει τον πρωθυπουργό Έρικ Γκέρι σ' ένα σχεδόν αναίμακτο [[πραξικόπημα]] στη [[Γρενάδα]].\n* [[1992]] - Στην ανατολική Τουρκία 500 άνθρωποι σκοτώνονται από σεισμό 6,8 βαθμών της κλίμακας Ρίχτερ. \n* [[1996]] - Κρατώντας τέσσερα όπλα, ένας άνδρας σκοτώνει 16 μαθητές και τη δασκάλα τους σε σχολείο της [[Σκωτία]]ς.\n* [[2003]] - Σε συναγερμό τίθεται η παγκόσμια ιατρική κοινότητα, καθώς μία θανατηφόρος επιδημία γρίπης και πνευμονίας, το [[SARS]], έχει ξεσπάσει στην [[Ασία]]. Τα συμπτώματα του ιού είναι υψηλός πυρετός, βήχας και δύσπνοια.\n* [[2013]] - Ο Αρχιεπίσκοπος [[Μπουένος Άιρες]] Χόρχε Μάριο Μπεργκόλιο εκλέγεται [[Πάπας]] και λαμβάνει το όνομα [[Πάπας Φραγκίσκος|Φραγκίσκος]].\n\n== Γεννήσεις ==\n*[[963]] - [[Άννα Πορφυρογέννητη]], μεγάλη πριγκίπισσα του Κιέβου\n*[[1372]] - [[Λουδοβίκος Α΄ της Ορλεάνης|Λουδοβίκος Α΄]], δούκας της Ορλεάνης\n*[[1615]] - [[Πάπας Ιννοκέντιος ΙΒ΄]]\n*[[1741]] - [[Ιωσήφ Β΄ των Αψβούργων]], αυτοκράτορας της Αγίας Ρωμαϊκής Αυτοκρατορίας\n*[[1753]] - [[Λουίζα Μαρία Αδελαΐδα των Βουρβόνων]], δούκισσα της Ορλεάνης\n*[[1781]] - [[Καρλ Φρίντριχ Σίνκελ]], Γερμανός αρχιτέκτονας\n*[[1849]] - [[Περικλής Πανταζής]], Έλληνας ζωγράφος\n*[[1855]] - [[Πέρσιβαλ Λόουελ]], Αμερικανός αστρονόμος\n*[[1860]] - [[Χούγκο Βολφ]], Αυστριακός συνθέτης\n*[[1872]] - [[Κωνσταντίνος Θεοτόκης]], Έλληνας συγγραφέας\n*[[1874]] - [[Έλερι Κλαρκ]], Αμερικανός αθλητής\n*[[1900]] - [[Μπέλα Γκούτμαν]], Ούγγρος ποδοσφαιριστής\n*[[1900]] - [[Γιώργος Σεφέρης]], Έλληνας ποιητής\n*[[1907]] - [[Μίρτσεα Ελιάντε]], Ρουμανός ιστορικός και συγγραφέας\n*[[1913]] - [[Λάμπρος Κωνσταντάρας]], Έλληνας ηθοποιός\n*[[1913]] - [[Σεργκέι Μιχαλκόφ]], Ρώσος συγγραφέας\n*[[1914]] - [[Πέτρος Στεργιώτης]], Έλληνας πολιτικός\n*[[1916]] - [[Ζακ Φρέσκο]], Αμερικανός μελλοντολόγος\n*[[1923]] - [[Δημήτριος Ιωαννίδης]], Έλληνας στρατιωτικός\n*[[1929]] - [[Πάεκ Ναμ Σουν]], Βορειοκορεάτης πολιτικός\n*[[1942]] - [[Σκάτμαν Τζον]], Αμερικανός τραγουδιστής\n*[[1945]] - [[Ανατόλι Φομένκο]], Ρώσος μαθηματικός\n*[[1945]] - [[Δημήτρης Ποταμίτης]], Κύπριος ηθοποιός και σκηνοθέτης\n*[[1949]] - [[Ρένα Παγκράτη]], Ελληνίδα ηθοποιός\n*[[1954]] - [[Σιαρέι Σιντόρσκι]], Λευκορώσος πολιτικός\n*[[1955]] - [[Έντμουντ Χο]], Κινέζος πολιτικός\n*[[1967]] - [[Αντρές Εσκομπάρ]], Κολομβιανός ποδοσφαιριστής\n*[[1987]] - [[Χρήστος Αραβίδης]], Έλληνας ποδοσφαιριστής\n\n== Θάνατοι ==\n*[[1229]] - [[Λευκή της Ναβάρρας (1177-1229)]]\n*[[1332]] - [[Θεόδωρος Μετοχίτης]], Βυζαντινός αξιωματούχος και συγγραφέας\n*[[1490]] - [[Κάρολος Α΄ της Σαβοΐας|Κάρολος Α΄]], δούκας της Σαβοΐας\n*[[1516]] - [[Βλαδίσλαος Β΄ της Ουγγαρίας|Βλαδίσλαος Β΄]], βασιλιάς της Ουγγαρίας\n*[[1569]] - [[Λουδοβίκος Α΄ του Κοντέ|Λουδοβίκος Α΄]], πρίγκιπας του Κοντέ\n*[[1711]] - [[Νικολά Μπουαλώ]], Γάλλος ποιητής και κριτικός\n*[[1808]] - [[Χριστιανός Ζ΄ της Δανίας|Χριστιανός Ζ΄]], βασιλιάς της Δανίας\n*[[1814]] - [[Λουδοβίκος Φραγκίσκος Ιωσήφ του Κοντί|Λουδοβίκος Φραγκίσκος Ιωσήφ]], πρίγκιπας του Κοντί\n*[[1844]] - [[Ιωσήφ ο από Ανδρούσης]], Έλληνας αγωνιστής\n*[[1858]] - [[Γεώργιος Κουντουριώτης]], Έλληνας πολιτικός\n*[[1881]] - [[Αλέξανδρος Β΄ της Ρωσίας|Αλέξανδρος Β']], τσάρος της Ρωσίας\n*[[1891]] - [[Τεοντόρ ντε Μπανβίλ]], Γάλλος συγγραφέας\n*[[1896]] - [[Νικόλαος Καλλιφρονάς]], Έλληνας πολιτικός\n*[[1901]] - [[Μπέντζαμιν Χάρρισον]], 23ος πρόεδρος των Η.Π.Α.\n*[[1940]] - [[Δημήτριος Λιάλιος]], Έλληνας συνθέτης\n*[[1942]] - [[Ιωάννης Γρυπάρης (λογοτέχνης)|Ιωάννης Γρυπάρης]], Έλληνας συγγραφέας\n*[[1961]] - [[Μιχαήλ Σεργάκης]], Έλληνας πολιτικός\n*[[1965]] – [[Φαν Νόλι]], Αλβανός πολιτικός\n*[[1975]] - [[Ίβο Άντριτς]], Γιουγκοσλάβος συγγραφέας\n*[[1978]] - [[Τζον Καζάλ]], Αμερικανός ηθοποιός\n*[[1988]] - [[Τζων Χολμς]], Αμερικανός πορνογραφικός ηθοποιός\n*[[1996]] - [[Κριστόφ Κισλόφσκι]], Πολωνός σκηνοθέτης\n*[[1998]] - [[Μπιλ Ρηντ]], Καναδός καλλιτέχνης\n*[[1999]] - [[Διονύσιος Τσερώνης]], Έλληνας πολιτικός\n*[[2002]] - [[Χανς-Γκέοργκ Γκάνταμερ]], Γερμανός φιλόσοφος\n*[[2007]] - [[Άρνολντ Σκάαλαντ]], Αμερικανός παλαιστής\n*[[2014]] - [[Αχμάντ Τετζάν Κάμπαχ]], πρόεδρος της Σιέρα Λεόνε\n*[[2020]]- [[Φίλιππος Πετσάλνικος]], Έλληνας πολιτικός - Πρώην Πρόεδρος της Βουλής των Ελλήνων\n\n== Αργίες και εορτές ==\n=== Κόσμος ===\nΠαγκόσμια Ημέρα Νεφρού, Παγκόσμια Ημέρα Δράσης των Σιδηροδρομικών.\n*[[Βατικανό]]: εθνική εορτή (ημερομηνία εκλογής του Πάπα) (2013)\n=== [[Ορθόδοξη Εκκλησία]] ===\n{{Πύλη:Ορθοδοξία/Εορτολόγιο/13 Μαρτίου}}\n\n{{Μήνες}}\n\n[[Κατηγορία:Ημέρες του έτους]]"}}}]}]}}