{"batchcomplete":true,"query":{"normalized":[{"fromencoded":false,"from":"13_Σεπτεμβρίου","to":"13 Σεπτεμβρίου"}],"pages":[{"pageid":8029,"ns":0,"title":"13 Σεπτεμβρίου","revisions":[{"slots":{"main":{"contentmodel":"wikitext","contentformat":"text/x-wiki","content":"{{Μήνες Σεπτεμβρίου}}\n\n<center>[[12 Σεπτεμβρίου]] | '''13 Σεπτεμβρίου''' | [[14 Σεπτεμβρίου]]</center>\n\n----\n{{ΗμερολόγιοΣεΠίνακα|9}}\nΗ '''13η Σεπτεμβρίου''' είναι η 256η ημέρα του έτους κατά το [[Γρηγοριανό ημερολόγιο]] (257η σε δίσεκτα έτη). Υπολείπονται 109 ημέρες.\n\n== Γεγονότα ==\n*[[509 π.Χ.]] - Εγκαινιάζεται ο Ναός του [[Γιούπιτερ]] στον [[Καπιτωλίνος λόφος|Καπιτωλίνο λόφο]] της [[Αρχαία Ρώμη|Ρώμης]].\n*[[533]] - Ο [[Βυζαντινή Αυτοκρατορία|Βυζαντινός]] στρατηγός [[Βελισάριος]] νικά τον [[Γελίμερ]] και τους [[Βάνδαλοι|Βανδάλους]] στη [[μάχη του Δέκιμον]], κοντά στην [[Καρχηδόνα]] στη [[Βόρεια Αφρική]].\n*[[1437]] - Μάχη της [[Ταγγέρη]]ς: Μία [[Πορτογαλία|πορτογαλική]] εκστρατευτική δύναμη ξεκινά μια αποτυχημένη προσπάθεια να καταλάβει τη [[Μαρόκο|μαροκινή]] ακρόπολη της Ταγγέρης.\n*[[1501]] - Ιταλική Αναγέννηση: Ο [[Μιχαήλ Άγγελος]] αρχίζει την εργασία για το άγαλμα του [[Δαβίδ (Μιχαήλ Άγγελος)|Δαβίδ]]. \n*[[1504]] - Η βασίλισσα [[Ισαβέλλα Α΄ της Καστίλης]] και ο βασιλιάς [[Φερδινάνδος Β΄ της Αραγωνίας]] εκδίδουν βασιλικό διάταγμα για την κατασκευή ενός βασιλικού παρεκκλησίου (Καπίγια Ρεάλ) στη [[Γρανάδα]]. \n*[[1541]] - Μετά από τρία χρόνια εξορίας, ο [[Ιωάννης Καλβίνος]] επιστρέφει στη [[Γενεύη]] για να μεταρρυθμίσει την εκκλησία υπό το δόγμα που έγινε γνωστό ως [[Καλβινισμός]].\n*[[1584]] - Ολοκληρώνεται το [[Εσκοριάλ]] στη [[Μαδρίτη]].\n*[[1759]] - [[Γαλλοϊνδιανικός Πόλεμος]]: Οι [[Μεγάλη Βρετανία|Βρετανοί]] νικούν τους [[Γαλλία|Γάλλους]] στα Πεδία του Αβραάμ κοντά στην [[Κεμπέκ (πόλη)|πόλη του Κεμπέκ]].\n*[[1782]] - [[Αμερικανική Επανάσταση]]: [[Γαλλία|Γαλλο]]-[[Ισπανία|ισπανικά]] στρατεύματα πραγματοποιούν μία αποτυχημένη μεγάλη επίθεση κατά την πολιορκία του [[Γιβραλτάρ]].  \n*[[1791]] - Ο βασιλιάς [[Λουδοβίκος ΙΣΤ΄ της Γαλλίας]] αποδέχεται το νέο σύνταγμα.\n*[[1844]] - Ο [[Οικουμενικός Πατριάρχης Κωνσταντινουπόλεως|Οικουμενικός]] [[Πατριάρχης Γερμανός Δ΄]] εγκαινιάζει την [[Ιερά Θεολογική Σχολή της Χάλκης]].\n*[[1847]] - [[Αμερικανικό-Μεξικανικός πόλεμος]]: Έξι έφηβοι στρατιωτικοί δόκιμοι πεθαίνουν υπερασπιζόμενοι το κάστρο του Καπουλτεπέκ. Τα [[Ηνωμένες Πολιτείες Αμερικής|αμερικανικά]] στρατεύματα υπό τον στρατηγό Γουίνφιλντ Σκοτ καταλαμβάνουν την [[Πόλη του Μεξικού]].\n*[[1862]] - [[Αμερικανικός Εμφύλιος Πόλεμος]]: Στρατιώτες της [[Ένωση (Αμερικανικός Εμφύλιος Πόλεμος)|Ένωσης]] βρίσκουν ένα αντίγραφο των σχεδίων μάχης του [[Ρόμπερτ Λη]] σ' ένα χωράφι έξω από το Φρέντερικ του [[Μέριλαντ]]. Είναι το προανάκρουσμα της μάχης του Αντίταμ.\n*[[1882]] - Οι [[Μεγάλη Βρετανία|Βρετανοί]] νικούν τους [[Αίγυπτος|Αιγύπτιους]] στη [[μάχη του Τελ Ελ Κεμπίρ]].\n*[[1914]] - [[Α΄ Παγκόσμιος Πόλεμος]]: Αρχίζει η μάχη του [[Αιν (ποταμός)|Αιν]] μεταξύ της [[Γερμανία]]ς και της [[Γαλλία]]ς.\n*[[1922]] - Η τελική πράξη της [[Μικρασιατική εκστρατεία|Μικρασιατικής εκστρατείας]]: Αρχίζει η [[καταστροφή της Σμύρνης]]. Μια απο τις μεγαλύτερες σφαγές του 20ού αιώνα με περισσότερους απο 50.000 νεκρούς και 75.000 τραυματίες.\n*[[1923]] - Μετά από στρατιωτικό [[πραξικόπημα]] στην [[Ισπανία]], ο [[Μιγέλ Πρίμο ντε Ριβέρα]] εγκαθιστά [[δικτατορία]].\n*1944 - Μάχη του Μελιγαλά\n*[[1953]] - Ο [[Νικίτα Χρουστσόφ]] ορίζεται [[Γενικός Γραμματέας του Κομμουνιστικού Κόμματος της Σοβιετικής Ένωσης]].\n*[[1962]] - Δικαστήριο διατάζει το πανεπιστήμιο του Μισισιπή να κάνει δεκτό τον [[Αφροαμερικανοί|Αφροαμερικανό]] [[Τζέιμς Μέρεντιθ]].   \n*[[1968]] - Η [[Αλβανία]] αποχωρεί από το [[Σύμφωνο της Βαρσοβίας]].\n*[[1985]] - Κυκλοφορεί στην [[Ιαπωνία]] το ''[[Super Mario Bros.]]'' για το [[Nintendo Entertainment System]].\n*[[1986]] - [[Σεισμός στην Καλαμάτα το 1986|Ισχυρός σεισμός]] μεγέθους 6 Ρίχτερ χτυπά την [[Καλαμάτα]], με απολογισμό 20 νεκρούς και 80 τραυματίες.\n*[[1987]] - Άγνωστοι κλέβουν ένα [[Ραδιενέργεια|ραδιενεργό]] αντικείμενο από εγκαταλελειμμένο νοσοκομείο στη [[Γκοϊάνια]] της [[Βραζιλία]]ς. Τις επόμενες εβδομάδες το αντικείμενο αυτό θα μολύνει πολλούς ανθρώπους και θα προκαλέσει το θάνατο σε κάποιους από αυτούς.  \n* [[1993]] - Υπογράφονται επίσημα οι [[Συμφωνίες του Όσλο]], μια συμφωνία ειρήνης μεταξύ του [[Ισραήλ]] και των [[Παλαιστίνιοι|Παλαιστινίων]].  \n* [[2006]] - Μετά από 16ετή καταδίωξη συλλαμβάνεται σε ενέδρα ο δραπέτης [[Νίκος Παλαιοκώστας]].\n\n== Γεννήσεις ==\n*[[1087]] - [[Ιωάννης Β΄ Κομνηνός]], Βυζαντινός αυτοκράτορας\n*[[1475]] - [[Καίσαρας Βοργίας]], Ιταλός πολιτικός και καρδινάλιος\n*[[1660]] - [[Ντάνιελ Ντεφόε]], Άγγλος συγγραφέας\n*[[1819]] - [[Κλάρα Σούμαν]], Γερμανίδα πιανίστρια και συνθέτρια\n*[[1853]] - [[Σοφία Περόφσκαγια]], Ρωσίδα επαναστάτρια\n*[[1873]] - [[Κωνσταντίνος Καραθεοδωρή]], Έλληνας μαθηματικός\n*[[1874]] - [[Άρνολντ Σένμπεργκ]], Αυστριακός συνθέτης και ζωγράφος\n*[[1876]] - [[Σέργουντ Άντερσον]], Αμερικανός συγγραφέας\n*[[1880]] - [[Τζέσι Λάσκι]], Αμερικανός κινηματογραφικός παραγωγός\n*[[1881]] - [[Ραμόν Γκράου]], Κουβανός ιατρός και πολιτικός\n*[[1899]] - [[Κορνήλιος Κοντρεάνου]], Ρουμάνος πολιτικός\n*[[1903]] - [[Κλοντέτ Κολμπέρ]], Γαλλίδα ηθοποιός\n*[[1908]] - [[Κάρολος Κουν]], Έλληνας σκηνοθέτης\n*[[1910]] - [[Στέφανος Νάτσινας]], Έλληνας πολιτικός\n*[[1916]] - [[Ρόαλντ Νταλ]], Ουαλός συγγραφέας\n*[[1922]] - [[Ίμα Σουμάκ]], Περουβιανή υψίφωνος\n*[[1924]] - [[Μωρίς Ζαρ]], Γάλλος συνθέτης\n*[[1924]] - [[Κυβέλη Θεοχάρη]], Ελληνίδα ηθοποιός\n*[[1927]] - [[Τζαννής Τζαννετάκης]], Έλληνας πολιτικός\n*[[1932]] - [[Γιάννης Μαλούχος]], Έλληνας ηθοποιός\n*[[1940]] - [[Όσκαρ Άριας]], Κοσταρικανός πολιτικός\n*[[1941]] - [[Ταντάο Άντο]], Ιάπωνας αρχιτέκτονας\n*[[1941]] - [[Αχμέτ Νετζντέτ Σεζέρ]], Τούρκος πολιτικός\n*[[1948]] - [[Δημήτρης Νανόπουλος]], Έλληνας φυσικός\n*[[1954]] - [[Ελένη Βιτάλη]], Ελληνίδα τραγουδίστρια\n*[[1957]] - [[Βίνι Άπις]], Αμερικανός ντράμερ ([[Black Sabbath]], [[Dio (συγκρότημα)|Dio]] και Heaven & Hell)\n*[[1960]] - [[Κέβιν Κάρτερ]], Νοτιοαφρικανός φωτορεπόρτερ\n*[[1960]] - [[Γκρεγκ Μπάλτουιν]], Αμερικανός ηθοποιός\n*[[1960]] - [[Γιώργος Γιαννόπουλος]], Έλληνας ηθοποιός\n*[[1961]] - [[Ντέιβ Μαστέιν]], Αμερικανός τραγουδιστής κ-αι κιθαρίστας ([[Megadeth]])\n*[[1963]] - [[Θεόδωρος Ρουσόπουλος]], Έλληνας πολιτικός\n*[[1967]] - [[Τιμ Όουενς]], Αμερικανός τραγουδιστής ([[Judas Priest]], [[Iced Earth]], [[Yngwie Malmsteen]])\n*[[1967]] - [[Μάικλ Τζόνσον]], Αμερικανός αθλητής\n*[[1973]] - [[Κριστίν Αρόν]], Γαλλίδα δρομέας\n*[[1973]] - [[Φάμπιο Καναβάρο]], Ιταλός ποδοσφαιριστής\n*[[1978]] - [[Swizz Beatz]], Αμερικανός ράπερ\n*[[1979]] - [[Ιβάν Μίλκοβιτς]], Σέρβος πετοσφαιριστής\n*[[1980]] - [[Βαγγέλης Νάστος]], Έλληνας ποδοσφαιριστής\n*[[1986]] - [[Καμούι Κομπαγιάσι]], Ιάπωνας οδηγός αγώνων\n*[[1989]] - [[Τόμας Μύλερ]], Γερμανός ποδοσφαιριστής\n*[[1993]] - [[Νάιαλ Χόραν]], Ιρλανδός τραγουδιστής ([[One Direction]])\n*[[1996]] - [[Λίλι Ράινχαρτ]], Αμερικανίδα ηθοποιός\n\n== Θάνατοι ==\n*[[81]] - [[Τίτος]], Ρωμαίος αυτοκράτορας\n*[[531]] - [[Καβάδης Α΄ της Περσίας|Καβάδης Α΄]], βασιλιάς της Περσίας\n*[[1190]] - [[Χέρμαν Δ΄ του Μπάντεν|Χέρμαν Δ΄]], μάργραβος του Μπάντεν\n*[[1506]] - [[Αντρέα Μαντένια]], Ιταλός ζωγράφος\n*[[1592]] - [[Μισέλ ντε Μονταίν]], Γάλλος φιλόσοφος και συγγραφέας\n*[[1598]] - [[Φίλιππος Β΄ της Ισπανίας|Φίλιππος Β΄]], βασιλιάς της Ισπανίας\n*[[1759]] - [[Τζέημς Γουλφ]], Άγγλος στρατηγός\n*[[1872]] - [[Λούντβιχ Φόιερμπαχ]], Γερμανός φιλόσοφος\n*[[1894]] - [[Εμμανυέλ Σαμπριέ]], Γάλλος συνθέτης\n*[[1915]] - [[Στέφανος Γρανίτσας]], Έλληνας συγγραφέας και δημοσιογράφος\n*[[1949]] - [[Αύγουστος Κρογκ]], Δανός φυσιολόγος\n*[[1973]] - [[Μπέτι Φιλντ]], Αμερικανίδα ηθοποιός\n*[[1989]] - [[Ζιλ Αντριαμαχαζό]], στρατιωτικός από τη Μαδαγασκάρη\n*[[1996]] - [[Τούπακ Σακούρ]], Αμερικανός ράπερ\n*[[1997]] - [[Γιώργος Μητσιμπόνας]], Έλληνας ποδοσφαιριστής\n*[[1999]] - [[Μπέντζαμιν Μπλουμ]], Αμερικανός ψυχολόγος\n*[[2002]] - [[Ευάγγελος Δενδρινός]], Έλληνας πολιτικός\n*[[2004]] - [[Λουίς Ερνέστο Μιραμόντες]], Μεξικανός χημικός\n*[[2011]] - [[Βάλτερ Μπονάττι]], Ιταλός ορειβάτης\n*[[2013]] - [[Γιώργος Βαρλάμος]], Έλληνας ζωγράφος και καλλιτέχνης\n*[[2015]] - [[Στάνλεϊ Χόφμαν]], Γάλλος λόγιος\n*[[2017]] - [[Φρανκ Βινσέντ]], Αμερικανός ηθοποιός\n\n== Αργίες και εορτές ==\n=== [[Ορθόδοξη Εκκλησία]] ===\n{{Πύλη:Ορθοδοξία/Εορτολόγιο/13 Σεπτεμβρίου}}\n\n\n{{Μήνες}}\n\n[[Κατηγορία:Ημέρες του έτους]]"}}}]}]}}