{"batchcomplete":true,"query":{"normalized":[{"fromencoded":false,"from":"13_Μαΐου","to":"13 Μαΐου"}],"pages":[{"pageid":1848,"ns":0,"title":"13 Μαΐου","revisions":[{"slots":{"main":{"contentmodel":"wikitext","contentformat":"text/x-wiki","content":"{{Μήνες Μαΐου}}\n\n<center>[[12 Μαΐου]] | '''13 Μαΐου''' | [[14 Μαΐου]]</center>\n\n----\nΗ '''13η Μαΐου''' είναι η 133η ημέρα του έτους κατά το [[Γρηγοριανό ημερολόγιο]] (134η σε δίσεκτα έτη). Υπολείπονται 232 ημέρες.\n\n{{ΗμερολόγιοΣεΠίνακα|5}}\n\n== Γεγονότα ==\n*[[1515]] - Η [[Μαρία της Αγγλίας (1496-1533)|Μαρία Τυδώρ, βασίλισσα της Γαλλίας]], και ο Κάρολος Μπράντον, 1ος δούκας του Σάφοκ, παντρεύονται επίσημα στο Γκρίνουιτς.  \n*[[1568]] - Μάχη του Λάνγκσαϊντ: Οι δυνάμεις της [[Μαρία Α΄ της Σκωτίας|Μαρίας Α΄ της Σκωτίας]] χάνουν από συμμαχία [[Σκωτία|Σκωτσέζων]] [[Προτεσταντισμός|Προτεσταντών]] υπό τον Ιάκωβο Στιούαρτ, ετεροθαλή αδελφό της Μαρίας Α΄.  \n*[[1779]] - Η [[Αυστρία]] και το [[Βασίλειο της Πρωσίας]] υπογράφουν τη Συνθήκη του Τέσεν τερματίζοντας τον Πόλεμο της Βαυαρικής Διαδοχής. \n*[[1787]] - Ο πλοίαρχος Άρθουρ Φίλιπ αναχωρεί από το [[Πόρτσμουθ]] της [[Αγγλία]]ς με 11 πλοία γεμάτα καταδίκους (ο «Πρώτος Στόλος»), για να δημιουργήσει αποικία στην [[Αυστραλία]].\n*[[1830]] - Ο [[Ισημερινός (χώρα)|Ισημερινός]] αποκτά την ανεξαρτησία του από τη Μεγάλη Κολομβία.\n*[[1846]] - [[Αμερικανικό-Μεξικανικός πόλεμος]]: οι [[Ηνωμένες Πολιτείες Αμερικής|Ηνωμένες Πολιτείες]] κηρήσσουν πόλεμο στο [[Μεξικό]].\n*[[1865]] - [[Αμερικανικός Εμφύλιος Πόλεμος]]: μάχη του Παλμίτο Ραντς. Στο νότιο [[Τέξας]], πάνω από ένα μήνα μετά την παράδοση του [[Συνομόσπονδες Πολιτείες της Αμερικής|Συνομόσπονδου]] στρατηγού [[Ρόμπερτ Λη]], ολοκληρώνεται η τελευταία χερσαία μάχη του εμφυλίου πολέμου με νίκη των Συνομόσπονδων.\n*[[1888]] - Με την υπογραφή του «Χρυσού Νόμου» (''Lei Áurea''), η [[Βραζιλία]] καταργεί τη [[δουλεία]].\n*[[1909]] - Ξεκινά από το [[Μιλάνο]] ο πρώτος [[ποδηλατικός γύρος της Ιταλίας]]. Νικητής θα είναι ο [[Ιταλία|Ιταλός]] ποδηλάτης Λουίτζι Γκάνα.\n*[[1912]] - Ο υπολοχαγός [[Δημήτριος Καμπέρος]] πραγματοποιεί την πρώτη πτήση με στρατιωτικό αεροπλάνο στην [[Ελλάδα]].\n*[[1916]] - Ξεκινά η εισβολή του Βουλγαρικού στρατού στη Μακεδονία κατά τη διάρκεια του Α΄ Παγκοσμίου πολέμου, που είχε ως αποτέλεσμα την [[Βουλγαρική κατοχή ελληνικών εδαφών (1916-1918)]].\n*[[1917]] - Τρία παιδιά αναφέρουν ότι είδαν την [[Παναγία]] στη [[Φάτιμα]] της [[Πορτογαλία]]ς.\n*[[1940]] - [[Β΄ Παγκόσμιος Πόλεμος]]: Ξεκινά η κατάκτηση της [[Γαλλία]]ς από τους [[Ναζιστική Γερμανία|Γερμανούς]], καθώς τα γερμανικά στρατεύματα διασχίζουν τον [[Μεύσης|Μεύση]]. Ο [[Ουίνστον Τσώρτσιλ]], κατά την ομιλία του στη [[Βουλή των Κοινοτήτων του Ηνωμένου Βασιλείου]], λέει ότι δεν έχει να προσφέρει παρά «''αίμα, μόχθο, δάκρυα και ιδρώτα''».\n*[[1940]] - Η βασίλισσα [[Βιλελμίνη της Ολλανδίας]] διαφεύγει από τη χώρα της προς τη [[Μεγάλη Βρετανία]] μετά τη [[Ναζιστική Γερμανία|γερμανική]] εισβολή. Η πριγκίπισσα [[Ιουλιάνα της Ολλανδίας|Ιουλιάνα]] παίρνει τα παιδιά της στον [[Καναδάς|Καναδά]] για την ασφάλειά τους. \n*[[1941]] - [[Β΄ Παγκόσμιος Πόλεμος]]: Τα [[Ναζιστική Γερμανία|γερμανικά]] στρατεύματα εισβάλουν στη Γιουγκοσλαβία. Ο [[Βασίλειο της Γιουγκοσλαβίας|Γιουγκοσλάβος]] συνταγματάρχης [[Ντράζα Μιχαΐλοβιτς]] αρχίζει τον αγώνα του εναντίον των [[Ναζιστική Γερμανία|γερμανικών]] στρατευμάτων κατοχής, ξεκινώντας τη [[Σερβία|σερβική]] αντίσταση.\n*[[1943]] - [[Β΄ Παγκόσμιος Πόλεμος]]: τα [[Ναζιστική Γερμανία|γερμανικά]] και τα [[Βασίλειο της Ιταλίας|ιταλικά]] στρατεύματα στη [[Βόρεια Αφρική]] παραδίδονται στις [[Συμμαχικές δυνάμεις (Β΄ Παγκόσμιος Πόλεμος)|συμμαχικές δυνάμεις]].\n*[[1950]] - Διεξάγεται ο πρώτος γύρος του παγκοσμίου πρωταθλήματος της [[Φόρμουλα 1]] στο Σίλβερστοουν της [[Αγγλία]]ς.\n*[[1954]] - Κάνει πρεμιέρα στο [[Θέατρο Μπρόντγουεϊ (Νέα Υόρκη)|Θέατρο Μπρόντγουεϊ]] το ''Πικ-νικ Με Πιτζάμες'', το οποίο θα διαρκέσει για άλλες 1.063 παραστάσεις. Αργότερα έλαβε τρία [[βραβεία Tony]] για καλύτερο μιούζικαλ, καλύτερη Α΄ γυναικεία ερμηνεία σε μιούζικαλ και καλύτερη χορογραφία.\n*[[1958]] - Κρίση της 13ης Μαΐου: Μία ομάδα [[Γαλλία|Γάλλων]] στρατιωτικών ηγείται πραξικοπήματος στο [[Αλγέρι]] με αίτημα τον σχηματισμό κυβέρνησης εθνικής ενότητας με επικεφαλής τον [[Σαρλ ντε Γκωλ]] για να υπερασπιστεί τον [[Γαλλική Αλγερία|γαλλικό έλεγχο της Αλγερίας]].\n*[[1960]] - Εκατοντάδες φοιτητές του [[Πανεπιστήμιο της Καλιφόρνιας, Μπέρκλεϋ|Πανεπιστημίου της Καλιφόρνιας στο Μπέρκλεϋ]] συναθροίζονται για την πρώτη ημέρα διαμαρτυρίας κατά της επίσκεψης της [[Επιτροπή Αντιαμερικανικών Δραστηριοτήτων|Επιτροπής Αντιαμερικανικών Δραστηριοτήτων]].\n*[[1967]] - Ο [[Κωνσταντίνος Β΄ των Ελλήνων|Κωνσταντίνος]] διορίζει ως αρχιεπίσκοπο Αθηνών και πάσης Ελλάδος τον [[Αρχιεπίσκοπος Ιερώνυμος Α´|Ιερώνυμο Κοτσώνη]], καθηγητή Θεολογίας στο [[Αριστοτέλειο Πανεπιστήμιο Θεσσαλονίκης]].\n*[[1972]] - [[Σύγκρουση στη Βόρεια Ιρλανδία]]: Έκρηξη βόμβας σε αυτοκίνητο έξω από μία κατάμεστη παμπ στο [[Μπέλφαστ]] πυροδοτεί μία διήμερη μάχη μεταξύ του ΙΡΑ, της [[Εθελοντική Δύναμη του Όλστερ|Εθελοντικής Δύναμης του Όλστερ]] και του [[Μεγάλη Βρετανία|βρετανικού]] στρατού. Επτά άνθρωποι σκοτώνονται και πάνω από 66 τραυματίζονται.\n*[[1980]] - Ένας [[Κλίμακα Φουτζίτα|ανεμοστρόβιλος F3]] χτυπά το [[Μίσιγκαν]]. \n* [[1981]] - Πραγματοποιείται αποτυχημένη απόπειρα δολοφονίας εναντίον του [[Πάπας Ιωάννης Παύλος Β'|Πάπα Ιωάννη Παύλου Β΄]] στην πλατεία του Αγίου Πέτρου στο [[Βατικανό]].\n* [[1995]] - [[Σεισμός]] 6,6 βαθμών Ρίχτερ χτυπά την [[Κοζάνη]] και τα [[Γρεβενά]].\n* [[2016]] - Ίδρυση του ελληνικού κόμματος [[Νέα Δεξιά (Ελλάδα)|Νέα Δεξιά]] από τον δικηγόρο [[Φαήλος Κρανιδιώτης|Φαήλο Κρανιδιώτη]].\n== Γεννήσεις ==\n*[[1221]] - [[Αλέξανδρος Νιέφσκι]], μέγας πρίγκιπας του Νόβγκοροντ και του Βλαντίμιρ \n*[[1655]] - [[Πάπας Ιννοκέντιος ΙΓ΄]]\n*[[1717]] - [[Μαρία Θηρεσία]], αυτοκράτειρα της Αγίας Ρωμαϊκής Αυτοκρατορίας\n*[[1767]] - [[Ιωάννης ΣΤ΄ της Πορτογαλίας|Ιωάννης ΣΤ΄]], βασιλιάς της Πορτογαλίας\n*[[1792]] - [[Πάπας Πίος Θ΄]]\n*[[1822]] - [[Φραγκίσκος δε Ασίς, δούκας του Κάδιθ]]\n*[[1842]] - [[Άρθουρ Σάλιβαν]], Άγγλος συνθέτης\n*[[1849]] - [[Σπυρίδων Δεβιάζης]], Έλληνας ιστορικός\n*[[1868]] - [[Σάμνερ Πέιν]], Αμερικανός σκοπευτής\n*[[1880]] - [[Αιμίλιος Ριάδης]], Έλληνας συνθέτης\n*[[1882]] - [[Ζωρζ Μπρακ]], Γάλλος ζωγράφος\n*[[1883]] - [[Γεώργιος Παπανικολάου]], Έλληνας ιατρός\n*[[1888]] - [[Ίνγκε Λέμαν]], Δανή σεισμολόγος\n*[[1907]] - [[Δάφνη Ντι Μωριέ]], Αγγλίδα συγγραφέας\n*[[1913]] - [[Γουίλιαμ Τόλμπερτ ο νεότερος]], Λιβεριανός πολιτικός\n*[[1919]] - [[Ζιλ Αντριαμαχαζό]], στρατιωτικός και πολιτικός από τη Μαδαγασκάρη\n*[[1920]] - [[Βάσος Λυσσαρίδης]], Κύπριος πολιτικός\n*[[1922]] - [[Οτλ Άιχερ]], Γερμανός σχεδιαστής\n*[[1930]] - [[Βέρνον Σο]], πρόεδρος της Δομινίκας\n*[[1931]] - [[Τζιμ Τζόουνς]], Αμερικανός θρησκευτικός ηγέτης\n*[[1935]] - [[Φώτης Μεταξόπουλος]], Έλληνας χορευτής και χορογράφος\n*[[1937]] - [[Ρότζερ Ζελάζνυ]], Αμερικανός συγγραφέας\n*[[1938]] - [[Τζουλιάνο Αμάτο]], Ιταλός πολιτικός\n*[[1939]] - [[Χάρβεϊ Καϊτέλ]], Αμερικανός ηθοποιός\n*[[1940]] - [[Μπρους Τσάτουιν]], Άγγλος συγγραφέας\n*[[1942]] - [[Τάσος Υφάντης]], Έλληνας ηθοποιός\n*[[1947]] - [[Ίρμγκαρντ Μέλερ]], Γερμανίδα τρομοκράτης\n*[[1947]] - [[Γιώργος Πέτσος]], Έλληνας πολιτικός\n*[[1950]] - [[Στίβι Γουόντερ]], Αμερικανός τραγουδοποιός\n*[[1954]] - [[Τζόνι Λόγκαν]], Ιρλανδός τραγουδοποιός\n*[[1961]] - [[Ντένις Ρόντμαν]], Αμερικανός καλαθοσφαιριστής και ηθοποιός\n*[[1962]] - [[Εδουάρδο Παλόμο]], Μεξικανός ηθοποιός\n*[[1967]] - [[Μέλανι Θόρντον]], Αμερικανίδα τραγουδίστρια\n*[[1968]] - [[Σκοτ Μόρισον]], Αυστραλός πολιτικός\n*[[1969]] - [[Νίκος Αλιάγας]], Έλληνας τηλεπαρουσιαστής\n*[[1974]] - [[Κωστής Μαραβέγιας]], Έλληνας τραγουδιστής \n*[[1975]] - [[Ιτατί Καντοράλ]], Μεξικανή ηθοποιός\n*[[1977]] - [[Γιόβαν Μάνοβιτς]], Κροάτης καλαθοσφαιριστής\n*[[1979]] - [[Κάρολος Φίλιππος της Σουηδίας|Κάρολος Φίλιππος]], πρίγκιπας της Σουηδίας\n*[[1981]] - [[Σόλων Τσούνης]], Έλληνας ηθοποιός\n*[[1983]] - [[Γκρεγκορί Λεμαρσάλ]], Γάλλος τραγουδιστής\n*[[1983]] - [[Γιαγιά Τουρέ]], Ιβοριανός ποδοσφαιριστής\n*[[1986]] - [[Ρόμπερτ Πάτινσον]], Άγγλος ηθοποιός\n*[[1986]] - [[Αλεξάντερ Ριμπάκ]], Λευκορώσος τραγουδιστής\n*[[1987]] - [[Κάντις Κινγκ]], Αμερικανίδα ηθοποιός\n*[[1987]] - [[Χάντερ Πάρις]], Αμερικανός ηθοποιός\n*[[1993]] - [[Ρομελού Λουκάκου]], Βέλγος ποδοσφαιριστής\n*[[1993]] - [[Ντέμπι Ράιαν]], Αμερικανίδα ηθοποιός\n\n== Θάνατοι ==\n*[[34 π.Χ.]] - [[Σαλλούστιος]], Ρωμαίος ιστορικός\n*[[978]] - [[Βασιλέας Γκιεονγκσούν των Σίλλα]]\n*[[1176]] - [[Ματθαίος Α΄ της Λωρραίνης|Ματθαίος Α΄]], δούκας της Λωρραίνης\n*[[1312]] - [[Θεοβάλδος Β΄ της Λωρραίνης|Θεοβάλδος Β΄]], δούκας της Λωρραίνης\n*[[1832]] - [[Ζορζ Κυβιέ]], Γάλλος φυσιοδίφης\n*[[1878]] - [[Τζόζεφ Χένρι]], Αμερικανός φυσικός\n*[[1930]] - [[Φρίντγιοφ Νάνσεν]], Νορβηγός εξερευνητής, επιστήμονας και διπλωμάτης\n*[[1960]] - [[Αντώνιος Κεραμόπουλος]], Έλληνας ακαδημαϊκός, αρχαιολόγος και συγγραφέας\n*[[1961]] - [[Γκάρι Κούπερ]], Αμερικανός ηθοποιός\n*[[1982]] - [[Δέσποινα Αχλαδιώτη]], Ελληνίδα αγωνίστρια\n*[[1988]] - [[Τσετ Μπέικερ]], Αμερικανός τραγουδιστής και μουσικός\n*[[1989]] - [[Κώστας Καραγιώργης]], Έλληνας ηθοποιός\n*[[1991]] - [[Αμπντεραχμάν Φαρές]], Αλγερινός πολιτικός\n*[[1999]] - [[Φρόσω Κοκκόλα]], Ελληνίδα ηθοποιός και τραγουδίστρια\n*[[2006]] - [[Γιάροσλαβ Πέλικαν]], Αμερικανός ιστορικός\n*[[2009]] - [[Ακίλλε Κομπανιόνι]], Ιταλός ορειβάτης\n*[[2012]] - [[Αρσαλά Ραχμανί Νταουλάτ]], Αφγανός πολιτικός\n*[[2013]] - [[Νίκη Τριανταφυλλίδη]], Ελληνίδα ηθοποιός και σκηνοθέτης\n\n== Αργίες και εορτές ==\n=== [[Ορθόδοξη Εκκλησία]] ===\n{{Πύλη:Ορθοδοξία/Εορτολόγιο/13 Μαΐου}}\n\n{{Μήνες}}\n\n[[Κατηγορία:Ημέρες του έτους]]"}}}]}]}}