{"batchcomplete":true,"query":{"normalized":[{"fromencoded":false,"from":"14_Αυγούστου","to":"14 Αυγούστου"}],"pages":[{"pageid":3012,"ns":0,"title":"14 Αυγούστου","revisions":[{"slots":{"main":{"contentmodel":"wikitext","contentformat":"text/x-wiki","content":"{{Μήνες Αυγούστου}}\n\n<center>[[13 Αυγούστου]] | '''14 Αυγούστου''' | [[15 Αυγούστου]]</center>\n\n----\n{{ΗμερολόγιοΣεΠίνακα|8}}\nΗ '''14η Αυγούστου''' είναι η 226η ημέρα του έτους κατά το [[Γρηγοριανό ημερολόγιο]] (227η σε δίσεκτα έτη). Υπολείπονται 139 ημέρες.\n\n== Γεγονότα ==\n*[[1040]] - Ο βασιλιάς [[Ντάνκαν Α΄ της Σκωτίας]] σκοτώνεται σε μάχη εναντίον του ξαδέλφου και αντιπάλου του, [[Μάκβεθ της Σκωτίας|Μάκβεθ]]. Ο τελευταίος τον διαδέχεται ως [[Κατάλογος μοναρχών της Σκωτίας|βασιλιάς της Σκωτίας]].\n*[[1288]] - Ο κόμης Αδόλφος Η΄ του Μπεργκ παρέχει προνόμια πόλης στο [[Ντίσελντορφ]], χωριό στις όχθες του [[Ντίσελ]].\n*[[1370]] - Ο [[Κάρολος Δ΄ της Αγίας Ρωμαϊκής Αυτοκρατορίας]] παρέχει προνόμια πόλης στο [[Κάρλοβι Βάρι]].\n*[[1385]] - Πορτογαλική Κρίση του 1383-1385: οι [[Πορτογαλία|πορτογαλικές]] δυνάμεις υπό τις διαταγές του βασιλιά [[Ιωάννης Α΄ της Πορτογαλίας|Ιωάννη Α΄ της Πορτογαλίας]] νικούν τον καστιλιάνικο στρατό στη μάχη της Αλζουμπαρότα.\n*[[1816]] - Το [[Ηνωμένο Βασίλειο]] προσαρτά επίσημα το αρχιπέλαγος [[Τριστάν ντα Κούνια]].\n*[[1888]] - Κατά τη διάρκεια συνέντευξης Τύπου στο [[Λονδίνο]], παρουσιάζεται ο [[φωνογράφος]] του [[Τόμας Έντισον]] παίζοντας μία [[ηχογράφηση]] του \"The Lost Chord\" του [[Αγγλία|Άγγλου]] συνθέτη [[Άρθουρ Σάλιβαν]].\n*[[1900]] - Η Συμμαχία των Οχτώ Χωρών καταλαμβάνει το [[Πεκίνο]], σε μία εκστρατεία για τον τερματισμό της [[Εξέγερση των Μπόξερ|Εξέγερσης των Μπόξερς]] στην [[Κίνα]].\n*[[1912]] - [[Η.Π.Α.|Αμερικανοί]] πεζοναύτες εισβάλλουν στη [[Νικαράγουα]] για να υποστηρίξουν την υποστηριζόμενη από τις Η.Π.Α. κυβέρνηση.\n* [[1921]] - Ο Ντε Βαλέρα απορρίπτει το καθεστώς της Κοινοπολιτείας για την Ιρλανδία.\n* [[1922]] - [[Μικρασιατική Εκστρατεία]]: Η Στρατιά Μικράς Ασίας αρχίζει γενική σύμπτυξη.\n* [[1932]] - Ολοκληρώνονται οι 10οι [[Ολυμπιακοί Αγώνες]] στο Λος Άντζελες, η διεξαγωγή των οποίων απειλήθηκε από το κραχ του 1929 στην Γουόλ Στρίτ <ref name=\"Κραχ 1929: Ανήκει στο παρελθόν;\">[http://www.tovima.gr/society/article/?aid=248315], {{τεκμηρίωση|εφημερίδα=ΤΟ ΒΗΜΑ|τίτλος=Κραχ 1929: Ανήκει στο παρελθόν;|ημέρα=Κυριακή|ημερομηνία=28 Δεκεμβρίου|έτος=2008|ώρα=07:11|url=http://www.tovima.gr/society/article/?aid=248315}}</ref> και οι οποίοι συμπυκνώθηκαν σε 16 ημέρες (30/7-14/8). Καταγράφονται οι υψηλές παροχές στον Τύπο, αλλά η περιορισμένη συμμετοχή (1.331 αθλητές και 127 αθλήτριες από 37 χώρες) λόγω απόστασης. Ακόμη, καταγράφονται η αυτόματη χρονομέτρηση και η απονομή μεταλλίων μέσα στο στάδιο.\n* [[1935]] - Στις ΗΠΑ, ο πρόεδρος Ρούσβελτ υπέγραψε το νόμο περί καθιέρωσης Κοινωνικών Ασφαλίσεων, εκπληρώνοντας την προεκλογική υπόσχεση που είχε δώσει το 1932.\n* [[1936]] - Οι ΗΠΑ ανακηρύσσονται νικήτριες της πρώτης διοργάνωσης μπάσκετ σε Ολυμπιακούς Αγώνες στο Βερολίνο, όταν κερδίζουν τον Καναδά με 19-8.\n* [[1941]] - Ο Πρόεδρος των [[ΗΠΑ]] [[Φραγκλίνος Ρούζβελτ|Ρούζβελτ]] και ο Άγγλος Πρωθυπουργός [[Τσώρτσιλ]] εξαγγέλλουν την [[Χάρτα του Ατλαντικού]].\n* [[1943]] - Αρχίζει η συνδιάσκεψη του Κεμπέκ στον Καναδά, κατά την οποία ο Φραγκλίνος Ρούσβελτ και ο Ουίνστον Τσόρτσιλ θα αποφασίσουν τη συνέχιση του πολέμου ενάντια στην Ιαπωνία και τη Γερμανία.\n* [[1944]] - [[Β΄ Παγκόσμιος Πόλεμος]] - [[Ελλάδα]]: Οι Γερμανοί πυρπολούν το Πλατύστομο Φθιώτιδος.\n* [[1945]] - Η [[Ιαπωνία]] αποδέχεται την «άνευ όρων» συνθηκολόγηση. Ο Αυτοκράτορας [[Χιροχίτο]] αναγγέλλει, την επομένη, την απόφαση αυτή από ραδιοφώνου προς τον Ιαπωνικό λαό.\n* [[1945]] - Στη Γαλλία, μετά από μια δίκη που κράτησε πολλές βδομάδες, στρατοδικείο καταδικάζει σε θάνατο τον στρατηγό [[Φιλίπ Πεταίν]], αρχηγό της [[Κυβέρνηση του Βισύ|κυβέρνησης του Βισύ]]. Λίγες μέρες αργότερα, στις 17 Αυγούστου, ο Πρόεδρος [[Σαρλ ντε Γκωλ|Ντε Γκωλ]] του δίνει χάρη και μετατρέπει την ποινή του σε ισόβια.\n* [[1947]] - Ακριβώς τα μεσάνυχτα το [[Πακιστάν]] και η [[Ινδία]] αποκτούν την ανεξαρτησία τους από τη Βρετανία. Το Πακιστάν τιμά την επέτειο στις 14 Αυγούστου, ενώ η Ινδία στις 15 Αυγούστου.\n* [[1949]] - Στη [[Συρία]] ο πρόεδρος Χουσνί Ζαγίμ και ο πρωθυπουργός Μοχσέν ελ Μπαράλι δολοφονούνται κατά την απόπειρα στρατιωτικού πραξικοπήματος.\n* [[1952]] - Στην [[Ουγγαρία]] ο [[Ματίας Ρακόσι]] γίνεται πρωθυπουργός.\n*\n* [[1969]] - Βρετανικά στρατεύματα αναπτύσσονται στη Βόρεια [[Ιρλανδία]].\n* [[1971]] - Το [[Μπαχρέιν]] ανακοινώνει την ανεξαρτησία του από τη Βρετανία.\n* [[1972]] - Σοβιετικό αεροσκάφος εξερράγη λίγο μετά την απογείωσή του από το αεροδρόμιο του Ανατολικού [[Βερολίνο]]υ. Σκοτώνονται και οι 156 επιβαίνοντες.\n* [[1973]] - Οι ΗΠΑ δηλώνουν επισήμως ότι τερματίζουν τους βομβαρδισμούς στην [[Καμπότζη]]. Οι επιχειρήσεις είχαν ξεκινήσει μυστικά το [[1969]] κατόπιν εντολής του Προέδρου Νίξον με στόχο την αποδυνάμωση των κομμουνιστικών δυνάμεων. Το μόνο που κατάφεραν ήταν να πυροδοτήσουν ένα βίαιο εμφύλιο.\n* [[1974]] - Αρχίζει η δεύτερη στρατιωτική επέμβαση (Αττίλας ΙΙ) της [[Τουρκία]]ς στην [[Κύπρος|Κύπρο]] με την προέλαση στρατευμάτων της, χωρίς ουσιαστική παρουσία αντιμαχομένων δυνάμεων.\n* [[1980]] - Ο Πρόεδρος Κάρτερ παίρνει ξανά το χρίσμα του Δημοκρατικού Κόμματος, μετά την αποχώρηση του κυριότερου αντιπάλου του, του Γερουσιαστή της Μασαχουσέτης, [[Τεντ Κένεντι|Έντουαρντ Κένεντι]].\n* [[1991]] - [[ΗΠΑ]], [[Καναδάς]] και [[Μεξικό]] υπογράφουν συμφωνία για την από κοινού αντιμετώπιση της επιδημίας [[χολέρα]]ς, που είχε πλήξει τη Λατινική Αμερική.\n* [[1992]] - Στη [[Βουλγαρία]], ολοκληρώνει την απολογία του ο πρώην ηγέτης [[Τόντορ Ζίβκοβ]], που κατηγορούνταν για υπεξαίρεση εξουσίας και κατάχρηση χρημάτων.\n* [[1992]] - Το [[Συμβούλιο Ασφαλείας]] του ΟΗΕ εγκρίνει τη χρησιμοποίηση στρατιωτικών δυνάμεων στη [[Βοσνία]] για τη διασφάλιση των αποστολών ανθρωπιστικής βοήθειας.\n* [[1994]] - Συλλαμβάνεται στο [[Σουδάν]] ο περιβόητος διεθνής τρομοκράτης [[Κάρλος το Τσακάλι]], κατά κόσμον Ίλιτς Ραμίρες Σάντσες. Την ίδια ημέρα εκδίδεται στη Γαλλία.\n* [[2003]] - Περίπου 50 εκατομμύρια άνθρωποι στις ανατολικές ΗΠΑ και τον Καναδά βυθίζονται για πολλές ώρες στο σκοτάδι σε ένα από τα μεγαλύτερα [[μπλακ-άουτ]] στην ιστορία. Χιλιάδες άνθρωποι παγιδεύονται στο μετρό και σε ανελκυστήρες, ενώ κυκλοφοριακό κομφούζιο επικρατεί στους δρόμους. Λίγες μέρες αργότερα, στις 28 Αυγούστου, οι κάτοικοι του [[Λονδίνο]]υ ζουν ανάλογες εικόνες. Το ενδεχόμενο τρομοκρατικής επίθεσης αποκλείσθηκε, καθώς οι διακοπές ρεύματος οφείλονταν σε βλάβη του δικτύου ηλεκτροδότησης.\n*   2003   - Περίπου 50 τραυματίες και πολλές υλικές ζημιές, είναι ο απολογισμός της σεισμικής δόνησης μεγέθους 6,4 Ρίχτερ, που συγκλονίζει τη [[Λευκάδα]].\n* [[2005]] - Αεροσκάφος τύπου [[Boeing 737|Boeing 737-300]] της κυπριακής εταιρείας ''[[Helios Airways]]'' προερχόμενο από [[Λάρνακα]] [[Πτώση της πτήσης 522 των Αερογραμμών Helios|συντρίβεται σε ακατοίκητη περιοχή]] στο [[Γραμματικό Αττικής]], παρασύροντας στο θάνατο 121 επιβαίνοντες.\n\n== Γεννήσεις ==\n*[[1337]] - [[Ροβέρτος Γ΄ της Σκωτίας|Ροβέρτος Γ΄]], βασιλιάς της Σκωτίας\n*[[1642]] - [[Κόζιμο Γ΄ των Μεδίκων]], μέγας δούκας της Τοσκάνης\n*[[1688]] - [[Φρειδερίκος Γουλιέλμος Α΄ της Πρωσίας|Φρειδερίκος Γουλιέλμος Α΄]], βασιλιάς της Πρωσίας\n*[[1720]] - [[Φρειδερίκος Β΄ της Έσσης-Κάσσελ|Φρειδερίκος Β΄]], λάντγκραβος της Έσσης-Κάσσελ\n*[[1727]] - [[Λουίζα Ελισάβετ της Γαλλίας]], δούκισσα της Πάρμας\n*[[1742]] - [[Πάπας Πίος Ζ΄]]\n*[[1777]] - [[Χανς Κρίστιαν Έρστεντ]], Δανός φυσικός\n*[[1840]] - [[Μπριτόν Ριβιέρ]], Άγγλος ζωγράφος\n*[[1851]] - [[Γιαννούλης Χαλεπάς]], Έλληνας γλύπτης\n*[[1860]] - [[Έρνεστ Τόμπσον Σέτον]], Άγγλος συγγραφέας\n*[[1867]] - [[Τζον Γκάλσγουορθυ]], Άγγλος συγγραφέας\n*[[1876]] - [[Αλέξανδρος Α΄ της Σερβίας|Αλέξανδρος Α΄]], βασιλιάς της Σερβίας\n*[[1879]] - [[Γεώργιος Κονδύλης]], Έλληνας στρατιωτικός και πολιτικός\n*[[1887]] - [[Νίκος Κιτσίκης]], Έλληνας πολιτικός\n*[[1888]] - [[Τζον Λόγκι Μπερντ]], Σκωτσέζος εφευρέτης\n*[[1908]] - [[Μάνος Κατράκης]], Έλληνας ηθοποιός\n*[[1915]] - [[Φίλων Αρίας]], Έλληνας στιχουργός\n*[[1923]] - [[Διόδωρος Α΄ Ιεροσολύμων|Διόδωρος Α΄]], Πατριάρχης Ιεροσολύμων\n*[[1926]] - [[Ρενέ Γκοσινί]], Γάλλος συγγραφέας κόμικς\n*[[1928]] - [[Λίνα Βερτμίλερ]], Ιταλίδα σκηνοθέτης και σεναριογράφος\n*[[1940]] - [[Κώστας Καφάσης]], Έλληνας τραγουδιστής\n*[[1945]] - [[Βιμ Βέντερς]], Γερμανός σκηνοθέτης\n*[[1949]] - [[Μπομπ Μπάκλουντ]], Αμερικανός παλαιστής\n*[[1952]] - [[Ντέμπι Μέγιερ]], Αμερικανίδα κολυμβήτρια\n*[[1959]] - [[Μάτζικ Τζόνσον]], Αμερικανός καλαθοσφαιριστής\n*[[1959]] - [[Μάρσα Γκέι Χάρντεν]], Αμερικανίδα ηθοποιός\n*[[1960]] - [[Σάρα Μπράιτμαν]], Αγγλίδα υψίφωνος, τραγουδοποιός και ηθοποιός\n*[[1962]] - [[Ικιλιλού Ντοϊνέν]], πολιτικός των Κομορών νήσων\n*[[1963]] - [[Εμμανουέλ Μπεάρ]], Γαλλίδα ηθοποιός\n*[[1966]] - [[Χάλι Μπέρι]], Αμερικανίδα ηθοποιός και μοντέλο\n*[[1972]] - [[Λοράν Λαμότ]], πρωθυπουργός της Αϊτής\n*[[1973]] - [[Κίερεν Πέρκινς]], Αυστραλός κολυμβητής\n*[[1978]] - [[Τάσος Κυριάκος]], Έλληνας ποδοσφαιριστής\n*[[1979]] - [[Ζερεμί Μπρεσέ]], Γάλλος ποδοσφαιριστής\n*[[1981]] - [[Κόφι Κίνγκστον]], Γκανέζος παλαιστής\n*[[1983]] - [[Μίλα Κούνις]], Ουκρανή ηθοποιός\n*[[1988]] - [[Λιούμπομιρ Φέισα]], Σέρβος ποδοσφαιριστής\n\n== Θάνατοι ==\n*[[582]] - [[Τιβέριος Β´]], Βυζαντινός αυτοκράτορας\n*[[1040]] - [[Ντάνκαν Α΄ της Σκωτίας|Ντάνκαν Α΄]], βασιλιάς της Σκωτίας\n*[[1433]] - [[Ιωάννης Α΄ της Πορτογαλίας|Ιωάννης Α΄]], βασιλιάς της Πορτογαλίας\n*[[1464]] - [[Πάπας Πίος Β΄]]\n*[[1754]] - [[Μαρία Άννα της Αυστρίας|Μαρία Άννα]], αρχιδούκισσα της Αυστρίας και βασίλισσα της Πορτογαλίας\n*[[1931]] - [[Δαμιανός Α΄ Ιεροσολύμων]], Πατριάρχης Ιεροσολύμων\n*[[1933]] - [[Χασάν Πρίστινα]], Αλβανός πολιτικός\n*[[1953]] - [[Στέφανος Πρόκος]], Έλληνας στρατιωτικός\n*[[1954]] - [[Νίκος Πλουμπίδης]], Έλληνας πολιτικός αγωνιστής\n*[[1956]] - [[Μπέρτολτ Μπρεχτ]], Γερμανός συγγραφέας\n*[[1956]] - [[Κόνσταντιν φον Νόιρατ]], Γερμανός διπλωμάτης\n*[[1961]] - [[Κωνσταντίνος Καλκάνης]], Έλληνας πολιτικός\n*[[1972]] - [[Νίκος Φέρμας]], Έλληνας ηθοποιός\n*[[1985]] - [[Γκέιλ Σόντεργκααρντ]], Αμερικανίδα ηθοποιός\n*[[1988]] - [[Ρόυ Μπιουκάναν]], Αμερικανός κιθαρίστας\n*[[1988]] - [[Έντσο Φερράρι]], Ιταλός οδηγός αγώνων και κατασκευαστής αυτοκινήτων\n*[[1989]] - [[Τάσος Υφάντης]], Έλληνας ηθοποιός\n*[[1994]] - [[Ελίας Κανέττι]], Βούλγαρος συγγραφέας\n*[[1996]] - [[Σολωμός Σολωμού|Σολομών Σολωμού]], Κύπριος ακτιβιστής\n*[[1996]] - [[Καμίλα Χορν]], Γερμανίδα χορεύτρια και ηθοποιός\n*[[2001]] - [[Δωρόθεος Στέκας]], Έλληνας μητροπολίτης\n*[[2004]] - [[Τσέσλαφ Μίλος]], Πολωνός συγγραφέας\n*[[2006]] - [[Μπρούνο Κίρμπι]], Αμερικανός ηθοποιός\n*[[2006]] - [[Τζόνι Ντάνκαν]], Αμερικανός τραγουδιστής\n*[[2010]] - [[Ράλλης Κοψίδης]], Έλληνας καλλιτέχνης και συγγραφέας\n*[[2010]] - [[Άμπεϊ Λίνκολν]], Αμερικανίδα τραγουδίστρια\n*[[2016]] - [[Αμπούντ Τζούμπε]], πρόεδρος της Ζανζιβάρης\n\n== Αργίες και εορτές ==\n=== [[Ορθόδοξη Εκκλησία]] ===\n{{Πύλη:Ορθοδοξία/Εορτολόγιο/14 Αυγούστου}}\n\n== Παραπομπές ==\n<references />\n\n{{Μήνες}}\n\n[[Κατηγορία:Ημέρες του έτους]]"}}}]}]}}