{"batchcomplete":true,"query":{"normalized":[{"fromencoded":false,"from":"14_Οκτωβρίου","to":"14 Οκτωβρίου"}],"pages":[{"pageid":3357,"ns":0,"title":"14 Οκτωβρίου","revisions":[{"slots":{"main":{"contentmodel":"wikitext","contentformat":"text/x-wiki","content":"{{Μήνες Οκτωβρίου}}\n\n<center>[[13 Οκτωβρίου]] | '''14 Οκτωβρίου''' | [[15 Οκτωβρίου]]</center>\n\n----\n{{ΗμερολόγιοΣεΠίνακα|10}}\nΗ '''14η Οκτωβρίου''' είναι η 287η ημέρα του έτους κατά το [[Γρηγοριανό ημερολόγιο]] (288η σε δίσεκτα έτη). Υπολείπονται 78 ημέρες.\n\n== Γεγονότα ==\n*[[1066]] - [[Νορμανδοί|Νορμανδική]] κατάκτηση της [[Αγγλία|Αγγλίας]]: [[Μάχη του Χέιστινγκς]]. Στο Σένλακ Χιλ της Αγγλίας, έντεκα χιλιόμετρα έξω από το Χέιστινγκς, οι νορμανδικές δυνάμεις του [[Γουλιέλμος Α΄ της Αγγλίας|Γουλιέλμου του Κατακτητή]] νικούν τον [[Αγγλοσάξονες|αγγλικό]] στρατό και σκοτώνουν τον βασιλιά [[Χάρολντ Β΄ της Αγγλίας]].\n*[[1582]] - Λόγω της εφαρμογής του [[Γρηγοριανό ημερολόγιο|Γρηγοριανού ημερολογίου]], αυτή η ημέρα δεν υπάρχει στην [[Ιταλία]], την [[Πολωνία]], την [[Πορτογαλία]] και την [[Ισπανία]].\n*[[1586]] - Η βασίλισσα [[Μαρία Α΄ της Σκωτίας]] δικάζεται για συνωμοσία εναντίον της [[Ελισάβετ Α΄ της Αγγλίας]].\n* [[1806]] - Μάχη της [[Ιένα]]ς: Ο Αυτοκράτορας [[Ναπολέων Α΄ Βοναπάρτης]] νικά τον [[Πρωσία|πρωσικό]] στρατό.\n* [[1912]] - [[Α΄ Βαλκανικός Πόλεμος]]: Ο Ελληνικός Στρατός διανοίγει μετά από αγώνα τις διαβάσεις του Βερμίου στον άξονα Κοζάνη-Βέροια.\n* [[1914]] - Ο Ελληνικός Στρατός ανακαταλαμβάνει τη Βόρεια Ήπειρο.\n* [[1915]] - Η [[Βουλγαρία]] κηρύσσει τον πόλεμο κατά της [[Σερβία]]ς ([[Α΄ Παγκόσμιος Πόλεμος]]).\n* [[1933]] - Ο Αδόλφος Χίτλερ ανακοινώνει την αποχώρηση της [[Ναζιστική Γερμανία|Γερμανίας]] από την [[Κοινωνία των Εθνών]].\n* [[1944]] - Αποβιβάζονται στον Πειραιά τα πρώτα τμήματα του Ελληνικού Στρατού Μέσης Ανατολής με πρώτο τον Ιερό Λόχο\n*[[1960]] - Η [[Ελλάδα|ελληνική]] κυβέρνηση αποφασίζει να καθιερωθούν στο [[ποδόσφαιρο]] ο ημιεπαγγελματισμός και οι ελεύθερες μεταγραφές, από την περίοδο [[1961]]-[[1962]].\n*[[1964]] - Το [[Βραβείο Νόμπελ Ειρήνης]] απονέμεται στον [[Μάρτιν Λούθερ Κινγκ]] για τους αγώνες του κατά της φυλετικής ανισότητας χωρίς τη χρήση βίας.\n*[[1965]] - Ο λοχαγός Οικονόμου προφυλακίζεται για την [[υπόθεση ΑΣΠΙΔΑ]].\n\n== Γεννήσεις ==\n*[[1006]] - [[Γοδεφρείδος Β΄ του Ανζού|Γοδεφρείδος Β΄]], κόμης του Ανζού\n*[[1257]] - [[Πσέμισλ Β΄]], βασιλιάς της Πολωνίας\n*[[1404]] - [[Μαρία του Ανζού]], βασίλισσα της Γαλλίας\n*[[1784]] - [[Φερδινάνδος Ζ΄ της Ισπανίας|Φερδινάνδος Ζ΄]], βασιλιάς της Ισπανίας\n*[[1852]] - [[Δημήτριος Καμπούρογλου]], Έλληνας συγγραφέας\n*[[1871]] - [[Αλεξάντερ φον Τσεμλίνσκυ]], Αυστριακός συνθέτης και διευθυντής ορχήστρας\n*[[1873]] - [[Ζυλ Ριμέ]], Γάλλος ποδοσφαιρικός παράγοντας\n*[[1888]] - [[Κάθριν Μάνσφιλντ]], Νεοζηλανδή συγγραφέας\n*[[1890]] - [[Ντουάιτ Αϊζενχάουερ]], Αμερικανός στρατηγός και 34ος πρόεδρος των Η.Π.Α.\n*[[1893]] - [[Λίλιαν Γκις]], Αμερικανίδα ηθοποιός\n*[[1894]] - [[Ε.Ε. Κάμινγκς]], Αμερικανός ποιητής\n*[[1906]] - [[Χασάν αλ-Μπάννα]], Αιγύπτιος θρησκευτικός ηγέτης\n*[[1906]] - [[Χάνα Άρεντ]], Γερμανίδα φιλόσοφος\n*[[1927]] - [[Ρότζερ Μουρ]], Άγγλος ηθοποιός\n*[[1930]] - [[Μομπούτου Σέσε Σέκο]], πρόεδρος του Ζαΐρ\n*[[1931]] - [[Ντούσκο Γκόικοβιτς]], Σέρβος τρομπετίστας και συνθέτης\n*[[1939]] - [[Λιτόκουα Τομέινγκ]], πρόεδρος των νήσων Μάρσαλ\n*[[1940]] - [[Τάκης Φωτόπουλος]], Έλληνας φιλόσοφος και συγγραφέας\n*[[1942]] - [[Πέτερ Νάντας]], Ούγγρος συγγραφέας\n*[[1944]] - [[Σερίφ Γκιορέν]], Τούρκος σκηνοθέτης\n*[[1946]] - [[Φρανσουά Μποζιζέ]], πρόεδρος της Κεντροαφρικανικής Δημοκρατίας\n*[[1947]] - [[Νικολάι Βολκόφ]], Κροάτης παλαιστής\n*[[1954]] - [[Μορντεχάι Βανούνου]], Ισραηλινός πυρηνικός τεχνικός\n*[[1959]] - [[Α. Τζ. Πέρο]], Αμερικανός ντράμερ ([[Twisted Sister]])\n*[[1967]] - [[Σαβάννα Σάμσον]], Αμερικανίδα πορνογραφική ηθοποιός\n*[[1970]] - [[Παρ Ζέτερμπεργκ]], Σουηδός ποδοσφαιριστής\n*[[1970]] - [[Ρένος Χαραλαμπίδης]], Έλληνας ηθοποιός\n*[[1971]] - [[Γίρκι Κατάινεν]], Φινλανδός πολιτικός\n*[[1980]] - [[Μπεν Γουίσοου]], Άγγλος ηθοποιός\n*[[1980]] - [[Τζανσού Ντερέ]], Τουρκάλα ηθοποιός και μοντέλο\n*[[1981]] - [[Ρουσλάν Αλεχνό]], Λευκορώσος τραγουδιστής\n*[[1986]] - [[Άρτεμη Θεριάκη]], Ελληνίδα αρσιβαρίστρια\n*[[1986]] - [[Ιβέτα Μουκουτσιάν]], Αρμένια τραγουδίστρια, μοντέλο και ηθοποιός\n*[[1988]] - [[Αργύρης Πανταζάρας]], Έλληνας ηθοποιός\n\n== Θάνατοι ==\n*[[1066]] - [[Χάρολντ Β΄ της Αγγλίας|Χάρολντ Β΄]], βασιλιάς της Αγγλίας\n*[[1077]] - [[Ανδρόνικος Δούκας (εξάδελφος Μιχαήλ Ζ΄)|Ανδρόνικος Δούκας]], Βυζαντινός πρωτοβεστιάριος\n*[[1092]] - [[Νιζάμ αλ-Μουλκ]], Πέρσης λόγιος και πολιτικός\n*[[1103]] - [[Ουμβέρτος Β΄ της Σαβοΐας|Ουμβέρτος Β΄]], κόμης της Σαβοΐας\n*[[1416]] - [[Ερρίκος Α΄ του Βολφενμπύτελ]], δούκας του Μπράουνσβαϊγκ-Λύνεμπουργκ\n*[[1568]] - [[Ζακ Αρκαντέλτ]], Φλαμανδός συνθέτης\n*[[1628]] - [[Ιάκωβος Πάλμα (νεότερος)]], Ιταλός ζωγράφος\n*[[1632]] - [[Φραγκίσκος Β΄ της Λωρραίνης|Φραγκίσκος Β΄]], δούκας της Λωρραίνης\n*[[1696]] - [[Πατριάρχης Διονύσιος Γ΄|Διονύσιος Γ΄]], Πατριάρχης Κωνσταντινουπόλεως\n*[[1817]] - [[Θεόδωρος Ουσάκωφ]], Ρώσος ναύαρχος\n*[[1831]] - [[Ζαν-Λουί Πονς]], Γάλλος αστρονόμος\n*[[1884]] - [[Φρειδερίκος Γουλιέλμος Β΄ της Έσσης|Φρειδερίκος Γουλιέλμος Β΄]], πρίγκιπας της Έσσης\n*[[1913]] - [[Ευάγγελος Παντόπουλος]], Έλληνας ηθοποιός\n*[[1944]] - [[Έρβιν Ρόμελ]], Γερμανός στρατάρχης\n*[[1959]] - [[Έρολ Φλιν]], Αυστραλός ηθοποιός\n*[[1967]] - [[Μαρσέλ Αιμέ]], Γάλλος συγγραφέας\n*[[1977]] - [[Μπινγκ Κρόσμπι]], Αμερικανός τραγουδιστής και ηθοποιός\n*[[1984]] - [[Μάρτιν Ράιλ]], Άγγλος ραδιοαστρονόμος\n*[[1990]] - [[Λέοναρντ Μπερνστάιν]], Αμερικανός συνθέτης\n*[[1995]] - [[Ελένη Βλάχου]], Ελληνίδα δημοσιογράφος\n*[[1999]] - [[Μάκης Δεμίρης]], Έλληνας ηθοποιός\n*[[2003]] - [[Μοκτάρ Ουλντ Ντάντα]], Μαυριτανός πολιτικός\n*[[2004]] - [[Βλάσσης Μπονάτσος]], Έλληνας τραγουδιστής και ηθοποιός\n*[[2009]] - [[Λου Άλμπανο]], Ιταλός παλαιστής\n*[[2010]] - [[Μπενουά Μάντελμπροτ]], Πολωνός μαθηματικός\n*[[2012]] - [[Αικατερίνη Χριστοφιλοπούλου]], Ελληνίδα βυζαντινολόγος\n*[[2014]] - [[Λέοναρντ Λίτζιο]], Αμερικανός συγγραφέας\n*[[2015]] - [[Ματιέ Κερεκού]], πρόεδρος του Μπενίν\n*[[2019]] - [[Σουλλι]], K-pop idol από τις F(x)\n*2021 - [[Λι Γουάν Κου]], πολιτικός της Νότιας Κορέας\n*2022 - [[Αλέξανδρος Νικολαΐδης]], Έλληνας αθλητής\n\n== Αργίες και εορτές ==\n\n* Παγκόσμια Ημέρα Προτύπων\n\n=== [[Ορθόδοξη Εκκλησία]] ===\n{{Πύλη:Ορθοδοξία/Εορτολόγιο/14 Οκτωβρίου}}\n\n{{Μήνες}}\n\n[[Κατηγορία:Ημέρες του έτους]]"}}}]}]}}