{"batchcomplete":true,"query":{"normalized":[{"fromencoded":false,"from":"14_Ιουνίου","to":"14 Ιουνίου"}],"pages":[{"pageid":1939,"ns":0,"title":"14 Ιουνίου","revisions":[{"slots":{"main":{"contentmodel":"wikitext","contentformat":"text/x-wiki","content":"{{Μήνες Ιουνίου}}\n\n<center>[[13 Ιουνίου]] | '''14 Ιουνίου''' | [[15 Ιουνίου]]</center>\n\n----\nΗ '''14η Ιουνίου''' είναι η 165η ημέρα του έτους κατά το [[Γρηγοριανό ημερολόγιο]] (166η σε δίσεκτα έτη).  Υπολείπονται 200 ημέρες.\n\n{|width=100%\n| __TOC__\n| {{ΗμερολόγιοΣεΠίνακα|6}}\n|}\n\n== Γεγονότα ==\n*[[1158]] - Ο [[Ερρίκος ο Λέων]] ιδρύει το [[Μόναχο]] στις όχθες του ποταμού Ίζαρ.\n*[[1216]] - Πρώτος Πόλεμος των Βαρόνων: Ο πρίγκιπας [[Λουδοβίκος Η΄ της Γαλλίας|Λουδοβίκος της Γαλλίας]] καταλαμβάνει το Γουίντσεστερ και σύντομα κατακτά πάνω από το ήμισυ του [[Βασίλειο της Αγγλίας|Βασιλείου της Αγγλίας]]. \n*[[1381]] - Ο [[Ριχάρδος Β΄ της Αγγλίας]] συναντά τους ηγέτες της [[Εξέγερση των Χωρικών|Εξέγερσης των Χωρικών]]. Ο [[Πύργος του Λονδίνου]] κατακλύζεται από επαναστάτες που εισέρχονται χωρίς αντίσταση. \n*[[1645]] – [[Αγγλικός εμφύλιος πόλεμος]]: Στη μάχη του Νάσμπυ, 15.000 Κοινοβουλευτικοί στρατιώτες νικούν τους 12.000 στρατιώτες των δυνάμεων των Βασιλοφρόνων. \n*[[1777]] – Το [[Κογκρέσο των Ηνωμένων Πολιτειών|Αμερικανικό Κογκρέσο]] υιοθετεί τη σημαία με τα 13 αστέρια και τις 13 ρίγες ως τη [[σημαία]] των [[Η.Π.Α.]]\n*[[1789]] – [[Ανταρσία του Μπάουντι]]: ο [[Ηνωμένο Βασίλειο|Βρετανός]] πλοίαρχος Γουίλιαμ Μπλάι μαζί με άλλους 18 άνδρες, που εκδιώχθηκαν από το πλοίο «Μπάουντι» μετά την ανταρσία, φτάνουν στο [[Τιμόρ]], έχοντας διανύσει 4.000 μίλια με μια μικρή ανοιχτή βάρκα. \n*[[1822]] – Ο [[Τσαρλς Μπάμπατζ]] προτείνει μία [[διαφορική μηχανή]] σε ένα έγγραφο προς τη [[Βασιλική Αστρονομική Εταιρεία]]. \n* [[1940]] – [[Β΄ Παγκόσμιος Πόλεμος]]: Ο Γερμανικός στρατός καταλαμβάνει το [[Παρίσι]].\n*[[1962]] - Ιδρύεται στο [[Παρίσι]] ο Ευρωπαϊκός Οργανισμός Διαστημικών Ερευνών, που αργότερα έγινε ο [[Ευρωπαϊκός Οργανισμός Διαστήματος]].  \n* [[1966]] – Το [[Βατικανό]] ανακοινώνει την απόσυρση του ''index librorum prohibitum'' (κατάλογος απαγορευμένων βιβλίων), που είχε εφαρμόσει από το [[1557]].\n* [[1967]] – Η [[Κίνα]] δοκιμάζει την πρώτη της [[βόμβα υδρογόνου]].\n* [[1982]] – Τέλος του [[Πόλεμος των Φώκλαντς|Πολέμου των Φώκλαντς]]. Οι [[Αργεντινή|Αργεντινές]] δυνάμεις στο [[Πορτ Στάνλεϋ]] παραδίνονται άνευ όρων στους [[Ηνωμένο Βασίλειο|Βρετανούς]].\n* [[1987]] – Η [[Εθνική Ελλάδας (καλαθοσφαίριση ανδρών)|Εθνική Ελλάδος]] κατακτά το [[Ευρωμπάσκετ 1987|Ευρωπαϊκό πρωτάθλημα καλαθοσφαίρισης]] κερδίζοντας στον τελικό τη [[Εθνική Σοβιετικής Ένωσης (καλαθοσφαίριση ανδρών)|Σοβιετική Ένωση]] με 103-101.\n*[[2018]] - Έναρξη του μουντιάλ 2018 με τον αγώνα Ρωσία - Σαουδική Αραβία κερδίζοντας η Ρωσία με 1-0.\n*[[2023]] - Την κήρυξη τριήμερου [[Εθνικό πένθος|εθνικού πένθους]] αποφάσισε ο υπηρεσιακός πρωθυπουργός, [[Ιωάννης Σαρμάς|Ιωάννης Σαρμάς,]] μετά το πολύνεκρο [[Ναυάγιο στα ανοικτά της Πύλου (2023)|ναυάγιο στην Πύλο]]  \n\n== Γεννήσεις ==\n*[[1416]] - [[Πέτρος των Μεδίκων, ο Ποδάγρας]], κυβερνήτης της Φλωρεντίας\n*[[1529]] - [[Φερδινάνδος Β΄ της Αυστρίας|Φερδινάνδος Β΄]], αρχιδούκας της Αυστρίας\n*[[1736]] – [[Σαρλ Ογκυστέν ντε Κουλόμπ]], Γάλλος φυσικός\n*[[1811]] – [[Χάριετ Μπίτσερ Στόου]], Αμερικανίδα συγγραφέας\n*[[1838]] - [[Γιαμαγκάτα Αριτόμο]], Ιάπωνας πολιτικός\n*[[1864]] – [[Αλοΐσιος Αλτσχάιμερ]], Γερμανός ιατρός\n*[[1868]] – [[Καρλ Λαντστάινερ]], Αυστριακός βιολόγος και ιατρός\n*[[1870]] - [[Σοφία της Ελλάδας|Σοφία]], βασίλισσα της Ελλάδας\n*[[1894]] - [[Μαρία Αδελαΐδα του Λουξεμβούργου|Μαρία Αδελαΐδα]], μεγάλη δούκισσα του Λουξεμβούργου\n*[[1895]] - [[Κλιφ Έντουαρντς]], Αμερικανός μουσικός\n*[[1916]] - [[Γκέοργκ Χένρικ φον Βριγκτ]], Φινλανδός φιλόσοφος\n*[[1920]] - [[Αμπούντ Τζούμπε]], πρόεδρος της Ζανζιβάρης\n*[[1928]] - [[Ερνέστο Τσε Γκεβάρα]], Αργεντινός επαναστάτης και πολιτικός\n*[[1939]] - [[Μανουέλ Βάθκεθ Μονταλμπάν]], Ισπανός συγγραφέας\n*[[1943]] - [[Πιέτ Κάιζερ]], Ολλανδός ποδοσφαιριστής\n*[[1945]] - [[Γιεργκ Ίμεντορφ]], Γερμανός ζωγράφος\n*[[1946]] - [[Σάκης Τότλης]], Έλληνας συγγραφέας\n*[[1946]] - [[Ντόναλντ Τραμπ]], 45ος πρόεδρος των Η.Π.Α.\n*[[1947]] - [[Φιλεμόν Γιανγκ]], Καμερουνέζος πολιτικός\n*[[1956]] - [[King Diamond]], Δανός μουσικός\n*[[1961]] - [[Μπόι Τζορτζ]], Άγγλος τραγουδοποιός\n*[[1963]] - [[Τόνι Σαβέβσκι]], ποδοσφαιριστής από την Βόρεια Μακεδονία\n*[[1969]] – [[Στέφι Γκραφ]], Γερμανίδα αντισφαιρίστρια\n*[[1979]] - [[Θανάσης Αλευράς]], Έλληνας ηθοποιός \n*[[1983]] - [[Εμάνουελ Περόνε]], Αργεντινός ποδοσφαιριστής\n*[[1989]] - [[Λούσι Χέιλ]], Αμερικανίδα ηθοποιός και τραγουδίστρια\n*[[1991]] – [[Κώστας Μανωλάς]], Έλληνας ποδοσφαιριστής\n\n== Θάνατοι ==\n*[[847]] – [[Πατριάρχης Μεθόδιος Α΄|Μεθόδιος Α΄]], Πατριάρχης Κωνσταντινουπόλεως\n*[[1544]] - [[Αντώνιος της Λωρραίνης|Αντώνιος]], δούκας της Λωρραίνης\n*[[1594]] - [[Ορλάντο ντι Λάσσο]], Φλαμανδός συνθέτης\n*[[1825]] – [[Πιερ Λ' Ανφάν]], Γάλλος αρχιτέκτονας και μηχανικός\n*[[1837]] - [[Τζάκομο Λεοπάρντι]], Ιταλός συγγραφέας\n*[[1888]] - [[Ιωάννης Ζάρκος]], Έλληνας πολιτικός\n*[[1920]] – [[Μαξ Βέμπερ]], Γερμανός κοινωνιολόγος\n*[[1926]] - [[Χανς Πέλτσιγκ]], Γερμανός αρχιτέκτονας, ζωγράφος και σχεδιαστής\n*[[1928]] - [[Έμελιν Πάνκχερστ]], Αγγλίδα ακτιβίστρια\n*[[1946]] - [[Τζον Λόγκι Μπερντ]], Σκωτσέζος μηχανικός και εφευρέτης\n*[[1968]] - [[Σαλβατόρε Κουαζίμοντο]], Ιταλός συγγραφέας\n*[[1970]] - [[Ουίλιαμ Ντάνιελς (κινηματογραφιστής)|Ουίλιαμ Ντάνιελς]], Αμερικανός κινηματογραφιστής\n*[[1979]] - [[Παρίσης Καλλιγκάτσης]], Έλληνας πολιτικός\n*[[1980]] - [[Μιχαήλ Γιαννικάκης]], Έλληνας στρατιωτικός\n*[[1986]] – [[Χόρχε Λουίς Μπόρχες]], Αργεντινός συγγραφέας\n*[[1990]] - [[Νίκος Αθανασιάδης]], Έλληνας συγγραφέας\n*[[1990]] - [[Ρούσος Καπετανάκης]], Έλληνας πολιτικός\n*[[1995]] – [[Ρόρυ Γκάλαχερ]], Ιρλανδός τραγουδιστής και μουσικός\n*[[1995]] – [[Ρότζερ Ζελάζνυ]], Αμερικανός συγγραφέας\n*[[1997]] - [[Ισαάκ Λαυρεντίδης]], Έλληνας πολιτικός\n*[[2007]] - [[Κουρτ Βαλντχάιμ]], Αυστριακός πολιτικός\n*[[2011]] - [[Νικόλαος Στάπας]], Έλληνας στρατιωτικός\n*[[2017]] - [[Γιάννης Φακής]], Έλληνας ηθοποιός\n\n== Αργίες και εορτές ==\n\n* Παγκόσμια Ημέρα Εθελοντή Αιμοδότη\n\n=== [[Ορθόδοξη Εκκλησία]] ===\n{{Πύλη:Ορθοδοξία/Εορτολόγιο/14 Ιουνίου}}\n\n{{Μήνες}}\n\n[[Κατηγορία:Ημέρες του έτους]]"}}}]}]}}