{"batchcomplete":true,"query":{"normalized":[{"fromencoded":false,"from":"14_Ιανουαρίου","to":"14 Ιανουαρίου"}],"pages":[{"pageid":1041,"ns":0,"title":"14 Ιανουαρίου","revisions":[{"slots":{"main":{"contentmodel":"wikitext","contentformat":"text/x-wiki","content":"{{Πηγές|3=2022|2=01|8}}\n{{Μήνες Ιανουαρίου}}\n\n<center>[[13 Ιανουαρίου]] | '''14 Ιανουαρίου''' | [[15 Ιανουαρίου]]</center>\n\n----\nΗ '''14η Ιανουαρίου''' είναι η 14η ημέρα του έτους κατά το [[Γρηγοριανό ημερολόγιο]]. Υπολείπονται 351 ημέρες (352 σε δίσεκτα έτη).\n\n{{ΗμερολόγιοΣεΠίνακα|1}}\n\n== Γεγονότα ==\n{{Commonscat|14 January}}\n*[[1301]] - Πεθαίνει ο βασιλιάς [[Ανδρέας Γ΄ της Ουγγαρίας]], τερματίζοντας τη [[δυναστεία των Αρπάντ]] στην [[Ουγγαρία]].\n*[[1639]] - Το [[Κονέκτικατ]] υιοθετεί τις «Θεμελιώδεις Αρχές», το πρώτο γραπτό [[Σύνταγμα]] με το οποίο σχηματίστηκε [[κυβέρνηση]].\n*[[1784]] - [[Αμερικανική Επανάσταση]]: το αμερικανικό Κογκρέσο επικυρώνει τη Συνθήκη των Παρισίων με τη [[Βασίλειο της Μεγάλης Βρετανίας|Μεγάλη Βρετανία]].\n*[[1814]] - [[Συνθήκη του Κιέλου]]: ο [[Φρειδερίκος ΣΤ΄ της Δανίας]] παραχωρεί τη [[Νορβηγία]] στη [[Σουηδία]] με αντάλλαγμα την [[Πομερανία]].\n*[[1822]] - [[Ελληνική Επανάσταση του 1821]]: ο [[Θεόδωρος Κολοκοτρώνης]] [[Πολιορκία του Ακροκορίνθου|καταλαμβάνει τον Ακροκόρινθο]].\n*[[1858]] - Ο [[Ναπολέων Γ΄]] διαφεύγει από απόπειρα δολοφονίας.\n*[[1907]] - [[Σεισμός]] στο [[Κίνγκστον (Τζαμάικα)|Κίνγκστον]] της [[Τζαμάικα]] σκοτώνει περίπου 1.000 άτομα.\n*[[1911]] - Η αποστολή του [[Ρόαλντ Αμούνδσεν]] φτάνει στην [[Τράπεζα Πάγου Ρος]]. \n*[[1939]] - Η [[Νορβηγία]] διεκδικεί τη [[Γη της Βασίλισσας Μάουντ]] στην [[Ανταρκτική]].\n*[[1943]] - [[Β΄ Παγκόσμιος Πόλεμος]]: αρχίζει η [[Διάσκεψη της Καζαμπλάνκας]] κατά την οποία ο [[Φραγκλίνος Ρούζβελτ]] και ο [[Ουίνστον Τσώρτσιλ]] συζητούν τη στρατηγική και μελετούν την επόμενη φάση του πολέμου.\n*[[1953]] - Ο [[Γιόσιπ Μπροζ Τίτο]] ορκίζεται ως ο πρώτος πρόεδρος της [[Γιουγκοσλαβία]]ς.\n*[[1969]] - Έκρηξη στο USS ''Enterprise'' κοντά στη [[Χαβάη]] σκοτώνει 27 άτομα.\n*[[1972]] - Ανεβαίνει στο θρόνο η βασίλισσα [[Μαργαρίτα Β΄ της Δανίας]], η πρώτη βασίλισσα της [[Δανία]]ς από το [[1412]] και ο πρώτος Δανός μονάρχης από το [[1513]] που δεν ονομάζεται Φρειδερίκος ή Χριστιανός.\n*[[1973]] - Η συναυλία του [[Έλβις Πρίσλεϊ]] ''Aloha from Hawaii'' μεταδίδεται ζωντανά μέσω [[Τηλεπικοινωνιακός δορυφόρος|δορυφόρου]] και κάνει ρεκόρ τηλεθέασης στην ιστορία της τηλεόρασης.\n*[[2004]] - Η εθνική [[σημαία της Γεωργίας]], η λεγόμενη «σημαία με τους 5 σταυρούς», επανέρχεται σε επίσημη χρήση από τη [[Γεωργία]] μετά από μία διακοπή 500 περίπου ετών.\n\n== Γεννήσεις ==\n*[[83 π.Χ.]] - [[Μάρκος Αντώνιος]], Ρωμαίος πολιτικός και στρατηγός\n*[[771]] - [[Κωνσταντίνος ΣΤ΄]], Βυζαντινός αυτοκράτορας\n*[[1094]] - [[Ευδοκία Κομνηνή (κόρη Αλέξιου Α΄)|Ευδοκία Κομνηνή]], Βυζαντινή πριγκίπισσα\n*[[1131]] - [[Βάλντεμαρ Α΄ της Δανίας|Βάλντεμαρ Α΄]], βασιλιάς της Δανίας\n*[[1273]] - [[Ιωάννα Α΄ της Ναβάρρας]], βασίλισσα της Γαλλίας\n*[[1552]] - [[Αλμπερίκο Τζεντίλι]], Ιταλός νομικός\n*[[1767]] - [[Μαρία - Θηρεσία της Αυστρίας]], βασίλισσα της Σαξωνίας\n*[[1850]] - [[Αλέξιος Αλεξάνδροβιτς της Ρωσίας|Αλέξιος Αλεξάνδροβιτς]], μέγας δούκας της Ρωσίας\n*[[1858]] - [[Πάτρικ Τζόζεφ Κένεντι]], Αμερικανός πολιτικός\n*[[1861]] - [[Μωάμεθ ΣΤ΄]], Οθωμανός σουλτάνος\n*[[1863]] - [[Ρίτσαρντ Άουτκολτ]], Αμερικανός δημιουργός κόμικς\n*[[1875]] - [[Άλμπερτ Σβάιτσερ]], Γερμανός θεολόγος και φιλόσοφος\n*[[1901]] - [[Άλφρεντ Τάρσκι]], Πολωνός μαθηματικός\n*[[1919]] - [[Τζούλιο Αντρεότι]], Ιταλός πολιτικός\n*[[1921]] - [[Μάρεϋ Μπούκτσιν]], Αμερικανός σοσιαλιστής\n*[[1925]] - [[Γιούκιο Μισίμα]], Ιάπωνας συγγραφέας\n*[[1928]] - [[Γκάρι Γουίνογκραντ]], Αμερικανός φωτογράφος\n*[[1941]] - [[Φέι Ντάναγουεϊ]], Αμερικανίδα ηθοποιός\n*[[1947]] - [[Μπέβερλι Πέρντιου]], Αμερικανίδα πολιτικός\n*[[1948]] - [[Καρλ Γουέδερς]], Αμερικανός ηθοποιός\n*[[1951]] - [[Τάσος Κωστής]], Έλληνας ηθοποιός\n*[[1952]] - [[Κώστας Ιωσηφίδης]], Έλληνας ποδοσφαιριστής και μάνατζερ\n*[[1952]] - [[Καλίν Ποπέσκου-Ταριτσεάνου]], Ρουμάνος πολιτικός\n*[[1953]] - [[Ντένζιλ Ντάγκλας]], πρωθυπουργός του Αγίου Χριστόφορου και Νέβις\n*[[1954]] - [[Τζιμ Ντάγκαν]], Αμερικανός παλαιστής\n*[[1963]] - [[Στίβεν Σόντερμπεργκ]], Αμερικανός σκηνοθέτης\n*[[1968]] - [[LL Cool J]], Αμερικανός ράπερ\n*[[1968]] - [[Ευθύμης Μπακατσιάς]], Έλληνας καλαθοσφαιριστής\n*[[1969]] - [[Ντέιβ Γκρολ]], Αμερικανός μουσικός ([[Nirvana]], [[Foo Fighters]])\n*[[1970]] - [[Φαζέλ Σάι]], Τούρκος πιανίστας και συνθέτης\n*[[1971]] - [[Αντώνης Νικοπολίδης]], Έλληνας ποδοσφαιριστής\n*[[1973]] - [[Τζιανκάρλο Φιζικέλα]], Ιταλός οδηγός αγώνων\n*[[1977]] - [[Ναρέιν Καρθικέγιαν]], Ινδός οδηγός αγώνων\n*[[1980]] - [[Άντρια Ζίζιτς]], Κροάτης καλαθοσφαιριστής\n*[[1982]] - [[Βίκτορ Βαλντές]], Ισπανός ποδοσφαιριστής\n*[[1986]] - [[Γιοάν Καμπάιγ]], Γάλλος ποδοσφαιριστής\n*[[1991|1991 -]] [[Δανάη-Ελένη Σιδηρά]], Ελληνίδα ποδοσφαιρίστρια\n*[[2000|2000 -]] [[Μαρία Παλαμά|Μαρία Παλαμά,]] Ελληνίδα ποδοσφαιρίστρια\n\n== Θάνατοι ==\n*[[1044]] - [[Αδελαΐδα Α΄, Ηγουμένη του Κέντλινμπεργκ]]\n*[[1236]] - [[Άγιος Σάββας της Σερβίας]]\n*[[1301]] - [[Ανδρέας Γ΄ της Ουγγαρίας|Ανδρέας Γ΄]], βασιλιάς της Ουγγαρίας\n*[[1742]] - [[Έντμουντ Χάλλεϋ]], Άγγλος αστρονόμος\n*[[1753]] - [[Τζωρτζ Μπέρκλεϋ]], Ιρλανδός φιλόσοφος\n*[[1766]] - [[Φρειδερίκος Ε΄ της Δανίας|Φρειδερίκος Ε΄]], βασιλιάς της Δανίας\n*[[1823]] - [[Αθανάσιος Κανακάρης]], Έλληνας πολιτικός\n*[[1867]] - [[Ζαν Ωγκύστ Ντομινίκ Ενγκρ]], Γάλλος ζωγράφος\n*[[1874]] - [[Φίλιπ Ράις]], Γερμανός φυσικός και εφευρέτης\n*[[1898]] - [[Λιούις Κάρολ]], Άγγλος συγγραφέας και μαθηματικός\n*[[1934]] - [[Ίον Καντακουζηνός]], Ρουμάνος ιατρός\n*[[1943]] - [[Κώστας Μπέζος]], Έλληνας τραγουδοποιός\n*[[1943]] - [[Ιωάννης Τσιγάντες]], Έλληνας στρατιωτικός\n*[[1951]] - [[Γρηγόριος Ξενόπουλος]], Έλληνας συγγραφέας\n*[[1957]] - [[Χάμφρεϊ Μπόγκαρτ]], Αμερικανός ηθοποιός\n*[[1959]] - [[Έιβιντ Μπέργκραβ]], Νορβηγός επίσκοπος\n*[[1966]] - [[Σεργκέι Κορολιόφ]], Ρώσος επιστήμονας\n*[[1972]] - [[Φρειδερίκος Θ΄ της Δανίας|Φρειδερίκος Θ΄]], βασιλιάς της Δανίας\n*[[1975]] - [[Ξενοφών Γιοσμάς]], Έλληνας δημοσιογράφος\n*[[1977]] - [[Άντονι Ήντεν]], πρωθυπουργός του Ηνωμένου Βασιλείου\n*[[1977]] - [[Αναΐς Νιν]], Γαλλίδα συγγραφέας\n*[[1977]] - [[Πίτερ Φιντς]], Αυστραλός ηθοποιός\n*[[1978]] - [[Κουρτ Γκέντελ]], Αυστριακός μαθηματικός\n*[[1986]] - [[Ντόνα Ριντ]], Αμερικανίδα ηθοποιός\n*[[1988]] - [[Γκεόργκι Μαλενκόφ]], Ρώσος πολιτικός\n*[[1992]] - [[Νικόλαος Αλαβάνος]], Έλληνας πολιτικός\n*[[1999]] - [[Γιέρζυ Γκροτόφσκι]], Πολωνός θεατρικός σκηνοθέτης\n*[[2001]] - [[Κώστας Ρηγόπουλος]], Έλληνας ηθοποιός\n*[[2006]] - [[Σέλλεϊ Γουίντερς]], Αμερικανίδα ηθοποιός\n*[[2007]] - [[Ντάρλιν Κόνλεϋ]], Αμερικανίδα ηθοποιός\n*[[2007]] - [[Βασίλης Φωτόπουλος]], Έλληνας σκηνογράφος\n*[[2014]] - [[Μέι Γιανγκ]], Αμερικανίδα παλαίστρια\n*[[2016]] - [[Άλαν Ρίκμαν]], Άγγλος ηθοποιός\n*[[2019]] - [[Σαράντος Καργάκος]], Έλληνας φιλόλογος και δοκιμιογράφος\n\n== Αργίες και εορτές ==\n=== [[Ορθόδοξη Εκκλησία]] ===\n{{Πύλη:Ορθοδοξία/Εορτολόγιο/14 Ιανουαρίου}}\n\n{{Μήνες}}\n\n[[Κατηγορία:Ημέρες του έτους]]"}}}]}]}}