{"batchcomplete":true,"query":{"normalized":[{"fromencoded":false,"from":"14_Ιουλίου","to":"14 Ιουλίου"}],"pages":[{"pageid":2862,"ns":0,"title":"14 Ιουλίου","revisions":[{"slots":{"main":{"contentmodel":"wikitext","contentformat":"text/x-wiki","content":"{{Πηγές|3=2022|2=01|8}}\n{{Μήνες Ιουλίου}}\n\n<center>[[13 Ιουλίου]] | '''14 Ιουλίου''' | [[15 Ιουλίου]]</center>\n\n----\nΗ '''14η Ιουλίου''' είναι η 195η ημέρα του έτους κατά το [[Γρηγοριανό ημερολόγιο]] (196η σε δίσεκτα έτη). Υπολείπονται 170 ημέρες.\n\n{{ΗμερολόγιοΣεΠίνακα|7}}\n\n== Γεγονότα ==\n*[[1223]] - Ο [[Λουδοβίκος Η΄ της Γαλλίας|Λουδοβίκος Η΄]] γίνεται [[Κατάλογος μοναρχών της Γαλλίας|βασιλιάς της Γαλλίας]] μετά το θάνατο του πατέρα του, [[Φίλιππος Β΄ της Γαλλίας|Φιλίππου Β΄]]. \n*[[1420]] - Δυνάμεις των [[Τσεχία|Τσέχων]] [[Χουσίτες|Χουσιτών]] υπό τη διοίκηση του Γιαν Ζίζκα νικούν τις σταυροφορικές δυνάμεις του [[Σιγισμόνδος της Αγίας Ρωμαϊκής Αυτοκρατορίας|Σιγισμόνδου της Αγίας Ρωμαϊκής Αυτοκρατορίας]] στο λόφο Βίτκοφ έξω από την [[Πράγα]].\n*[[1789]] - [[Γαλλική Επανάσταση]]: Οι πολίτες του [[Παρίσι|Παρισιού]] [[Άλωση της Βαστίλης|καταλαμβάνουν τη Βαστίλη]].\n*[[1789]] - Ο Αλεξάντερ Μακένζι ολοκληρώνει το ταξίδι του στον μεγάλο ποταμό ελπίζοντας ότι θα τον οδηγούσε στον [[Ειρηνικός Ωκεανός|Ειρηνικό ωκεανό]] αλλά αποδεικνύεται ότι ρέει προς τον [[Αρκτικός Ωκεανός|Αρκτικό ωκεανό]]. Αργότερα ο ποταμός, που αποτελεί το δεύτερο μεγαλύτερο ποτάμιο σύστημα στη [[Βόρεια Αμερική]], ονομάστηκε [[Ποταμός Μακένζι|Μακένζι]].\n*[[1790]] - [[Γαλλική Επανάσταση]]: Οι πολίτες του [[Παρίσι|Παρισιού]] γιορτάζουν την ενότητα του [[Γαλλία|γαλλικού]] λαού και την εθνική συμφιλίωση στη Γιορτή της Ομοσπονδίας. \n*[[1791]] - Ταραχές αναγκάζουν τον [[Τζόζεφ Πρίστλυ]], υποστηρικτή της [[Γαλλική Επανάσταση|Γαλλικής Επανάστασης]], να φύγει από το [[Μπέρμιγχαμ]] της [[Αγγλία]]ς.\n*[[1824]] - Οι [[Έλληνες]] αγωνιστές νικούν τους [[Οθωμανική Αυτοκρατορία|Οθωμανούς]] στη [[μάχη της Άμπλιανης]].\n*[[1874]] - Πυρκαγιά στο [[Σικάγο]] καίει 47 στρέμματα, καταστρέφοντας 812 κτίρια και σκοτώνοντας 20 άτομα.\n*[[1900]] - Τα στρατεύματα της [[Οκταεθνής Συμμαχία|Οκταεθνούς Συμμαχίας]] καταλαμβάνουν το [[Τιεντσίν]] κατά την [[Εξέγερση των Μπόξερ]].\n*[[1902]] - Καταρρέει το [[Καμπαναριό του Αγίου Μάρκου|καμπαναριό]] της [[Βασιλική του Αγίου Μάρκου|βασιλικής του Αγίου Μάρκου]] στη [[Βενετία]]. \n*[[1913]] - [[Β΄ Βαλκανικός Πόλεμος]]: Ο [[Ελλάδα|ελληνικός]] στρατός εισέρχεται στην [[Κομοτηνή]].\n*[[1916]] - Αρχίζει η μάχη στο δάσος του Ντελβίλ ως συμπλοκή κατά τη διάρκεια της [[Μάχη του Σομμ|μάχης του Σομμ]].\n*[[1933]] - [[Gleichschaltung]]: Στη [[Γερμανία]], όλα τα [[Πολιτικό κόμμα|πολιτικά κόμματα]] τίθενται εκτός νόμου εκτός από το [[Εθνικοσοσιαλιστικό Γερμανικό Εργατικό Κόμμα]].\n*[[1933]] - Αρχίζει η [[ναζιστική ευγονική]] με την εφαρμογή του νόμου περί Πρόληψης απογόνων των ασθενών με κληρονομικές ασθένειες, που απαιτεί την υποχρεωτική στείρωση κάθε πολίτη που πάσχει από υποτιθέμενες γενετικές διαταραχές. \n*[[1943]] - Αρχίζει η [[μάχη του Μακρυνόρους]] στα πλαίσια της συμμαχικής επιχείρησης Animals. Η αντιστασιακή οργάνωση του [[Εθνικός Δημοκρατικός Ελληνικός Σύνδεσμος|ΕΔΕΣ]] επιτίθεται σε κονβόϊ της [[Ιταλία|ιταλικής]] μεραρχίας Μπρένερo και σε τμήματα της [[Ναζιστική Γερμανία|γερμανικής]] μεραρχίας Εντελβάις.\n*[[1948]] - Ο [[Παλμίρο Τολιάτι]], ηγέτης του Ιταλικού Κομμουνιστικού Κόμματος, πυροβολείται και τραυματίζεται κοντά στο [[Κοινοβούλιο της Ιταλίας]]. \n*[[1950]] - [[Πόλεμος της Κορέας]]: Τα στρατεύματα της [[Βόρεια Κορέα|Βόρειας Κορέας]] επιτίθενται στην πόλη [[Ντέτζον]].\n*[[1958]] - Ιρακινή επανάσταση: Στο [[Ιράκ]] η [[μοναρχία]] ανατρέπεται από λαϊκές δυνάμεις με επικεφαλής τον Αμπντ αλ-Καρίμ Κασίμ, ο οποίος γίνεται ο νέος ηγέτης του έθνους.\n*[[1965]] - Το [[Μάρινερ 4]] περνά από τον [[Άρης (πλανήτης)|Άρη]] και λαμβάνει τις πρώτες κοντινές φωτογραφίες ενός άλλου πλανήτη.\n*[[1969]] - [[Πόλεμος του ποδοσφαίρου]]: Μετά την ήττα της [[Εθνική Ονδούρας (ποδόσφαιρο ανδρών)|Ονδούρας]] σε αγώνα ποδοσφαίρου εναντίον του [[Εθνική Ελ Σαλβαδόρ (ποδόσφαιρο ανδρών)|Ελ Σαλβαδόρ]], ξεσπούν ταραχές στην Ονδούρα εναντίον εργαζομένων από το [[Σαλβαδόρ]].\n*[[2002]] - Ο [[πρόεδρος της Γαλλικής Δημοκρατίας]] [[Ζακ Σιράκ]] γλιτώνει από απόπειρα δολοφονίας κατά τη διάρκεια των εορτασμών της ημέρας της Βαστίλης.\n*[[2016]] - Τρομοκρατική επίθεση στη [[Νίκαια (Γαλλία)|Νίκαια]] της [[Γαλλία]]ς. Οδηγός φορτηγού κατευθύνεται και παρασέρνει πλήθος πολιτών που γιορτάζουν την Ημέρα της Βαστίλης, εθνική εορτή των Γάλλων. Απολογισμός της επίθεσης είναι 84 νεκροί και εκατοντάδες τραυματίες όπως επίσης και ο δράστης που έπεσε νεκρός από την αστυνομία.\n\n== Γεννήσεις ==\n*[[1448]] - [[Φίλιππος του Παλατινάτου|Φίλιππος]], εκλέκτορας του Παλατινάτου\n*[[1602]] - [[Καρδινάλιος Μαζαρέν]]\n*[[1610]] - [[Φερδινάνδος Β΄ των Μεδίκων]], μέγας δούκας της Τοσκάνης\n*[[1743]] - [[Γαβριήλ Ντερζάβιν]], Ρώσος ποιητής\n*[[1841]] - [[Αλέξανδρος Βυζάντιος]], Έλληνας δημοσιογράφος\n*[[1862]] - [[Γκούσταφ Κλιμτ]], Αυστριακός καλλιτέχνης\n*[[1889]] - [[Άντε Πάβελιτς]], Κροάτης πολιτικός\n*[[1890]] - [[Οσίπ Ζάντκιν]], Ρώσος καλλιτέχνης\n*[[1896]] - [[Μπουεναβεντούρα Ντουρρούτι]], Ισπανός αναρχικός\n*[[1909]] - [[Φρανκ Γκλάσκοου Τίνκερ]], Αμερικανός πιλότος\n*[[1913]] - [[Τζέραλντ Φορντ]], 38ος πρόεδρος των Η.Π.Α.\n*[[1916]] - [[Ναταλία Τζίντσμπουργκ]], Ιταλίδα συγγραφέας\n*[[1918]] - [[Ίνγκμαρ Μπέργκμαν]], Σουηδός σκηνοθέτης\n*[[1919]] - [[Λίνο Βεντούρα]], Ιταλός ηθοποιός\n*[[1925]] - [[Χρήστος Πασαλάρης]], Έλληνας δημοσιογράφος\n*[[1926]] - [[Χάρι Ντιν Στάντον]], Αμερικανός ηθοποιός\n*[[1932]] - [[Ντελ Ριβς]], Αμερικανός τραγουδιστής\n*[[1947]] - [[Ναβίν Ραμγκούλαμ]], πρωθυπουργός του Μαυρίκιου\n*[[1961]] - [[Λουκία Ρικάκη]], Ελληνίδα σκηνοθέτρια\n*[[1966]] - [[Μάθιου Φοξ]], Αμερικανός ηθοποιός\n*[[1967]] - [[Μάριος Κωνσταντίνου]], Κύπριος ποδοσφαιριστής\n*[[1971]] - [[Μπούλι Ρέι]], Αμερικανός παλαιστής\n*[[1971]] - [[Τζόι Στάιλς]], Αμερικανός σχολιαστής αγώνων πάλης\n*[[1977]] - [[Βικτώρια της Σουηδίας|Βικτώρια]], πριγκίπισσα της Σουηδίας\n*[[1988]] - [[Κόνορ ΜακΓκρέγκορ]], Ιρλανδός αθλητής σύνθετων πολεμικών τεχνών\n\n== Θάνατοι ==\n*[[1223]] - [[Φίλιππος Β΄ της Γαλλίας|Φίλιππος Β΄]], βασιλιάς της Γαλλίας\n*[[1486]] - [[Μαργαρίτα της Δανίας, βασίλισσα της Σκωτίας]],\n*[[1676]] - [[Νεκτάριος Ιεροσολύμων|Νεκτάριος]], πατριάρχης Ιεροσολύμων\n*[[1809]] - [[Νικόδημος ο Αγιορείτης]], Έλληνας ασκητής\n*[[1827]] - [[Αυγουστίνος Φρενέλ]], Γάλλος φυσικός\n*[[1907]] - [[Δημήτριος Γκογκολάκης]], Έλληνας Μακεδονομάχος\n*[[1927]] - [[Φριτς Χόφμαν]], Γερμανός αθλητής του στίβου\n*[[1939]] - [[Άλφονς Μούχα]], Τσέχος ζωγράφος\n*[[1943]] - [[Λουτζ Λονγκ]], Γερμανός αθλητής\n*[[1951]] - [[Νικόλαος Κολυβάς]], Έλληνας νομικός και πολιτικός\n*[[1954]] - [[Χαθίντο Μπεναβέντε]], Ισπανός συγγραφέας\n*[[1970]] - [[Γεώργιος Γρηγορίου (πολιτικός)|Γεώργιος Γρηγορίου]], Έλληνας πολιτικός\n*[[1971]] - [[Στέλιος Κωτιάδης]], Έλληνας πολιτικός\n*[[1981]] - [[Ιωάννης Αγαθαγγέλου]], Έλληνας χουντικός υπουργός\n*[[1983]] - [[Ιωάννης Ζησιάδης]], Έλληνας νομικός και πανεπιστημιακός\n*[[1991]] - [[Ανδρέας Αγγελάκης]], Έλληνας ποιητής\n*[[1997]] - [[Δημοσθένης Ζαδές]], Έλληνας συγγραφέας\n*[[1998]] - [[Ρίτσαρντ Μακ Ντόναλντ]], Αμερικανός επιχειρηματίας\n*[[2003]] - [[Κομπάι Σεγκούντο]], Κουβανός μουσικός\n*[[2006]] - [[Ναθάνιελ Μπούχβαλντ]], Αμερικανός νευροεπιστήμονας\n*[[2008]] - [[Πέτρος Οικονομάκης]], Έλληνας καλαθοσφαιριστής\n*[[2017]] - [[Μαριάμ Μιρζαχανί]], Ιρανή μαθηματικός\n\n== Αργίες και εορτές ==\n* [[Γαλλία]] - εθνική γιορτή, σε ανάμνηση της 14ης Ιουλίου [[1790]] (ημέρα γιορτής, ένα έτος μετά την άλωση της [[Βαστίλη]]ς)\n* [[Ιράκ]] - εθνική γιορτή\n* [[Κιριμπάτι]] - ημέρα ανεξαρτησίας (όχι αργία)\n* [[Σουηδία]] - Γενέθλια της Βικτώριας, πριγκίπισσας της Σουηδίας, επίσημη ημέρα της [[σημαία]]ς\n\n=== [[Ορθόδοξη Εκκλησία]] ===\n{{Πύλη:Ορθοδοξία/Εορτολόγιο/14 Ιουλίου}}\n\n{{Μήνες}}\n\n[[Κατηγορία:Ημέρες του έτους]]"}}}]}]}}