{"batchcomplete":true,"query":{"normalized":[{"fromencoded":false,"from":"14_Δεκεμβρίου","to":"14 Δεκεμβρίου"}],"pages":[{"pageid":3739,"ns":0,"title":"14 Δεκεμβρίου","revisions":[{"slots":{"main":{"contentmodel":"wikitext","contentformat":"text/x-wiki","content":"{{Μήνες Δεκεμβρίου}}\n\n<center>[[13 Δεκεμβρίου]] | [[14 Δεκεμβρίου]] | [[15 Δεκεμβρίου]]</center>\n\n----\nΗ '''14η Δεκεμβρίου''' είναι η 348η ημέρα του έτους κατά το [[Γρηγοριανό ημερολόγιο]] (349η σε δίσεκτα έτη). Υπολείπονται 17 ημέρες.\n\n{{ΗμερολόγιοΣεΠίνακα|12}}\n\n== Γεγονότα ==\n*[[557]] - [[Σεισμός]] προκαλεί σοβαρές ζημιές στην [[Βυζαντινή Κωνσταντινούπολη|Κωνσταντινούπολη]].\n*[[1542]] - Η πριγκίπισσα [[Μαρία Α΄ της Σκωτίας|Μαρία Στιούαρτ]] γίνεται βασίλισσα της [[Σκωτία]]ς.\n*[[1782]] - Οι [[αδελφοί Μονγκολφιέ]] πραγματοποιούν στο [[Ανοναί]] της [[Γαλλία]]ς την πρώτη δοκιμαστική πτήση [[Αερόστατο θερμού αέρα|αερόστατου θερμού αέρα]].\n*[[1812]] - Η [[Γαλλική εισβολή στη Ρωσία]] φτάνει στο τέλος της καθώς τα κατάλοιπα της Μεγάλης Στρατιάς εκδιώχνονται από τη [[Ρωσία]].\n*[[1819]] - Η [[Αλαμπάμα]] γίνεται η 22η [[Πολιτείες των ΗΠΑ|πολιτεία των Η.Π.Α.]]\n*[[1900]] - [[Κβαντική μηχανική]]: Ο [[Μαξ Πλανκ]] παρουσιάζει τη θεωρητική θεμελίωση του Νόμου περί της ακτινοβολίας [[Μέλαν σώμα|μέλανος σώματος]].\n*[[1903]] - Οι [[αδελφοί Ράιτ]] κάνουν την πρώτη τους προσπάθεια να πετάξουν με το ''Wright Flyer'' στο [[Κίτι Χόουκ (Βόρεια Καρολίνα)]].\n*[[1907]] - Η σκούνα ''Thomas W. Lawson'' προσαράζει λόγω θύελλας σε ύφαλο και βυθίζεται στα [[νησιά Σίλι]], με αποτέλεσμα 16 ναυτικοί να χάσουν τη ζωή τους.  \n*[[1911]] - Η ομάδα του [[Ρόαλντ Αμούνδσεν]], αποτελούμενη από τον ίδιο και από τους Όλαφ Μγιάαλαντ, Χέλμερ Χάνσεν, Σβέρε Χάσελ και Όσκαρ Βίστινγκ, γίνεται η πρώτη που φτάνει στο [[Νότιος Πόλος|Νότιο Πόλο]].\n*[[1918]] - Ο [[Γερμανοί|Γερμανός]] πρίγκιπας [[Φρειδερίκος Κάρολος της Έσσης]], ο οποίος εκλέχθηκε από το κοινοβούλιο της [[Φινλανδία]]ς για να γίνει βασιλιάς, παραιτείται από τον φινλανδικό θρόνο. \n*[[1939]] - [[Σοβιετοφινλανδικός πόλεμος του 1939]]: Η [[Ένωση Σοβιετικών Σοσιαλιστικών Δημοκρατιών|Σοβιετική Ένωση]] αποβάλλεται από την [[Κοινωνία των Εθνών]] λόγω της εισβολής της στη [[Φινλανδία]].\n*[[1940]] - Απομονώνεται για πρώτη φορά το [[πλουτώνιο]] (συγκεκριμένα το [[πλουτώνιο-238]]), στο Μπέρκλεϊ της [[Καλιφόρνια]].\n*[[1941]] - [[Β΄ Παγκόσμιος Πόλεμος]]: Η [[Ιαπωνία]] υπογράφει συνθήκη συμμαχίας με την [[Ταϊλάνδη]]. \n*[[1955]] - Η [[Αλβανία]], η [[Αυστρία]], η [[Βουλγαρία]], η [[Ιορδανία]], η [[Ιρλανδία]], η [[Ισπανία]], η [[Ιταλία]], η [[Καμπότζη]], η [[Σρι Λάνκα|Κεϋλάνη]], το [[Λάος]], η [[Λιβύη]], το [[Νεπάλ]], η [[Ουγγαρία]], η [[Πορτογαλία]], η [[Ρουμανία]] και η [[Φινλανδία]] γίνονται μέλη του [[Οργανισμός Ηνωμένων Εθνών|Οργανισμού Ηνωμένων Εθνών]].\n*[[1962]] - Ο [[Μάρινερ 2]] της [[NASA]] γίνεται το πρώτο [[διαστημόπλοιο]] που περνά από την [[Αφροδίτη (πλανήτης)|Αφροδίτη]].\n*[[1972]] - [[Απόλλων (διαστημικό πρόγραμμα)|Πρόγραμμα Απόλλων]]: Ο Τζην Σέρναν γίνεται ο τελευταίος άνθρωπος που περπατάει στη [[Σελήνη]], αφού αυτός και ο [[Χάρισον Σμιτ]] ολοκλήρωσαν την τρίτη και τελευταία εκτός οχήματος δραστηριότητα της αποστολής Απόλλων 17.   \n*[[1981]] - [[Αραβοϊσραηλινή σύγκρουση]]: Η [[Κνέσετ]] του [[Ισραήλ]] επικυρώνει νόμο με τον οποίο ο ισραηλινός νόμος επεκτείνεται στα κατεχόμενα [[Υψώματα του Γκολάν]].\n*[[1994]] - Αρχίζει η κατασκευή του [[Φράγμα των Τριών Φαραγγιών|Φράγματος των Τριών Φαραγγιών]] στον ποταμό [[Γιανγκτσέ]].\n* [[1995]] - Υπογράφεται στο [[Παρίσι]] η [[Συμφωνία του Ντέιτον]]  για τον τερματισμό του πολέμου στην [[Γιουγκοσλαβία]].\n\n== Γεννήσεις ==\n*[[1332]] - [[Φρειδερίκος Γ΄ της Θουριγγίας|Φρειδερίκος Γ΄]], λάντγκραβος της Θουριγγίας\n*[[1503]] - [[Νοστράδαμος]], Γάλλος αστρολόγος\n*[[1546]] - [[Τύχο Μπράχε]], Δανός αστρονόμος και χημικός\n*[[1775]] - [[Τόμας Κόχραν (10ος κόμης του Ντάντοναλντ)]], Βρετανός ναυτικός\n*[[1832]] - [[Άνα Μπετανκούρτ]], Κουβανή επαναστάτρια και φεμινίστρια\n*[[1853]] - [[Ερρίκο Μαλατέστα]], Ιταλός αναρχικός\n*[[1871]] - [[Φρανκ Μπάρτλεμαν]], Αμερικανός ιερέας\n*[[1883]] - [[Μανώλης Καλομοίρης]], Έλληνας συνθέτης\n*[[1895]] - [[Γεώργιος ΣΤ΄ του Ηνωμένου Βασιλείου|Γεώργιος ΣΤ΄]], βασιλιάς του Ηνωμένου Βασιλείου\n*[[1895]] - [[Πωλ Ελυάρ]], Γάλλος ποιητής\n*[[1897]] - [[Κουρτ φον Σούσνιγκ]], Αυστριακός πολιτικός\n*[[1901]] - [[Παύλος της Ελλάδας|Παύλος]], βασιλιάς της Ελλάδας\n*[[1911]] - [[Γεώργιος Ιβάνοφ]], Πολωνός αθλητής και αγωνιστής\n*[[1912]] - [[Γεώργιος Βλάχος (ακαδημαϊκός)|Γεώργιος Βλάχος]], Έλληνας ακαδημαϊκός\n*[[1916]] - [[Σίρλεϊ Τζάκσον]], Αμερικανίδα συγγραφέας\n*[[1922]] - [[Νικολάι Μπάσοφ]], Ρώσος φυσικός\n*[[1929]] - [[Ρίτσαρντ Γουέλς]], Αμερικανός στέλεχος της CIA\n*[[1944]] - [[Λιλιάνα Μπάτλερ]], Γιουγκοσλάβα τραγουδίστρια\n*[[1946]] - [[Σαντζάι Γκάντι]], Ινδός πολιτικός\n*[[1946]] - [[Πάτι Ντιουκ]], Αμερικανίδα ηθοποιός\n*[[1947]] - [[Ντίλμα Ρούσεφ]], Βραζιλιάνα πολιτικός\n*[[1953]] - [[Ευάγγελος Μεϊμαράκης]], Έλληνας πολιτικός\n*[[1962]] - [[Τζίντζερ Λιν]], Αμερικανίδα πορνογραφική ηθοποιός και μοντέλο\n*[[1965]] - [[Αλιόσα Ασάνοβιτς]], Κροάτης ποδοσφαιριστής\n*[[1966]] - [[Χέλε Τόρνινγκ-Σμιτ]], Δανή πολιτικός\n*[[1970]] - [[Άννα Μαρία Γιόπεκ]], Πολωνή τραγουδίστρια\n*[[1977]] - [[Άννα Δημητρίεβιτς]], Ελληνίδα ηθοποιός\n*[[1979]] - [[Ζαν-Αλαίν Μπουμσόνγκ]], Γάλλος ποδοσφαιριστής\n*[[1979]] - [[Μάικλ Όουεν]], Άγγλος ποδοσφαιριστής\n*[[1979]] - [[Σόφι Μονκ]], Αυστραλή τραγουδίστρια και ηθοποιός\n*[[1984]] - [[Τζάκσον Ράθμπον]], Αμερικανός ηθοποιός και τραγουδιστής\n*[[1985]] - [[Γιάκουμπ Μπλασικόφσκι]], Πολωνός ποδοσφαιριστής\n*[[1988]] - [[Βανέσα Χάντζενς]], Αμερικανίδα ηθοποιός και τραγουδίστρια\n\n== Θάνατοι ==\n*[[872]] - [[Πάπας Αδριανός Β΄]]\n*[[1542]] - [[Ιάκωβος Ε΄ της Σκωτίας|Ιάκωβος Ε΄]], βασιλιάς της Σκωτίας\n*[[1788]] - [[Κάρολος Γ΄ της Ισπανίας|Κάρολος Γ΄]], βασιλιάς της Ισπανίας\n*[[1799]] - [[Τζορτζ Ουάσινγκτον]], 1ος πρόεδρος των Η.Π.Α.\n*[[1861]] - [[Αλβέρτος της Σαξονίας-Κόμπουργκ & Γκότα]], πριγκιπικός σύζυγος της Μεγάλης Βρετανίας\n*[[1940]] - [[Άντον Κόροσετς]], Σλοβένος πολιτικός\n*[[1970]] - [[Φραντς Σλέγκελμπεργκερ]], Γερμανός πολιτικός\n*[[1973]] - [[Παναγιώτης Σταυρόπουλος]], Έλληνας πολιτικός\n*[[1989]] - [[Αντρέι Ζαχάρωφ]], Ρώσος φυσικός\n*[[1990]] - [[Φρήντριχ Ντύρενματ]], Ελβετός συγγραφέας\n*[[2010]] - [[Πασκάλ Ρακοτομάβο]], πρωθυπουργός της Μαδαγασκάρης\n*[[2013]] - [[Πήτερ Ο' Τουλ]], Ιρλανδός ηθοποιός\n*[[2021]] - [[Γιώργος Τράγκας]], Έλληνας δημοσιογράφος\n*[[2021]] - [[Ροζίτα Σώκου]], Ελληνίδα δημοσιογράφος, και συγγραφέας\n*[[2021]]-  [[Μητροπολίτης Γόρτυνος και Μεγαλοπόλεως Ιερεμίας|Ιερεμίας]], ''Μητροπολίτης Γόρτυνος και Μεγαλοπόλεως''\n*[[2021]] - [[Σπύρος Καπερνέκας]], Έλληνας ποδοσφαιριστής\n\n \n\n== Αργίες και εορτές ==\n=== [[Ορθόδοξη Εκκλησία]] ===\n{{Πύλη:Ορθοδοξία/Εορτολόγιο/14 Δεκεμβρίου}}\n{{commonscat|14 December}}\n=== [[Καθολική Εκκλησία]] - [[Αγγλικανική εκκλησία]] ===\n* Γιορτή Αγίου Ιωάννη του Σταυρού\n== Βλέπε επίσης ==\n\n[[14 Νοεμβρίου]] - [[14 Ιανουαρίου]]\n\n{{Μήνες}}\n\n[[Κατηγορία:Ημέρες του έτους]]"}}}]}]}}