{"batchcomplete":true,"query":{"normalized":[{"fromencoded":false,"from":"14_Σεπτεμβρίου","to":"14 Σεπτεμβρίου"}],"pages":[{"pageid":7349,"ns":0,"title":"14 Σεπτεμβρίου","revisions":[{"slots":{"main":{"contentmodel":"wikitext","contentformat":"text/x-wiki","content":"{{Μήνες Σεπτεμβρίου}}\n\n<center>[[13 Σεπτεμβρίου]] | '''14 Σεπτεμβρίου''' | [[15 Σεπτεμβρίου]]</center>\n\n----\nΗ '''14η Σεπτεμβρίου''' είναι η 257η ημέρα του έτους κατά το [[Γρηγοριανό ημερολόγιο]] (258η σε δίσεκτα έτη). Υπολείπονται 108 ημέρες.\n\n{{ΗμερολόγιοΣεΠίνακα|9}}\n\n== Γεγονότα ==\n*[[81]] - Ο [[Δομιτιανός]] γίνεται αυτοκράτορας της [[Ρωμαϊκή Αυτοκρατορία|Ρωμαϊκής Αυτοκρατορίας]] μετά το θάνατο του αδελφού του, [[Τίτος|Τίτου]].\n*[[628]] - Ο αυτοκράτορας [[Ηράκλειος]] εισέρχεται θριαμβευτικά στην [[Κωνσταντινούπολη]] μετά τη νίκη του επί της [[Αυτοκρατορία των Σασσανιδών|αυτοκρατορίας των Σασσανιδών]].\n*[[786]] - «Η νύχτα των τριών Χαλίφηδων»: ο [[Χαρούν αλ Ρασίντ]] γίνεται [[χαλίφης]] του [[Χαλιφάτο των Αββασιδών|Χαλιφάτου των Αββασιδών]] μετά το θάνατο του αδερφού του, αλ-Χαντί. Την ίδια μέρα γεννιέται ο γιος του Χαρούν, Αλ-Μαμούν.\n*[[1741]] - Ο [[Γκέοργκ Φρήντριχ Χαίντελ]] ολοκληρώνει το ορατόριο ''[[Μεσσίας (Χαίντελ)|Μεσσίας]]''.\n*[[1752]] - Η [[Βρετανική Αυτοκρατορία]] υιοθετεί το [[Γρηγοριανό ημερολόγιο]], παρακάμπτοντας 11 ημέρες (η προηγούμενη ημέρα ήταν [[2 Σεπτεμβρίου]]).\n*[[1812]] - [[Ναπολεόντειοι Πόλεμοι]]: η [[Γαλλία|γαλλική]] Μεγάλη Στρατιά μπαίνει στη [[Μόσχα]], όπου ξεσπά πυρκαγιά αμέσως μετά την εγκατάλειψη της πόλης από τα [[Ρωσία|ρωσικά]] στρατεύματα.\n*[[1814]] - Ιδρύεται η [[Φιλική Εταιρεία]].\n*[[1829]] - Η [[Οθωμανική Αυτοκρατορία]] υπογράφει τη [[Συνθήκη της Αδριανούπολης]], τερματίζοντας έτσι τον [[Ρωσοτουρκικός Πόλεμος (1828-1829)|Ρωσοτουρκικό Πόλεμο]].\n*[[1901]] - Ο πρόεδρος των [[Η.Π.Α.]] [[Ουίλλιαμ ΜακΚίνλεϊ]] πεθαίνει μετά από την απόπειρα δολοφονίας της [[6 Σεπτεμβρίου|6ης Σεπτεμβρίου]]. Τον διαδέχεται ο αντιπρόεδρος [[Θεόδωρος Ρούζβελτ]].\n*[[1917]] - Η [[Ρωσία]] ανακηρύσσεται επίσημα δημοκρατία.\n*[[1943]] - [[Β΄ Παγκόσμιος Πόλεμος]]: η [[Βέρμαχτ]] ξεκινά τριήμερη επιχείρηση αντιποίνων έχοντας ως στόχο [[Ελλάδα|ελληνικά]] χωριά της [[Δήμος Βιάννου|Βιάννου]]. Από την επιχείρηση αυτή βρήκαν το θάνατο περισσότερα από 500 άτομα.\n*[[1960]] - Ιδρύεται ο Οργανισμός Πετρελαιοεξαγωγών Κρατών ([[ΟΠΕΚ]]), από τα κράτη: [[Ιράκ]], [[Ιράν]], [[Κουβέιτ]], [[Σαουδική Αραβία]] και [[Βενεζουέλα]].\n*[[1960]] - Κρίση στο [[Λαϊκή Δημοκρατία του Κονγκό|Κονγκό]]: με τη βοήθεια της [[CIA]], ο [[Μομπούτου Σέσε Σέκο]] παίρνει την εξουσία με στρατιωτικό πραξικόπημα, αναστέλλοντας το σύνταγμα και το κοινοβούλιο. \n*[[1998]] - Προβάλλεται για πρώτη φορά στην τηλεόραση του [[CBBC]], η σειρά κινουμένων σχεδίων ''[[Τα μικρά τερατάκια]]'', βασισμένη στα βιβλία του [[Τόνι Γκαρθ]].\n*[[2000]] - Ο βουλευτής [[Γεώργιος Καρατζαφέρης]] ιδρύει το κόμμα [[Λαϊκός Ορθόδοξος Συναγερμός|ΛΑΟΣ]].\n\n== Γεννήσεις ==\n*[[208]] - [[Διαδουμενιανός]], Ρωμαίος αυτοκράτορας\n*[[786]] - [[Αλ-Μαμούν]], χαλίφης των Αββασιδών\n*[[1384]] - [[Άγιος Εφραίμ της Νέας Μάκρης]]\n*[[1580]] - [[Φρανθίσκο δε Κεβέδο]], Ισπανός συγγραφέας\n*[[1760]] - [[Λουίτζι Κερουμπίνι]], Ιταλός συνθέτης\n*[[1769]] - [[Αλεξάντερ φον Χούμπολτ]], Γερμανός γεωγράφος και εξερευνητής\n*[[1784]] - [[Καρλ φον Νόρμαν-Έρενφελς]], Γερμανός στρατιωτικός\n*[[1877]] - [[Σωκράτης Κουγέας]], Έλληνας συγγραφέας\n*[[1878]] - [[Ίων Δραγούμης]], Έλληνας διπλωμάτης και συγγραφέας\n*[[1889]] - [[Μαρία Καποβίγια]], υπεραιωνόβια από τον Ισημερινό\n*[[1891]] - [[Ιβάν Βινογκράντοφ]], Ρώσος μαθηματικός\n*[[1891]] - [[Γιώργος Τσιμπίδαρος-Φτέρης]], Έλληνας δημοσιογράφος και συγγραφέας\n*[[1898]] - [[Χαλ Ουόλις]], Αμερικανός κινηματογραφικός παραγωγός\n*[[1902]] - [[Γιώργος Παπασιδέρης (μουσικός)|Γιώργος Παπασιδέρης]], Έλληνας τραγουδιστής \n*[[1908]] - [[Μιχαήλ του Μαυροβουνίου|Μιχαήλ]], πρίγκιπας του Μαυροβουνίου\n*[[1910]] - [[Γιάννης Λάτσης]], Έλληνας επιχειρηματίας\n*[[1917]] - [[Ετόρε Σότσας]], Αυστριακός αρχιτέκτονας και σχεδιαστής\n*[[1925]] - [[Ουίνστον Σίνακ]], πρωθυπουργός της Αγίας Λουκίας\n*[[1925]] - [[Μεθόδιος Φούγιας]], Έλληνας μητροπολίτης\n*[[1928]] - [[Αλμπέρτο Κόρντα]], Κουβανός φωτογράφος\n*[[1933]] - [[Χιλέβι Ρόμπιν]], Σουηδέζα μις Υφήλιος 1955\n*[[1937]] - [[Ρέντσο Πιάνο]], Ιταλός αρχιτέκτονας\n*[[1950]] - [[Πωλ Κοσσόφ]], Άγγλος κιθαρίστας\n*[[1956]] - [[Κώστας Καραμανλής]], Έλληνας πολιτικός\n*[[1960]] - [[Μελίσα Λίο]], Αμερικανίδα ηθοποιός\n*[[1965]] - [[Ντμίτρι Μεντβέντεφ]], Ρώσος πολιτικός\n*[[1969]] - [[Κώστας Κουκοδήμος]], Έλληνας αθλητής και πολιτικός\n*[[1973]] - [[Nas]], Αμερικανός πολυβραβευμένος ράπερ\n*[[1974]] - [[Χισάμ Ελ Γκερούζ]], Μαροκινός δρομέας\n*[[1976]] - [[Κέβιν Λιτλ]], τραγουδιστής από τον Άγιο Βικέντιο\n*[[1981]] - [[Miyavi]], Ιάπωνας τραγουδιστής, κιθαρίστας και ηθοποιός\n*[[1983]] - [[Έιμι Γουάινχαουζ]], Αγγλίδα τραγουδίστρια\n*[[1989]] - [[Λόγκαν Χέντερσον]], Αμερικανός τραγουδιστής και ηθοποιός\n\n== Θάνατοι ==\n*[[258]] - [[Κυπριανός Καρχηδόνας|Κυπριανός]], επίσκοπος Καρχηδόνας\n*[[407]] - [[Ιωάννης ο Χρυσόστομος]], Πατριάρχης Κωνσταντινουπόλεως\n*[[685]] - [[Κωνσταντίνος Δ΄]], Βυζαντινός αυτοκράτορας\n*[[775]] - [[Κωνσταντίνος Ε΄ Κοπρώνυμος]], Βυζαντινός αυτοκράτορας\n*[[891]] - [[Πάπας Στέφανος Ε΄]]\n*[[1146]] - [[Ιμαντεντίν Ζενγκί]], Τούρκος ατάμπεης\n*[[1321]] - [[Δάντης Αλιγκέρι]], Ιταλός συγγραφέας\n*[[1425]] - [[Κωνσταντία της Γαλλίας (1078-1126)]]\n*[[1435]] - [[Ιωάννης του Λάνκαστερ]], 1ος δούκας του Μπέντφορντ\n*[[1498]] - [[Τζοβάνι των Μεδίκων ο Ποπολάρος]], Ιταλός ευγενής\n*[[1523]] - [[Πάπας Αδριανός ΣΤ΄]]\n*[[1550]] - [[Φραγκίσκη του Αλανσόν]], Γαλλίδα ευγενής\n*[[1712]] - [[Τζιοβάνι Ντομένικο Κασίνι]], Ιταλός μαθηματικός, αστρονόμος και μηχανικός\n*[[1851]] - [[Τζέιμς Φένιμορ Κούπερ]], Αμερικανός συγγραφέας\n*[[1901]] - [[Ουίλλιαμ ΜακΚίνλεϊ]], 25ος πρόεδρος των Η.Π.Α.\n*[[1905]] - [[Άρμεν Κούπτσιος]], Έλληνας μακεδονομάχος\n*[[1916]] - [[Χοσέ Ετσεγαράι ι Εϊθαγίρρε]], Ισπανός συγγραφέας\n*[[1927]] - [[Χούγκο Μπαλ]], Γερμανός ποιητής\n*[[1927]] - [[Ισιδώρα Ντάνκαν]], Αμερικανίδα χορεύτρια\n*[[1936]] - [[Έρβιν Θάλμπεργκ]], Αμερικανός κινηματογραφικός παραγωγός\n*[[1937]] - [[Τόμας Μάζαρικ]], Τσέχος πολιτικός\n*[[1943]] - [[Βασίλης Λάσκος]], Έλληνας στρατιωτικός\n*[[1960]] - [[Μ. Καραγάτσης]], Έλληνας συγγραφέας\n*[[1966]] - [[Τζεμάλ Γκιουρσέλ]], Τούρκος στρατιωτικός και πολιτικός\n*[[1967]] - [[Γιώργος Τσιμπίδαρος-Φτέρης]], Έλληνας δημοσιογράφος και συγγραφέας\n*[[1972]] - [[Γεώργιος Πετρακογεώργης]], Έλληνας πολιτικός\n*[[1976]] - [[Παύλος της Γιουγκοσλαβίας|Παύλος]], πρίγκιπας της Γιουγκοσλαβίας\n*[[1980]] - [[Χοσέ Μαρία Χιλ Ρόμπλες ι Κινιόνες]], Ισπανός πολιτικός\n*[[1982]] - [[Γκρέις Κέλι]], Αμερικανίδα ηθοποιός\n*[[1982]] - [[Μπασίρ Τζεμαγιέλ]], Λιβανέζος πολιτικός\n*[[1984]] - [[Τζάνετ Γκέινορ]], Αμερικανίδα ηθοποιός\n*[[1987]] - [[Δημήτριος Παπανικολόπουλος]], Έλληνας στρατιωτικός\n*[[1989]] - [[Ζιλ Αντριαμαχαζό]], στρατιωτικός και πολιτικός από τη Μαδαγασκάρη\n*[[1994]] - [[Μαρίκα Κρεβατά]], Ελληνίδα ηθοποιός\n*[[1999]] - [[Περικλής Θεοχάρης]], Έλληνας πολιτικός\n*[[1999]] - [[Γιάννος Κρανιδιώτης]], Κύπριος πολιτικός\n*[[2001]] - [[Στέλιος Καζαντζίδης]], Έλληνας τραγουδιστής\n*[[2005]] - [[Ρόμπερτ Γουάιζ]], Αμερικανός σκηνοθέτης\n*[[2006]] - [[Μίκι Χάργκιτεϊ]], Ούγγρος ηθοποιός\n*[[2009]] - [[Πάτρικ Σουέιζι]], Αμερικανός ηθοποιός, τραγουδιστής και χορευτής\n*[[2011]] - [[Ρούντολφ Μέσμπαουερ]], Γερμανός φυσικός\n*[[2014]] - [[Γιώργος Σκαλενάκης]], Έλληνας σκηνοθέτης\n\n== Αργίες και εορτές ==\n* Ημέρα εθνικής μνήμης [[Γενοκτονία των Ελλήνων|Γενοκτονίας των Ελλήνων της Μικράς Ασίας από το Τουρκικό Κράτος]]\n=== [[Ορθόδοξη Εκκλησία]] ===\n{{Πύλη:Ορθοδοξία/Εορτολόγιο/14 Σεπτεμβρίου}}\n{{Μήνες}}\n\n[[Κατηγορία:Ημέρες του έτους]]"}}}]}]}}