{"batchcomplete":true,"query":{"normalized":[{"fromencoded":false,"from":"14_Νοεμβρίου","to":"14 Νοεμβρίου"}],"pages":[{"pageid":3569,"ns":0,"title":"14 Νοεμβρίου","revisions":[{"slots":{"main":{"contentmodel":"wikitext","contentformat":"text/x-wiki","content":"{{Μήνες Νοεμβρίου}}\n\n<center>[[13 Νοεμβρίου]] | '''14 Νοεμβρίου''' | [[15 Νοεμβρίου]]</center>\n\n----\nΗ '''14η Νοεμβρίου''' είναι η 318η ημέρα του έτους κατά το [[Γρηγοριανό ημερολόγιο]] (319η σε δίσεκτα έτη). Υπολείπονται 47 ημέρες.\n\n{{ΗμερολόγιοΣεΠίνακα|11}}\n\n== Γεγονότα ==\n*[[1821]] - Ολοκαύτωμα της [[Κασσάνδρεια|Κασσάνδρας]]: Οι [[Οθωμανική Αυτοκρατορία|Οθωμανοί]] καταπνίγουν την επανάσταση στην Κασσάνδρα της [[Χαλκιδική]]ς.\n*[[1862]] - [[Αμερικανικός Εμφύλιος Πόλεμος]]: Ο πρόεδρος [[Αβραάμ Λίνκολν]] εγκρίνει το σχέδιο του στρατηγού Άμπροζ Μπέρνσαϊντ να καταληφθεί το [[Ρίτσμοντ (Βιρτζίνια)]], πρωτεύουσα των [[Συνομόσπονδες Πολιτείες της Αμερικής|Συνομόσπονδων Πολιτειών της Αμερικής]].\n*[[1863]] - Με τη Συνθήκη του [[Λονδίνο]]υ, η [[Αγγλία]] παραχωρεί τα [[Επτάνησα]] στην [[Ελλάδα]].\n*[[1889]] - Η πρωτοποριακή δημοσιογράφος Νέλι Μπλάι (γνωστή και ως [[Ελίζαμπεθ Κόχραν]]) ξεκινά μια επιτυχημένη προσπάθεια να ταξιδέψει σε όλο τον κόσμο σε λιγότερο από 80 ημέρες. Θα ολοκληρώσει το ταξίδι σε 72 ημέρες.\n*[[1896]] - Ισχυρή καταιγίδα σε [[Αθήνα]] και [[Πειραιάς|Πειραιά]] με τραγικό απολογισμό 61 νεκρούς και μεγάλες καταστροφές ([[Πλημμύρα του Αγίου Φιλίππου]]).\n*[[1918]] - Η [[Τσεχοσλοβακία]] γίνεται δημοκρατία.\n*[[1921]] - Ιδρύεται το [[Κομμουνιστικό Κόμμα Ισπανίας]].\n*[[1940]] - [[Β΄ Παγκόσμιος Πόλεμος]]: Το [[Κόβεντρι]] βομβαρδίζεται από τους [[Γερμανοί|Γερμανούς]]. Ο καθεδρικός ναός του Κόβεντρι καταστρέφεται σχεδόν εντελώς.\n*[[1941]] - [[Β΄ Παγκόσμιος Πόλεμος]]: Το βρετανικό [[αεροπλανοφόρο]] ''Αρκ Ρόαγιαλ'' βυθίζεται μετά τον τορπιλισμό του από το [[Ναζιστική Γερμανία|γερμανικό]] υποβρύχιο U-81 στις [[13 Νοεμβρίου]].\n*[[1969]] - [[Απόλλων (διαστημικό πρόγραμμα)|Πρόγραμμα Απόλλων]]: Η [[NASA]] εκτοξεύει το ''[[Απόλλων 12]]'', τη δεύτερη [[Εξερεύνηση του διαστήματος|επανδρωμένη αποστολή]] στη [[Σελήνη]]. \n*[[1970]] - Η [[Ένωση Σοβιετικών Σοσιαλιστικών Δημοκρατιών|Σοβιετική Ένωση]] εισέρχεται στον [[Διεθνής Οργανισμός Πολιτικής Αεροπορίας|Διεθνή Οργανισμό Πολιτικής Αεροπορίας]], καθιστώντας τα ρωσικά την τέταρτη επίσημη γλώσσα του οργανισμού.\n*[[1970]] - Η πτήση 932 της Southern Airways συντρίβεται στη [[Δυτική Βιρτζίνια]], με 75 θύματα.\n*[[1970]] - Πολιτικά κόμματα \"νέου τύπου\" θα δημιουργηθούν στην πορεία προς τον \"κοινοβουλευτισμό\", όπως προβλέπει νομοσχέδιο της [[Στρατιωτική δικτατορία στην Ελλάδα (1967-1974)|χούντας]] που δίνεται στη δημοσιότητα.\n*[[1971]] - Ο [[Μάρινερ 9]] εισέρχεται σε τροχιά γύρω από τον [[Άρης (πλανήτης)|Άρη]].\n*[[1973]] - Στο [[Ηνωμένο Βασίλειο]], η [[πριγκίπισσα Άννα]] παντρεύεται τον Μαρκ Φίλιπς στο [[Αββαείο του Ουέστμινστερ]].\n*[[1973]] - Αρχίζει η [[εξέγερση του Πολυτεχνείου]] στην [[Αθήνα]], μία μαζική εκδήλωση λαϊκής αντίθεσης στη [[Στρατιωτική δικτατορία στην Ελλάδα (1967-1974)|στρατιωτική δικτατορία στην Ελλάδα]].\n* [[1975]] - Η Ισπανία, το [[Μαρόκο]] και η [[Μαυριτανία]] υπογράφουν συμφωνία για τη [[Δυτική Σαχάρα]].\n* [[1977]] - Από πυρκαγιά σε ξενοδοχείο της [[Μανίλα]]ς στις [[Φιλιππίνες]], βρίσκουν το θάνατο 47 άτομα.\n* [[1979]] - Ο Πρόεδρος των ΗΠΑ, [[Τζίμι Κάρτερ]], δίνει εντολή στις αμερικανικές τράπεζες να δεσμεύσουν τις καταθέσεις του Ιράν, που ανέρχονταν σε πολλά δισεκατομμύρια δολάρια.\n* [[1980]] - Εκδηλώνεται επιτυχές [[πραξικόπημα]] στη [[Γουινέα-Μπισσάου]]. Ο [[Νίνο Βιέιρα]] καταλαβάνει την εξουσία, ανατρέποντας το [[Λουίς Καμπράλ]].\n* [[1982]] - Έπειτα από περιορισμό 11 μηνών, απελευθερώνεται ο [[Λεχ Βαλέσα]], ηγέτης της «Αλληλεγγύης» στην [[Πολωνία]].\n* [[1983]] - Οι πρώτοι αμερικανικοί πύραυλοι Κρουζ φτάνουν στη Βρετανία εν μέσω διαμαρτυριών από ειρηνιστές.\n* [[1984]] - Στο [[Ελ Σαλβαδόρ]], η κυβέρνηση απορρίπτει σχέδιο των ανταρτών για κατάπαυση του πυρός.\n* [[1985]] - Η πρώτη ανακάλυψη των [[φουλερένια|φουλερένιων]] ανακοινώνεται στο περιοδικό «Nature».\n* [[1988]] - Η [[Οργάνωση για την Απελευθέρωση της Παλαιστίνης]] ανακηρύσσει αυτόνομο παλαιστινιακό κράτος.\n* [[1989]] - Ο [[Μάνος Χατζιδάκις]] ιδρύει την «[[Ορχήστρα των Χρωμάτων]]».\n* [[1990]] - Έπειτα από 28 ημέρες, λαμβάνει τέλος η μεγαλύτερη εξέγερση κρατουμένων στα ελληνικά χρονικά στις [[φυλακές Κορυδαλλού]] (19 κρατούμενοι καταφέρνουν να αποδράσουν).\n* [[1991]] - Ύστερα από 13 χρόνια στην εξορία, επιστρέφει στην [[Καμπότζη]] ο Βασιλιάς [[Νοροντόμ Σιχανούκ]].\n* [[1991]] - Οι ΗΠΑ και η Βρετανία κατηγορούν επίσημα δύο Λίβυους, που πιστεύουν, ότι είναι αξιωματούχοι των μυστικών υπηρεσιών της Λιβύης, για την τοποθέτηση βόμβας στο αεροσκάφος της \"Panamerican\" που εξερράγη πάνω από το Λόκερμπι της Σκοτίας, το 1988.\n* [[1993]] - [[Δημοψήφισμα]] στο [[Πουέρτο Ρίκο]] αποβαίνει αρνητικό για την ένταξή του στις ΗΠΑ, ως 51η πολιτεία.\n* [[1995]] - Η Γερμανία εγκρίνει την έκδοση στη Σιγκαπούρη του Νικ Λίσον, οι δραστηριότητες του οποίου είχαν προκαλέσει τη χρεοκοπία της βρετανικής τράπεζας \"Μπάρινγκς\".\n* [[1997]] - Στην Αλβανία, πάνω από 30 χιλιάδες άτομα παρακολουθούν την κηδεία των σορών 52 προσφύγων, που είχαν πνιγεί στην Αδριατική, όταν ιταλικά πολεμικά σκάφη βομβάρδισαν το πλοίο, που τους μετέφερε.\n* [[2000]] - Το [[Βατικανό]] αναγνωρίζει τη [[γενοκτονία των Αρμενίων]].\n*   2000   - Ανακαλύπτονται 3 νέα είδη [[λεμούριος|λεμούριου]] στη [[Μαδαγασκάρη]].\n*   2000   - Το [[Μαυροβούνιο]] καταργεί το δηνάριο.\n*   2000   - Κυκλοφορεί ο φυλλομετρητής ιστοσελίδων [[Netscape Navigator]] έκδοση 6.0.\n* [[2001]] - Δυνάμεις της Βόρειας Συμμαχίας [[Πτώση της Καμπούλ|καταλαμβάνουν]] την πρωτεύουσα [[Καμπούλ]] στο [[Αφγανιστάν]].\n* [[2002]] - Το Ιράκ αποδέχεται άνευ όρων το ψήφισμα του ΟΗΕ για την επιστροφή των επιθεωρητών στο έδαφός του, για τον έλεγχο του οπλοστασίου και τον αφοπλισμό του.\n* [[2003]] - Έπειτα από τρεις δεκαετίες βίας, ανακοινώνεται άνευ όρων κατάπαυση του πυρός από τους αυτονομιστές της [[Κορσική]]ς.\n*   2003   - Ανακαλύπτεται ο αστεροειδής «[[Σέντνα]]» (''90377 Sedna'').\n* [[2006]] - Το Κοινοβούλιο της [[Νότια Αφρική|Νότιας Αφρικής]] νομιμοποιεί του γάμους μεταξύ των ατόμων του ίδιου φύλου.\n* [[2008]] - Ινδικό διαστημικό όχημα προσεδαφίζεται στη Σελήνη.\n* [[2015]] - Τρομοκρατικό χτύπημα στο θέατρο Μπατακλάν στο Παρίσι από Ισλαμιστές προκαλώντας το θάνατο σε 153 και 200 τραυματίες πολίτες.\n\n== Γεννήσεις ==\n*[[1650]] - [[Γουλιέλμος Γ΄ της Αγγλίας|Γουλιέλμος Γ΄]], βασιλιάς της Αγγλίας\n*[[1765]] - [[Ρόμπερτ Φούλτον]], Αμερικανός μηχανικός και εφευρέτης\n*[[1787]] - [[Γιάκομπ Λινκ]], Γερμανός ζωγράφος και αρχαιολόγος\n*[[1797]] - [[Κάρολος Λάιελ]], Σκωτσέζος γεωλόγος και δικηγόρος\n*[[1840]] - [[Κλωντ Μονέ]], Γάλλος ζωγράφος\n*[[1888]] - [[Ανδρέας Μαλανδρίνος]], Έλληνας ηθοποιός\n*[[1889]] - [[Τζαβαχαρλάλ Νεχρού]], Ινδός πολιτικός\n*[[1891]] - [[Φρέντερικ Μπάντινγκ]], Καναδός ιατρός\n*[[1900]] - [[Άρον Κόουπλαντ]], Αμερικανός συνθέτης\n*[[1907]] - [[Άστριντ Λίντγκρεν]], Σουηδέζα συγγραφέας\n*[[1908]] - [[Τζόζεφ Μακάρθυ]], Αμερικανός πολιτικός\n*[[1910]] - [[Έρι Μπολ]], Ουαλός γκόλφερ\n*[[1917]] - [[Παρκ Τζονγκ-χούι]], Νοτιοκορεάτης πολιτικός\n*[[1922]] - [[Μπούτρος Μπούτρος - Γκάλι]], Αιγύπτιος πολιτικός και διπλωμάτης\n*[[1930]] - [[Πιερ Μπερζέ]], Γάλλος επιχειρηματίας\n*[[1935]] - [[Λευτέρης Παπαδόπουλος]], Έλληνας στιχουργός και δημοσιογράφος\n*[[1946]] - [[Μάνος Κοντολέων]], Έλληνας συγγραφέας\n*[[1948]] - [[Κάρολος, Πρίγκιπας της Ουαλίας]]\n*[[1949]] - [[Βαγγέλης Γερμανός]], Έλληνας τραγουδοποιός\n*[[1951]] - [[Τζανγκ Γι Μόου]], Κινέζος σκηνοθέτης\n*[[1951]] - [[Λάσεκ Κίτσι]], Πολωνός ορειβάτης\n*[[1952]] - [[Δήμητρα Γαλάνη]], Ελληνίδα τραγουδίστρια\n*[[1953]] - [[Ντομινίκ ντε Βιλπέν]], Γάλλος πολιτικός\n*[[1954]] - [[Yanni]], Έλληνας πιανίστας, συνθέτης και παραγωγός\n*[[1954]] - [[Κοντολίζα Ράις]], Αμερικανίδα πολιτικός\n*[[1954]] - [[Ελισέο Σαλάζαρ]], Χιλιανός οδηγός αγώνων\n*[[1972]] - [[Ματ Μπλουμ]], Αμερικανός παλαιστής\n*[[1972]] - [[Τζος Ντουχάμελ]], Αμερικανός ηθοποιός\n*[[1979]] - [[Όλγα Κιριλένκο]], Ουκρανή ηθοποιός και μοντέλο\n*[[1979]] - [[Ραλλία Χρηστίδου]], Ελληνίδα τραγουδίστρια\n*[[1984]] - [[Μαρίγια Σερίφοβιτς]], Σέρβα τραγουδίστρια\n*[[1986]] - [[Χρήστος Μάστορας]], Έλληνας τραγουδιστής ([[Melisses]])\n*[[1987]] - [[Γιώργος Κ. Γεωργιάδης]], Έλληνας ποδοσφαιριστής\n*[[1993]] - [[Σαμουέλ Ουμτιτί]], Γάλλος ποδοσφαιριστής\n\n== Θάνατοι ==\n*[[565]] - [[Ιουστινιανός Α´]], Βυζαντινός αυτοκράτορας\n*[[1060]] - [[Γοδεφρείδος Β΄ του Ανζού|Γοδεφρείδος Β΄]], κόμης του Ανζού\n*[[1263]] - [[Αλέξανδρος Νιέφσκι]], μέγας πρίγκιπας του Νόβγκοροντ και του Βλαντίμιρ\n*[[1359]] - [[Γρηγόριος Παλαμάς]], Έλληνας μοναχός και μητροπολίτης \n*[[1716]] - [[Γκότφριντ Βίλχελμ Λάιμπνιτς]], Γερμανός φιλόσοφος και μαθηματικός\n*[[1831]] - [[Γκέοργκ Βίλχελμ Φρήντριχ Χέγκελ]], Γερμανός φιλόσοφος\n*[[1841]] - [[Τόμας Μπρους, 7ος κόμης του Έλγιν]]\n*[[1866]] - [[Μιχαήλ Α΄ της Πορτογαλίας|Μιχαήλ Α΄]], βασιλιάς της Πορτογαλίας\n*[[1903]] - [[Αιμίλιος Λεγκράν]], Γάλλος συγγραφέας\n*[[1908]] - [[Αλέξιος Αλεξάνδροβιτς της Ρωσίας|Αλέξιος Αλεξάνδροβιτς]], μέγας δούκας της Ρωσίας\n*[[1912]] - [[Ιωακείμ Γ΄ Μεγαλοπρεπής]], Οικουμενικός Πατριάρχης\n*[[1950]] - [[Ορχάν Βελί Κανίκ]], Τούρκος ποιητής\n*[[1955]] - [[Ρόμπερτ Σέργουντ]], Αμερικανός θεατρικός συγγραφέας\n*[[1960]] - [[Ουόλτερ Κάτλετ]], Αμερικανός ηθοποιός\n*[[1980]] - [[Λεωνίδας Δερτιλής]], Έλληνας οικονομολόγος και πολιτικός\n*[[1984]] - [[Νικήτας Πλατής]], Έλληνας ηθοποιός\n*[[1992]] - [[Ερνστ Χάπελ]], Αυστριακός ποδοσφαιριστής και προπονητής\n*[[2002]] - [[Έλενα Νικολαΐδη]], Ελληνίδα μεσόφωνος\n*[[2003]] - [[Σπύρος Μελετζής]], Έλληνας φωτογράφος\n*[[2013]] - [[Αλέξανδρος Αβραμίδης]], Έλληνας πολιτικός\n*[[2015]] - [[Γιάννης Κακουλίδης]], Έλληνας συγγραφέας\n*[[2015]] - [[Νικ Μπόκβινκελ]], Αμερικανός παλαιστής\n\n== Αργίες και εορτές ==\n\n* Παγκόσμια Ημέρα καταπολέμησης του [[διαβήτης (ασθένεια)|διαβήτη]].\n\n=== [[Ορθόδοξη Εκκλησία]] ===\n{{Πύλη:Ορθοδοξία/Εορτολόγιο/14 Νοεμβρίου}}\n\n{{Μήνες}}\n\n[[Κατηγορία:Ημέρες του έτους]]"}}}]}]}}