{"batchcomplete":true,"query":{"normalized":[{"fromencoded":false,"from":"14_Μαΐου","to":"14 Μαΐου"}],"pages":[{"pageid":1849,"ns":0,"title":"14 Μαΐου","revisions":[{"slots":{"main":{"contentmodel":"wikitext","contentformat":"text/x-wiki","content":"{{Πηγές|3=2022|2=01|8}}\n{{Μήνες Μαΐου}}\n\n<center>[[13 Μαΐου]] | '''14 Μαΐου''' | [[15 Μαΐου]]</center>\n\n----\nΗ '''14η Μαΐου''' είναι η 134η ημέρα του έτους κατά το [[Γρηγοριανό ημερολόγιο]] (135η σε δίσεκτα έτη).  Υπολείπονται 231 ημέρες.\n\n{{ΗμερολόγιοΣεΠίνακα|5}}\n\n== Γεγονότα ==\n*[[1264]] - Μάχη του Λούες: Ο [[Ερρίκος Γ΄ της Αγγλίας]] αιχμαλωτίζεται και ο Σιμόν ντε Μονφόρ γίνεται [[de facto]] κυβερνήτης της [[Αγγλία]]ς.\n*[[1509]] - [[Γαλλία|Γαλλικές]] δυνάμεις νικούν τους [[Βενετία|Βενετούς]] στη μάχη του Ανιαντέλο στη βόρεια [[Ιταλία]]. \n*[[1610]] - Δολοφονείται στο [[Παρίσι]] ο [[Ερρίκος Δ΄ της Γαλλίας]]. Νέος βασιλιάς της [[Γαλλία]]ς γίνεται ο [[Λουδοβίκος ΙΓ΄ της Γαλλίας|Λουδοβίκος ΙΓ΄]].\n*[[1643]] - Πεθαίνει ο βασιλιάς [[Λουδοβίκος ΙΓ΄ της Γαλλίας]]. Νέος βασιλιάς της [[Γαλλία]]ς γίνεται, σε ηλικία 5 ετών, ο [[Λουδοβίκος ΙΔ΄ της Γαλλίας|Λουδοβίκος ΙΔ΄]].\n*[[1787]] - Αντιπρόσωποι συγκαλούν στη [[Φιλαδέλφεια (Πενσυλβάνια)]] Συντακτική Συνέλευση για να συντάξει ένα νέο Σύνταγμα για τις [[Ηνωμένες Πολιτείες Αμερικής]]. Προεδρεύει ο [[Τζορτζ Ουάσινγκτον]].\n*[[1796]] - Ο [[Έντουαρντ Τζέννερ]] κάνει τον πρώτο εμβολιασμό κατά της [[ευλογιά]]ς.\n*[[1863]] - [[Αμερικανικός Εμφύλιος Πόλεμος]]: Λαμβάνει χώρα η μάχη του [[Τζάκσον]].\n*[[1913]] - Ο [[κυβερνήτης της Νέας Υόρκης]] εγκρίνει τον καταστατικό χάρτη για το Ίδρυμα Ροκφέλερ, το οποίο αρχίζει τη λειτουργία του με μία δωρεά 100.000.000$ από τον [[Τζον Ντάβισον Ροκφέλερ]].\n*[[1925]] - Εκδίδεται το μυθιστόρημα της [[Βιρτζίνια Γουλφ]] ''Η κυρία Ντάλογουεη''.\n*[[1928]] - Αρχίζει η λειτουργία της [[Τράπεζα της Ελλάδος|Τράπεζας της Ελλάδος]].\n*[[1939]] - Η [[Λίνα Μεδίνα]] σε ηλικία 5 ετών γίνεται η νεαρότερη επιβεβαιωμένη μητέρα στην ιστορία της ιατρικής.\n*[[1940]] - [[Β΄ Παγκόσμιος Πόλεμος]]: Η [[Ναζιστική Γερμανία|γερμανική]] αεροπορία [[Βομβαρδισμός του Ρότερνταμ|βομβαρδίζει το Ρότερνταμ]].\n*[[1944]] - Τρεις μέρες πριν από την έναρξη του [[Συνέδριο του Λιβάνου|Συνεδρίου του Λιβάνου]], αντιπροσωπεία του [[Εθνικό Απελευθερωτικό Μέτωπο|Ε.Α.Μ.]] στέλνει τηλεγράφημα προς τον [[Ουίνστον Τσώρτσιλ]] και τον [[Φραγκλίνος Ρούζβελτ|Φραγκλίνο Ρούζβελτ]] αποκηρύσσοντας το στασιαστικό κίνημα και διαβεβαιώνοντας την προσήλωση των [[Έλληνες|Ελλήνων]] στον συμμαχικό αγώνα.  \n*[[1948]] - Το [[Ισραήλ]] ανακηρύσσεται ανεξάρτητο κράτος και εγκαθίσταται προσωρινή κυβέρνηση. Αμέσως μετά την ανακήρυξη, το Ισραήλ δέχεται επίθεση από τα γειτονικά αραβικά κράτη και αρχίζει ο Αραβοϊσραηλινός πόλεμος του 1948.\n*[[1955]] - [[Ψυχρός πόλεμος]]: Οκτώ [[Κομμουνισμός|κομμουνιστικές]] χώρες, συμπεριλαμβανομένης και της [[Ένωση Σοβιετικών Σοσιαλιστικών Δημοκρατιών|Σοβιετικής Ένωσης]], υπογράφουν μία [[Διεθνής Συνθήκη|συνθήκη]] αμοιβαίας άμυνας που ονομάζεται [[Σύμφωνο της Βαρσοβίας]].\n*[[1962]] - Τελούνται στην [[Αθήνα]] οι γάμοι της πριγκίπισσας [[Βασίλισσα Σοφία της Ισπανίας|Σοφίας]] και του διαδόχου του [[Ισπανία|ισπανικού]] θρόνου, πρίγκιπα [[Χουάν Κάρλος Α΄ της Ισπανίας|Χουάν Κάρλος]].\n*[[1963]] - Το [[Κουβέιτ]] γίνεται μέλος του [[Οργανισμός Ηνωμένων Εθνών|Ο.Η.Ε.]]\n*[[1967]] - Με πρωτοβουλία στελεχών της [[Ενιαία Δημοκρατική Αριστερά|Ε.Δ.Α.]] και του [[Κομμουνιστικό Κόμμα Ελλάδας|Κ.Κ.Ε.]] ιδρύεται η πρώτη αντιστασιακή οργάνωση, το [[Πανελλήνιο Αντιδικτατορικό Μέτωπο]] (ΠΑΜ), με επικεφαλής τον [[Μίκης Θεοδωράκης|Μίκη Θεοδωράκη]], το οποίο εκδίδει παράνομα στην [[Αθήνα]] το έντυπο ''Νέα Ελλάδα''.\n*[[1970]] - Η [[Ουλρίκε Μάινχοφ]] και άλλοι απελευθερώνουν από τη φυλακή τον Αντρέας Μπάαντερ, γεγονός που αποτελεί καίρια στιγμή στο σχηματισμό της οργάνωσης [[Φράξια Κόκκινος Στρατός]]. \n*[[1973]] - Εκτοξεύεται ο Skylab, ο πρώτος [[διαστημικός σταθμός]] των [[Ηνωμένες Πολιτείες Αμερικής|Ηνωμένων Πολιτειών]].\n*[[1988]] - Στο [[Κεντάκι]], [[Ηνωμένες Πολιτείες Αμερικής]], ένας μεθυσμένος οδηγός που οδηγεί στο αντίθετο ρεύμα συγκρούεται με σχολικό λεωφορείο. Είκοσι επτά άτομα σκοτώνονται κατά τη σύγκρουση και την επακόλουθη πυρκαγιά. \n\n== Γεννήσεις ==\n*[[1316]] - [[Κάρολος Δ΄ της Αγίας Ρωμαϊκής Αυτοκρατορίας|Κάρολος Δ΄]], αυτοκράτορας της Αγίας Ρωμαϊκής Αυτοκρατορίας\n*[[1481]] - [[Ρούπρεχτ επίσκοπος του Φράιζινγκ]]\n*[[1553]] - [[Μαργαρίτα της Γαλλίας (1553–1615)|Μαργαρίτα]], βασίλισσα της Γαλλίας\n*[[1836]] - [[Βίλελμ Στάινιτς]], Αυστριακός σκακιστής\n*[[1867]] - [[Κουρτ Άισνερ]], Γερμανός πολιτικός\n*[[1880]] - [[Βίλχελμ Λιστ]], Γερμανός στρατάρχης\n*[[1899]] - [[Στέλιος Περπινιάδης]], Έλληνας τραγουδιστής\n*[[1901]] - [[Χριστόφορος της Έσσης|Χριστόφορος]], πρίγκιπας της Έσσης\n*[[1924]] - [[Καίτη Γκρέι]], Ελληνίδα τραγουδίστρια\n*[[1933]] - [[Τσαρλς Άντρομπας]], γενικός κυβερνήτης του Αγίου Βικεντίου και Γρεναδίνων\n*[[1936]] - [[Μπόμπι Ντάριν]], Αμερικανός τραγουδιστής\n*[[1942]] - [[Σώτια Τσώτου]], Ελληνίδα στιχουργός\n*[[1943]] - [[Τζακ Μπρους]], Σκωτσέζος μουσικός ([[Cream]])\n*[[1943]] - [[Όλαφουρ Ράγκναρ Γκρίμσον]], Ισλανδός πολιτικός\n*[[1944]] - [[Τζορτζ Λούκας]], Αμερικανός σκηνοθέτης\n*[[1947]] - [[Αν Βιαζέμσκι]], Γαλλίδα ηθοποιός\n*[[1948]] - [[Πιερ Ανρί Ματσιόνι]], Γάλλος πολιτικός\n*[[1952]] - [[Ρόμπερτ Ζεμέκις]], Αμερικανός σκηνοθέτης\n*[[1953]] - [[Νοροντόμ Σιχαμόνι]], βασιλιάς της Καμπότζης\n*[[1955]] - [[Βέιντερ]], Αμερικανός παλαιστής\n*[[1960]] - [[Σιμονέτα Σομαρούγκα]], Ελβετίδα πολιτικός\n*[[1961]] - [[Γιώργος Πατούλης]], Έλληνας πολιτικός \n*[[1964]] - [[Ρόσεν Πλέβνελιεφ]], Βούλγαρος πολιτικός\n*[[1969]] - [[Κέιτ Μπλάνσετ]], Αυστραλή ηθοποιός\n*[[1971]] - [[Σοφία Κόπολα]], Αμερικανίδα σκηνοθέτης\n*[[1979]] - [[Νταν Άουερμπακ]], Αμερικανός τραγουδιστής\n*[[1983]] - [[Αναΐ]], Μεξικανή τραγουδίστρια και ηθοποιός\n*[[1983]] - [[Σαρμπέλ]], Κύπριος τραγουδιστής\n*[[1983]] - [[Άμπερ Τάμπλιν]], Αμερικανίδα ηθοποιός\n*[[1984]] - [[Μαρκ Ζάκερμπεργκ]], Αμερικανός επιχειρηματίας και ιδρυτής του Facebook\n*[[1985]] - [[Ζακ Ράιντερ]], Αμερικανός παλαιστής\n*[[1986]] - [[Αλιόσα]], Ουκρανή τραγουδίστρια\n*[[1990]] - [[Μάριος Αντωνιάδης]], Κύπριος ποδοσφαιριστής\n*[[1993]] - [[Μιράντα Κόσγκροβ]], Αμερικανίδα ηθοποιός και τραγουδίστρια\n*[[1995]] - [[Κέλι Γκέιλ]], Αυστραλή/Ινδή μοντέλο\n\n== Θάνατοι ==\n*[[649]] - [[Πάπας Θεόδωρος Α΄]]\n*[[964]] - [[Πάπας Ιωάννης ΙΒ΄]]\n*[[1595]] - [[Βόλφγκανγκ του Γκρουμπενχάγκεν|Βόλφγκανγκ]] δούκας του Μπράουνσβαϊγκ-Γκρουμπενχάγκεν\n*[[1608]] - [[Κάρολος Γ΄ της Λωρραίνης|Κάρολος Γ΄]], δούκας της Λωρραίνης\n*[[1610]] - [[Ερρίκος Δ΄ της Γαλλίας|Ερρίκος Δ΄]], βασιλιάς της Γαλλίας\n*[[1643]] - [[Λουδοβίκος ΙΓ΄ της Γαλλίας|Λουδοβίκος ΙΓ΄]], βασιλιάς της Γαλλίας\n*[[1688]] - [[Αντουάν Φυρετιέρ]], Γάλλος συγγραφέας\n*[[1854]] - [[Σοφί ντε Μαρμπουά Λεμπρέν]], δούκισσα της Πλακεντίας\n*[[1895]] - [[Αρχιεπίσκοπος Κέρκυρας Ευστάθιος]], Έλληνας κληρικός\n*[[1912]] - [[Άουγκουστ Στρίντμπεργκ]], Σουηδός συγγραφέας\n*[[1925]] - [[Χένρυ Ράιντερ Χάγκαρντ]], Άγγλος συγγραφέας\n*[[1940]] - [[Έμμα Γκόλντμαν]], Λιθουανή αναρχική\n*[[1954]] - [[Χάιντς Γκουντέριαν]], Γερμανός στρατηγός\n*[[1961]] - [[Θεμιστοκλής Αθανασιάδης Νόβας]], Έλληνας δημοσιογράφος και συγγραφέας\n*[[1966]] - [[Ελευθέριος Σταυρίδης]], Έλληνας δημοσιογράφος\n*[[1976]] - [[Παναγιώτης Μάτσος]], Έλληνας πολιτικός\n*[[1987]] - [[Ρίτα Χέιγουορθ]], Αμερικανίδα ηθοποιός\n*[[1989]] - [[Μαίρη Λαλοπούλου]], Ελληνίδα ηθοποιός\n*[[1991]] - [[Αναστάσιος Γκόγκος]], Έλληνας ζωγράφος\n*[[1995]] - [[Κρίστιαν Άνφινσεν]], Αμερικανός χημικός\n*[[1995]] - [[Λαβίτι Στάουτ]], πολιτικός από τις Βρετανικές Παρθένους Νήσους\n*[[1998]] - [[Φρανκ Σινάτρα]], Αμερικανός τραγουδιστής και ηθοποιός\n*[[2015]] - [[B.B. King]], Αμερικανός κιθαρίστας\n\n== Αργίες και εορτές ==\n\n=== [[Ορθόδοξη Εκκλησία]] ===\n{{Πύλη:Ορθοδοξία/Εορτολόγιο/14 Μαΐου}}\n\n{{Μήνες}}\n\n[[Κατηγορία:Ημέρες του έτους]]"}}}]}]}}