{"batchcomplete":true,"query":{"normalized":[{"fromencoded":false,"from":"15_Οκτωβρίου","to":"15 Οκτωβρίου"}],"pages":[{"pageid":3358,"ns":0,"title":"15 Οκτωβρίου","revisions":[{"slots":{"main":{"contentmodel":"wikitext","contentformat":"text/x-wiki","content":"{{Μήνες Οκτωβρίου}}\n\n<center>[[14 Οκτωβρίου]] | '''15 Οκτωβρίου''' | [[16 Οκτωβρίου]]</center>\n\n----\n{{ΗμερολόγιοΣεΠίνακα|10}}\nΗ '''15η Οκτωβρίου''' είναι η 288η ημέρα του έτους κατά το [[Γρηγοριανό ημερολόγιο]] (289η σε δίσεκτα έτη). Υπολείπονται 77 ημέρες.\n\n== Γεγονότα ==\n*[[1066]] - Ο [[Έντγκαρ Έθελινγκ]] ανακηρύσσεται βασιλιάς της [[Αγγλία]]ς, αλλά δεν θα στεφθεί ποτέ. Θα βασιλέψει μέχρι τις [[10 Δεκεμβρίου]] του [[1066]].\n*[[1211]] - Ο [[Λατινική Αυτοκρατορία|Λατίνος αυτοκράτορας]] [[Ερρίκος της Φλάνδρας]] νικά τον [[Αυτοκρατορία της Νίκαιας|αυτοκράτορα της Νίκαιας]], [[Θεόδωρος Α΄ Λάσκαρης|Θεόδωρο Α΄ Λάσκαρη]], στη μάχη του Ρύνδακου.\n*[[1582]] - Στην [[Ισπανία]], την [[Ιταλία]], την [[Πολωνία]] και την [[Πορτογαλία]] εφαρμόζεται για πρώτη φορά το [[Γρηγοριανό ημερολόγιο]] που εισήγαγε ο [[Πάπας Γρηγόριος ΙΓ΄]]. \n*[[1764]] - Ο [[Έντουαρντ Γκίμπον]] παρατηρεί μία ομάδα μοναχών να τραγουδάει στον ερειπωμένο ναό του [[Γιούπιτερ|Δία]] στη [[Ρώμη]], γεγονός που τον εμπνέει να αρχίσει το έργο του ''Η Ιστορία της Παρακμής και της Πτώσης της Ρωμαϊκής Αυτοκρατορίας''. \n*[[1815]] - Ο [[Ναπολέων Α΄ της Γαλλίας]] φτάνει εξόριστος στη [[Νήσος Αγίας Ελένης|νήσο της Αγίας Ελένης]] στον [[Ατλαντικός Ωκεανός|Ατλαντικό Ωκεανό]].\n*[[1888]] - Ο [[Τζακ ο Αντεροβγάλτης]] ταχυδρομεί το γράμμα «από την Κόλαση».\n*[[1894]] - [[Υπόθεση Ντρέιφους]]: ο Άλφρεντ Ντρέιφους συλλαμβάνεται για προδοσία.\n* [[1933]] - 26 άτομα πεθαίνουν από τη βύθιση του ελληνικού φορτηγού «Αννούλα» εξαιτίας [[κυκλώνας|κυκλώνα]].\n* [[1944]] - Το Σύνταγμα Ξηροβουνίου ΕΔΕΣ με Οπλαρχηγό τον [[Αλέξανδρος Παπαδόπουλος (βουλευτής Ιωαννίνων)|Αλέξανδρο Παπαδόπουλο]] απελευθερώνει τα Ιωάννινα επισφραγίζοντας συμβολικά την λήξη της κατοχικής περιόδου στην Ήπειρο.\n* [[1944]] - Αγγλικά στρατεύματα υπό το Στρατηγό [[Ρόναλντ Σκόμπι]] αποβιβάζονται στην [[Ελλάδα]]. Διαδηλώσεις δεξιών πολιτών δέχονται προπηλακισμούς από μέλη του ΕΑΜ, ενώ αριστερές διαδηλώσεις θα χτυπηθούν ένοπλα, από τα πυρά σκοτώθηκαν τουλάχιστον επτά μέλη εαμικών οργανώσεων και τραυματίστηκαν 82.\n* [[1949]] - Η προσωρινή Δημοκρατική Κυβέρνηση ανακοινώνει ότι ο [[Δημοκρατικός Στρατός Ελλάδας|Δημοκρατικός Στρατός]] τερματίζει οριστικά τις επιχειρήσεις χωρίς όμως να καταθέσει και τα όπλα. Τραγικός απολογισμός από τον [[Ελληνικός Εμφύλιος Πόλεμος 1946-1949|Εμφύλιο Πόλεμο (1946-49)]], με 8.249 νεκρούς για το Στρατό, 37.757 τραυματίες και 2.001 εξαφανισθέντες , ενώ για τους αντάρτες 38.220 νεκροί και πλείστοι εξαφανισθέντες. Οι επίσημες κρατικές στατιστικές υπολογίζουν σε 3.033 τους εκτελεσθέντες αριστερούς.\n* [[1950]] - Με την έγκριση του [[ΟΗΕ]], η [[Νότια Κορέα]] εισβάλλει στη [[Βόρεια Κορέα]] και καταλαμβάνει την [[Πιονγιάνγκ]].\n* [[1951]] - Κάνει πρεμιέρα η θρυλική αμερικάνικη τηλεοπτική σειρά \"I love Lucy\".\n* 1951 - Παρασκευάζεται από το Μεξικανό [[Λουίς Ερνέστο Μιραμόντες|Λουίς Μιραμόντες]] το πρώτο [[Αντισύλληψη|αντισυλληπτικό χάπι]].\n* [[1954]] - Επανδρώνεται στο [[Ηράκλειο]] η πρώτη σε ελληνικό έδαφος βάση των [[ΗΠΑ]].\n*[[1969]] - [[Πόλεμος του Βιετνάμ]]: Λαμβάνει χώρα στις [[Ηνωμένες Πολιτείες Αμερικής]] το μορατόριουμ για τον τερματισμό του πολέμου στο [[Βιετνάμ]] και πάνω από δύο εκατομμύρια διαδηλώνουν σε εθνικό επίπεδο, εκ των οποίων 250.000 στην [[Ουάσινγκτον]]. \n*[[1970]] - 35 εργάτες σκοτώνονται όταν καταρρέει ένα τμήμα της νέας γέφυρας Ουέστ Γκέιτ στη [[Μελβούρνη]].\n* [[1973]] - Σε έφοδο των τανκς κατά φοιτητών διαδηλωτών στην [[Ταϊλάνδη]], σκοτώνονται πάνω από 300 άτομα.\n* [[1976]] - Εμπορικό πλοίο με πλήρωμα 37 ατόμων εξαφανίζεται στο [[Τρίγωνο των Βερμούδων]].\n* [[1979]] - [[Χούντα]] ανατρέπει τον Πρόεδρο Ρομέρο στο [[Ελ Σαλβαδόρ]] με [[πραξικόπημα]].\n* [[1987]] - Η μεγάλη καταιγίδα του 1987 πλήττει τη [[Γαλλία]] και την [[Αγγλία]].\n* [[1990]] - Με το [[Νόμπελ Ειρήνης]] βραβεύεται ο ηγέτης της [[ΕΣΣΔ]], [[Μιχαήλ Γκορμπατσόφ]].\n* [[1991]] - Η [[Βοσνία Ερζεγοβίνη]] ανακηρύσσει την ανεξαρτησία της από τη [[Γιουγκοσλαβία]].\n* [[1993]] - Το [[Νόμπελ Ειρήνης]] μοιράζονται οι Νοτιοαφρικανοί [[Φρεντερίκ ντε Κλερκ|Φρ. Ντε Κλερκ]] και [[Νέλσον Μαντέλα]].\n* [[1995]] - Επανεκλέγεται Πρόεδρος του [[Ιράκ]] (σε δημοψήφισμα-για  μια ακόμα επταετή θητεία) ο [[Σαντάμ Χουσεΐν]], με 99,96%.\n* [[1997]] - Εκτοξεύεται στο Διάστημα το αμερικανικό διαστημικό όχημα [[Κασσίνι - Χόιχενς|Κασίνι]], που σε διάστημα 7 ετών θα φτάσει τον [[Κρόνος (πλανήτης)|Κρόνο]].\n* 1997 - Ο Βρετανός Άντι Γκριν με το ''ThrustHCC'', καταρρίπτει το φράγμα του ήχου στη γη, για πρώτη φορά.\n* [[1999]] - Το [[Νόμπελ Ειρήνης]] απονέμεται στην ανθρωπιστική οργάνωση «[[Γιατροί χωρίς Σύνορα]]», που ιδρύθηκε στη Γαλλία, το 1971 και αριθμεί περίπου 2.000 άτομα, το 70% εκ των οποίων είναι γιατροί.\n* 1999 - Βρίσκεται στη Γερμανία η αυθεντική λίστα του Σίντλερ με 1.200 ονόματα Εβραίων που σώθηκαν από το [[Ολοκαύτωμα]].\n* [[2003]] - Εκτοξεύεται η πρώτη επανδρωμένη αποστολή της Κίνας στο Διάστημα με το όχημα \"Σένζου|Shenzhou 5\".\n* 2003 -Ο [[Βασίλης Χατζηπαναγής]] (4.104 ψήφους) αναδείχθηκε πρώτος στην ψηφοφορία της [[Ελληνική Ποδοσφαιρική Ομοσπονδία|EΠO]], για την ανάδειξη του καλύτερου Έλληνα ποδοσφαιριστή των τελευταίων πενήντα χρόνων. \n* [[2005]] - Με δημοψήφισμα στο [[Ιράκ]] εγκρίνεται (με 78,5% υπέρ έναντι 21,4% κατά) το νέο [[Σύνταγμα]].\n\n== Γεννήσεις ==\n*[[70 π.Χ.]] - [[Βιργίλιος]], Ρωμαίος ποιητής\n*[[1265]] - [[Αυτοκράτορας Τσενζόνγκ των Γιουάν]]\n*[[1527]] - [[Μαρία Μανουέλα της Πορτογαλίας]]\n*[[1564]] - [[Ερρίκος Ιούλιος του Βολφενμπύτελ|Ερρίκος Ιούλιος]], πρίγκιπας του Βολφενμπύτελ\n*[[1608]] - [[Ευαντζελίστα Τοριτσέλι]], Ιταλός φυσικός\n*[[1795]] - [[Φρειδερίκος Γουλιέλμος Δ΄ της Πρωσίας|Φρειδερίκος Γουλιέλμος Δ΄]], βασιλιάς της Πρωσίας\n*[[1814]] - [[Μιχαήλ Λέρμοντοφ]], Ρώσος συγγραφέας\n*[[1816]] - [[Ανρί Ντυπουί ντε Λομ]], Γάλλος ναυπηγός\n*[[1829]] - [[Έιζαφ Χωλ]], Αμερικανός αστρονόμος\n*[[1844]] - [[Φρίντριχ Νίτσε]], Γερμανός φιλόσοφος\n*[[1878]] - [[Πωλ Ρεϊνώ]], Γάλλος πολιτικός\n*[[1893]] - [[Κάρολος Β΄ της Ρουμανίας|Κάρολος Β΄]], βασιλιάς της Ρουμανίας\n*[[1908]] - [[Τζον Κένεθ Γκάλμπρεϊθ]], Καναδός οικονομολόγος\n*[[1914]] - [[Μοχάμεντ Ζαχίρ Σαχ]], Βασιλιάς του Αφγανιστάν\n*[[1916]] - [[Χασάν Γκουλέντ Απτιντόν]], πρόεδρος του Τζιμπουτί\n*[[1917]] - [[Φελίπε Τρομπ]], κυβερνήτης της Αρούμπα\n*[[1920]] - [[Ανρί Βερνέιγ]], Αρμένιος σκηνοθέτης\n*[[1923]] - [[Ίταλο Καλβίνο]], Ιταλός δημοσιογράφος και συγγραφέας\n*[[1926]] - [[Μισέλ Φουκώ]], Γάλλος φιλόσοφος\n*[[1931]] - [[Αμπντούλ Καλάμ]], Ινδός επιστήμονας και πολιτικός\n*[[1935]] - [[Γιούκιο Νιναγκάβα]], Ιάπωνας σκηνοθέτης\n*[[1940]] - [[Μπένο Όνεζοργκ]], Γερμανός φοιτητής και ακτιβιστής\n*[[1944]] - [[Σαλί Μπερίσα]], Αλβανός πολιτικός\n*[[1945]] - [[Πατριάρχης Σόφιας Νεόφυτος]]\n*[[1956]] - [[Πίτερ Καρουάνα]], πολιτικός του Γιβραλτάρ\n*[[1968]] - [[Ντιντιέ Ντεσάν]], Γάλλος ποδοσφαιριστής\n*[[1972]] - [[Σάντρα Κιμ]], Βελγίδα τραγουδίστρια\n*[[1977]] - [[Νταβίντ Τρεζεγκέ]], Γάλλος ποδοσφαιριστής\n*[[1979]] - [[Ντορέττα Παπαδημητρίου]], Ελληνίδα ηθοποιός και παρουσιάστρια\n*[[1981]] - [[Κίσια Κόουλ]], Αμερικανίδα τραγουδίστρια\n*[[1983]] - [[Αντρέας Ίβανσιτς]], Αυστριακός ποδοσφαιριστής\n*[[1983]] - [[Μπρούνο Σένα]], Βραζιλιάνος οδηγός αγώνων\n*[[1988]] - [[Μεζούτ Εζίλ]], Γερμανός ποδοσφαιριστής\n*\n\n== Θάνατοι ==\n*[[55 π.Χ.]] - [[Λουκρήτιος]], Ρωμαίος ποιητής και φιλόσοφος\n*[[412]] - [[Θεόφιλος ο Αλεξανδρείας|Θεόφιλος]], αρχιεπίσκοπος Αλεξανδρείας\n*[[1002]] - [[Ερρίκος Α΄ της Βουργουνδίας|Ερρίκος Α΄]], δούκας της Βουργουνδίας\n*[[1389]] - [[Πάπας Ουρβανός ΣΤ΄]]\n*[[1496]] - [[Γιλβέρτος του Μονπανσιέ|Γιλβέρτος]], κόμης του Μονπανσιέ\n*[[1564]] - [[Ανδρέας Βεσάλιος]], Φλαμανδός ανατόμος\n*[[1591]] - [[Όθων Ερρίκος του Χάρμπουργκ|Όθων Ερρίκος]], δούκας του Μπράουνσβαϊγκ-Χάρμπουργκ\n*[[1690]] - [[Χουάν Ντε Βαλντές Λεάλ]], Ισπανός ζωγράφος και χαράκτης\n*[[1788]] - [[Σάμιουελ Κάρλοβιτς Γκρέιγκ]], Σκωτσέζος ναύαρχος\n*[[1917]] - [[Λεόν-Μαξίμ Κολινιόν]], Γάλλος αρχαιολόγος\n*[[1917]] - [[Μάτα Χάρι]], Ολλανδή χορεύτρια\n*[[1934]] - [[Μιχαήλ Δέφνερ]], Γερμανός γλωσσολόγος και φιλόλογος\n*[[1934]] - [[Ραϊμόν Πουανκαρέ]], Γάλλος πολιτικός\n*[[1945]] - [[Πιερ Λαβάλ]], Γάλλος πολιτικός\n*[[1946]] - [[Χέρμαν Γκαίρινγκ]], Γερμανός πολιτικός\n*[[1956]] - [[Ζυλ Ριμέ]], Γάλλος ποδοσφαιρικός παράγοντας\n*[[1959]] - [[Στεπάν Μπαντέρα]], Ουκρανός πολιτικός\n*[[1964]] - [[Κόουλ Πόρτερ]], Αμερικανός συνθέτης\n*[[1969]] - [[Αμπντιρασίντ Αλί Σερμάρκε]], Σομαλός πολιτικός\n*[[1980]] - [[Απόστολος Νικολαΐδης]], Έλληνας ποδοσφαιριστής και πετοσφαιριστής\n*[[1980]] - [[Πρίγκιπας Πέτρος της Ελλάδας και της Δανίας]]\n*[[1988]] - [[Ραλλού Μάνου]], Ελληνίδα χορογράφος\n*[[2000]] - [[Κόνραντ Μπλοχ]], Γερμανός βιοχημικός\n*[[2004]] - [[Σπύρος Λιναρδάτος]], Έλληνας δημοσιογράφος και ιστορικός\n*[[2008]] - [[Φαζέλ Χουσνού Νταγλαρτζά]], Τούρκος ποιητής\n*[[2012]] - [[Νορόντομ Σιχανούκ]], βασιλιάς της Καμπότζης\n*[[2013]] - [[Μπρουνό Μετσού]], Γάλλος ποδοσφαιριστής και προπονητής\\\n*2021-Μάριο Αντρέα ριγκονι Ιταλός συγγραφέας.\n*2021- [[Ντέιβιντ Έιμες]] Βρετανός πολιτικός \n\n== Αργίες και εορτές ==\n* Παγκόσμια Ημέρα των Τυφλών (του Λευκού Μπαστουνιού).\n* [[Παγκόσμια Ημέρα Πλυσίματος Χεριών]] (πρώτος εορτασμός 2008- ορίστηκε από τον [[ΟΗΕ]]).\n\n=== [[Ορθόδοξη Εκκλησία]] ===\n{{Πύλη:Ορθοδοξία/Εορτολόγιο/15 Οκτωβρίου}}\n\n==Παραπομπές==\n<references />\n\n{{Μήνες}}\n\n[[Κατηγορία:Ημέρες του έτους]]"}}}]}]}}