{"batchcomplete":true,"query":{"normalized":[{"fromencoded":false,"from":"15_Δεκεμβρίου","to":"15 Δεκεμβρίου"}],"pages":[{"pageid":3740,"ns":0,"title":"15 Δεκεμβρίου","revisions":[{"slots":{"main":{"contentmodel":"wikitext","contentformat":"text/x-wiki","content":"{{χωρίς παραπομπές|09|04|2023}}\n{{Μήνες Δεκεμβρίου}}\n\n<center>[[14 Δεκεμβρίου]] | '''15 Δεκεμβρίου''' | [[16 Δεκεμβρίου]]</center>\n\n----\nΗ '''15η Δεκεμβρίου''' είναι η 349η ημέρα του έτους κατά το [[Γρηγοριανό ημερολόγιο]] (350η σε δίσεκτα έτη). Υπολείπονται 16 ημέρες.\n\n{{ΗμερολόγιοΣεΠίνακα|12}}\n\n==Γεγονότα==\n*[[532|533]] - Ο [[Βυζαντινή Αυτοκρατορία|Βυζαντινός]] στρατηγός [[Βελισάριος]] νικά στο Τρικάμαρον τους [[Βάνδαλοι|Βανδάλους]] του βασιλιά [[Γελίμερ]].\n*[[687]] - Εκλέγεται ο [[Πάπας Σέργιος Α΄]].\n*[[1256]] - [[Μογγόλοι|Μογγολικές]] δυνάμεις υπό τη διοίκηση του Ουλαγκού Χαν εισέρχονται και καταστρέφουν το [[Αλαμούτ (κάστρο)|κάστρο Αλαμούτ]] (στο σημερινό [[Ιράν]]) των [[Ασασίνοι|Ασασίνων]], ως μέρος της επίθεσής τους στην ισλαμική νοτιοδυτική [[Ασία]].\n*[[1467]] - Ο [[Στέφανος Γ΄ ο Μέγας]] νικά τον [[Ματθαίος Κορβίνος|Ματθαίο Κορβίνο]] της [[Ουγγαρία]]ς, με τον τελευταίο να έχει τραυματιστεί τρεις φορές, στη μάχη της Μπάια. \n*[[1778]] - [[Αμερικανική Επανάσταση]]: Ο [[Βασίλειο της Μεγάλης Βρετανίας|βρετανικός]] στόλος νικά το [[Γαλλία|γαλλικό]] στη ναυμαχία της [[Αγία Λουκία|Αγίας Λουκίας]].\n*[[1791]] - Η [[Διακήρυξη των Ανθρωπίνων Δικαιωμάτων (1791)|Διακήρυξη των Ανθρωπίνων Δικαιωμάτων]] γίνεται νόμος στις [[Ηνωμένες Πολιτείες Αμερικής]] μετά την επικύρωσή της από τη [[Γενική Συνέλευση της Βιρτζίνια]].\n*[[1890]] - Σκοτώνεται σε ινδιάνικο καταυλισμό ο [[Καθιστός Ταύρος]], αρχηγός της φυλής Χουνκάπα Λακότα, γεγονός που θα οδηγήσει στη [[Σφαγή του Πληγωμένου Γονάτου]].\n*[[1906]] - Ανοίγει επίσημα η γραμμή Great Northern, Piccadilly and Brompton Railway στο [[Μετρό Λονδίνου|Μετρό του Λονδίνου]].\n*[[1914]] - [[Α΄ Παγκόσμιος Πόλεμος]]: Ο [[Σερβικός Στρατός Ξηράς|σερβικός στρατός]] ανακαταλαμβάνει το [[Βελιγράδι]] από τον [[Αυστροουγγαρία|αυστροουγγρικό]] στρατό. \n*[[1914]] - Έκρηξη αερίου σε ανθρακωρυχείο στο [[Κιούσου]] της [[Ιαπωνία|Ιαπωνίας]] σκοτώνει 687 άτομα.\n*[[1933]] - Τίθεται επίσημα σε ισχύ η 21η τροπολογία του Συντάγματος των [[Ηνωμένες Πολιτείες Αμερικής|Η.Π.Α.]], καταργώντας τη 18η τροπολογία που απαγόρευε την πώληση, την παρασκευή και τη μεταφορά [[Αλκοολούχο ποτό|αλκοολούχων ποτών]].\n*[[1937]] - Ξεκινά η οργανωμένη μαζική καταδίωξη των [[Ελλάδα|ελληνικής]] καταγωγής πολιτών που ζουν στη [[Ένωση Σοβιετικών Σοσιαλιστικών Δημοκρατιών|Σοβιετική Ένωση]] ([[ελληνική επιχείρηση της Εν Κα Βε Ντε]]).\n*[[1939]] - Κάνει πρεμιέρα στην [[Ατλάντα]] των [[Ηνωμένες Πολιτείες Αμερικής|Ηνωμένων Πολιτειών]] η ταινία ''[[Όσα Παίρνει ο Άνεμος (ταινία)|Όσα Παίρνει ο Άνεμος]]''.\n*[[1945]] - Κατοχή της [[Ιαπωνία]]ς: Ο στρατηγός [[Ντάγκλας Μακάρθουρ]] διατάσσει την κατάργηση του [[Σιντοϊσμός|Σιντοϊσμού]] ως επίσημη θρησκεία της Ιαπωνίας.\n*[[1961]] - Ο [[Άντολφ Άιχμαν]] καταδικάζεται σε θάνατο αφού βρέθηκε ένοχος από [[Ισραήλ|ισραηλινό]] δικαστήριο για 15 ποινικές κατηγορίες, συμπεριλαμβανομένων των κατηγοριών για εγκλήματα κατά της ανθρωπότητας και για εγκλήματα κατά του [[Εβραίοι|εβραϊκού]] λαού.\n*[[1962]] - Με την ευκαιρία των γενεθλίων του, ο βασιλιάς [[Παύλος της Ελλάδας|Παύλος]] απονέμει χάρη στο [[Μανώλης Γλέζος|Μανώλη Γλέζο]]. Χαρίζεται ποινή φυλάκισης ενός έτους και τετραετής εκτόπιση.\n*[[1965]] - [[Πρόγραμμα Τζέμινι]]: Εκτοξεύεται το Τζέμινι από το [[Κέιπ Κανάβεραλ (πολεμική αεροπορική βάση)|Κέιπ Κανάβεραλ]] στη [[Φλόριντα]]. Τέσσερις τροχιές αργότερα, θα επιτύχει την πρώτη διαστημική συνάντηση, με το Τζέμινι 7.\n*[[1969]] - Εκτελούνται οι [[Χέρμαν Ντουφτ - Χανς Μπασενάουερ|Χέρμαν Ντουφτ και Χανς Μπασενάουερ]], οι δύο [[Γερμανοί]] που καταδικάστηκαν για πέντε φόνους [[Έλληνες|Ελλήνων]] τον Μάρτιο και τον Απρίλιο του 1969. Ο Χέρμαν Ντουφτ εκτελείται στην [[Κέρκυρα]] και ο Χανς Μπασενάουερ στην [[Αίγινα]], αφού απορρίφθηκαν οι αιτήσεις χάριτος που είχαν υποβάλει.\n*[[1970]] - Το [[Ένωση Σοβιετικών Σοσιαλιστικών Δημοκρατιών|σοβιετικό]] διαστημικό σκάφος ''[[Βενέρα 7]]'' προσεδαφίζεται με επιτυχία στην [[Αφροδίτη (πλανήτης)|Αφροδίτη]]. Είναι η πρώτη επιτυχημένη ομαλή προσεδάφιση σε άλλον πλανήτη.\n*[[1970]] - Ιδρύεται με νομοθετικό διάταγμα το [[Πανεπιστήμιο Ιωαννίνων]], που αποτελείται από Φιλοσοφική και Φυσικομαθηματική Σχολή.\n*[[1978]] - Ο [[Ηνωμένες Πολιτείες Αμερικής|Αμερικανός]] πρόεδρος [[Τζίμι Κάρτερ]] ανακοινώνει ότι οι Ηνωμένες Πολιτείες θα αναγνωρίσουν τη [[Λαϊκή Δημοκρατία της Κίνας]] και θα διακόψουν τις διπλωματικές σχέσεις με την [[Δημοκρατία της Κίνας|Ταϊβάν]].\n\n==Γεννήσεις==\n*[[37]] - [[Νέρων]], Ρωμαίος αυτοκράτορας\n*[[130]] - [[Λούκιος Βήρος]], Ρωμαίος αυτοκράτορας\n*[[1447]] - [[Αλβέρτος Δ΄ της Βαυαρίας|Αλβέρτος Δ']], δούκας της Βαυαρίας-Μονάχου\n*[[1610]] - [[Ντάβιτ Τένιερς ο νεότερος]], Φλαμανδός καλλιτέχνης\n*[[1657]] - [[Μισέλ-Ρισάρ Ντελαλάντ]], Γάλλος συνθέτης και οργανίστας\n*[[1832]] - [[Γουστάβος Άιφελ]], Γάλλος μηχανικός και αρχιτέκτονας\n*[[1852]] - [[Ανρί Μπεκερέλ]], Γάλλος φυσικός\n*[[1857]] - [[Ουίλιαμ Χάουαρντ Ταφτ]], 27ος πρόεδρος των Η.Π.Α.\n*[[1859]] - [[Λουδοβίκος Λάζαρος Ζαμένχοφ]], Πολωνός ιατρός και γλωσσολόγος\n*[[1877]] – [[Σεφτσέτ Βερλάτσι]], Πρωθυπουργός της Αλβανίας\n*[[1888]] - [[Μάξγουελ Άντερσον]], Αμερικανός δημοσιογράφος και θεατρικός συγγραφέας\n*[[1893]] - [[Βίκτορ Μίλνερ]], Αμερικανός κινηματογραφιστής\n*[[1907]] - [[Όσκαρ Νίεμαϊερ]], Βραζιλιάνος αρχιτέκτονας\n*[[1907]] - [[Νικολάι Νικίτιν]], Σοβιετικός πολιτικός μηχανικός\n*[[1925]] - [[Άλκη Ζέη]], Ελληνίδα συγγραφέας\n*[[1926]] - [[Νίκος Κούνδουρος]], Έλληνας σκηνοθέτης\n*[[1926]] - [[Αθηνόδωρος Προύσαλης]], Έλληνας ηθοποιός\n*[[1928]] - [[Φριντενσράιχ Χουντερτβάσερ]], Αυστριακός ζωγράφος και αρχιτέκτονας\n*[[1933]] - [[Ραλφ Ο'Νιλ]], πρωθυπουργός των Βρετανικών Παρθένων Νήσων\n*[[1933]] - [[Άκης Πάνου]], Έλληνας τραγουδοποιός\n*[[1934]] - [[Αμπντουλάχι Γιουσούφ Αχμέντ]], Σομαλός πολιτικός\n*[[1936]] - [[Τζο Ντ'Αμάτο]], Ιταλός σκηνοθέτης\n*[[1941]] - [[Γιόρμα Κίνουνεν]], Φινλανδός αθλητής\n*[[1948]] - [[Τάκης Τσαλαμάγκας]], Έλληνας ποδοσφαιριστής\n*[[1952]] - [[Άλαν Σίμονσεν]], Δανός ποδοσφαιριστής και προπονητής\n*[[1956]] - [[Ουίλιαμ Όρμπιτ]], Άγγλος μουσικός\n*[[1963]] - [[Μπόμπαν Γιάνκοβιτς]], Σέρβος καλαθοσφαιριστής\n*[[1970]] - [[Λόρενς Φάντερμπερκ]], Αμερικανός καλαθοσφαιριστής\n*[[1979]] - [[Έρικ Γιανγκ]], Καναδός παλαιστής\n*[[1979]] - [[Άνταμ Μπρόντι]], Αμερικανός ηθοποιός\n*[[1981]] - [[Ρομάν Παβλουτσένκο]], Ρώσος ποδοσφαιριστής\n\n==Θάνατοι==\n*[[1025]] - [[Βασίλειος Β´]], Βυζαντινός αυτοκράτορας\n*[[1072]] - [[Αλπ Αρσλάν]], Τούρκος σουλτάνος\n*[[1283]] - [[Φίλιππος του Κουρτεναί]], αυτοκράτορας της Λατινικής αυτοκρατορίας\n*[[1574]] - [[Σελίμ Β΄]], Οθωμανός σουλτάνος\n*[[1598]] - [[Φίλιπς φαν Μάρνιξ]], Φλαμανδός πολιτικός\n*[[1675]] - [[Γιοχάνες Βερμέερ]], Ολλανδός ζωγράφος\n*[[1857]] - [[Τζορτζ Κέιλι]], Βρετανός εφευρέτης και αεροναυτικός μηχανικός\n*[[1890]] - [[Καθιστός Ταύρος]], Ινδιάνος αρχηγός\n*[[1958]] - [[Βόλφγκανγκ Πάουλι]], Αυστριακός φυσικός\n*[[1962]] - [[Τσαρλς Λότον]], Άγγλος ηθοποιός\n*[[1966]] - [[Ουώλτ Ντίσνεϋ]], Αμερικανός δημιουργός κινουμένων σχεδίων, σκηνοθέτης, σεναριογράφος και παραγωγός \n*[[1980]] - [[Κομνηνός Πυρομάγλου]], Έλληνας αντιστασιακός\n*[[2011]] - [[Κρίστοφερ Χίτσενς]], Άγγλος συγγραφέας\n*[[2013]] - [[Τζόαν Φοντέιν]], Βρετανίδα ηθοποιός\n\n==Αργίες και εορτές==\n=== [[Ορθόδοξη Εκκλησία]] ===\n{{Πύλη:Ορθοδοξία/Εορτολόγιο/15 Δεκεμβρίου}}\n{{commonscat|15 December}}\n== Βλέπε επίσης == \n\n[[15 Νοεμβρίου]] - [[15 Ιανουαρίου]]\n\n{{Μήνες}}\n\n[[Κατηγορία:Ημέρες του έτους]]"}}}]}]}}