{"batchcomplete":true,"query":{"normalized":[{"fromencoded":false,"from":"15_Σεπτεμβρίου","to":"15 Σεπτεμβρίου"}],"pages":[{"pageid":8042,"ns":0,"title":"15 Σεπτεμβρίου","revisions":[{"slots":{"main":{"contentmodel":"wikitext","contentformat":"text/x-wiki","content":"{{Μήνες Σεπτεμβρίου}}\n\n<center>[[14 Σεπτεμβρίου]] | '''15 Σεπτεμβρίου''' | [[16 Σεπτεμβρίου]]</center>\n\n----\nΗ '''15η Σεπτεμβρίου''' είναι η 258η ημέρα του έτους κατά το [[Γρηγοριανό ημερολόγιο]] (259η σε δίσεκτα έτη). Υπολείπονται 107 ημέρες.\n\n{{ΗμερολόγιοΣεΠίνακα|9}}\n\n== Γεγονότα ==\n*[[668]] - Ο [[Βυζαντινή Αυτοκρατορία|Βυζαντινός αυτοκράτορας]] [[Κώνστας Β΄]] δολοφονείται στο λουτρό του στις [[Συρακούσες]].\n*[[994]] - Οι [[Χαλιφάτο των Φατιμιδών|Φατιμίδες]] νικούν τους [[Βυζαντινή Αυτοκρατορία|Βυζαντινούς]] στη μάχη του [[Ορόντης ποταμός|Ορόντη]].\n*[[1556]] - Ο πρώην [[αυτοκράτορας της Αγίας Ρωμαϊκής Αυτοκρατορίας]] [[Κάρολος Κουίντος]] επιστρέφει στην [[Ισπανία]].\n*[[1812]] - Ο [[Γαλλία|γαλλικός]] στρατός του [[Ναπολέων Α΄ της Γαλλίας|Ναπολέοντα]] φτάνει στο [[Κρεμλίνο της Μόσχας]].\n*[[1821]] - Η [[Γουατεμάλα]], το [[Ελ Σαλβαδόρ]], η [[Ονδούρα]], η [[Νικαράγουα]] και η [[Κόστα Ρίκα]] ανακηρύσσουν από κοινού την ανεξαρτησία τους από την [[Ισπανία]]. \n*[[1821]] - Ξεκινά η [[Μάχη των Πέντε Πηγαδιών]] στην περιοχή των Ιωαννίνων κατά την περίοδο της Ελληνικής Επάνάστασης του 1821.\n*[[1894]] - [[Α΄ Σινοϊαπωνικός Πόλεμος]]: η [[Ιαπωνία]] νικά τη [[δυναστεία Τσινγκ]] στη μάχη της [[Πιονγιάνγκ]]. \n*[[1916]] - [[Α΄ Παγκόσμιος Πόλεμος]]: στη [[μάχη του Σομμ]] χρησιμοποιούνται για πρώτη φορά σε πόλεμο [[Άρμα μάχης|άρματα μάχης]].\n*[[1919]] - Κυκλοφορεί το πρώτο φύλλο της εφημερίδας ''[[Η Καθημερινή]]''.\n*[[1935]] - Ψηφίζονται οι [[Νόμοι της Νυρεμβέργης]], σύμφωνα με τους οποίους οι [[Γερμανία|Γερμανοί]] [[Εβραίοι]] στερούνται την [[Ιθαγένεια|ιθαγένειά]] τους.\n*[[1935]] - Η [[Ναζιστική Γερμανία]] υιοθετεί νέα [[Σημαία της Γερμανίας|εθνική σημαία]] που φέρει τη [[σβάστικα]].\n*[[1940]] - [[Β΄ Παγκόσμιος Πόλεμος]]: κορυφώνεται η [[μάχη της Αγγλίας]], όταν η [[Βρετανική Βασιλική Αεροπορία]] καταρρίπτει μεγάλο αριθμό αεροσκαφών της [[Luftwaffe]]. \n*[[1944]] - Λήγει η [[μάχη του Μελιγαλά]]. Ακολουθεί εισβολή αμάχων στο [[Μελιγαλάς Μεσσηνίας|Μελιγαλά]] και σφαγή [[Τάγματα Ασφαλείας|ταγματασφαλιτών]].\n* [[1951]] - Ο [[Εμίλ Ζάτοπεκ]] κάνει παγκόσμιο ρεκόρ στα 20.000 μέτρα με 1:01.15.8. \n* [[1952]] - Ο ΟΗΕ παραχωρεί την [[Ερυθραία]] στην Αιθιοπία.\n* [[1958]] - Σιδηροδρομική τραγωδία λαμβάνει χώρα στο Νιου Τζέρσι των ΗΠΑ, με 48 νεκρούς από πρόσκρουση τρένου σε γέφυρα.\n* [[1959]] - Ο [[Νικήτα Χρουστσόφ]] είναι ο πρώτος ηγέτης της ΕΣΣΔ που επισκέπτεται τις ΗΠΑ. Η επίσκεψη αυτή διήρκεσε από 15 μέχρι 27 Σεπτεμβρίου.\n*[[1963]] - Τέσσερα παιδιά σκοτώνονται όταν εκρήγνυται βόμβα σε αφροαμερικανική εκκλησία στο [[Μπέρμιγχαμ (Αλαμπάμα)]] των [[Η.Π.Α.]] \n*[[1967]] - Ο ακαδημαϊκός [[Σπυρίδων Μαρινάτος]] ανακαλύπτει στη [[Σαντορίνη]] ανάκτορο της [[Μινωικός πολιτισμός|Μινωικής εποχής]] με σπουδαία αρχαιολογικά ευρήματα.\n* [[1972]] - Αρχίζει στους [[Γαλλία|γαλλικούς]] κινηματογράφους η προβολή της σουρεαλιστικής σάτιρας ''[[Η Κρυφή Γοητεία της Μπουρζουαζίας]]''.\n* [[1975]] - Διχοτομείται η [[Κορσική]] σε Βόρεια και Νότια.\n* [[1981]] - Το Βανουάτου γίνεται μέλος του [[ΟΗΕ]].\n* [[1982]] - Εκδίδεται το πρώτο φύλλο της εφημερίδας USA TODAY.\n* 1982 - Αεροσκάφος [[F-84F Thunderstreak]]  της [[Ελληνική Πολεμική Αεροπορία|Ελληνικής Πολεμικής Αεροπορίας]] συνετρίβεται σε κατοικιμένη περιοχή της [[Λάρισα]]ς, σκοτώνοντας τρεις πολίτες στο έδαφος από τα συντρίμμια.\n* [[1983]] - Κατάρριψη νοτιοκορεατικού τζάμπο από την [[ΕΣΣΔ]], με 269 νεκρούς, πάνω από τη [[Σαχαλίνη]]. Η αμερικανική Γερουσία καταδικάζει την κατάρριψη του νοτιοκορεάτικου τζάμπο.\n* 1983 - Παραιτείται ο Πρωθυπουργός του Ισραήλ, [[Μεναχέμ Μπέγκιν]].\n* [[1993]] - Ο [[Ιωάννης Αδάμ Β΄ του Λίχτενσταϊν]] διαλύει το Κοινοβούλιο.\n* [[1995]] - Βόμβα εκρήγνυται στο γήπεδο της Σαχτιόρ στο Ντόνετσκ της Ουκρανίας στα πρώτα λεπτά ποδοσφαιρικής συνάντησης με απολογισμό 6 νεκρούς ανάμεσά τους και τον πρόεδρο της Σαχτιόρ.\n* [[1999]] - Αναλαμβάνει Πρόεδρος της Ευρωπαϊκής Επιτροπής ο Ιταλός [[Ρομάνο Πρόντι]].\n* 1999 - Ο τυφώνας «Φλόιντ» πλήττει τις ΗΠΑ, αφήνοντας 8 νεκρούς.\n* [[2000]] - Ξεκινούν οι 27οι [[Ολυμπιακοί Αγώνες]] στο Σίδνεϊ της Αυστραλίας. Μετέχουν 10.200 αθλητές και αθλήτριες από 200 χώρες σε 28 αθλήματα. Την Ολυμπιακή Φλόγα ανάβει η εκπρόσωπος των αυτοχθόνων της Αυστραλίας, [[Κάθι Φρίμαν]].\n* [[2001]] - Ενθρονίζεται ο νέος Πατριάρχης Ιεροσολύμων [[Ειρηναίος Α΄ Ιεροσολύμων|Ειρηναίος]].\n* [[2004]] - Κηδεύεται με τιμές ο Ορθόδοξος Πατριάρχης Αλεξανδρείας, [[Πέτρος Ζ΄ Αλεξανδρείας|Πέτρος Ζ΄]].\n\n== Γεννήσεις ==\n*[[1254]] - [[Μάρκο Πόλο]], Ιταλός εξερευνητής\n*[[1613]] - [[Φρανσουά ντε Λα Ροσφουκώ]], Γάλλος συγγραφέας\n*[[1649]] - [[Τίτος Όουτς]], Άγγλος κληρικός\n*[[1736]] - [[Ζαν Σιλβέν Μπεγί]], Γάλλος αστρονόμος\n*[[1789]] - [[Τζέιμς Φένιμορ Κούπερ]], Αμερικανός συγγραφέας\n*[[1890]] - [[Αγκάθα Κρίστι]], Αγγλίδα συγγραφέας\n*[[1894]] - [[Ζαν Ρενουάρ]], Γάλλος σκηνοθέτης\n*[[1904]] - [[Ουμβέρτος Β΄ της Ιταλίας|Ουμβέρτος Β΄]], βασιλιάς της Ιταλίας\n*[[1909]] - [[Τζιν Μπάτεν]], Νεοζηλανδή αεροπόρος\n*[[1909]] - [[Δήμος Σταρένιος]], Έλληνας ηθοποιός\n*[[1929]] - [[Μάρεϋ Γκελ-Μαν]], Αμερικανός φυσικός\n*[[1932]] - [[Νηλ Μπάρτλετ]], Άγγλος χημικός\n*[[1941]] - [[Βίκτορ Ζουμπκόφ]], Ρώσος πολιτικός\n*[[1942]] - [[Ουέν Ζιαμπάο]], Κινέζος πολιτικός\n*[[1944]] - [[Γιουέρι Μουσέβενι]], πρόεδρος της Ουγκάντας\n*[[1946]] - [[Όλιβερ Στόουν]], Αμερικανός σκηνοθέτης και σεναριογράφος \n*[[1946]] - [[Τόμι Λι Τζόουνς]], Αμερικανός ηθοποιός και σκηνοθέτης\n*[[1947]] - [[Θίοντορ Λονγκ]], Αμερικανός μάνατζερ και διαιτητής πάλης\n*[[1948]] - [[Σταύρος Τζιωρτζής]], Κύπριος αθλητής\n*[[1954]] - [[Χραντ Ντινκ]], Τούρκος δημοσιογράφος\n*[[1956]] - [[Ναταλία Τσαλίκη]], Ελληνίδα ηθοποιός\n*[[1964]] - [[Ρόμπερτ Φίτσο]], Σλοβάκος πολιτικός\n*[[1965]] - [[Μπριλιάντ Νταντάσοβα]], Αζέρα τραγουδίστρια\n*[[1972]] - [[Βασίλισσα Λετίθια της Ισπανίας]]\n*[[1977]] - [[Τομ Χάρντι]], Άγγλος ηθοποιός\n*[[1978]] - [[Εϊντούρ Γκούντγιονσεν]], Ισλανδός ποδοσφαιριστής\n*[[1978]] - [[Μάρκο Πάντελιτς]], Σέρβος ποδοσφαιριστής\n*[[1984]] - [[Πρίγκιπας Χάρι|Χάρι]], Άγγλος πρίγκιπας\n*[[1987]] - [[Αλί Σισοκό]], Γάλλος ποδοσφαιριστής\n\n== Θάνατοι ==\n*[[668]] - [[Κώνστας Β΄]], Βυζαντινός αυτοκράτορας\n*[[1054]] - [[Γκαρθία Σάντσεθ Γ΄ της Παμπλόνα|Γκαρθία Σάντσεθ Γ΄]], βασιλιάς της Παμπλόνα\n*[[1415]] - [[Μανουήλ Χρυσολωράς]], Βυζαντινός λόγιος\n*[[1510]] - [[Αγία Αικατερίνη (Γένουας)]]\n*[[1574]] - [[Μαργαρίτα της Γαλλίας (1523-1574)]]\n*[[1688]] - [[Ότο Βίλχελμ φον Κένιξμαρκ]], Σουηδός στρατιωτικός\n*[[1700]] - [[Αντρέ Λε Νοτρ]], Γάλλος αρχιτέκτονας τοπίου\n*[[1885]] - [[Τζάμπο (ελέφαντας)|Τζάμπο]], Αφρικανικός ελέφαντας\n*[[1921]] - [[Ρομάν φον Ούνγκερν-Στέρνμπεργκ]], Αυστριακός στρατιωτικός\n*[[1926]] - [[Ρούντολφ Όικεν]], Γερμανός φιλόσοφος\n*[[1936]] - [[Αλέξανδρος Ζαΐμης]], Έλληνας πολιτικός\n*[[1938]] - [[Γιαννούλης Χαλεπάς]], Έλληνας γλύπτης\n*[[1945]] - [[Άντον Βέμπερν]], Αυστριακός συνθέτης και διευθυντής ορχήστρας\n*[[1953]] - [[Έριχ Μέντελσον]], Γερμανός αρχιτέκτονας\n*[[1973]] - [[Γουσταύος ΣΤ΄ Αδόλφος της Σουηδίας|Γουσταύος ΣΤ' Αδόλφος]], βασιλιάς της Σουηδίας\n*[[1978]] - [[Βίλλυ Μέσσερσμιτ]], Γερμανός μηχανικός και εφευρέτης\n*[[1993]] - [[Αλέξανδρος Καλλιδόπουλος]], Έλληνας πολιτικός\n*[[2004]] - [[Νταούντα Μαλάμ Γουανκέ]], στρατιωτικός του Νίγηρα\n*[[2006]] - [[Πάμπλο Σάντος]], Μεξικανός ηθοποιός\n*[[2006]] - [[Οριάνα Φαλάτσι]], Ιταλίδα δημοσιογράφος\n*[[2007]] - [[Κόλιν Μακ Ρέι]], Σκωτσέζος οδηγός αγώνων\n*[[2008]] - [[Σταύρος Παράβας]], Έλληνας ηθοποιός\n*[[2008]] - [[Ρίτσαρντ Ράιτ]], Άγγλος μουσικός ([[Pink Floyd]])\n*[[2008]] - [[Γιάννης Σκουλαρίκης]], Έλληνας πολιτικός\n*[[2017]] - [[Χάρι Ντιν Στάντον]], Αμερικανός ηθοποιός\n\n== Αργίες και εορτές ==\n=== [[Ορθόδοξη Εκκλησία]] ===\n{{Πύλη:Ορθοδοξία/Εορτολόγιο/15 Σεπτεμβρίου}}\n\n{{Μήνες}}\n\n[[Κατηγορία:Ημέρες του έτους]]"}}}]}]}}