{"batchcomplete":true,"query":{"normalized":[{"fromencoded":false,"from":"15_Μαρτίου","to":"15 Μαρτίου"}],"pages":[{"pageid":1486,"ns":0,"title":"15 Μαρτίου","revisions":[{"slots":{"main":{"contentmodel":"wikitext","contentformat":"text/x-wiki","content":"{{Πηγές|3=2022|2=01|10}}\n{{Μήνες Μαρτίου}}\n\n<center>[[14 Μαρτίου]] | [[15 Μαρτίου]] | [[16 Μαρτίου]]</center>\n\n----\nΗ '''15η Μαρτίου''' είναι η 74η ημέρα του έτους κατά το [[Γρηγοριανό ημερολόγιο]] (75η σε δίσεκτα έτη). Υπολείπονται 291 ημέρες.\n\n{{ΗμερολόγιοΣεΠίνακα|3}}\n\n== Γεγονότα ==\n*[[44 π.Χ.]] - Ο [[Ιούλιος Καίσαρ]], δικτάτορας της [[Ρωμαϊκή Δημοκρατία|Ρωμαϊκής Δημοκρατίας]], δολοφονείται από τον [[Μάρκος Ιούνιος Βρούτος|Μάρκο Ιούνιο Βρούτο]], τον [[Γάιος Κάσσιος Λογγίνος|Γάιο Κάσσιο Λογγίνο]] και άλλους [[Ρωμαϊκή σύγκλητος|Ρωμαίους συγκλητικούς]].\n*[[351]] - Ο [[Κωνστάντιος Β´]] ανακηρύσσει [[Καίσαρας|καίσαρα]] τον ξάδελφό του, [[Κωνστάντιος Γάλλος|Κωνστάντιο Γάλλο]], και του δίνει τον έλεγχο του ανατολικού τμήματος της [[Ρωμαϊκή Αυτοκρατορία|Ρωμαϊκής Αυτοκρατορίας]]. \n*[[493]] - Ο [[Οδόακρος]], ο πρώτος βάρβαρος [[Κατάλογος βασιλέων της Ιταλίας|βασιλιάς της Ιταλίας]] μετά την πτώση της [[Δυτική Ρωμαϊκή Αυτοκρατορία|Δυτικής Ρωμαϊκής Αυτοκρατορίας]], δολοφονείται από το [[Θεοδώριχος ο Μέγας|Θεοδώριχο τον Μέγα]], βασιλιά των [[Οστρογότθοι|Οστρογότθων]], ενώ οι δύο βασιλείς γλεντούσαν μαζί. \n*[[856]] - Ο [[Μιχαήλ Γ΄]], αυτοκράτορας της [[Βυζαντινή Αυτοκρατορία|Βυζαντινής Αυτοκρατορίας]], ανατρέπει την αντιβασιλεία της μητέρας του, αυτοκράτειρας [[Θεοδώρα (9ος αιώνας)|Θεοδώρας]] (σύζυγος του [[Θεόφιλος (αυτοκράτορας)|Θεόφιλου]]), με την υποστήριξη της βυζαντινής αριστοκρατίας.\n*[[933]] - Μετά από δεκαετή ανακωχή, ο [[Γερμανοί|Γερμανός]] βασιλιάς [[Ερρίκος Α΄ ο Ορνιθοθήρας]] νικά τον [[Ουγγαρία|ουγγρικό]] στρατό στη μάχη του Ριάντ. \n*[[1311]] - [[Μάχη του Αλμυρού]]: Η [[Καταλανική Εταιρεία]] νικά τον [[Γκωτιέ Ε΄ του Μπριέν]] και αποκτά τον έλεγχο του [[Δουκάτο των Αθηνών|Δουκάτου των Αθηνών]]. \n*[[1493]] - Ο [[Χριστόφορος Κολόμβος]] επιστρέφει στην [[Ισπανία]] μετά το πρώτο του ταξίδι στην [[Αμερική]].\n*[[1672]] - Ο [[Κάρολος Β΄ της Αγγλίας]] εκδίδει τη Βασιλική Διακήρυξη Επιείκιας.\n*[[1820]] - Το [[Μέιν]] γίνεται η 23η [[Πολιτείες των ΗΠΑ|πολιτεία των Η.Π.Α.]]\n*[[1848]] - Ξεσπά επανάσταση στην [[Ουγγαρία]] εναντίον των [[Οίκος των Αψβούργων|Αψβούργων]].\n*[[1874]] - Η [[Γαλλία]] και το [[Βιετνάμ]] υπογράφουν τη Δεύτερη Συνθήκη της [[Χο Τσι Μιν (πόλη)|Σαϊγκόν]], αναγνωρίζοντας την πλήρη κυριαρχία της Γαλλίας στην [[Κοχινκίνα]].\n*[[1916]] - Ο [[πρόεδρος των Ηνωμένων Πολιτειών]] [[Γούντροου Ουίλσον]] στέλνει 4.800 [[Ηνωμένες Πολιτείες Αμερικής|Αμερικανούς]] στρατιώτες για να καταδιώξουν τον [[Πάντσο Βίγια]].\n*[[1917]] - Ο [[τσάρος]] [[Νικόλαος Β΄ της Ρωσίας]] παραιτείται από το [[Ρωσική Αυτοκρατορία|ρωσικό]] θρόνο.\n*[[1921]] - Ο [[Ταλαάτ πασάς]], πρώην μέγας βεζίρης της [[Οθωμανική Αυτοκρατορία|Οθωμανικής Αυτοκρατορίας]] και κύριος αρχιτέκτονας της [[Γενοκτονία των Αρμενίων|Γενοκτονίας των Αρμενίων]], δολοφονείται στο [[Βερολίνο]] από τον 23χρονο [[Αρμενία|Αρμένιο]] Τεϋλιριάν.\n*[[1922]] - Μετά την ανεξαρτησία της [[Αίγυπτος|Αιγύπτου]] από το [[Ηνωμένο Βασίλειο]], ο Φουάτ Α΄ γίνεται βασιλιάς της Αιγύπτου.\n*[[1927]] - Λαμβάνει χώρα στην [[Οξφόρδη]] το πρώτο [[Boat Race γυναικών]] μεταξύ του [[Πανεπιστήμιο της Οξφόρδης|Πανεπιστημίου της Οξφόρδης]] και του [[Πανεπιστήμιο του Κέιμπριτζ|Πανεπιστημίου του Κέιμπριτζ]]. \n*[[1933]] - Ο [[Αυστρία|Αυστριακός]] καγκελάριος [[Ένγκελμπερτ Ντόλφους]] εμποδίζει μέλη του [[Εθνικό Συμβούλιο (Αυστρία)|Εθνικού Συμβουλίου]] να προσέλθουν στη συνεδρίαση, ξεκινώντας την αυστροφασιστική δικτατορία.\n*[[1941]] - Η Philippine Airlines, ο εθνικός αερομεταφορέας των [[Φιλιππίνες|Φιλιππίνων]], πραγματοποιεί την πρώτη της πτήση από τη [[Μανίλα]] καθιστώντας την αεροπορική εταιρεία την πρώτη και παλαιότερη εμπορική αεροπορική εταιρεία στην [[Ασία]] που λειτουργεί υπό το αρχικό της όνομα.\n*[[1943]] - [[Β΄ Παγκόσμιος Πόλεμος]]: [[Τρίτη μάχη του Χαρκόβου]]. Οι [[Ναζιστική Γερμανία|Γερμανοί]] ανακαταλαμβάνουν το [[Χάρκοβο]] από τα [[Ένωση Σοβιετικών Σοσιαλιστικών Δημοκρατιών|σοβιετικά]] στρατεύματα. \n*[[1961]] - Η [[Νότια Αφρική]] αποσύρεται από την [[Κοινοπολιτεία των Εθνών]].\n*[[1971]] - Καταδικάζονται από το Έκτακτο Στρατοδικείο Αθηνών οι Π. Μηλιώτης, Α. Ζωγράφος, Ξ. Παπανικολάου και Π. Τσούντος σε ποινές μέχρι και κάθειρξη 20 ετών για παράβαση του ν. 509 και σύσταση της παράνομης οργάνωσης «Εθνικός Αντιδικτατορικός Στρατός».\n* [[1992]] - Δεύτερος σεισμός μέσα σε δυο μέρες συγκλονίζει την [[Τουρκία]], σκοτώνοντας 800 άτομα.\n* [[1995]] - Η οργάνωση [[17 Νοέμβρη]] πραγματοποιεί επίθεση με [[αντιαρματική ρουκέτα]] εναντίον των εγκαταστάσεων του τηλεοπτικού σταθμού [[Mega Channel]] στην [[Παιανία]].\n* [[2003]] - Η [[Παγκόσμια Οργάνωση Υγείας]] ανακοινώνει ότι η άτυπη [[πνευμονία]] συνιστά ''παγκόσμια απειλή για την υγεία'' και εκδίδει προειδοποίηση για τους ταξιδιώτες και τις αεροπορικές εταιρείες σχετικά με τα συμπτώματα.\n* [[2003]] - Πόλεμος στο [[Ιράκ]]. Τα πρώτα πολεμικά πλοία περνούν τη [[διώρυγα του Σουέζ]], ενώ έντονη κινητικότητα υπάρχει και στη [[Μεσόγειος Θάλασσα|Μεσόγειο]].\n* [[2019]] - Ένοπλος εισέρχεται σε τζαμί σκοτώνοντας 49 ανθρώπους και τραυματίζοντας άλλους 50 στη Νέα Ζηλανδία. ([[Τρομοκρατική επίθεση στο Κράισττσερτς]])\n\n== Γεννήσεις ==\n*[[1353]] - [[Μαργαρίτα Α΄ της Δανίας|Μαργαρίτα Α΄]], βασίλισσα της Δανίας\n*[[1407]] - [[Ιάκωβος Α΄ της Βάδης|Ιάκωβος]], μάργραβος του Μπάντεν-Μπάντεν\n*[[1564]] - [[Γουλιέλμος Αύγουστος του Χάρμπουργκ|Γουλιέλμος Αύγουστος]], πρίγκιπας του Χάρμπουργκ\n*[[1638]] - [[Αυτοκράτορας Σουντσί|Σουντσί]], Κινέζος αυτοκράτορας\n*[[1713]] - [[Νικολά Λουί ντε Λακάιγ]], Γάλλος αστρονόμος\n*[[1767]] - [[Άντριου Τζάκσον]], 7ος πρόεδρος των Η.Π.Α.\n*[[1821]] - [[Γιόζεφ Λόσμιντ]], Αυστριακός επιστήμονας\n*[[1830]] - [[Τζον Μόρεσμπι]], Άγγλος ναυτικός\n*[[1830]] - [[Πάουλ Γιόχαν Λούντβιχ φον Χάιζε]], Γερμανός συγγραφέας\n*[[1851]] - [[Αλέξανδρος Πάλλης]], Έλληνας λογοτέχνης\n*[[1854]] - [[Έμιλ φον Μπέρινγκ]], Γερμανός ιατρός\n*[[1857]] - [[Κρίστιαν Μίκελσεν]], Νορβηγός πολιτικός\n*[[1884]] - [[Άγγελος Σικελιανός]], Έλληνας ποιητής\n*[[1887]] - [[Μουσταφά Μερλίκα-Κρούγια]], Αλβανός πολιτικός\n*[[1904]] - [[Τζορτζ Μπρεντ]], Ιρλανδός ηθοποιός\n*[[1904]] - [[Τζ. Πατ Ο'Μάλι]], Άγγλος ηθοποιός\n*[[1909]] - [[Γεώργιος Μαύρος]], Έλληνας πολιτικός\n*[[1912]] - [[Λάιτνινγκ Χόπκινς]], Αμερικανός μουσικός\n*[[1930]] - [[Κώστας Νεστορίδης]], Έλληνας ποδοσφαιριστής\n*[[1943]] - [[Φρανκ Βίγκαντ]], Γερμανός κολυμβητής\n*[[1943]] - [[Ντέιβιντ Κρόνενμπεργκ]], Καναδός σκηνοθέτης\n*[[1943]] - [[Άιρον Σέικ]], Ιρανός παλαιστής\n*[[1944]] - [[Τσι Τσενγκ (αθλήτρια)|Τσι Τσενγκ]], Ταϊβανέζα αθλήτρια\n*[[1945]] - [[Λουκάς Θάνος]], Έλληνας συνθέτης, σκηνοθέτης και χορογράφος\n*[[1951]] - [[Άγγελος Γραμμένος]], Έλληνας ηθοποιός\n*[[1953]] - [[Χρήστος Αρδίζογλου]], Έλληνας ποδοσφαιριστής \n*[[1953]] - [[Κούμπα Ιαλά]], πρόεδρος της Γουινέας-Μπισσάου\n*[[1955]] - [[Ντι Σνάιντερ]], Αμερικανός τραγουδιστής ([[Twisted Sister]])\n*[[1957]] - [[Ρότζερ Άλμπερτσεν]], Νορβηγός ποδοσφαιριστής\n*[[1962]] - [[Τέρενς Τρεντ ντ' Άρμπι]], Αμερικανός τραγουδιστής\n*[[1975]] - [[Βεσελίν Τοπάλοφ]], Βούλγαρος σκακιστής\n*[[1983]] - [[Κώστας Καϊμακόγλου]], Έλληνας καλαθοσφαιριστής\n*[[1984]] - [[Κώστας Βασιλειάδης]], Έλληνας καλαθοσφαιριστής\n*[[1993]] - [[Πολ Πογκμπά]], Γάλλος ποδοσφαιριστής\n\n== Θάνατοι ==\n*[[44 π.Χ.]] - [[Ιούλιος Καίσαρ]], Ρωμαίος πολιτικός και στρατιωτικός\n*[[493]] - [[Οδόακρος]], βασιλιάς της Ιταλίας\n*[[752]] - [[Πάπας Ζαχαρίας]]\n*[[931]] - [[Πάπας Στέφανος Ζ΄]]\n*[[963]] - [[Ρωμανός Β´]], Βυζαντινός αυτοκράτορας\n*[[1190]] - [[Ισαβέλλα του Αινώ]], βασίλισσα της Γαλλίας\n*[[1311]] - [[Γεώργιος Α΄ Γκίζι]], τριτημόριος της Εύβοιας, βαρώνος της Χαλανδρίτσας και λόρδος της Τήνου και της Μυκόνου\n*[[1311]] - [[Θωμάς Γ΄ ντ'Ωτρεμενκούρ]], αυθέντης των Σαλώνων\n*[[1311]] - [[Γκωτιέ Ε΄ του Μπριέν]], δούκας των Αθηνών\n*[[1311]] - [[Αλβέρτος Παλαβιτσίνι]], μαρκήσιος της Βοδονίτσας\n*[[1521]] - [[Ιωάννης Β΄ της Κλέβης|Ιωάννης Β΄]], δούκας της Κλέβης\n*[[1536]] - [[Πάργαλης Ιμπραήμ πασάς]], Οθωμανός βεζίρης\n*[[1632]] - [[Μαυρίκιος της Έσσης-Κάσσελ|Μαυρίκιος]], λάντγκραβος της Έσσης-Κάσσελ\n*[[1665]] - [[Χριστιανός Λουδοβίκος του Μπρούνσβικ|Χριστιανός Λουδοβίκος]], δούκας του Μπράουνσβαϊγκ-Λύνεμπουργκ\n*[[1842]] - [[Λουίτζι Κερουμπίνι]], Ιταλός συνθέτης\n*[[1914]] - [[Γεώργιος Λαμπάκης]], Έλληνας θεολόγος\n*[[1921]] - [[Ταλαάτ πασάς]], Τούρκος πολιτικός\n*[[1937]] - [[Χάουαρντ Φίλιπς Λάβκραφτ]], Αμερικανός συγγραφέας\n*[[1938]] - [[Νικολάι Μπουχάριν]], Ρώσος επαναστάτης και πολιτικός\n*[[1938]] - [[Αλεξέι Ρίκοφ]], Ρώσος πολιτικός\n*[[1942]] - [[Αλεξάντερ φον Τσεμλίνσκυ]], Αυστριακός συνθέτης και διευθυντής ορχήστρας\n*[[1945]] - [[Πιερ Ντριε Λα Ροσέλ]], Γάλλος συγγραφέας\n*[[1951]] - [[Ιωάννης Σ. Παρασκευόπουλος]], Έλληνας αστρονόμος\n*[[1959]] - [[Λέστερ Γιανγκ]], Αμερικανός μουσικός\n*[[1962]] - [[Άρθουρ Χόλι Κόμπτον]], Αμερικανός φυσικός\n*[[1966]] - [[Σπύρος Περιστέρης (μουσικός)|Σπύρος Περιστέρης]], Έλληνας μουσικός\n*[[1968]] - [[Ιωάννης Πασαλίδης]], Έλληνας πολιτικός\n*[[1970]] - [[Άρθουρ Αντάμοβ]], Ρώσος θεατρικός συγγραφέας\n*[[1970]] - [[Πολύκαρπος Γιωρκάτζης]], Κύπριος πολιτικός\n*[[1975]] - [[Αριστοτέλης Ωνάσης]], Έλληνας μεγιστάνας\n*[[1977]] - [[Αντονίνο Ρόκα]], Ιταλός παλαιστής\n*[[1986]] - [[Παντελής Πρεβελάκης]], Έλληνας συγγραφέας\n*[[1997]] - [[Βικτώρ Βαζαρελί]], Ούγγρος ζωγράφος\n*[[2006]] - [[Γεώργιος Ράλλης]], Έλληνας πολιτικός\n*[[2007]] - [[Στιούαρτ Ρόζενμπεργκ]], Αμερικανός σκηνοθέτης\n*[[2013]] - [[Θεόδωρος Κατσίκης]], Έλληνας πολιτικός\n*[[2017]] - [[Ενρίκε Μορέα]], Αργεντινός αντισφαιριστής\n*[[2023]] - [[Μίμης Παπαϊωάννου]] Έλληνας ποδοσφαιριστής[\n\n== Αργίες και εορτές ==\n=== Κόσμος ===\n* Παγκόσμια Ημέρα Καταναλωτή\n* Παγκόσμια Ημέρα κατά της Αστυνομικής Βαρβαρότητας\n\n=== [[Ορθόδοξη Εκκλησία]] ===\n{{Πύλη:Ορθοδοξία/Εορτολόγιο/15 Μαρτίου}}\n\n{{Μήνες}}\n\n[[Κατηγορία:Ημέρες του έτους]]"}}}]}]}}