{"batchcomplete":true,"query":{"normalized":[{"fromencoded":false,"from":"15_Ιουνίου","to":"15 Ιουνίου"}],"pages":[{"pageid":1940,"ns":0,"title":"15 Ιουνίου","revisions":[{"slots":{"main":{"contentmodel":"wikitext","contentformat":"text/x-wiki","content":"{{Μήνες Ιουνίου}}\n\n<center>[[14 Ιουνίου]] | '''15 Ιουνίου''' | [[16 Ιουνίου]]</center>\n\n----\nΗ '''15η Ιουνίου''' είναι η 166η ημέρα του έτους κατά το [[Γρηγοριανό ημερολόγιο]] (167η σε δίσεκτα έτη).  \n\n{{ΗμερολόγιοΣεΠίνακα|6}}\n\n== Γεγονότα ==\n*[[763 π.Χ.]] - Οι [[Ασσυρία|Ασσύριοι]] καταγράφουν [[έκλειψη]] [[Ήλιος|ηλίου]], η οποία χρησιμοποιήθηκε αργότερα για τον καθορισμό της [[Χρονογραφία|χρονολογίας]] της [[Μεσοποταμία|μεσοποταμιακής]] ιστορίας.\n*[[844]] - Ο [[Λουδοβίκος Β΄ της Ιταλίας|Λουδοβίκος Β΄]] στέφεται στη [[Ρώμη]] βασιλιάς της [[Ιταλία]]ς από τον [[Πάπας Σέργιος Β΄|Πάπα Σέργιο Β΄]].\n*[[923]] - Μάχη του Σουασόν: Ο βασιλιάς [[Ροβέρτος Α΄ της Γαλλίας]] σκοτώνεται και ο [[Κάρολος Γ΄ της Γαλλίας|Κάρολος Γ΄]] συλλαμβάνεται από τους υποστηρικτές του δούκα [[Ροδόλφος της Γαλλίας|Ροδόλφου της Βουργουνδίας]]. \n*[[1184]] - Ο βασιλιάς [[Μάγκνους Ε΄ της Νορβηγίας]] σκοτώνεται στη ναυμαχία του Φιρμέιτ.\n*[[1215]] - Ο βασιλιάς [[Ιωάννης της Αγγλίας]] βάζει τη [[σφραγίδα]] του στη [[Μάγκνα Κάρτα]].\n*[[1219]] - [[Βόρειες Σταυροφορίες]]: Οι [[Δανία|Δανοί]] νικούν στη μάχη του Λίντανισε (σημερινό [[Τάλιν]]) ιδρύοντας το Δανικό Δουκάτο της [[Εσθονία]]ς. \n*[[1246]] - Με το θάνατο του δούκα [[Φρειδερίκος Β΄ της Αυστρίας|Φρειδερίκου Β΄ της Αυστρίας]], λήγει η [[Οίκος των Μπάμπενμπερκ|δυναστεία των Μπάμπενμπερκ]] στην [[Αυστρία]].\n*[[1300]] - Ιδρύεται το [[Μπιλμπάο]].\n*[[1502]] - Ο [[Χριστόφορος Κολόμβος]] αποβιβάζεται στη [[Μαρτινίκα]] στο τέταρτο ταξίδι του.\n*[[1520]] - Με την παπική βούλα ''Exsurge Domine'', ο [[Πάπας Λέων Ι΄]] απειλεί να αφορίσει τον [[Μαρτίνος Λούθηρος|Μαρτίνο Λούθηρο]].\n*[[1580]] - Ο [[Φίλιππος Β΄ της Ισπανίας]] ανακηρύσσει εκτός νόμου τον [[Γουλιέλμος Α΄ της Οράγγης|Γουλιέλμο Α'  της Οράγγης]].\n*[[1667]] - Ο Ζαν-Μπατίστ Ντενί πραγματοποιεί την πρώτη [[μετάγγιση αίματος]] σε άνθρωπο.\n*[[1775]] - [[Αμερικανική Επανάσταση]]: Ο [[Τζορτζ Ουάσινγκτον]] ορίζεται αρχιστράτηγος του Ηπειρωτικού Στρατού.\n*[[1804]] - Το [[Νιου Χάμσαϊρ]] εγκρίνει τη δωδέκατη τροπολογία του [[Ηνωμένες Πολιτείες Αμερικής|αμερικανικού]] Συντάγματος.\n*[[1821]] - Οι [[Οθωμανική Αυτοκρατορία|Οθωμανοί]] νικούν τους [[Έλληνες]] στη [[μάχη της Ρεντίνας]].\n*[[1836]] - Το [[Αρκάνσας]] γίνεται η 25η [[Πολιτείες των ΗΠΑ|πολιτεία των Η.Π.Α.]]\n*[[1844]] - Ο [[Τσαρλς Γκουντγίαρ]] λαμβάνει [[ευρεσιτεχνία]] για τον [[Βουλκανισμός|βουλκανισμό]], μία διαδικασία ενίσχυσης του [[καουτσούκ]]. \n*[[1878]] - Ο [[Ίντγουιρντ Μάιμπριτζ]] τραβάει μία σειρά φωτογραφιών για να αποδείξει ότι και τα τέσσερα πόδια ενός αλόγου εγκαταλείπουν το έδαφος όταν τρέχει. Η μελέτη αυτή γίνεται η βάση του [[Κινηματογράφος|κινηματογράφου]].\n*[[1888]] - Ο διάδοχος Γουλιέλμος γίνεται ο κάιζερ [[Γουλιέλμος Β΄ της Γερμανίας]], ο τελευταίος αυτοκράτορας της [[Γερμανική Αυτοκρατορία|Γερμανικής Αυτοκρατορίας]]. Λόγω του θανάτου των προκατόχων του, [[Γουλιέλμος Α΄ της Γερμανίας|Γουλιέλμου Α΄]] και [[Φρειδερίκος Γ' της Γερμανίας|Φρειδερίκου Γ΄]], το 1888 είναι το Έτος των Τριών Αυτοκρατόρων.\n*[[1896]] - 21.915 άτομα χάνουν τη ζωή τους στο πιο θανατηφόρο τσουνάμι στην ιστορία της [[Ιαπωνία]]ς.\n*[[1909]] - Εκπρόσωποι από την [[Αγγλία]], την [[Αυστραλία]] και τη [[Νότια Αφρική]] συνεδριάζουν και ιδρύουν την [[Διεθνές Συμβούλιο Κρίκετ|Αυτοκρατορική Διάσκεψη Κρίκετ]].\n*[[1940]] - [[Β΄ Παγκόσμιος Πόλεμος]]: Τα [[Συμμαχικές δυνάμεις (Β΄ Παγκόσμιος Πόλεμος)|συμμαχικά]] στρατεύματα αρχίζουν να εκκενώνουν τη [[Γαλλία]], καθώς οι [[Ναζιστική Γερμανία|Γερμανοί]] κατέλαβαν το [[Παρίσι]] και το μεγαλύτερο μέρος της χώρας.\n*[[1944]] - [[Β΄ Παγκόσμιος Πόλεμος]]: Μάχη της [[Σαϊπάν]]. Οι [[Ηνωμένες Πολιτείες Αμερικής|αμερικανικές]] δυνάμεις εισβάλλουν στην κατεχόμενη από τους [[Ιαπωνία|Ιάπωνες]] Σαϊπάν.\n* [[1954]] - Η [[UEFA]] ιδρύεται στην [[Ελβετία]].\n* [[1969]] - Μετά την παραίτηση του [[Σαρλ ντε Γκωλ]] ο [[Ζωρζ Πομπιντού]] γίνεται Πρόεδρος της Γαλλικής Δημοκρατίας.\n* [[1972]] - Οι [[Ουλρίκε Μάινχοφ]] και [[Γκέρχαρντ Μύλερ]], μέλη της τρομοκρατικής οργάνωσης [[Φράξια Κόκκινος Στρατός]] (RAF), συλλαμβάνονται σε διαμέρισμα κοντά στο [[Αννόβερο]]. \n* [[1977]] - Για πρώτη φορά μετά το τέλος της δικτατορίας του [[Φρανθίσκο Φράνκο]] στην [[Ισπανία]] γίνονται ελεύθερες εκλογές.\n\n== Γεννήσεις ==\n*[[1330]] - [[Εδουάρδος του Γούντστοκ]], Άγγλος πρίγκιπας\n*[[1397]] - [[Πάολο Ουτσέλλο]], Ιταλός ζωγράφος\n*[[1511]] - [[Μπαρτολομέο Αμμαννάτι]], Ιταλός αρχιτέκτονας και γλύπτης\n*[[1553]] - [[Ερνέστος των Αψβούργων]], Αυστριακός πρίγκιπας\n*[[1594]] - [[Νικολά Πουσέν]], Γάλλος ζωγράφος\n*[[1763]] - [[Ετιέν Γκασπάρ Ρομπέρ]], Βέλγος φυσικός\n*[[1843]] - [[Έντβαρντ Γκρηγκ]], Νορβηγός συνθέτης\n*[[1849]] - [[Ανδρέας Μαρτζώκης]], Έλληνας συγγραφέας\n*[[1906]] - [[Λεόν Ντεγκρέλ]], Βέλγος αξιωματικός των SS\n*[[1909]] - [[Πίτερ Κλέντζος]], Αμερικανός αθλητής\n*[[1914]] - [[Γιούρι Αντρόπωφ]], Σοβιετικός πολιτικός\n*[[1916]] - [[Χέρμπερτ Σάιμον]], Αμερικανός οικονομολόγος\n*[[1917]] - [[Μιχάλης Γενίτσαρης]], Έλληνας τραγουδιστής και συνθέτης\n*[[1920]] - [[Αλμπέρτο Σόρντι]], Ιταλός ηθοποιός και σκηνοθέτης\n*[[1927]] - [[Ούγκο Πρατ]], Ιταλός συγγραφέας και καλλιτέχνης\n*[[1932]] - [[Μάριο Κουόμο]], Αμερικανός πολιτικός\n*[[1933]] - [[Σέρτζο Εντρίγκο]], Ιταλός τραγουδιστής\n*[[1939]] - [[Μπράιαν Ζακ]], Άγγλος συγγραφέας\n*[[1942]] - [[Πίτερ Νόρμαν]], Αυστραλός αθλητής\n*[[1943]] - [[Τζόνι Χαλιντέι]], Γάλλος τραγουδιστής\n*[[1946]] - [[Ντέμης Ρούσσος]], Έλληνας τραγουδιστής\n*[[1951]] - [[Άλβαρο Κολόμ]], πρόεδρος της Γουατεμάλας\n*[[1953]] - [[Σι Τσινπίνγκ]], Κινέζος πολιτικός\n*[[1954]] - [[Χρύσανθος Λαζαρίδης]], Έλληνας δημοσιογράφος και πολιτικός\n*[[1954]] - [[Τζέιμς Μπελούσι]], Αμερικανός ηθοποιός\n*[[1963]] - [[Έλεν Χαντ]], Αμερικανίδα ηθοποιός\n*[[1964]] - [[Κόρτνεϊ Κοξ]], Αμερικανίδα ηθοποιός\n*[[1965]] - [[Καρίμ Μασίμοφ]], πρωθυπουργός του Καζακστάν\n*[[1969]] - [[Ice Cube]], Αμερικανός ράπερ\n*[[1969]] - [[Όλιβερ Καν]], Γερμανός ποδοσφαιριστής\n*[[1971]] - [[Χρήστος Μυριούνης]], Έλληνας καλαθοσφαιριστής\n*[[1973]] - [[Νιλ Πάτρικ Χάρις]], Αμερικανός ηθοποιός\n*[[1987]] - [[Ροχουλάχ Νικπάι]], Αφγανός αθλητής\n*[[1992]] - [[Μοχάμεντ Σαλάχ]], Αιγύπτιος ποδοσφαιριστής\n\n== Θάνατοι ==\n*[[923]] - [[Ροβέρτος Α΄ της Γαλλίας]], βασιλιάς της Δυτικής Φραγκίας\n*[[948]] - [[Ρωμανός Α´]], Βυζαντινός αυτοκράτορας\n*[[991]] - [[Θεοφανώ Σκλήραινα]], αυτοκράτειρα της Αγίας Ρωμαϊκής Αυτοκρατορίας\n*[[1184]] - [[Μάγκνους Ε΄ της Νορβηγίας|Μάγκνους Ε΄]], βασιλιάς της Νορβηγίας\n*[[1246]] - [[Φρειδερίκος Β΄ της Αυστρίας|Φρειδερίκος Β΄]], δούκας της Αυστρίας\n*[[1341]] - [[Ανδρόνικος Γ΄ Παλαιολόγος]], Βυζαντινός αυτοκράτορας\n*[[1383]] - [[Ιωάννης ΣΤ´ Καντακουζηνός]], Βυζαντινός αυτοκράτορας\n*[[1383]] - [[Ματθαίος Καντακουζηνός]], δεσπότης του Μυστρά\n*[[1389]] - [[Λάζαρος Χρεμπελιάνοβιτς]], πρίγκιπας της Σερβίας\n*[[1416]] - [[Ιωάννης του Μπερί|Ιωάννης]], δούκας του Μπερί\n*[[1467]] - [[Φίλιππος Γ΄ της Βουργουνδίας|Φίλιππος Γ΄]], δούκας της Βουργουνδίας\n*[[1505]] - [[Έρκολε Α΄ των Έστε]], Ιταλός πολιτικός\n*[[1730]] - [[Σωφρόνιος Λειχούδης]], Έλληνας λόγιος\n*[[1772]] - [[Λουί-Κλωντ Ντακέν]], Γάλλος συνθέτης\n*[[1785]] - [[Ζαν-Φρανσουά Πιλάτρ ντε Ροζιέ]], Γάλλος χημικός και αεροπόρος\n*[[1849]] - [[Τζέιμς Νοξ Πολκ]], 11ος πρόεδρος των Η.Π.Α.\n*[[1876]] - [[Χουσεΐν Αβνί Πασάς]], Οθωμανός πολιτικός\n*[[1888]] - [[Φρειδερίκος Γ΄ της Γερμανίας|Φρειδερίκος Γ΄]], αυτοκράτορας της Γερμανίας\n*[[1889]] - [[Μιχαήλ Εμινέσκου]], Ρουμάνος ποιητής\n*[[1938]] - [[Ερνστ Λούντβιχ Κίρχνερ]], Γερμανός ζωγράφος\n*[[1945]] - [[Άρης Βελουχιώτης]], Έλληνας αντιστασιακός\n*[[1951]] - [[Τηλέμαχος Καράκαλος]], Έλληνας αθλητής της ξιφασκίας\n*[[1993]] - [[Τζέιμς Χαντ]], Άγγλος οδηγός αγώνων\n*[[1994]] - [[Μάνος Χατζιδάκις]], Έλληνας συνθέτης\n*[[1995]] - [[Τσαρλς Μπένετ (σεναριογράφος)|Τσαρλς Μπένετ]], Άγγλος σεναριογράφος\n*[[1996]] - [[Έλλα Φιτζέραλντ]], Αμερικανίδα τραγουδίστρια\n*[[2000]] - [[Ντόρα Τσάτσου]], Ελληνίδα χορογράφος\n*[[2001]] - [[Μαρία Φωκά]], Ελληνίδα ηθοποιός\n*[[2007]] - [[Ούγο Κόρο]], Αργεντινός πυγμάχος\n*[[2007]] - [[Σέρι Μάρτελ]], Αμερικανίδα παλαιστής\n*[[2007]] - [[Δώρα Σιτζάνη]], Ελληνίδα ηθοποιός και στιχουργός\n*[[2013]] - [[Περιντέ Τζελάλ]], Τουρκάλα συγγραφέας\n*[[2015]] - [[Ζάννα Φρίσκε]], Ρωσίδα ηθοποιός και τραγουδίστρια\n\n== Αργίες και εορτές ==\n\n=== [[Ορθόδοξη Εκκλησία]] ===\n{{Πύλη:Ορθοδοξία/Εορτολόγιο/15 Ιουνίου}}\n\n{{Μήνες}}\n\n[[Κατηγορία:Ημέρες του έτους]]"}}}]}]}}