{"batchcomplete":true,"query":{"normalized":[{"fromencoded":false,"from":"15_Αυγούστου","to":"15 Αυγούστου"}],"pages":[{"pageid":2639,"ns":0,"title":"15 Αυγούστου","revisions":[{"slots":{"main":{"contentmodel":"wikitext","contentformat":"text/x-wiki","content":"{{Πηγές|3=2022|2=01|10}}\n{{Μήνες Αυγούστου}}\n\n<center>[[14 Αυγούστου]] | '''15 Αυγούστου''' | [[16 Αυγούστου]]</center>\n\n----\nΗ '''15η Αυγούστου''' είναι η 227η ημέρα του έτους κατά το [[Γρηγοριανό ημερολόγιο]] (228η σε δίσεκτα έτη). Υπολείπονται 138 ημέρες.\n\n{{ΗμερολόγιοΣεΠίνακα|8}}\n\n== Γεγονότα ==\n*[[636]] - [[Αραβοβυζαντινοί Πόλεμοι]]: Αρχίζει η [[μάχη του ποταμού Γιαρμούκ]].\n*[[718]] - [[Αραβοβυζαντινοί Πόλεμοι]]: Άρση της [[Πολιορκία της Κωνσταντινούπολης (717-18)|Δεύτερης Πολιορκίας της Κωνσταντινούπολης από τους Άραβες]].\n* [[1057]] - Κατά τη μάχη του Λουμφάναν, ο Μάλκομ Κάνμορ σκοτώνει τον βασιλιά της Σκωτίας Μάκβεθ και ο Λούλαχ στέφθηκε βασιλιάς στη θέση του. Δεκαεπτά χρόνια νωρίτερα, ο Μάκβεθ είχε σκοτώσει τον βασιλιά Ντάνκαν, πατέρα του Μάλκομ.\n* [[1096]] - Ξεκινά η [[Α΄ Σταυροφορία]], με σκοπό την κατάληψη των Αγίων Τόπων.\n* [[1261]] - Στέψη του Αυτοκράτορα [[Μιχαήλ Η´ Παλαιολόγος|Μιχαήλ Παλαιολόγου]] στη [[Κωνσταντινούπολη]] μετά την από τους Φράγκους επανάκτησή της.\n* [[1517]] - Πρώτη επίσημη επαφή Ευρωπαϊκής χώρας-Κίνας, όταν πορτογαλικά εξερευνητικά πλοία φτάνουν στην εκβολή του ποταμού Περλ και ο επικεφαλής Φερνάο Πίρες ντε Αντράδε συναντά Κινέζους αξιωματούχους.\n* [[1519]] - Ιδρύεται η [[Πόλη του Παναμά]] στον Παναμά.\n* [[1534]] - Ιδρύεται στο Παρίσι από τον [[Ιγνάτιος Λογιόλα|Ιγνάτιο Λογιόλα]] η θρησκευτική [[Αδελφότητα του Ιησού|Εταιρεία του Ιησού]].\n* [[1535]] - Ιδρύεται η πρωτεύουσα της [[Παραγουάη]]ς, [[Ασουνσιόν]].\n* [[1620]] - Το βρετανικό πλοίο ''Mayflower'' ξεκινά από το [[Πλίμουθ]] της Αγγλίας για το πρώτο του ταξίδι στην Αμερική.\n* [[1829]] - Η Οθωμανική Αυτοκρατορία αποδέχεται το Σύμφωνο του Λονδίνου με το οποίο παραχωρείται αυτονομία στην Ελλάδα με τον όρο να είναι φόρου υποτελής.\n* [[1843]] - Γίνονται τα θυρανοίξια του Καθεδρικού της Κυρίας μας της Ειρήνης, στη Χονολουλού στη Χαβάη. Σήμερα ο ναός αυτός αποτελεί τον παλαιότερο ρωμαιοκαθολικό καθεδρικό στις Η.Π.Α., που λειτουργεί ακόμα.\n* [[1877]] - Ο [[Τόμας Έντισον]] πραγματοποιεί την πρώτη ηχογράφηση στην ανθρώπινη ιστορία, με το παιδικό τραγούδι \"Mary had a little lamb\".\n* [[1903]] - Ο εκδότης [[Τζόζεφ Πούλιτζερ]] παραχωρεί 2 εκ. δολάρια στο [[Πανεπιστήμιο Κολούμπια]] για να ιδρύσει σχολή δημοσιογραφίας.\n* [[1909]] - Ξεσπά στην Αθήνα το [[Κίνημα στο Γουδί]], που οργάνωσε ο «Στρατιωτικός Σύνδεσμος» και τη διακυβέρνηση της χώρας καλείται να αναλάβει ο [[Ελευθέριος Βενιζέλος]].\n* [[1914]] - Το πρώτο πλοίο διαπλέει τη [[Διώρυγα Παναμά]].\n* [[1923]] - Μετά από επιθυμία της κυβέρνησης της Θουριγγίας, η σχολή Μπαουχάους πραγματοποιεί έκθεση με έργα των τεσσάρων ετών της ύπαρξής της. Μεταξύ των δασκάλων της σχολής που συμμετέχουν στην έκθεση είναι οι [[Πάουλ Κλέε|Παουλ Κλέε]] και [[Βασίλι Καντίνσκι]].\n* [[1932]] - Ο πυγμάχος [[Τζακ Ντέμπσι]] δίνει τον τελευταίο του αγώνα και χάνει από τον [[Κινγκ Λεβίνσκι]].\n* [[1939]] - Κάνει πρεμιέρα στο Χόλιγουντ η πρώτη κινηματογραφική μεταφορά του \"Μάγου του Οζ\" του Φράνκ Μπάουμ. Την Ντόροθι υποδύονταν η Τζούντι Γκάρλαντ.\n* [[1940]] - Ιταλικό υποβρύχιο τορπιλλίζει και βυθίζει το ελληνικό ελαφρύ καταδρομικό «[[Καταδρομικό \"Έλλη\"|Έλλη]]» έξω από το λιμάνι της [[Τήνος|Τήνου]] επιφέροντας τον θάνατο εννέα Ελλήνων ναυτικών. Την επομένη επιβεβαιώνονται οι αρχικές υποψίες περί ιταλικής ευθύνης αλλά η Κυβέρνηση των Αθηνών δεν ανακοινώνει τίποτα.\n* [[1944]] - [[Πολιτική κρίση Καΐρου (1944)]]: [[ΚΚΕ]] και [[ΕΑΜ]] πειθαναγκαζόμενοι και από Ρώσους στο βέτο του Τσώρτσιλ, με τηλεγράφημά τους αναγνωρίζουν πρωθυπουργό τον Γ. Παπανδρέου και αποδέχονται συμμετοχή τους στην ελεύθερη κυβέρνηση εθνικής ενότητας. Τέλος της κρίσης.\n* [[1944]] - Οι Σύμμαχοι αποβιβάζονται στη Νότια Γαλλία, για την [[Επιχείρηση Άνβιλ]].\n* [[1945]] - Η [[Κορέα (περιοχή)|Κορέα]] απελευθερώνεται, μετά από 35 χρόνια ιαπωνικής κατοχής.\n* [[1945]] - Η [[Ιαπωνία]] παραδίδεται άνευ όρων στις [[ΗΠΑ]].\n* [[1947]] - Η [[Ινδία]] και το [[Πακιστάν]] κηρύσσονται ανεξάρτητα κράτη στα πλαίσια της Βρετανικής Κοινοπολιτείας.  \n* [[1948]] - Νότια του 38ου παράλληλου, ιδρύεται η Δημοκρατία της (Νότιας) Κορέας.\n* [[1960]] - Η Δημοκρατία του Κονγκό κερδίζει την ανεξαρτησία της από τη Γαλλία.\n* [[1961]] - Αρχίζει να χτίζεται το [[Τείχος του Βερολίνου]] που για χρόνια θα χωρίζει τη Γερμανία σε ανατολική και δυτική.\n* [[1962]] - Η Ολλανδία υπογράφει συμφωνία με την οποία παραχωρεί στην Ινδονησία τη διακυβέρνηση της Νέας Γουινέας.\n* [[1969]] - Αρχίζει το θρυλικό μουσικό φεστιβάλ του Γούντστοκ, το οποίο έσπευσαν να παρακολουθήσουν χιλιάδες άνθρωποι. Ανάμεσα στους μουσικούς, που συμμετείχαν ήταν ο [[Κάρλος Σαντάνα]], ο [[Τζίμι Χέντριξ]], ο [[Τζο Κόκερ]], οι [[Crosby, Stills, Nash and Young]] και πολλοί άλλοι.\n* [[1974]] - [[Αττίλας ΙΙ]]: Συνεχίζεται για δεύτερη ημέρα η προέλαση τουρκικών στρατευμάτων στην Κύπρο. Ίδια ημέρα φθάνοντας στο αεροδρόμιο του Ελληνικού ο [[Ανδρέας Παπανδρέου]], εξερχόμενος του αεροπλάνου δηλώνει \"Η Ελλάς ανήκει στους Έλληνες\". \n* [[1974]] - [[Νότια Κορέα]]: Κατά τη διάρκεια γιορτής της ημέρας της Απελευθέρωσης, φονεύεται η πρώτη κυρία της Νότιας Κορέας Γιούκ Γιούνγκ Σου, στην απόπειρα δολοφονίας κατά του Προέδρου της χώρας Παρκ Τσούνγκ Χι, από έναν Βορειοκορεάτη κατάσκοπο.\n* [[1975]] - Λαμβάνει χώρα το στρατιωτικό πραξικόπημα στο Μπανγκλαντές, κατά το οποίο δολοφονείται ο πρόεδρος της χώρας Σεΐχ Μουτζίμπ.\n* [[1998]] - Βομβιστική επίθεση στην πόλη Όμαζ, στη Νότια Ιρλανδία, κατά τον οποίο σκοτώθηκαν 29 άνθρωποι. Πρόκειται για τη χειρότερη επίθεση από το 1960-1990, οπότε ήταν η περίοδος τεταμένων σχέσεων μεταξύ τους παραστρατιωτικούς οργανισμούς, την αστυνομία και το βρετανικό στρατό.\n\n== Γεννήσεις ==\n*[[1171]] - [[Αλφόνσος Θ΄ του Λεόν|Αλφόνσος Θ΄]], βασιλιάς του Λεόν\n*[[1507]] - [[Γεώργιος Γ΄ του Άνχαλτ-Ντεσάου]], Γερμανός πρίγκιπας\n*[[1769]] - [[Ναπολέων Α΄ της Γαλλίας|Ναπολέων Α΄]], αυτοκράτορας της Γαλλίας\n*[[1771]] - [[Γουόλτερ Σκοτ]], Σκωτσέζος συγγραφέας\n*[[1857]] - [[Άλμπερτ Μπαλλίν]], Γερμανός επιχειρηματίας\n*[[1865]] - [[Μικάο Ουσούι]], Ιάπωνας πνευματικός ηγέτης\n*[[1876]] - [[Στυλιανός Γονατάς]], Έλληνας στρατιωτικός και πολιτικός\n*[[1890]] - [[Ελίζαμπεθ Μπόλντεν]], Αμερικανίδα υπεραιωνόβια\n*[[1892]] - [[Λουί ντε Μπρολί]], Γάλλος φυσικός\n*[[1895]] - [[Λώρης Μαργαρίτης]], Έλληνας πιανίστας και συνθέτης\n*[[1909]] - [[Θωμάς Ε. Υψηλάντης]], Έλληνας πολιτικός\n*[[1912]] - [[Κώστας Τριανταφύλλου]], Έλληνας δικηγόρος, ιστορικός και λογοτέχνης\n*[[1913]] - [[Αρχιεπίσκοπος Σεραφείμ|Σεραφείμ]], Αρχιεπίσκοπος Αθηνών και πάσης Ελλάδος\n*[[1914]] - [[Πολ Ραντ (σχεδιαστής γραφικών)|Πολ Ραντ]], Αμερικανός σχεδιαστής γραφικών\n*[[1922]] - [[Γιώργος Μουζάκης]], Έλληνας συνθέτης \n*[[1926]] - [[Κωνσταντίνος Στεφανόπουλος]], Έλληνας πολιτικός\n*[[1929]] - [[Θεόδωρος Δημήτριεφ]], Έλληνας ηθοποιός\n*[[1929]] - [[Γεώργιος Ρουμπάνης]], Έλληνας αθλητής\n*[[1937]] - [[Μπουνχάνγκ Βορασίθ]], πρωθυπουργός του Λάος\n*[[1943]] - [[Μάκτουμ μπιν Ρασίντ αλ Μάκτουμ]], πρόεδρος των Ηνωμένων Αραβικών Εμιράτων\n*[[1944]] - [[Δημήτρης Σιούφας]], Έλληνας πολιτικός\n*[[1944]] - [[Τζιανφράνκο Φερρέ]], Ιταλός σχεδιαστής μόδας\n*[[1950]] - [[Πριγκίπισσα Άννα|Άννα]], Αγγλίδα πριγκίπισσα\n*[[1951]] - [[Σαράντης Αλιβιζάτος]], Έλληνας στιχουργός\n*[[1955]] - [[Νένα Βενετσάνου]], Ελληνίδα τραγουδίστρια\n*[[1962]] - [[Παρασκευάς Καρασούλος]], Έλληνας στιχουργός και εκδότης\n*[[1963]] - [[Αλεχάντρο Γκονσάλες Ινιάριτου]], Μεξικανός σκηνοθέτης\n*[[1966]] - [[Δημήτρης Παπαδόπουλος (καλαθοσφαιριστής)|Δημήτρης Παπαδόπουλος]], Έλληνας καλαθοσφαιριστής\n*[[1970]] - [[Τάσος Κάκος]], Έλληνας διαιτητής\n*[[1972]] - [[Μπεν Άφλεκ]], Αμερικανός ηθοποιός, σεναριογράφος και σκηνοθέτης\n*[[1974]] - [[Μπέττυ Μαγγίρα]], Ελληνίδα ηθοποιός\n*[[1978]] - [[Σταύρος Τζιωρτζιόπουλος]], Έλληνας ποδοσφαιριστής\n*[[1984]] - [[Καλιφά Σανκαρέ]], Σενεγαλέζος ποδοσφαιριστής\n*[[1985]] - [[Χρήστος Κωνσταντόπουλος (τραγουδιστής)|Χρήστος Κωνσταντόπουλος]], Έλληνας τραγουδιστής\n*[[1990]] - [[Τζένιφερ Λόρενς]], Αμερικανίδα ηθοποιός\n*[[1993]] - [[Άλεξ Όξλεϊντ-Τσάμπερλεϊν]], Άγγλος ποδοσφαιριστής\n\n== Θάνατοι ==\n*[[1 π.Χ.]] - [[Αυτοκράτορας Άι των Χαν]]\n*[[423]] - [[Φλάβιος Ονώριος]], Ρωμαίος αυτοκράτορας\n*[[778]] - [[Ρολάνδος]], Φράγκος στρατιωτικός\n*[[1038]] - [[Στέφανος Α΄ της Ουγγαρίας|Στέφανος Α΄]], βασιλιάς της Ουγγαρίας\n*[[1057]] - [[Μάκβεθ της Σκωτίας|Μάκβεθ]], βασιλιάς της Σκωτίας\n*[[1118]] - [[Αλέξιος Α΄ Κομνηνός]], Βυζαντινός αυτοκράτορας\n*[[1196]] - [[Κορράδος Β΄ της Σουαβίας|Κορράδος Β΄]], δούκας της Σουαβίας\n*[[1285]] - [[Φίλιππος Α' της Σαβοΐας|Φίλιππος Α΄]], κόμης της Σαβοΐας\n*[[1342]] - [[Πέτρος Β΄ της Σικελίας|Πέτρος Β΄]], βασιλιάς της Σικελίας\n*[[1369]] - [[Φιλίππη του Αινώ]], βασίλισσα της Αγγλίας\n*[[1501]] - [[Κωνσταντίνος Λάσκαρις]], Έλληνας λόγιος\n*[[1506]] - [[Αλέξανδρος Αγκρίκολα]], Φλαμανδός συνθέτης\n*[[1728]] - [[Μαρέν Μαραί]], Γάλλος συνθέτης\n*[[1793]] - [[Χριστόδουλος Παμπλέκης]], Έλληνας λόγιος\n*[[1799]] - [[Μπαρτελεμί Ζουμπέρ]], Γάλλος στρατηγός\n*[[1906]] - [[Νικόλαος Δημαράς]], Έλληνας νομικός\n*[[1936]] - [[Γκράτσια Ντελέντα]], Ιταλίδα συγγραφέας\n*[[1957]] - [[Λουκάς Κουτσοπέταλος]], Έλληνας πολιτικός\n*[[1966]] - [[Ιωάννης Κοκκινάτος]], Έλληνας πολιτικός\n*[[1967]] - [[Ρενέ Μαγκρίτ]], Βέλγος ζωγράφος\n*[[1971]] - [[Πολ Λούκας]], Ούγγρος ηθοποιός\n*[[1980]] - [[Μαρία Δεσύλλα-Καποδίστρια]], Ελληνίδα πολιτικός\n*[[1980]] - [[Γεώργιος Δρόσος]], Έλληνας δημοσιογράφος\n*[[1981]] - [[Μάριον Σίβα]], Ελληνίδα τραγουδίστρια και ηθοποιός\n*[[1985]] - [[Χρήστος Σταμπέλος]], Έλληνας πολιτικός\n*[[1989]] - [[Μινόρου Γκέντα]], Ιάπωνας στρατιωτικός\n*[[1989]] - [[Θρασύβουλος Τσακαλώτος]], Έλληνας στρατιωτικός\n*[[1991]] - [[Μενέλαος Ξυλούρης]], Έλληνας πολιτικός\n*[[2000]] - [[Βασίλειος Ευφραιμίδης]], Έλληνας πολιτικός\n*[[2006]] - [[Τε Αταϊρανγκικαάχου]], βασίλισσα των Μαορί\n*[[2021]] -[[Τόλης Τσιρογιάννης]] Έλληνας ποδοσφαιριστής\n\n== Αργίες και εορτές ==\n\n=== [[Ορθόδοξη Εκκλησία]] ===\n{{Πύλη:Ορθοδοξία/Εορτολόγιο/15 Αυγούστου}}\n\n{{Μήνες}}\n\n[[Κατηγορία:Ημέρες του έτους]]\n[[Κατηγορία:Αργίες]]"}}}]}]}}