{"batchcomplete":true,"query":{"normalized":[{"fromencoded":false,"from":"15_Νοεμβρίου","to":"15 Νοεμβρίου"}],"pages":[{"pageid":3568,"ns":0,"title":"15 Νοεμβρίου","revisions":[{"slots":{"main":{"contentmodel":"wikitext","contentformat":"text/x-wiki","content":"{{Μήνες Νοεμβρίου}}\n\n<center>[[14 Νοεμβρίου]] | '''15 Νοεμβρίου''' | [[16 Νοεμβρίου]]</center>\n\n----\nΗ '''15η Νοεμβρίου''' είναι η 319η ημέρα του έτους κατά το [[Γρηγοριανό ημερολόγιο]] (320η σε δίσεκτα έτη). Υπολείπονται 46 ημέρες.\n\n{{ΗμερολόγιοΣεΠίνακα|11}}\n\n== Γεγονότα ==\n*[[565]] – Ο [[Ιουστίνος Β΄]] διαδέχεται τον θείο του, [[Ιουστινιανός Α´|Ιουστινιανό Α΄]], ως αυτοκράτορας της [[Βυζαντινή Αυτοκρατορία|Βυζαντινής Αυτοκρατορίας]].\n*[[655]] – [[Μάχη του Βίνβεντ]]: Ο [[Οσουί της Νορθουμβρίας]] νικά τον [[Πέντα της Μερκίας]].\n*[[1315]] – [[Μάχη του Μοργκάρτεν]]: Οι [[Ελβετία|Ελβετοί]] στήνουν ενέδρα και νικούν το στρατό του δούκα [[Λεοπόλδος Α΄ της Αυστρίας|Λεοπόλδου Α΄ της Αυστρίας]].\n*[[1532]] – Κατόπιν εντολής του [[Φρανθίσκο Πιθάρρο]], [[Ισπανία|Ισπανοί]] κατακτητές με επικεφαλής τον Ερνάντο ντε Σότο συναντούν τον ηγέτη των [[Ίνκα]]ς, Αταουάλπα, έξω από την πόλη Καχαμάρκα.\n*[[1533]] – Ο [[Φρανθίσκο Πιθάρρο]] φτάνει στο [[Κούσκο]], πρωτεύουσα των [[Ίνκα]]ς.\n*[[1537]] – Ο [[Ιωάννης Δ΄ Κρίσπος]] παραδίδει τη [[Νάξος|Νάξο]] στον [[Χαϊρεντίν Μπαρμπαρόσα]].\n*[[1806]] – Ο υπολοχαγός Ζέμπελον Πάικ βλέπει μία μακρινή κορυφή βουνού ενώ βρίσκεται κοντά στους πρόποδες των [[Βραχώδη Όρη|Βραχωδών Ορέων]] στο [[Κολοράντο]] (αργότερα ονομάστηκε [[Πάικ Πικ]], δηλαδή η κορυφή του Πάικ). \n*[[1807]] - Παρουσιάζεται για πρώτη φορά η [[4η Συμφωνία (Μπετόβεν)|4η Συμφωνία]] του [[Λούντβιχ βαν Μπετόβεν|Μπετόβεν]] σε συναυλία στη [[Βιέννη]]. \n*[[1859]] – Πραγματοποιούνται στην [[Αθήνα]] τα [[Ολύμπια (19ος αιώνας)|Ολύμπια]] του 1859, η πρώτη προσπάθεια αναβίωσης των [[Ολυμπιακοί Αγώνες|Ολυμπιακών Αγώνων]] στη νεώτερη ιστορία.\n*[[1864]] – [[Αμερικανικός Εμφύλιος Πόλεμος]]: Ο υποστράτηγος Τεκάμσε Σέρμαν αναχωρεί από την [[Ατλάντα]] στην [[Τζόρτζια]] και ξεκινά την πορεία του προς τη θάλασσα.\n*[[1867]] - Ο [[Γεώργιος Α΄ της Ελλάδας|Γεώργιος Α’ της Ελλάδας]] παντρεύεται την πριγκίπισσα [[Όλγα των Ελλήνων|Όλγα]], ανιψιά του τσάρου της Ρωσίας [[Αλέξανδρος Β΄ της Ρωσίας|Αλέξανδρου Β’]].\n\n*[[1889]] – Η [[Βραζιλία]] κηρύσσεται δημοκρατία από τον στρατάρχη [[Ντεοντόρο ντα Φονσέκα]] καθώς ο αυτοκράτορας [[Πέτρος Β΄ της Βραζιλίας]] καθαιρείται με στρατιωτικό πραξικόπημα.\n*[[1912]] - Ο [[Γκέρχαρτ Χάουπτμαν]] βραβεύεται με [[Βραβείο Νόμπελ Λογοτεχνίας|Νόμπελ Λογοτεχνίας]].\n*[[1914]] - Ο [[Μπενίτο Μουσολίνι]] εκδίδει την εφημερίδα ''Il popolo d’ Italia''.\n*[[1920]] – Πραγματοποιείται στη [[Γενεύη]] η πρώτη συνέλευση της [[Κοινωνία των Εθνών|Κοινωνίας των Εθνών]].\n*[[1922]] – Πάνω από 1.000 άτομα σκοτώνονται κατά τη διάρκεια γενικής απεργίας στο [[Γουαγιακίλ]] του [[Ισημερινός|Ισημερινού]].\n*[[1922]] – Ολοκληρώνεται [[Η δίκη των έξι|η Δίκη των Έξι]] και εκτελούνται στο [[Γουδή|Γουδί]] οι έξι καταδικασθέντες ως υπαίτιοι της [[Μικρασιατική Καταστροφή|Μικρασιατικής καταστροφής]].\n*[[1926]] – Αρχίζει τη λειτουργία του το ραδιοφωνικό δίκτυο [[NBC]] με 24 σταθμούς.\n*[[1933]] – Πραγματοποιούνται οι πρώτες εκλογές στην [[Ταϊλάνδη]].\n*[[1942]] – [[Β΄ Παγκόσμιος Πόλεμος]]: Η ναυμαχία του [[Γκουανταλκανάλ]] καταλήγει σε αποφασιστική νίκη των [[Συμμαχικές δυνάμεις (Β΄ Παγκόσμιος Πόλεμος)|συμμάχων]].\n*[[1959]] – Δολοφονείται η οικογένεια Κλάτερ στο Χόλκομπ του [[Κάνσας]], γεγονός που θα εμπνεύσει τον [[Τρούμαν Καπότε]] να γράψει το βιβλίο ''[[Εν Ψυχρώ]]''.\n*[[1963]] – Το σύστημα της άμεσης εκλογής δημάρχου στις προσεχείς δημοτικές εκλογές στην [[Ελλάδα]] εγκρίνει το υπουργικό συμβούλιο.\n*[[1966]] – [[Πρόγραμμα Gemini]]: Το [[Τζέμινι 12]] ολοκληρώνει την τελευταία αποστολή του προγράμματος, όταν προσθαλασσώνεται με ασφάλεια στον [[Ατλαντικός Ωκεανός|Ατλαντικό Ωκεανό]].\n*[[1967]] – [[Ζήτημα της Κοφίνου]]: Συγκρούσεις μεταξύ [[Ελληνοκύπριοι|Ελληνοκυπρίων]] και [[Τουρκοκύπριοι|Τουρκοκυπρίων]] στα χωριά Άγιος Θεόδωρος και [[Κοφίνου]] πυροδοτούν μείζονα [[Ελλάδα|ελληνο]][[Τουρκία|τουρκική]] κρίση, ενώ η Τουρκία ετοιμάζεται και για εισβολή στην [[Κύπρος|Κύπρο]].\n*[[1968]] – Τίθεται σε ισχύ το διαβόητο [[Σύνταγμα της Ελλάδος 1968|Σύνταγμα του Παπαδόπουλου]].\n*[[1969]] – [[Πόλεμος του Βιετνάμ]]: Στην [[Ουάσινγκτον]] πάνω από 250.000 διαδηλωτές πραγματοποιούν ειρηνική διαδήλωση ενάντια στον πόλεμο.\n* [[1973]] – Στη Βρετανία, οκτώ μέλη του [[IRA]] (Ιρλανδικός Δημοκρατικός Στρατός) καταδικάζονται σε ισόβια κάθειρξη για βομβιστικές ενέργειες στο [[Λονδίνο]].\n* 1973 – Οι φοιτητές κλείνονται στα Πολυτεχνεία Αθηνών και Θεσσαλονίκης και καλούν το λαό σε εξέγερση κατά της χούντας.\n* [[1980]] – Ο πάπας Ιωάννης-Παύλος Β΄ επισκέπτεται τη Δυτική Γερμανία. Είναι η πρώτη επίσκεψη Πάπα μετά από 198 χρόνια.\n* [[1983]] – Η τουρκική διοίκηση ανακήρυξε τα κατεχόμενα εδάφη της [[Κύπρος|Κύπρου]] ανεξάρτητο κράτος ([[Τουρκική Δημοκρατία της Βόρειας Κύπρου]]).\n* [[1988]] – Το Εθνικό Παλαιστινιακό Συνέδριο διακήρυξε την ανεξαρτησία του [[Κράτος της Παλαιστίνης|Κράτους της Παλαιστίνης.]]\n* [[1989]] – Το Ισραήλ απαγορεύει την κυκλοφορία σε ένα εκατομμύριο Παλαιστίνιους της Δυτικής Όχθης και της Γάζας, εμποδίζοντας έτσι τις εκδηλώσεις για την πρώτη επέτειο από την ανακήρυξη ανεξάρτητου παλαιστινιακού κράτους.\n* [[1990]] – Ο παραγωγός των \"Μίλι Βανίλι\" αποκαλύπτει ότι δεν ήταν αυτοί που τραγουδούσαν στο άλμπουμ τους και ότι η φωνή ήταν δανεική\n* [[1991]] –  [[Σφαγή του Μπορ]]: Στην πόλη [[Μπορ (Σουδάν)|Μπορ]] του [[Σουδάν]] (σήμερα στο [[Νότιο Σουδάν]]) πραγματοποιείται σφαγή περίπου 2000 ατόμων από μαχητές των φυλών [[Νουέρ]] της πτέρυγας SPLA-Nasir, υπό την διοίκηση του [[Ριέκ Μαχάρ]], και μέλη του λεγόμενου Λευκού Στρατού των Νουέρ.\n* [[1993]] – Ένοπλοι σκοτώνουν τον επικεφαλής της παλαιστινιακής οργάνωσης \"[[Φατάχ]]\" στο Λίβανο, [[Μουίν Σαμπάιτα]].\n* [[1999]] – Έπειτα από 13 χρόνια διαπραγματεύσεων με τις [[Ηνωμένες Πολιτείες Αμερικής|ΗΠΑ]] η [[Κίνα]] υπογράφει συμφωνία ένταξη της στον [[Παγκόσμιος Οργανισμός Εμπορίου|Παγκόσμιο Οργανισμό Εμπορίου]]. Είχε προηγηθεί η ένταξη της στην [[Γενική Συμφωνία Δασμών και Εμπορίου|GATT]].\n* [[2003]] – Στόχος βομβιστικών επιθέσεων γίνεται η Κωνσταντινούπολη. Από το φονικό χτύπημα κατά δύο εβραϊκών συναγωγών 25 άνθρωποι σκοτώνονται και δεκάδες τραυματίζονται. Την ευθύνη αναλαμβάνει τουρκική ισλαμική οργάνωση για λογαριασμό και της Αλ Κάιντα. Οι τουρκικές αρχές προχωρούν σε συλλήψεις, ενώ ασκούνται διώξεις εναντίον εννέα ατόμων.\n* [[2007]] – Ο κυκλώνας Σιντρ χτυπά το Μπανγκλαντές και σκοτώνει περίπου 5.000 άτομα.\n\n== Γεννήσεις ==\n*[[1316]] – [[Ιωάννης Α΄ της Γαλλίας|Ιωάννης Α΄]], βασιλιάς της Γαλλίας\n*[[1397]] – [[Πάπας Νικόλαος Ε΄]]\n*[[1607]] – [[Μαντλέν ντε Σκυντερύ]], Γαλλίδα συγγραφέας\n*[[1692]] – [[Ευσέβιος Αμόρτ]], Γερμανός θεολόγος\n*[[1738]] – [[Ουίλιαμ Χέρσελ]], Γερμανός αστρονόμος\n*[[1784]] – [[Ζερόμ Βοναπάρτης]], βασιλιάς της Βεστφαλίας\n*[[1857]] – [[Μιχαήλ Αλεξέγιεβ]], Ρώσος στρατηγός\n*[[1862]] – [[Γκέρχαρτ Χάουπτμαν]], Γερμανός θεατρικός συγγραφέας\n*[[1874]] – [[Δημήτριος Γολέμης]], Έλληνας δρομέας\n*[[1874]] – [[Αύγουστος Κρογκ]], Δανός ζωολόγος\n*[[1883]] – [[Μανόλης Τριανταφυλλίδης]], Έλληνας γλωσσολόγος\n*[[1886]] – [[Ρενέ Γκενόν]], Γάλλος συγγραφέας\n*[[1887]] – [[Τζόρτζια Ο'Κιφ]], Αμερικανίδα ζωγράφος\n*[[1891]] – [[Έρβιν Ρόμελ]], Γερμανός στρατάρχης\n*[[1907]] – [[Κλάους φον Στάουφενμπεργκ]], Γερμανός στρατιωτικός\n*[[1920]] – [[Βασίλης Διαμαντόπουλος]], Έλληνας ηθοποιός\n*[[1931]] – [[Μουάι Κιμπάκι]], Κενυάτης πολιτικός\n*[[1935]] – [[Γιλντιρίμ Ακμπουλούτ]], Τούρκος πολιτικός\n*[[1935]] – [[Κώτσος Κασάπογλου]], Τούρκος ποδοσφαιριστής\n*[[1936]] – [[Βολφ Μπήρμαν]], Γερμανός τραγουδοποιός\n*[[1946]] – [[Βασίλης Γκούμας]], Έλληνας καλαθοσφαιριστής\n*[[1966]] – [[Αλμπέρ Παϊμί Παντακέ]], πολιτικός του Τσαντ\n*[[1952]] – [[Ράντυ Σάβατζ]], Αμερικανός παλαιστής\n*[[1954]] – [[Αλεξάντερ Κβασνιέβσκι]], Πολωνός πολιτικός\n*[[1964]] – [[Στέλιος Αποσπόρης]], Έλληνας ποδοσφαιριστής\n*[[1967]] – [[Παντελί Μάικο]], Αλβανός πολιτικός\n*[[1974]] – [[Τσαντ Κρέγκερ]], Καναδός τραγουδιστής\n*[[1976]] – [[Μάριο Γκαλίνοβιτς]], Κροάτης ποδοσφαιριστής\n*[[1987]] – [[Λάμπε Αλαμπάκοσκι]], Σλαβομακεδόνας τραγουδιστής\n*[[1991]] – [[Σέιλιν Γούντλεϊ]], Αμερικανίδα ηθοποιός\n*[[1993]] – [[Πάουλο Ντιμπάλα]], Αργεντινός ποδοσφαιριστής\n\n== Θάνατοι ==\n*[[655]] – [[Πέντα της Μερκίας|Πέντα]], βασιλιάς της Μερκίας\n*[[1028]] – [[Κωνσταντίνος Η΄]], Βυζαντινός αυτοκράτορας\n*[[1037]] – [[Όντο Β΄ του Μπλουά|Όντο Β΄]], κόμης του Μπλουά\n*[[1184]] – [[Βεατρίκη Α΄ της Βουργουνδίας]], κόμισσα της Βουργουνδίας\n*[[1194]] – [[Μαργαρίτα Α΄ της Φλάνδρας|Μαργαρίτα Α΄]], κόμισσα της Φλάνδρας\n*[[1280]] – [[Αλβέρτος ο Μέγας]], Γερμανός επίσκοπος, θεολόγος και φιλόσοφος\n*[[1630]] – [[Γιοχάνες Κέπλερ]], Γερμανός αστρονόμος και μαθηματικός\n*[[1670]] – [[Ιωάννης Αμός Κομένιος]], Τσέχος συγγραφέας\n*[[1691]] – [[Έλμπερτ Κόυπ]], Ολλανδός ζωγράφος\n*[[1706]] – [[Τσανγκιάνγκ Γκιάτσο]], 6ος Δαλάι Λάμα\n*[[1787]] – [[Κρίστοφ Βίλιμπαλντ Γκλουκ]], Γερμανός συνθέτης\n*[[1822]] – [[Καρλ φον Νόρμαν-Έρενφελς]], Γερμανός στρατιωτικός\n*[[1839]] – [[Ουίλιαμ Μάρντοκ]], Σκωτσέζος εφευρέτης\n*[[1853]] – [[Μαρία Β΄ της Πορτογαλίας|Μαρία Β΄]], βασίλισσα της Πορτογαλίας\n*[[1863]] – [[Φρειδερίκος Ζ΄ της Δανίας|Φρειδερίκος Ζ΄]], βασιλιάς της Δανίας\n*[[1916]] – [[Χένρικ Σιενκιέβιτς]], Πολωνός συγγραφέας\n*[[1917]] – [[Εμίλ Ντιρκέμ]], Γάλλος κοινωνιολόγος\n*[[1922]] – [[Δημήτριος Γούναρης]], Έλληνας πολιτικός\n*[[1922]] – [[Νικόλαος Θεοτόκης]], Έλληνας πολιτικός\n*[[1922]] – [[Γεώργιος Μπαλτατζής]], Έλληνας πολιτικός\n*[[1922]] – [[Πέτρος Πρωτοπαπαδάκης]], Έλληνας πολιτικός\n*[[1922]] – [[Νικόλαος Στράτος]], Έλληνας πολιτικός\n*[[1922]] – [[Γεώργιος Χατζανέστης]], Έλληνας στρατηγός\n*[[1923]] – [[Μοχαμάντ Γιακούμπ Χαν]], Εμίρης του Αφγανιστάν\n*[[1954]] – [[Λάιονελ Μπάριμορ]], Αμερικανός ηθοποιός\n*[[1959]] – [[Τσαρλς Τόμσον Ρις Γουίλσον]], Σκωτσέζος φυσικός\n*[[1966]] – [[Δημήτριος Τόφαλος]], Έλληνας αρσιβαρίστας\n*[[1970]] – [[Κωνσταντίνος Τσαλδάρης]], Έλληνας πολιτικός\n*[[1974]] – [[Βάλτερ Μάισνερ]], Γερμανός φυσικός\n*[[1976]] – [[Ζαν Γκαμπέν]], Γάλλος ηθοποιός\n*[[1985]] – [[Άγγελος Δόξας]], Έλληνας λογοτέχνης\n*[[1988]] – [[Αρχιεπίσκοπος Ιερώνυμος Α´|Ιερώνυμος]], αρχιεπίσκοπος Αθηνών και πάσης Ελλάδος\n*[[1988]] – [[Τάλμποτ Κεφαλληνός]], Έλληνας πολιτικός\n*[[1990]] – [[Τάσος Βουρνάς]], Έλληνας ιστορικός\n*[[1998]] – [[Στόουκλι Καρμάικλ]], ακτιβιστής από το Τρινιντάντ και Τομπάγκο\n*[[1999]] – [[Μίνως Βολανάκης]], Έλληνας σκηνοθέτης\n*[[2002]] – [[Σον Κη-Τσονκ]], Κορεάτης αθλητής\n*[[2008]] – [[Γιώργος Κοίλιαρης]], Έλληνας δημοσιογράφος\n*[[2009]] – [[Πατριάρχης Βελιγραδίου Παύλος]]\n*[[2013]] – [[Γλαύκος Κληρίδης]], Κύπριος πολιτικός\n*[[2015]] – [[Ζιζέλ Πράσινος]], Γαλλίδα συγγραφέας\n*[[2017]] – [[Lil Peep]], Αμερικανός τραγουδιστής\n*2020 – [[Μητροπολίτης Λαγκαδά, Λητής και Ρεντίνης Ιωάννης Τασσιάς|Ιωάννης]], Μητροπολίτης [[Ιερά Μητρόπολις Λαγκαδά, Λητής και Ρεντίνης|Λαγκαδά, Λητής και Ρεντίνης]]\n\n== Αργίες και εορτές ==\n\n=== [[Ορθόδοξη Εκκλησία]] ===\n{{Πύλη:Ορθοδοξία/Εορτολόγιο/15 Νοεμβρίου}}\n{{Μήνες}}\n\n==Παραπομπές==\n<references />\n\n[[Κατηγορία:Ημέρες του έτους]]"}}}]}]}}