{"batchcomplete":true,"query":{"normalized":[{"fromencoded":false,"from":"15_Μαΐου","to":"15 Μαΐου"}],"pages":[{"pageid":1818,"ns":0,"title":"15 Μαΐου","revisions":[{"slots":{"main":{"contentmodel":"wikitext","contentformat":"text/x-wiki","content":"{{Μήνες Μαΐου}}\n\n<center>[[14 Μαΐου]] | '''15 Μαΐου''' | [[16 Μαΐου]]</center>\n\n----\nΗ '''15η Μαΐου''' είναι η 135η ημέρα του έτους κατά το [[Γρηγοριανό ημερολόγιο]] (136η σε δίσεκτα έτη). Υπολείπονται 230 ημέρες.\n\n{{ΗμερολόγιοΣεΠίνακα|5}}\n\n== Γεγονότα ==\n*[[495 π.Χ.]] - Εγκαινιάζεται στην [[αρχαία Ρώμη]] ναός προς τιμήν του θεού [[Μερκούριους]]. \n*[[392]] - Δολοφονείται ο αυτοκράτορας [[Ουαλεντινιανός Β΄]], ενώ βρισκόταν σε εξέλιξη η εκστρατεία του στη [[Γαλατία]] κατά του [[Φράγκοι|Φράγκου]] σφετεριστή Αρβογάστη.\n*[[589]] - Ο βασιλιάς [[Αυθάριος]] παντρεύεται τη [[Θεοδελίνδη]], κόρη του δούκα της [[Βαυαρία|Βαυαρίας]], Γαριβάλδου Α΄, με μεγάλη επιρροή στους [[Λομβαρδοί|Λομβαρδούς]] ευγενείς.\n*[[908]] - Ο τριών ετών [[Κωνσταντίνος Ζ΄]], γιος του αυτοκράτορα [[Λέων ΣΤ΄|Λέοντα ΣΤ΄ του Σοφού]], στέφεται συναυτοκράτορας της [[Βυζαντινή Αυτοκρατορία|Βυζαντινής Αυτοκρατορίας]] από τον [[Πατριάρχης Ευθύμιος Α΄|Πατριάρχη Ευθύμιο Α΄]]. Η τελετή πραγματοιείται στην [[Αγία Σοφία (Κωνσταντινούπολη)]].\n*[[1252]] - Ο [[Πάπας Ιννοκέντιος Δ΄]] εκδίδει την παπική βούλα ''ad extirpanda'', με την οποία επιτρέπει, αλλά και οριοθετεί, τα βασανιστήρια των [[Αίρεση|αιρετικών]] στη μεσαιωνική [[Ιερά Εξέταση]].\n*[[1525]] - Οι εξεγερμένοι χωρικοί με επικεφαλής τον [[Αναβαπτιστές|αναβαπτιστή]] πάστορα [[Τόμας Μύντσερ]] ηττώνται στη μάχη του Φρανκενχάουζεν, τερματίζοντας τον [[Πόλεμος των Χωρικών|Πόλεμο των Χωρικών]] στην [[Αγία Ρωμαϊκή Αυτοκρατορία]].\n*[[1536]] - Η βασίλισσα της [[Αγγλία]]ς, [[Άννα Μπολέυν]], δικάζεται στο [[Λονδίνο]] με τις κατηγορίες της προδοσίας, της μοιχείας και της αιμομιξίας. Καταδικάζεται σε θάνατο από ένα ειδικά επιλεγμένο σώμα [[Ένορκος|ενόρκων]].  \n*[[1567]] - Η [[Μαρία Α΄ της Σκωτίας]] παντρεύεται τον Ιάκωβο Χέπμπορν, 4ο κόμη του Μπόθγουελ, ο οποίος γίνεται ο τρίτος σύζυγός της.\n*[[1618]] - Ο [[Γιοχάνες Κέπλερ]] διατυπώνει τον [[Νόμος αστρικών περιφορών|τρίτο νόμο της κίνησης των πλανητών]].\n*[[1648]] - Υπογράφεται η [[Συνθήκη της Βεστφαλίας]].\n*[[1793]] - Ο [[Ντιέγο Μαρίν Αγιλέρα]] πετάει ένα ανεμόπτερο για «περίπου 360 μέτρα», σε ύψος 5-6 μέτρων, κατά τη διάρκεια μίας από τις πρώτες απόπειρες επανδρωμένων πτήσεων.\n*[[1796]] - [[Πόλεμος του Πρώτου Συνασπισμού]]: Ο [[Ναπολέων Α΄]] μπαίνει θριαμβευτικά στο [[Μιλάνο]].\n*[[1800]] - Ο βασιλιάς [[Γεώργιος Γ΄ του Ηνωμένου Βασιλείου]] σώζεται από απόπειρα δολοφονίας.\n*[[1811]] - Η [[Παραγουάη]] ανακηρύσσει την ανεξαρτησία της από την [[Ισπανία]].\n*[[1836]] - Ο Φράνσις Μπέιλι παρατηρεί τις «χάντρες του Μπέιλι» κατά τη διάρκεια μιας [[Έκλειψη Ηλίου|έκλειψης ηλίου]].\n*[[1849]] - Τα στρατεύματα των [[Βασίλειο των Δύο Σικελιών|Δύο Σικελιών]] καταλαμβάνουν το [[Παλέρμο]] και συντρίβουν τη δημοκρατική κυβέρνηση της [[Σικελία]]ς.\n*[[1905]] - Ιδρύεται το [[Λας Βέγκας]] όταν δημοπρατούνται 110 στρέμματα, που αργότερα θα γίνουν το κέντρο της πόλης.\n*[[1911]] - 303 [[Λαϊκή Δημοκρατία της Κίνας|Κινέζοι]] και 5 [[Ιαπωνία|Ιάπωνες]] μετανάστες σκοτώνονται στην [[Τορρεόν]], όταν οι δυνάμεις της [[Μεξικό|μεξικανικής]] επανάστασης καταλαμβάνουν την πόλη.\n*[[1919]] - Αρχίζει γενική απεργία στην πόλη [[Γουίνιπεγκ]], όπου συμμετείχε σχεδόν το σύνολο του εργατικού δυναμικού της πόλης.\n*[[1919]] - [[Κατοχή της Σμύρνης|Απελευθέρωση της Σμύρνης]]: Ο [[Ελλάδα|ελληνικός]] στρατός απελευθερώνει τη [[Σμύρνη]].\n* [[1932]] - [[Ιαπωνία]]: [[Επεισόδιο 15ης Μαΐου]] κατά το οποίο δολοφονείται στην οικία του ο πρωθυπουργός [[Τσουγιόσι Ινουκάι]]\n* [[1940]] - Ιδρύεται η εταιρεία εστιατορίων \"[[McDonald's]]\".\n* [[1941]] – Βυθίζεται από Γερμανική αεροπορική επιδρομή το [[Λέων (Αντιτορπιλικό)|αντιτορπιλικό Λέων]] στον όρμο στης [[Σούδα Χανίων|Σούδας]].\n* [[1941]] - Ιδρύεται στη μικρασιατική προσφυγική συνοικία της [[Αμπελόκηποι Θεσσαλονίκης|Επταλόφου]] η πρώτη αντιστασιακή οργάνωση στην Ελλάδα, η \"Ελευθερία\", με την ομώνυμη εφημερίδα της και το πρώτο παράνομο τυπογραφείο της πόλης στην ίδια συνοικία.\n* [[1943]] - Ο [[Ιωσήφ Στάλιν]] διαλύει την [[Κομμουνιστική Διεθνής|Κομμουνιστική Διεθνή]], γνωστή και ως ''Τρίτη Διεθνή''.\n* [[1948]] - Το [[Ισραήλ]] δέχεται επίθεση από την [[Αίγυπτος|Αίγυπτο]], το [[Λίβανος|Λίβανο]], τη [[Συρία]], το [[Ιράκ]], τη [[Σαουδική Αραβία]] και την Υπεριορδανία.\n*[[1963]] - [[Πρόγραμμα Μέρκιουρι]]: Εκτοξεύεται η τελευταία αποστολή Μέρκιουρι, με επιβαίνοντα τον αστροναύτη Γκόρντον Κούπερ, ο οποίος γίνεται ο πρώτος [[Η.Π.Α.|Αμερικανός]] που παραμένει πάνω από μία ημέρα στο [[διάστημα]].\n*[[1970]] - Δύο φοιτητές σκοτώνονται από την αστυνομία στο Πανεπιστήμιο Τζάκσον Στέιτ κατά τη διάρκεια φοιτητικών διαδηλώσεων.\n* [[1988]] - Ο [[Κόκκινος Στρατός]] αρχίζει την αποχώρησή του από το [[Αφγανιστάν]], ύστερα από οκτώ και πλέον χρόνια πολέμου.\n* [[1991]] - Η [[Εντίθ Κρεσόν]] γίνεται η πρώτη γυναίκα πρωθυπουργός της [[Γαλλία]]ς.\n\n== Γεννήσεις ==\n*[[1459]] - [[Ιωάννης Α΄ του Ζίμμερν|Ιωάννης Α΄]], παλατινός κόμης του Ζίμερν\n*[[1567]] - [[Κλαούντιο Μοντεβέρντι]], Ιταλός συνθέτης\n*[[1689]] - [[Λαίδη Μαίρη Μόνταγκιου]], Αγγλίδα συγγραφέας\n*[[1773]] - [[Κλέμενς φον Μέττερνιχ]], Γερμανός πολιτικός\n*[[1786]] - [[Δημήτρης Πλαπούτας]], Έλληνας στρατιωτικός\n*[[1873]] - [[Ιδομέν Κοστούρι]], Αλβανός πολιτικός\n*[[1842]] - [[Λουδοβίκος Βίκτωρ της Αυστρίας|Λουδοβίκος Βίκτωρ]], αρχιδούκας της Αυστρίας\n*[[1854]] - [[Γιάννης Ψυχάρης]], Έλληνας συγγραφέας και γλωσσολόγος\n*[[1856]] - [[Φρανκ Μπάουμ]], Αμερικανός συγγραφέας\n*[[1859]] - [[Πιερ Κιουρί]], Γάλλος φυσικός\n*[[1891]] - [[Μιχαήλ Μπουλγκάκοφ]], Ρώσος συγγραφέας\n*[[1905]] - [[Τζόζεφ Κότεν]], Αμερικανός ηθοποιός\n*[[1909]] - [[Τζέιμς Μέισον]], Άγγλος ηθοποιός\n*[[1911]] - [[Μαξ Φρις]], Ελβετός συγγραφέας\n*[[1915]] - [[Πολ Σάμιουελσον]], Αμερικανός οικονομολόγος\n*[[1922]] - [[Αντίλ Τσαρτσάνι]], Αλβανός πολιτικός\n*[[1926]] - [[Πήτερ Σάφερ]], Άγγλος θεατρικός συγγραφέας\n*[[1929]] - [[Άντριου Μπερτιέ]], Άγγλος πρίγκιπας και μέγας μάγιστρος του Κυρίαρχου Στρατιωτικού Τάγματος της Μάλτας\n*[[1931]] - [[Τζέιμς Φιτς-Άλεν Μίτσελ]], πρωθυπουργός του Άγιου Βικέντιου και Γρεναδίνων\n*[[1937]] - [[Τρίνι Λόπεζ]], Αμερικανός τραγουδιστής, κιθαρίστας και ηθοποιός\n*[[1938]] - [[Μιρέιγ Νταρκ]], Γαλλίδα ηθοποιός και μοντέλο\n*[[1938]] - [[Τόμι Ολιβένσια]], Πορτορικανός μουσικός\n*[[1942]] - [[Μπαρνάμπας Σιμπουσίζο Ντλαμίνι]], πρωθυπουργός της Σουαζιλάνδης\n*[[1945]] - [[Ντουάρτε Πίο]], δούκας της Μπραγκάνσα\n*[[1947]] - [[Μαρία Κανελλοπούλου]], Ελληνίδα ηθοποιός και πολιτικός\n*[[1948]] - [[Βίκυ Βανίτα]], Ελληνίδα ηθοποιός\n*[[1948]] - [[Μπράιαν Ίνο]], Άγγλος τραγουδοποιός, μουσικός και παραγωγός\n*[[1951]] - [[Φρανκ Ουίλτσεκ]], Αμερικανός φυσικός\n*[[1952]] - [[Ιμπαρέκ Σαμέχ]], Λίβυος πολιτικός\n*[[1953]] - [[Μιμή Ντενίση]], Ελληνίδα ηθοποιός και συγγραφέας\n*[[1953]] - [[Μάνος Ξυδούς]], Έλληνας τραγουδοποιός\n*[[1955]] - [[Λία Βίσση]], Κύπρια τραγουδίστρια\n*[[1956]] - [[Ανδρέας Λοβέρδος]], Έλληνας πολιτικός\n*[[1956]] - [[Μίρεκ Τοπολάνεκ]], Τσέχος πολιτικός\n*[[1958]] - [[Γιάννης Γκαλίτσιος]], Έλληνας ποδοσφαιριστής\n*[[1958]] - [[Τζουλιάνο Μερ Καμίς]], Ισραηλινός ηθοποιός, σκηνοθέτης και ακτιβιστής\n*[[1958]] - [[Ρον Σίμονς]], Αμερικανός παλαιστής\n*[[1964]] - [[Λαρς Λόκε Ράσμουσεν]], Δανός πολιτικός\n*[[1965]] - [[Σταύρος Καλαφάτης]], Έλληνας πολιτικός\n*[[1973]] - [[Αιμιλία Τσουλφά]], Ελληνίδα ιστιοπλόος\n*[[1974]] - [[Βασίλης Κικίλιας]], Έλληνας πολιτικός \n*[[1981]] - [[Πατρίς Εβρά]], Γάλλος ποδοσφαιριστής\n*[[1982]] - [[Σεγούντο Καστίγιο]], ποδοσφαιριστής από τον Ισημερινό\n*[[1982]] - [[Φουτζιγάρα Τατσούγια]], Ιάπωνας ηθοποιός\n*[[1983]] - [[Γιώργος Σαμπάνης]], Έλληνας τραγουδιστής\n*[[1987]] - [[Άντι Μάρρεϊ]], Σκωτσέζος αντισφαιριστής\n*[[1995]] - [[Ξένια Σίτνικ]], Λευκορωσίδα τραγουδίστρια\n*\n\n== Θάνατοι ==\n*[[348]] - [[Παχώμιος]], ασκητής και όσιος\n*[[392]] - [[Ουαλεντινιανός Β΄]], Ρωμαίος αυτοκράτορας\n*[[884]] - [[Πάπας Μαρίνος Α΄]]\n*[[1157]] - [[Γιούρι Ντολγκορούκι]], μέγας πρίγκιπας του Κιέβου\n*[[1174]] - [[Νουρεντίν Ζενγκί]], εμίρης της Δαμασκού\n*[[1461]] - [[Ντομένικο Βενετσιάνο]], Ιταλός ζωγράφος\n*[[1470]] - [[Κάρολος Η΄ της Σουηδίας|Κάρολος Η΄]], βασιλιάς της Σουηδίας\n*[[1622]] - [[Πέτρος Πλάνκιος]], Φλαμανδός αστρονόμος και χαρτογράφος\n*[[1873]] - [[Αλέξανδρος Ιωάννης Α' Κούζας]], ηγεμόνας της Ρουμανίας\n*[[1886]] - [[Έμιλι Ντίκινσον]], Αμερικανίδα ποιήτρια\n*[[1935]] - [[Καζιμίρ Μαλέβιτς]], Ρώσος καλλιτέχνης\n*[[1966]] - [[Μαξιμιλιάνο Ερνάντες Μαρτίνες]], πρόεδρος του Ελ Σαλβαδόρ\n*[[1967]] - [[Σταύρος Νικολαΐδης]], Έλληνας εκπαιδευτικός και πολιτικός\n*[[1978]] - [[Στυλιανός Καψωμένος]], Έλληνας φιλόλογος, παπυρολόγος και ιστορικός\n*[[1986]] - [[Έλιο ντε Άντζελις]], Ιταλός οδηγός αγώνων\n*[[2003]] - [[Γκαμπριέλ Ρομπέρ]], Γάλλος ποδοσφαιριστής\n*[[2008]] - [[Γουίλις Γιουτζίν Λαμπ]], Αμερικανός φυσικός\n*[[2012]] - [[Κάρλος Φουέντες]], Μεξικανός συγγραφέας\n*[[2013]] - [[Ενρίκε Ρόζα]], πολιτικός της Γουινέας Μπισσάου\n\n== Αργίες και εορτές ==\n=== [[Ορθόδοξη Εκκλησία]] ===\n{{Πύλη:Ορθοδοξία/Εορτολόγιο/15 Μαΐου}}\n\n{{Μήνες}}\n\n[[Κατηγορία:Ημέρες του έτους]]"}}}]}]}}