{"batchcomplete":true,"query":{"normalized":[{"fromencoded":false,"from":"16_Νοεμβρίου","to":"16 Νοεμβρίου"}],"pages":[{"pageid":3572,"ns":0,"title":"16 Νοεμβρίου","revisions":[{"slots":{"main":{"contentmodel":"wikitext","contentformat":"text/x-wiki","content":"{{Μήνες Νοεμβρίου}}\n\n<center>[[15 Νοεμβρίου]] | '''16 Νοεμβρίου''' | [[17 Νοεμβρίου]]</center>\n\n----\nΗ '''16η Νοεμβρίου''' είναι η 320ή ημέρα του έτους κατά το [[Γρηγοριανό ημερολόγιο]] (321η σε δίσεκτα έτη). Υπολείπονται 45 ημέρες.\n\n{{ΗμερολόγιοΣεΠίνακα|11}}\n\n== Γεγονότα ==\n*[[1272]] - Ενώ ταξιδεύει κατά τη διάρκεια της Θ΄ Σταυροφορίας, ο [[Εδουάρδος Α΄ της Αγγλίας|Εδουάρδος Α΄]] γίνεται [[Κατάλογος Άγγλων μοναρχών|βασιλιάς της Αγγλίας]] μετά το θάνατο του [[Ερρίκος Γ΄ της Αγγλίας|Ερρίκου Γ΄]], αλλά δεν θα επιστρέψει στην [[Αγγλία]] παρά μετά από σχεδόν δύο χρόνια για να αναλάβει το θρόνο. \n*[[1532]] - Ο [[Φρανθίσκο Πιθάρρο]] και οι άντρες του αιχμαλωτίζουν τον αυτοκράτορα των [[Ίνκα]]ς Αταουάλπα στη μάχη της Καχαμάρκα.\n*[[1632]] - [[Τριακονταετής Πόλεμος]]: Οι [[Σουηδία|Σουηδοί]] νικούν στη μάχη του Λούτσεν αλλά ο βασιλιάς τους, [[Γουσταύος Β΄ Αδόλφος της Σουηδίας]], σκοτώνεται στη μάχη.\n*[[1776]] - [[Αμερικανική Επανάσταση]]: [[Μεγάλη Βρετανία|Βρετανικές]] μονάδες καταλαμβάνουν το φρούριο Ουάσινγκτον από τους Πατριώτες. \n*[[1793]] - [[Γαλλική Επανάσταση]]: 90 αντιφρονούντες ρωμαιοκαθολικοί ιερείς εκτελούνται δια πνιγμού στη [[Ναντ]].\n*[[1797]] - Ο [[Φρειδερίκος Γουλιέλμος Γ΄ της Πρωσίας|Φρειδερίκος Γουλιέλμος Γ΄]] γίνεται βασιλιάς της [[Πρωσία]]ς.\n*[[1828]] - [[Ελληνική Επανάσταση του 1821|Ελληνική Επανάσταση]]: Υπογράφεται το Πρωτόκολλο του Λονδίνου, το οποίο προβλέπει τη δημιουργία ενός αυτόνομου ελληνικού κράτους υπό [[Οθωμανική Αυτοκρατορία|οθωμανική]] κυριαρχία, που θα περιλαμβάνει το Μοριά και τις [[Κυκλάδες]].\n*[[1849]] - [[Ρωσία|Ρωσικό]] δικαστήριο καταδικάζει το συγγραφέα [[Φιοντόρ Ντοστογιέφσκι]] σε θάνατο για αντικυβερνητικές δραστηριότητες που σχετίζονταν με μία ριζοσπαστική ομάδα διανοούμενων. Αργότερα η ποινή του θα μετατραπεί σε καταναγκαστικά έργα.\n*[[1852]] - Ο [[Αγγλία|Άγγλος]] αστρονόμος [[Τζον Ράσελ Χιντ]] ανακαλύπτει τον αστεροειδή [[22 Καλλιόπη]].\n*[[1855]] - Ο [[Ντέιβιντ Λίβινγκστον]] γίνεται ο πρώτος [[Ευρώπη|Ευρωπαίος]] που βλέπει τους [[Καταρράκτες Βικτωρίας|καταρράκτες της Βικτωρίας]] στα σημερινά σύνορα [[Ζάμπια]]ς και [[Ζιμπάμπουε]].\n*[[1863]] - [[Αμερικανικός Εμφύλιος Πόλεμος]]: Τα [[Συνομόσπονδες Πολιτείες της Αμερικής|Συνομόσπονδα]] στρατεύματα πραγματοποιούν αποτυχημένη επίθεση εναντίον των δυνάμεων της [[Ένωση (Αμερικανικός Εμφύλιος Πόλεμος)|Ένωσης]] κοντά στο [[Νόξβιλ]] του [[Τενεσί]].\n*[[1885]] - Ο [[Καναδάς|Καναδός]] ηγέτης των εξεγερμένων Μετί και «πατέρας της [[Μανιτόμπα]]» Λουί Ριέλ εκτελείται για [[προδοσία]].\n*[[1907]] - Η [[Οκλαχόμα]] γίνεται η 46η πολιτεία των [[Η.Π.Α.]] \n*[[1920]] - Ιδρύεται η εθνική αεροπορική εταιρεία της [[Αυστραλία]]ς, [[Qantas Airways]], ως Queensland and Northern Territory Aerial Services Limited.\n*[[1938]] - Ο [[Άλμπερτ Χόφμαν]] συνθέτει για πρώτη φορά το [[διαιθυλαμίδιο του λυσεργικού οξέος]] (LSD) στα εργαστήρια της Sandoz στη [[Βασιλεία (Ελβετία)|Βασιλεία]]. \n*[[1940]] - [[Β΄ Παγκόσμιος Πόλεμος]]: Σε απάντηση στην ισοπέδωση του [[Κόβεντρι]] από τη [[Ναζιστική Γερμανία|γερμανική]] [[Luftwaffe]] δύο ημέρες πριν, η [[Βρετανική Βασιλική Αεροπορία]] βομβαρδίζει το [[Αμβούργο]].\n*1940 - [[Ολοκαύτωμα]]: Στην κατεχόμενη [[Πολωνία]], οι [[Ναζισμός|Ναζί]] αποκλείουν το Γκέτο της [[Βαρσοβία]]ς από τον έξω κόσμο.\n*[[1944]] - [[Β΄ Παγκόσμιος Πόλεμος]]: Ξεκινά η επιχείρηση Κουίν, η πολυδάπανη προώθηση των συμμάχων στο [[Ρόερ]]. \n*[[1945]] - Ιδρύεται η [[Εκπαιδευτική Επιστημονική και Πολιτιστική Οργάνωση των Ηνωμένων Εθνών|Εκπαιδευτική Επιστημονική και Πολιτιστική Οργάνωση των Ηνωμένων Εθνών (UNESCO)]].\n*[[1953]] - Αποξήλωση των γραμμών τραμ στα Χαυτεία, με αποτέλεσμα Κυψέλη και Αμπελόκηποι να χάσουν την σιδηροδρομική τους σύνδεση με το κέντρο των Αθηνών.\n*[[1965]] - [[Πρόγραμμα Βενέρα]]: Η [[Ένωση Σοβιετικών Σοσιαλιστικών Δημοκρατιών|Σοβιετική Ένωση]] εκτοξεύει το διαστημικό σκάφος [[Βενέρα 3]] προς τον [[Αφροδίτη (πλανήτης)|πλανήτη Αφροδίτη]] και θα είναι το πρώτο [[διαστημόπλοιο]] που θα φτάσει στην επιφάνεια άλλου [[Πλανήτης|πλανήτη]]. \n*[[1973]] - Πρόγραμμα Skylab: Η [[NASA]] εκτοξεύει το Skylab 4 με ένα πλήρωμα τριών [[Αστροναύτης|αστροναυτών]] για μία αποστολή 84 ημερών.\n*[[1974]] - Το [[ραδιοτηλεσκόπιο του Αρεσίμπο]] στο [[Πουέρτο Ρίκο]] μεταδίδει το [[μήνυμα του Αρεσίμπο]]. Στόχος του είναι η τρέχουσα θέση του [[Σφαιρωτό Σμήνος του Ηρακλέους|Σφαιρωτού Σμήνους του Ηρακλέους]] περίπου 25.000 έτη φωτός μακριά. Το μήνυμα θα φτάσει σε κενό χώρο αφού το σύμπλεγμα θα έχει μετατοπιστεί.  \n*[[1980]] - Κατά τη διάρκεια της πορείας για την επέτειο του [[Εξέγερση του Πολυτεχνείου|Πολυτεχνείου]] δολοφονείται από την αστυνομία η [[Σταματίνα Κανελλοπούλου]] και χτυπιέται θανάσιμα ο [[Ιάκωβος Κουμής]].\n*[[1988]] - Στις πρώτες ανοιχτές εκλογές για πάνω από μία δεκαετία, οι ψηφοφόροι στο [[Πακιστάν]] εκλέγουν την [[Μπεναζίρ Μπούτο]] ως πρωθυπουργό του Πακιστάν. \n*[[1990]] - Αφαιρούνται τα [[Βραβείο Γκράμι|βραβεία Γκράμι]] από το [[Ποπ μουσική|συγκρότημα της ποπ]] Milli Vanilli επειδή δεν τραγούδησαν καθόλου στο δίσκο τους.\n\n== Γεννήσεις ==\n*[[42 π.Χ.]] - [[Τιβέριος Καίσαρας Αύγουστος]], Ρωμαίος αυτοκράτορας\n*[[1528]] - [[Ιωάννα Γ΄ της Ναβάρρας|Ιωάννα Γ΄]], βασίλισσα της Ναβάρρας\n*[[1613]] - [[Φρειδερίκος του Άνχαλτ-Χάρτσγκεροντε|Φρειδερίκος]], πρίγκιπας του Άνχαλτ-Χάρτσγκεροντε\n*[[1717]] - [[Ζαν λε Ροντ ντ' Αλαμπέρ]], Γάλλος μαθηματικός\n*[[1768]] - [[Καραγιώργης Πέτροβιτς]], Σέρβος επαναστάτης\n*[[1836]] - [[Εουτζένιο Μπελτράμι]], Ιταλός μαθηματικός\n*[[1850]] - [[Αρτύρ Κονσταντέν Κρεμπς]], Γάλλος μηχανικός\n*[[1855]] - [[Τομάζο Τιττόνι]], Ιταλός πολιτικός\n*[[1892]] - [[Τάτσιο Νουβολάρι]], Ιταλός οδηγός αγώνων\n*[[1895]] - [[Πάουλ Χίντεμιτ]], Γερμανός συνθέτης\n*[[1896]] - [[Όσβαλντ Μόσλι]], Άγγλος πολιτικός\n*[[1907]] - [[Μπέρτζες Μέρεντιθ]], Αμερικανός ηθοποιός\n*[[1909]] - [[Χρήστος Καπράλος]], Έλληνας γλύπτης\n*[[1922]] - [[Ζοζέ Σαραμάγκου]], Πορτογάλος συγγραφέας\n*[[1930]] - [[Σαλβατόρε Ριίνα]], Ιταλός μαφιόζος\n*[[1938]] - [[Ρόμπερτ Νόζικ]], Αμερικανός φιλόσοφος\n*[[1952]] - [[Σιγκέρου Μιγιαμότο]], Ιάπωνας σχεδιαστής βιντεοπαιχνιδιών\n*[[1953]] - [[Γλυκερία (τραγουδίστρια)|Γλυκερία]], Ελληνίδα τραγουδίστρια\n*[[1968]] - [[Γιώργος Καραϊβάζ]], Έλληνας δημοσιογράφος\n*[[1974]] - [[Πολ Σκόουλς]], Άγγλος ποδοσφαιριστής\n*[[1977]] - [[Μάγκι Τζίλενχαλ]], Αμερικανίδα ηθοποιός\n*[[1994]] - [[Έλενα Τσαγκρινού]], Ελληνίδα τραγουδίστρια \n*[[1996]] - [[Ρομπέρτ Αμπατζιάν]], Αρμένιος λοχίας\n\n== Θάνατοι ==\n*[[1093]] - [[Αγία Μαργαρίτα της Σκωτίας]]\n*[[1272]] - [[Ερρίκος Γ΄ της Αγγλίας|Ερρίκος Γ΄]], βασιλιάς της Αγγλίας\n*[[1302]] - [[Γερτρούδη η Μεγάλη]], Γερμανή μοναχή, μύστρια και θεολόγος\n*[[1323]] - [[Φρειδερίκος Α΄ του Μάισσεν|Φρειδερίκος Α΄]], μάργραβος του Μάισσεν\n*[[1632]] - [[Γουσταύος Β΄ Αδόλφος της Σουηδίας|Γουσταύος Β΄ Αδόλφος]], βασιλιάς της Σουηδίας\n*[[1672]] - [[Χάινριχ Συτς]], Γερμανός συνθέτης\n*[[1822]] - [[Παναγιώτης Κρεββαττάς]], Έλληνας αγωνιστής\n*[[1907]] - [[Ροβέρτος Α΄ της Πάρμας|Ροβέρτος Α΄]], δούκας της Πάρμας\n*[[1907]] - [[Γουσταύος Χέρτσμπεργκ]], Γερμανός ιστορικός\n*[[1920]] - [[Σπυρίδων Μαγγίνας]], Έλληνας ιατρός\n*[[1933]] - [[Αρχιεπίσκοπος Κύπρου Κύριλλος Γ΄]]\n*[[1934]] - [[Γκεόργκι Τόντοροφ (στρατηγός)|Γκεόργκι Τόντοροφ]], Βούλγαρος στρατηγός\n*[[1952]] - [[Σαρλ Μωρράς]], Γάλλος πολιτικός\n*[[1960]] - [[Κλαρκ Γκέιμπλ]], Αμερικανός ηθοποιός\n*[[1963]] - [[Ιωάννης Τριανταφυλλίδης]], Έλληνας πολιτικός\n*[[1971]] - [[Στράτος Παγιουμτζής]], Έλληνας τραγουδιστής\n*[[1980]] - [[Σταματίνα Κανελλοπούλου]], Ελληνίδα αγωνίστρια\n*[[1982]] - [[Θανάσης Χατζής]], Έλληνας κομμουνιστής\n*[[1997]] - [[Ζορζ Μαρσέ]], Γάλλος πολιτικός\n*[[1998]] - [[Λούντβικ Ντάνεκ]], Τσέχος δισκοβόλος\n*[[1999]] - [[Ντάνιελ Νέιθανς]], Αμερικανός μικροβιολόγος\n*[[2006]] - [[Μίλτον Φρίντμαν]], Αμερικανός οικονομολόγος\n*[[2006]] - [[Γερόντισσα Ακυλίνα της Δράμας]], Ελληνίδα ορθόδοξη μοναχή και Ηγουμένη\n*[[2008]] - [[Στάθης Μαυρίδης]], Έλληνας ποδοσφαιριστής\n*[[2009]] - [[Αντόνιο ντε Νίγκρις]], Μεξικανός ποδοσφαιριστής\n*[[2022]] -[[Βαντίμ Μπόικο]] Ρώσος συνταγματάρχης\n\n== Αργίες και εορτές ==\n\n* [[Παγκόσμια Ημέρα Ανεκτικότητας]].\n* Ημέρα της [[Ισλανδική γλώσσα| Ισλανδικής γλώσσας]].\n\n=== [[Ορθόδοξη Εκκλησία]] ===\n{{Πύλη:Ορθοδοξία/Εορτολόγιο/16 Νοεμβρίου}}\n\n{{Μήνες}}\n\n[[Κατηγορία:Ημέρες του έτους]]"}}}]}]}}