{"batchcomplete":true,"query":{"normalized":[{"fromencoded":false,"from":"16_Αυγούστου","to":"16 Αυγούστου"}],"pages":[{"pageid":3013,"ns":0,"title":"16 Αυγούστου","revisions":[{"slots":{"main":{"contentmodel":"wikitext","contentformat":"text/x-wiki","content":"{{Μήνες Αυγούστου}}\n\n<center>[[15 Αυγούστου]] | '''16 Αυγούστου''' | [[17 Αυγούστου]]</center>\n\n----\n{{ΗμερολόγιοΣεΠίνακα|8}}\nΗ '''16η Αυγούστου''' είναι η 228η ημέρα του έτους κατά το [[Γρηγοριανό ημερολόγιο]] (229η σε δίσεκτα έτη). Υπολείπονται 137 ημέρες.\n\n== Γεγονότα ==\n*[[963]] - Ο [[Νικηφόρος Β´ Φωκάς]] στέφεται αυτοκράτορας της [[Βυζαντινή Αυτοκρατορία|Βυζαντινής Αυτοκρατορίας]].\n*[[1328]] - Ο [[Οίκος των Γκοντζάγκα]] καταλαμβάνει την εξουσία στο Δουκάτο της [[Μάντοβα]] κυβερνώντας μέχρι το [[1708]].\n*[[1513]] - Μάχη των Σπιρουνιών: Ο βασιλιάς [[Ερρίκος Η΄ της Αγγλίας]] και οι [[Αγία Ρωμαϊκή Αυτοκρατορία|αυτοκρατορικοί του σύμμαχοι]] νικούν τις [[Γαλλία|γαλλικές]] δυνάμεις, οι οποίες αναγκάζονται να υποχωρήσουν.\n*[[1819]] - Δεκαπέντε άνθρωποι σκοτώνονται και 600 τραυματίζονται μετά από επίθεση του [[Ιππικό|ιππικού]] σε δημόσια σύναξη στο [[Μάντσεστερ]]. \n*[[1858]] - Ο [[Ηνωμένες Πολιτείες Αμερικής|Αμερικανός]] πρόεδρος [[Τζέιμς Μπιουκάναν]] εγκαινιάζει το νέο υπερατλαντικό τηλεγραφικό καλώδιο ανταλλάσσοντας χαιρετισμούς με τη [[Βασίλισσα Βικτώρια]]. Ωστόσο, λόγω αδύναμου σήματος, η υπηρεσία θα τεθεί αναγκαστικά εκτός λειτουργίας λίγες εβδομάδες αργότερα.\n*[[1906]] - [[Σεισμός]] μεγέθους 8,2 βαθμών Ρίχτερ χτυπά το [[Βαλπαραΐσο]] στη [[Χιλή]], σκοτώνοντας 3.000 άτομα.\n*[[1918]] - Η [[Τσεχοσλοβακική Λεγεώνα]] νικά τον [[Κόκκινος Στρατός|Κόκκινο Στρατό]] στη ναυμαχία της λίμνης [[Βαϊκάλη]]ς.\n*[[1930]] - Ξεκινούν οι πρώτοι [[Αγώνες της Κοινοπολιτείας|Αγώνες της Βρετανικής Αυτοκρατορίας]] στο Χάμιλτον του [[Οντάριο]].\n*[[1943]] - [[Β΄ Παγκόσμιος Πόλεμος]]: [[Σφαγή του Κομμένου]]. [[Γερμανοί]] σφαγιάζουν 317 αμάχους στο [[Κομμένο Άρτας]].\n*[[1946]] - Μαζικές ταραχές ξεσπούν στην [[Καλκούτα]]. Περισσότεροι από 4.000 άνθρωποι σκοτώνονται σε 72 ώρες.\n*[[1954]] - Εκδίδεται το πρώτο τεύχος του περιοδικού ''Sports Illustrated''.\n*[[1960]] - Η [[Κύπρος]] αποκτά την ανεξαρτησία της από το [[Ηνωμένο Βασίλειο]].\n*[[1962]] - Ο Πιτ Μπεστ απολύεται από τους [[The Beatles|Beatles]] και δύο ημέρες αργότερα θα αντικατασταθεί από τον [[Ρίνγκο Σταρ]]. \n*[[1967]] - Σε πενταετή φυλάκιση καταδικάζεται από το Έκτακτο Στρατοδικείο Αθηνών ο [[Ευάγγελος Αβέρωφ]] με την αιτιολογία της \"διοργανώσεως συγκεντρώσεως άνευ αδείας\", αλλά του απονέμεται αμέσως χάρη με πρωτοβουλία της [[Κυβέρνηση Κωνσταντίνου Κόλλια 1967|κυβέρνησης]].\n\n== Γεννήσεις ==\n*[[1055]] - [[Μαλίκ Σαχ Α΄]], Σελτζούκος σουλτάνος\n*[[1397]] - [[Αλβέρτος Β΄ της Γερμανίας]], βασιλιάς της Ουγγαρίας\n*[[1645]] - [[Ζαν ντε Λα Μπρυγέρ]], Γάλλος φιλόσοφος\n*[[1650]] - [[Βιντσέντζο Μαρία Κορονέλλι|Βιντσέντζο Κορονέλλι]], Ιταλός χαρτογράφος\n*[[1744]] - [[Πιερ Μεσαίν]], Γάλλος αστρονόμος\n*[[1845]] - [[Γκαμπριέλ Λιπμάν]], Γάλλος φυσικός\n*[[1876]] - [[Ιβάν Μπιλίμπιν]], Ρώσος εικονογράφος\n*[[1880]] - [[Ζήσης Βέρρος]], Έλληνας Μακεδονομάχος \n*[[1888]] - [[Τόμας Έντουαρντ Λόρενς]], Άγγλος στρατιωτικός\n*[[1895]] - [[Λιάνε Χάιντ]], Αυστριακή ηθοποιός\n*[[1904]] - [[Μινόρου Γκέντα]], Ιάπωνας στρατιωτικός\n*[[1913]] - [[Μεναχέμ Μπέγκιν]], Ισραηλινός πολιτικός\n*[[1919]] - [[Αντώνης Σαμαράκης]], Έλληνας συγγραφέας\n*[[1920]] - [[Τσαρλς Μπουκόφσκι]], Αμερικανός συγγραφέας\n*[[1920]] - [[Νότης Περγιάλης]], Έλληνας συγγραφέας και ηθοποιός\n*[[1935]] - [[Ανδρέας Σταματιάδης]], Έλληνας ποδοσφαιριστής και προπονητής\n*[[1941]] - [[Αχμέτ αλ-Μιργκανί]], Σουδανός πολιτικός\n*[[1941]] - [[Θεονέστε Μπαγκοσόρα]], στρατιωτικός από τη Ρουάντα\n*[[1944]] - [[Kevin Ayers]], Άγγλος τραγουδιστής και κιθαρίστας\n*[[1944]] - [[Τζέιμς Μισέλ]], πρόεδρος των Σεϋχελλών\n*[[1947]] - [[Εφρέμ Ινονί]], Καμερουνέζος πολιτικός\n*[[1951]] - [[Ουμάρου Γιαρ Αντούα]], Νιγηριανός πολιτικός\n*[[1954]] - [[Τζέιμς Κάμερον]], Καναδός σκηνοθέτης\n*[[1956]] - [[Μητροπολίτης Δημητριάδος και Αλμυρού Ιγνάτιος Γεωργακόπουλος]]\n*[[1958]] - [[Μαντόνα]], Αμερικανίδα τραγουδίστρια, ηθοποιός και σκηνοθέτης \n*[[1962]] - [[Στιβ Καρέλ]], Αμερικανός ηθοποιός\n*[[1971]] - [[Στέφαν Κλος]], Γερμανός ποδοσφαιριστής\n*[[1972]] - [[Σταν Λαζαρίδης]], Αυστραλός ποδοσφαιριστής\n*[[1975]] - [[Παντελής Κωνσταντινίδης]], Έλληνας ποδοσφαιριστής\n*[[1981]] - [[Τέιλορ Ρέιν]], Αμερικανίδα πορνογραφική ηθοποιός\n*[[1982]] - [[Τζολεόν Λέσκοτ]], Άγγλος ποδοσφαιριστής\n*[[1983]] - [[Νίκος Ζήσης]], Έλληνας καλαθοσφαιριστής\n\n== Θάνατοι ==\n*[[1153]] - [[Μπερνάρ ντε Τρεμελαί]], μεγάλος μάγιστρος των Ιπποτών του Ναού\n*[[1157]] - [[Ραμίρο Β΄ της Αραγωνίας|Ραμίρο Β΄]], βασιλιάς της Αραγωνίας\n*[[1180]] - [[Κωνσταντία της Γαλλίας, κόμισσα της Τουλούζης]]\n*[[1297]] - [[Ιωάννης Β΄ Μέγας Κομνηνός]], αυτοκράτορας της Τραπεζούντας\n*[[1419]] - [[Βεντσεσλάβος Δ΄ της Βοημίας|Βεντσεσλάβος Δ΄]], βασιλιάς της Βοημίας\n*[[1445]] - [[Μαργαρίτα της Σκωτίας, Δελφίνη της Γαλλίας]]\n*[[1532]] - [[Ιωάννης της Σαξονίας (1468-1532)|Ιωάννης]], εκλέκτορας της Σαξονίας\n*[[1680]] - [[Άγιος Νεομάρτυς Σταμάτιος ο εκ του Bόλου]]\n*[[1705]] - [[Γιακόμπ Μπερνούλι]], Ελβετός μαθηματικός και επιστήμονας\n*[[1888]] - [[Τζον Στιθ Πέμπερτον]], Αμερικανός φαρμακοποιός, εφευρέτης της [[Coca-Cola]]\n*[[1893]] - [[Ζαν-Μαρτέν Σαρκό]], Γάλλος ιατρός\n*[[1899]] - [[Ρόμπερτ Μπούνσεν]], Γερμανός χημικός\n*[[1920]] - [[Τζόζεφ Λόκυερ]], Άγγλος αστρονόμος\n*[[1921]] - [[Πέτρος Α' της Σερβίας|Πέτρος Α']], βασιλιάς της Σερβίας\n*[[1938]] - [[Ρόμπερτ Τζόνσον]], Αμερικανός τραγουδιστής και κιθαρίστας\n*[[1948]] - [[Μπέιμπ Ρουθ]], Αμερικανός αθλητής του μπέιζμπολ\n*[[1949]] - [[Μάργκαρετ Μίτσελ]], Αμερικανίδα συγγραφέας\n*[[1956]] - [[Μπέλα Λουγκόζι]], Ούγγρος ηθοποιός\n*[[1959]] - [[Βάντα Λάντοβσκα]], Πολωνή μουσικός\n*[[1961]] - [[Κωνσταντίνος Κρεββατάς]], Έλληνας πολιτικός\n*[[1971]] - [[Βίλχελμ Λιστ]], Γερμανός στρατάρχης\n*[[1971]] - [[Σπύρος Σκούρας]], Έλληνας κινηματογραφικό στέλεχος  \n*[[1974]] - [[Σωτήρης Σταυριανάκος]], Έλληνας στρατιωτικός\n*[[1977]] - [[Έλβις Πρίσλεϊ]], Αμερικανός τραγουδιστής και ηθοποιός\n*[[1986]] - [[Νίκος Σύλλας]], Έλληνας δισκοβόλος\n*[[1988]] - [[Ελευθέριος Ελευθεριάδης]], Έλληνας πολιτικός και συγγραφέας\n*[[2003]] - [[Ιντί Αμίν]], δικτάτορας της Ουγκάντα\n*[[2004]] - [[Γιώργος Τσαφούλιας]], Έλληνας πολιτικός\n*[[2005]] - [[Αλεξάντερ Γκομέλσκι]], Ρώσος προπονητής καλαθοσφαίρισης\n*[[2005]] - [[Βίκυ Μοσχολιού]], Ελληνίδα τραγουδίστρια\n*[[2006]] - [[Μητροπολίτης Κορίνθου Παντελεήμων]]\n*[[2006]] - [[Αλφρέδο Στρέσνερ]], Παραγουανός στρατιωτικός και πολιτικός\n*[[2007]] - [[Γεώργιος Κουμάντος]], Έλληνας νομικός\n*[[2010]] - [[Δημήτριος Ιωαννίδης]], Έλληνας στρατιωτικός και δικτάτορας\n*[[2014]] - [[Μιχαήλ Σακελλαρίου]], Έλληνας ακαδημαϊκός\n*[[2015]] - [[Βασίλης Κορκολόπουλος]], Έλληνας πολιτικός\n*[[2016]] - [[Ζοάο Χαβελάνζε]], Βραζιλιάνος επιχειρηματίας\n*[[2018]] - [[Αρέθα Φράνκλιν]], Αμερικανίδα τραγουδίστρια\n\n== Αργίες και εορτές ==\n\n=== [[Ορθόδοξη Εκκλησία]] ===\n{{Πύλη:Ορθοδοξία/Εορτολόγιο/16 Αυγούστου}}\n\n{{Μήνες}}\n\n[[Κατηγορία:Ημέρες του έτους]]"}}}]}]}}