{"batchcomplete":true,"query":{"normalized":[{"fromencoded":false,"from":"16_Φεβρουαρίου","to":"16 Φεβρουαρίου"}],"pages":[{"pageid":1273,"ns":0,"title":"16 Φεβρουαρίου","revisions":[{"slots":{"main":{"contentmodel":"wikitext","contentformat":"text/x-wiki","content":"<center>{{Πηγές|3=2022|2=01|10}}\n[[Δεκέμβριος]] | [[Ιανουάριος]] | '''[[Φεβρουάριος]]''' | [[Μάρτιος]] | [[Απρίλιος]]</center>\n\n<center>\n[[15 Φεβρουαρίου]] | '''16 Φεβρουαρίου''' | [[17 Φεβρουαρίου]] </center>\n\n----\nΗ '''16η Φεβρουαρίου''' είναι η 47η μέρα του έτους κατά το [[Γρηγοριανό ημερολόγιο]]. Υπολείπονται 319 μέρες (320 σε δίσεκτα έτη).\n\n{{ΗμερολόγιοΣεΠίνακα|2}}\n\n== Γεγονότα ==\n{{Commonscat|16 February}}\n*[[1270]] - Το [[Μεγάλο Δουκάτο της Λιθουανίας]] νικά το [[Λιβονικό Τάγμα]] στη μάχη του Κάρουσε.\n*[[1630]] - Οι [[Ολλανδία|ολλανδικές]] δυνάμεις καταλαμβάνουν την Ολίντα, ως μέρος της ολλανδικής [[Βραζιλία]]ς.\n*[[1646]] - Πραγματοποιείται η μάχη του Τόρινγκτον στο [[Ντέβον (κομητεία)|Ντέβον]] της [[Αγγλία]]ς, η τελευταία σημαντική μάχη του πρώτου [[Αγγλικός εμφύλιος πόλεμος|Αγγλικού Εμφυλίου Πολέμου]].\n*[[1862]] - [[Αμερικανικός Εμφύλιος Πόλεμος]]: Ο στρατηγός [[Οδυσσεύς Γκραντ]] [[Μάχη του φρουρίου Ντόνελσον|καταλαμβάνει το φρούριο Ντόνελσον]] στο [[Τενεσί]]. \n*[[1899]] - Ιδρύεται η [[ΚΡ Ρέικιαβικ]], ο πρώτος ποδοσφαιρικός σύλλογος στην [[Ισλανδία]].\n*[[1918]] - Το Συμβούλιο της [[Λιθουανία]]ς εγκρίνει ομόφωνα τη Διακήρυξη της Ανεξαρτησίας, ανακηρύσσοντας τη Λιθουανία ανεξάρτητο κράτος.\n*[[1923]] - Ο Χάουαρντ Κάρτερ αποσφραγίζει το νεκρικό θάλαμο του [[φαραώ]] [[Τουταγχαμών]].\n*[[1923]] - Εφαρμόζεται στην [[Ελλάδα]] το [[γρηγοριανό ημερολόγιο]]. Η 16η Φεβρουαρίου γίνεται [[1 Μαρτίου|1η Μαρτίου]].\n*[[1930]] - Η [[Ρουμανική Ομοσπονδία Ποδοσφαίρου]] γίνεται μέλος της [[FIFA]].\n*[[1942]] - Ιδρύεται στην [[Αθήνα]] ο [[Ελληνικός Λαϊκός Απελευθερωτικός Στρατός]] (ΕΛΑΣ)\n*[[1943]] - [[Σφαγή του Δομένικου]]: Τα [[Ιταλία|ιταλικά]] στρατεύματα κατοχής εκτελούν 150 κατοίκους του [[Δομένικο]]υ.\n*[[1960]] - Υπογράφονται τα πρωτόκολλα της ελληνογιουγκοσλαβικής συμφωνίας για την ελεύθερη μετακίνηση των μεθοριακών πληθυσμών των δύο χωρών.\n*[[1964]] - Θρίαμβος της [[Ένωσις Κέντρου|Ένωσης Κέντρου]] στις [[Ελληνικές βουλευτικές εκλογές 1964|βουλευτικές εκλογές]], καθώς λαμβάνει το 52,72% των ψήφων και 171 έδρες έναντι 35,26% και 107 εδρών του συνασπισμού [[Εθνική Ριζοσπαστική Ένωσις|Ε.Ρ.Ε.]]-[[Κόμμα Προοδευτικών|Προοδευτικών]] και 11,80% και 22 εδρών της [[Ενιαία Δημοκρατική Αριστερά|Ε.Δ.Α.]]\n*[[1968]] - Εκτελείται στην Εξοχή Θεσσαλονίκης ο [[Αριστείδης Παγκρατίδης]], γνωστός σαν δράκος του [[Σέιχ Σου]].\n*[[2008]] - Ενθρονίζεται ο [[Αρχιεπίσκοπος Αθηνών Ιερώνυμος Β´]].\n\n== Γεννήσεις ==\n*[[1470]] - [[Ερρίκος Α΄ του Κάλενμπεργκ]], δούκας του Μπράουνσβαϊγκ-Λύνεμπουργκ\n*[[1497]] - [[Φίλιππος Μελάγχθων]], Γερμανός θεολόγος\n*[[1543]] - [[Κανό Εϊτόκου]], Ιάπωνας ζωγράφος\n*[[1834]] - [[Ερνστ Χέκελ]], Γερμανός ζωολόγος και φιλόσοφος\n*[[1848]] - [[Οκτάβ Μιρμπώ]], Γάλλος συγγραφέας\n*[[1852]] - [[Θεόδωρος Ράλλης]], Έλληνας ζωγράφος\n*[[1852]] - [[Κάρολος Ρώσσελ]], Αμερικανός ευαγγελιστής\n*[[1906]] - [[Βέρα Μέντσικ]], Τσέχα σκακίστρια\n*[[1907]] - [[Άγγελος Τερζάκης]], Έλληνας συγγραφέας\n*[[1909]] - [[Ρίτσαρντ Μακ Ντόναλντ]], Αμερικανός επιχειρηματίας\n*[[1918]] - [[Ακίλλε Καστιλιόνι]], Ιταλός αρχιτέκτονας και σχεδιαστής\n*[[1925]] - [[Φρανσουά-Ξαβιέ Ορτολί]], Γάλλος πολιτικός\n*[[1926]] - [[Τζον Σλέσιντζερ]], Άγγλος σκηνοθέτης\n*[[1932]] - [[Αχμάντ Τετζάν Κάμπαχ]], πρόεδρος της Σιέρα Λεόνε\n*[[1932]] - [[Σούλη Σαμπάχ]], Ελληνίδα ηθοποιός και τραγουδίστρια\n*[[1941]] - [[Κιμ Γιονγκ Ιλ]], Βορειοκορεάτης ηγέτης\n*[[1942]] - [[Γιώργος Τρόντζος]], Έλληνας καλαθοσφαιριστής\n*[[1944]] - [[Αντόνιο Μασκαρένιας Μοντέιρο]], πρόεδρος του Πράσινου Ακρωτηρίου\n*[[1948]] - [[Μάκης Χριστοδουλόπουλος]], Έλληνας τραγουδιστής\n*[[1954]] - [[Πέτρος Ραβούσης]], Έλληνας ποδοσφαιριστής\n*[[1973]] - [[Κάθι Φρίμαν]], Αυστραλέζα αθλήτρια\n*[[1974]] - [[Φάνης Κατεργιαννάκης]], Έλληνας ποδοσφαιριστής\n*[[1978]] - [[Τία Ελεμπό]], Βελγίδα αθλήτρια\n*[[1979]] - [[Βαλεντίνο Ρόσι]], Ιταλός οδηγός αγώνων μοτοσικλέτας\n*[[1981]] - [[Κίντελ Γουντς]], Αμερικανός καλαθοσφαιριστής\n*[[1983]] - [[Όλγα Τσομπανίδη]], Ελληνίδα αθλήτρια\n*[[1988]] - [[Ντενίλσον Περέιρα Νέβες]], Βραζιλιάνος ποδοσφαιριστής\n*[[1989]] - [[Ελίζαμπεθ Όλσεν]], Αμερικανίδα ηθοποιός\n*[[1990]] - [[The Weeknd]], Καναδός τραγουδιστής \n*[[1991]] - [[Σέρχιο Κανάλες]], Ισπανός ποδοσφαιριστής\n\n== Θάνατοι ==\n*[[1279]] - [[Αλφόνσος Γ΄ της Πορτογαλίας|Αλφόνσος Γ΄]], βασιλιάς της Πορτογαλίας\n*[[1390]] - [[Ρούπερτ Α΄ του Παλατινάτου|Ρούπερτ Α΄]], εκλέκτορας του Παλατινάτου\n*[[1391]] - [[Ιωάννης Ε΄ Παλαιολόγος]], Βυζαντινός αυτοκράτορας\n*[[1823]] - [[Πιερ-Πωλ Πρυντόν]], Γάλλος ζωγράφος\n*[[1829]] - [[Φρανσουά Ζοζέφ Γκοσέκ]], Γάλλος συνθέτης\n*[[1886]] - [[Ιωάννης Παπάφης]], Έλληνας εθνικός ευεργέτης\n*[[1907]] - [[Τζοζουέ Καρντούτσι]], Ιταλός συγγραφέας\n*[[1912]] - [[Αλέξιος Στριφτόμπολας]], Έλληνας πολιτικός\n*[[1917]] - [[Οκτάβ Μιρμπώ]], Γάλλος συγγραφέας\n*[[1953]] - [[Τζέιμς Λιούις Κραφτ]], Καναδός επιχειρηματίας\n*[[1963]] - [[Φρίντριχ Ντέσαουερ]], Γερμανός φυσικός και φιλόσοφος\n*[[1968]] - [[Αριστείδης Παγκρατίδης]], Έλληνας θανατοποινίτης\n*[[1970]] - [[Φράνσις Ρους]], Αμερικανός παθολόγος\n*[[1979]] - [[Αλέξανδρος Παπατέρπος]], Έλληνας στρατιωτικός\n*[[1983]] - [[Εμμανουήλ Ζαννής]],  Έλληνας γιατρός και πολιτικός\n*[[1985]] - [[Γιώργος Ιωάννου (λογοτέχνης)|Γιώργος Ιωάννου]], Έλληνας λογοτέχνης\n*[[1986]] - [[Αχιλλέας Μπουντουβής]], Έλληνας πολιτικός\n*[[2000]] - [[Λίλα Κέντροβα]], Ρωσίδα ηθοποιός\n*[[2009]] - [[Γεώργιος Α. Παπαδημητρίου]], Έλληνας καθηγητής\n*[[2012]] - [[Μπάντλεϊ Ντέβεσι]], γενικός κυβερνήτης των νήσων του Σολομώντα\n*[[2016]] - [[Μπούτρος Μπούτρος - Γκάλι]], Αιγύπτιος πολιτικός και διπλωμάτης\n*[[2017]] - [[Γιάννης Κουνέλλης]], Έλληνας ζωγράφος\n*[[2017]] - [[Δημήτρης Μυταράς]], Έλληνας ζωγράφος\n*[[2017]] - [[Τζορτζ Στιλ]], Αμερικανός παλαιστής\n*[[2022]] - [[Βασίλης Μποτίνος]] Έλληνας ποδοσφαιριστής\n\n== Αργίες και εορτές ==\n=== Κόσμος ===\n* {{LTU}} - Ημέρα ανεξαρτησίας ([[1918]])\n\n=== [[Ορθόδοξη Εκκλησία]] ===\n{{Πύλη:Ορθοδοξία/Εορτολόγιο/16 Φεβρουαρίου}}\n\n{{Μήνες}}\n\n[[Κατηγορία:Ημέρες του έτους]]"}}}]}]}}