{"batchcomplete":true,"query":{"normalized":[{"fromencoded":false,"from":"16_Ιουνίου","to":"16 Ιουνίου"}],"pages":[{"pageid":1941,"ns":0,"title":"16 Ιουνίου","revisions":[{"slots":{"main":{"contentmodel":"wikitext","contentformat":"text/x-wiki","content":"{{Μήνες Ιουνίου}}\n\n<center>[[15 Ιουνίου]] | '''16 Ιουνίου''' | [[17 Ιουνίου]]</center>\n\n----\nΗ '''16η Ιουνίου''' είναι η 167η ημέρα του έτους κατά το [[Γρηγοριανό ημερολόγιο]] (168η σε δίσεκτα έτη).  Υπολείπονται 198 ημέρες.\n\n{{ΗμερολόγιοΣεΠίνακα|6}}\n\n== Γεγονότα ==\n*[[632]] - Ο [[Ισδιγέρδης Γ΄ της Περσίας|Ισδιγέρδης Γ΄]] ανεβαίνει στον θρόνο ως βασιλιάς ([[σάχης]]) της [[Αυτοκρατορία των Σασσανιδών|Περσικής αυτοκρατορίας]] και γίνεται ο τελευταίος ηγεμόνας της δυναστείας των Σασσανιδών (στο σημερινό [[Ιράν]]).\n*[[1487]] - Διεξάγεται η μάχη του Στόουκ Φιλντ, η τελευταία του [[Πόλεμος των Ρόδων|Πολέμου των Ρόδων]].\n*[[1586]] - Η [[Μαρία Α΄ της Σκωτίας]] αναγνωρίζει τον [[Φίλιππος Β΄ της Ισπανίας|Φίλιππο Β΄ της Ισπανίας]] ως κληρονόμο και διάδοχό της.\n*[[1746]] - [[Πόλεμος της Αυστριακής Διαδοχής]]: Οι δυνάμεις της [[Αυστρία]]ς και της [[Σαρδηνία]]ς νικούν τον [[Γαλλία|γαλλο]]-[[Ισπανία|ισπανικό]] στρατό στην [[Πιατσέντσα]].\n*[[1779]] - Η [[Ισπανία]] κηρύσσει τον πόλεμο στη [[Μεγάλη Βρετανία]] και αρχίζει η μεγάλη πολιορκία του [[Γιβραλτάρ]]. \n*[[1815]] - Διεξάγονται η μάχη του Λινύ και η μάχη του Κατρ Μπρα, δύο ημέρες πριν από τη [[μάχη του Βατερλώ]].\n*[[1846]] - Το παπικό κονκλάβιο εκλέγει τον [[Πάπας Πίος Θ΄|Πάπα Πίο Θ΄]], ξεκινώντας τη μεγαλύτερη σε διάρκεια βασιλεία στην ιστορία του παπισμού.\n*[[1903]] - Ιδρύεται η [[Ford Motor Company]]. \n*[[1903]] - Ο [[Ρόαλντ Αμούνδσεν]], αφήνοντας το [[Όσλο]], αρχίζει την πρώτη από ανατολή προς δύση θαλασσοπορία του Βορειοδυτικού Περάσματος.\n*[[1911]] - Ιδρύεται η [[IBM]].\n*[[1940]] - [[Β΄ Παγκόσμιος Πόλεμος]]: Ο στρατάρχης [[Φιλίπ Πεταίν]] γίνεται πρωθυπουργός της [[Γαλλία του Βισύ|Γαλλίας του Βισύ]].\n*[[1955]] - Σε μία μάταιη προσπάθεια ανατροπής του [[Αργεντινή|Αργεντινού]] προέδρου [[Χουάν Περόν]], πιλότοι αεροσκαφών του Ναυτικού της Αργεντινής ρίχνουν βόμβες σε ένα άοπλο πλήθος που διαδήλωνε υπέρ του Περόν στο [[Μπουένος Άιρες]], σκοτώνοντας πάνω από 300 άτομα. Την ίδια στιγμή, στο έδαφος, κάποιοι στρατιωτικοί προσπαθούν να οργανώσουν πραξικόπημα αλλά καταστέλλονται από δυνάμεις πιστές στον Περόν.\n*[[1958]] - Εκτελούνται ο [[Ίμρε Νάγκυ]] και άλλοι ηγέτες της [[Ουγγρική Επανάσταση του 1956|Ουγγρικής Επανάστασης του 1956]]. \n*[[1961]] - Ο [[Ρούντολφ Νουρέγιεφ]] λιποτακτεί από τη [[Ένωση Σοβιετικών Σοσιαλιστικών Δημοκρατιών|Σοβιετική Ένωση]].\n*[[1963]] - [[Ένωση Σοβιετικών Σοσιαλιστικών Δημοκρατιών|Σοβιετικό]] διαστημικό πρόγραμμα: Αποστολή ''Βοστόκ-6''. Η [[Αστροναύτης|κοσμοναύτης]] [[Βαλεντίνα Τερεσκόβα]] γίνεται η πρώτη γυναίκα που εκτοξεύεται στο διάστημα. \n*[[1976]] - Εξέγερση του [[Σοβέτο]]: Μία μη βίαιη διαδήλωση 15.000 μαθητών στο Σοβέτο της [[Νότια Αφρική|Νότιας Αφρικής]] μετατρέπεται σε εξέγερση όταν η αστυνομία ανοίγει πυρ στο πλήθος.\n*[[1989]] - Ο [[Ίμρε Νάγκυ]], πρώην πρωθυπουργός της [[Ουγγαρία]]ς, ενταφιάζεται ξανά στη [[Βουδαπέστη]] μετά την κατάρρευση του κομμουνισμού στη χώρα.\n* [[1991]] - Στην Τουρκία εκλέγεται ο [[Μεσούτ Γιλμάζ]] ηγέτης του κυβερνώντος κόμματος και πρωθυπουργός.\n\n== Γεννήσεις ==\n*[[1555]] - [[Όθων Ερρίκος του Χάρμπουργκ|Όθων Ερρίκος]], δούκας του Μπράουνσβαϊγκ-Χάρμπουργκ\n*[[1633]] - [[Ζαν ντε Τεβενό]], Γάλλος γλωσσολόγος και επιστήμονας\n*[[1723]] - [[Άνταμ Σμιθ]], Σκωτσέζος φιλόσοφος και οικονομολόγος\n*[[1829]] - [[Τζερόνιμο]], Ινδιάνος ηγέτης\n*[[1858]] - [[Γουσταύος Ε΄ της Σουηδίας|Γουσταύος Ε΄]], βασιλιάς της Σουηδίας\n*[[1866]] - [[Γερμανός Καραβαγγέλης]], Έλληνας μητροπολίτης\n*[[1882]] - [[Μοχάμεντ Μοσαντέκ]], Ιρανός πολιτικός\n*[[1890]] - [[Σταν Λόρελ]], Άγγλος ηθοποιός\n*[[1902]] - [[Τζωρτζ Γκέιλορντ Σίμπσον]], Αμερικανός παλαιοντολόγος\n*[[1903]] - [[Σπύρος Βασιλείου]], Έλληνας ζωγράφος\n*[[1912]] - [[Ίνοχ Πάουελ]], Βρετανός πολιτικός\n*[[1917]] - [[Φαίδων Γκιζίκης]], Έλληνας στρατηγός\n*[[1925]] - [[Ζαν ντ'Ορμεσόν]], Γάλλος συγγραφέας\n*[[1927]] - [[Ρόμπερτ Κραφτ (αστρονόμος)|Ρόμπερτ Κραφτ]], Αμερικανός αστρονόμος\n*[[1929]] - [[Σαμπάχ αλ-Άχμαντ αλ-Τζαμπρ αλ-Σαμπάχ]], εμίρης του Κουβέιτ\n*[[1946]] - [[Τομ Χάρελ]], Αμερικανός συνθέτης\n*[[1952]] - [[Γιώργος Α. Παπανδρέου]], Έλληνας πολιτικός\n*[[1953]] - [[Βασίλης Καΐλας]], Έλληνας ηθοποιός\n*[[1959]] - [[Ούλτιμεϊτ Γουόριορ]], Αμερικανός παλαιστής\n*[[1966]] - [[Γιαν Ζελέζνι]], Τσέχος ακοντιστής\n*[[1967]] - [[Χαράλαμπος Ανδρέου]], Κύπριος ποδοσφαιριστής\n*[[1967]] - [[Γιούργκεν Κλοπ]], Γερμανός ποδοσφαιριστής\n*[[1971]] - [[Τούπακ Σακούρ]], Αμερικανός ράπερ\n*[[1973]] - [[Νίκος Μαχλάς]], Έλληνας ποδοσφαιριστής\n*[[1978]] - [[Αργύρης Αγγέλου]], Έλληνας ηθοποιός\n*[[1978]] - [[Θοδωρής Μαραντίνης]], Έλληνας τραγουδιστής ([[Onirama]]) \n*[[1978]] - [[Ντάνιελ Μπρουλ]], Γερμανός ηθοποιός\n*[[1980]] - [[Νεχίρ Ερντογάν]], Τουρκάλα ηθοποιός\n*[[1983]] - [[Ολίβια Χακ]], Αμερικανίδα ηθοποιός\n\n== Θάνατοι ==\n*[[956]] - [[Ούγος ο Μέγας]], δούκας των Φράγκων\n*[[1370]] - [[Ίνγκεμποργκ της Δανίας, δούκισσα του Μεκλεμβούργου]]\n*[[1397]] - [[Φίλιππος του Αρτουά του Ε]], Γάλλος ευγενής\n*[[1626]] - [[Χριστιανός του Χάλμπερστατ]], Γερμανός στρατιωτικός\n*[[1815]] - [[Φρειδερίκος Γουλιέλμος του Μπράουνσβαϊγκ]], Γερμανός ευγενής\n*[[1939]] - [[Τσικ Γουέμπ]], Αμερικανός μουσικός\n*[[1944]] - [[Βαγγέλης Κτιστάκης]], Κρητικός αγωνιστής\n*[[1958]] - [[Ίμρε Νάγκυ]], Ούγγρος πολιτικός\n*[[1963]] - [[Αλέξανδρος Ζάννας]], Έλληνας πολιτικός\n*[[1969]] - [[Χάρολντ Αλεξάντερ]], Άγγλος στρατιωτικός\n*[[1977]] - [[Βέρνερ φον Μπράουν]], Γερμανός επιστήμονας\n*[[1980]] - [[Λεόντιος Χατζηαποστόλου]], Έλληνας δικηγόρος και πολιτικός\n*[[1984]] - [[Λιάκος Χριστογιαννόπουλος]], Έλληνας ηθοποιός\n*[[1987]] - [[Μάτση Χατζηλαζάρου]], Ελληνίδα ποιήτρια\n*[[1988]] - [[Αντρέα Πατσιέντζα]], Ιταλός εικονογράφος\n*[[1995]] - [[Φώτης Κοσμάς]], Έλληνας αθλητής\n*[[2003]] - [[Γκέοργκ Χένρικ φον Βριγκτ]], Φινλανδός φιλόσοφος\n*[[2012]] - [[Τιερί Ρολάν]], Γάλλος αθλητικογράφος και σχολιαστής\n*[[2013]] - [[Σπύρος Ιακωβίδης]], Έλληνας αρχαιολόγος\n*[[2014]] - [[Κάντιδο Μουατετέμα Ρίβας]], πρωθυπουργός της Ισημερινής Γουινέας\n*[[2016]] - [[Τζο Κοξ]], Αγγλίδα πολιτικός\n*[[2017]] - [[Χέλμουτ Κολ]], Γερμανός πολιτικός\n*[[2018]] - [[Λυκούργος Σακελλάρης]], Έλληνας πολιτικός\n\n== Αργίες και εορτές ==\n\n=== [[Ορθόδοξη Εκκλησία]] ===\n{{Πύλη:Ορθοδοξία/Εορτολόγιο/16 Ιουνίου}}\n\n{{Μήνες}}\n\n[[Κατηγορία:Ημέρες του έτους]]"}}}]}]}}