{"batchcomplete":true,"query":{"normalized":[{"fromencoded":false,"from":"16_Ιανουαρίου","to":"16 Ιανουαρίου"}],"pages":[{"pageid":1060,"ns":0,"title":"16 Ιανουαρίου","revisions":[{"slots":{"main":{"contentmodel":"wikitext","contentformat":"text/x-wiki","content":"{{Μήνες Ιανουαρίου}}\n\n<center>[[15 Ιανουαρίου]] | '''16 Ιανουαρίου''' | [[17 Ιανουαρίου]]</center>\n\n----\nΗ '''16η Ιανουαρίου''' είναι η 16η ημέρα του έτους κατά το [[Γρηγοριανό ημερολόγιο]]. Υπολείπονται 349 ημέρες (350 σε δίσεκτα έτη).\n\n{{ΗμερολόγιοΣεΠίνακα|1}}\n\n== Γεγονότα ==\n{{Commonscat|16 January}}\n*[[27 π.Χ.]] - Η [[Ρωμαϊκή Σύγκλητος]] απονέμει τον τίτλο του [[Αύγουστος (τίτλος)|Αυγούστου]] στον [[Οκταβιανός|Γάιο Ιούλιο Καίσαρα Οκταβιανό]], σηματοδοτώντας την αρχή της [[Ρωμαϊκή αυτοκρατορία|Ρωμαϊκής Αυτοκρατορίας]].\n*[[929]] - Ο [[εμίρης]] Αμπντ αρ-Ραχμάν Γ΄ ιδρύει το [[Χαλιφάτο της Κόρδοβας]].\n*[[1120]] - Λαμβάνει χώρα το Συμβούλιο της [[Ναμπλούς]], καθιερώνοντας τους πρώτους σωζόμενους γραπτούς νόμους του [[Σταυροφορίες|σταυροφορικού]] [[Βασίλειο της Ιερουσαλήμ|Βασιλείου της Ιερουσαλήμ]].  \n*[[1362]] - [[Καταιγίδα]] στη [[Βόρεια Θάλασσα]] προκαλεί τεράστια παλιρροϊκά κύματα που βυθίζουν τη [[Γερμανία|γερμανική]] πόλη Ρούνγκχολτ στη νήσο Στραντ. \n*[[1547]] - Ο [[Ιβάν Δ΄ της Ρωσίας]] γίνεται [[τσάρος]] της [[Ρωσία]]ς.\n*[[1556]] - Ο [[Φίλιππος Β΄ της Ισπανίας|Φίλιππος Β΄]] γίνεται βασιλιάς της [[Ισπανία]]ς.\n*[[1605]] - Εκδίδεται στη [[Μαδρίτη]] η πρώτη έκδοση του ''[[Δον Κιχώτης|Δον Κιχώτη]]'' του [[Μιγκέλ ντε Θερβάντες]]. \n*[[1707]] - Το Κοινοβούλιο της [[Σκωτία]]ς επικυρώνει την [[Πράξεις της Ένωσης 1707|Πράξη της Ένωσης]], ανοίγοντας το δρόμο για τη δημιουργία της [[Βασίλειο της Μεγάλης Βρετανίας|Μεγάλης Βρετανίας]]. \n*[[1786]] - Η [[Βιρτζίνια]] ψηφίζει το νομοσχέδιο για τη θρησκευτική ελευθερία, που συνέγραψε ο [[Τόμας Τζέφερσον]].\n*[[1809]] - [[Πόλεμος της Ιβηρικής Χερσονήσου]]: Οι [[Μεγάλη Βρετανία|Βρετανοί]] νικούν τους [[Γαλλία|Γάλλους]] στη μάχη της [[Α Κορούνια]].\n*[[1878]] - [[Ρωσοτουρκικός πόλεμος (1877-1878)]]: Μάχη της Φιλιππούπολης. Μία ίλη [[Δραγώνοι|δραγώνων]] του [[Ρωσική Αυτοκρατορία|ρωσικού αυτοκρατορικού]] στρατού ελευθερώνει τη [[Φιλιππούπολη]] από την [[Οθωμανική Αυτοκρατορία|οθωμανική]] κυριαρχία. \n*[[1909]] - Η αποστολή του [[Έρνεστ Σάκλετον]] βρίσκει τον μαγνητικό [[Νότιος Πόλος|Νότιο Πόλο]].\n*[[1920]] - Τίθεται σε ισχύ η [[Ποτοαπαγόρευση στις Ηνωμένες Πολιτείες]], μέσω του [[Ποτοαπαγόρευση στις Ηνωμένες Πολιτείες| Νόμου Βόλστεντ]]\n*[[1945]] - Ο [[Αδόλφος Χίτλερ]] εγκαθίσταται στο υπόγειο [[Καταφύγιο του Χίτλερ|καταφύγιό του]].\n*[[1969]] - Ο [[Τσεχία|Τσέχος]] φοιτητής [[Γιαν Πάλαχ]] [[Αυτοπυρπόληση|αυτοπυρπολείται]] στην [[Πράγα]], σε ένδειξη διαμαρτυρίας για τη σύνθλιψη της [[Άνοιξη της Πράγας|Άνοιξης της Πράγας]] από τους [[Ένωση Σοβιετικών Σοσιαλιστικών Δημοκρατιών|Σοβιετικούς]] το προηγούμενο έτος.\n*[[1969]] - Τα [[Ένωση Σοβιετικών Σοσιαλιστικών Δημοκρατιών|σοβιετικά]] διαστημικά σκάφη Σογιούζ 4 και Σογιούζ 5 εκτελούν την πρώτη πρόσδεση επανδρωμένου διαστημικού σκάφους σε τροχιά, την πρώτη μεταφορά πληρώματος από ένα διαστημικό όχημα σε ένα άλλο και τη μόνη φορά που μία τέτοια μεταφορά πραγματοποιείται με [[δραστηριότητα εκτός σκάφους]]. \n*[[1979]] - Ο τελευταίος σάχης του [[Ιράν]], [[Μοχάμεντ Ρεζά Παχλαβί]], εγκαταλείπει τη χώρα με την οικογένειά του και διαφεύγει στην [[Αίγυπτος|Αίγυπτο]].\n*[[1992]] - Η κυβέρνηση του [[Ελ Σαλβαδόρ]] και οι επαναστατικοί ηγέτες υπογράφουν στην [[Πόλη του Μεξικού]] τη Συμφωνία Ειρήνης του Τσαπουλτεπέκ, τερματίζοντας τον 12ετή [[Εμφύλιος Πόλεμος του Ελ Σαλβαδόρ|εμφύλιο πόλεμο του Ελ Σαλβαδόρ]] που κόστισε τη ζωή περίπου 80.000 ανθρώπων.\n* [[2001]] - Πυροβολείται ο [[Λοράν Ντεζιρέ Καμπιλά]], πρόεδρος της [[Λαοκρατική Δημοκρατία του Κονγκό|Λαοκρατικής Δημοκρατίας του Κονγκό]], στη διάρκεια αποτυχημένου πραξικοπήματος και πεθαίνει δυο ημέρες αργότερα.\n* [[2003]] - Το διαστημικό λεωφορείο [[Διαστημικό Λεωφορείο Κολούμπια|«Κολούμπια»]] απογειώνεται για την τελευταία του πτήση στο διάστημα. Θα διαλυθεί 16 μέρες αργότερα, εισερχόμενο στη γήινη ατμόσφαιρα.\n* [[2004]] - Τίθεται σε ισχύ το νέο [[Σύνταγμα]] του [[Αφγανιστάν]].\n* [[2005]] - Ο Πρόεδρος της [[Κροατία]]ς [[Στίπε Μέσιτς]] επανεκλέγεται για δεύτερη θητεία.\n* [[2023]] -   Κηδεύεται ο [[Κωνσταντίνος Β΄ της Ελλάδας|Κωσταντίνος  Β]]   τέως βασιλιάς των Ελλήνων\n\n== Γεννήσεις ==\n*[[1093]] - [[Ισαάκιος Κομνηνός]], Βυζαντινός σεβαστοκράτορας\n*[[1245]] - [[Εδμόνδος Κράουτσμπακ]], κόμης του Λάνκαστερ\n*[[1409]] - [[Ρενέ Α΄ της Νάπολης|Ρενέ Α΄]], βασιλιάς της Νάπολης\n*[[1655]] - [[Μπερνάρ ντε Μονφωκόν]], Γάλλος μοναχός\n*[[1749]] - [[Βιττόριο Αλφιέρι]], Ιταλός δραματουργός\n*[[1836]] - [[Φραγκίσκος Β΄ των Δύο Σικελιών|Φραγκίσκος Β΄]], βασιλιάς των Δύο Σικελιών\n*[[1839]] - [[Σπυρίδων Μαγγίνας]], Έλληνας ιατρός\n*[[1844]] - [[Ισμαήλ Κεμάλ]], Αλβανός πολιτικός\n*[[1855]] - [[Ελέανορ Μαρξ]], Αγγλίδα ακτιβίστρια\n*[[1866]] - [[Πέρσι Πίλτσερ]], Άγγλος εφευρέτης\n*[[1875]] - [[Λέονορ Μικαέλις]], Γερμανός βιοχημικός\n*[[1893]] - [[Περικλής Βυζάντιος]], Έλληνας ζωγράφος\n*[[1898]] - [[Ίρβινγκ Ράπερ]], Άγγλος σκηνοθέτης\n*[[1901]] - [[Φουλχένσιο Μπατίστα]], Κουβανός δικτάτορας\n*[[1908]] - [[Γκίντερ Πρίεν]], Γερμανός κυβερνήτης υποβρυχίου\n*[[1917]] - [[Ζιστέν Αχομαντεγκμπέ-Τομετέν]], πρωθυπουργός της Δαχομέης\n*[[1920]] - [[Γουόλτερ Φρέντερικ Μόρισον]], Αμερικανός εφευρέτης\n*[[1931]] - [[Γιοχάνες Ράου]], Γερμανός πολιτικός\n*[[1932]] - [[Νταϊάν Φόσεϊ]], Αμερικανή ανθρωπολόγος\n*[[1934]] - [[Μέριλυν Χορν]], Αμερικανίδα μεσόφωνος\n*[[1935]] - [[Ούντο Λάτεκ]], Γερμανός προπονητής ποδοσφαίρου\n*[[1940]] - [[Φραντς Μιντεφέρινγκ]], Γερμανός πολιτικός\n*[[1946]] - [[Γκράχαμ Μάστερτον]], Σκωτσέζος συγγραφέας\n*[[1948]] - [[Τζον Κάρπεντερ]], Αμερικανός σκηνοθέτης\n*[[1959]] - [[Σαντέ (τραγουδίστρια)|Σαντέ]], Βρετανίδα - Νιγηριανή τραγουδίστρια\n*[[1961]] - [[Κέννεθ Σίβερτσεν]], Νορβηγός συνθέτης, ποιητής και κωμικός\n*[[1963]] - [[Τζέιμς Μέι]], Άγγλος δημοσιογράφος\n*[[1979]] - [[Aaliyah]], Αμερικανίδα τραγουδίστρια\n*[[1987]] - [[Μαρίνος Πρεβένιος]], Έλληνας αθλητής της ξιφασκίας\n*[[1988]] - [[Νίκλας Μπένττνερ]], Δανός ποδοσφαιριστής\n\n== Θάνατοι ==\n*[[309]] - [[Πάπας Μάρκελλος Α΄]]\n*[[970]] - [[Πατριάρχης Πολύευκτος|Πολύευκτος]], Πατριάρχης Κωνσταντινουπόλεως\n*[[1160]] - [[Χέρμαν Γ΄ του Μπάντεν|Χέρμαν Γ']], μάργραβος του Μπάντεν\n*[[1243]] - [[Χέρμαν Ε΄ του Μπάντεν-Μπάντεν|Χέρμαν Ε']], μάργραβος του Μπάντεν-Μπάντεν\n*[[1327]] - [[Νικηφόρος Χούμνος]], Βυζαντινός λόγιος και αξιωματούχος\n*[[1343]] - [[Ροβέρτος της Νάπολης|Ροβέρτος]], βασιλιάς της Νάπολης\n*[[1595]] - [[Μουράτ Γ΄]], Οθωμανός σουλτάνος\n*[[1794]] - [[Έντουαρντ Γκίμπον]], Άγγλος ιστορικός\n*[[1844]] - [[Ρωξάνδρα Στούρτζα]], Ελληνίδα κοσμική\n*[[1853]] - [[Ράινερ Ιωσήφ, αρχιδούκας της Αυστρίας]]\n*[[1885]] - [[Εντμόν Αμπού]], Γάλλος συγγραφέας\n*[[1886]] - [[Αμίλκαρε Πονκιέλλι]], Ιταλός συνθέτης\n*[[1891]] - [[Λεό Ντελίμπ]], Γάλλος συνθέτης\n*[[1892]] - [[Αλέξανδρος Ρίζος Ραγκαβής]], Έλληνας λόγιος\n*[[1901]] - [[Άρνολντ Μπαίκλιν]], Ελβετός καλλιτέχνης\n*[[1913]] - [[Θαντέους Σ. Κ. Λόου]], Αμερικανός χημικός και εφευρέτης\n*[[1925]] - [[Αλεξέι Κουροπάτκιν]], Ρώσος στρατηγός\n*[[1967]] - [[Ρόμπερτ Βαν ντε Γκράαφ]], Αμερικανός πυρηνικός φυσικός\n*[[1968]] - [[Παναγιώτης Πουλίτσας]], Έλληνας δικαστικός και πολιτικός \n*[[1975]] - [[Θεόκλητος Καριπίδης]], Έλληνας ποιητής και πολιτικός αγωνιστής\n*[[1980]] - [[Ιωάννης Τρικκαληνός]], Έλληνας φυσικομαθηματικός και ακαδημαϊκός\n*[[1981]] - [[Νικόλαος Μπουραντάς]], Έλληνας αστυνομικός και πολιτικός\n*[[1982]] - [[Αλέξανδρος - Κωνσταντίνος Βούλτζος]], Έλληνας αξιωματικός του Ναυτικού και πολιτικός\n*[[1987]] - [[Ιωάννης Κοντούλης]], Έλληνας γιατρός και πολιτικός\n*[[1988]] - [[Τομ Πάπας]], Έλληνας επιχειρηματίας\n*[[1998]] - [[Δημήτρης Χορν]], Έλληνας ηθοποιός\n*[[1999]] - [[Όσκαρ Κούλμαν]], Γάλλος θεολόγος\n*[[2001]] - [[Λοράν Ντεζιρέ Καμπιλά]], Κονγκολέζος πολιτικός\n*[[2001]] - [[Κωνσταντίνος Σερεπίσος]], Έλληνας πολιτικός\n*[[2008]] - [[Νίκολα Κλιούσεφ]], πρωθυπουργός της Βόρειας Μακεδονίας\n*[[2012]] - [[Γκούσταβ Λέονχαρτ]], Ολλανδός μουσικός και μουσικολόγος\n*[[2014]] - [[Χίρου Ονόντα]], Ιάπωνας στρατιωτικός\n*[[2016]] - [[Ιωάννης Αβραμίδης]], Έλληνας γλύπτης\n*[[2018]] - [[Βασίλης Κεδίκογλου]], Έλληνας πολιτικός \n*[[2022]] - [[Αλέκος Φασιανός]], Έλληνας ζωγράφος\n*[[2022]]-[[Ιμπραΐμ Μπουμπακάρ Κεϊτά]] πολιτικός από το Μάλι\n\n== Αργίες και εορτές ==\n=== Κόσμος ===\n* {{USA}} - Ημέρα Θρησκευτικής Ελευθερίας\n* {{THA}} - Ημέρα των Δασκάλων\n\n=== [[Ορθόδοξη Εκκλησία]] ===\n{{Πύλη:Ορθοδοξία/Εορτολόγιο/16 Ιανουαρίου}}\n\n{{Μήνες}}\n\n[[Κατηγορία:Ημέρες του έτους]]"}}}]}]}}