{"batchcomplete":true,"query":{"normalized":[{"fromencoded":false,"from":"16_Δεκεμβρίου","to":"16 Δεκεμβρίου"}],"pages":[{"pageid":3742,"ns":0,"title":"16 Δεκεμβρίου","revisions":[{"slots":{"main":{"contentmodel":"wikitext","contentformat":"text/x-wiki","content":"{{Μήνες Δεκεμβρίου}}\n\n<center>[[15 Δεκεμβρίου]] | '''16 Δεκεμβρίου''' | [[17 Δεκεμβρίου]]</center>\n\n----\nΗ '''16η Δεκεμβρίου''' είναι η 350η ημέρα του έτους κατά το [[Γρηγοριανό ημερολόγιο]] (351η σε δίσεκτα έτη). Υπολείπονται 15 ημέρες.\n\n{{ΗμερολόγιοΣεΠίνακα|12}}\n\n== Γεγονότα ==\n*[[714]] - Πεθαίνει στο [[Βέλγιο]] ο [[Πεπίνος του Χέρσταλ]], μαγιορδόμος του ανακτόρου των [[Μεροβίγγειοι|Μεροβίγγειων]]. Τον διαδέχεται ο ανήλικος εγγονός του, [[Θευδοάλδος]], ενώ την πραγματική εξουσία στη [[Φραγκία]] την έχει η σύζυγός του Πλεκτρούδη.\n*[[755]] - Ξεσπάει η επανάσταση του Αν Λουσάν εναντίον της [[Δυναστεία Τανγκ|δυναστείας των Τανγκ]] στην [[Κίνα]].\n*[[1431]] - [[Εκατονταετής Πόλεμος]]: Ο [[Ερρίκος ΣΤ΄ της Αγγλίας]] στέφεται [[Κατάλογος μοναρχών της Γαλλίας|βασιλιάς της Γαλλίας]] στην [[Παναγία των Παρισίων]].\n*[[1497]] - Ο [[Βάσκο ντα Γκάμα]] περνά το [[Ακρωτήριο της Καλής Ελπίδος]], στο σημείο όπου ο [[Βαρθολομαίος Ντιάζ]] είχε γυρίσει πίσω στην [[Πορτογαλία]].\n*[[1575]] - [[Σεισμός]] εκτιμώμενου μεγέθους 8,5 βαθμών Ρίχτερ χτυπά τη [[Βαλδίβια]] στη [[Χιλή]].\n*[[1653]] - [[Προτεκτοράτο (Μεγάλη Βρετανία, Ιρλανδία)]]: Ο [[Όλιβερ Κρόμγουελ]] γίνεται Λόρδος Προστάτης της [[Κοινοπολιτεία της Αγγλίας|Κοινοπολιτείας της Αγγλίας]], [[Σκωτία]]ς και [[Ιρλανδία]]ς.\n*[[1864]] - [[Αμερικανικός Εμφύλιος Πόλεμος]]: Οι δυνάμεις της [[Ένωση (Αμερικανικός Εμφύλιος Πόλεμος)|Ένωσης]] νικούν τον συνομοσπονδιακό στρατό του Τζον Χουντ στο [[Νάσβιλ (Τενεσί)]].\n*[[1912]] - [[Α΄ Βαλκανικός Πόλεμος]]: Το [[Ελληνικό Πολεμικό Ναυτικό]] νικά το [[Οθωμανικό Πολεμικό Ναυτικό]] στη [[ναυμαχία της Έλλης]].\n*[[1920]] - [[Σεισμός]] μεγέθους 7,8 βαθμών Ρίχτερ χτυπά την επαρχία [[Κανσού (επαρχία)|Κανσού]] στην [[Κίνα]], σκοτώνοντας περίπου 273.400 άτομα.\n*[[1942]] - [[Ολοκαύτωμα]]: Ο αρχηγός της [[Σουτσστάφφελ]] [[Χάινριχ Χίμλερ]] διατάζει να μεταφερθούν στο [[Στρατόπεδο συγκέντρωσης Άουσβιτς|στρατόπεδο συγκέντρωσης του Άουσβιτς]] οι υπό εξόντωση [[Ρομά]].\n*[[1944]] - [[Β΄ Παγκόσμιος Πόλεμος]]: Ξεκινά η [[Μάχη των Αρδεννών]] με την αιφνιδιαστική επίθεση του [[Ναζιστική Γερμανία|γερμανικού]] στρατού μέσω του δάσους των Αρδεννών.\n*[[1947]] - Ο [[Γουίλλιαμ Μπράντφορντ Σόκλεϋ]], ο [[Τζον Μπαρντίν]] και ο [[Γουόλτερ Χάουζερ Μπράταιην]] δημιουργούν το πρώτο πρακτικό τρανζίστορ επαφής.\n*[[1950]] - [[Πόλεμος της Κορέας]]: Ο [[πρόεδρος των Ηνωμένων Πολιτειών]] [[Χάρυ Τρούμαν]] κηρύσσει κατάσταση έκτακτης ανάγκης, αφού τα [[Κίνα|κινεζικά]] στρατεύματα μπαίνουν στον πόλεμο υπέρ της [[Κομμουνισμός|κομμουνιστικής]] [[Βόρεια Κορέα|Βόρειας Κορέας]]. \n*[[1960]] - Αεροπορική τραγωδία στη [[Νέα Υόρκη]]: 134 άτομα σκοτώνονται όταν ένα αεροσκάφος Douglas DC-8 της United Airlines συγκρούεται με αεροπλάνο της TWA πάνω από το [[Στάτεν Άιλαντ]]. \n*[[1965]] - Το πρακτορείο [[Associated Press]] αποκαλύπτει τον μυστικό γάμο του [[Έλληνες|Έλληνα]] μεγαλοεφοπλιστή [[Σταύρος Νιάρχος|Σταύρου Νιάρχου]] (56 ετών) με την 24χρονη Σαρλότ Φορντ, κόρη του \"αυτοκράτορα\" της [[Ηνωμένες Πολιτείες Αμερικής|αμερικανικής]] αυτοβιομηχανίας, [[Χένρυ Φορντ]]. Είναι ο τρίτος γάμος του Νιάρχου, ενώ παραμένει μυστήριο πότε εκδόθηκε το διαζύγιό του από τη δεύτερη σύζυγό του [[Ευγενία Λιβανού]].\n*[[1971]] &#x2013; [[Πόλεμος Απελευθέρωσης του Μπανγκλαντές]] και [[Ινδοπακιστανικός πόλεμος του 1971]]: Η παράδοση του [[Στρατός του Πακιστάν|Στρατού του Πακιστάν]] τελειώνει τις δύο συγκρούσεις. Αυτό εορτάζεται ετησίως ως [[Μέρα της Νίκης]] στο [[Μπανγκλαντές]] και [[Βιτζάι Ντιβάς]] στην [[Ινδία]]. \n*[[1971]] - Το [[Ηνωμένο Βασίλειο]] αναγνωρίζει την ανεξαρτησία του [[Μπαχρέιν]], η οποία εορτάζεται ετησίως ως Εθνική Ημέρα του Μπαχρέιν.\n*[[1989]] - [[Ρουμανική Επανάσταση]]: Διαδηλώσεις ξεσπούν στην [[Τιμισοάρα]] της [[Ρουμανία|Ρουμανίας]] ως απάντηση στην προσπάθεια της κυβέρνησης να εκδιώξει τον διαφωνούντα [[Ουγγαρία|Ούγγρο]] πάστορα Λάζλο Τοκές.\n*[[1991]] - Το [[Καζακστάν]] ανακηρύσσει την ανεξαρτησία του από τη [[Ένωση Σοβιετικών Σοσιαλιστικών Δημοκρατιών|Σοβιετική Ένωση]].\n*[[2013]] - Λεωφορείο πέφτει από υπερυψωμένο αυτοκινητόδρομο στην πρωτεύουσα των [[Φιλιππίνες|Φιλιππινών]] [[Μανίλα]], σκοτώνοντας 18 άτομα και τραυματίζοντας 20.\n\n== Γεννήσεις ==\n*[[1364]] - [[Μανουήλ Γ΄ Μέγας Κομνηνός]], αυτοκράτορας της Τραπεζούντας\n*[[1485]] - [[Αικατερίνη της Αραγονίας]], βασίλισσα της Αγγλίας\n*[[1522]] - [[Ονώριος Α΄ του Μονακό|Ονώριος Α΄]], λόρδος του Μονακό\n*[[1534]] - [[Χανς Μπολ]], Φλαμανδός καλλιτέχνης\n*[[1742]] - [[Γκέμπχαρντ Λέμπερεχτ φον Μπλύχερ]], Πρώσος στρατάρχης\n*[[1775]] - [[Φρανσουά Αντριέν Μπουαλντιέ]], Γάλλος συνθέτης\n*[[1775]] - [[Τζέιν Όστεν]], Αγγλίδα συγγραφέας\n*[[1790]] - [[Λεοπόλδος Α΄ του Βελγίου|Λεοπόλδος Α΄]], βασιλιάς του Βελγίου\n*[[1834]] - [[Λεόν Βαλράς]], Γάλλος οικονομολόγος\n*[[1857]] - [[Έντουαρντ Έμερσον Μπάρναρντ]], Αμερικανός αστρονόμος\n*[[1866]] - [[Βασίλι Καντίνσκι]], Ρώσος ζωγράφος\n*[[1869]] - [[Χρίστο Τατάρτσεφ]], Βούλγαρος επαναστάτης\n*[[1882]] - [[Ζόλταν Κόνταλυ]], Ούγγρος συνθέτης\n*[[1882]] - [[Βάλτερ Μάισνερ]], Γερμανός φυσικός\n*[[1888]] - [[Αλέξανδρος Α΄ της Γιουγκοσλαβίας|Αλέξανδρος Α΄]], βασιλιάς της Γιουγκοσλαβίας\n*[[1896]] - [[Άννα Άντερσον]], Πολωνή εργάτρια\n*[[1899]] - [[Νόελ Κάουαρντ]], Άγγλος συνθέτης και θεατρικός συγγραφέας\n*[[1902]] - [[Ραφαέλ Αλμπέρτι]], Ισπανός ποιητής\n*[[1917]] - [[Άρθουρ Κλαρκ]], Άγγλος συγγραφέας\n*[[1928]] - [[Φίλιπ Κ. Ντικ]], Αμερικανός συγγραφέας\n*[[1932]] - [[Θανάσης Βαλτινός]], Έλληνας συγγραφέας\n*[[1935]] - [[Νίκος Σαμψών]], Κύπριος πολιτικός\n*[[1944]] - [[Ν! Ξάου]], ηθοποιός από τη Ναμίμπια\n*[[1947]] - [[Βίνσεντ Μάθιους]], Αμερικανός αθλητής\n*[[1960]] - [[Κανούτο Κάλλαν]], Δανός ζωγράφος\n*[[1960]] - [[Σάικο Σιντ]], Αμερικανός παλαιστής\n*[[1961]] - [[Μπιλ Χικς]], Αμερικανός κωμικός\n*[[1962]] - [[Γουίλιαμ Πέρι]], Αμερικανός παίκτης του ράγκμπι\n*[[1963]] - [[Γιώργος Αθανασιάδης (ποδοσφαιριστής, γενν, το 1963)|Γιώργος Αθανασιάδης]], Έλληνας ποδοσφαιριστής\n*[[1963]] - [[Βιόριτσα Ντάντσιλα]], Ρουμάνα πολιτικός\n*[[1964]] - [[Χάικε Ντρέσλερ]], Γερμανίδα αθλήτρια\n*[[1972]] - [[Ζέλικο Κάλατς]], Αυστραλός ποδοσφαιριστής\n*[[1979]] - [[Μιχάι Τραϊσταρίου]], Ρουμάνος τραγουδιστής\n*[[1982]] - [[Άννα Σεντοκόβα]], Ουκρανή τραγουδίστρια και ηθοποιός\n*\n*[[1988]] - [[Ματς Χούμελς]], Γερμανός ποδοσφαιριστής\n*[[1993]] - [[Γιοτί Άμιγιε]], Ινδή ηθοποιός\n\n== Θάνατοι ==\n*[[401]] - [[Πάπας Αναστάσιος Α΄]]\n*[[705]] - [[Γου Ζετιάν]], αυτοκράτειρα της Κίνας\n*[[714]] - [[Πεπίνος του Χέρσταλ]], Φράγκος στρατιωτικός και πολιτικός\n*[[882]] - [[Πάπας Ιωάννης Η΄]]\n*[[999]] - [[Αδελαΐδα της Ιταλίας]], αυτοκράτειρα της Αγίας Ρωμαϊκής Αυτοκρατορίας\n*[[1263]] - [[Χάακον Δ΄ της Νορβηγίας|Χάακον Δ']], βασιλιάς της Νορβηγίας\n*[[1325]] - [[Κάρολος του Βαλουά|Κάρολος]], κόμης του Βαλουά\n*[[1470]] - [[Ιωάννης Β΄ του Ανζού]], δούκας της Λωρραίνης\n*[[1672]] - [[Ιωάννης Β΄ Καζιμίρ της Πολωνίας|Ιωάννης Β΄ Καζιμίρ]], βασιλιάς της Πολωνίας\n*[[1774]] - [[Φρανσουά Κενέ]], Γάλλος οικονομολόγος\n*[[1821]] - [[Αντώνης Οικονόμου (πλοίαρχος)|Αντώνης Οικονόμου]], Έλληνας πλοίαρχος\n*[[1884]] - [[Φρέντερικ Μάριοτ]], Αμερικανός εκδότης\n*[[1897]] - [[Αλφόνς Ντωντέ]], Γάλλος συγγραφέας\n*[[1921]] - [[Καμίγ Σαιν-Σανς]], Γάλλος συνθέτης\n*[[1962]] - [[Ντίνος Ανδριανόπουλος]], Έλληνας ποδοσφαιριστής\n*[[1965]] - [[Ουίλιαμ Σόμερσετ Μομ]], Βρετανός συγγραφέας\n*[[1974]] - [[Κώστας Βάρναλης]], Έλληνας ποιητής\n*[[1985]] - [[Ηλίας Οικονομόπουλος]], Έλληνας πολιτικός\n*[[1989]] - [[Λι Βαν Κλιφ]], Αμερικανός ηθοποιός\n*[[1989]] - [[Σιλβάνα Μάνγκανο]], Ιταλίδα ηθοποιός\n*[[1994]] - [[Αθανάσιος Κανελλόπουλος]], Έλληνας πολιτικός\n*[[2006]] - [[Γιάννης Ε. Διακογιάννης]], Έλληνας δημοσιογράφος\n*[[2013]] - [[Άριε Φερμίρ]], Ολλανδός ποδοσφαιριστής\n*[[2017]] - [[Αγγέλα Κοκκόλα]], Ελληνίδα πολιτικός\n*[[2023]] - [[Γιώργος Μιχαλακόπουλος]], Έλληνας ηθοποιός και σκηνοθέτης\n\n== Αργίες και εορτές ==\n\n=== [[Ορθόδοξη Εκκλησία]] ===\n{{Πύλη:Ορθοδοξία/Εορτολόγιο/16 Δεκεμβρίου}}\n{{commonscat|16 December}}\n== Βλέπε επίσης ==\n\n[[16 Νοεμβρίου]] - [[16 Ιανουαρίου]]\n\n{{Μήνες}}\n\n[[Κατηγορία:Ημέρες του έτους]]"}}}]}]}}