{"batchcomplete":true,"query":{"normalized":[{"fromencoded":false,"from":"16_Απριλίου","to":"16 Απριλίου"}],"pages":[{"pageid":6313,"ns":0,"title":"16 Απριλίου","revisions":[{"slots":{"main":{"contentmodel":"wikitext","contentformat":"text/x-wiki","content":"{{5μήνες|μ=4}}\n\n<center>[[15 Απριλίου]] | '''16 Απριλίου''' | [[17 Απριλίου]]</center>\n\n----\nΗ '''16η Απριλίου''' είναι η 106η ημέρα του έτους κατά το [[Γρηγοριανό ημερολόγιο]] (107η σε δίσεκτα έτη). Υπολείπονται 259 ημέρες.\n\n{|width=100%\n| __TOC__\n| {{ΗμερολόγιοΣεΠίνακα|4}}\n|}\n\n== Γεγονότα ==\n*[[1346]] - Ο [[Στέφανος Δουσάν]] ανακηρύσσεται αυτοκράτορας της [[Σερβική Αυτοκρατορία|Σερβικής Αυτοκρατορίας]], η οποία καταλαμβάνει μεγάλο μέρος των [[Βαλκάνια|Βαλκανίων]].\n*[[1520]] - Ξεσπά στην [[Ισπανία]] η εξέγερση των Κομμουνάρων εναντίον του [[Κάρολος Κουίντος|Καρόλου Ε΄]].\n*[[1582]] - Ο [[Ισπανία|Ισπανός]] κατακτητής Ερνάνδο ντε Λέρμα ιδρύει τη [[Σάλτα]] στην [[Αργεντινή]].\n*[[1746]] - Διεξάγεται στη [[Σκωτία]] η [[μάχη του Κάλλοντεν]] μεταξύ των υποστηριζόμενων από τους [[Γαλλία|Γάλλους]] [[Ιακωβιτισμός|Ιακωβιτών]] και των [[Μεγάλη Βρετανία|βρετανικών]] δυνάμεων του [[Οίκος του Αννόβερου|Οίκου του Αννόβερου]] υπό τον [[Γουλιέλμος του Κάμπερλαντ|Γουλιέλμο του Κάμπερλαντ]]. \n*[[1780]] - Ιδρύεται το Πανεπιστήμιο του Μύνστερ στο [[Μύνστερ]], στη [[Βόρεια Ρηνανία-Βεστφαλία]] της [[Γερμανία]]ς.\n*[[1799]] - Ο [[Ναπολέων Α΄ της Γαλλίας]] νικά τους [[Οθωμανική Αυτοκρατορία|Οθωμανούς]] στη μάχη του όρους Θαβώρ.\n*[[1894]] - Η Άρντγουικ μετονομάζεται σε [[Μάντσεστερ Σίτι]].\n*[[1908]] - Ιδρύεται το Εθνικό Μνημείο Φυσικών Γεφυρών στη [[Γιούτα]] των [[Η.Π.Α.]]\n*[[1917]] - Ο [[Βλαντιμίρ Λένιν]] επιστρέφει στην [[Αγία Πετρούπολη]] της [[Ρωσία]]ς από την [[Ελβετία]] όπου ήταν εξόριστος.\n*[[1919]] - Ο [[Πολωνία|πολωνικός]] στρατός εξαπολύει επίθεση για να καταλάβει το [[Βίλνιους]] στη σημερινή [[Λιθουανία]].\n*[[1922]] - Υπογράφεται η [[Συνθήκη του Ραπάλλο (1922)|Συνθήκη του Ραπάλλο]], με την οποία η [[Δημοκρατία της Βαϊμάρης|Γερμανία]] και η [[Ένωση Σοβιετικών Σοσιαλιστικών Δημοκρατιών|Σοβιετική Ένωση]] αποκαθιστούν τις [[Διπλωματικές σχέσεις|διπλωματικές τους σχέσεις]].\n*[[1945]] - [[Β΄ Παγκόσμιος Πόλεμος]]: ο [[Κόκκινος Στρατός]] αρχίζει την [[Μάχη του Βερολίνου|τελική επίθεση]] εναντίον των [[Ναζιστική Γερμανία|γερμανικών]] δυνάμεων, με σχεδόν 1.000.000 στρατιώτες να [[Μάχη στα Υψώματα Ζέελοβ|πολεμούν στα Υψώματα Ζέελοβ]]. \n*[[1964]] - Για απόπειρα βιασμού ανήλικης τροφίμου του ορφανοτροφείου «Ο Μέγας Αλέξανδρος» της [[Θεσσαλονίκη]]ς παραπέμπεται τελικά σε δίκη ο συλληφθείς ως «δράκος του Σέιχ Σου», [[Αριστείδης Παγκρατίδης]].\n* [[2003]] - Υπογράφεται στην [[Αθήνα]] συνθήκη προσχώρησης 10 νέων μελών στην [[Ευρωπαϊκή Ένωση]].\n\n== Γεννήσεις ==\n*[[1319]] - [[Ιωάννης Β΄ της Γαλλίας|Ιωάννης Β΄]], βασιλιάς της Γαλλίας\n*[[1682]] - [[Τζων Χάντλεϋ]], Άγγλος μαθηματικός\n*[[1844]] - [[Ανατόλ Φρανς]], Γάλλος συγγραφέας\n*[[1867]] - [[Αδελφοί Ράιτ|Γουίλμπουρ Ράιτ]], Αμερικανός αεροπόρος\n*[[1886]] - [[Έρνστ Τέλμαν]], Γερμανός πολιτικός\n*[[1888]] - [[Μιχάλης Δώριζας]], Έλληνας ακοντιστής\n*[[1889]] - [[Τσάρλι Τσάπλιν]], Άγγλος ηθοποιός και σκηνοθέτης\n*[[1896]] - [[Τριστάν Τζαρά]], Ρουμάνος ποιητής\n*[[1921]] - [[Πίτερ Ουστίνοφ]], Άγγλος ηθοποιός\n*[[1924]] - [[Χένρυ Μαντσίνι]], Αμερικανός συνθέτης, διευθυντής ορχήστρας και ενορχηστρωτής\n*[[1927]] - [[Πάπας Βενέδικτος ΙΣΤ΄]]\n*[[1932]] - [[Ντουέην Κλάριτζ]], Αμερικανός κατάσκοπος\n*[[1937]] - [[Λυν Ρ. Σάικς]], Αμερικανός γεωλόγος\n*[[1937]] - [[Τζορτζ Στιλ]], Αμερικανός παλαιστής\n*[[1938]] - [[Κασντί Μερμπάχ]], Αλγερινός πολιτικός\n*[[1940]] - [[Φώτης Καφάτος]], Έλληνας βιολόγος\n*[[1940]] - [[Μαργαρίτα Β΄ της Δανίας|Μαργαρίτα Β΄]], βασίλισσα της Δανίας\n*[[1942]] - [[Νίκος Γιούτσος]], Έλληνας ποδοσφαιριστής\n*[[1942]] - [[Αντώνης Σουρούνης]], Έλληνας συγγραφέας\n*[[1947]] - [[Καρίμ Αμπντούλ Τζαμπάρ]], Αμερικανός καλαθοσφαιριστής\n*[[1950]] - [[Μπίλι Γουέστ]], Αμερικανός ηθοποιός\n*[[1955]] - [[Ερρίκος του Λουξεμβούργου (1955)|Ερρίκος]], μέγας δούκας του Λουξεμβούργου\n*[[1960]] - [[Ραφαέλ Μπενίτεθ]], Ισπανός προπονητής ποδοσφαίρου\n*[[1968]] - [[Βίκι Γκερέρο]], Αμερικανίδα παλαιστής και μάνατζερ\n*[[1970]] - [[Γκαμπριέλ (τραγουδίστρια)|Γκαμπριέλ]], Αγγλίδα τραγουδίστρια\n*[[1971]] - [[Selena]], Αμερικανίδα τραγουδίστρια\n*[[1974]] - [[Στέλιος Διονυσίου]], Έλληνας τραγουδιστής\n*[[1976]] - [[Σου Κι]], Ταϊβανέζα ηθοποιός\n*[[1979]] - [[Κρίστιαν Άλμπερς]], Ολλανδός οδηγός αγώνων\n*[[1981]] - [[Ανέστης Αγρίτης]], Έλληνας ποδοσφαιριστής\n*[[1981]] - [[Νασίφ Μόρις]], Νοτιοαφρικανός ποδοσφαιριστής\n*[[1985]] - [[Μπενχαμίν Ρόχας]], Αργεντινός τραγουδιστής\n*[[1985]] - [[Κατερίνα Στικούδη]], Ελληνίδα τραγουδίστρια και μοντέλο\n*[[1985]] - [[Ταγιέ Ταϊβό]], Νιγηριανός ποδοσφαιριστής\n*[[1986]] - [[Πολ Ντι Ρέστα]], Βρετανός οδηγός αγώνων\n*[[1990]] - [[Βαγγέλης Μάντζαρης]], Έλληνας καλαθοσφαιριστής\n*[[2008]] - [[Ελεονώρα του Βελγίου|Ελεονώρα]], πριγκίπισσα του Βελγίου\n\n== Θάνατοι ==\n*[[69]] - [[Μάρκος Σάλβιος Όθων]], Ρωμαίος αυτοκράτορας\n*[[1496]] - [[Κάρολος Β΄ της Σαβοΐας|Κάρολος Β΄]], δούκας της Σαβοΐας\n*[[1828]] - [[Φρανθίσκο Γκόγια]], Ισπανός ζωγράφος και χαράκτης\n*[[1850]] - [[Μαρί Τισό]], Γαλλίδα καλλιτέχνις \n*[[1859]] - [[Αλεξίς ντε Τοκβίλ]], Γάλλος ιστορικός\n*[[1883]] - [[Κάρολος Β΄ της Πάρμας|Κάρολος Β΄]], δούκας της Πάρμας\n*[[1935]] - [[Παναΐτ Ιστράτι]], Ρουμάνος συγγραφέας\n*[[1939]] - [[Θαλής Ι. Τσιριμώκος]], Έλληνας πολιτικός\n*[[1947]] - [[Ρούντολφ Ες (Άουσβιτς)|Ρούντολφ Ες]], Γερμανός αξιωματικός των SS\n*[[1958]] - [[Ρόζαλιντ Φράνκλιν]], Αγγλίδα κρυσταλλογράφος\n*[[1968]] - [[Φέι Μπέιντερ]], Αμερικανίδα ηθοποιός\n*[[1970]] - [[Ρίτσαρντ Τζόζεφ Νόιτρα]], Αυστριακός αρχιτέκτονας\n*[[1972]] - [[Γιασουνάρι Καβαμπάτα]], Ιάπωνας συγγραφέας\n*[[1978]] - [[Φιλιμπέρ Τσιρανάνα]], πολιτικός της Μαδαγασκάρης\n*[[1990]] - [[Φίλιππος Περισοράτης]], Έλληνας πολιτικός\n*[[1991]] - [[Ντέιβιντ Λην]], Άγγλος σκηνοθέτης \n*[[2007]] - [[Γιάννης Φύριος]], Έλληνας ηθοποιός\n*[[2013]] - [[Αλί Καφί]], Αλγερινός πολιτικός\n*[[2016]] - [[Αυγερινός (Ρένος) Πετραλιάς]], Έλληνας πολιτικός\n*[[2016]] - [[Ηλίας Πολατίδης]], Έλληνας πολιτικός\n*[[2023]] - [[wikidata:Q99042640|Χρίστος Καράς]] Έλληνας ζωγράφος\n\n== Αργίες και εορτές ==\n* Διεθνής Ημέρα κατά του Θορύβου\n* Παγκόσμια Ημέρα Φωνής\n=== [[Ορθόδοξη Εκκλησία]] ===\n\n{{Πύλη:Ορθοδοξία/Εορτολόγιο/16 Απριλίου}}\n\n{{Μήνες}}\n\n[[Κατηγορία:Ημέρες του έτους]]"}}}]}]}}