{"batchcomplete":true,"query":{"normalized":[{"fromencoded":false,"from":"16_Οκτωβρίου","to":"16 Οκτωβρίου"}],"pages":[{"pageid":3359,"ns":0,"title":"16 Οκτωβρίου","revisions":[{"slots":{"main":{"contentmodel":"wikitext","contentformat":"text/x-wiki","content":"{{Μήνες Οκτωβρίου}}\n\n<center>[[15 Οκτωβρίου]] | '''16 Οκτωβρίου''' | [[17 Οκτωβρίου]]</center>\n\n----\n{{ΗμερολόγιοΣεΠίνακα|10}}\nΗ '''16η Οκτωβρίου''' είναι η 289η ημέρα του έτους κατά το [[Γρηγοριανό ημερολόγιο]] (290η σε δίσεκτα έτη). Υπολείπονται 76 ημέρες.\n\n== Γεγονότα ==\n*[[456]] - Ο Ρικίμερος νικά τον αυτοκράτορα [[Άβιτος|Άβιτο]] στην [[Πιατσέντσα]] και γίνεται κύριος της [[Δυτική Ρωμαϊκή Αυτοκρατορία|Δυτικής Ρωμαϊκής Αυτοκρατορίας]].\n*[[690]] - Η [[Γου Ζετιάν]] ανεβαίνει στο θρόνο της [[Δυναστεία Τανγκ|Δυναστείας Τανγκ]] και ανακηρύσσεται αυτοκράτειρα της [[Ιστορία της Κίνας|Κινεζικής αυτοκρατορίας]].\n*[[1384]] - Η [[Γιαντβίγκα της Πολωνίας|Γιαντβίγκα]] στέφεται βασιλιάς της [[Πολωνία]]ς, αν και είναι γυναίκα.\n*1579 - Ο Francis Drake φθάνει στις Φιλιππίνες μετά από 68 μέρες ταξίδι στον Ειρηνικό.\n*[[1590]] - Ο [[συνθέτης]] [[Κάρλο Τζεζουάλντο]], πρίγκιπας της Βενόζα και κόμης της Κόντσα, δολοφονεί τη σύζυγό του, Ντόνα Μαρία ντ'Αβάλος, και τον εραστή της, Φαμπρίτσιο Καράφα, δούκα της Άνδριας, στο παλάτι Σαν Σεβέρο στη [[Νάπολη]].\n*[[1793]] - Στο απόγειο της [[Γαλλική Επανάσταση|Γαλλικής Επανάστασης]], [[Γκιλοτίνα|αποκεφαλίζεται]] η [[Μαρία Αντουανέτα]], χήρα του [[Λουδοβίκος ΙΣΤ΄ της Γαλλίας|Λουδοβίκου ΙΣΤ΄ της Γαλλίας]].\n*[[1813]] - Ο Έκτος Συνασπισμός επιτίθεται στο [[Ναπολέων Α΄ της Γαλλίας|Ναπολέοντα Α΄ της Γαλλίας]] στη [[μάχη της Λειψίας]]. \n*[[1834]] - Μεγάλο μέρος της αρχαίας δομής των [[Ανάκτορα του Ουεστμίνστερ|Ανακτόρων του Ουεστμίνστερ]] στο [[Λονδίνο]] καίγεται ολοσχερώς.\n*[[1843]] - Ο [[Γουίλιαμ Ρόουαν Χάμιλτον]] συλλαμβάνει την ιδέα των [[Τετραδόνιο|τετραδόνιων]], μίας μη [[Αντιμεταθετική ιδιότητα|αντιμεταθετικής]] επέκτασης των [[Μιγαδικός αριθμός|μιγαδικών αριθμών]].\n*[[1846]] - Ο Γουίλιαμ Μόρτον επιδεικνύει για πρώτη φορά την [[Αναισθησία (ιατρική)|αναισθησία]] με αιθέρα στο Γενικό Νοσοκομείο [[Μασαχουσέτη]]ς.\n*[[1907]] - Υπογράφεται η [[Συμβάσεις της Χάγης του 1899 και του 1907|Δεύτερη Σύμβαση της Χάγης]].\n*[[1912]] - [[Α΄ Βαλκανικός Πόλεμος]]: ο [[Ελληνικός Στρατός Ξηράς|ελληνικός στρατός]] απελευθερώνει την [[Κατερίνη]] και τη [[Βέροια]] από τους [[Οθωμανική Αυτοκρατορία|Οθωμανούς]].\n*[[1923]] - Ο [[Ουώλτ Ντίσνεϋ]] και ο αδελφός του, Ρόι Ντίσνεϋ, ιδρύουν την [[The Walt Disney Company|Walt Disney Company]].\n*[[1934]] - Οι [[Λαϊκή Δημοκρατία της Κίνας|Κινέζοι]] [[Κομμουνισμός|κομμουνιστές]] αρχίζουν τη Μεγάλη Πορεία, η οποία έληξε ένα χρόνο και τέσσερις ημέρες αργότερα, χρόνος στον οποίο ο [[Μάο Τσετούνγκ]] επανέκτησε την ηγεσία του κόμματος.\n*[[1943]] - [[Ολοκαύτωμα]]: Οι [[Γερμανοί]] πραγματοποιούν επιδρομή στο γκέτο της [[Ρώμη]]ς.\n*[[1944]] - Η [[Λήμνος]] απελευθερώνεται από τη [[Ναζιστική Γερμανία|γερμανική]] κατοχή. \n*[[1945]] - Ιδρύεται η [[Διεθνής Οργάνωση Τροφίμων και Γεωργίας]] στο [[Κεμπέκ (πόλη)|Κεμπέκ]].\n*[[1946]] - [[Δίκη της Νυρεμβέργης]]: Εκτελούνται οι καταδικασμένοι [[Ναζισμός|Ναζί]] ηγέτες της κύριας δίκης.\n*[[1951]] - Δολοφονείται στο Ροβαλπίντι ο πρώτος πρωθυπουργός του [[Πακιστάν]], [[Λιακάτ Αλή Χαν]]. \n*[[1964]] - Η [[Λαϊκή Δημοκρατία της Κίνας|Κίνα]] πραγματοποιεί την πρώτη της πυρηνική δοκιμή.\n*[[1970]] - [[Κρίση του Οκτωβρίου]]: Ως απάντηση στις τρομοκρατικές απαγωγές, ο πρωθυπουργός του [[Καναδάς|Καναδά]] [[Πιέρ Έλιοτ Τρυντώ]] ενεργοποιεί τον νόμο περί πολεμικών μέτρων. \n*[[1970]] - Η [[Στρατιωτική δικτατορία στην Ελλάδα (1967-1974)|χούντα]] καθορίζει την [[29 Νοεμβρίου|29η Νοεμβρίου]] ως ημέρα \"εκλογής των μελών της Συμβουλευτικής Επιτροπής\". Οι εγκάθετες διοικήσεις δήμων, συνδικάτων και επιστημονικών οργανώσεων θα \"εκλέξουν\" 92 αντιπροσώπους, από τους οποίους ο δικτάτορας [[Γεώργιος Παπαδόπουλος]] θα επιλέξει τους 46, διατηρώντας την ευχέρεια να διορίσει \"αριστίνδην\" άλλα 10 μέλη της προσωπικής του επιλογής.\n* [[1978]] - Ο Κάρολος Ιωσήφ Βοϊτίλας γίνεται [[Πάπας Ιωάννης Παύλος Β΄]]. Γίνεται ο πρώτος μη Ιταλός Πάπας τα τελευταία 455 χρόνια και ο νεότερος Πάπας τα τελευταία 100 χρόνια.\n* [[1983]] - Το σοβιετικό «[[Βενέρα 16]]» μπαίνει σε τροχιά γύρω από την [[Αφροδίτη (πλανήτης)|Αφροδίτη]].\n* [[1984]] - Πραγματοποιείται σε ιατρικό κέντρο της [[Καλιφόρνια]] η πρώτη μεταμόσχευση καρδιάς σε άνθρωπο από δότη [[μπαμπουίνος|μπαμπουίνο]] από το δρα [[Λέοναρντ Μπέιλι]].\n* [[1986]] - Το [[Νόμπελ Λογοτεχνίας]] απονέμεται για πρώτη φορά σε Αφρικανό: στο Νιγηριανό [[Γουόλε Σογίνκα]].\n* [[1987]] - Συντριβή αεροσκάφους της ΑΤΙ , θυγατρικής της «[[Αλιτάλια]]» στη Βόρεια [[Ιταλία]], με 37 νεκρούς.\n* [[1991]] - Ο [[Τεοντόρ Στολογιάν]] σχηματίζει την πρώτη κυβέρνηση συνασπισμού έπειτα από 50 χρόνια στη [[Ρουμανία]], ενώ το Κοινοβούλιο επικυρώνει νέο [[Σύνταγμα]] που εγκρίθηκε από [[δημοψήφισμα]] με 76,5% υπέρ.\n* 1991 - Διεξάγονται για πρώτη φορά προεδρικές εκλογές στην [[Αρμενία]].\n* [[1994]] - Στην Ελλάδα διεξάγονται δημοτικές εκλογές για πρώτη φορά στα πλαίσια της διευρυμένης Τοπικής Αυτοδιοίκησης. Δήμαρχος Αθηναίων εκλέγεται (στο β΄ γύρο στις 23 Οκτωβρίου) ο [[Δημήτρης Αβραμόπουλος]], νίκες του [[Στέλιος Λογοθέτης|Στέλιου Λογοθέτη]] (ΠΑΣΟΚ, Πειραιά) και [[Κωνσταντίνος Κοσμόπουλος|Ντίνου Κοσμόπουλου]] (ΝΔ, Θεσσαλονίκη).\n* 1994 - Επανεκλέγεται καγκελάριος της Γερμανίας ο [[Χέλμουτ Κολ]].\n* 1994 - Σε δημοψήφισμα που γίνεται στη [[Φινλανδία]], οι κάτοικοι τάσσονται υπέρ της ένταξης στην [[ΕΕ]], με 56,5%.\n* [[1995]] - Από πυρκαγιά σε θερμοκοιτίδα στο «Ιπποκράτειο» της Θεσσαλονίκης, πεθαίνουν 3 βρέφη από ασφυξία.\n* [[1996]] - Η μεγαλύτερη τραγωδία στη [[Γουατεμάλα]] συμβαίνει στο γήπεδο Ματέο Φλόρες, προτού αρχίσει ο αγώνας της εθνικής Γουατεμάλας με την Κόστα Ρίκα, για τα προκριματικά του Παγκοσμίου Κυπέλλου 1998. Το γεγονός ότι υπήρχαν υπεράριθμα εισιτήρια προκάλεσε συνωστισμό και πανικό στις κερκίδες. Περισσότερα από 85 άτομα έαχασαν τη ζωή τους από τα ποδοπατήματα και 180 τραυματίστηκαν.\n* [[1998]] - Συλλαμβάνεται στο [[Λονδίνο]] ο άλλοτε δικτάτορας της [[Χιλή]]ς, [[Αουγούστο Πινοσέτ]] , έπειτα από αίτημα των ισπανικών δικαστικών αρχών, που τον καταζητούν για «[[γενοκτονία]] Ισπανών πολιτών».\n* 1998 - Επανεκλέγεται σε δημοψήφισμα ο Πρόεδρος [[Μαουμούν Αμπντούλ Γκαγιούμ]] στις [[Μαλδίβες]].\n* [[2002]] - Εγκαινιάζεται στην [[Αλεξάνδρεια]] η νέα [[Αλεξανδρινή Βιβλιοθήκη]], παρουσία εκπροσώπων από 180 χώρες.\n* [[2003]] - Κυκλοφορεί στην αγορά για τις εκδόσεις των [[Windows XP]] και [[Windows 2000]] το [[iTunes]].\n* [[2006]] - Τους 102 φθάνουν οι νεκροί από την επίθεση αυτοκτονίας με στόχο αυτοκινητοπομπή του Ναυτικού της [[Σρι Λάνκα]]. \n* [[2007]] - Η [[Ελλάδα]] αναλαμβάνει για πρώτη φορά την προεδρία της Γενικής Διάσκεψης της [[UNESCO]]. Ο [[Γεώργιος Αναστασόπουλος (ευρωβουλευτής)|Γεώργιος Αναστασόπουλος]] τέλεσε πρόεδρος για δυο έτη.\n\n== Γεννήσεις ==\n*[[1351]] - [[Τζαν Γκαλεάτσο Βισκόντι]], δούκας του Μιλάνου\n*[[1430]] - [[Ιάκωβος Β΄ της Σκωτίας|Ιάκωβος Β΄]], βασιλιάς της Σκωτίας\n*[[1524]] - [[Νικόλαος της Λωρραίνης]], Γάλλος επίσκοπος\n*[[1620]] - [[Πιερ Πωλ Πυζέ]], Γάλλος ζωγράφος και γλύπτης\n*[[1827]] - [[Άρνολντ Μπαίκλιν]], Ελβετός καλλιτέχνης\n*[[1841]] - [[Ιτό Χιρομπούμι]], Ιάπωνας πολιτικός\n*[[1854]] - [[Καρλ Κάουτσκι]], Γερμανός πολιτικός\n*[[1854]] - [[Όσκαρ Ουάιλντ]], Ιρλανδός συγγραφέας\n*[[1861]] - [[Τζων Μπάνγκελ Μπιούρυ]], Ιρλανδός ιστορικός\n*[[1871]] - [[Αντώνιος Χρηστομάνος]], Έλληνας πανεπιστημιακός και πολιτικός\n*[[1885]] - [[Ντοράντο Πιέτρι]], Ιταλός αθλητής\n*[[1886]] - [[Νταβίντ Μπεν Γκουριόν]], Ισραηλινός πολιτικός\n*[[1888]] - [[Ευγένιος Ο'Νηλ]], Αμερικανός θεατρικός συγγραφέας\n*[[1903]] - [[Χάμιλτον Λάσκε]], Αμερικανός σκηνοθέτης\n*[[1908]] - [[Ενβέρ Χότζα]], Αλβανός πολιτικός\n*[[1913]] - [[Μίμης Τραϊφόρος]], Έλληνας στιχουργός\n*[[1918]] - [[Λουί Αλτουσέρ]], Γάλλος φιλόσοφος\n*[[1919]] - [[Αμπντιρασίντ Αλί Σερμάρκε]], Σομαλός πολιτικός\n*[[1925]] - [[Άντζελα Λάνσμπερι]], Αγγλίδα ηθοποιός\n*[[1927]] - [[Γκύντερ Γκρας]], Γερμανός συγγραφέας\n*[[1928]] - [[Μέρι Ντέιλι]], Αμερικανίδα φιλόσοφος και θεολόγος\n*[[1936]] - [[Αντρέι Τσικατίλο]], Σοβιετικός δολοφόνος\n*[[1941]] - [[Μπάντλεϊ Ντέβεσι]], γενικός κυβερνήτης των νήσων του Σολομώντα\n*[[1953]] - [[Τόνι Κάρεϊ]], Αμερικανός μουσικός ([[Rainbow]] και Planet P Project)\n*[[1953]] - [[Λυδία Κονιόρδου]], Ελληνίδα ηθοποιός\n*[[1955]] - [[Γιάννης Κουράκης]], Έλληνας πολιτικός\n*[[1958]] - [[Τιμ Ρόμπινς]], Αμερικανός ηθοποιός και σκηνοθέτης\n*[[1971]] - [[Πόπη Μαλλιωτάκη]], Ελληνίδα τραγουδίστρια\n*[[1983]] - [[Λορίν]], Σουηδή τραγουδίστρια\n*[[1984]] - [[Μελίσα Λορίν]], Γαλλίδα πορνογραφική ηθοποιός\n*[[1985]] - [[Κέιζι Στόουνερ]], Αυστραλός μοτοσικλετιστής\n*[[1992]] - [[Κώστας Φορτούνης]], Έλληνας \n*[[1997]] - [[Σαρλ Λεκλέρ]], Μονεγάσκος οδηγός αγώνων\n\n== Θάνατοι ==\n*[[1323]] - [[Αμεδαίος Ε΄ της Σαβοΐας|Αμεδαίος Ε΄]], κόμης της Σαβοΐας\n*[[1333]] - [[Αντίπαπας Νικόλαος Ε΄]]\n*[[1422]] - [[Ιωάννης Δ΄ του Μεκλεμβούργου|Ιωάννης Δ']], δούκας του Μεκλεμβούργου\n*[[1553]] - [[Λούκας Κράναχ ο Πρεσβύτερος]], Γερμανός ζωγράφος\n*[[1590]] - [[Άννα της Αυστρίας (1528-1590)|Άννα της Αυστρίας]], δούκισσα της Βαυαρίας\n*[[1604]] - [[Στεφάνους Βινάντους Πίγγιους]], Ολλανδός ουμανιστής\n*[[1680]] - [[Ραϊμόντο Μοντεκκούκολι]], Ιταλός στρατιωτικός\n*[[1750]] - [[Σίλβιους Λέοπολντ Βάις]], Γερμανός συνθέτης και λαουτίστας\n*[[1772]] - [[Αχμάντ Σαχ Ντουράνι]], Αφγανός μονάρχης\n*[[1793]] - [[Μαρία Αντουανέτα]], βασίλισσα της Γαλλίας\n*[[1796]] - [[Βίκτωρ Αμεδαίος Γ΄ της Σαρδηνίας|Βίκτωρ Αμεδαίος Γ΄]], βασιλιάς της Σαρδηνίας\n*[[1849]] - [[Έντουαρντ Χωκ Λόκερ]], Άγγλος υδατογράφος\n*[[1946]] - [[Άλφρεντ Γιοντλ]], Γερμανός στρατιωτικός\n*[[1946]] - [[Άρτουρ Ζάις-Ίνκβαρτ]], Αυστριακός πολιτικός\n*[[1946]] - [[Φριτς Ζάουκελ]], Γερμανός πολιτικός\n*[[1946]] - [[Βίλχελμ Κάιτελ]], Γερμανός στρατιωτικός\n*[[1946]] - [[Ερνστ Κάλτενμπρουνερ]], Αυστριακός αξιωματικός των SS\n*[[1946]] - [[Άλφρεντ Ρόζενμπεργκ]], Γερμανός πολιτικός\n*[[1946]] - [[Γιούλιους Στράιχερ]], Γερμανός προπαγανδιστής\n*[[1946]] - [[Γιοάχιμ φον Ρίμπεντροπ]], Γερμανός πολιτικός\n*[[1946]] - [[Χανς Φρανκ]], Γερμανός δικηγόρος\n*[[1946]] - [[Βίλχελμ Φρικ]], Γερμανός αξιωματούχος των Ναζί\n*[[1951]] - [[Λιακάτ Αλή Χαν]], Πακιστανός πολιτικός\n*[[1952]] - [[Ευάγγελος Μαγκλιβέρας]], Έλληνας βαρύτονος\n*[[1955]] - [[Δημήτριος Μάξιμος]], Έλληνας πολιτικός\n*[[1958]] - [[Μιχάλης Σουγιούλ]], Έλληνας συνθέτης\n*[[1971]] - [[Αντιγόνη Μεταξά]], Ελληνίδα συγγραφέας\n*[[1976]] - [[Γεράσιμος Λύχνος]], Έλληνας δημοσιογράφος και πολιτικός\n*[[1981]] - [[Θεόδωρος Μανωλόπουλος]], Έλληνας πολιτικός\n*[[1981]] - [[Μοσέ Νταγιάν]], Ισραηλινός στρατηγός\n*[[1992]] - [[Σίρλεϊ Μπουθ]], Αμερικανίδα ηθοποιός\n*[[2000]] - [[Ρικ Τζέισον]], Αμερικανός ηθοποιός\n*[[2003]] - [[Εμμανουήλ Β. Κεφαλογιάννης]], Έλληνας πολιτικός\n*[[2003]] - [[Στου Χαρτ]], Καναδός παλαιστής\n*[[2006]] - [[Τρεμπιζόντα Βάλα]], Ιταλίδα αθλήτρια\n*[[2007]] - [[Ντέμπορα Κερ]], Σκωτσέζα ηθοποιός\n*[[2007]] - [[Τόσε Πρόεσκι]], τραγουδιστής από την Βόρεια Μακεδονία\n*[[2010]] - [[Γιάννης Δαλιανίδης]], Έλληνας σκηνοθέτης και σεναριογράφος\n*[[2010]] - [[Ιωάννης Λαδάς]], Έλληνας στρατιωτικός\n*[[2011]] - [[Μπέτυ Αμπατιέλου]], Βρετανή ακτιβίστρια\n*[[2013]] - [[Γιώργος Χουρμουζιάδης]], Έλληνας αρχαιολόγος και ακαδημαϊκός\n*[[2014]] - [[Ιωάννης Χαραλαμπόπουλος]], Έλληνας πολιτικός\n*[[2017]] - [[Δάφνη Καρουάνα Γκαλιζία]], Μαλτέζα δημοσιογράφος\n*2021-[[wikidata:Q5258428|Ντένις Φρανκς]] Αμερικανός ποδοσφαιριστής\n*2021- Μπέτι Λιν Αμερικανίδα ηθοποιός \n\n== Αργίες, επέτειοι και εορτές ==\n* Παγκόσμια  Ημέρα της διατροφής\n* Παγκόσμια Ημέρα [[ψωμί|άρτου]]\n* Παγκόσμια  Ημέρα υπέρ της υγειούς σπονδυλικής στήλης\n\n=== [[Ορθόδοξη Εκκλησία]] ===\n{{Πύλη:Ορθοδοξία/Εορτολόγιο/16 Οκτωβρίου}}\n\n{{Μήνες}}\n\n[[Κατηγορία:Ημέρες του έτους]]"}}}]}]}}