{"batchcomplete":true,"query":{"normalized":[{"fromencoded":false,"from":"16_Μαρτίου","to":"16 Μαρτίου"}],"pages":[{"pageid":1487,"ns":0,"title":"16 Μαρτίου","revisions":[{"slots":{"main":{"contentmodel":"wikitext","contentformat":"text/x-wiki","content":"{{χωρίς παραπομπές|10|01|2022}}\n\n{{Μήνες Μαρτίου}}\n\n<center>[[15 Μαρτίου]] | '''16 Μαρτίου''' | [[17 Μαρτίου]]</center>\n\n----\nΗ '''16η Μαρτίου''' είναι η 75η ημέρα του έτους κατά το [[Γρηγοριανό ημερολόγιο]]. Υπολείπονται 290 ημέρες.\n\n{{ΗμερολόγιοΣεΠίνακα|3}}\n\n== Γεγονότα ==\n*[[597 π.Χ.]] - Οι [[Βαβυλωνία|Βαβυλώνιοι]] καταλαμβάνουν την [[Ιερουσαλήμ]] και τοποθετούν ως βασιλιά τον [[Σεδεκίας|Σεδεκία]] στη θέση του [[Ιεχονίας|Ιεχονία]].\n*[[455]] - Ο Ρωμαίος αυτοκράτορας [[Ουαλεντινιανός Γ΄]] δολοφονείται από δύο [[Ούννοι|Ούννους]] υπηρέτες, ενώ ασκούνταν με το [[Τόξο (όπλο)|τόξο]] του στο [[Άρεως Πεδίον|Πεδίον του Άρεως]] ([[Αρχαία Ρώμη|Ρώμη]]).\n*[[1190]] - Σφαγή [[Εβραίοι|Εβραίων]] στο [[Γιορκ]].\n*[[1244]] - Πάνω από 200 [[Καθαρισμός|Καθαροί]] εκτελούνται στην πυρά μετά την άλωση του [[Κάστρο του Μονσεγκύρ|Κάστρου του Μονσεγκύρ]].\n*[[1782]] - [[Αμερικανική Επανάσταση]]: Τα [[Ισπανία|ισπανικά]] στρατεύματα καταλαμβάνουν το υπό [[Μεγάλη Βρετανία|βρετανικής]] κυριαρχίας νησί [[Ροατάν]].\n*[[1792]] - Πυροβολείται ο βασιλιάς [[Γουσταύος Γ΄ της Σουηδίας]]. Θα πεθάνει στις [[29 Μαρτίου]].\n*[[1802]] - Ιδρύεται η [[Στρατιωτική Ακαδημία των ΗΠΑ]].\n*[[1812]] - [[Πόλεμος της Ιβηρικής Χερσονήσου]]: [[Μεγάλη Βρετανία|Βρετανικές]] και [[Πορτογαλία|πορτογαλικές]] δυνάμεις πολιορκούν τη [[Γαλλία|γαλλική]] φρουρά στο [[Μπαδαχόθ]].\n*[[1815]] - Ο πρίγκιπας [[Γουλιέλμος Α΄ των Κάτω Χωρών|Γουλιέλμος]] ανακηρύσσεται βασιλιάς του [[Ηνωμένο Βασίλειο των Κάτω Χωρών|Ηνωμένου Βασιλείου των Κάτω Χωρών]] και γίνεται ο πρώτος [[Βασιλευόμενη Κοινοβουλευτική Δημοκρατία|συνταγματικός μονάρχης]] στην [[Ολλανδία]].\n*[[1872]] - Η [[Γουόντερερς ΦΚ]] κερδίζει το πρώτο [[Κύπελλο Αγγλίας (ποδόσφαιρο ανδρών)|κύπελλο ποδοσφαίρου Αγγλίας]], την παλαιότερη [[Ποδόσφαιρο|ποδοσφαιρική]] διοργάνωση στον κόσμο, νικώντας την [[Ρόγιαλ Εντζινίρς]] με 1-0 στο [[Λονδίνο]].\n*[[1894]] - Κάνει πρεμιέρα στο [[Παρίσι]] η όπερα ''Θαΐς'' του [[Ζυλ Μασνέ]].\n*[[1924]] - Σύμφωνα με τη συνθήκη της [[Ρώμη]]ς, το [[Ριέκα|Φιούμε]] προσαρτάται στην [[Ιταλία]].\n*[[1925]] - [[Σεισμός]] χτυπά τη [[Γιουνάν]] στην [[Λαϊκή Δημοκρατία της Κίνας|Κίνα]]. \n*[[1926]] - Ο [[Ρόμπερτ Γκόνταρντ]] πραγματοποιεί στη [[Μασαχουσέτη]] την πρώτη εκτόξευση [[Πύραυλος|πυραύλου]] υγρών καυσίμων.\n*[[1935]] - Ο [[Αδόλφος Χίτλερ]] διατάζει τον επανεξοπλισμό της [[Γερμανία]]ς κατά παράβαση της [[Συνθήκη των Βερσαλλιών|Συνθήκης των Βερσαλλιών]]. Δημιουργείται η [[Βέρμαχτ]].\n*[[1939]] - Από το [[Κάστρο της Πράγας]], ο [[Αδόλφος Χίτλερ]] ανακηρύσσει τη [[Βοημία]] και τη [[Μοραβία]] ως [[Ναζιστική Γερμανία|γερμανικό]] [[προτεκτοράτο]].\n*[[1945]] - Το 89% του [[Βύρτσμπουργκ]] στη [[Ναζιστική Γερμανία|Γερμανία]] καταστρέφεται σε μόλις 20 λεπτά από τα [[Μεγάλη Βρετανία|βρετανικά]] βομβαρδιστικά. Οι νεκροί ανέρχονται σε 5.000.\n*[[1964]] - Η [[Τουρκία]] καταγγέλλει μονομερώς τη συμφωνία [[Ελευθέριος Βενιζέλος|Βενιζέλου]]-[[Μουσταφά Κεμάλ Ατατούρκ|Ατατούρκ]] του [[1930]], η οποία ρυθμίζει τη διαμονή στην Τουρκία των περίπου 12.000 [[Έλληνες|Ελλήνων]] υπηκόων.\n*[[1966]] - Εκτοξεύεται το [[Τζέμινι 8]], η 12η επανδρωμένη [[Ηνωμένες Πολιτείες Αμερικής|αμερικανική]] διαστημική πτήση και η πρώτη που συνδέεται στο διάστημα με άλλο όχημα, το σκάφος-στόχο Ατζίνα.\n*[[1967]] - Με την καταδίκη 15 κατηγορούμενων αξιωματικών, την αθώωση άλλων δέκα και την απαλλαγή τριών, ολοκληρώνεται η, σε πρώτο βαθμό, δίκη των στρατιωτικών που εμπλέκονται στην [[υπόθεση ΑΣΠΙΔΑ]].\n*[[1968]] - [[Πόλεμος του Βιετνάμ]]: 347 έως 504 [[Βιετνάμ|Βιετναμέζοι]] χωρικοί (άνδρες, γυναίκες και παιδιά) σκοτώνονται από τα [[Ηνωμένες Πολιτείες Αμερικής|αμερικανικά]] στρατεύματα στη [[Σφαγή του Μι Λάι]].\n*[[1969]] - Αεροσκάφος της Viasa συντρίβεται στο [[Μαρακαΐμπο]] της [[Βενεζουέλα]]ς σκοτώνοντας 155 άτομα.\n* [[1972]] - Στην [[Κολομβία]], συλλαμβάνεται άτομο, που πιθανολογείται ότι ήταν ο [[Ναζί]] εγκληματίας πολέμου, [[Μάρτιν Μπόρμαν]].\n* [[1973]] - Στο [[Παρίσι]], οι Υπουργοί Οικονομίας 14 χωρών και οι επικεφαλής του [[Διεθνές Νομισματικό Ταμείο|Διεθνούς Νομισματικού Ταμείου]], του [[Οργανισμός για την Οικονομική Συνεργασία και Ανάπτυξη|Οργανισμού για την Οικονομική Συνεργασία και Ανάπτυξη]] και της [[Τράπεζα Διεθνών Διακανονισμών|Τράπεζας Διεθνών Διακανονισμών]] συμφωνούν να εγκαινιάσουν ένα νομισματικό σύστημα που θα βασίζεται στην κυμαινόμενη ισοτιμία συναλλάγματος.\n* [[1978]] - Οι [[Ερυθρές Ταξιαρχίες]] απαγάγουν τον [[Ιταλία|Ιταλό]] Χριστιανοδημοκράτη πρωθυπουργό [[Άλντο Μόρο]]. Λίγες μέρες αργότερα, τον εκτελούν.\n* [[1982]] - Ο Σοβιετικός Πρόεδρος Λεονίντ Μπρέζνιεφ ανακοινώνει ότι η ΕΣΣΔ πάγωσε την ανάπτυξη πυραύλων SS-20, δυτικά των [[Ουράλια όρη|Ουραλίων]].\n* [[1984]] - Η [[Νότια Αφρική]] και η [[Μοζαμβίκη]] υπογράφουν συμφωνία μη επίθεσης.\n* [[1984]] - Ισλαμιστές απαγάγουν τον επικεφαλής της [[CIA]] στη [[Βηρυτός|Βηρυτό]] του [[Λίβανος|Λιβάνου]], [[Γουίλιαμ Μπάκλεϊ]].\n* [[1985]] - Απάγεται από ισλαμιστές στη Βηρυτό ο Αμερικανός δημοσιογράφος του [[Associated Press]], [[Τέρι Άντερσον]]. Απελευθερώνεται μετά από περίπου επτά χρόνια, στις [[4 Δεκεμβρίου]] του 1991.\n* [[1985]] - Ο [[Γιάννης Κούρος]] διανύει 200 χλμ σε 15:11.10 στο [[Μοντωμπάν]] της Γαλλίας με ρεκόρ για το [[βιβλίο Γκίνες]].\n* [[1988]] - Το [[Ιράκ]] πραγματοποιεί επίθεση στην κουρδική πόλη Halabjah με χημικά (αέρια νεύρων), με αποτέλεσμα να χάσουν τη ζωή τους 5.000 άτομα.\n* [[1991]] - Οι αρχηγοί των σοβιετικών Ενόπλων Δυνάμεων και της [[KGB]] απευθύνουν έκκληση στον πληθυσμό να ψηφίσει «ναι» στο [[δημοψήφισμα]], προκειμένου να διατηρηθεί ενωμένη η ΕΣΣΔ.\n* [[1991]] - Την προσήλωσή της στη Δημοκρατία ανακοινώνει η ομοσπονδιακή Κυβέρνηση της [[πρώην Γιουγκοσλαβία|Γιουγκοσλαβίας]], μετά την παραίτηση του Προέδρου [[Μπορισλάβ Γιόβιτς]], ο οποίος τάχθηκε υπέρ της επιβολής στρατιωτικού νόμου στη χώρα.\n* [[1992]] - Εγκαθίστανται στην [[Κροατία]] οι ειρηνευτικές δυνάμεις του ΟΗΕ.\n* [[1992]] - Ο [[ανθρωπολογία|ανθρωπολόγος]] [[Άρης Πουλιανός]], ο οποίος ανακάλυψε τον [[Αρχάνθρωπος των Πετραλώνων|Αρχάνθρωπο]] των [[Πετράλωνα Χαλκιδικής|Πετραλώνων]] στη [[Χαλκιδική]], υποστηρίζει ότι ο πρώτος [[Homo Sapiens]] ξεκίνησε πριν από 700.000 χρόνια από τη βόρεια Ελλάδα.\n* [[1992]] - Στην [[Τουρκία]], 480 είναι οι νεκροί και 100.000 οι άστεγοι από τον καταστροφικό σεισμό μεγέθους 6,2 Ρίχτερ που πλήττει το Ερζιντσάν. \n* [[1993]] - Στην ανατολική ακτή των ΗΠΑ χάνουν τη ζωή τους 184 άτομα εξαιτίας σφοδρής χιονοθύελλας.\n* [[1993]] - Στην [[Ινδία]], η έκρηξη βόμβας στην [[Καλκούτα]] προκαλεί το θάνατο 69 ατόμων και την κατάρρευση δύο κτηρίων.\n* [[1995]] - Στις ΗΠΑ, η πολιτεία του Μισσισσιπή είναι η τελευταία που επικυρώνει νομοθετικά την τροπολογία του 1865 του αμερικανικού Συντάγματος, για την κατάργηση της [[δουλεία]]ς.\n* [[1996]] - Με το βραβείο «Αργυρή Ταινία» βραβεύεται στην Ιταλία ο [[Θόδωρος Αγγελόπουλος]], ως καλύτερος Ευρωπαίος [[σκηνοθεσία|σκηνοθέτης]].\n* [[1997]] - Μια από τις σημαντικότερες σελίδες στην ιστορία του αγγλικού [[σκάκι|σκακιού]] γράφεται στο [[βρετανικό Κοινοβούλιο]], όταν ο υπουργός Αθλητισμού Tony Banks δηλώνει ότι, θα προχωρήσει σε αλλαγή του νόμου, που από το [[1937]] δεν επιτρέπει την αναγνώριση του σκακιού ως αθλήματος.\n* [[2003]] - Εκατοντάδες χιλιάδες πολίτες από όλον τον κόσμο κατεβαίνουν στους δρόμους για να διαμαρτυρηθούν ενάντια στον [[Πόλεμος του Ιράκ|Πόλεμο]] του [[Ιράκ]]. Την ίδια μέρα οι [[Τζωρτζ Μπους (νεότερος)|Μπους]], [[Τόνι Μπλερ|Μπλερ]] και [[Χοσέ Μαρία Αθνάρ|Αθνάρ]] στέλνουν τελεσίγραφο στον [[Σαντάμ Χουσεΐν|Σαντάμ]] από τις [[Αζόρες]].\n\n== Γεννήσεις ==\n*[[1465]] - [[Κουνιγούνδη της Αυστρίας]], δούκισσα της Βαυαρίας\n*[[1473]] - [[Ερρίκος Δ΄ της Σαξονίας|Ερρίκος Δ΄]], δούκας της Σαξονίας\n*[[1478]] - [[Φρανθίσκο Πιθάρρο]], Ισπανός κατακτητής\n*[[1751]] - [[Τζέιμς Μάντισον]], 4ος πρόεδρος των Η.Π.Α.\n*[[1789]] - [[Γκέοργκ Ωμ]], Γερμανός φυσικός\n*[[1794]] - [[Αμί Μπουέ]], Αυστριακός γεωλόγος\n*[[1839]] - [[Συλί Προυντόμ]], Γάλλος συγγραφέας\n*[[1859]] - [[Αλέξανδρος Ποπόφ]], Ρώσος φυσικός\n*[[1888]] - [[Κοσμάς Πολίτης]], Έλληνας συγγραφέας\n*[[1892]] - [[Σέσαρ Βαγιέχο]], Περουβιανός ποιητής\n*[[1906]] - [[Φρανθίσκο Αγιάλα]], Ισπανός συγγραφέας\n*[[1908]] - [[Ρόμπερτ Ρόσσεν]], Αμερικανός σκηνοθέτης\n*[[1911]] - [[Γιόζεφ Μένγκελε]], Γερμανός ιατρός και αξιωματικός των SS\n*[[1912]] - [[Πατ Νίξον]], Πρώτη Κυρία των Η.Π.Α.\n*[[1920]] - [[Τονίνο Γκουέρα]], Ιταλός συγγραφέας\n*[[1921]] - [[Φαχντ της Σαουδικής Αραβίας|Φαχντ]], βασιλιάς της Σαουδικής Αραβίας\n*[[1925]] - [[Λουίς Ερνέστο Μιραμόντες]], Μεξικανός χημικός\n*[[1926]] - [[Τζέρι Λιούις]], Αμερικανός κωμικός\n*[[1927]] - [[Βλαντίμιρ Κομαρόφ]], Ρώσος κοσμοναύτης\n*[[1944]] - [[Άντριου Τανενμπάουμ]], Αμερικανός καθηγητής της επιστήμης υπολογιστών \n*[[1953]] - [[Ρίτσαρντ Στόλλμαν]], Αμερικανός ακτιβιστής ελεύθερου λογισμικού\n*[[1953]] - [[Ιζαμπέλ Υπέρ]], Γαλλίδα ηθοποιός\n*[[1955]] - [[Λίντα Λεπόμ]], Βελγίδα ηθοποιός και τραγουδίστρια\n*[[1959]] - [[Σαβίνα Γιαννάτου]], Ελληνίδα τραγουδίστρια\n*[[1959]] - [[Γενς Στόλτενμπεργκ]], Νορβηγός πολιτικός\n*[[1964]] - [[Χάρης Κωστόπουλος]], Έλληνας τραγουδιστής\n*[[1967]] - [[Λόρεν Γκράχαμ]], Αμερικανίδα ηθοποιός\n*[[1969]] - [[Άγγελος Κορωνιός]], Έλληνας καλαθοσφαιριστής και προπονητής\n*[[1974]] - [[Γιώργος Ανατολάκης]], Έλληνας ποδοσφαιριστής\n*[[1976]] - [[Ζου Τσεν]], Κινέζα σκακίστρια\n*[[1978]] - [[Κώστας Μπακογιάννης]], Έλληνας πολιτικός\n*[[1979]] - [[Λέενα Πέισα]], Φινλανδή μουσικός ([[Lordi]])\n*[[1989]] - [[Μπλέικ Γκρίφιν]], Αμερικανός καλαθοσφαιριστής\n\n== Θάνατοι ==\n*[[37]] - [[Τιβέριος Καίσαρας Αύγουστος]], Ρωμαίος αυτοκράτορας\n*[[455]] - [[Ουαλεντινιανός Γ΄]], Ρωμαίος αυτοκράτορας\n*[[1185]] - [[Βαλδουίνος Δ΄ της Ιερουσαλήμ|Βαλδουίνος Δ΄]], βασιλιάς της Ιερουσαλήμ\n*[[1405]] - [[Μαργαρίτα Γ΄, κόμισσα της Φλάνδρας]]\n*[[1410]] - [[Ιωάννης Μπωφόρ, 1ος κόμης του Σόμερσετ]]\n\n*[[1670]] - [[Γιόχαν Ρούντολφ Γκλάουμπερ]], Γερμανός χημικός\n*[[1898]] - [[Όμπρεϊ Μπίρντσλι]], Άγγλος καλλιτέχνης\n*[[1919]] - [[Γιάκοβ Σβερντλόφ]], Ρώσος επαναστάτης\n*[[1923]] - [[Αλέξανδρος Λοντίγκιν]], Ρώσος εφευρέτης\n*[[1930]] - [[Μιγκέλ Πρίμο ντε Ριβέρα]], Ισπανός δικτάτορας\n*[[1935]] - [[Άρον Νίμζοβιτς]], Ρώσος σκακιστής\n*[[1940]] - [[Σέλμα Λάγκερλεφ]], Σουηδή συγγραφέας\n*[[1948]] - [[Εμμανουήλ Γρηγορίου]], Έλληνας πολιτικός\n*[[1955]] - [[Νείλος Σακελλαρίου]], Έλληνας μαθηματικός\n*[[1956]] - [[Μιχαήλ Μουτούσης]], Έλληνας αεροπόρος\n*[[1957]] - [[Κονσταντίν Μπρανκούζι]], Ρουμάνος γλύπτης\n*[[1970]] - [[Σαΐντ Μοχάμετ Σεΐχ]], πολιτικός από τις Κομόρες\n*[[1975]] - [[Τι-Μπόουν Γουόκερ]], Αμερικανός μουσικός\n*[[1977]] - [[Καμάλ Τζουμπλάτ]], Λιβανέζος πολιτικός\n*[[1979]] - [[Δώρα Μοάτσου-Βάρναλη]], Ελληνίδα ποιήτρια\n*[[1979]] - [[Ζαν Μονέ]], Γάλλος οικονομολόγος\n*[[1998]] - [[Ντέρεκ Μπάρτον]], Άγγλος χημικός\n*[[2003]] - [[Ρέιτσελ Κόρι]], Αμερικανίδα ακτιβίστρια\n*[[2005]] - [[Ραλφ Έρσκαϊν]], Άγγλος αρχιτέκτονας\n*[[2005]] - [[Γεράσιμος Αποστολάτος]], Έλληνας πολιτικός\n*[[2008]] - [[Λαύρος Σκούρλα]] \n*[[2013]] - [[Βασίλειος Χατζηιωαννίδης]], Έλληνας πολιτικός\n*[[2014]] - [[Ρένα Στρατηγού]], Ελληνίδα ηθοποιός\n*[[2015]] - [[Άντι Φρέιζερ]], Άγγλος τραγουδιστής και μπασίστας ([[Free]])\n\n== Αργίες και εορτές ==\n=== [[Ορθόδοξη Εκκλησία]] ===\n{{Πύλη:Ορθοδοξία/Εορτολόγιο/16 Μαρτίου}}\n\n{{Μήνες}}\n\n[[Κατηγορία:Ημέρες του έτους]]"}}}]}]}}