{"batchcomplete":true,"query":{"normalized":[{"fromencoded":false,"from":"16_Ιουλίου","to":"16 Ιουλίου"}],"pages":[{"pageid":2864,"ns":0,"title":"16 Ιουλίου","revisions":[{"slots":{"main":{"contentmodel":"wikitext","contentformat":"text/x-wiki","content":"{{Πηγές|3=2022|2=01|10}}\n{{Μήνες Ιουλίου}}\n\n<center>[[15 Ιουλίου]] | '''16 Ιουλίου''' | [[17 Ιουλίου]]</center>\n\n----\n{{ΗμερολόγιοΣεΠίνακα|7}}\nΗ '''16η Ιουλίου''' είναι η 197η ημέρα του έτους κατά το [[Γρηγοριανό ημερολόγιο]] (198η σε δίσεκτα έτη). Υπολείπονται 168 ημέρες.\n\n== Γεγονότα ==\n*[[622]] - Αρχή του [[Ισλαμικό ημερολόγιο|Ισλαμικού ημερολογίου]].\n*[[1054]] - Ο [[καρδινάλιος]] Ουμβέρτος και δύο άλλοι [[Λεγάτος|λεγάτοι]] εισέρχονται στην [[Αγία Σοφία (Κωνσταντινούπολη)]] κατά τη διάρκεια της Θείας Λειτουργίας και επιδίδουν παπική βούλα σύμφωνα με την οποία [[Θρησκευτικές ποινές|αφορίζεται]] ο Πατριάρχης Κωνσταντινουπόλεως [[Μιχαήλ Α΄ Κηρουλάριος]]. Το γεγονός οδήγησε στο [[Σχίσμα του 1054]], που διαίρεσε τη Δυτική και [[Ανατολικός Χριστιανισμός|Ανατολική Χριστιανική Εκκλησία]].\n*[[1212]] - Μάχη της Λας Νάβας δε Τολόσα: Αφού ο [[Πάπας Ιννοκέντιος Γ΄]] κάλεσε τους [[Ευρώπη|Ευρωπαίους]] ιππότες σε [[Σταυροφορίες|σταυροφορία]], οι δυνάμεις των βασιλέων [[Αλφόνσος Η΄ της Καστίλης|Αλφόνσου Η΄ της Καστίλης]], Σάντσο Ζ΄ της Ναβάρρας, [[Πέτρος Β΄ της Αραγονίας|Πέτρου Β΄ της Αραγονίας]] και [[Αλφόνσος Β΄ της Πορτογαλίας|Αλφόνσου Β΄ της Πορτογαλίας]] νικούν εκείνες των [[Βέρβεροι|Βερβέρων]] μουσουλμάνων αποτελώντας σημείο καμπής στη [[χριστιανική ανακατάκτηση της Ιβηρικής χερσονήσου]] και στη μεσαιωνική ιστορία της [[Ισπανία]]ς.\n*[[1377]] - Ο [[Ριχάρδος Β΄ της Αγγλίας|Ριχάρδος Β΄]] στέφεται βασιλιάς της [[Αγγλία]]ς. \n*[[1769]] - Ιδρύεται το [[Σαν Ντιέγκο]] στην [[Καλιφόρνια]]. \n*[[1790]] - Η [[Ουάσινγκτον]] ορίζεται ως η πρωτεύουσα των [[Ηνωμένες Πολιτείες Αμερικής|Ηνωμένων Πολιτειών]]. \n*[[1809]] - Η πόλη [[Λα Πας]] στη σημερινή [[Βολιβία]] ανακηρύσσει την ανεξαρτησία της από το [[Μοναρχία της Ισπανίας|ισπανικό στέμμα]].\n*[[1861]] - [[Αμερικανικός Εμφύλιος Πόλεμος]]: Κατόπιν διαταγής του προέδρου [[Αβραάμ Λίνκολν]], τα στρατεύματα της [[Ένωση (Αμερικανικός Εμφύλιος Πόλεμος)|Ένωσης]] ξεκινούν στη [[Βιρτζίνια]] μία πορεία 40 χιλιομέτρων, που θα οδηγήσει στην Πρώτη Μάχη του Μανάσας, την πρώτη μεγάλη μάχη του πολέμου.\n*[[1862]] - [[Αμερικανικός Εμφύλιος Πόλεμος]]: Ο Ντέιβιντ Φάραγκατ προάγεται σε υποναύαρχο και γίνεται ο πρώτος αξιωματικός του [[Πολεμικό Ναυτικό των ΗΠΑ|Αμερικανικού Ναυτικού]] που κατέχει βαθμό ναυάρχου.\n*[[1914]] - Δολοφονούνται στη νήσο [[Σάσων]] δεκαπέντε οικογένειες Ελλήνων βοσκών από άτακτους Αλβανούς, μετά την ψήφιση του ελληνικού Νόμου που την παραχώρησε στην Αλβανία και την συνακόλουθη αποχώρηση του ελληνικού στρατιωτικού σώματος από το νησί.\n*[[1931]] - Ο [[αυτοκράτορας της Αιθιοπίας]] [[Χαϊλέ Σελασιέ Α΄]] υπογράφει το πρώτο σύνταγμα της [[Αιθιοπία]]ς. \n*[[1935]] - Εγκαθίσταται στην [[Οκλαχόμα Σίτι]] το πρώτο παρκόμετρο στον κόσμο.\n*[[1942]] - [[Ολοκαύτωμα]]: Η [[Γαλλία του Βισύ|κυβέρνηση του Βισύ]] στη [[Γαλλία]] διατάσσει τη μαζική σύλληψη 13.152 Εβραίων, οι οποίοι κρατούνται στο Χειμερινό Ποδηλατοδρόμιο στο [[Παρίσι]] πριν την εκτόπισή τους στο [[στρατόπεδο συγκέντρωσης Άουσβιτς]].\n*[[1945]] - [[Πρόγραμμα Μανχάταν]]: Αρχίζει η Ατομική Εποχή όταν οι [[Ηνωμένες Πολιτείες Αμερικής]] πραγματοποιούν επιτυχημένη δοκιμή έκρηξης [[πυρηνικό όπλο|πυρηνικού όπλου]] βασισμένου στο [[πλουτώνιο]], κοντά στο Αλαμογκόρντο του [[Νέο Μεξικό|Νέου Μεξικού]].  \n*[[1945]] - Ιδρύεται το [[Εθνικό Ίδρυμα Ραδιοφωνίας]].\n*[[1948]] - Έπειτα από αντίσταση, η πόλη της [[Ναζαρέτ]], η οποία λατρεύεται από τους χριστιανούς ως η πατρίδα του [[Ιησούς Χριστός|Ιησού Χριστού]], συνθηκολογεί με τα [[Ισραήλ|ισραηλινά]] στρατεύματα κατά τη διάρκεια του Αραβοϊσραηλινού πολέμου του 1948.\n*[[1951]] - Ο βασιλιάς [[Λεοπόλδος Γ΄ του Βελγίου]] παραιτείται υπέρ του γιου του, [[Βαλδουίνος του Βελγίου|Βαλδουίνου του Βελγίου]]. \n*[[1965]] - Εγκαινιάζεται η σήραγγα του [[Λευκό Όρος|Λευκού Όρους]] που συνδέει τη [[Γαλλία]] και την [[Ιταλία]].\n*[[1969]] - [[Απόλλων (διαστημικό πρόγραμμα)|Πρόγραμμα Απόλλων]]: Εκτοξεύεται από το [[Διαστημικό Κέντρο Κένεντι]] στη [[Φλόριντα]] η αποστολή ''[[Απόλλων 11]]'', η πρώτη αποστολή με στόχο την προσεδάφιση αστροναυτών στη [[Σελήνη]].\n*[[1972]] - Ο από [[Ιερά Μητρόπολις Ίμβρου και Τενέδου|Ίμβρου και Τενέδου]] [[Πατριάρχης Δημήτριος|Δημήτριος]] εκλέγεται [[Οικουμενικός Πατριάρχης]].  \n*[[1979]] - Ο [[Σαντάμ Χουσεΐν]] γίνεται πρόεδρος του [[Ιράκ]].\n*[[1983]] - [[Μεγάλη Βρετανία|Βρετανικό]] ελικόπτερο συντρίβεται στα [[νησιά Σίλι]], με απολογισμό 20 νεκρούς.\n*[[2015]] - [[Ιδρύεται η ομαδική συνομιλία Μαλαματινα FC]] \n* [[2016]] - [[Απόπειρα πραξικοπήματος το 2016 στην Τουρκία|Απόπειρα πραξικοπήματος]] στην Τουρκία από τον στρατό.\n\n== Γεννήσεις ==\n*[[1194]] - [[Κλάρα της Ασίζης]], Ιταλίδα αγία\n*[[1486]] - [[Αντρέα ντελ Σάρτο]], Ιταλός ζωγράφος\n*[[1746]] - [[Τζιουζέπε Πιάτσι]], Ιταλός αστρονόμος\n*[[1796]] - [[Ζαν-Μπατίστ Καμίλ Κορό]], Γάλλος ζωγράφος\n*[[1805]] - [[Φρέντερικ Μάριοτ]], Αμερικανός εκδότης\n*[[1872]] - [[Ρόαλντ Αμούνδσεν]], Νορβηγός εξερευνητής\n*[[1888]] - [[Φριτς Φρέντερικ Ζερνίκε]], Ολλανδός φυσικός\n*[[1907]] - [[Μπάρμπαρα Στάνγουικ]], Αμερικανίδα ηθοποιός\n*[[1908]] - [[Γκερντ Άχγκελις]], Γερμανός πιλότος\n*[[1911]] - [[Τζίντζερ Ρότζερς]], Αμερικανίδα ηθοποιός και χορεύτρια\n*[[1918]] - [[Ντέιβιντ Τζακ]], πολιτικός από τον Άγιο Βικέντιο και Γρεναδίνες\n*[[1927]] - [[Ηρώ Κωνσταντοπούλου]], Ελληνίδα αγωνίστρια\n*[[1930]] - [[Γκι Μπεάρ]], Γάλλος τραγουδοποιός\n*[[1930]] - [[Μάικλ Μπιλιράκης]], Αμερικανός πολιτικός\n*[[1931]] - [[Θόδωρος Παπαδόπουλος]], Έλληνας πολιτικός\n*[[1933]] - [[Μαίρη Χρονοπούλου]], Ελληνίδα ηθοποιός\n*[[1936]] - [[Γιασούο Φουκούντα]], Ιάπωνας πολιτικός\n*[[1937]] - [[Ρίτσαρντ Μπράιαν]], Αμερικανός πολιτικός\n*[[1940]] - [[Μητροπολίτης Μονεμβασίας και Σπάρτης Ευστάθιος Σπηλιώτης]]\n*[[1945]] - [[Νότης Μαυρουδής]], Έλληνας συνθέτης\n*[[1948]] - [[Ρίτα Μπαρβερά]], Ισπανίδα πολιτικός\n*[[1957]] - [[Ρούλα Μαυρονικόλα]], Κύπρια πολιτικός\n*[[1957]] - [[Βλόντζιμεζ Σμολάρεκ]], Πολωνός ποδοσφαιριστής\n*[[1958]] - [[Μάικλ Φλάτλεϊ]], Αμερικανός χορευτής και χορογράφος\n*[[1962]] - [[Γκριγκόρι Λεπς]], Ρώσος τραγουδιστής\n*[[1967]] - [[Γουίλ Φέρελ]], Αμερικανός ηθοποιός\n*[[1969]] - [[Ζάρα Βάγκενκνεχτ]], Γερμανίδα πολιτικός\n*[[1976]] - [[Μπόμπι Λάσλεϊ]], Αμερικανός παλαιστής\n*[[1976]] - [[Αλέξανδρος Μπουρδούμης]], Έλληνας ηθοποιός\n*[[1980]] - [[Τζέση Τζέην]], Αμερικανίδα πορνογραφική ηθοποιός και μοντέλο\n*[[1981]] - [[Βιθέντε Ροδρίγκεθ]], Ισπανός ποδοσφαιριστής\n*[[1983]] - [[Κατρίνα Κεφ]], Βρετανή ηθοποιός\n*[[1985]] - [[Άννα Μενενάκου]], Ελληνίδα ηθοποιός \n*[[1987]] - [[Άνναλιν ΜακΚόρντ]], Αμερικανίδα ηθοποιός\n*[[1988]] - [[Σέρχιο Μπουσκέτς]], Ισπανός ποδοσφαιριστής\n*[[1989]] - [[Γκάρεθ Μπέιλ]], Ουαλός ποδοσφαιριστής\n*[[1990]] - [[Τζέιμς Μάσλοου]], Αμερικανός ηθοποιός και τραγουδιστής\n\n== Θάνατοι ==\n*[[1216]] - [[Πάπας Ιννοκέντιος Γ΄]]\n*[[1342]] - [[Κάρολος Α΄ της Ουγγαρίας|Κάρολος Α΄]], βασιλιάς της Ουγγαρίας\n*[[1487]] - [[Καρλόττα της Κύπρου|Καρλόττα]], βασίλισσα της Κύπρου\n*[[1557]] - [[Άννα της Κλέβης]], βασίλισσα της Αγγλίας\n*[[1633]] - [[Ιωάννης Καζιμίρ της Σαξονίας-Κόμπουργκ|Ιωάννης Καζιμίρ]], δούκας της Σαξονίας-Κόμπουργκ\n*[[1663]] - [[Γουλιέλμος ΣΤ΄ της Έσσης-Κάσσελ|Γουλιέλμος ΣΤ΄]], λάντγκραβος της Έσσης-Κάσσελ\n*[[1764]] - [[Ιβάν ΣΤ΄ της Ρωσίας|Ιβάν ΣΤ΄]], τσάρος της Ρωσίας\n*[[1770]] - [[Γεώργιος Φλέσσας]], Έλληνας αγωνιστής\n*[[1847]] - [[Καρλ Φρίντριχ Μπούρνταχ]], Γερμανός φυσιολόγος\n*[[1874]] - [[Απόστολος Αρσάκης]], Έλληνας ευεργέτης και πολιτικός\n*[[1907]] - [[Νικόλαος Τσοτάκος]], Έλληνας στρατιωτικός\n*[[1923]] - [[Τσαρλς Μπόουρντμαν Χόις]], Αμερικανός συγγραφέας\n*[[1959]] - [[Ανδρέας Ξαρχάκος]], Έλληνας πολιτικός\n*[[1960]] - [[Άλμπερτ Κέσσελρινγκ]], Γερμανός στρατάρχης\n*[[1981]] - [[Κάρολος Αρλιώτης]], Έλληνας πολιτικός\n*[[1985]] - [[Χάινριχ Μπελ]], Γερμανός συγγραφέας\n*[[1989]] - [[Αναστάσιος Καμπούρης]], Έλληνας πολιτικός\n*[[1989]] - [[Κωνσταντίνος Κονοφάγος]], Έλληνας πολιτικός\n*[[1989]] - [[Χέρμπερτ φον Κάραγιαν]], Αυστριακός διευθυντής ορχήστρας\n*[[1992]] - [[Μαίρη Αρώνη]], Ελληνίδα ηθοποιός\n*[[1999]] - [[Τζον Φιτζέραλντ Κένεντι τζούνιορ]], Αμερικανός εκδότης και δικηγόρος\n*[[1999]] - [[Ιωάννης Τσαλουχίδης]], Έλληνας πολιτικός\n*[[2001]] - [[Μορίς]], Βέλγος δημιουργός κόμικς\n*[[2001]] - [[Δημήτριος Χολέβας]], Έλληνας ιερέας και αντιστασιακός\n*[[2003]] - [[Μανούσος Μανούσακας]], Έλληνας φιλόλογος\n*[[2004]] - [[Βασίλης Νεφελούδης]], Έλληνας πολιτικός\n*[[2007]] - [[Κωνσταντίνος Δημόπουλος]], Έλληνας πολιτικός\n*[[2012]] - [[Τζον Λορντ]], Άγγλος μουσικός και συνθέτης ([[Deep Purple]] και [[Paice, Ashton & Lord]])\n*[[2017]] - [[Τζωρτζ Ρομέρο]], Αμερικανός σκηνοθέτης\n\n== Αργίες και εορτές ==\n=== [[Ορθόδοξη Εκκλησία]] ===\n{{Πύλη:Ορθοδοξία/Εορτολόγιο/16 Ιουλίου}}\n\n{{Μήνες}}\n\n[[Κατηγορία:Ημέρες του έτους]]"}}}]}]}}