{"batchcomplete":true,"query":{"normalized":[{"fromencoded":false,"from":"16_Μαΐου","to":"16 Μαΐου"}],"pages":[{"pageid":1814,"ns":0,"title":"16 Μαΐου","revisions":[{"slots":{"main":{"contentmodel":"wikitext","contentformat":"text/x-wiki","content":"{{Πηγές|3=2022|2=01|10}}\n{{Μήνες Μαΐου}}\n\n<center>[[15 Μαΐου]] | '''16 Μαΐου''' | [[17 Μαΐου]]</center>\n\n----\nΗ '''16η Μαΐου''' είναι η 136η ημέρα του έτους κατά το [[Γρηγοριανό ημερολόγιο]] (137η σε δίσεκτα έτη). Υπολείπονται 229 ημέρες.\n\n{{ΗμερολόγιοΣεΠίνακα|5}}\n\n== Γεγονότα ==\n*[[218]] - Ο [[Ηλιογάβαλος]] ανακηρύσσεται [[Ρωμαίος αυτοκράτορας]]. \n*[[1204]] - Ο [[Βαλδουίνος Α΄ της Κωνσταντινούπολης|Βαλδουίνος Θ΄]], κόμης της [[Φλάνδρα]]ς, στέφεται αυτοκράτορας της [[Λατινική Αυτοκρατορία|Λατινικής Αυτοκρατορίας]].\n*[[1527]] - Οι Φλωρεντινοί διώχνουν για δεύτερη φορά τους [[Οίκος των Μεδίκων|Μεδίκους]] και αποκαθιστούν τη [[δημοκρατία]] στη [[Φλωρεντία]].\n*[[1532]] - Ο [[Τόμας Μορ]] παραιτείται από Λόρδος Καγκελάριος της [[Αγγλία]]ς.\n*[[1568]] - Η [[Μαρία Α΄ της Σκωτίας]] διαφεύγει στην [[Αγγλία]].\n*[[1770]] - Η 15χρονη [[Μαρία Αντουανέτα]] παντρεύεται τον 16χρονο [[Λουδοβίκος ΙΣΤ΄ της Γαλλίας|Λουδοβίκο Αύγουστο]] που αργότερα θα γίνει [[Κατάλογος μοναρχών της Γαλλίας|βασιλιάς της Γαλλίας]].\n*[[1811]] - [[Πόλεμος της Ιβηρικής Χερσονήσου]]: Οι σύμμαχοι [[Ισπανία]], [[Πορτογαλία]] και [[Ηνωμένο Βασίλειο]] αντιμετωπίζουν τους [[Γαλλία|Γάλλους]] στην [[Αλμπουέρα]].\n*[[1868]] - Ο [[Ηνωμένες Πολιτείες Αμερικής|Αμερικανός]] πρόεδρος [[Άντριου Τζόνσον]] αθωώνεται με μία ψήφο διαφορά από τη [[Γερουσία (ΗΠΑ)|Γερουσία των Η.Π.Α.]]\n*[[1888]] - Ο [[Νίκολα Τέσλα]] δίνει μία διάλεξη περιγράφοντας τον εξοπλισμό που θα επιτρέψει την αποτελεσματική παραγωγή και χρήση του [[Εναλλασσόμενο ρεύμα|εναλλασσόμενου ρεύματος]] για τη μετάδοση ηλεκτρικής ενέργειας σε μεγάλες αποστάσεις.\n*[[1916]] - Το [[Ηνωμένο Βασίλειο της Μεγάλης Βρετανίας και της Ιρλανδίας]] και η [[Γαλλία]] υπογράφουν τη μυστική [[Συμφωνία Σάικς–Πικό]] διχοτομώντας τα πρώην [[Οθωμανική Αυτοκρατορία|οθωμανικά]] εδάφη όπως το [[Ιράκ]] και τη [[Συρία]].\n*[[1920]] - Στη [[Ρώμη]], ο [[Πάπας Βενέδικτος ΙΕ΄]] ανακηρύσσει ως αγία την [[Ιωάννα της Λωραίνης]]. \n*[[1929]] - Λαμβάνει χώρα στο [[Χόλυγουντ]] η πρώτη τελετή απονομής των βραβείων [[Όσκαρ]].\n*[[1943]] - [[Ολοκαύτωμα]]: Τερματίζεται η [[εξέγερση του Γκέτο της Βαρσοβίας]].\n*[[1961]] - Ο [[Παρκ Τζονγκ-χούι]] ηγείται πραξικοπήματος για την ανατροπή της δημοκρατίας στη [[Νότια Κορέα]].\n*[[1961]] - Ένα ελικοφόρο εκπαιδευτικό αεροσκάφος [[North American T-6 Texan|Χάρβαρντ]] του αεροπλανοφόρου ''Φράνκλιν Ρούζβελτ'' που ναυλοχεί στον φαληρικό όρμο, χάνει τον έλικά του κατά τη διάρκεια επίδειξης πάνω από το [[Άλιμος|Καλαμάκι]] και συντρίβεται σ' έναν κήπο της περιοχής πριν προλάβει το πλήρωμα να αντιδράσει. Η μικρή δεξαμενή καυσίμων στο εμπρόσθιο τμήμα της ακράκτου ανατινάζεται λόγω της βιαιότητας της πρόσκρουσης και το αεροπλάνο τυλίγεται αμέσως στις φλόγες. Νεκροί οι δύο πιλότοι.\n*[[1962]] - Επανέναρξη των πυρηνικών [[Ένωση Σοβιετικών Σοσιαλιστικών Δημοκρατιών|σοβιετικών]] ατμοσφαιρικών δοκιμών εξαγγέλλει από τη [[Βουλγαρία]] ο [[Νικίτα Χρουστσόφ]], ο οποίος καλεί, παράλληλα, [[Τουρκία]] και [[Ελλάδα]] \"να εγκαταλείψουν την απομόνωσή τους\".\n*[[1966]] - Έναρξη της [[Πολιτιστική Επανάσταση|Πολιτιστικής Επανάστασης]] στην [[Λαϊκή Δημοκρατία της Κίνας|Κίνα]].\n*[[1969]] - [[Πρόγραμμα Βενέρα]]: Το [[Ένωση Σοβιετικών Σοσιαλιστικών Δημοκρατιών|σοβιετικό]] [[ρομποτικό διαστημόπλοιο]] ''Βενέρα 5'' προσεδαφίζεται στην [[Αφροδίτη (πλανήτης)|Αφροδίτη]].\n*[[1974]] - Ο [[Γιόσιπ Μπροζ Τίτο]] εκλέγεται ισόβιος πρόεδρος της [[Σοσιαλιστική Ομοσπονδιακή Δημοκρατία της Γιουγκοσλαβίας|Γιουγκοσλαβίας]].\n*[[1991]] - Η βασίλισσα [[Ελισάβετ Β΄ του Ηνωμένου Βασιλείου]] απευθύνεται στο [[Κογκρέσο των Ηνωμένων Πολιτειών]]. Είναι η πρώτη [[Μεγάλη Βρετανία|Βρετανή]] μονάρχης που απευθύνεται στο αμερικανικό Κογκρέσο.\n*[[1997]] - Ο πρόεδρος του [[Ζαΐρ]] [[Μομπούτου Σέσε Σέκο]] διαφεύγει από τη χώρα.  \n*[[2003]] - Στο [[Μαρόκο]], 33 πολίτες σκοτώνονται και περισσότεροι από 100 τραυματίζονται σε τρομοκρατικές επιθέσεις στην [[Καζαμπλάνκα]].\n\n== Γεννήσεις ==\n*[[1704]] - [[Γιόχαν αμ Έντε]], Γερμανός θεολόγος, παιδαγωγός και συγγραφέας\n*[[1718]] - [[Μαρία Γκαετάνα Ανιέζι]],Ιταλίδα μαθηματικός και φιλόσοφος\n*[[1821]] - [[Παφνούτι Τσεμπισιόφ]], Ρώσος μαθηματικός\n*[[1872]] - [[Νικόλαος Στράτος]], Έλληνας πολιτικός\n*[[1883]] - [[Τζελάλ Μπαγιάρ]], Τούρκος πολιτικός\n*[[1891]] - [[Ρίχαρντ Τάουμπερ]], Αυστριακός τενόρος\n*[[1905]] - [[Χένρι Φόντα]], Αμερικανός ηθοποιός\n*[[1906]] - [[Αλφρέντ Πελλάν]], Καναδός ζωγράφος\n*[[1915]] - [[Μάριο Μονιτσέλι]], Ιταλός σκηνοθέτης\n*[[1924]] - [[Ντάουντα Τζαγουάρα]], πρόεδρος της Γκάμπια\n*[[1926]] - [[Μπόσγουελ Ουίλιαμς]], γενικός κυβερνήτης της Αγίας Λουκίας\n*[[1947]] - [[Γιώργος Ρωμανός]], Έλληνας τραγουδιστής\n*[[1948]] - [[Κάτια Δανδουλάκη]], Ελληνίδα ηθοποιός\n*[[1949]] - [[Γιώργος Ζήκας]], Έλληνας τραγουδοποιός\n*[[1951]] - [[Σόφη Ζαννίνου]], Ελληνίδα ηθοποιός\n*[[1953]] - [[Πιρς Μπρόσναν]], Ιρλανδός ηθοποιός\n*[[1953]] - [[Αντώνης Φωστιέρης]], Έλληνας ποιητής\n*[[1954]] - [[Ντάουντα Τζαγουάρα]], πρόεδρος της Γκάμπια\n*[[1960]] - [[Τάμμε Χάνκεν]], Γερμανός τηλεπαρουσιαστής\n*[[1965]] - [[Κριστ Νοβοσέλιτς]], Αμερικανός μπασίστας ([[Nirvana]])\n*[[1966]] - [[Τζάνετ Τζάκσον]], Αμερικανίδα τραγουδίστρια\n*[[1974]] - [[Λάουρα Παουζίνι]], Ιταλίδα τραγουδίστρια\n*[[1981]] - [[Ρικάρντο Κόστα]], Πορτογάλος ποδοσφαιριστής\n*[[1981]] - [[Τζόζεφ Μόργκαν]], Άγγλος ηθοποιός\n*[[1983]] - [[Νάνσυ Άτζραμ]], Λιβανέζα τραγουδίστρια\n*[[1986]] - [[Μέγκαν Φοξ]], Αμερικανίδα ηθοποιός\n*[[1990]] - [[Τόμας Μπρόντι-Σάνγκστερ]], Άγγλος ηθοποιός και μοντέλο\n*[[1993]] - [[Άττικους Μίτσελ]], Καναδός ηθοποιός\n*[[1994]] - [[Kalush Orchestra|Όλεχ Πσιούκ]], Ουκρανός ράπερ, νικητής της [[Eurovision 2022]]\n\n== Θάνατοι ==\n*[[1268]] - [[Πέτρος Β΄ της Σαβοΐας|Πέτρος Β΄]], κόμης της Σαβοΐας\n*[[1651]] - [[Παρθένιος Β΄]], Πατριάρχης Κωνσταντινουπόλεως\n*[[1696]] - [[Μαριάννα της Αυστρίας]], βασίλισσα της Ισπανίας\n*[[1703]] - [[Σαρλ Περώ]], Γάλλος συγγραφέας\n*[[1830]] - [[Ζοζέφ Φουριέ]], Γάλλος μαθηματικός και φυσικός\n*[[1926]] - [[Μεχμέτ ΣΤ΄]], Οθωμανός σουλτάνος\n*[[1934]] - [[Αρίσταρχος Μπελοπόλσκυ]], Ρώσος αστρονόμος\n*[[1936]] - [[Λεωνίδας Παρασκευόπουλος (Αντιστράτηγος)|Λεωνίδας Παρασκευόπουλος]], Έλληνας στρατιωτικός\n*[[1942]] - [[Μπρόνισλαβ Μαλινόβσκι]], Πολωνός ανθρωπολόγος\n*[[1953]] - [[Τζάνγκο Ράινχαρντ]], Βέλγος κιθαρίστας και συνθέτης\n*[[1961]] - [[Ιωάννης Ορφανός]], Έλληνας πολιτικός\n*[[1970]] - [[Χαράλαμπος Βασιλειάδης]], Έλληνας στιχουργός\n*[[1973]] - [[Ζακ Λιπσίτζ]], Λιθουανός γλύπτης\n*[[1974]] - [[Κλέων Κοσμίδης]], Έλληνας έμπορος\n*[[1984]] - [[Άντι Κάουφμαν]], Αμερικανός κωμικός\n*[[1988]] - [[Χαρίλαος Μητρέλιας]], Έλληνας νομικός\n*[[1988]] - [[Γεώργιος Πυρουνάκης]], Έλληνας ιερέας\n*[[2010]] - [[Ρόνι Τζέιμς Ντίο]], Αμερικανός τραγουδιστής και μουσικός ([[Rainbow]], [[Black Sabbath]], [[Dio (συγκρότημα)|Dio]])\n*[[2015]] - [[Ντην Πότερ]], Αμερικανός αναρριχητής\n*[[2022]] -  [[Ιλαρίων Καπράλ]]\n\n== Αργίες και εορτές ==\n\n=== [[Ορθόδοξη Εκκλησία]] ===\n{{Πύλη:Ορθοδοξία/Εορτολόγιο/16 Μαΐου}}\n\n{{Μήνες}}\n\n[[Κατηγορία:Ημέρες του έτους]]"}}}]}]}}