{"batchcomplete":true,"query":{"normalized":[{"fromencoded":false,"from":"17_Οκτωβρίου","to":"17 Οκτωβρίου"}],"pages":[{"pageid":3363,"ns":0,"title":"17 Οκτωβρίου","revisions":[{"slots":{"main":{"contentmodel":"wikitext","contentformat":"text/x-wiki","content":"{{Μήνες Οκτωβρίου}}\n\n<center>[[16 Οκτωβρίου]] | '''17 Οκτωβρίου''' | [[18 Οκτωβρίου]]</center>\n\n----\n\nΗ '''17η Οκτωβρίου''' είναι η 290η ημέρα του έτους κατά το [[Γρηγοριανό ημερολόγιο]] (291η σε δίσεκτα έτη). Υπολείπονται 75 ημέρες.\n\n{|width=100%\n| __TOC__\n|{{ΗμερολόγιοΣεΠίνακα|10}}\n|}\n\n== Γεγονότα ==\n*[[1091]] – [[Σίφωνας]] ισχύος T8/F4 χτυπά το κέντρο του [[Λονδίνο]]υ.\n*[[1346]] – [[Μάχη του Νέβιλ]]: Ο βασιλιάς [[Δαυίδ Β΄ της Σκωτίας]] αιχμαλωτίζεται από τους [[Αγγλία|Άγγλους]] κοντά στο Ντέραμ και φυλακίζεται στον [[Πύργος του Λονδίνου|Πύργο του Λονδίνου]] για 11 χρόνια. \n*[[1448]] - Δεύτερη Μάχη του Κοσόβου: ο [[Οθωμανική Αυτοκρατορία|οθωμανικός]] στρατός με επικεφαλής τον σουλτάνο [[Μουράτ Β΄]] νικά τον κυρίως [[Ουγγαρία|ουγγρικό]] στρατό του [[Ιωάννης Ουνιάδης|Ιωάννη Ουνιάδη]].\n*[[1456]] - Ιδρύεται το πανεπιστήμιο του Γκράιφσβαλντ, το δεύτερο αρχαιότερο πανεπιστήμιο της βόρειας [[Ευρώπη]]ς.\n*[[1604]] – Ο [[Γερμανοί|Γερμανός]] αστρονόμος [[Γιοχάνες Κέπλερ]] παρατηρεί τον [[Υπερκαινοφανής αστέρας 1604|υπερκαινοφανή αστέρα 1604]] στον [[Αστερισμός|αστερισμό]] του [[Οφιούχος (αστερισμός)|Οφιούχου]].\n*[[1610]] - Ο [[Λουδοβίκος ΙΓ΄ της Γαλλίας|Λουδοβίκος ΙΓ΄]] στέφεται βασιλιάς της [[Γαλλία]]ς στη [[Ρενς]].\n*[[1771]] - Πρεμιέρα στο [[Μιλάνο]] της όπερας ''«Ο Ασκάνιος στην Άλμπα»'' του 15χρονου συνθέτη [[Βόλφγκανγκ Αμαντέους Μότσαρτ]]. \n*[[1806]] - Δολοφονείται ο αυταρχικός αυτοκράτορας της [[Αϊτή]]ς, Ιάκωβος Α΄.  \n*[[1860]] – Διεξάγεται το πρώτο [[Πρωτάθλημα Όπεν γκολφ|πρωτάθλημα Όπεν του γκολφ]] (στη Βόρεια Αμερική αναφέρεται ως Βρετανικό Όπεν).\n*[[1888]] – Ο [[Τόμας Έντισον]] καταθέτει αίτηση για δίπλωμα ευρεσιτεχνίας για τον οπτικό φωνόγραφο (την πρώτη κινηματογραφική ταινία).\n*[[1907]] - Η εταιρεία του [[Γουλιέλμο Μαρκόνι]] αρχίζει την πρώτη εμπορική υπερατλαντική ασύρματη υπηρεσία μεταξύ του Γκλέις Μπέι, στη [[Νέα Σκωτία]] του [[Καναδάς|Καναδά]], και του Κλίφντεν στην [[Ιρλανδία]]. \n* [[1909]] – Καταστέλλεται κίνημα των κατώτερων αξιωματικών του ελληνικού Πολεμικού Ναυτικού, με αποτέλεσμα να υπάρξουν νεκροί και τραυματίες και από τις δυο μεριές.\n* [[1912]] – Ο Ελληνικός Στρατός (IV Μεραρχία) απελευθερώνει τη [[Νάουσα Ημαθίας|Νάουσα]]. Ελληνικές δυνάμεις εισέρχονται στα [[Γρεβενά]].\n* [[1913]] – Περίπου 100 νεκροί από βύθιση του πλοίου «Βολτούρνο» στη Βρετανία.\n*[[1914]] – Ισχυρός [[Σεισμός στη Θήβα (1914)|σεισμός]] 6,3 Ρίχτερ καταστρέφει κτίρια στην περιοχή της [[Θήβα|Θήβας]] ενώ ρωγμές παρατηρήθηκαν σε κτίρια της [[Αθήνα|Αθήνας]] και του [[Πειραιάς|Πειραιά]], ο απολογισμός είναι 800 άστεγοι και πόλοι τραυματίες.\n*\n* [[1918]] – Ανακωχή του Μούδρου, με την οποία τερματίζεται ο πόλεμος μεταξύ Τουρκίας και των Δυνάμεων της Αντάντ (μεταξύ των οποίων και η Ελλάδα). \n* [[1931]] – Ο Μητροπολίτης Κιτίου Νικόδημος κηρύσσει την ένωση της Κύπρου με την Ελλάδα.\n* [[1937]] – Την πρώτη τους εμφάνιση σε κόμικς εφημερίδας των ΗΠΑ κάνουν τα 3 σχεδόν ίδια ανίψια του [[Ντόναλντ Ντακ]], ο Χιούι, ο Λιούι και ο Ντιούι.\n* [[1941]] – Δύο Λόχοι Γερμανικού Στρατού εκτελούν 250 κατοίκους των χωριών Ανω και Κάτω Κερδύλια της Ανατολικής Μακεδονίας σε αντίποινα για το φόνο ενός Γερμανού στρατιώτη. Το γεγονός είναι γνωστό ως η [[Σφαγή των Κερδυλίων]].\n* [[1945]] – Πλήθη συρρέουν στην Πλατεία Πλάσα ντε Μάγιο της Αργεντινής, απαιτώντας την απελευθέρωση του Χουάν Περόν. Η ημερομηνία αυτή θεωρείται ως η γένεση του περονισμού.\n* [[1956]] – Η Βρετανία ανοίγει το μεγαλύτερο πυρηνικό εργοστάσιο στον κόσμο, στο Κάλντερ Χολ.\n* [[1959]] – Η νοτιοαφρικανική εταιρεία «Ντε Μπέερς» ανακοινώνει την κατασκευή του τεχνητού [[διαμάντι|διαμαντιού]].\n* [[1961]] – Σφαγή 200 Αλγερινών διαδηλωτών από τη γαλλική αστυνομία.\n* [[1968]] - Ο Έλληνας πρωταθλητής στίβου [[Χρήστος Παπανικολάου]] κατακτά την 4η θέση στο [[Άλμα επί κοντώ]] των [[Θερινοί Ολυμπιακοί Αγώνες 1968|Ολυμπιακών Αγώνων του Μέξικο]].\n* [[1973]] – Ο [[ΟΠΕΚ]] αρχίζει το «εμπάργκο» πετρελαίου κατά των χωρών της Δύσης, που θεωρεί ότι βοήθησαν το Ισραήλ στον πόλεμο με τη Συρία.\n* 1973 – Κάνει πρεμιέρα η ταινία  «[[Τα Καλύτερα μας Χρόνια]]», με την [[Μπάρμπαρα Στρέιζαντ]] και τον [[Ρόμπερτ Ρέντφορντ]].\n* [[1977]] – Έπειτα από αγωνία 5 ημερών, Δυτικογερμανοί κομάντος κάνουν έφοδο σε αεροσκάφος της «Λουφτχάνσα» στο οποίο είχε γίνει αεροπειρατεία στο [[Μογκαντίσου]] της Σομαλίας, απελευθερώνοντας και τους 86 ομήρους και σκοτώνοντας 3 από τους 4 Παλαιστίνιους αεροπειρατές (προηγουμένως είχαν σκοτώσει τον πιλότο).\n* [[1979]] – Το [[Νόμπελ Ειρήνης]] απονέμεται στη [[Μητέρα Τερέζα]].\n* [[1981]] – Διεξάγονται [[Ευρωεκλογές]] για πρώτη φορά και με συμμετοχή της Ελλάδας (στην Ελλάδα διεξάγονται μία ημέρα μετά, συμπίπτοντας με τις βουλευτικές).\n* [[1988]] – Από συντριβή αεροσκάφους τζετ της Ουγκάντας στη Ρώμη χάνουν τη ζωή τους 31 άτομα.\n* [[1989]] – Ισχυρότατος [[σεισμός]] 7,1 Ρίχτερ πλήττει το [[Σαν Φρανσίσκο]] των ΗΠΑ με 67 νεκρούς , 2.500 τραυματίες και τεράστιες καταστροφές (ήταν ο ισχυρότερος σεισμός που έπληξε την Καλιφόρνια από το 1906).\n* [[1994]] – Η [[Αγκόλα]] και οι αντάρτες της UNITA καταλήγουν σε ειρηνευτική συμφωνία για τον τερματισμό του εμφυλίου πολέμου, που είχε διάρκεια 20 χρόνια.\n* 1994 – Ιορδανία και Ισραήλ αποφασίζουν να υπογράψουν μια ιστορική συνθήκη ειρήνης, δίνοντας τέλος στη μεταξύ τους 46χρονη εμπόλεμη κατάσταση.\n* [[1997]] – Στην [[Κούβα]], στη Σάντα Κλάρα, μεταφέρονται και ενταφιάζονται τα οστά του θρυλικού επαναστάτη [[Τσε Γκεβάρα]], τριάντα χρόνια μετά την εκτέλεση του στη [[Βολιβία]].\n* [[1998]] – Πάνω από 800 νεκροί στην πόλη Γουόρι της Νιγηρίας, όταν προκαλείται ανάφλεξη σε πετρέλαιο, το οποίο επιχειρούν να μαζέψουν σε αγωγό.\n* [[2003]] – Έπειτα από την κινητοποίηση του λαού,  παραιτείται ο Πρόεδρος της Βολιβίας, [[Γκονσάλο Σάντσες ντε Λοσάδα]] (πάνω από 65 άνθρωποι έχασαν τη ζωή τους στις ταραχές). Νέος Πρόεδρος γίνεται ο [[Κάρλος Μέσα]].\n* 2003 – Με 90,3% που κερδίζει σε δημοψήφισμα, παραμένει Πρόεδρος στις [[Μαλδίβες]] ο [[Μαουμούν Αμπντούλ Γκαγιούμ]].\n* [[2006]] – Η Λατίφα αλ Γκαούντ εκλέγεται η πρώτη γυναίκα βουλευτής στο [[Μπαχρέιν]], χρησιμοποιώντας τη νομοθεσία βάσει της οποίας ένας υποψήφιος βουλευτής κερδίζει αυτομάτως την έδρα της περιφέρειας στην οποία έχει υποβάλει υποψηφιότητα όταν δεν υπάρχει άλλος υποψήφιος.\n* 2006 – Αμερικανοί και Ρώσοι φυσικοί ανακοίνωσαν ότι παρήγαγαν το βαρύτερο γνωστό στοιχείο, το [[ουνουνόκτιο]], με ατομικό αριθμό 118.\n\n== Γεννήσεις ==\n*[[1697]] - [[Καναλέττο]], Ιταλός καλλιτέχνης\n*[[1760]] – [[Ανρί ντε Σαιν-Σιμόν]], Γάλλος οικονομολόγος και φιλόσοφος\n*[[1813]] – [[Γκέοργκ Μπύχνερ]], Γερμανός θεατρικός συγγραφέας\n*[[1835]] - [[Πάουλ Χένλαϊν]], Γερμανός μηχανικός\n*[[1844]] - [[Γκυστάβ-Λεόν Σλυμπερζέ]], Γάλλος ιστορικός\n*[[1860]] – [[Διονύσιος Λαυράγκας]], Έλληνας συνθέτης\n*[[1912]] – [[Πάπας Ιωάννης Παύλος Α΄]]\n*[[1915]] – [[Άρθουρ Μίλερ]], Αμερικανός θεατρικός συγγραφέας\n*[[1918]] – [[Ρίτα Χέιγουορθ]], Αμερικανίδα ηθοποιός και χορεύτρια\n*[[1920]] – [[Μοντγκόμερι Κλιφτ]], Αμερικανός ηθοποιός\n*[[1933]] - [[Γουίλιαμ Άντερς]], Αμερικανός αστροναύτης\n*[[1934]] - [[Ρίκο Ροντρίγκεζ]], Τζαμαϊκανός τρομπονίστας\n*[[1949]] – [[Όουεν Άρθουρ]], πρωθυπουργός των Μπαρμπάντος\n*[[1955]] – [[Γεώργιος Αλογοσκούφης]], Έλληνας οικονομολόγος και πολιτικός\n*[[1957]] - [[Ελευθερία Αρβανιτάκη]], Ελληνίδα τραγουδίστρια\n*[[1972]] – [[Eminem]], Αμερικανός ράπερ, παραγωγός και ηθοποιός\n*[[1972]] – [[Ταρκάν]], Τούρκος τραγουδιστής\n*[[1975]] – [[Δέσποινα Ολυμπίου]], Κύπρια τραγουδίστρια\n*[[1976]] – [[Γιώργος Αφρουδάκης]], Έλληνας υδατοσφαιριστής\n*[[1977]] – [[Αντρέ Βίλας Μπόας]], Πορτογάλος προπονητής ποδοσφαίρου\n*[[1979]] – [[Αλέξανδρος Νικολαΐδης]], Έλληνας αθλητής του τάε κβον ντο\n*[[1979]] – [[Κίμι Ράικονεν]], Φινλανδός οδηγός αγώνων\n*[[1979]] – [[Κώστας Τσαρτσαρής]], Έλληνας καλαθοσφαιριστής\n*[[1983]] - [[Φελίσιτι Τζόουνς]], Αγγλίδα ηθοποιός\n*[[1984]] - [[Κρις Λόουελ]], Αμερικανός ηθοποιός\n*[[1995]] - [[Δημήτρης Γιαννούλης]], Έλληνας ποδοσφαιριστής\n\n== Θάνατοι ==\n*[[532]] – [[Πάπας Βονιφάτιος Β΄]]\n*[[1428]] - [[Αντρέι Ρουμπλιόφ]], Ρώσος ζωγράφος\n*[[1552]] - [[Ανδρέας Οσίανδρος]], Γερμανός θεολόγος\n*[[1553]] - [[Γεώργιος Γ΄ του Άνχαλτ-Ντεσάου]], Γερμανός πρίγκιπας\n*[[1707]] – [[Γαβριήλ Γ΄]], Πατριάρχης Κωνσταντινουπόλεως\n*[[1757]] - [[Ρενέ Αντουάν Φερσώ ντε Ρεωμύρ]], Γάλλος επιστήμονας\n*[[1849]] – [[Φρεντερίκ Σοπέν]], Πολωνός πιανίστας και συνθέτης\n*[[1850]] - [[Λογγίνος Χέυδεν]], Ρώσος ναύαρχος\n*[[1872]] - [[Σόλομον Άντριους]], Αμερικανός εφευρέτης\n*[[1887]] – [[Γκούσταβ Κίρχοφ]], Γερμανός φυσικός\n*[[1920]] - [[Τζον Ριντ]], Αμερικανός δημοσιογράφος\n*[[1934]] - [[Σαντιάγο Ραμόν ι Καχάλ]], Ισπανός ιστολόγος και νευροεπιστήμονας\n*[[1938]] – [[Καρλ Κάουτσκι]], Γερμανός πολιτικός\n*[[1952]] - [[Φίλιππος Κουράντης]], Έλληνας ποδοσφαιριστής\n*[[1953]] - [[Νικόλαος Καμπάνης]], Έλληνας πολιτικός\n*[[1960]] - [[Ανδρέας Μπιράκης]], Έλληνας πολιτικός\n*[[1973]] - [[Ίνγκεμποργκ Μπάχμαν]], Αυστριακή συγγραφέας\n*[[1981]] – [[Λίνα Τσαλδάρη]], Ελληνίδα πολιτικός\n*[[1983]] - [[Ραϋμόν Αρόν]], Γάλλος φιλόσοφος\n*[[1989]] - [[Διονύσιος Καρρέρ]], Έλληνας πολιτικός\n*[[1992]] – [[Ορέστης Λάσκος]], Έλληνας σκηνοθέτης και σεναριογράφος\n*[[1993]] - [[Κρις Όλιβα]], Αμερικανός κιθαρίστας ([[Savatage]])\n*[[1994]] - [[Κάκια Μένδρη]], Ελληνίδα τραγουδίστρια\n*[[1999]] – [[Μέμα Σταθοπούλου]], Ελληνίδα ηθοποιός\n*[[2001]] - [[Αρακέν Ντεμέλο]], Βραζιλιάνος ποδοσφαιριστής\n*[[2015]] - [[Χάουαρντ Κένταλ]], Άγγλος ποδοσφαιριστής\n*2021-[[wikidata:Q4960953|Μπρένταν Κένελι]] Ιρλανδός ποιητής\n*2021- [[wikidata:Q108915637|Γιώργος Κακουλίδης]] Έλληνας ποιητής\n*2021[[wikidata:Q108915571|-Ελένη Αποστολοπούλου]] Ελληνίδα δημοσιογράφος\n\n== Αργίες και εορτές ==\n\n*Παγκόσμια Ημέρα για την Εξάλειψη της Φτώχειας\n*Παγκόσμια Ημέρα Μυοσκελετικού Τραύματος\n*Παγκόσμια Ημέρα υπέρ των κακοποιημένων παιδιών\n\n=== [[Ορθόδοξη Εκκλησία]] ===\n{{Πύλη:Ορθοδοξία/Εορτολόγιο/17 Οκτωβρίου}}\n\n{{Μήνες}}\n\n[[Κατηγορία:Ημέρες του έτους]]"}}}]}]}}