{"batchcomplete":true,"query":{"normalized":[{"fromencoded":false,"from":"17_Δεκεμβρίου","to":"17 Δεκεμβρίου"}],"pages":[{"pageid":3746,"ns":0,"title":"17 Δεκεμβρίου","revisions":[{"slots":{"main":{"contentmodel":"wikitext","contentformat":"text/x-wiki","content":"{{Μήνες Δεκεμβρίου}}\n\n<center>[[16 Δεκεμβρίου]] | '''17 Δεκεμβρίου''' | [[18 Δεκεμβρίου]]</center>\n\n----\nΗ '''17η Δεκεμβρίου''' είναι η 351η ημέρα του έτους κατά το [[Γρηγοριανό ημερολόγιο]] (352η σε δίσεκτα έτη). Υπολείπονται 14 ημέρες.\n\n{{ΗμερολόγιοΣεΠίνακα|12}}\n\n== Γεγονότα ==\n*[[497 π.Χ.]] - Εορτάζονται στην [[αρχαία Ρώμη]] τα πρώτα [[Σατουρνάλια]].\n*[[546]] - Πολιορκία της [[Ρώμη]]ς: Οι [[Οστρογότθοι]] με επικεφαλής τον [[Τωτίλας|Τωτίλα]] λεηλατούν τη Ρώμη, δωροδοκώντας τη [[Βυζαντινή Αυτοκρατορία|βυζαντινή]] φρουρά.\n*[[920]] -  Ο [[Ρωμανός Α´]] γίνεται συναυτοκράτορας του ανήλικου [[Κωνσταντίνος Ζ΄|Κωνσταντίνου Ζ΄]]\n*[[942]] - Δολοφονείται ο [[Γουλιέλμος Α΄ της Νορμανδίας]].\n*[[1538]] - Ο [[Πάπας Παύλος Γ΄]] αφορίζει τον [[Ερρίκος Η΄ της Αγγλίας|Ερρίκο Η΄ της Αγγλίας]].\n*[[1718]] - Η [[Μεγάλη Βρετανία]] κηρύσσει πόλεμο στην [[Ισπανία]].\n*[[1777]] - Αμερικανική Επανάσταση: Η [[Γαλλία]] αναγνωρίζει επίσημα τις [[Ηνωμένες Πολιτείες Αμερικής]].\n*[[1819]] - Ο [[Σιμόν Μπολίβαρ]] ανακηρύσσει την ανεξαρτησία της Μεγάλης Κολομβίας στην Ανγκοστούρα (σημερινή [[Σιουδάδ Μπολίβαρ]] στη [[Βενεζουέλα]]).\n*[[1837]] - Πυρκαγιά στα [[Χειμερινά Ανάκτορα]] της [[Αγία Πετρούπολη|Αγίας Πετρούπολης]] σκοτώνει 30 φρουρούς.\n*[[1862]] - [[Αμερικανικός Εμφύλιος Πόλεμος]]: Ο στρατηγός [[Οδυσσεύς Γκραντ]] εκδίδει διαταγή, σύμφωνα με την οποία εκδιώχνονται οι [[Εβραίοι]] από μέρη του [[Τενεσί]], του [[Μισισίπι]] και του [[Κεντάκι]].\n*[[1865]] - Πρεμιέρα της Ημιτελούς Συμφωνίας του [[Φραντς Σούμπερτ]] στη [[Βιέννη]]. \n*[[1892]] - Εκδίδεται το πρώτο τεύχος του περιοδικού ''[[Vogue]]''.\n*[[1903]] - Οι [[αδελφοί Ράιτ]] πραγματοποιούν με το ''Φλάιερ'' την πρώτη ελεγχόμενη, μηχανοκίνητη και βαρύτερη από τον αέρα πτήση, στο [[Κίτι Χόουκ (Βόρεια Καρολίνα)]]. \n*[[1919]] - Η [[Ουρουγουάη]] γίνεται συμβαλλόμενο μέρος της [[Διεθνής Συνθήκη|συνθήκης]] περί [[Πνευματική ιδιοκτησία|πνευματικής ιδιοκτησίας]] του [[Μπουένος Άιρες]].\n*[[1935]] - Πρώτη πτήση του [[Douglas DC-3]].\n*[[1938]] - Ο [[Ότο Χαν]] ανακαλύπτει την [[πυρηνική σχάση]] των βαρέων στοιχείων του ουρανίου, που είναι η επιστημονική και τεχνολογική βάση της [[Πυρηνική ενέργεια|πυρηνικής ενέργειας]]. \n*[[1939]] - [[Β΄ Παγκόσμιος Πόλεμος]]: [[Ναυμαχία του Ρίβερ Πλέιτ]]. Το [[Ναζιστική Γερμανία|γερμανικό]] θωρηκτό ''Άντμιραλ Γκραφ Σπέε'' αυτοβυθίζεται από τον πλοίαρχο Χανς Λάνγκσντορφ έξω από το [[Μοντεβιδέο]].\n*[[1943]] - Με την κατάργηση του νόμου του 1882 και τη θέσπιση νέου νόμου, όλοι οι [[Κίνα|Κινέζοι]] επιτρέπεται και πάλι να γίνουν πολίτες των [[Ηνωμένες Πολιτείες Αμερικής|Ηνωμένων Πολιτειών]].\n*[[1944]] - [[Β΄ Παγκόσμιος Πόλεμος]]: [[Μάχη των Αρδεννών]]. Σφαγή στο Μαλμεντύ. [[Ηνωμένες Πολιτείες Αμερικής|Αμερικανοί]] [[Αιχμάλωτος πολέμου|αιχμάλωτοι πολέμου]] εκτελούνται από τα [[Waffen-SS]] του Γιόαχιμ Πάιπερ.\n*[[1960]] - Στρατεύματα πιστά στον αυτοκράτορα [[Χαϊλέ Σελασιέ Α΄]] στην [[Αιθιοπία]] συντρίβουν το πραξικόπημα που ξεκίνησε στις [[13 Δεκεμβρίου]], επιστρέφοντας την εξουσία στον ηγέτη τους μετά την επιστροφή του από τη [[Βραζιλία]]. Ο Χαϊλέ Σελασιέ απαλλάσσει τον γιο του από οποιαδήποτε κατηγορία. \n*[[1960]] - Συντριβή C-131 στο [[Μόναχο]]: Σκοτώνονται 20 επιβάτες και πλήρωμα του αεροπλάνου καθώς και 32 άτομα στο έδαφος. \n*[[1960]] - Έναρξη των εργασιών για την κατασκευή του [[Υδροηλεκτρικό φράγμα Κρεμαστών|φράγματος και του υδροηλεκτρικού εργοστασίου]] στα [[Λίμνη Κρεμαστών|Κρεμαστά]] του [[Αχελώος|Αχελώου]].  \n*[[1961]] - Πυρκαγιά ξεσπά κατά τη διάρκεια παράστασης τσίρκου στο Νιτερόι της [[Βραζιλία|Βραζιλίας]], σκοτώνοντας περισσότερα από 500 άτομα.\n*[[1967]] - Ο [[πρωθυπουργός της Αυστραλίας]] Χάρολντ Χολτ εξαφανίζεται κολυμπώντας κοντά στο Πορτ Σι στη [[Βικτώρια (Αυστραλία)]] και θεωρείται ότι πνίγηκε.\n*[[1970]] - Διαδηλώσεις στην [[Πολωνία]]: Στην [[Γκντίνια]], στρατιώτες ανοίγουν πυρ εναντίον εργαζομένων που εξέρχονταν από τα τρένα, σκοτώνοντας δεκάδες άτομα.\n*[[1973]] - Τριάντα επιβάτες σκοτώνονται σε επίθεση Παλαιστίνιων τρομοκρατών στο [[αεροδρόμιο της Ρώμης-Φιουμιτσίνο]].\n*[[1981]] - Ο [[Ηνωμένες Πολιτείες Αμερικής|Αμερικανός]] ταξίαρχος Τζέιμς Λι Ντόζιερ απάγεται στη [[Βερόνα]] από τις [[Ερυθρές Ταξιαρχίες]]. \n*[[1989]] - [[Ρουμανική Επανάσταση]]: Οι διαδηλώσεις συνεχίζονται στην [[Τιμισοάρα]] της [[Ρουμανία|Ρουμανίας]], με τους εξεγερμένους να εισέρχονται στο κτίριο της περιφερειακής επιτροπής του [[Κομμουνιστικό Κόμμα Ρουμανίας|Κομμουνιστικού Κόμματος της Ρουμανίας]] και να προσπαθούν να του βάλουν φωτιά.\n*[[1989]] - Προβάλλεται το πρώτο επεισόδιο της τηλεοπτικής σειράς ''[[The Simpsons]]''.\n*[[1997]] - Αεροσκάφος τύπου Γιάκοβλεφ της Aerosvit Airlines, με προορισμό τη [[Θεσσαλονίκη]], συντρίβεται στα [[Πιέρια Όρη]].\n*[[2002]] - [[Β΄ Πόλεμος του Κονγκό]]: Τα [[Λαϊκή Δημοκρατία του Κονγκό|κονγκολέζικα]] κόμματα υπογράφουν ειρηνευτική συμφωνία που προβλέπει μεταβατική κυβέρνηση και εκλογές εντός δύο ετών.\n\n== Γεννήσεις ==\n*[[1554]] - [[Ερνέστος της Βαυαρίας, αρχιεπίσκοπος|Ερνέστος της Βαυαρίας]], αρχιεπίσκοπος της Κολωνίας\n*[[1706]] - [[Εμιλί ντυ Σατλέ]], Γαλλίδα μαθηματικός και φυσικός\n*[[1745]] - [[Τζέιμς Τίτλερ]], Σκωτσέζος εγκυκλοπαιδιστής και αεροπόρος\n*[[1734]] - [[Μαρία Α΄ της Πορτογαλίας|Μαρία Α΄]], βασίλισσα της Πορτογαλίας\n*[[1749]] - [[Ντομένικο Τσιμαρόζα]], Ιταλός συνθέτης\n*[[1770]] - [[Λούντβιχ βαν Μπετόβεν]], Γερμανός συνθέτης\n*[[1797]] - [[Τζόζεφ Χένρι]], Αμερικανός φυσικός\n*[[1900]] - [[Κατίνα Παξινού]], Ελληνίδα ηθοποιός\n*[[1903]] - [[Έρσκιν Κάλντγουελ]], Αμερικανός συγγραφέας\n*[[1905]] - [[Σίμο Χέιχε]], Φινλανδός σκοπευτής\n*[[1911]] - [[Αντρέ Κλαβό]], Γάλλος τραγουδιστής\n*[[1923]] - [[Γιάροσλαβ Πέλικαν]], Αμερικανός ιστορικός και λόγιος\n*[[1925]] - [[Ζακ Μπορέλ]], Γάλλος συγγραφέας\n*[[1936]] - [[Πάπας Φραγκίσκος]]\n*[[1947]] - [[Τριαντάφυλλος Μηταφίδης]], Έλληνας πολιτικός\n*[[1949]] - [[Ντούσαν Μιτόσεβιτς]], Σέρβος ποδοσφαιριστής\n*[[1949]] - [[Πωλ Ρότζερς]], Άγγλος τραγουδιστής\n*[[1971]] - [[Λάντο Γκουργκενίτζε]], Γεωργιανός πολιτικός\n*[[1973]] - [[Κώστας Γκατσιούδης]], Έλληνας ακοντιστής\n*[[1973]] - [[Γρηγόρης Αρναούτογλου]], Έλληνας παρουσιαστής\n*[[1974]] - [[Τζιοβάνι Ριμπίζι]], Αμερικανός ηθοποιός\n*[[1975]] - [[Μίλα Γιόβοβιτς]], Ουκρανή ηθοποιός και μοντέλο\n*[[1976]] - [[Πατρίκ Μιλέρ]], Ελβετός ποδοσφαιριστής\n*[[1977]] - [[Οξάνα Φιόντοροβα]], Ρωσίδα μοντέλο\n*[[1978]] - [[Μάνι Πακιάο]], Φιλιπινέζος πυγμάχος και πολιτικός\n*[[1980]] - [[Ρόναλντ Γκαρσία]], Βολιβιανός ποδοσφαιριστής\n*[[1980]] - [[Αλεξάνδρα Παπαγεωργίου]], Ελληνίδα σφυροβόλος\n*[[1982]] - [[Στεφάν Λάσμε]], Γκαμπονέζος καλαθοσφαιριστής\n*[[1983]] - [[Κωστής Τζωρτζακάκης]], Έλληνας δημιουργός κόμικς\n*[[2002]] - [[Στεφανία Λυμπερακάκη]], Ελληνίδα τραγουδίστρια\n*[[2007]] - [[Ιάκωβος, Υποκόμης του Σέβερν]]\n\n== Θάνατοι ==\n*[[942]] - [[Γουλιέλμος Α΄ της Νορμανδίας|Γουλιέλμος Α΄]], δούκας της Νορμανδίας\n*[[1187]] - [[Πάπας Γρηγόριος Η΄]]\n*[[1195]] - [[Βαλδουίνος Ε΄ του Αινώ|Βαλδουίνος Ε΄]], κόμης του Αινώ\n*[[1273]] - [[Τζελαλεντίν Ρουμί]], Πέρσης θεολόγος και ποιητής\n*[[1622]] - [[Άγιος Διονύσιος Ζακύνθου]]\n*[[1830]] - [[Σιμόν Μπολίβαρ]], Βενεζουελανός στρατιωτικός και πολιτικός\n*[[1847]] - [[Μαρία Λουίζα, δούκισσα της Πάρμας]]\n*[[1857]] - [[Φράνσις Μποφόρ]], Ιρλανδός υδρογράφος\n*[[1907]] - [[Ουίλιαμ Τόμσον]], Ιρλανδός φυσικός\n*[[1909]] - [[Ετέμ Πασάς]], Οθωμανός στρατιωτικός\n*[[1909]] - [[Λεοπόλδος Β΄ του Βελγίου|Λεοπόλδος Β΄]], βασιλιάς του Βελγίου\n*[[1932]] - [[Μίνως Ζώτος]], Έλληνας ποιητής\n*[[1947]] - [[Γιοχάνες Νίκολαους Μπρόνστεντ]], Δανός χημικός\n*[[1947]] - [[Χρίστος Τσιγγιρίδης]], Έλληνας μηχανικός\n*[[1956]] - [[Ευθύμιος Καούδης]], Έλληνας οπλαρχηγός\n*[[1964]] - [[Βίκτορ Φραντς Ες]], Αυστριακός φυσικός\n*[[1977]] - [[Αγήνωρ Αστεριάδης]], Έλληνας ζωγράφος\n*[[1981]] - [[Αντίοχος Ευαγγελάτος]], Έλληνας συνθέτης\n*[[1981]] - [[Μεχμέτ Σέχου]], Πρωθυπουργός της Αλβανίας\n*[[1987]] - [[Μαργκερίτ Γιουρσενάρ]], Γαλλίδα συγγραφέας\n*[[2005]] - [[Σβέρε Στένερσεν]], Νορβηγός σκιέρ\n*[[2009]] - [[Τζένιφερ Τζόουνς]], Αμερικανίδα ηθοποιός\n*[[2010]] - [[Ντον Βαν Βλιτ]], Αμερικανός τραγουδιστής\n*[[2011]] - [[Σεζάρια Έβορα]], τραγουδίστρια από το Πράσινο Ακρωτήριο\n*[[2011]] - [[Κιμ Γιονγκ Ιλ]], Βορειοκορεάτης πολιτικός\n*[[2011]] - [[Δημήτρης Σαραντάκος]], Έλληνας συγγραφέας\n*[[2021]] - [[Μίμης Στεφανάκος]], Έλληνας ηθοποιός και ποδοσφαιριστής\n\n== Αργίες και εορτές ==\n\n=== [[Ορθόδοξη Εκκλησία]] ===\n{{Πύλη:Ορθοδοξία/Εορτολόγιο/17 Δεκεμβρίου}}\n{{commonscat|17 December}}\n\n== Βλέπε επίσης ==\n\n[[17 Νοεμβρίου]] - [[17 Ιανουαρίου]]\n\n{{Μήνες}}\n\n[[Κατηγορία:Ημέρες του έτους]]"}}}]}]}}