{"batchcomplete":true,"query":{"normalized":[{"fromencoded":false,"from":"17_Σεπτεμβρίου","to":"17 Σεπτεμβρίου"}],"pages":[{"pageid":8044,"ns":0,"title":"17 Σεπτεμβρίου","revisions":[{"slots":{"main":{"contentmodel":"wikitext","contentformat":"text/x-wiki","content":"{{χωρίς παραπομπές|06|02|2023}}\n{{Μήνες Σεπτεμβρίου}}\n\n<center>[[16 Σεπτεμβρίου]] | '''17 Σεπτεμβρίου''' | [[18 Σεπτεμβρίου]]</center>\n\n----\nΗ '''17η Σεπτεμβρίου''' είναι η 260η ημέρα του έτους κατά το [[Γρηγοριανό ημερολόγιο]] (261η σε δίσεκτα έτη). Υπολείπονται 105 ημέρες.\n\n{|width=100%\n| __TOC__\n|{{ΗμερολόγιοΣεΠίνακα|9}}\n|}\n\n== Γεγονότα ==\n*[[1111]] – Ο [[Αλφόνσος Ζ΄ του Λεόν και της Καστίλης|Αλφόνσος Ζ΄]] στέφεται βασιλιάς της [[Γαλικία (Ισπανία)|Γαλικίας]].\n*[[1176]] – Ο [[βυζαντινός στρατός]] ηττάται από τους [[Σελτζούκοι|Σελτζούκους Τούρκους]] στη [[μάχη του Μυριοκέφαλου]].\n*[[1382]] - Η κόρη του [[Λουδοβίκος Α΄ της Ουγγαρίας|Λουδοβίκου Α΄ της Ουγγαρίας]], Μαρία, στέφεται «βασιλιάς» της [[Ουγγαρία]]ς.\n*[[1462]] – Ο [[Πολωνία|πολωνικός]] στρατός νικά το [[Τευτονικό Τάγμα]] στη μάχη του Σβιτσίνο.\n*[[1577]] – Επικυρώνεται η συνθήκη του Μπερζεράκ ανάμεσα στον [[Ερρίκος Γ΄ της Γαλλίας|Ερρίκο Γ΄ της Γαλλίας]] και τους [[Ουγενότοι|Ουγενότους]].\n*[[1630]] – Ιδρύεται η πόλη της [[Βοστώνη]]ς στη [[Μασαχουσέτη]].\n*[[1631]] - Κατά τη διάρκεια του [[Τριακονταετής Πόλεμος|Τριακονταετούς Πολέμου]], η [[Σουηδία]] επιτυγχάνει σημαντική νίκη εναντίον της [[Αγία Ρωμαϊκή Αυτοκρατορία|Αγίας Ρωμαϊκής Αυτοκρατορίας]] στη [[Μάχη του Μπράιτενφελντ (1631)|μάχη του Μπράιτενφελντ]]. \n*[[1787]] - Υπογράφεται στη [[Φιλαδέλφεια (Πενσυλβάνια)]] το Σύνταγμα των [[Ηνωμένες Πολιτείες Αμερικής|Ηνωμένων Πολιτειών]].\n*[[1809]] - Υπογράφεται συνθήκη μεταξύ της [[Σουηδία]]ς και της [[Ρωσία]]ς, σύμφωνα με την οποία το έδαφος της σημερινής [[Φινλανδία]]ς παραχωρείται στη Ρωσία.\n*[[1859]] – Ο [[Τζόσουα Νόρτον]] αυτοανακηρύσσεται ως «Νόρτον Α΄, αυτοκράτορας των Ηνωμένων Πολιτειών».\n*[[1862]] - [[Αμερικανικός Εμφύλιος Πόλεμος]]: Κατά τη μάχη του Αντίταμ, ο Τζορτζ ΜακΚλέλαν σταματά την πορεία του Συνομόσπονδου στρατού του [[Ρόμπερτ Λη]] προς το βορρά, στην πιο αιματηρή ημέρα στην αμερικανική στρατιωτική ιστορία.\n*[[1894]] – Λαμβάνει χώρα η ναυμαχία του ποταμού Γιαλού, η μεγαλύτερη ναυτική συμπλοκή του [[Α΄ Σινοϊαπωνικός Πόλεμος|Α΄ Σινοϊαπωνικού Πολέμου]].\n*[[1916]] - [[Α΄ Παγκόσμιος Πόλεμος]]: Ο  [[ιπτάμενος άσος]] της [[Γερμανία|γερμανικής]] αυτοκρατορικής αεροπορίας [[Μάνφρεντ φον Ριχτχόφεν]] («Ο Κόκκινος Βαρώνος») κερδίζει την πρώτη του αερομαχία στο Καμπρέ, [[Γαλλία]].  \n*[[1922]] – Ολοκληρώνεται η [[Καταστροφή της Σμύρνης]].\n*[[1928]] - [[Τροπικός κυκλώνας]] χτυπά τη νοτιοανατολική [[Φλόριντα]], σκοτώνοντας περισσότερα από 2.500 άτομα.\n*[[1939]] - [[Β΄ Παγκόσμιος Πόλεμος]]: [[Σοβιετική εισβολή στην Πολωνία]].\n*[[1940]] - [[Β΄ Παγκόσμιος Πόλεμος]]: Μετά την ήττα των [[Ναζιστική Γερμανία|Γερμανών]] στη [[μάχη της Αγγλίας]], ο [[Αδόλφος Χίτλερ]] αναβάλει επ' αόριστον την [[Επιχείρηση Θαλάσσιος Λέων]].\n*[[1941]] - [[Β΄ Παγκόσμιος Πόλεμος]]: Οι [[Ένωση Σοβιετικών Σοσιαλιστικών Δημοκρατιών|σοβιετικές]] δυνάμεις εισέρχονται στην [[Τεχεράνη]], σηματοδοτώντας το τέλος της αγγλοσοβιετικής εισβολής στο [[Ιράν]]. \n*[[1944]] - [[Β΄ Παγκόσμιος Πόλεμος]]: Οι [[Ναζιστική Γερμανία|γερμανικές]] δυνάμεις δέχονται επίθεση από τους συμμάχους στον [[Άγιος Μαρίνος|Άγιο Μαρίνο]].\n*[[1948]] - Δολοφονείται ο κόμης [[Φόλκε Μπερναντόττε]], ο οποίος διορίστηκε από τον [[Οργανισμός Ηνωμένων Εθνών|Ο.Η.Ε.]] για να μεσολαβήσει μεταξύ των [[Άραβες|αραβικών]] εθνών και του [[Ισραήλ]]. \n*[[1957]] – Η [[Μαλαισία]] γίνεται μέλος του [[Οργανισμός Ηνωμένων Εθνών|Ο.Η.Ε.]]\n*[[1965]] – Ορκίζεται η τέταρτη \"κυβέρνηση εθνικής ανάγκης\" υπό τον [[Στέφανος Χ. Στεφανόπουλος|Στέφανο Στεφανόπουλο]], 63 μέρες από την έναρξη της πολιτικής κρίσης. Αντιπρόεδροι οι [[Ηλίας Τσιριμώκος]] και [[Γεώργιος Αθανασιάδης - Νόβας]], υπουργός Συντονισμού ο [[Κωνσταντίνος Μητσοτάκης]] και Εθνικής Άμυνας ο [[Σταύρος Κωστόπουλος]].\n*[[1974]] - Το [[Μπανγκλαντές]], η [[Γρενάδα]] και η [[Γουινέα-Μπισσάου]] γίνονται μέλη του [[Οργανισμός Ηνωμένων Εθνών|Ο.Η.Ε.]]\n* [[1976]] – Η Ταναναρίβη μετονομάζεται σε [[Ανταναναρίβο]] (πρωτεύουσα της [[Μαδαγασκάρη]]ς).\n* [[1976]] –  Η [[NASA]] παρουσιάζει το πρώτο διαστημικό λεωφορείο, το «Enterprise».\n* [[1978]] – Διάσκεψη κορυφής μεταξύ [[Ισραήλ]] και [[Αίγυπτος|Αιγύπτου]] στο [[Καμπ Ντέιβιντ]], υπό την αιγίδα των ΗΠΑ.\n* [[1981]] – Αναλαμβάνει Πρωθυπουργός της Ελλάδας (προσωρινά) ο [[Γεώργιος Ράλλης]].\n* [[1983]] – Η Βανέσα Γουίλιαμς γίνεται η πρώτη Αφροαμερικανή [[Μις Αμερική]].\n* [[1988]] – Ξεκινούν οι 24οι [[Ολυμπιακοί Αγώνες]] στη [[Σεούλ]] και ολοκληρώνονται στις 2 Οκτωβρίου. Μετέχουν πάνω από 9.500 αθλητές και αθλήτριες από 160 χώρες σε 23 αθλήματα ενώ 14.000 είναι οι εκπρόσωποι του Τύπου. Οι μόνες χώρες που απουσιάζουν είναι η [[Βόρεια Κορέα]] και η [[Κούβα]]. Μορφή των αγώνων αναδεικνύεται ο αθλητής των καταδύσεων [[Κρεγκ Λουγκάνις]]. Στην κολύμβηση η [[Κριστίν Ότο]] κερδίζει 6 χρυσά και ο [[Ματ Μπιόντι]] 5.\n* [[1988]] – Πραξικόπημα στην [[Αϊτή]]. Την εξουσία καταλαμβάνει ο στρατιωτικός [[Προσπέρ Αβρίλ]].\n* [[1989]] – Ο τυφώνας Χιούγκο ξεκινάει το φονικό του πέρασμα από την [[Καραϊβική Θάλασσα]] (62 νεκροί σε 4 ημέρες).\n* [[1991]] – Τα [[Ομόσπονδες Πολιτείες της Μικρονησίας|Ομόσπονδα Κράτη της Μικρονησίας]], και τα [[Νησιά Μάρσαλ]] γίνονται ανεξάρτητα κράτη και εισέρχονται στον ΟΗΕ.\n* [[1991]] – Η [[Βόρεια Μακεδονία]] κηρύσσει την ανεξαρτησία τους από τη [[Γιουγκοσλαβία]], με την ονομασία ''Δημοκρατία της Μακεδονίας''.\n* [[1991]] – Βόρεια και Νότια Κορέα γίνονται μέλη του ΟΗΕ, μαζί με τις [[Εσθονία]], [[Λετονία]] και [[Λιθουανία]].\n* [[1993]] – Με δημοψήφισμα στη [[Μαδαγασκάρη]] γίνεται αναθεώρηση του Συντάγματος, ώστε ο Πρωθυπουργός να διορίζεται από τον Πρόεδρο.\n* [[1997]] – Γενική Διοικητής στην [[Αγία Λουκία]] αναλαμβάνει η Λαίδη [[Περλέτ Λουίζι]].\n* [[2000]] – Στο Μαυρίκιο, ορκίζεται Πρωθυπουργός ο [[Άνρουντ Τζάγκνοντ]].\n* [[2001]] – Ειδικές δυνάμεις των ΗΠΑ εισβάλλουν στο Αφγανιστάν για στοχοποίηση. Στο μεταξύ, Πακιστανοί υψηλόβαθμοι αξιωματούχοι σπεύδουν στην [[Καμπούλ]] για να πείσουν τους Ταλιμπάν να παραδώσουν στη δικαιοσύνη τον [[Οσάμα μπιν Λάντεν]]. Επαναλειτουργεί το Χρηματιστήριο στη [[Νέα Υόρκη]], ενώ ο Πρόεδρος Μπους χαρακτηρίζει σταυροφορία τον αγώνα κατά της τρομοκρατίας.Τα σύνορα με το Αφγανιστάν κλείνει το Πακιστάν.\n* [[2004]] – Αρχίζουν στην Αθήνα οι 12οι [[Παραολυμπιακοί Αγώνες]], με 19 συνολικά αθλήματα.\n* [[2005]] – Η [[Έλεν Κλαρκ]] γίνεται η πρώτη Πρωθυπουργός στη [[Νέα Ζηλανδία]] που εξασφαλίζει τρίτη συνεχή θητεία, κερδίζοντας στις εκλογές, με οριακή πλειοψηφία.\n* [[2006]] – Η Κεντροδεξιά Συμμαχία παίρνει ποσοστό 48,1% έναντι 46,2% των Σοσιαλδημοκρατών του απερχόμενου πρωθυπουργού [[Γκέραν Πέρσον]], ο οποίος παραδέχθηκε την ήττα του, στις βουλευτικές εκλογές στη [[Σουηδία]].\n* [[2006]] – Σε δημοψήφισμα στην [[Τρανσνίστρια]] (Δημοκρατία του Υπερδνείστερου), οι κάτοικοι ψηφίζουν υπέρ της απόσχισης από τη [[Μολδαβία]], με 97,1% υπέρ και 2,3% κατά.\n* [[2007]] – Εντολή σχηματισμού νέας κυβέρνησης λαμβάνει ο [[Κώστας Καραμανλής]], νικητής των [[Ελληνικές βουλευτικές εκλογές 2007|βουλευτικών εκλογών]].\n* [[2013]] – Δολοφονείται στην [[Αμφιάλη]] ο [[Παύλος Φύσσας]], γνωστός και με το καλλιτεχνικό ψευδώνυμο Killah P, με δύο μαχαιριές από τον Γιώργο Ρουπακιά, μέλος της [[Χρυσή Αυγή|Χρυσής Αυγής]].\n\n== Γεννήσεις ==\n*[[879]] - [[Κάρολος Γ΄ της Γαλλίας|Κάρολος Γ΄]], βασιλιάς της Γαλλίας\n*[[1433]] - [[Ιάκωβος της Πορτογαλίας|Ιάκωβος]], πρίγκιπας της Πορτογαλίας\n*[[1552]] - [[Πάπας Παύλος Ε΄]]\n*[[1743]] - [[Νικολά ντε Κοντορσέ]], Γάλλος μαθηματικός\n*[[1826]] - [[Μπέρναρντ Ρίμαν]], Γερμανός μαθηματικός\n*[[1857]] - [[Κονσταντίν Τσιολκόφσκι]], Ρώσος επιστήμονας\n*[[1922]] - [[Αγκοστίνιο Νέτο]], πρόεδρος της Ανγκόλας\n*[[1923]] - [[Χανκ Γουίλιαμς]], Αμερικανός τραγουδιστής και κιθαρίστας (Drifting Cowboys)\n*[[1931]] - [[Αν Μπάνκροφτ]], Αμερικανίδα ηθοποιός\n*[[1940]] - [[Φίλιππος Δ. Δρακονταειδής]], Έλληνας συγγραφέας\n*[[1940]] - [[Σωτήρης Μουστάκας]], Κύπριος ηθοποιός\n*[[1941]] - [[Σταύρος Δαμιανίδης]], Έλληνας μουσικός\n*[[1944]] - [[Ράινχολντ Μέσνερ]], Ιταλός ορειβάτης\n*[[1946]] - [[Μπίλι Μποντζ]], Άγγλος ποδοσφαιριστής\n*[[1948]] - [[Αντώνης Πολιτάκης]], Έλληνας ζωγράφος\n*[[1955]] - [[Κοραλία Καράντη]], Ελληνίδα ηθοποιός\n*[[1957]] - [[Μαρτίνιο Ντάφα Καμπί]], πρωθυπουργός της Γουινέας Μπισσάου\n*[[1958]] - [[Γιάνεζ Γιάνσα]], Σλοβένος πολιτικός\n*[[1963]] - [[Ράμι Σαάρι]], Ισραηλινός συγγραφέας\n*[[1965]] - [[Μπράιαν Σίνγκερ]], Αμερικανός σκηνοθέτης\n*[[1968]] - [[Αναστέιζια]], Αμερικανίδα τραγουδίστρια\n*[[1968]] - [[Τίτο Βιλανόβα]], Ισπανός ποδοσφαιριστής και προπονητής\n*[[1968]] - [[Μαρί Σαντάλ Μίλλερ]], πριγκίπισσα της Ελλάδας\n*[[1971]] - [[Αντριάνα Σκλεναρίκοβα]], μοντέλο από τη Σλοβακία\n*[[1973]] - [[Ντέμης Νικολαΐδης]], Έλληνας ποδοσφαιριστής\n*[[1978]] – [[Ελεονώρα Μελέτη]], Ελληνίδα δημοσιογράφος\n* [[1996]] - [[Εστεμπάν Οκόν]], Γάλλος οδηγός αγώνων\n*[[2001]] - [[Χρήστος Μανδάς]], Έλληνας ποδοσφαιριστής\n\n== Θάνατοι ==\n*[[397]] – [[Πατριάρχης Νεκτάριος|Νεκτάριος]], Πατριάρχης Κωνσταντινουπόλεως\n*[[1025]] - [[Ούγος Μάγνος]], βασιλιάς της Γαλλίας\n*[[1148]] - [[Κόναν Γ΄ της Βρετάνης|Κόναν Γ΄]], δούκας της Βρετάνης\n*[[1179]] – [[Χίλντεγκαρντ του Μπίνγκεν]], Γερμανίδα αγία, φιλόσοφος και συνθέτρια\n*[[1322]] - [[Ροβέρτος Γ΄, κόμης της Φλάνδρας]]\n*[[1533]] - [[Φίλιππος Α΄ της Βάδης|Φίλιππος Α΄]], μάργραβος του Μπάντεν\n*[[1665]] – [[Φίλιππος Δ´ της Ισπανίας|Φίλιππος Δ΄]], βασιλιάς της Ισπανίας\n*[[1762]] - [[Φραντσέσκο Τζεμινιάνι]], Ιταλός βιολιστής και συνθέτης\n*[[1771]] – [[Τομπάιας Σμόλετ]], Σκωτσέζος συγγραφέας\n*[[1825]] - [[Ιωάννης Διομήδης - Κυριακός]], Έλληνας επαναστάτης\n*[[1863]] – [[Αλφρέ ντε Βινύ]], Γάλλος συγγραφέας\n*[[1879]] – [[Ευγένιος Βιολέ-λε-Ντυκ]], Γάλλος αρχιτέκτονας\n*[[1899]] - [[Ιωσήφ Λιμπεράλης]], Έλληνας συνθέτης\n*[[1923]] – [[Στέφανος Δραγούμης]], Έλληνας πολιτικός\n*[[1948]] - [[Ρουθ Μπένεντικτ]], Αμερικανίδα ανθρωπολόγος και λαογράφος\n*[[1948]] – [[Φόλκε Μπερναντόττε]], Σουηδός διπλωμάτης\n*[[1961]] – [[Αντνάν Μεντερές]], Τούρκος πολιτικός\n*[[1963]] - [[Έντουαρντ Σπράνγκερ]], Γερμανός φιλόσοφος και ψυχολόγος\n*[[1965]] – [[Αλεχάντρο Κασόνα]], Ισπανός ποιητής και θεατρικός συγγραφέας\n*[[1982]] – [[Μάνος Λοΐζος]], Έλληνας συνθέτης\n*[[1984]] - [[Πέτρος Γαρουφαλιάς]], Έλληνας πολιτικός\n*[[1985]] - [[Λόρα Άσλεϊ]], Ουαλή σχεδιάστρια μόδας\n*[[1994]] – [[Καρλ Πόπερ]], Αυστριακός φιλόσοφος\n*[[1996]] – [[Σπύρο Άγκνιου]], Αμερικανός πολιτικός\n*[[1998]] – [[Κώστας Νικολόπουλος (εκδότης)|Κώστας Νικολόπουλος]], Έλληνας εκδότης\n*[[2005]] - [[Ζακ Λακαρριέρ]], Γάλλος συγγραφέας\n*[[2006]] – [[Πατρίσια Κένεντι Λόφορντ]], Αμερικανίδα κοσμική\n*[[2011]] – [[Φαίδων Ματθαίου]], Έλληνας καλαθοσφαιριστής και προπονητής\n*[[2013]] - [[Μιχάλης Γιαννάτος]], Έλληνας ηθοποιός\n*[[2017]] - [[Μπόμπι Χίναν]], Αμερικανός παλαιστής\n*[[2021]] - [[Γεώργιος Καλακαλλάς]] Έλληνας γλύπτης.\n\n== Αργίες και εορτές ==\n=== [[Ορθόδοξη Εκκλησία]] ===\n{{Πύλη:Ορθοδοξία/Εορτολόγιο/17 Σεπτεμβρίου}}\n\n\n{{Μήνες}}\n\n[[Κατηγορία:Ημέρες του έτους]]"}}}]}]}}