{"batchcomplete":true,"query":{"normalized":[{"fromencoded":false,"from":"17_Φεβρουαρίου","to":"17 Φεβρουαρίου"}],"pages":[{"pageid":1274,"ns":0,"title":"17 Φεβρουαρίου","revisions":[{"slots":{"main":{"contentmodel":"wikitext","contentformat":"text/x-wiki","content":"{{Πηγές|3=2022|2=01|10}}\n{{Μήνες Φεβρουαρίου}}\n\n<center>[[16 Φεβρουαρίου]] | '''17 Φεβρουαρίου''' | [[18 Φεβρουαρίου]]</center>\n\n----\n\nΗ '''17η Φεβρουαρίου''' είναι η 48η ημέρα του έτους κατά το [[Γρηγοριανό ημερολόγιο]]. Υπολείπονται 317 ημέρες (318 σε δίσεκτα έτη).\n\n{|width=100%\n| __TOC__\n| {{ΗμερολόγιοΣεΠίνακα|2}}\n|}\n\n== Γεγονότα ==\n*[[364]] – Ο [[Ρωμαϊκή Αυτοκρατορία|Ρωμαίος αυτοκράτορας]] [[Ιοβιανός]] πεθαίνει κάτω από ύποπτες συνθήκες μετά από βασιλεία 8 μηνών. Βρέθηκε νεκρός στη σκηνή του στα [[Τύανα]] της [[Μικρά Ασία|Μικράς Ασίας]], ενώ επέστρεφε στην [[Βυζαντινή Κωνσταντινούπολη|Κωνσταντινούπολη]].\n*[[1411]] - Μετά από τις επιτυχημένες εκστρατείες του κατά τη διάρκεια της [[Οθωμανική Μεσοβασιλεία|Οθωμανικής Μεσοβασιλείας]], ο [[Μουσά Τσελεμπή]], ένας από τους γιους του [[Βαγιαζήτ Α΄]], γίνεται [[σουλτάνος]].\n*[[1500]] – Μάχη του Χέμινγκστεντ: Ο δούκας [[Φρειδερίκος Α΄ της Δανίας|Φρειδερίκος]] και ο βασιλιάς [[Ιωάννης της Δανίας]], προσπαθούν να κατακτήσουν τους αγρότες του Ντίτμαρσεν στη [[Δανία]]. \n*[[1600]] - Ο φιλόσοφος [[Τζορντάνο Μπρούνο]] καίγεται ζωντανός, ως αιρετικός, στο [[Κάμπο ντε Φιόρι]] στη [[Ρώμη]].\n*[[1753]] - Στη [[Σουηδία]] η 17η Φεβρουαρίου ακολουθείται από την [[1 Μαρτίου|1η Μαρτίου]] καθώς η χώρα κινείται από το [[Ιουλιανό ημερολόγιο]] στο [[Γρηγοριανό ημερολόγιο]].\n*[[1801]] - Μία [[Εκλεκτορικό Κολέγιο (ΗΠΑ)|εκλογική]] ισοπαλία μεταξύ του [[Τόμας Τζέφερσον]] και του Ααρών Μπερρ επιλύεται όταν ο Τόμας Τζέφερσον εκλέγεται πρόεδρος των [[Ηνωμένες Πολιτείες Αμερικής|Ηνωμένων Πολιτειών]] και ο Μπερρ αντιπρόεδρος από τη [[Βουλή των Αντιπροσώπων (ΗΠΑ)|Βουλή των Αντιπροσώπων των Ηνωμένων Πολιτειών]].\n*[[1865]] - [[Αμερικανικός Εμφύλιος Πόλεμος]]: Η [[Κολούμπια (Νότια Καρολίνα)]] καίγεται καθώς οι [[Συνομόσπονδες Πολιτείες της Αμερικής|συνομόσπονδες]] δυνάμεις εγκαταλείπουν την πόλη και προωθούνται οι δυνάμεις της [[Ένωση (Αμερικανικός Εμφύλιος Πόλεμος)|Ένωσης]].\n*[[1904]] - Η ''[[Μαντάμα Μπατερφλάι]]'' κάνει πρεμιέρα στη [[Σκάλα του Μιλάνου]].\n*[[1914]] - Ίδρυση της Αυτόνομης δημοκρατίας της Βορείου Ηπειρου που είχε ως σκοπό την απελευθέρωση των Ελλήνικων πλυθησμών της περιοχής και την ένωση της με την Ελλάδα. \n*[[1919]] - Η [[Ουκρανία]] ζητά βοήθεια από την [[Τριπλή Αντάντ|Αντάντ]] και τις [[Ηνωμένες Πολιτείες Αμερικής]] για να αντιμετωπίσει τους [[Μπολσεβίκοι|Μπολσεβίκους]]. \n*[[1933]] - Εκδίδεται το πρώτο τεύχος του περιοδικού ''[[Newsweek]]''.\n*[[1949]] - Ο Χαΐμ Βάιτσμαν αρχίζει τη θητεία του ως ο πρώτος [[πρόεδρος του Κράτους του Ισραήλ]].\n*[[1965]] - [[Πρόγραμμα Ρέιντζερ]]: Εκτοξεύεται το σκάφος [[Ρέιντζερ 8]] με αποστολή να φωτογραφήσει την περιοχή της [[Σελήνη]]ς ''Mare Tranquillitatis'' στο πλαίσιο της προετοιμασίας για τις επανδρωμένες αποστολές [[Απόλλων (διαστημικό πρόγραμμα)|Απόλλων]]. Η ''Mare Tranquillitatis'' ή \"Θάλασσα της Ηρεμίας\" θα γίνει η τοποθεσία που θα επιλεχθεί για την προσσελήνωση του [[Απόλλων 11]].\n*[[1968]] - Ανοιχτή ρήξη στη 12η ολομέλεια της Κεντρικής Επιτροπής του [[Κομμουνιστικό Κόμμα Ελλάδας|Κ.Κ.Ε.]], που συγκαλείται στο [[Βουκουρέστι]], δρομολογεί τη διάσπαση του κόμματος.\n*[[1969]] - Τίθεται εν ισχύ ο νέος καταστατικός χάρτης της [[Εκκλησία της Ελλάδος|Εκκλησίας της Ελλάδος]], βάσει του οποίου η [[Ιερά Σύνοδος]] θα μπορεί να εκδίδει διατάξεις που θα ισχύουν για ολόκληρη την Εκκλησία χωρίς να απαιτείται έγκριση του κράτους και θα διαχειρίζεται αυτοβούλως την εκκλησιαστική περιουσία.\n*[[1972]] - Οι αθροιστικές πωλήσεις του [[Σκαθάρι (αυτοκίνητο)|σκαραβαίου της Volkswagen]] υπερβαίνουν εκείνες του Ford Model T.\n*[[1978]] - [[Σύγκρουση στη Βόρεια Ιρλανδία]]: Πυροδοτείται εμπρηστική βόμβα σε εστιατόριο κοντά στο [[Μπέλφαστ]], σκοτώνοντας 12 άτομα και τραυματίζοντας άλλους 30, όλοι τους Προτεστάντες. \n*[[1979]] - Αρχίζει ο [[Σινοβιετναμέζικος Πόλεμος]].\n*[[1980]] - Πραγματοποιείται η πρώτη χειμερινή ανάβαση στο [[Έβερεστ]] από τους [[Κριστόφ Βιελίτσκι]] και [[Λάσεκ Κίτσι]].\n*[[1986]] Πεθαίνει, σε ηλικία 90 ετών στο Όουχαϊ της Καλιφόρνια, ένας απο τους πλέον σημαντικούς αριστοκράτες φιλοσόφους όλων των εποχών και ιστορικής σημασίας πνευματικός στοχαστής, ο [[Τζίντου Κρισναμούρτι]]. \n*[[1995]] - Κατόπιν μεσολάβησης του [[Οργανισμός Ηνωμένων Εθνών|Ο.Η.Ε.]] συμφωνείται [[εκεχειρία]] στον πόλεμο μεταξύ του [[Περού]] και του [[Ισημερινός (χώρα)|Ισημερινού]].\n*[[1996]] - Στη [[Φιλαδέλφεια (Πενσυλβάνια)]], ο παγκόσμιος πρωταθλητής [[Γκάρι Κασπάροφ]] νικά στο [[σκάκι]] τον [[Υπερυπολογιστής|υπερυπολογιστή]] [[Deep blue]].\n*[[2006]] - Μεγάλη κατολίσθηση λάσπης στις [[Φιλιππίνες]] προκαλεί το θάνατο επισήμως σε 1.126 άτομα.\n* [[2008]] – Το [[Κόσοβο]] γίνεται ανεξάρτητο κράτος από τη Σερβία.\n* [[2018]] - Η [[ΑΕΚ]] παίρνει κύπελλο Ελλάδας στο μπάσκετ.\n* [[2020]] - Επαναλειτουργεί ο ιδιωτικός τηλεοπτικός σταθμός [[Mega Channel]]\n\n== Γεννήσεις ==\n*[[1490]] - [[Κάρολος Γ΄ του Μπουρμπόν|Κάρολος Γ']], δούκας της Βουρβόνης\n*[[1519]] - [[Φραγκίσκος του Γκιζ|Φραγκίσκος]], δούκας του Γκιζ\n*[[1524]] - [[Κάρολος της Λωρραίνης (1524-1574)]]\n*[[1653]] – [[Αρκάντζελο Κορέλλι]], Ιταλός συνθέτης\n*[[1723]] – [[Τομπίας Μάγερ]], Γερμανός αστρονόμος\n*[[1783]] - [[Γεώργιος Καποδίστριας]], Έλληνας επιχειρηματίας\n*[[1800]] – [[Λουδοβίκος Λιπαρίνι]], Ιταλός ζωγράφος\n*[[1855]] - [[Όθων Λίμαν φον Σάντερς]], Γερμανός στρατηγός\n*[[1865]] - [[Ερνστ Τρελτς]], Γερμανός θεολόγος\n*[[1870]] - [[Γκεόργκι Γκαπόν]], Ρώσος ιερέας\n*[[1880]] - [[Καπετάν Άγρας]], Έλληνας μακεδονομάχος\n*[[1888]] – [[Όττο Στερν]], Γερμανός φυσικός\n*[[1902]] - [[Νίτσα Τσαγανέα]], Ελληνίδα ηθοποιός\n*[[1926]] - [[Πρωτοπρεσβύτερος Ιωάννης Μάγεντορφ]], Γάλλος θεολόγος\n*[[1927]] - [[Χουάν Αλμέιδα Βόσκε]], Κουβανός πολιτικός\n*[[1929]] - [[Αλεχάντρο Χοδορόφσκι]], Χιλιανός καλλιτέχνης\n*[[1945]] - [[Βούλα Μάστορη]], Ελληνίδα συγγραφέας\n*[[1951]] – [[Όλγα Τρέμη]], Ελληνίδα δημοσιογράφος\n*[[1954]] – [[Μπράιαν Χιούστον]], Αυστραλός πάστορας\n*[[1957]] - [[Λορίνα Μακένιτ]], Καναδή τραγουδίστρια\n*[[1961]] – [[Αντρέι Κοροτάγεφ]], Ρώσος ανθρωπολόγος και κοινωνιολόγος \n*[[1963]] – [[Μάικλ Τζόρνταν]], Αμερικανός καλαθοσφαιριστής\n*[[1966]] - [[Γιάννης Καλιτζάκης]], Έλληνας ποδοσφαιριστής\n*[[1966]] - [[Quorthon]], Σουηδός μουσικός\n*[[1969]] - [[Αντώνης Κανάκης]], Έλληνας παρουσιαστής, σκηνοθέτης και ηθοποιός\n*[[1971]] - [[Ίλια Ίβιτς]], Σέρβος ποδοσφαιριστής\n*[[1971]] – [[Σαρίνα Λη]], Αμερικανίδα πορνογραφική ηθοποιός\n*[[1972]] – [[Μπίλι Τζο Άρμστρονγκ]], Αμερικανός μουσικός ([[Green Day]])\n*[[1976]] – [[Κέλλυ Κάρλσον]], Αμερικανίδα ηθοποιός\n*[[1976]] – [[Λευτέρης Φάφαλης]], Έλληνας χιονοδρόμος\n*[[1981]] – [[Τζόζεφ Γκόρντον-Λέβιτ]], Αμερικανός ηθοποιός\n*[[1981]] - [[Πάρις Χίλτον]], Αμερικανίδα μοντέλο και κοσμική\n*[[1983]] – [[Μάριος Καπερώνης]], Έλληνας πυγμάχος\n*[[1993]] - [[Μαρκ Μάρκεθ]], Ισπανός μοτοσυκλετιστής\n\n== Θάνατοι ==\n*[[306]] - [[Άγιος Θεόδωρος ο Τήρων]]\n*[[364]] – [[Ιοβιανός]], Ρωμαίος αυτοκράτορας\n*[[440]] – [[Άγιος Μεσρώπ Μαστότς]], Αρμένιος μοναχός και γλωσσολόγος\n*[[1220]] - [[Θεοβάλδος Α΄ της Λωρραίνης|Θεοβάλδος Α΄]], δούκας της Λωρραίνης\n*[[1339]] - [[Όθων της Αυστρίας|Όθων]], δούκας της Αυστρίας\n*[[1371]] – [[Ιβάν Αλεξάνταρ]], τσάρος της Βουλγαρίας\n*[[1411]] - [[Σουλεϊμάν Τσελεμπή]], Οθωμανός ηγέτης\n*[[1596]] – [[Φρίντριχ Σίλμπουργκ]], Γερμανός λόγιος\n*[[1600]] – [[Τζορντάνο Μπρούνο]], Ιταλός φιλόσοφος\n*[[1612]] - [[Ερνέστος της Βαυαρίας, αρχιεπίσκοπος|Ερνέστος της Βαυαρίας]], αρχιεπίσκοπος της Κολωνίας\n*[[1652]] – [[Γκρεγκόριο Αλλέγκρι]], Ιταλός συνθέτης\n*[[1673]] – [[Μολιέρος]], Γάλλος θεατρικός συγγραφέας\n*[[1825]] - [[Ρομπέρ Λεντέ]], Γάλλος πολιτικός\n*[[1856]] – [[Χάινριχ Χάινε]], Γερμανός συγγραφέας\n*[[1872]] - [[Ζαν-Μαρί Λε Μπρι]], Γάλλος αεροπόρος και εφευρέτης\n*[[1903]] - [[Ιγνάτιος Μοσχάκης]], Έλληνας θεολόγος\n*[[1909]] – [[Τζερόνιμο]], ηγέτης των Απάτσι\n*[[1927]] - [[Φράνσις Λέιν]], Αμερικανός αθλητής\n*[[1934]] – [[Αλβέρτος Α΄ του Βελγίου|Αλβέρτος Α΄]], βασιλιάς του Βελγίου\n*[[1946]] – [[Πατριάρχης Βενιαμίν|Βενιαμίν]], Πατριάρχης Κωνσταντινουπόλεως\n*[[1949]] - [[Έλερι Κλαρκ]], Αμερικανός αθλητής\n*[[1970]] - [[Σαμουήλ Ιωσήφ Άγκνον]], Ισραηλινός συγγραφέας\n*[[1986]] - [[Τζίντου Κρισναμούρτι]], Ινδός Αριστοκράτης και φιλόσοφος \n*[[1993]] - [[Κώστας Καραγιάννης]], Έλληνας σκηνοθέτης\n*[[1996]] - [[Μιχάλης Ράπτης]], Έλληνας τροτσκιστής\n*[[2002]] - [[Μαξ Ρόμαν]], Έλληνας κινηματογραφικός παραγωγός\n*[[2005]] - [[Αθανάσιος Νάσιουτζικ]], Έλληνας συγγραφέας\n*[[2007]] - [[Μαίρη Κέι]], Αμερικανίδα μουσικός\n*[[2007]] – [[Μορίς Παπόν]], Γάλλος πολιτικός\n*[[2016]] - [[Αντρέι Ζουλάφσκι]], Πολωνός σκηνοθέτης\n*[[2017]] - [[Ευάγγελος Μπασιάκος]], Έλληνας πολιτικός\n\n== Αργίες και εορτές ==\n=== [[Ορθόδοξη Εκκλησία]] ===\n\n{{Πύλη:Ορθοδοξία/Εορτολόγιο/17 Φεβρουαρίου}}\n\n{{Μήνες}}\n\n[[Κατηγορία:Ημέρες του έτους]]"}}}]}]}}