{"batchcomplete":true,"query":{"normalized":[{"fromencoded":false,"from":"17_Αυγούστου","to":"17 Αυγούστου"}],"pages":[{"pageid":3014,"ns":0,"title":"17 Αυγούστου","revisions":[{"slots":{"main":{"contentmodel":"wikitext","contentformat":"text/x-wiki","content":"{{Μήνες Αυγούστου}}\n\n<center>[[16 Αυγούστου]] | '''17 Αυγούστου''' | [[18 Αυγούστου]]</center>\n\n----\n{{ΗμερολόγιοΣεΠίνακα|8}}\nΗ '''17η Αυγούστου''' είναι η 229η ημέρα του έτους κατά το [[Γρηγοριανό ημερολόγιο]] (230η σε δίσεκτα έτη). Υπολείπονται 136 ημέρες.\n\n== Γεγονότα ==\n*[[309]] - Ο [[Πάπας Ευσέβιος]] εξορίζεται από τον αυτοκράτορα [[Μαξέντιος|Μαξέντιο]] στη [[Σικελία]], όπου θα πεθάνει ίσως από απεργία πείνας.\n*[[682]] - Ο [[Πάπας Λέων Β΄|Λέων Β΄]] γίνεται [[Πάπας]].\n*[[986]] - Οι [[Πρώτη Βουλγαρική Αυτοκρατορία|Βούλγαροι]] με επικεφαλής τον [[Σαμουήλ της Βουλγαρίας|Σαμουήλ]] της [[Δυναστεία Κομητόπουλων|δυναστείας των Κομητόπουλων]] νικούν τον [[Βυζαντινή Αυτοκρατορία|Βυζαντινό]] στρατό στην [[Πύλη του Τραϊανού]]. Ο [[Κατάλογος Βυζαντινών αυτοκρατόρων|Βυζαντινός αυτοκράτορας]] [[Βασίλειος Β´]] μόλις που διαφεύγει.\n*[[1186]] - Ο δούκας Ότακαρ Δ΄ της [[Δουκάτο της Στυρίας|Στυρίας]] και ο δούκας [[Λεοπόλδος Ε΄ της Αυστρίας]] υπογράφουν συμφωνία, σύμφωνα με την οποία ο Ότακαρ δίνει το δουκάτο του στο Λεοπόλδο και στο γιο του, Φρειδερίκο, υπό τον όρο ότι η [[Αυστρία]] και η Στυρία θα παραμείνουν αδιαίρετες. \n*[[1386]] - Ο [[Κάρολος Τόπια]], ηγεμόνας του πριγκιπάτου της [[Αλβανία]]ς, σχηματίζει συμμαχία με τη [[Βενετική Δημοκρατία]], δεσμευόμενος να συμμετάσχει σε όλους τους πολέμους της Δημοκρατίας με αντάλλαγμα την προστασία έναντι των [[Οθωμανική Αυτοκρατορία|Οθωμανών]]. \n*[[1424]] - [[Εκατονταετής Πόλεμος]]: Μάχη του Βερνέιγ. Οι [[Αγγλία|αγγλικές]] δυνάμεις υπό τον [[Ιωάννης του Λάνκαστερ|Ιωάννη του Λάνκαστερ]] νικούν έναν μεγαλύτερο [[Γαλλία|γαλλικό]] στρατό.\n*[[1498]] - Ο [[Καίσαρας Βοργίας]], γιος του [[Πάπας Αλέξανδρος ΣΤ΄|Πάπα Αλέξανδρου ΣΤ΄]], γίνεται ο πρώτος άνθρωπος στην ιστορία που παραιτείται από το αξίωμα του [[Καρδινάλιος (Καθολικισμός)|καρδινάλιου]].\n*[[1560]] - Η [[Καθολική Εκκλησία]] ανατρέπεται και ο [[Προτεσταντισμός]] καθιερώνεται ως η εθνική θρησκεία της [[Σκωτία]]ς.\n*[[1585]] - [[Ογδοηκονταετής Πόλεμος]]: Πολιορκία της [[Αμβέρσα]]ς. Η Αμβέρσα καταλαμβάνεται από τις [[Ισπανική Αποικιακή Αυτοκρατορία|ισπανικές]] δυνάμεις υπό τον Αλεσσάντρο Φαρνέζε, δούκα της [[Πάρμα]], ο οποίος διατάζει τους [[Προτεσταντισμός|προτεστάντες]] να φύγουν από την πόλη, με αποτέλεσμα πάνω από τους μισούς από τους 100.000 κατοίκους να διαφύγουν στην [[Ολλανδική Δημοκρατία]]. \n*[[1717]] - Η πολιορκία του [[Βελιγράδι|Βελιγραδίου]] λήγει με τα [[Αυστρία|αυστριακά]] στρατεύματα του [[Ευγένιος της Σαβοΐας-Καρινιάν|Ευγένιου της Σαβοΐας]] να καταλαμβάνουν την πόλη από τους [[Οθωμανική Αυτοκρατορία|Οθωμανούς]].\n*[[1740]] - Ο [[Πάπας Βενέδικτος ΙΔ΄]], πρωτύτερα γνωστός ως Πρόσπερο Λαμπερτίνι, διαδέχεται τον [[Πάπας Κλήμης ΙΒ΄|Πάπα Κλήμη ΙΒ΄]] ως 247ος [[Πάπας]].\n*[[1859]] - Πραγματοποιείται στην [[Ιντιάνα]] των [[ΗΠΑ|Ηνωμένων Πολιτειών]], η πρώτη πτήση υπηρεσίας αεροπορικού ταχυδρομείου με τη χρήση αεροστάτου του [[Τζον Γουάις (αεροναυτικός)|Τζον Γουάις]].\n*[[1883]] - Παίζεται για πρώτη φορά δημοσίως ο [[εθνικός ύμνος της Δομινικανής Δημοκρατίας]].\n*[[1944]] - [[Εθνική Αντίσταση (Ελλάδα)|Εθνική Αντίσταση]]: Δυνάμεις του [[Εθνικός Δημοκρατικός Ελληνικός Σύνδεσμος|Ε.Δ.Ε.Σ.]] νικούν τους [[Γερμανοί|Γερμανούς]] στη [[μάχη της Μενίνας]].\n*[[1944]] - [[Μπλόκο της Κοκκινιάς]]: Τα [[Ναζιστική Γερμανία|γερμανικά]] στρατεύματα προβαίνουν σε ομαδικές εκτελέσεις [[Έλληνες|Ελλήνων]] πατριωτών στην [[Μάντρα Μπλόκου της Κοκκινιάς|Κοκκινιά]].\n*[[1945]] - Ο [[Σουκάρνο]] και ο Μοχάμαντ Χάτα κηρύσσουν την ανεξαρτησία της [[Ινδονησία]]ς, πυροδοτώντας την ινδονησιακή εθνική επανάσταση ενάντια στην [[Ολλανδική Αποικιακή Αυτοκρατορία]].\n*[[1958]] - Εκτοξεύεται το [[Πάιονηρ 0]], στην πρώτη [[Ηνωμένες Πολιτείες Αμερικής|αμερικανική]] προσπάθεια να τεθεί όχημα σε σεληνιακή τροχιά, η οποία όμως αποτυγχάνει. \n*[[1962]] - Ο Πέτερ Φέχτερ πυροβολείται και αιμορραγεί μέχρι θανάτου προσπαθώντας να διασχίσει το [[Τείχος του Βερολίνου]].\n* [[1969]] - Στις ΗΠΑ, 248 άνθρωποι χάνουν τη ζωή τους όταν το ο τυφώνας Camille πλήττει την πολιτεία του [[Μιζούρι (πολιτεία)|Μιζούρι]]. Οι υλικές ζημιές ανέρχονται σε 1,5 δισεκατομμύρια δολάρια.\n*[[1969]] - Αεροπειρατία σε αεροπλάνο της [[Ολυμπιακές Αερογραμμές|Ολυμπιακής]] από τον Βασίλειο Τσιρώνη, ο οποίος μαζί με την γυναίκα του και τα δύο τους παιδιά εξανάγκασε το αεροσκάφος να προσγειωθεί στον [[Αυλώνας|Αυλώνα]] της [[Αλβανία]]ς. Οι επιβάτες γύρισαν σώοι στην [[Ελλάδα]], ενώ οι δράστες έμειναν στην Αλβανία.\n*[[1970]] - [[Πρόγραμμα Βενέρα]]: Εκτοξεύτεται το ''[[Βενέρα 7]]''. Στη συνέχεια θα γίνει το πρώτο διαστημικό σκάφος που θα μεταδώσει επιτυχώς δεδομένα από την επιφάνεια ενός άλλου πλανήτη ([[Αφροδίτη (πλανήτης)|Αφροδίτη]]).\n* [[1979]] - Στην [[Ουκρανία]], δύο σοβιετικά αεροσκάφη συγκρούονται και 156 άνθρωποι χάνουν τη ζωή τους.\n* [[1988]] - Ο Πρόεδρος του Πακιστάν, Ζία Μοχάμαντ ουλ- Χακ και ο Αμερικανός πρεσβευτής, Άρνολντ Ράφελ, χάνουν τη ζωή τους μετά από έκρηξη που σημειώθηκε στο αεροπλάνο που επέβαιναν, αμέσως μετά την απογείωσή του.\n* [[1995]] - Στις [[Βερμούδες]] παραιτείται η κυβέρνηση μετά το αποτέλεσμα του δημοψηφίσματος, σύμφωνα με το οποίο το 74% τάχθηκε κατά της ανεξαρτησίας από τη Βρετανία. \n* [[1996]] - Από το [[Κοσμοδρόμιο του Μπαϊκονούρ|κοσμοδρόμιο Μπαϊκονούρ]] στο [[Καζακστάν]], εκτοξεύεται ο πύραυλος [[Σογιούζ]], με γαλλο-ρωσικό πλήρωμα.\n* [[1996]] - Η [[Ρουθ Πέρις]] εκλέγεται πρόεδρος της κυβέρνησης της [[Λιβερία]]ς και γίνεται η πρώτη γυναίκα επικεφαλής αφρικανικής χώρας.\n* [[1999]] - [[Σεισμός]] 7,4 Ρίχτερ πλήττει την βορειοδυτική [[Τουρκία]] και σκοτώνει 17.000 άτομα και τραυματίζει 44.000.\n* [[2005]] - Ξεκίνησε από το [[Ισραήλ]] η εκκένωση της [[λωρίδα της Γάζας|λωρίδας της Γάζας]] από [[εβραίοι|εβραίους]] εποίκους.\n\n== Γεννήσεις ==\n*[[1465]] - [[Φιλιβέρτος Α΄ της Σαβοΐας|Φιλιβέρτος Α΄]], δούκας της Σαβοΐας\n*[[1601]] - [[Πιερ ντε Φερμά]], Γάλλος μαθηματικός\n*[[1629]] - [[Γιαν Σομπιέσκι]], βασιλιάς της Πολωνίας\n*[[1786]] - [[Ντέιβιντ Κρόκετ]], Αμερικανός στρατιωτικός και πολιτικός\n*[[1831]] - [[Βίκτωρ Βοσσέρ]], Γάλλος στρατιωτικός\n*[[1844]] - [[Μενελίκ Β΄]], αυτοκράτορας της Αιθιοπίας\n*[[1866]] - [[Παύλος Νιρβάνας]], Έλληνας συγγραφέας\n*[[1876]] - [[Ντράγκουτιν Ντιμιτρίεβιτς]], Σέρβος στρατιωτικός\n*[[1887]] - [[Κάρολος Α΄ της Αυστρίας|Κάρολος Α΄]], αυτοκράτορας της Αυστρίας\n*[[1890]] - [[Χάρυ Χόπκινς]], Αμερικανός πολιτικός\n*[[1895]] - [[Άρης Μαλιαγρός]], Έλληνας ηθοποιός\n*[[1899]] - [[Βασίλης Λάσκος]], Έλληνας στρατιωτικός\n*[[1911]] - [[Μιχαήλ Μποτβίνικ]], Ρώσος σκακιστής\n*[[1930]] - [[Τεντ Χιουζ]], Άγγλος ποιητής\n*[[1932]] - [[Βιντιαντάρ Σουρατζπρασάντ Νάιπολ]], συγγραφέας από το Τρινιντάντ\n*[[1937]] - [[Σπύρος Φωκάς]], Έλληνας ηθοποιός\n*[[1938]] - [[Θεόδωρος Πάγκαλος (πολιτικός)|Θεόδωρος Πάγκαλος]], Έλληνας πολιτικός\n*[[1943]] - [[Παναγιώτης Κονδύλης (συγγραφέας)|Παναγιώτης Κονδύλης]], Έλληνας φιλόσοφος και συγγραφέας\n*[[1943]] - [[Ρόμπερτ Ντε Νίρο]], Αμερικανός ηθοποιός\n*[[1944]] – [[Ρετζέπ Μεϊντάνι]], Πρόεδρος της Αλβανίας\n*[[1946]] - [[Πάτρικ Μάνινγκ]], πρωθυπουργός του Τρινιντάντ και Τομπάγκο\n*[[1947]] - [[Μοχάμετ Αμπντελαζίζ]], πρόεδρος της Δυτικής Σαχάρας\n*[[1952]] - [[Νέλσον Πικέ]], Βραζιλιάνος οδηγός αγώνων\n*[[1953]] - [[Χέρτα Μύλερ]], Γερμανίδα συγγραφέας\n*[[1958]] - [[Μπελίντα Καρλάιλ]], Αμερικανίδα τραγουδίστρια (The Go-Go's)\n*[[1960]] - [[Σον Πεν]], Αμερικανός ηθοποιός και σκηνοθέτης\n*[[1977]] - [[Τιερί Ανρί]], Γάλλος ποδοσφαιριστής\n*[[1977]] - [[Τάρια Τούρουνεν]], Φινλανδή τραγουδίστρια ([[Nightwish]])\n*[[1992]] - [[Πέιτζ (παλαίστρια)|Πέιτζ]], Αγγλίδα παλαίστρια\n\n== Θάνατοι ==\n*[[754]] - [[Καρλομάν ο μαγιορδόμος]], Φράγκος αριστοκράτης\n*[[1553]] - [[Κάρολος Γ΄ της Σαβοΐας|Κάρολος Γ΄]], δούκας της Σαβοΐας\n*[[1673]] - [[Ρενιέ ντε Γκράαφ]], Ολλανδός ιατρός και ανατόμος\n*[[1786]] - [[Φρειδερίκος Β΄ της Πρωσίας|Φρειδερίκος Β΄]], βασιλιάς της Πρωσίας\n*[[1850]] - [[Χοσέ ντε Σαν Μαρτίν]], Αργεντινός στρατηγός\n*[[1916]] - [[Ουμπέρτο Μποτσιόνι]], Ιταλός ζωγράφος και γλύπτης\n*[[1925]] - [[Ιοάν Σλάβιτς]], Ρουμάνος συγγραφέας\n*[[1955]] - [[Φερνάν Λεζέ]], Γάλλος ζωγράφος και γλύπτης\n*[[1965]] - [[Γεώργιος Βοραζάνης]], Έλληνας πολιτικός\n*[[1969]] - [[Όττο Στερν]], Γερμανός φυσικός\n*[[1969]] - [[Λούντβιχ Μις φαν ντερ Ρόε]], Γερμανός αρχιτέκτονας\n*[[1973]] - [[Κόνραντ Άικεν]], Αμερικανός συγγραφέας\n*[[1977]] - [[Ντέλμερ Ντέιβς]], Αμερικανός σκηνοθέτης\n*[[1983]] - [[Αγγέλα Παπάζογλου]], Ελληνίδα τραγουδίστρια\n*[[1985]] - [[Σάκης Καράγιωργας]], Έλληνας οικονομολόγος\n*[[1987]] - [[Ρούντολφ Ες (πολιτικός)|Ρούντολφ Ες]], Γερμανός πολιτικός\n*[[1988]] - [[Μουχάμαντ Ζία-Ουλ-Χακ]], Πακιστανός στρατιωτικός και πολιτικός\n*[[1989]] - [[Νικόλαος Κούρναβος]], Έλληνας πολιτικός\n*[[1995]] - [[Χάουαρντ Κοκ]], Αμερικανός σεναριογράφος\n*[[1996]] - [[Νικόλαος Χελιδόνης]], Έλληνας πολιτικός\n*[[1998]] - [[Νέλλη Σουγιουλτζόγλου]], Ελληνίδα φωτογράφος\n*[[2009]] - [[Γιάνι Μπάσο]], Ιταλός σαξοφωνίστας\n*[[2010]] - [[Φραντσέσκο Κοσίγκα]], Ιταλός πολιτικός\n\n== Αργίες και εορτές ==\n\n*Ημέρα Ανεξαρτησίας της [[Ινδονησία]]ς ([[1945]])\n*[[Παγκόσμια Ημέρα Φάρων]]\n\n=== [[Ορθόδοξη Εκκλησία]] ===\n{{Πύλη:Ορθοδοξία/Εορτολόγιο/17 Αυγούστου}}\n\n{{Μήνες}}\n\n[[Κατηγορία:Ημέρες του έτους]]"}}}]}]}}