{"batchcomplete":true,"query":{"normalized":[{"fromencoded":false,"from":"17_Νοεμβρίου","to":"17 Νοεμβρίου"}],"pages":[{"pageid":3570,"ns":0,"title":"17 Νοεμβρίου","revisions":[{"slots":{"main":{"contentmodel":"wikitext","contentformat":"text/x-wiki","content":"{{άλλεςχρήσεις4||την τρομοκρατική οργάνωση με το ίδιο όνομα|17 Νοέμβρη|την εξέγερση το 1973 κατά της Χούντας των Συνταγματαρχών|Εξέγερση του Πολυτεχνείου}}\n\n{{Μήνες Νοεμβρίου}}\n\n<center>[[16 Νοεμβρίου]] | '''17 Νοεμβρίου''' | [[18 Νοεμβρίου]]</center>\n\n----\nΗ '''17η Νοεμβρίου''' είναι η 321η ημέρα του έτους κατά το [[Γρηγοριανό ημερολόγιο]] (322η σε δίσεκτα έτη). Υπολείπονται 44 ημέρες.\n\n{{ΗμερολόγιοΣεΠίνακα|11}}\n\n==Γεγονότα==\n*[[474]] - Ο αυτοκράτορας [[Λέων Β΄]] πεθαίνει μετά από βασιλεία δέκα μηνών. Ο πατέρας του, [[Ζήνων (αυτοκράτορας)|Ζήνων]], γίνεται ο μοναδικός ηγεμόνας της [[Βυζαντινή Αυτοκρατορία|Βυζαντινής αυτοκρατορίας]].\n*[[1292]] - Ο [[Τζων Μπάλλιολ]] γίνεται βασιλιάς της [[Σκωτία]]ς.\n*[[1511]] - Ο [[Ερρίκος Η΄ της Αγγλίας]] συνάπτει τη Συνθήκη του Ουεστμίνστερ με τον [[Φερδινάνδος Β΄ της Αραγωνίας|Φερδινάνδο Β΄ της Αραγωνίας]], η οποία αποτελεί υπόσχεση αμοιβαίας βοήθειας εναντίον των [[Γαλλία|Γάλλων]]. \n*[[1558]] - Αρχίζει η Ελισαβετιανή εποχή: η βασίλισσα [[Μαρία Α΄ της Αγγλίας]] πεθαίνει και τη διαδέχεται στο θρόνο η ετεροθαλής αδελφή της, [[Ελισάβετ Α΄ της Αγγλίας]].\n*[[1603]] - Ο [[Αγγλία|Άγγλος]] εξερευνητής, συγγραφέας και αυλικός [[Ουόλτερ Ράλεϊ]] δικάζεται για [[προδοσία]].\n*[[1821]] - Ξεκινάει η μάχη της [[Πολιορκία της Άρτας|Άρτας]] κατά την διάρκεια της επανάστασης του 1821.\n*[[1839]] - Ο ''Ομπέρτο'', η πρώτη όπερα του [[Τζουζέπε Βέρντι]], κάνει πρεμιέρα στη [[Σκάλα του Μιλάνου]].\n*[[1863]] - [[Αμερικανικός Εμφύλιος Πόλεμος]]: οι [[Συνομόσπονδες Πολιτείες της Αμερικής|συνομόσπονδες]] δυνάμεις υπό τον στρατηγό Τζέιμς Λόνγκστριτ θέτουν το [[Νόξβιλ]] του [[Τενεσί]] υπό πολιορκία. \n*[[1869]] - Στην [[Αίγυπτος|Αίγυπτο]], εγκαινιάζεται η [[Διώρυγα Σουέζ]], που συνδέει τη [[Μεσόγειος Θάλασσα|Μεσόγειο Θάλασσα]] με την [[Ερυθρά Θάλασσα]].\n*[[1878]] - Πρώτη απόπειρα δολοφονίας εναντίον του [[Ουμβέρτος Α΄|Ουμβέρτου Α΄]] της [[Ιταλία]]ς από έναν αναρχικό, ο οποίος ήταν οπλισμένος με μαχαίρι. Ο βασιλιάς επέζησε με μία μικρή πληγή στο χέρι. \n*[[1885]] - [[Σερβοβουλγαρικός πόλεμος του 1885]]: αρχίζει η μάχη της Σλίβνιτσα.\n*[[1918]] - Ιδρύεται το [[Σοσιαλιστικό Εργατικό Κόμμα Ελλάδος]].\n*[[1922]] - Ο πρώην [[Κατάλογος Σουλτάνων της Οθωμανικής Αυτοκρατορίας|Οθωμανός σουλτάνος]] [[Μωάμεθ ΣΤ΄]] καταφεύγει στη [[Μάλτα]].\n*[[1947]] - Οι [[Η.Π.Α.|Αμερικανοί]] επιστήμονες [[Τζον Μπαρντίν]] και [[Γουόλτερ Χάουζερ Μπράταιην]] παρατηρούν τις βασικές αρχές του [[τρανζίστορ]], βασικό στοιχείο για την επανάσταση της [[Ηλεκτρονική|ηλεκτρονικής]] του [[20ός αιώνας|20ού αιώνα]].\n*[[1968]] - Δις εις θάνατον καταδικάζει το Έκτακτο Στρατοδικείο της [[Αθήνα]]ς τον [[Αλέξανδρος Παναγούλης|Αλέξανδρο Παναγούλη]], κρίνοντάς τον ένοχο για την απόπειρα δολοφονίας εναντίον του [[Γεώργιος Παπαδόπουλος|Γεωργίου Παπαδόπουλου]]. Σε ισόβια καταδικάζεται ο [[Λευτέρης Βερυβάκης]] και σε ποινές κάθειρξης δυόμισι μέχρι 24 ετών άλλοι 8 κατηγορούμενοι.\n*[[1969]] - [[Ψυχρός Πόλεμος]]: Διαπραγματευτές από τη [[Ένωση Σοβιετικών Σοσιαλιστικών Δημοκρατιών|Σοβιετική Ένωση]] και τις [[Ηνωμένες Πολιτείες Αμερικής]] συναντώνται στο [[Ελσίνκι]] της [[Φινλανδία]]ς για να ξεκινήσουν διαπραγματεύσεις με στόχο τον περιορισμό του αριθμού των [[Όπλο μαζικής καταστροφής|στρατηγικών όπλων]] και στις δύο πλευρές.\n*[[1970]] - Πρόγραμμα Λούνα: Η [[Ένωση Σοβιετικών Σοσιαλιστικών Δημοκρατιών|Σοβιετική Ένωση]] προσεδαφίζει το ''[[Λουνοχόντ 1]]'' στη [[Θάλασσα των Βροχών]] στη [[Σελήνη]]. Πρόκειται για το πρώτο περιπλανώμενο τηλεχειριζόμενο ρομπότ που προσεδαφίζεται σε άλλον κόσμο. Απελευθερώθηκε από το εν τροχιά διαστημικό σκάφος ''Λούνα 17''. \n*[[1973]] - Η [[Εξέγερση του Πολυτεχνείου]] κατά του [[Στρατιωτική δικτατορία στην Ελλάδα (1967-1974)|στρατιωτικού καθεστώτος]] στην [[Αθήνα]] καταλήγει σε αιματοχυσία.\n* [[1974]] - [[Ελληνικές βουλευτικές εκλογές 1974]].\n* [[1985]] – Ο αστυνομικός Αθανάσιος Μελίστας δολοφονεί τον δεκαπεντάχρονο μαθητή [[Δολοφονία του Μιχάλη Καλτεζά|Μιχάλη Καλτεζά]] στα [[Εξάρχεια]]. Ακολουθούν επεισόδια σε όλη την Ελλάδα.\n\n==Γεννήσεις==\n*[[9]] - [[Βεσπασιανός]], Ρωμαίος αυτοκράτορας\n*[[1503]] - [[Άνιολο Μπροντσίνο]], Ιταλός ζωγράφος\n*[[1582]] - [[Γεώργιος του Μπράουνσβαϊγκ-Λύνεμπουργκ|Γεώργιος]], δούκας του Μπράουνσβαϊγκ-Λύνεμπουργκ\n*[[1755]] - [[Λουδοβίκος ΙΗ΄ της Γαλλίας|Λουδοβίκος ΙΗ΄]], βασιλιάς της Γαλλίας\n*[[1850]] - [[Φρίντριχ Χέρμαν Βόλφερτ]], Γερμανός εκδότης και εφευρέτης\n*[[1887]] - [[Μπέρναρντ Μοντγκόμερυ]], Άγγλος στρατιωτικός\n*[[1896]] - [[Λεβ Βιγκότσκι]], Ρώσος ψυχολόγος\n*[[1902]] - [[Γιουτζίν Γουίγκνερ]], Αμερικανός φυσικομαθηματικός\n*[[1906]] - [[Σοϊτσίρο Χόντα]], Ιάπωνας μηχανικός και επιχειρηματίας\n*[[1923]] - [[Αριστίντες Περέιρα]], πρόεδρος του Πράσινου Ακρωτηρίου\n*[[1928]] - [[Αρμάν Φερναντέζ]], Γάλλος ζωγράφος και γλύπτης\n*[[1930]] - [[Μπομπ Ματάιας]], Αμερικανός αθλητής και πολιτικός\n*[[1935]] - [[Ρόζγουελ Ραντ]], Αμερικανός μουσικός\n*[[1936]] - [[Λαζάρους Σαλί]], πρόεδρος του Παλάου\n*[[1940]] - [[Τάκης Σούκας]], Έλληνας συνθέτης\n*[[1942]] - [[Μάρτιν Σκορσέζε]], Αμερικανός σκηνοθέτης\n*[[1944]] - [[Ρεμ Κούλχαας]], Ολλανδός αρχιτέκτονας\n*[[1944]] - [[Ντάνυ ΝτεΒίτο]], Αμερικανός ηθοποιός, σκηνοθέτης και παραγωγός\n*[[1945]] - [[Αμπντελματζίντ Τεμπούν]], Αλγερινός πολιτικός\n*[[1949]] - [[Τζον Μπένερ]], Αμερικανός πολιτικός\n*[[1949]] - [[Νγκουγιέν Ταν Ντουνγκ]], Βιετναμέζος πολιτικός\n*[[1950]] - [[Ρόλαντ Μάτες]], Γερμανός κολυμβητής\n*[[1951]] - [[Ενρίκε Ροδρίγκεθ]], Ισπανός πυγμάχος\n*[[1952]] - [[Σίριλ Ραμαφόζα]], Νοτιαφρικανός πολιτικός\n*[[1964]] - [[Κριστόφ Βαζέχα]], Πολωνός ποδοσφαιριστής\n*[[1966]] - [[Σοφί Μαρσό]], Γαλλίδα ηθοποιός\n*[[1969]] - [[Ρεμπέκα Γουόκερ]], Αμερικανίδα συγγραφέας\n*[[1974]] - [[Μπέρτο Ρομέρο]], Ισπανός ηθοποιός\n*[[1978]] - [[Ρέιτσελ ΜακΆνταμς]], Καναδή ηθοποιός\n*[[1983]] - [[Γιάννης Μπουρούσης]], Έλληνας καλαθοσφαιριστής\n*[[1986]] - [[Νανί]], Πορτογάλος ποδοσφαιριστής\n\n==Θάνατοι==\n*[[375]] - [[Ουαλεντινιανός Α΄]], Ρωμαίος αυτοκράτορας\n*[[474]] - [[Λέων Β΄]], Βυζαντινός αυτοκράτορας\n*[[594]] - [[Γρηγόριος Τουρώνης]], Γαλάτης επίσκοπος\n*[[1231]] - [[Αγία Ελισάβετ της Ουγγαρίας]]\n*[[1307]] - [[Χετούμ Β΄ της Αρμενίας|Χετούμ Β΄]], βασιλιάς της Αρμενίας\n*[[1417]] - [[Γαζή Αχμέτ Εβρενός]], Οθωμανός στρατηγός\n*[[1494]] - [[Τζοβάννι Πίκο ντελλά Μιράντολα]], Ιταλός φιλόσοφος\n*[[1558]] - [[Μαρία Α΄ της Αγγλίας|Μαρία Α΄]], βασίλισσα της Αγγλίας\n*[[1562]] - [[Αντώνιος της Ναβάρρας|Αντώνιος]], βασιλιάς της Ναβάρρας\n*[[1584]] - [[Έρικ Β΄ του Κάλενμπεργκ]], δούκας του Μπράουνσβαϊγκ-Λύνεμπουργκ\n*[[1592]] - [[Ιωάννης Γ΄ της Σουηδίας|Ιωάννης Γ']], βασιλιάς της Σουηδίας \n*[[1609]] - [[Γιοάχιμ Τάνκε]], Γερμανός ιατρός, ποιητής και αστρονόμος\n*[[1624]] - [[Γιάκομπ Μπέμε]], Γερμανός μυστικιστής\n*[[1747]] - [[Αλαίν Ρενέ Λεσάζ]], Γάλλος συγγραφέας\n*[[1796]] - [[Αικατερίνη Β΄ της Ρωσίας|Αικατερίνη Β΄]], αυτοκράτειρα της Ρωσίας\n*[[1818]] - [[Καρλόττα του Μεκλεμβούργου-Στρέλιτς]], βασίλισσα της Μεγάλης Βρετανίας\n*[[1917]] - [[Ωγκύστ Ροντέν]], Γάλλος γλύπτης\n*[[1924]] - [[Πατριάρχης Γρηγόριος Ζ΄|Γρηγόριος Ζ΄]], Πατριάρχης Κωνσταντινουπόλεως\n*[[1925]] - [[Γιόχαν Άουγκουστ Μπρίνελ]], Σουηδός μεταλλουργός και μηχανικός\n*[[1929]] - [[Χέρμαν Χόλεριθ]], Αμερικανός επιχειρηματίας\n*[[1936]] - [[Αλέξανδρος Παπαναστασίου]], Έλληνας πολιτικός\n*[[1943]] - [[Βασίλειος Σαχίνης]], Έλληνας αγωνιστής\n*[[1947]] - [[Βίκτορ Σερζ]], Ρώσος συγγραφέας και ιστορικός\n*[[1962]] - [[Γαλάτεια Καζαντζάκη]], Ελληνίδα συγγραφέας\n*[[1971]] - [[Γκλάντις Κούπερ]], Αγγλίδα ηθοποιός\n*[[1973]] - [[Ηλίας Μπρεδήμας]], Έλληνας πολιτικός\n*[[1985]] - [[Μιχάλης Καλτεζάς]], Έλληνας μαθητής\n*[[1989]] - [[Μαίρη Γιατρά Λεμού]], Ελληνίδα ηθοποιός\n*[[1990]] - [[Ρόμπερτ Χόφσταντερ]], Αμερικανός φυσικός \n*[[1993]] - [[Γιώργος Μητσάκης]], Έλληνας συνθέτης\n*[[2000]] - [[Λουί Νεέλ]], Γάλλος φυσικός\n*[[2006]] - [[Φέρεντς Πούσκας]], Ούγγρος ποδοσφαιριστής\n*[[2013]] - [[Ντόρις Λέσινγκ]], Βρετανή συγγραφέας\n*[[2017]] - [[Σαλβατόρε Ριίνα]], Ιταλός μαφιόζος\n\n==Αργίες και εορτές==\n\n=== [[Ορθόδοξη Εκκλησία]] ===\n{{Πύλη:Ορθοδοξία/Εορτολόγιο/17 Νοεμβρίου}}\n\n{{Μήνες}}\n\n[[Κατηγορία:Ημέρες του έτους]]"}}}]}]}}