{"batchcomplete":true,"query":{"normalized":[{"fromencoded":false,"from":"17_Μαρτίου","to":"17 Μαρτίου"}],"pages":[{"pageid":1488,"ns":0,"title":"17 Μαρτίου","revisions":[{"slots":{"main":{"contentmodel":"wikitext","contentformat":"text/x-wiki","content":"{{Πηγές|3=2022|2=01|10}}\n{{Μήνες Μαρτίου}}\n\n<center>[[16 Μαρτίου]] | [[17 Μαρτίου]] | [[18 Μαρτίου]]</center>\n\n----\nΗ '''17η Μαρτίου''' είναι η 76η ημέρα του έτους κατά το [[Γρηγοριανό ημερολόγιο]] (77η σε δίσεκτα έτη). Υπολείπονται 289  ημέρες.\n\n{{ΗμερολόγιοΣεΠίνακα|3}}\n\n== Γεγονότα ==\n*[[180]] - Ο [[Μάρκος Αυρήλιος]] πεθαίνει αφήνοντας τον [[Κόμμοδος|Κόμμοδο]] μόνο αυτοκράτορα της [[Ρωμαϊκή Αυτοκρατορία|Ρωμαϊκής Αυτοκρατορίας]].\n*[[455]] - Ο [[Πετρόνιος Μάξιμος]] γίνεται αυτοκράτορας της [[Δυτική Ρωμαϊκή Αυτοκρατορία|Δυτικής Ρωμαϊκής Αυτοκρατορίας]] με την υποστήριξη της [[Ρωμαϊκή σύγκλητος|Ρωμαϊκής συγκλήτου]].\n*[[1337]] - Ο [[Εδουάρδος του Γούντστοκ]] γίνεται δούκας της [[Κορνουάλη]]ς (το πρώτο [[δουκάτο]] στην [[Αγγλία]]).\n*[[1677]] - Κατά τη διάρκεια του [[Γαλλία|Γαλλο]]-[[Ολλανδία|Ολλανδικού]] Πολέμου, λήγει η πολιορκία της [[Βαλανσιέν]] με την κατάληψη της πόλης από τους Γάλλους. \n*[[1776]] - [[Αμερικανική Επανάσταση]]: Οι [[Μεγάλη Βρετανία|βρετανικές]] δυνάμεις εκκενώνουν τη [[Βοστώνη]], δίνοντας τέλος στην πολιορκία της πόλης.\n*[[1805]] - Η [[Ιταλία|Ιταλική Δημοκρατία]], με τον [[Ναπολέων Α΄|Ναπολέοντα]] ως πρόεδρο, γίνεται [[Βασίλειο της Ιταλίας (1805-1814)|Βασίλειο της Ιταλίας]], με τον Ναπολέοντα ως βασιλιά.\n*[[1821]] - [[Ελληνική Επανάσταση του 1821]]: Υψώνεται η σημαία της επανάστασης στην [[Αρεόπολη Λακωνίας]].\n*[[1861]] - Ιδρύεται το [[Βασίλειο της Ιταλίας]].\n*[[1939]] - [[Δεύτερος Σινοϊαπωνικός Πόλεμος]]: Αρχίζει η μάχη της [[Ναντσάνγκ]] μεταξύ του [[Κουομιντάνγκ]] και της [[Ιαπωνία|Ιαπωνίας]].\n*[[1948]] - Το [[Βέλγιο]], η [[Γαλλία]], το [[Ηνωμένο Βασίλειο]] και η [[Ολλανδία]] υπογράφουν τη συνθήκη των [[Βρυξέλλες|Βρυξελλών]], πρόδρομο της Βορειοατλαντικής Συμμαχίας που οδήγησε στην ίδρυση του [[ΝΑΤΟ]].\n*[[1950]] - Ερευνητές του [[Πανεπιστήμιο της Καλιφόρνιας, Μπέρκλεϋ|Πανεπιστημίου της Καλιφόρνιας, Μπέρκλεϋ]] ανακοινώνουν τη δημιουργία του στοιχείου 98, το οποίο ονομάζουν ''[[καλιφόρνιο]]''. \n*[[1959]] - Ο [[Τενζίν Γκιάτσο]], ο 14ος [[Δαλάι Λάμα]], διαφεύγει από το [[Θιβέτ]] στην [[Ινδία]].\n*[[1960]] - Ο [[Ηνωμένες Πολιτείες Αμερικής|Αμερικανός]] πρόεδρος [[Ντουάιτ Αϊζενχάουερ]] υπογράφει την οδηγία του [[Συμβούλιο Εθνικής Ασφαλείας των ΗΠΑ|Συμβουλίου Εθνικής Ασφαλείας των Η.Π.Α.]] σχετικά με το μυστικό πρόγραμμα δράσης στην [[Κούβα]] που θα οδηγήσει τελικά στην [[εισβολή στον Κόλπο των Χοίρων]].\n*[[1963]] - Έκρηξη του ηφαιστείου [[Αγκούνγκ]] στο [[Μπαλί]] σκοτώνει 1.548 άτομα.\n*[[1966]] - [[Ηνωμένες Πολιτείες Αμερικής|Αμερικανικό]] υποβρύχιο βρίσκει μία [[Συντριβή Β-52 στο Παλομάρες (1966)|χαμένη αμερικανική βόμβα υδρογόνου]] στα ανοικτά των ακτών της [[Ισπανία|Ισπανίας]] στη [[Μεσόγειος Θάλασσα|Μεσόγειο Θάλασσα]]. \n*[[1969]] - Η [[Γκόλντα Μέιρ]] γίνεται η πρώτη γυναίκα πρωθυπουργός του [[Ισραήλ]].\n*[[1988]] - Ένα [[Κολομβία|κολομβιανό]] [[Boeing 727]] συντρίβεται σε μια βουνοπλαγιά κοντά στα σύνορα με τη [[Βενεζουέλα]], σκοτώνοντας 143 άτομα.\n*[[1992]] - Βομβιστική επίθεση στην πρεσβεία του [[Ισραήλ]] στο [[Μπουένος Άιρες]] σκοτώνει 22 άτομα και τραυματίζει 242.\n*[[1992]] - Πραγματοποιείται δημοψήφισμα για τον τερματισμό του [[απαρτχάιντ]] στη [[Νότια Αφρική]]. Υπέρ του τερματισμού του απαρτχάιντ ψήφισε το 68,73% έναντι του 31,27% που ψήφισε κατά.\n\n== Γεννήσεις ==\n*[[599]] - [[Αλί ιμπν Αμπού Τάλιμπ]], Άραβας χαλίφης\n*[[763]] - [[Χαρούν αλ Ρασίντ]], Άραβας χαλίφης\n*[[1473]] - [[Ιάκωβος Δ΄ της Σκωτίας|Ιάκωβος Δ΄]], βασιλιάς της Σκωτίας\n*[[1537]] - [[Τογιοτόμι Χιντεγιόσι]], Ιάπωνας πολέμαρχος\n*[[1834]] - [[Γκότλιμπ Ντάιμλερ]], Γερμανός μηχανικός και επιχειρηματίας\n*[[1837]] - [[Κωνσταντίνος Βολανάκης]], Έλληνας ζωγράφος\n*[[1878]] - [[Πήτερ Ουσπένσκι]], Ρώσος μαθηματικός\n*[[1884]] - [[Φρανκ Μπακ]], Αμερικανός κυνηγός\n*[[1890]] - [[Γιώργος Καλαφάτης]], Έλληνας ποδοσφαιριστής\n*[[1906]] - [[Μπριγκίτε Χελμ]], Γερμανίδα ηθοποιός\n*[[1917]] - [[Τάκης Σινόπουλος]], Έλληνας συγγραφέας\n*[[1919]] - [[Νατ Κινγκ Κόουλ]], Αμερικανός τραγουδιστής\n*[[1920]] - [[Τώνης Μαρούδας]], Έλληνας τραγουδιστής\n*[[1929]] - [[Πίτερ Μπέργκερ]], Αυστριακός κοινωνιολόγος\n*[[1938]] - [[Ρούντολφ Νουρέγιεφ]], Ρώσος χορευτής και χορογράφος\n*[[1940]] - [[Γιώργης Γιατρομανωλάκης]], Έλληνας συγγραφέας\n*[[1943]] - [[Μπακίλι Μουλούζι]], πρόεδρος του Μαλάουι\n*[[1944]] - [[Χουάν Ραμόν Βερόν]], Αργεντινός ποδοσφαιριστής\n*[[1948]] - [[Γουίλιαμ Γκίμπσον]], Αμερικανός συγγραφέας\n*[[1951]] - [[Κερτ Ράσελ]], Αμερικανός ηθοποιός\n*[[1952]] - [[Νίκος Ξυδάκης]], Έλληνας συνθέτης\n*[[1955]] - [[Γκάρι Σινίζ]], Αμερικανός ηθοποιός\n*[[1969]] - [[Αλεξάντερ ΜακΚουίν]], Άγγλος σχεδιαστής μόδας\n*[[1972]] - [[Μία Χαμ]], Αμερικανίδα ποδοσφαιρίστρια\n*[[1976]] - [[Άλβαρο Ρεκόμπα]], Ουρουγουανός ποδοσφαιριστής\n*[[1979]] - [[Σαμόα Τζο]], Αμερικανός παλαιστής\n*[[1982]] - [[Στίβεν Πίναρ]], Νοτιοαφρικανός ποδοσφαιριστής\n*[[1983]] - [[Αθηνά-Θεοδώρα Αλεξοπούλου]], Ελληνίδα αθλήτρια\n*[[1983]] - [[Ραούλ Μεϊρέλες]], Πορτογάλος ποδοσφαιριστής\n*[[1986]] - [[Έντιν Τζέκο]], Βόσνιος ποδοσφαιριστής\n*[[1990]] - [[Hozier]], Ιρλανδός τραγουδοποιός\n*[[1992]] - [[Τζον Μπογιέγκα]], Άγγλος ηθοποιός\n\n== Θάνατοι ==\n*[[180]] - [[Μάρκος Αυρήλιος]], Ρωμαίος αυτοκράτορας\n*[[460]] - [[Άγιος Πατρίκιος]], προστάτης Άγιος της Ιρλανδίας\n*[[1040]] - [[Χάρολντ ο Λαγοπόδαρος]], βασιλιάς της Αγγλίας\n*[[1058]] - [[Λούλαχ της Σκωτίας|Λούλαχ]], βασιλιάς της Σκωτίας\n*[[1394]] - [[Λουδοβίκος του Ανγκιάν]], κόμης του Κονβερσάνο και του Μπριέν\n*[[1680]] - [[Φρανσουά ντε Λα Ροσφουκώ]], Γάλλος συγγραφέας\n*[[1782]] - [[Ντάνιελ Μπερνούλι]], Ολλανδός μαθηματικός\n*[[1846]] - [[Φρίντριχ Βίλχελμ Μπέσελ]], Γερμανός μαθηματικός και αστρονόμος\n*[[1849]] - [[Γουλιέλμος Β΄ των Κάτω Χωρών|Γουλιέλμος Β΄]], βασιλιάς των Κάτω Χωρών\n*[[1853]] - [[Κρίστιαν Ντόπλερ]], Αυστριακός φυσικός και μαθηματικός\n*[[1926]] - [[Αλεξέι Αλεξέγεβιτς Μπρουσίλοφ]], Ρώσος στρατηγός\n*[[1935]] - [[Αλέξανδρος Πάλλης]], Έλληνας λογοτέχνης\n*[[1949]] - [[Δημήτρης Πετρακάκος]], Έλληνας νομομαθής και πολιτικός\n*[[1951]] - [[Μητροπολίτης Θεσσαλονίκης Γεννάδιος]]\n*[[1956]] - [[Ιρέν Ζολιό-Κιουρί]], Γαλλίδα χημικός\n*[[1958]] - [[Τζον Μπόλαντ]], Ιρλανδός πολιτικός και αντισφαιριστής\n*[[1967]] - [[Θράσος Καστανάκης]], Έλληνας συγγραφέας\n*[[1974]] - [[Λούις Καν]], Εσθονός αρχιτέκτονας\n*[[1976]] - [[Λουκίνο Βισκόντι]], Ιταλός σκηνοθέτης\n*[[1979]] - [[Τάσος Κολοκυθάς]] Έλληνας πολιτικός\n*[[1985]] - [[Βασίλειος Πετρόπουλος]] Έλληνας Πρύτανης ΑΠΘ\n*[[1988]] - [[Νικόλας Άσιμος]], Έλληνας τραγουδοποιός\n*[[1993]] - [[Έλεν Χέιζ]], Αμερικανίδα ηθοποιός\n*[[2007]] - [[Τάνυα Ράινχαρτ]], Ισραηλινή γλωσσολόγος\n*[[2011]] - [[Χρήστος Τσάγκας]], Έλληνας ηθοποιός\n*[[2017]] - [[Ντέρεκ Γουόλκοτ]], συγγραφέας από την Αγία Λουκία\n\n== Αργίες και εορτές ==\n=== [[Ορθόδοξη Εκκλησία]] ===\n{{Πύλη:Ορθοδοξία/Εορτολόγιο/17 Μαρτίου}}\n\n{{Μήνες}}\n\n[[Κατηγορία:Ημέρες του έτους]]"}}}]}]}}