{"batchcomplete":true,"query":{"normalized":[{"fromencoded":false,"from":"17_Ιουνίου","to":"17 Ιουνίου"}],"pages":[{"pageid":1942,"ns":0,"title":"17 Ιουνίου","revisions":[{"slots":{"main":{"contentmodel":"wikitext","contentformat":"text/x-wiki","content":"{{Μήνες Ιουνίου}}\n\n<center>[[16 Ιουνίου]] | '''17 Ιουνίου''' | [[18 Ιουνίου]]</center>\n\n----\nΗ '''17η Ιουνίου''' είναι η 168η ημέρα του έτους κατά το [[Γρηγοριανό ημερολόγιο]] (169η σε δίσεκτα έτη).  Υπολείπονται 197 ημέρες.\n\n{{ΗμερολόγιοΣεΠίνακα|6}}\n\n== Γεγονότα ==\n*[[1462]] - Ο [[Βλαντ Γ΄ Τσέπες]] επιχειρεί να δολοφονήσει τον [[Μωάμεθ Β΄ ο Πορθητής|Μωάμεθ Β΄]] αναγκάζοντάς τον να αποσυρθεί από τη [[Βλαχία]].\n*[[1579]] - Ο [[Φράνσις Ντρέικ]] αξιώνει για την [[Αγγλία]] μία έκταση γης στην [[Καλιφόρνια]], την οποία ονομάζει «Νέα Αλβιόνα».\n*[[1631]] - Η [[Μουμτάζ Μαχάλ]] πεθαίνει κατά τη διάρκεια του τοκετού. Ο σύζυγός της, Μογγόλος αυτοκράτορας [[Σαχ Τζαχάν]], θα περάσει τα επόμενα 17 χρόνια κτίζοντας το [[μαυσωλείο]] της, [[Τατζ Μαχάλ]].   \n*[[1775]] - [[Αμερικανική Επανάσταση]]: Οι άποικοι προκαλούν βαριές απώλειες στις [[Μεγάλη Βρετανία|βρετανικές]] δυνάμεις ενώ ηττώνται στη μάχη του Μπάνκερ Χιλ.\n*[[1885]] - Το [[Άγαλμα της Ελευθερίας]] φτάνει στο λιμάνι της [[Νέα Υόρκη|Νέας Υόρκης]].\n*[[1930]] - Ο [[Ηνωμένες Πολιτείες Αμερικής|Αμερικανός]] πρόεδρος [[Χέρμπερτ Χούβερ]] υπογράφει τον [[Νόμος Σμουτ-Χόλεϋ|νόμο Σμουτ-Χόλεϋ]].\n*[[1933]] - Στο [[Κάνσας Σίτυ (Μιζούρι)]], τέσσερις πράκτορες του [[FBI]] και ο συλληφθείς φυγάς Φρανκ Νας σκοτώνονται από γκάνγκστερς στην προσπάθειά τους να απελευθερώσουν τον Νας.\n*[[1940]] - Τα [[Βαλτικά κράτη]] [[Εσθονία]], [[Λετονία]] και [[Λιθουανία]] εμπίπτουν στην κατοχή της [[Ένωση Σοβιετικών Σοσιαλιστικών Δημοκρατιών|Σοβιετική Ένωσης]].\n*[[1944]] Το Ολοκαύτωμα της Υπάτης : ΝΑΖΙΣΤΙΚΑ Στρατιωτικά τμήματα επιτέθηκαν κατά της Υπάτης, εκτελώντας 28 άτομα, τραυματίζοντας 30, καταστρέφοντας 375 από τα 400 σπίτια της πόλης, βυζαντινές εκκλησίες και ιστορικά αρχοντικά.\n*[[1944]] - Η [[Ισλανδία]] κηρύσσει την ανεξαρτησία της από τη [[Δανία]] και γίνεται δημοκρατία.\n* [[1953]] - Διαδηλώσεις της 17 Ιουνίου στην [[Ανατολική Γερμανία]] εναντίον της κομμουνιστικής ηγεσίας.\n*[[1963]] - Στον [[Παναγιώτης Πιπινέλης|Παναγιώτη Πιπινέλη]], μέχρι τούδε υπουργό Εμπορίου, ανατίθεται ο σχηματισμός εξωκοινοβουλευτικής [[Κυβέρνηση Παναγιώτη Πιπινέλη 1963|κυβέρνησης]], η οποία θα οδηγήσει τη χώρα σε [[Ελληνικές βουλευτικές εκλογές 1963|εκλογές]].\n*[[1967]] - Η [[Λαϊκή Δημοκρατία της Κίνας]] ανακοινώνει την πρώτη της επιτυχημένη δοκιμή [[Βόμβα υδρογόνου|βόμβας υδρογόνου]].\n* [[1972]] - [[Σκάνδαλο Γουότεργκειτ]]: Πέντε άνθρωποι του [[Λευκός Οίκος|Λευκού Οίκου]] συλλαμβάνονται κάνοντας διάρρηξη στα γραφεία της Δημοκρατικής Εθνικής Επιτροπής, στην προσπάθεια παρακολούθησης της αντιπολίτευσης από το [[Ρεπουμπλικανικό Κόμμα]].\n* [[2012]] - [[Ελληνικές βουλευτικές εκλογές Ιουνίου 2012|Ελληνικές εθνικές βουλευτικές εκλογές]], οι δεύτερες στο ίδιο έτος.\n* [[2018]]- [[Συμφωνία των Πρεσπών|Υπογραφή της συμφωνίας των Πρεσπών μεταξύ Ελλάδας και ΠΓΔΜ]]\n\n== Γεννήσεις ==\n*[[1239]] - [[Εδουάρδος Α΄ της Αγγλίας|Εδουάρδος Α΄]], βασιλιάς της Αγγλίας\n*[[1682]] - [[Κάρολος ΙΒ΄ της Σουηδίας|Κάρολος ΙΒ΄]], βασιλιάς της Σουηδίας\n*[[1818]] - [[Σαρλ Γκουνώ]], Γάλλος συνθέτης\n*[[1832]] - [[Ουίλιαμ Κρουκς]], Άγγλος φυσικός και χημικός\n*[[1882]] - [[Ιγκόρ Στραβίνσκι]], Ρώσος συνθέτης\n*[[1888]] - [[Χάιντς Γκουντέριαν]], Γερμανός στρατηγός\n*[[1898]] - [[Μαουρίτς Κορνέλις Έσερ]], Ολλανδός εικονογράφος\n*[[1900]] - [[Μάρτιν Μπόρμαν]], Γερμανός αξιωματούχος των Ναζί\n*[[1907]] - [[Τσαρλς Ιμς]], Αμερικανός σχεδιαστής και αρχιτέκτονας\n*[[1914]] - [[Τζον Χέρσυ]], Αμερικανός δημοσιογράφος\n*[[1922]] - [[Λιλή Ζωγράφου]], Ελληνίδα συγγραφέας\n*[[1929]] - [[Τιγκράν Πετροσιάν]], Σοβιετικός σκακιστής\n*[[1935]] - [[Χοσέ Μαρία Χιλ Ρόμπλες]], Ισπανός πολιτικός\n*[[1940]] - [[Τζωρτζ Άκερλοφ]], Αμερικανός οικονομολόγος\n*[[1942]] - [[Μοχάμεντ Ελ Μπαραντέι]], Αιγύπτιος διευθυντής της [[Διεθνής Οργάνωση Ατομικής Ενέργειας|Διεθνούς Οργάνωσης Ατομικής Ενέργειας]]\n*[[1944]] - [[Κάρμεν Ρουγγέρη]], Ελληνίδα ηθοποιός \n*[[1948]] - [[Χοακίν Αλμούνια]], Ισπανός πολιτικός\n*[[1956]] - [[Έντγκαρ Τζόουνς]], Αμερικανός καλαθοσφαιριστής\n*[[1958]] - [[Άντριαν Κάμπος]], Ισπανός παλαίμαχος οδηγός αγώνων\n*[[1959]] - [[Νίκος Σταυρόπουλος]], Έλληνας καλαθοσφαιριστής\n*[[1961]] - [[Χρήστος Τσιαμούλης]], Έλληνας μουσικός και τραγουδιστής\n*[[1963]] - [[Γκρεγκ Κινίαρ]], Αμερικανός ηθοποιός\n*[[1971]] - [[Παουλίνα Ρούμπιο]], Μεξικάνα τραγουδίστρια\n*[[1975]] - [[Χλόη Τζόουνς]], Αμερικανίδα πορνογραφική ηθοποιός\n*[[1983]] - [[Βλάσης Καζάκης]], Έλληνας ποδοσφαιριστής\n*[[1983]] - [[Λι Ράιαν]], Άγγλος τραγουδιστής (Blue)\n*[[1985]] - [[Μάρκος Παγδατής]], Κύπριος αντισφαιριστής\n*[[1987]] - [[Κέντρικ Λαμάρ]], Αμερικανός ράπερ\n*[[1990]] - [[Αλάν Τζαγκόεφ]], Ρώσος ποδοσφαιριστής\n*[[1994]] - [[RiskyKidd]], Γερμανός ράπερ\n\n== Θάνατοι ==\n*[[629]] - [[Σαρβαραζάς της Περσίας|Σαρβαραζάς]], βασιλιάς της Περσίας\n*[[676]] - [[Πάπας Αδεοδάτος Β΄]]\n*[[1025]] - [[Μπολέσλαφ Α΄ ο Γενναίος]], βασιλιάς της Πολωνίας\n*[[1119]] - [[Βαλδουίνος Ζ΄ της Φλάνδρας|Βαλδουίνος Ζ΄]], κόμης της Φλάνδρας\n*[[1219]] - [[Δαβίδ του Χάντιγκτον|Δαβίδ]], κόμης του Χάντιγκτον\n*[[1501]] - [[Ιωάννης Α΄ Αλβέρτος της Πολωνίας|Ιωάννης Α΄ Αλβέρτος]], βασιλιάς της Πολωνίας\n*[[1666]] - [[Κάρλο του Φερδινάνδου των Μεδίκων]], Ιταλός καρδινάλιος\n*[[1696]] - [[Γιαν Σομπιέσκι]], βασιλιάς της Πολωνίας\n*[[1719]] - [[Τζόζεφ Άντισον]], Άγγλος πολιτικός και συγγραφέας\n*[[1762]] - [[Προσπέρ Ζολιό ντε Κρεμπιγιόν]], Γάλλος συγγραφέας\n*[[1771]] - [[Δασκαλογιάννης]], Έλληνας αγωνιστής\n*[[1897]] -  [[Μιχαήλ Μελάς]], Έλληνας έμπορος και πολιτικός\n*[[1898]] - [[Έντουαρντ Μπερν - Τζόουνς]], Άγγλος καλλιτέχνης\n*[[1933]] - [[Μελέτιος Σακελλαρόπουλος]], Έλληνας μητροπολίτης\n*[[1949]] - [[Αθανάσιος Μαυροειδής]], Έλληνας πολιτικός\n*[[1969]] - [[Ρίτα Αμπατζή]], Ελληνίδα τραγουδίστρια\n*[[1977]] - [[Περικλής Γαροφάλλου]], Έλληνας πολιτικός\n*[[1980]] - [[Σπυρίδων Βρεττός]] Έλληνας πολιτικός\n*[[1982]] - [[Ρομπέρτο Κάλβι]], Ιταλός τραπεζίτης\n*[[1996]] - [[Τόμας Κουν]], Αμερικανός φιλόσοφος\n*[[2003]] - [[Δημήτριος Μπελδέκος]], Έλληνας δάσκαλος\n*[[2007]] - [[Τζιανφράνκο Φερέ]], Ιταλός σχεδιαστής μόδας\n*[[2008]] - [[Πανουργιάς Πανουργιάς]], Έλληνας στρατιωτικός και πολιτικός\n*[[2009]] - [[Ραλφ Ντάρεντολφ]], Γερμανός κοινωνιολόγος\n*[[2011]] - [[Χαράλαμπος Πρωτοπαπάς]], Έλληνας πολιτικός\n*[[2014]] - [[Σάσα Καστούρα]], Ελληνίδα ηθοποιός\n*[[2015]] - [[Ρον Κλαρκ]], Αυστραλός αθλητής\n*[[2015]] - [[Σουλεϊμάν Ντεμιρέλ]], Τούρκος πολιτικός\n*[[2015]] - [[Τζεραλίν Τάλι]], Αμερικανίδα υπεραιωνόβια\n*[[2017]] - [[Μπόλντουιν Λόνσντεϊλ]], πρόεδρος του Βανουάτου\n*[[2019]] - [[Στέλιος Βαμβακάρης]], Έλληνας τραγουδοποιός\n*[[2023]]- [[wikidata:Q93233224|Γρηγόρης Μ Σηφάκης]] Έλληνας συγγραφέας\n\n== Αργίες και εορτές ==\n* Ημέρα ανεξαρτησίας της [[Ισλανδία]]ς ([[1944]]).\n\n=== [[Ορθόδοξη Εκκλησία]] ===\n{{Πύλη:Ορθοδοξία/Εορτολόγιο/17 Ιουνίου}}\n\n{{Μήνες}}\n\n[[Κατηγορία:Ημέρες του έτους]]"}}}]}]}}