{"batchcomplete":true,"query":{"normalized":[{"fromencoded":false,"from":"17_Ιανουαρίου","to":"17 Ιανουαρίου"}],"pages":[{"pageid":1061,"ns":0,"title":"17 Ιανουαρίου","revisions":[{"slots":{"main":{"contentmodel":"wikitext","contentformat":"text/x-wiki","content":"<center>{{Πηγές|3=2022|2=01|10}}\n[[Νοέμβριος]] | [[Δεκέμβριος]] | '''[[Ιανουάριος]]''' | [[Φεβρουάριος]] | [[Μάρτιος]]</center>\n\n<center>\n[[16 Ιανουαρίου]] | '''17 Ιανουαρίου''' | [[18 Ιανουαρίου]] </center>\n\n----\nΗ '''17η Ιανουαρίου''' είναι η 17η μέρα του έτους κατά το [[Γρηγοριανό ημερολόγιο]]. Υπολείπονται 349 μέρες (350 σε δίσεκτα έτη).\n\n{{ΗμερολόγιοΣεΠίνακα|1}}\n\n== Γεγονότα ==\n{{Commonscat|17 January}}\n*[[38 π.Χ.]] - Ο [[Οκταβιανός Αύγουστος|Οκταβιανός]] παντρεύεται τη [[Λιβία]].\n*[[395]] - Πεθαίνει ο αυτοκράτορας [[Θεοδόσιος Α΄]] και η [[Ρωμαϊκή Αυτοκρατορία]] διαιρείται μόνιμα στη [[Βυζαντινή Αυτοκρατορία]] υπό τον [[Αρκάδιος|Αρκάδιο]], και τη [[Δυτική Ρωμαϊκή Αυτοκρατορία]] υπό τον [[Ονώριος|Ονώριο]]. \n*[[1287]] - Ο βασιλιάς [[Αλφόνσος Γ΄ της Αραγωνίας]] κατακτά τη [[Μινόρκα (Μενόρκα)|Μινόρκα]].\n*[[1377]] - Ο [[Πάπας Γρηγόριος ΙΑ΄]] μεταφέρει την έδρα του [[Πάπας|Πάπα]] από την [[Αβινιόν]] πίσω στη [[Ρώμη]].\n*[[1524]] - Ο [[Τζοβάνι ντα Βερρατσάνο]] σαλπάρει από τη [[Μαδέρα]] προς δυσμάς, για να βρει νέα θαλάσσια οδό προς τον [[Ειρηνικός Ωκεανός|Ειρηνικό Ωκεανό]].\n*[[1562]] - Η [[Γαλλία]] αναγνωρίζει τους [[Ουγενότοι|Ουγενότους]] με το διάταγμα του Σαιν Ζερμέν.\n*[[1773]] - Ο [[Τζέιμς Κουκ]] και το πλήρωμά του γίνονται οι πρώτοι [[Ευρώπη|Ευρωπαίοι]] που πλέουν στον [[Ανταρκτικός κύκλος|Ανταρκτικό Κύκλο]].\n*[[1839]] - Ιδρύεται στο [[Λονδίνο]] η Ιονική Κρατική Τράπεζα, μετέπειτα [[Ιονική και Λαϊκή Τράπεζα]]. \n*[[1852]] - Το [[Ηνωμένο Βασίλειο]] αναγνωρίζει την ανεξαρτησία των αποικιών των [[Μπόερς]] στο [[Τράνσβααλ]].\n*[[1885]] - Οι [[Μεγάλη Βρετανία|βρετανικές]] δυνάμεις νικούν έναν μεγάλο στρατό Μαχδιστών στο [[Χαρτούμ]] του [[Σουδάν]].\n*[[1899]] - Οι [[Ηνωμένες Πολιτείες Αμερικής]] παίρνουν στην κατοχή τους τη [[Νήσος Ουέηκ|νήσο Ουέηκ]] στον [[Ειρηνικός Ωκεανός|Ειρηνικό ωκεανό]].\n*[[1904]] - Ο ''[[Ο Βυσσινόκηπος|Βυσσινόκηπος]]'' του [[Αντόν Τσέχωφ]] κάνει πρεμιέρα στη [[Μόσχα]].\n*[[1912]] - Ο [[Ρόμπερτ Φάλκον Σκοτ]] φτάνει στο [[Νότιος Πόλος|Νότιο Πόλο]] ένα μήνα μετά τον [[Ρόαλντ Αμούνδσεν]].\n*[[1915]] - Η [[Ρωσία]] νικά την [[Οθωμανική Αυτοκρατορία]] στη [[μάχη του Σαρίκαμις]] κατά την [[εκστρατεία του Καυκάσου]] στον [[Α΄ Παγκόσμιος Πόλεμος|Α΄ Παγκόσμιο Πόλεμο]].\n*[[1917]] - Οι [[Ηνωμένες Πολιτείες Αμερικής]] πληρώνουν 25.000.000 δολάρια στη [[Δανία]] για τις [[Αμερικανικές Παρθένοι Νήσοι|Παρθένες Νήσους]].\n*[[1929]] - Ο [[Ποπάι]] κάνει την πρώτη του εμφάνιση σε κόμικ.\n*[[1945]] - [[Β΄ Παγκόσμιος Πόλεμος]]: Δυνάμεις του [[Πολωνία|πολωνικού]] και του [[Κόκκινος Στρατός|Κόκκινου Στρατού]] καταλαμβάνουν τη [[Βαρσοβία]].\n*[[1945]] - Ξεκινά η εκκένωση του [[Στρατόπεδο συγκέντρωσης Άουσβιτς|στρατοπέδου συγκέντρωσης του Άουσβιτς]] καθώς πλησιάζουν οι [[Ένωση Σοβιετικών Σοσιαλιστικών Δημοκρατιών|σοβιετικές]] δυνάμεις.\n*[[1946]] - Το [[Συμβούλιο Ασφαλείας Ηνωμένων Εθνών]] πραγματοποιεί την πρώτη του συνεδρίαση.\n* [[1954]] - Στη [[Γιουγκοσλαβία]], ο [[Γιόσιπ Μπροζ Τίτο]] διώχνει τον [[Μίλοβαν Τζίλας]] από την Κεντρική Επιτροπή του Κομμουνιστικού Κόμματος και ανακοινώνει ότι παρόμοιοι «εχθροί» θα έχουν την ίδια τύχη.\n* [[1959]] - Η [[Σενεγάλη]] και το [[Γαλλικό Σουδάν]] αποφασίζουν να δημιουργήσουν τη Δημοκρατία του Μάλι.\n* [[1959]] - Αγωνίζεται για πρώτη φορά σε ηλικία 17 ετών ο διάσημος Αμερικανός πυγμάχος [[Μοχάμεντ Άλι]], τότε ονομαζόταν ακόμα Κάσιους Κλέι, ανήμερα των γενεθλίων του. Αντίπαλος του είναι Μπένζαμιν Τζάκσονγουόρλντ.\n*[[1961]] - Η κοινοβουλευτική συνέλευση των «έξι» αποφασίζει να συστήσει ειδική επιτροπή για την εξέταση της συμφωνίας σύνδεσης της [[Ελλάδα]]ς με την [[Ευρωπαϊκή Οικονομική Κοινότητα|Ε.Ο.Κ.]]\n* [[1961]] - Ο Αμερικανός Πρόεδρος [[Ντουάιτ Αϊζενχάουερ]] απευθύνεται για τελευταία φορά δημόσια στον αμερικανικό λαό μέσα από τηλεοπτική ομιλία του.\n*[[1961]] - Ο πρώην πρωθυπουργός του [[Λαϊκή Δημοκρατία του Κονγκό|Κονγκό]] [[Πατρίς Λουμούμπα]] δολοφονείται σε περιστάσεις που υποδηλώνουν την υποστήριξη και τη συνενοχή των κυβερνήσεων του [[Βέλγιο|Βελγίου]] και των [[Ηνωμένες Πολιτείες Αμερικής|Ηνωμένων Πολιτειών]]. \n*[[1966]] - [[Συντριβή Β-52 στο Παλομάρες (1966)|Συντριβή Β-52 στο Παλομάρες]]: ένα βομβαρδιστικό [[Boeing B-52 Stratofortress|B-52]] συγκρούεται με ένα αεροσκάφος ΚC-135 ανεφοδιασμού καυσίμων πάνω από την [[Ισπανία]], σκοτώνοντας επτά αεροπόρους και ρίχνοντας τρεις πυρηνικές βόμβες 70 κιλοτόνων κοντά στην πόλη Παλομάρες και άλλη μία στη θάλασσα.\n*[[1967]] - Σε θρίαμβο της [[Μελίνα Μερκούρη|Μελίνας Μερκούρη]] εξελίσσεται η πρεμιέρα τού, βασισμένου στο ''[[Ποτέ την Κυριακή]]'', μιούζικαλ ''Ίλια Ντάρλινγκ'' του [[Ζυλ Ντασέν]], στη [[Φιλαδέλφεια (Πενσυλβάνια)|Φιλαδέλφεια]] των [[Ηνωμένες Πολιτείες Αμερικής|Η.Π.Α.]], αν και το έργο αποδοκιμάζεται από τους κριτικούς.\n* [[1972]] - Στο [[Μπανγκλαντές]], ο Σεΐχης Μουτζιμπούρ Ραχμάν διατάζει τους αντάρτες της Βεγγάλης να παραδώσουν τα όπλα τους.\n* [[1973]] - Ο δικτάτορας των [[Φιλιππίνες|Φιλιππίνων]] [[Φερδινάντο Μάρκος|Φερντινάντ Μάρκος]] γίνεται ισόβιος Πρόεδρος των Φιλιππίνων.\n* [[1974]] - Η [[Αίγυπτος]] και το [[Ισραήλ]] συμφωνούν στο διαχωρισμό των στρατευμάτων στο [[Σουέζ]]. Ανοίγει η [[Διώρυγα Σουέζ|διώρυγα]].\n* [[1981]] - Στις [[Φιλιππίνες]], ο δικτάτορας Μάρκος ελευθερώνει 341 κρατούμενους και αίρει τον στρατιωτικό νόμο, που ίσχυε για 8 χρόνια και 4 μήνες.\n* [[1981]] - Περισσότεροι από 100 οπαδοί της Γκόρνικ και της GKS τραυματίζονται έπειτα από επεισόδια στον αγώνα των δυο ομάδων σε κλειστό γήπεδο στο [[Κατοβίτσε]] της [[Πολωνία]]ς.\n* [[1983]] - Η [[Νιγηρία]] απελαύνει σε μικρό χρονικό διάστημα πάνω από 2 εκατομμύρια παράνομους μετανάστες, λόγω της δύσκολης οικονομικής κατάστασης στην οποία βρίσκεται.\n* [[1984]] - Το ανώτατο δικαστήριο των [[ΗΠΑ]] αποφασίζει, πως η προβολή ταινιών μέσω βίντεο στο σπίτι δεν παραβιάζει τους νόμους σχετικά με τα πνευματικά δικαιώματα, δίνοντας ώθηση στις αλυσίδες ενοικίασης βιντεοκασετών.\n* [[1985]] - Η Μπρίτις Τέλεκομ ανακοινώνει ότι θα καταργήσει τους περίφημους κόκκινους τηλεφωνικούς θαλάμους.\n* [[1986]] - Εγκαινιάζεται το Μουσείο Κυκλαδικής Τέχνης στην Αθήνα.\n* [[1989]] - Αντιδράσεις και απογοήτευση προκαλεί στην [[Ελλάδα]] η χριστουγεννιάτικη πρωτοβουλία του Πάπα να απευθύνει για πρώτη φορά το εορταστικό του μήνυμα στη «μακεδονική», όπως είπε, γλώσσα.\n*[[1991]] - [[Πόλεμος του Κόλπου]]: αρχίζει από νωρίς το πρωί η επιχείρηση Καταιγίδα της Ερήμου. Το [[Ιράκ]] εκτοξεύει οκτώ πυραύλους Σκουντ εναντίον του [[Ισραήλ]] σε μια ανεπιτυχή προσπάθεια να προκαλέσει ισραηλινά αντίποινα.\n* [[1992]] - Το [[Ειδικό Δικαστήριο (Υπουργοδικείο)|Ειδικό Δικαστήριο]] αθωώνει τον [[Ανδρέας Παπανδρέου|Ανδρέα Παπανδρέου]] από τις κατηγορίες για το [[σκάνδαλο Κοσκωτά]], ενώ κηρύττει ενόχους τους πρώην υπουργούς [[Δημήτρης Τσοβόλας|Δ. Τσοβόλα]] και Γ. Πέτσο.\n* [[1992]] - Το [[Ισραήλ]] επιβάλλει απαγόρευση κυκλοφορίας στους Παλαιστινίους, από τη [[Δυτική Όχθη]] μέχρι τη [[Λωρίδα της Γάζας]].\n* [[1993]] - Ο επιθεωρητής του [[ΟΗΕ]] Ταντέους Μαζοβιέτσκι δηλώνει ότι τα Σκόπια έχουν μετατραπεί σε πυριτιδαποθήκη διαφόρων εθνοτήτων.\n* [[1993]] - Στο [[Ιράκ]], [[ΗΠΑ|αμερικανικοί]] πύραυλοι πλήττουν πυρηνικούς σταθμούς και βιομηχανική μονάδα κοντά στη [[Βαγδάτη]].\n* [[1994]] - Στις [[ΗΠΑ]], 61 άτομα είναι οι νεκροί και πάνω από 10.000 οι τραυματίες από το σεισμό 6,6 βαθμών της [[κλίμακα Ρίχτερ|κλίμακας Ρίχτερ]], που πλήττει το [[Λος Άντζελες]].\n* [[1995]] - Ψηφίζεται στη Βουλή ο νέος Στρατιωτικός Ποινικός Κώδικας με τον οποίο καταργείται, μεταξύ άλλων, η θανατική ποινή εν καιρώ ειρήνης.\n* [[1995]] - Καταρχήν συμφωνία για την κατάπαυση του πυρός στην [[Τσετσενία]], επιτυγχάνεται στη συνάντηση του Ρώσου πρωθυπουργού Τσερνομίρντιν με τσετσενική αντιπροσωπεία.\n* [[1995]] - Σεισμός μεγέθους 7,2 [[Ρίχτερ]] χτυπά την πόλη [[Κόμπε]] της [[Ιαπωνία]]ς σκοτώνοντας 5.000 ανθρώπους και προκαλώντας πολλές υλικές ζημιές.\n* [[1997]] - Ισραηλινοί και Παλαιστίνιοι υπογράφουν την επίσημη συμφωνία για τη Χεβρώνα και η πόλη παραδίδεται στην Παλαιστινιακή Αρχή μετά από 30 χρόνια ισραηλινής κατοχής.\n* [[1998]] - η Πόλα Τζόουνς κατηγορεί τον Αμερικανό Πρόεδρο [[Μπιλ Κλίντον]] για [[σεξουαλική παρενόχληση]].\n* [[1999]] - Ο γενικός γραμματέας του [[ΟΗΕ]] [[Κόφι Ανάν]] εισηγείται την αποχώρηση των ειρηνευτικών δυνάμεων από την [[Ανγκόλα]].\n* [[2002]] - Η έκρηξη του ηφαιστείου [[Νιραγκόνγκο]] στη [[Λαϊκή Δημοκρατία του Κονγκό]] εκτιμάται ότι «διώχνει» από τα σπίτια τους 400.000 ανθρώπους.\n* [[2013]] - Ο νεαρός Πακιστανικής καταγωγής [[Δολοφονία του Σαχζάτ Λουκμάν|Σαχζάτ Λουκμάν]] δολοφονήθηκε από μέλη της [[Νεοναζισμός|νεοναζιστικής]] εγκληματικής οργάνωσης [[Χρυσή Αυγή]].\n\n== Γεννήσεις ==\n*[[1250]] - [[Ρουτζέρο ντι Λαούρια]], Ιταλός ναύαρχος\n*[[1342]] - [[Φίλιππος Β΄ της Βουργουνδίας|Φίλιππος Β΄]], δούκας της Βουργουνδίας\n*[[1504]] - [[Πάπας Πίος Ε΄]]\n*[[1600]] - [[Πέδρο Καλντερόν δε λα Μπάρκα]], Ισπανός θεατρικός συγγραφέας\n*[[1706]] - [[Βενιαμίν Φραγκλίνος]], Αμερικανός πολιτικός και εφευρέτης\n*[[1734]] - [[Φρανσουά Ζοζέφ Γκοσέκ]], Γάλλος συνθέτης \n*[[1820]] - [[Αν Μπροντέ]], Αγγλίδα συγγραφέας\n*[[1829]] - [[Κάθριν Μπουθ]], η Μητέρα του [[Στρατός της Σωτηρίας|Στρατού της Σωτηρίας]]\n*[[1863]] - [[Κονσταντίν Στανισλάφσκι]], Ρώσος σκηνοθέτης\n*[[1871]] - [[Νικολάε Γιόργκα]], Ρουμάνος συγγραφέας\n*[[1877]] - [[Φρεντ Φράνσις Μπόσγουορθ]], Αμερικανός ευαγγελιστής\n*[[1899]] - [[Αλ Καπόνε]], Αμερικανός κακοποιός\n*[[1916]] - [[Νίκος Καθαροσπόρης]], Έλληνας πολιτικός\n*[[1931]] - [[Τζέιμς Ερλ Τζόουνς]], Αμερικανός ηθοποιός\n*[[1933]] - [[Δαλιδά]], Γαλλίδα τραγουδίστρια\n*[[1939]] - [[Αρχιεπίσκοπος Χριστόδουλος|Χριστόδουλος]], Αρχιεπίσκοπος Αθηνών και πάσης Ελλάδος\n*[[1940]] - [[Ταμπαρέ Βάσκες]], Ουρουγουανός πολιτικός\n*[[1940]] - [[Κιπτσόγκε Κέινο]], Κενυάτης αθλητής \n*[[1942]] - [[Μοχάμεντ Άλι]], Αμερικανός πυγμάχος\n*[[1942]] - [[Βασίλης Τσιβιλίκας]], Έλληνας ηθοποιός\n*[[1943]] - [[Ρενέ Πρεβάλ]], Αϊτινός πολιτικός\n*[[1949]] - [[Άντι Κάουφμαν]], Αμερικανός κωμικός\n*[[1949]] - [[Σάντρα Μέισον]], δικαστικός από τα Μπαρμπάντος\n*[[1949]] - [[Ανίτα Μποργκ]], Αμερικανίδα επιστήμονας υπολογιστών\n*[[1955]] - [[Μανάσε Σογκαβάρε]], πρωθυπουργός των νήσων Σολομώντα\n*[[1961]] - [[Γιώργος Ανδρέου]], Έλληνας συνθέτης\n*[[1961]] - [[Μάγια Τσιμπουρντανίτζε]], Γεωργιανή σκακίστρια\n*[[1962]] - [[Τζιμ Κάρεϊ]], Καναδός ηθοποιός\n*[[1964]] - [[Μισέλ Ομπάμα]], Πρώτη Κυρία των Η.Π.Α.\n*[[1965]] - [[Νίκος Νιόπλιας]], Έλληνας ποδοσφαιριστής και προπονητής\n*[[1968]] - [[Σβετλάνα Μαστέρκοβα]], Ρωσίδα αθλήτρια\n*[[1969]] - [[Tiësto]], Ολλανδός DJ\n*[[1971]] - [[Γιώργος Μπαλογιάννης]], Έλληνας καλαθοσφαιριστής\n*[[1971]] - [[Ρίτσαρντ Μπερνς]], Άγγλος οδηγός αγώνων\n*[[1971]] - [[Lil Jon]], Αμερικανός ράπερ\n*[[1979]] - [[Αντώνης Μαρτσάκης]], Έλληνας τραγουδιστής και βιολιστής\n*[[1980]] - [[Ζόι Ντεσανέλ]], Αμερικανίδα ηθοποιός\n*[[1982]] - [[Ντουέιν Γουέιντ]], Αμερικανός καλαθοσφαιριστής\n*[[1982]] - [[Ρικάρντο Μπόβιο]], Βραζιλιάνος ποδοσφαιριστής\n\n== Θάνατοι ==\n*[[395]] - [[Θεοδόσιος Α΄]], Ρωμαίος αυτοκράτορας\n*[[1284]] - [[Αλέξανδρος, πρίγκιπας της Σκωτίας]]\n*[[1328]] - [[Όθων Α΄ της Έσσης|Όθων Α΄]], λάντγκραβος της Έσσης\n*[[1334]] - [[Ιωάννης της Βρετάνης]], κόμης του Ρίτσμοντ\n*[[1369]] - [[Πέτρος Α΄ της Κύπρου|Πέτρος Α΄]], βασιλιάς της Κύπρου\n*[[1458]] - [[Λουδοβίκος Α΄ της Έσσης|Λουδοβίκος Α΄]], λάντγκραβος της Έσσης\n*[[1468]] - [[Σκεντέρμπεης]], Αλβανός ηγέτης\n*[[1598]] - [[Φιοντόρ Α΄ της Ρωσίας|Φιοντόρ Α΄]], τσάρος της Ρωσίας\n*[[1686]] - [[Κάρλο Ντόλτσι]], Ιταλός ζωγράφος\n*[[1751]] - [[Τομάζο Αλμπινόνι]], Ιταλός συνθέτης \n*[[1848]] - [[Πετρόμπεης Μαυρομιχάλης]], Έλληνας οπλαρχηγός και πολιτικός\n*[[1863]] - [[Οράς Βερνέ]], Γάλλος ζωγράφος\n*[[1874]] - [[Τσανγκ και Ενγκ Μπάνκερ]], Σιαμαίοι δίδυμοι\n*[[1893]] - [[Ράδερφορντ Χαίηζ]], 19ος πρόεδρος των Η.Π.Α.\n*[[1908]] - [[Φερδινάνδος Δ΄ της Τοσκάνης]]\n*[[1933]] - [[Λούις Τίφανι]], Αμερικανός καλλιτέχνης και σχεδιαστής κοσμημάτων\n*[[1942]] - [[Βάλτερ φον Ράιχεναου]], Γερμανός στρατάρχης\n*[[1961]] - [[Πατρίς Λουμούμπα]], Κονγκολέζος πολιτικός\n*[[1967]] - [[Βασίλειος Κυρέλλος]], Έλληνας πολιτικός\n*[[1973]] - [[Τάκης Χριστοφορίδης]], Έλληνας ηθοποιός\n*[[1977]] - [[Γεώργιος Χατζησταυρής]], Έλληνας στρατιωτικός\n*[[1982]] - [[Θωμάς Ανδρεάδης]], Έλληνας πολιτικός\n*[[1982]] - [[Χουάν Ο'Γκόρμαν]], Μεξικανός αρχιτέκτονας\n*[[1984]] - [[Κώστας Γιαννίδης]], Έλληνας συνθέτης\n*[[1991]] - [[Όλαφ Ε΄ της Νορβηγίας|Όλαφ Ε΄]], βασιλιάς της Νορβηγίας\n*[[1996]] - [[Ανδρέας Ντούτσος]], Έλληνας πολιτικός\n*[[1997]] - [[Κλάιντ Τόμπω]], Αμερικανός αστρονόμος\n*[[2000]] - [[Δημήτριος Παγορόπουλος]], Έλληνας πολιτικός\n*[[2002]] - [[Καμίλο Χοσέ Θέλα]], Ισπανός συγγραφέας\n*[[2003]] - [[Ρίτσαρντ Κρένα]], Αμερικανός ηθοποιός\n*[[2008]] - [[Μπόμπι Φίσερ]], Αμερικανός σκακιστής\n*[[2009]] - [[Δανάη Στρατηγοπούλου]], Ελληνίδα τραγουδίστρια\n*[[2010]] - [[Μιχάλης Παπακωνσταντίνου]], Έλληνας πολιτικός και συγγραφέας\n*[[2013]] - [[Μεχμέτ Αλί Μπιράντ]], Τούρκος δημοσιογράφος\n\n== Αργίες και εορτές ==\n=== [[Ορθόδοξη Εκκλησία]] ===\n{{Πύλη:Ορθοδοξία/Εορτολόγιο/17 Ιανουαρίου}}\n\n{{Μήνες}}\n\n[[Κατηγορία:Ημέρες του έτους]]"}}}]}]}}