{"batchcomplete":true,"query":{"normalized":[{"fromencoded":false,"from":"17_Ιουλίου","to":"17 Ιουλίου"}],"pages":[{"pageid":2865,"ns":0,"title":"17 Ιουλίου","revisions":[{"slots":{"main":{"contentmodel":"wikitext","contentformat":"text/x-wiki","content":"{{Πηγές|3=2022|2=01|10}}\n{{Μήνες Ιουλίου}}\n\n<center>[[16 Ιουλίου]] | '''17 Ιουλίου''' | [[18 Ιουλίου]]</center>\n\n----\nΗ '''17η Ιουλίου''' είναι η 198η ημέρα του έτους κατά το [[Γρηγοριανό ημερολόγιο]] (199η σε δίσεκτα έτη). Υπολείπονται 167 ημέρες.\n\n{{ΗμερολόγιοΣεΠίνακα|7}}\n\n== Γεγονότα ==\n*[[180]] - Δώδεκα [[Άνθρωπος|άνθρωποι]] εκτελούνται στη [[Νουμιδία]] ([[Βόρεια Αφρική]]) λόγω της [[Χριστιανισμός|χριστιανικής]] τους πίστης. Πρόκειται για την παλαιότερη καταγραφή Χριστιανισμού σ' εκείνη την περιοχή.\n*[[1048]] - Ο [[Πάπας Δάμασος Β΄|Δάμασος Β΄]] γίνεται [[Πάπας]].\n*[[1204]] - Οι σταυροφόροι της [[Δ΄ Σταυροφορία|Δ΄ Σταυροφορίας]] καταλαμβάνουν την [[Βυζαντινή Κωνσταντινούπολη|Κωνσταντινούπολη]]. Ο [[Κατάλογος Βυζαντινών αυτοκρατόρων|Βυζαντινός αυτοκράτορας]] [[Αλέξιος Γ´ Άγγελος]] εγκαταλείπει την πόλη.\n*[[1402]] - Ο Γιόνγκλε γίνεται αυτοκράτορας κατά τη διάρκεια της [[Δυναστεία Μινγκ|δυναστείας των Μινγκ]] στην [[Κίνα]].\n*[[1429]] - [[Εκατονταετής Πόλεμος]]: Ο [[Κάρολος Ζ΄ της Γαλλίας|Κάρολος Ζ΄]] στέφεται [[Κατάλογος μοναρχών της Γαλλίας|βασιλιάς της Γαλλίας]] στον [[Καθεδρικός Ναός της Ρενς|Καθεδρικό Ναό της Ρενς]], μετά την επιτυχημένη εκστρατεία της [[Ιωάννα της Λωραίνης|Ιωάννας της Λωραίνης]]. \n*[[1453]] - Μάχη του Καστιγιόν: Στην τελευταία μάχη του [[Εκατονταετής Πόλεμος|Εκατονταετούς Πολέμου]], οι [[Γαλλία|γαλλικές]] δυνάμεις νικούν τις [[Αγγλία|αγγλικές]] στη [[Γασκώνη]].\n*[[1717]] - Ο βασιλιάς [[Γεώργιος Α΄ της Μεγάλης Βρετανίας]] πραγματοποιεί δεξίωση εν πλω στον ποταμό [[Τάμεσης|Τάμεση]], όπου 50 μουσικοί παίζουν για πρώτη φορά τη \"''Μουσική των Νερών''\" του [[Γκέοργκ Φρήντριχ Χαίντελ]]. \n*[[1791]] - Κατά τη διάρκεια της [[Γαλλική Επανάσταση|Γαλλικής Επανάστασης]], η [[Εθνική Φρουρά (Γαλλία)|Γαλλική Εθνική Φρουρά]] υπό τη διοίκηση του [[Ζιλμπέρ ντυ Μοτιέ ντε Λα Φαγιέτ]] [[Σφαγή του Πεδίου του Άρεως|ανοίγει πυρ]] εναντίον του πλήθους που είναι συγκεντρωμένο στο Πεδίο του Άρεως στο [[Παρίσι]], σκοτώνοντας πάνω από 50 άτομα. \n*[[1912]] - Οι κάτοικοι της [[Ικαρία]]ς εκδιώκουν τις μικρές [[Τουρκία|τουρκικές]] φρουρές και ανακηρύσσουν την [[Ελευθέρα Πολιτεία Ικαρίας]].\n*[[1917]] - Ο βασιλιάς [[Γεώργιος Ε΄ του Ηνωμένου Βασιλείου]] εκδίδει διάταγμα σύμφωνα με το οποίο οι άρρενες απόγονοι της [[Βρετανική Βασιλική Οικογένεια|Βρετανικής Βασιλικής Οικογένειας]] θα φέρουν το επώνυμο [[Οίκος του Ουίνδσορ|Ουίνδσορ]].\n*[[1918]] - Ο τσάρος [[Νικόλαος Β΄ της Ρωσίας]], η οικογένειά του και οι υπηρέτες του [[Εκτέλεση της οικογένειας των Ρομάνοφ|εκτελούνται]] από την [[Τσεκά]] των [[Μπολσεβίκοι|Μπολσεβίκων]] στο [[Γεκατερίνμπουργκ]] της [[Ρωσική Σοβιετική Ομοσπονδιακή Σοσιαλιστική Δημοκρατία|Ρωσίας]]. \n*[[1918]] - Το RMS ''Carpathia'', το πλοίο που διέσωσε 705 επιζώντες από τον ''[[Τιτανικός|Τιτανικό]]'', βυθίζεται ανοικτά της [[Ιρλανδία]]ς από το [[Γερμανία|γερμανικό]] υποβρύχιο SM ''U-55''. Πέντε άτομα χάνουν τη ζωή τους. \n*[[1932]] - Ταραχές σημειώνονται στο [[Αμβούργο]] μεταξύ των παραστρατιωτικών δυνάμεων του [[Εθνικοσοσιαλιστικό Γερμανικό Εργατικό Κόμμα|Ναζιστικού Κόμματος]] (των [[Σουτσστάφφελ]] και των [[Sturmabteilung]]) και του Γερμανικού Κομμουνιστικού Κόμματος. \n*[[1936]] - [[Ισπανικός εμφύλιος πόλεμος]]: Οι ένοπλες δυνάμεις εξεγείρονται εναντίον της πρόσφατα εκλεγμένης αριστερής κυβέρνησης του Λαϊκού Μετώπου ξεκινώντας τον εμφύλιο πόλεμο στην [[Ισπανία]]. \n*[[1944]] - [[Β΄ Παγκόσμιος Πόλεμος]]: Στη [[Νορμανδία (διοικητική περιοχή)|Νορμανδία]], ο στρατάρχης [[Έρβιν Ρόμελ]] επιστρέφοντας στην έδρα του βομβαρδίζεται από συμμαχικό αεροσκάφος.  \n*[[1945]] - [[Β΄ Παγκόσμιος Πόλεμος]]: [[Διάσκεψη του Πότσδαμ]]. Οι τρεις κύριοι ηγέτες των [[Συμμαχικές δυνάμεις (Β΄ Παγκόσμιος Πόλεμος)|συμμαχικών δυνάμεων]], ο [[Ουίνστον Τσώρτσιλ]], ο [[Χάρυ Τρούμαν]] και ο [[Ιωσήφ Στάλιν]], συναντώνται στη [[Γερμανία|γερμανική]] πόλη [[Πότσδαμ]] για να αποφασίσουν για το μέλλον της ηττημένης Γερμανίας.\n*[[1953]] - Σε συντριβή αεροσκάφους στη [[Φλόριντα]] σκοτώνονται 43 άτομα, στη μεγαλύτερη απώλεια [[Ηνωμένες Πολιτείες Αμερικής|Αμερικανών]] [[Ανθυπασπιστής|ανθυπασπιστών]] σε ένα μόνο περιστατικό.\n*[[1955]] - Ο [[Γουώλτ Ντίσνεϋ]] εγκαινιάζει και ανοίγει τη [[Disneyland]] στο [[Άναχαϊμ]] της [[Καλιφόρνια]].      \n*[[1968]] - Ανατρέπεται ο Αμπντούλ Ραχμάν Αρίφ και εγκαθίσταται το Κόμμα Μπάαθ ως η κυρίαρχη δύναμη στο [[Ιράκ]] με τον Αχμέντ Χασάν αλ-Μπακρ ως νέο πρόεδρο της χώρας.\n*[[1973]] - Ο βασιλιάς [[Μοχάμεντ Ζαχίρ Σαχ]] του [[Αφγανιστάν]], [[Πραξικόπημα στο Αφγανιστάν το 1973|εκθρονίζεται]] από τον ξάδελφό του [[Μοχάμεντ Νταούντ Χαν]], ενώ βρίσκεται για χειρουργική επέμβαση στην Ιταλία.\n*[[1976]] - Το [[Ανατολικό Τιμόρ]] προσαρτάται και γίνεται η 27η επαρχία της [[Ινδονησία]]ς.\n*[[1976]] - Η τελετή έναρξης των [[Θερινοί Ολυμπιακοί Αγώνες 1976|Θερινών Ολυμπιακών Αγώνων]] στο [[Μόντρεαλ]] μποϊκοτάρεται από 25 [[Αφρική|αφρικανικές]] ομάδες λόγω της συμμετοχής της [[Νέα Ζηλανδία|Νέας Ζηλανδίας]]. Σε αντίθεση με τις αποφάσεις άλλων διεθνών αθλητικών οργανισμών, η [[Διεθνής Ολυμπιακή Επιτροπή]] είχε αρνηθεί να αποκλείσει τη Νέα Ζηλανδία λόγω της συμμετοχής της σε αθλητικά γεγονότα στη [[Νότια Αφρική]] κατά τη διάρκεια του [[απαρτχάιντ]].\n\n== Γεννήσεις ==\n*[[1797]] - [[Ιπολίτ-Πωλ Ντελαρός]], Γάλλος ζωγράφος\n*[[1887]] - [[Τζακ Κόνγουεϊ]], Αμερικανός σκηνοθέτης\n*[[1888]] - [[Σαμουήλ Ιωσήφ Άγκνον]], Ισραηλινός συγγραφέας\n*[[1894]] - [[Ζωρζ Λεμαίτρ]], Βέλγος ιερέας, αστρονόμος και κοσμολόγος\n*[[1899]] - [[Τζέιμς Κάγκνεϊ]], Αμερικανός ηθοποιός\n*[[1906]] - [[Θεμιστοκλής Τσάτσος]], Έλληνας πολιτικός\n*[[1913]] - [[Ροζέ Γκαρωντύ]], Γάλλος πολιτικός\n*[[1913]] - [[Μπέρτραντ Γκόλντμπεργκ]], Αμερικανός αρχιτέκτονας\n*[[1917]] - [[Κενάν Εβρέν]], Τούρκος στρατιωτικός και πολιτικός\n*[[1922]] - [[Άριε Φερμίρ]], Ολλανδός ποδοσφαιριστής\n*[[1932]] - [[Κίνο (Σκιτσογράφος)|Κίνο]], Αργεντίνος σκιτσογράφος\n*[[1935]] - [[Ντόναλντ Σάδερλαντ]], Καναδός ηθοποιός\n*[[1940]] - [[Μαρίνα Καρέλλα]], Ελληνίδα καλλιτέχνης\n*[[1944]] - [[Μίνα Αδαμάκη]], Ελληνίδα ηθοποιός\n*[[1944]] - [[Κάρλος Αλμπέρτο Τόρες]], Βραζιλιάνος ποδοσφαιριστής και προπονητής\n*[[1947]] - [[Καμίλα, Δούκισσα της Κορνουάλης]]\n*[[1949]] - [[Γκίζερ Μπάτλερ]], Άγγλος μπασίστας ([[Black Sabbath]], [[Heaven and Hell (συγκρότημα)|Heaven and Hell]])\n*[[1949]] - [[Λάκης Νικολάου]], Έλληνας ποδοσφαιριστής\n*[[1952]] - [[Ντέιβιντ Χέισελχοφ]], Αμερικανός ηθοποιός και τραγουδιστής\n*[[1954]] - [[Άνγκελα Μέρκελ]], Γερμανίδα πολιτικός\n*[[1954]] - [[Έντουαρντ Ναταπέι]], πρωθυπουργός του Βανουάτου\n*[[1955]] - [[Λι Κετσιάνγκ]], Κινέζος πολιτικός\n*[[1957]] - [[Μαρίνος Σιζόπουλος]], Κύπριος πολιτικός\n*[[1958]] - [[Γουόνγκ Καρ Γουάι]], Κινέζος σκηνοθέτης\n*[[1961]] - [[Γκουρού (ράπερ)|Γκουρού]], Αμερικανός ράπερ\n*[[1963]] - [[Λετσίε Γ΄ του Λεσότο|Λετσίε Γ΄]], βασιλιάς του Λεσότο\n*[[1964]] - [[Παναγιώτης Φωτίου]], Έλληνας αθλητής\n*[[1978]] - [[Εμιλί Σιμόν]], Γαλλίδα τραγουδίστρια\n*[[1983]] - [[Μάρκο Νε]], Ιβοριανός ποδοσφαιριστής\n*[[1984]] - [[Σωτήρης Λεοντίου]], Έλληνας ποδοσφαιριστής\n*[[1988]] - [[Σάμμερ Μπίσιλ]], Αμερικανίδα ηθοποιός\n\n== Θάνατοι ==\n*[[855]] - [[Πάπας Λέων Δ΄]]\n*[[924]] - [[Εδουάρδος ο Πρεσβύτερος]], βασιλιάς της Αγγλίας\n*[[1070]] - [[Βαλδουίνος ΣΤ΄ της Φλάνδρας|Βαλδουίνος ΣΤ΄]], κόμης της Φλάνδρας\n*[[1085]] - [[Ροβέρτος Γυισκάρδος]], Νορμανδός τυχοδιώκτης\n*[[1091]] - [[Ντιρκ Ε΄ της Ολλανδίας|Ντιρκ Ε΄]], κόμης της Ολλανδίας\n*[[1210]] - [[Σβέρκερ Β΄ της Σουηδίας|Σβέρκερ Β΄]], βασιλιάς της Σουηδίας\n*[[1383]] - [[Ιάκωβος των Μπω]], Λατίνος αυτοκράτορας\n*[[1399]] - [[Γιαντβίγκα της Πολωνίας|Γιαντβίγκα]], βασίλισσα της Πολωνίας\n*[[1588]] - [[Μιμάρ Σινάν]], Οθωμανός αρχιτέκτονας και μηχανικός\n*[[1762]] - [[Πέτρος Γ΄ της Ρωσίας|Πέτρος Γ΄]], τσάρος της Ρωσίας\n*[[1790]] - [[Άνταμ Σμιθ]], Σκωτσέζος οικονομολόγος και φιλόσοφος\n*[[1793]] - [[Σαρλότ Κορντέ]], Γαλλίδα δολοφόνος του [[Ζαν Πωλ Μαρά]]\n*[[1888]] - [[Κωνσταντίνος Λομβάρδος]], Έλληνας πολιτικός\n*[[1910]] - [[Αλέξανδρος Βογορίδης]], Οθωμανός αξιωματούχος\n*[[1912]] - [[Ανρί Πουανκαρέ]], Γάλλος μαθηματικός\n*[[1918]] - [[Μεγάλη Δούκισσα Αναστασία της Ρωσίας]]\n*[[1918]] - [[Αλεξέι Νικολάγιεβιτς, Τσεσαρέβιτς της Ρωσίας]]\n*[[1918]] - [[Νικόλαος Β΄ της Ρωσίας|Νικόλαος Β΄]], αυτοκράτορας της Ρωσίας\n*[[1926]] - [[Αουγκούστους Μουρ Χέρινγκ]], Αμερικανός αεροπόρος\n*[[1928]] - [[Τζοβάννι Τζολίττι]], Ιταλός πολιτικός\n*[[1935]] - [[Αιμίλιος Ριάδης]], Έλληνας συνθέτης\n*[[1945]] - [[Ερνστ Μπους]], Γερμανός στρατάρχης\n*[[1946]] - [[Ντράζα Μιχαήλοβιτς]], Σέρβος στρατηγός, αρχηγός των Τσέτνικ\n*[[1959]] - [[Μπίλι Χόλιντεϊ]], Αμερικανίδα τραγουδίστρια\n*[[1967]] - [[Τζον Κολτρέιν]], Αμερικανός σαξοφωνίστας και συνθέτης\n*[[1971]] - [[Κλιφ Έντουαρντς]], Αμερικανός μουσικός\n*[[1980]] - [[Αθανάσιος Αυγερινός]], Έλληνας πολιτικός\n*[[1989]] - [[Πωλ Λεμέρλ]], Γάλλος βυζαντινολόγος\n*[[1995]] - [[Χουάν Μανουέλ Φάντζιο]], Αργεντινός οδηγός αγώνων\n*[[2003]] - [[Αμπντουλάχ Γιακτά]], Αφγανός πολιτικός\n*[[2005]] - [[Έντουαρντ Χιθ]], Άγγλος πολιτικός\n*[[2009]] - [[Λέζεκ Κολακόφσκι]], Πολωνός φιλόσοφος\n*[[2009]] - [[Γουόλτερ Κρόνκαϊτ]], Αμερικανός δημοσιογράφος\n*[[2012]] - [[Γιώργος Μούτσιος]], Έλληνας ηθοποιός και τραγουδιστής\n*[[2015]] - [[Ζυλ Μπιανκί]], Γάλλος οδηγός αγώνων\n*[[2021]] - [[Φιλιώ Πυργάκη]], Ελληνίδα τραγουδίστρια\n\n== Αργίες και εορτές ==\n=== [[Ορθόδοξη Εκκλησία]] ===\n{{Πύλη:Ορθοδοξία/Εορτολόγιο/17 Ιουλίου|Επέτειοι=}}\n\n{{Μήνες}}\n\n[[Κατηγορία:Ημέρες του έτους]]"}}}]}]}}