{"batchcomplete":true,"query":{"normalized":[{"fromencoded":false,"from":"17_Μαΐου","to":"17 Μαΐου"}],"pages":[{"pageid":1850,"ns":0,"title":"17 Μαΐου","revisions":[{"slots":{"main":{"contentmodel":"wikitext","contentformat":"text/x-wiki","content":"{{Μήνες Μαΐου}}\n\n<center>[[16 Μαΐου]] | '''17 Μαΐου''' | [[18 Μαΐου]]</center>\n\n----\nΗ '''17η Μαΐου''' είναι η 137η ημέρα του έτους κατά το [[Γρηγοριανό ημερολόγιο]] (138η σε δίσεκτα έτη). Υπολείπονται 228 ημέρες.\n\n{{ΗμερολόγιοΣεΠίνακα|5}}\n\n== Γεγονότα ==\n*[[1521]] - Ο Εδουάρδος Στάφορντ, 3ος δούκας του Μπάκιγχαμ, [[Θανατική ποινή|εκτελείται]] για [[προδοσία]].\n*[[1536]] - Ο Γεώργιος Μπολέυν και άλλα τέσσερα άτομα εκτελούνται για [[προδοσία]].\n*[[1536]] - Ακυρώνεται ο γάμος του [[Ερρίκος Η΄ της Αγγλίας|Ερρίκου Η΄ της Αγγλίας]] και της [[Άννα Μπολέυν|Άννας Μπολέυν]].\n*[[1590]] - Η [[Άννα της Δανίας]] στέφεται βασίλισσα της [[Σκωτία]]ς.\n*[[1642]] - Ο Πωλ Σομεντύ ντε Μαιζονέβ ιδρύει την αποικία Βιλ Μαρί, το σημερινό [[Μόντρεαλ]].\n*[[1673]] - Ο Λουί Ζολιέ και ο Ζακ Μαρκέτ αρχίζουν την εξερεύνηση του [[Ποταμός Μισσισσιππής|ποταμού Μισσισσιππή]].\n*[[1792]] - Ιδρύεται το [[Χρηματιστήριο της Νέας Υόρκης]].\n*[[1805]] - Ο [[Μεχμέτ Αλή Πασάς]] γίνεται [[βαλής]] της [[Αίγυπτος|Αιγύπτου]].\n*[[1809]] - Ο [[Ναπολέων Α΄]] διατάσσει την προσάρτηση των [[Παπικά Κράτη|Παπικών Κρατών]] στην [[Πρώτη Γαλλική Αυτοκρατορία]].\n*[[1814]] - Υπογράφεται το Σύνταγμα της [[Νορβηγία]]ς και ο διάδοχος [[Χριστιανός Η΄ της Δανίας|Χριστιανός Φρειδερίκος της Δανίας]] εκλέγεται βασιλιάς της Νορβηγίας. \n*[[1821]] - Κήρυξη της Επανάστασης στη [[Μακεδονία]]: ο [[Εμμανουήλ Παππάς]] κηρύσσει την Επανάσταση στις Καρυές του Αγίου Όρους και στον Πολύγυρο Χαλκιδικής.\n*[[1859]] - Κωδικοποιούνται οι πρώτοι κανόνες του [[Αυστραλιανό ποδόσφαιρο|αυστραλιανού ποδοσφαίρου]].\n*[[1863]] - Η [[Ροσαλία δε Κάστρο]] δημοσιεύει τα ''Cantares Gallegos'', το πρώτο βιβλίο στη [[γαλικιανή γλώσσα]].\n*[[1865]] - Ιδρύεται η [[Διεθνής Ένωση Τηλεπικοινωνιών]].\n*[[1902]] - Ο [[Έλληνες|Έλληνας]] αρχαιολόγος [[Βαλέριος Στάης]] ανακαλύπτει τον [[Μηχανισμός των Αντικυθήρων|μηχανισμό των Αντικυθήρων]], έναν αρχαίο μηχανικό [[Αναλογικός υπολογιστής|αναλογικό υπολογιστή]].\n*[[1914]] - Υπογράφεται το [[Πρωτόκολλο της Κέρκυρας]], με το οποίο αναγνωρίζεται η [[Αυτόνομος Δημοκρατία της Βορείου Ηπείρου|πλήρης αυτονομία]] της [[Βόρεια Ήπειρος|Βορείου Ηπείρου]] υπό την [[Αλβανία|αλβανική]] κυριαρχία.\n*[[1940]] - [[Β΄ Παγκόσμιος Πόλεμος]]: Τα [[Ναζιστική Γερμανία|γερμανικά]] στρατεύματα καταλαμβάνουν τις [[Περιοχή των Βρυξελλών|Βρυξέλλες]].\n*[[1944]] - Ξεκινά το [[Συνέδριο του Λιβάνου]].\n*[[1967]] - [[Πόλεμος των Έξι Ημερών]]: Ο [[πρόεδρος της Αιγύπτου]] [[Γκαμάλ Άμπντελ Νάσερ]] ζητάει την αποχώρηση της ειρηνευτικής δύναμης των [[Οργανισμός Ηνωμένων Εθνών|Ηνωμένων Εθνών]] από την [[Αίγυπτος|Αίγυπτο]].\n\n== Γεννήσεις ==\n*[[1443]] - [[Εδμόνδος, κόμης του Ράτλαντ]]\n*[[1490]] - [[Αλβέρτος της Πρωσίας (1490-1568)|Αλβέρτος]], δούκας της Πρωσίας\n*[[1500]] - [[Στανίσλαφ Α΄ της Μασοβίας]], Πολωνός δούκας\n*[[1682]] - [[Βαρθολομαίος Ρόμπερτς]], Ουαλός πειρατής\n*[[1749]] - [[Έντουαρντ Τζέννερ]], Άγγλος ιατρός και επιστήμονας\n*[[1836]] - [[Τζόζεφ Λόκυερ]], Άγγλος αστρονόμος\n*[[1873]] - [[Ανρί Μπαρμπύς]], Γάλλος συγγραφέας\n*[[1875]] - [[Ανδρέας Μιχαλακόπουλος]], Έλληνας πολιτικός\n*[[1886]] - [[Αλφόνσος ΙΓ΄ της Ισπανίας|Αλφόνσος ΙΓ΄]], βασιλιάς της Ισπανίας\n*[[1891]] - [[Αλεξάνδρα του Φάιφ]], Αγγλίδα πριγκίπισσα\n*[[1891]] - [[Ναπολέων Ζέρβας]], Έλληνας αντιστασιακός\n*[[1897]] - [[Οντ Χάσελ]], Νορβηγός χημικός\n*[[1904]] - [[Ζαν Γκαμπέν]], Γάλλος ηθοποιός\n*[[1911]] - [[Μορίν Ο'Σάλιβαν]], Ιρλανδή ηθοποιός\n*[[1926]] - [[Γιώργος Σκαλενάκης]], Έλληνας σκηνοθέτης\n*[[1929]] - [[Άνα Μαρία]], πολιτικός από το Ελ Σαλβαδόρ\n*[[1931]] - [[Μένης Κουμανταρέας]], Έλληνας συγγραφέας\n*[[1933]] - [[Γελένα Γκορτσακόβα]], Ρωσίδα ακοντίστρια\n*[[1943]] - [[Βίκυ Μοσχολιού]], Ελληνίδα τραγουδίστρια\n*[[1946]] - [[Ούντο Λίντενμπεργκ]], Γερμανός μουσικός\n*[[1950]] - [[Χάουαρντ Άσμαν]], Αμερικανός στιχουργός\n*[[1950]] - [[Γιάνεζ Ντρνόβσεκ]], Σλοβένος πολιτικός\n*[[1953]] - [[Κασίμ-Τζομάρτ Τοκάγιεφ]], πολιτικός από το Καζακστάν\n*[[1955]] - [[Βισέντε Εσταβίγιο]], Ουρουγουανός ποδοσφαιριστής\n*[[1955]] - [[Μπιλ Πάξτον]], Αμερικανός ηθοποιός\n*[[1957]] - [[Έλλη Πασπαλά]], Ελληνίδα τραγουδίστρια\n*[[1961]] - [[Ένια (τραγουδίστρια)|Ένια]], Ιρλανδή τραγουδοποιός\n*[[1964]] - [[Στράτος Αποστολάκης]], Έλληνας ποδοσφαιριστής\n*[[1965]] - [[Κάτια Νικολαΐδου]], Ελληνίδα ηθοποιός\n*[[1967]] - [[Μοχάμετ Νασίντ]], πρόεδρος των Μαλδίβων\n*[[1979]] - [[Ουέιν Τόμας]], Άγγλος ποδοσφαιριστής\n*[[1982]] - [[Τόνι Πάρκερ]], Γάλλος καλαθοσφαιριστής\n*[[1985]] - [[Ντέρεκ Χαφ]], Αμερικανός χορευτής\n\n== Θάνατοι ==\n*[[1510]] - [[Σάντρο Μποττιτσέλλι]], Ιταλός ζωγράφος\n*[[1727]] - [[Αικατερίνη Α΄ της Ρωσίας|Αικατερίνη Α΄]], αυτοκράτειρα της Ρωσίας\n*[[1838]] - [[Σαρλ-Μωρίς ντε Ταλλεϋράν-Περιγκόρ]], Γάλλος διπλωμάτης\n*[[1917]] - [[Ραντομίρ Πούτνικ]], Σέρβος στρατιωτικός\n*[[1919]] - [[Γκουίντο φον Λιστ]], Αυστριακός συγγραφέας\n*[[1936]] - [[Παναγής Τσαλδάρης]], Έλληνας πολιτικός\n*[[1960]] - [[Ιωάννης Γεωργιάδης (ολυμπιονίκης)|Ιωάννης Γεωργιάδης]], Έλληνας ξιφομάχος\n*[[1980]] - [[Αντώνης Βουσβούνης]], Έλληνας λογοτέχνης\n*[[1984]] - [[Χρήστος Δέπας]], Έλληνας πολιτικός\n*[[1993]] - [[Αναστάσιος Βγενόπουλος]], Έλληνας πολιτικός\n*[[1998]] - [[Ειρήνη Μάρρα]], Ελληνίδα συγγραφέας\n*[[2004]] - [[Εζεντίν Σαλίμ]], Ιρακινός πολιτικός\n*[[2007]] - [[Ευγένιος Ουέμπερ]], Αμερικανός ιστορικός\n*[[2008]] - [[Καίτη Πάνου]], Ελληνίδα ηθοποιός\n*[[2012]] - [[Ντόνα Σάμερ]], Αμερικανίδα τραγουδίστρια\n*[[2013]] - [[Χόρχε Ραφαέλ Βιδέλα]], Αργεντινός στρατηγός και πολιτικός\n*[[2014]] - [[Άννα Πολλάτου]], Ελληνίδα αθλήτρια\n*[[2017]] - [[Αριστείδης Αλαφούζος]], Έλληνας εφοπλιστής\n*[[2017]] - [[Τόζα Βεσελίνοβιτς]], Σέρβος ποδοσφαιριστής και προπονητής\n*[[2022]] - [[Βαγγέλης Παπαθανασίου]], Έλληνας μουσικός και συνθέτης\n\n== Αργίες και εορτές ==\n\n* Παγκόσμια Ημέρα κατά της ομοφοβίας\n* Παγκόσμια Ημέρα [[Τηλεπικοινωνίες|Τηλεπικοινωνιών]] και Κοινωνίας της Πληροφορίας\n\n=== [[Ορθόδοξη Εκκλησία]] ===\n{{Πύλη:Ορθοδοξία/Εορτολόγιο/17 Μαΐου}}\n\n{{Μήνες}}\n\n[[Κατηγορία:Ημέρες του έτους]]"}}}]}]}}