{"batchcomplete":true,"query":{"normalized":[{"fromencoded":false,"from":"18_Νοεμβρίου","to":"18 Νοεμβρίου"}],"pages":[{"pageid":3573,"ns":0,"title":"18 Νοεμβρίου","revisions":[{"slots":{"main":{"contentmodel":"wikitext","contentformat":"text/x-wiki","content":"{{Μήνες Νοεμβρίου}}\n\n<center>[[17 Νοεμβρίου]] | [[18 Νοεμβρίου]] | [[19 Νοεμβρίου]]</center>\n\n----\nΗ '''18η Νοεμβρίου''' είναι η 322η ημέρα του έτους κατά το [[Γρηγοριανό ημερολόγιο]] (323η σε δίσεκτα έτη). Υπολείπονται 43 ημέρες.\n\n{|width=100%\n| __TOC__\n| {{ΗμερολόγιοΣεΠίνακα|11}}\n|}\n\n== Γεγονότα ==\n*[[1095]] - Αρχίζει η σύνοδος του [[Κλερμόν-Φεράν|Κλερμόν]]: Συγκλήθηκε από τον [[Πάπας Ουρβανός Β΄|Πάπα Ουρβανό Β΄]] και οδήγησε στην [[Α΄ Σταυροφορία]] στους [[Άγιοι Τόποι|Αγίους Τόπους]].  \n*[[1105]] – Ο Ματζινούλφο εκλέγεται [[Αντίπαπας]] ως [[Αντίπαπας Σιλβέστρος Δ΄|Σιλβέστρος Δ΄]].\n*[[1210]] - Ο [[Πάπας Ιννοκέντιος Γ΄]] [[Θρησκευτικές ποινές|αφορίζει]] τον [[Αυτοκράτορας της Αγίας Ρωμαϊκής Αυτοκρατορίας|αυτοκράτορα της Αγίας Ρωμαϊκής Αυτοκρατορίας]] [[Όθων Δ΄ της Αγίας Ρωμαϊκής Αυτοκρατορίας|Όθωνα Δ΄]]. \n*[[1302]] – Ο [[Πάπας Βονιφάτιος Η΄]] εκδίδει την παπική Βούλα ''Unam sanctam'', ισχυριζόμενος την πνευματική υπεροχή του παπισμού. \n*[[1626]] - Εγκαινιάζεται η νέα [[Βασιλική του Αγίου Πέτρου]].\n*[[1809]] - Κατά τη διάρκεια των [[Ναπολεόντειοι Πόλεμοι|Ναπολεόντειων Πολέμων]], οι [[Γαλλία|γαλλικές]] [[Φρεγάτα|φρεγάτες]] νικούν τον στόλο της [[Βρετανική Εταιρεία Ανατολικών Ινδιών|Βρετανικής Εταιρείας Ανατολικών Ινδιών]] σε ναυμαχία στον [[Κόλπος της Βεγγάλης|κόλπο της Βεγγάλης]].\n*[[1863]] - Ο βασιλιάς [[Χριστιανός Θ΄ της Δανίας]] υπογράφει το σύνταγμα του Νοεμβρίου που δηλώνει ότι το [[Σλέσβιχ]] αποτελεί τμήμα της [[Δανία]]ς. Αυτό θεωρείται παραβίαση του [[Πρωτόκολλο του Λονδίνου (1852)|Πρωτοκόλλου του Λονδίνου]] από τη [[Γερμανική Συνομοσπονδία]] και θα οδηγήσει σε πόλεμο τις δύο χώρες.\n*[[1905]] - Ο πρίγκιπας Κάρολος της [[Δανία]]ς γίνεται βασιλιάς της [[Νορβηγία]]ς ως [[Χάακον Ζ΄ της Νορβηγίας|Χάακον Ζ΄]].\n*[[1909]] - Δύο [[Ηνωμένες Πολιτείες Αμερικής|αμερικανικά]] [[Πολεμικό πλοίο|πολεμικά πλοία]] αποστέλλονται στη [[Νικαράγουα]] μετά από την εκτέλεση 500 επαναστατών (συμπεριλαμβανομένων δύο Αμερικανών).\n*[[1916]] - [[Α΄ Παγκόσμιος Πόλεμος]]: [[Μάχη του Σομμ]]. Στη [[Γαλλία]], ο διοικητής της [[Μεγάλη Βρετανία|βρετανικής]] εκστρατευτικής δύναμης Ντάγκλας Χέιγκ δίνει τέλος στη μάχη που ξεκίνησε την [[1 Ιουλίου|1η Ιουλίου]] του 1916.\n*[[1918]] - Η [[Λετονία]] κηρύσσει την ανεξαρτησία της από τη [[Ρωσία]].\n*[[1928]] – Κάνει πρεμιέρα η μικρού μήκους ταινία κινουμένων σχεδίων ''Το ατμόπλοιο του Γουίλι'' (Steamboat Willie), η πρώτη του είδους με πλήρως συγχρονισμένο ήχο, με την τρίτη εμφάνιση των χαρακτήρων [[Μίκυ Μάους]] και [[Μίννι Μάους]]. Αυτή θεωρείται από την εταιρεία του [[Γουώλτ Ντίσνεϋ]] ως η γενέθλια μέρα του Μίκυ Μάους.\n*[[1929]] - [[Σεισμός]] μεγέθους 7,2 βαθμών της [[Κλίμακα Ρίχτερ|κλίμακας Ρίχτερ]], στα ανοικτά των νότιων ακτών της [[Νέα Γη|Νέας Γης]] στον [[Ατλαντικός Ωκεανός|Ατλαντικό Ωκεανό]], καταστρέφει 12 υποθαλάσσια υπερατλαντικά τηλεγραφικά καλώδια και ενεργοποιεί [[τσουνάμι]].\n*[[1940]] - [[Β΄ Παγκόσμιος Πόλεμος]]: Ο [[Αδόλφος Χίτλερ]] και ο [[Ιταλία|Ιταλός]] υπουργός Εξωτερικών [[Γκαλεάτσο Τσιάνο]] συναντώνται για να συζητήσουν για τον καταστροφικό για τον [[Μπενίτο Μουσολίνι]] [[Ελληνοϊταλικός Πόλεμος|ελληνοϊταλικό πόλεμο]].\n*[[1943]] - [[Β΄ Παγκόσμιος Πόλεμος]]: Μάχη του [[Βερολίνο]]υ. 440 αεροπλάνα της [[Βασιλική Πολεμική Αεροπορία (Βρετανία)|βρετανικής Βασιλικής Πολεμικής Αεροπορίας]] (RAF) βομβαρδίζουν το Βερολίνο. Η RAF χάνει εννέα αεροπλάνα.\n*[[1947]] - Πυρκαγιά σε πολυκατάστημα στο [[Κράισττσερτς]] της [[Νέα Ζηλανδία|Νέας Ζηλανδίας]] σκοτώνει 41 άτομα. Είναι η χειρότερη καταστροφή από πυρκαγιά στην ιστορία της Νέας Ζηλανδίας.\n*[[1978]] - Στο [[Τζόουνσταουν]], στη [[Γουιάνα]], ο [[Τζιμ Τζόουνς]] οδηγεί τα μέλη του Ναού του Λαού σε μαζική δολοφονία-αυτοκτονία 918 ανθρώπων, 909 εκ των οποίων στην ίδια την Τζόουνσταουν, συμπεριλαμβανομένων άνω των 270 παιδιών. Ώρες νωρίτερα, μέλη του Ναού του Λαού δολοφόνησαν τον Λίο Ράιαν, μέλος του [[Κογκρέσο των Ηνωμένων Πολιτειών|Κογκρέσου των Η.Π.Α.]]\n*[[1991]] - Μετά από [[Μάχη του Βούκοβαρ|πολιορκία]] 87 ημερών, η [[Κροατία|κροατική]] πόλη Βούκοβαρ συνθηκολογεί με τον [[Γιουγκοσλαβικός λαϊκός στρατός|γιουγκοσλαβικό λαϊκό στρατό]] και τις συμμαχικές [[Σερβία|σερβικές]] παραστρατιωτικές δυνάμεις.  \n*[[1992]] - Ισχυρός [[σεισμός]] μεγέθους 5,7 Ρίχτερ με επίκεντρο το [[Γαλαξίδι]].\n*[[1996]] - Εκδηλώνεται πυρκαγιά σε τρένο που διέρχεται τη [[σήραγγα της Μάγχης]] από τη [[Γαλλία]] προς την [[Αγγλία]], προκαλώντας αρκετούς τραυματισμούς και καταστρέφοντας περίπου 500 μέτρα σήραγγας.\n\n== Γεννήσεις ==\n*[[1522]] - [[Λάμοραλ, κόμης του Έχμοντ]]\n*[[1568]] - [[Αύγουστος του Μπράουνσβαϊκ|Αύγουστος]], δούκας του Μπράουνσβαϊγκ\n*[[1783]] - [[Σαντόρε ντι Σανταρόζα]], Ιταλός φιλέλληνας\n*[[1786]] - [[Καρλ Μαρία φον Βέμπερ]], Γερμανός συνθέτης\n*[[1860]] - [[Ιγκνάτσι Γιαν Παντερέφσκι]], Πολωνός πολιτικός\n*[[1888]] - [[Φράνσις Μάριον]], Αμερικανίδα σεναριογράφος\n*[[1889]] - [[Χάνες Μάγερ]], Ελβετός αρχιτέκτονας\n*[[1897]] - [[Πάτρικ Μπλάκετ]], Άγγλος φυσικός\n*[[1898]] - [[Γιόρις Ίβενς]], Ολλανδός σκηνοθέτης\n*[[1903]] - [[Δόρα Στράτου]], Ελληνίδα χορογράφος\n*[[1906]] - [[Άλεκ Ισσιγόνης]], Έλληνας σχεδιαστής αυτοκινήτων\n*[[1907]] - [[Κομπάι Σεγκούντο]], Κουβανός μουσικός\n*[[1909]] - [[Τζόνι Μέρσερ]], Αμερικανός τραγουδοποιός\n*[[1918]] - [[Ιλχάν Μπερκ]], Τούρκος ποιητής\n*[[1934]] - [[Βασίλης Βασιλικός]], Έλληνας συγγραφέας\n*[[1938]] - [[Νορμπέρ Ρατσιραχονάνα]], πρόεδρος της Μαδαγασκάρης\n*[[1939]] - [[Μάργκαρετ Άτγουντ]], Καναδή συγγραφέας και κριτικός\n*[[1940]] - [[Καμπούς μπιν Σαΐντ]], σουλτάνος του Ομάν\n*[[1945]] - [[Μαχίντα Ραγιαπάκσε]], πρόεδρος της Σρι Λάνκα\n*[[1950]] - [[Ρούντι Σάρζο]], Κουβανός μπασίστας (Quiet Riot, [[Whitesnake]], [[Dio (συγκρότημα)|Dio]], [[Blue Öyster Cult]] και [[Queensrÿche]])\n*[[1953]] - [[Άλαν Μουρ]], Άγγλος συγγραφέας και εικονογράφος\n*[[1960]] - [[Γιεσίμ Ουστάογλου]], Τουρκάλα σκηνοθέτρια και σεναριογράφος\n*[[1962]] - [[Κερκ Χάμμετ]], Αμερικανός μουσικός ([[Metallica]])\n*[[1963]] - [[Πέτερ Σμάιχελ]], Δανός ποδοσφαιριστής\n*[[1968]] - [[Όουεν Γουίλσον]], Αμερικανός ηθοποιός\n*[[1974]] - [[Πέτερ Σόλμπεργκ]], Νορβηγός οδηγός αγώνων\n*[[1978]] - [[Ζούλιο Σέζαρ Σάντος Κορέια]], Βραζιλιάνος ποδοσφαιριστής\n*[[1992]] - [[Νέιθαν Κρες]], Αμερικανός ηθοποιός\n\n== Θάνατοι ==\n*[[1154]] - [[Αδελαΐδα του Μωριέν]], βασίλισσα της Γαλλίας\n*[[1189]] - [[Γουλιέλμος Β΄ της Σικελίας|Γουλιέλμος Β΄]], βασιλιάς της Σικελίας\n*[[1305]] - [[Ιωάννης Β΄ της Βρετάνης|Ιωάννης Β΄]], δούκας της Βρετάνης\n*[[1349]] - [[Φρειδερίκος Β΄ του Μάισσεν|Φρειδερίκος Β']], μάργραβος του Μάισσεν\n*[[1472]] - [[Βησσαρίων ο Τραπεζούντιος]], Βυζαντινός καρδινάλιος\n*[[1724]] - [[Μπαρτολομέου ντε Γκουσμάο]], Πορτογάλος ιερέας και φυσιοδίφης\n*[[1785]] - [[Λουδοβίκος Φίλιππος Α΄ της Ορλεάνης|Λουδοβίκος Φίλιππος Α΄]], δούκας της Ορλεάνης\n*[[1830]] - [[Άνταμ Βάισχαουπτ]], Γερμανός φιλόσοφος\n*[[1870]] - [[Θεοβάλδος Πισκατορύ]], Γάλλος πολιτικός\n*[[1886]] - [[Τσέστερ Άρθουρ]], 21ος πρόεδρος των Η.Π.Α.\n*[[1920]] - [[Ματτίας Γιόχουμσσον]], Ισλανδός συγγραφέας\n*[[1922]] - [[Μαρσέλ Προυστ]], Γάλλος συγγραφέας\n*[[1941]] - [[Χριστόδουλος Μπρωκούμης]], Έλληνας πολιτικός\n*[[1941]] - [[Εμίλ Νελλιγκάν]], Καναδός ποιητής\n*[[1941]] - [[Βάλτερ Νερνστ]], Γερμανός χημικός\n*[[1952]] - [[Πωλ Ελυάρ]], Γάλλος ποιητής\n*[[1962]] - [[Νιλς Μπορ]], Δανός φυσικός\n*[[1965]] - [[Χένρι Ουάλας]], Αμερικανός πολιτικός\n*[[1969]] - [[Τζόζεφ Πάτρικ Κένεντι]], Αμερικανός πολιτικός\n*[[1976]] - [[Μαν Ραίη]], Αμερικανός φωτογράφος και ζωγράφος\n*[[1977]] - [[Κουρτ φον Σούσνιγκ]], Αυστριακός πολιτικός\n*[[1978]] - [[Τζιμ Τζόουνς]], Αμερικανός ηγέτης αίρεσης\n*[[1981]] - [[Κώστας Χιωτάκης]], Έλληνας αντιστασιακός και πολιτικός\n*[[1985]] - [[Δημήτρης Γκόγκος]], Έλληνας τραγουδοποιός\n*[[1986]] - [[Τζία Καράντζι]], Αμερικανίδα μοντέλο\n*[[1994]] - [[Καμπ Κάλογουεϊ]], Αμερικανός τραγουδιστής\n*[[2002]] - [[Τζέιμς Κόμπερν]], Αμερικανός ηθοποιός\n*[[2007]] - [[Έλεν Πράις]], Αυστριακή ξιφομάχος\n*[[2016]] - [[Χρήστος Ιωάννου]], Έλληνας πολιτικός\n*[[2016]] - [[Ντέντον Κούλεϊ]], Αμερικανός ιατρός\n*[[2017]] - [[Μάλκολμ Γιανγκ]], Αυστραλός μουσικός\n*[[2017]] - [[Φώτης Καφάτος]], Έλληνας βιολόγος\n*[[2017]] - [[Ναΐμ Σουλεϊμάνογλου]], Τούρκος αρσιβαρίστας\n\n== Αργίες και εορτές ==\n* Παγκόσμια Ημέρα [[Χρόνια Αποφρακτική Πνευμονοπάθεια|Χρόνιας Αποφρακτικής Πνευμονοπάθειας]]\n\n=== [[Ορθόδοξη Εκκλησία]] ===\n{{Πύλη:Ορθοδοξία/Εορτολόγιο/18 Νοεμβρίου}}\n\n{{Μήνες}}\n\n[[Κατηγορία:Ημέρες του έτους]]"}}}]}]}}