{"batchcomplete":true,"query":{"normalized":[{"fromencoded":false,"from":"18_Οκτωβρίου","to":"18 Οκτωβρίου"}],"pages":[{"pageid":3361,"ns":0,"title":"18 Οκτωβρίου","revisions":[{"slots":{"main":{"contentmodel":"wikitext","contentformat":"text/x-wiki","content":"{{Μήνες Οκτωβρίου}}\n\n<center>[[17 Οκτωβρίου]] | '''18 Οκτωβρίου''' | [[19 Οκτωβρίου]]</center>\n\n----\nΗ '''18η Οκτωβρίου''' είναι η 286η ημέρα του έτους κατά το [[Γρηγοριανό ημερολόγιο]] (287η σε δίσεκτα έτη). Υπολείπονται 79 ημέρες.\n\n{|width=100%\n| __TOC__\n| {{ΗμερολόγιοΣεΠίνακα|10}}\n|}\n\n==Γεγονότα ==\n*[[614]] - Ο βασιλιάς [[Χλωτάριος Β΄]] εκδίδει το Έδικτο του [[Παρίσι|Παρισιού]] ''(Edictum Chlotacharii)'', με το οποίο προστατεύονται τα δικαιώματα των [[Φράγκοι|Φράγκων]] ευγενών, ενώ [[Αντισημιτισμός|απαγορεύει στους Εβραίους]] να κατέχουν δημόσια αξιώματα στη [[Φραγκία]].\n*[[1009]] – Ο [[Χριστιανικός ναός|χριστιανικός]] [[Ναός της Αναστάσεως]] στην [[Ιερουσαλήμ]] καταστρέφεται εκ θεμελίων από τον [[Χαλιφάτο των Φατιμιδών|χαλίφη των Φατιμιδών]], Αλ-Χακίμ μπι-Αμρ Αλλάχ.\n*[[1016]] – Οι [[Δανία|Δανοί]] νικούν τους [[Σάξονες]] στη μάχη του Άσινγκτον.\n*[[1081]] – Οι [[Νορμανδοί]] νικούν τον [[Βυζαντινή Αυτοκρατορία|βυζαντινό]] στρατό στη μάχη του [[Δυρράχιο|Δυρραχίου]].\n*[[1356]] - Ισχυρός [[σεισμός]] καταστρέφει τη [[Βασιλεία (Ελβετία)]], στο πιο σημαντικό ιστορικό σεισμολογικό γεγονός βόρεια των [[Άλπεις|Άλπεων]].\n*[[1522]] – Μαρτυρούν στην [[Αίγυπτος|Αίγυπτο]] οι νεομάρτυρες Γαβριήλ και Κυρμιδώλης.\n*[[1748]] – Υπογράφεται η συνθήκη της [[Άαχεν|Αιξ-λα-Σαπέλ]], με την οποία τερματίζεται ο [[Πόλεμος της Αυστριακής διαδοχής]].\n*[[1843]] – [[Σεισμός]] μεγέθους 6,5 Ρίχτερ χτυπά τη [[Χάλκη Δωδεκανήσου]], σκοτώνοντας 600 άτομα.\n*[[1851]] – Εκδίδεται στο [[Λονδίνο]] για πρώτη φορά το έργο του [[Χέρμαν Μέλβιλ]] ''«[[Μόμπι Ντικ]]»'', με τίτλο ''«Η φάλαινα»''.\n*[[1860]] – Ο Αμερικανός φωτογράφος [[Τζέιμς Γουάλας Μπλακ]], βγάζει τις πρώτες αεροφωτογραφίες πόλης στην [[Βοστώνη]]. Αυτές οι φωτογραφίες θεωρούνται έως και σήμερα οι παλαιότερες αεροφωτογραφίες που διασώζονται σε ολόκληρο τον κόσμο.\n*[[1867]] – Οι [[Η.Π.Α.]] παίρνουν στην κατοχή τους την [[Αλάσκα]] μετά την αγορά της από τη [[Ρωσική Αυτοκρατορία]] για 7.200.000$. Το γεγονός εορτάζεται κάθε χρόνο στην Πολιτεία ως η Ημέρα της Αλάσκας.\n*[[1898]] - Οι [[Ηνωμένες Πολιτείες Αμερικής]] παίρνουν στην κατοχή τους το [[Πουέρτο Ρίκο]] από την [[Ισπανία]].\n*[[1912]] – [[Α΄ Βαλκανικός πόλεμος]]: ο [[Ελληνικός Στρατός Ξηράς|ελληνικός στρατός]] απελευθερώνει την [[Έδεσσα]] και την [[Αλεξάνδρεια Ημαθίας|Αλεξάνδρεια]]. Την ίδια μέρα, το τορπιλοβόλο 11 με κυβερνήτη τον [[Νικόλαος Βότσης|Νικόλαο Βότση]] τορπιλίζει στο λιμάνι της [[Θεσσαλονίκη]]ς το τουρκικό θωρηκτό «Φετχί Μπουλέντ».\n*[[1921]] – Ιδρύεται η [[Κριμαία|Κριμαϊκή Αυτόνομη Σοβιετική Σοσιαλιστική Δημοκρατία]] ως μέρος της [[Ρωσική Σοβιετική Ομοσπονδιακή Σοσιαλιστική Δημοκρατία|Ρωσικής Σοβιετικής Ομοσπονδιακής Σοσιαλιστικής Δημοκρατίας]].\n*[[1922]] – Ιδρύεται το [[BBC]].\n*[[1934]] – Ανεμοστρόβιλος πλήττει τον [[Αστακός Αιτωλοακαρνανίας|Αστακό Αιτωλοακαρνανίας]], με 3 νεκρούς και 40 τραυματίες.\n*[[1944]] - [[Β΄ Παγκόσμιος Πόλεμος]]: Η [[Ένωση Σοβιετικών Σοσιαλιστικών Δημοκρατιών|Σοβιετική Ένωση]] αρχίζει την απελευθέρωση της [[Τσεχοσλοβακία|Τσεχοσλοβακίας]] από τη [[Ναζιστική Γερμανία]].\n*[[1944]] – Σχηματίζεται [[Κυβέρνηση Γεωργίου Παπανδρέου Εθνικής Ενότητος 1944|κυβέρνηση εθνικής ενότητος υπό τον Γεώργιο Παπανδρέου]].\n*[[1944]] – Οι μαχητές του [[Ελληνικός Λαϊκός Απελευθερωτικός Στρατός|ΕΛΑΣ]] υπό τον [[Άρης Βελουχιώτης|Άρη Βελουχιώτη]] απελευθερώνουν τη [[Λαμία]] από τα στρατεύματα της [[Ναζιστική Γερμανία|ναζιστικής]] κατοχής.\n*[[1967]] – Το [[Ένωση Σοβιετικών Σοσιαλιστικών Δημοκρατιών|σοβιετικό]] σκάφος [[Βενέρα 4]] φτάνει στην [[Αφροδίτη (πλανήτης)|Αφροδίτη]] και γίνεται το πρώτο διαστημόπλοιο που μετρά την ατμόσφαιρα άλλου πλανήτη.\n*[[1979]] – Η [[Σουηδική Ακαδημία]] ανακοινώνει ότι το [[βραβείο Νόμπελ Λογοτεχνίας]] θα απονεμηθεί στον [[Οδυσσέας Ελύτης|Οδυσσέα Ελύτη]].\n*[[1981]] – [[Ελληνικές βουλευτικές εκλογές 1981|Ελληνικές βουλευτικές εκλογές]]: Το [[Πανελλήνιο Σοσιαλιστικό Κίνημα|ΠΑΣΟΚ]] του [[Ανδρέας Παπανδρέου|Ανδρέα Παπανδρέου]] κερδίζει τις εκλογές με το 48,06% των ψήφων και 172 έδρες, σχηματίζοντας αυτοδύναμη κυβέρνηση. Η [[Νέα Δημοκρατία]] με 35,88% κερδίζει 115 έδρες και το [[Κομμουνιστικό Κόμμα Ελλάδας]] με 10,93% κερδίζει 13 έδρες. Στις ταυτόχρονες [[Ελληνικές ευρωεκλογές 1981|ευρωεκλογές]], το ΠΑΣΟΚ λαμβάνει 40,12% και 10 έδρες, η Νέα Δημοκρατία 31,34% και 8 έδρες, το Κ.Κ.Ε. 12,84% και 3 έδρες, το [[Κομμουνιστικό Κόμμα Ελλάδας Εσωτερικού|Κ.Κ.Ε. Εσωτερικού]] 5,30% και 1 έδρα, το [[Κόμμα Δημοκρατικού Σοσιαλισμού|ΚΟΔΗΣΟ]]-ΚΑΕ 4,26% και 1 έδρα και το [[Κόμμα Προοδευτικών]] 1,96% και 1 έδρα.\n*[[1991]] – Το Ανώτατο Συμβούλιο του [[Αζερμπαϊτζάν]] εγκρίνει τη διακήρυξη της ανεξαρτησίας από τη [[Ένωση Σοβιετικών Σοσιαλιστικών Δημοκρατιών|Σοβιετική Ένωση]].\n* [[1993]] – Ορκίζεται για δεύτερη θητεία Πρωθυπουργός της Ελλάδας ο Ανδρέας Παπανδρέου.\n* 1993 – Ο ΟΗΕ επιβάλλει εμπάργκο πετρελαίου στην Αϊτή προκειμένου να αποκατασταθεί η δημοκρατία στη χώρα.\n* 1993 – Στην Πολωνία, νέος πρωθυπουργός ορίζεται ο Βάλντεμαρ Πάβλακ.\n* [[1994]] – Η Βόρεια Κορέα και οι ΗΠΑ καταλήγουν σε συμφωνία για τον έλεγχο του πυρηνικού προγράμματος της Πιονγιάνγκ.\n* [[1995]] – Γιουγκοσλαβία και Βοσνία αποφασίζουν την ίδρυση γραφείων σύνδεσης, ως πρώτο βήμα για την εγκαθίδρυση διπλωματικών σχέσεων.\n* [[1996]] – Εγκαινιάζεται στο Αμβούργο η λειτουργία του Διεθνούς Δικαστηρίου για το Δίκαιο της Θάλασσας. Οι 21 δικαστές του έχουν εκλεγεί από τις 102 χώρες που έχουν επικυρώσει τη συνθήκη για το Δίκαιο της Θάλασσας. Το δικαστήριο ασχολείται με διαφορές που αφορούν το θαλάσσιο χώρο όλου του κόσμου.\n* [[1997]] – Ο Ισραηλινός πρωθυπουργός Νετανιάχου ανακοινώνει ότι δε θα σταματήσει τον [[αποκλεισμός|αποκλεισμό]] στην ανατολική [[Ιερουσαλήμ]].\n* [[1998]] – Στο δεύτερο γύρο των δημοτικών και νομαρχιακών εκλογών στην Ελλάδα, δήμαρχος Πειραιά εκλέγεται ο Αγραπίδης και Θεσσαλονίκης ο Παπαγεωργόπουλος. Υπερνομάρχης Αττικής εκλέγεται ο Θ. Κατριβάνος. Διεξαγωγή των δημοτικών και νομαρχιακών εκλογών, κατά τις οποίες η πλειοψηφία των εκλεγόμενων νομαρχών και δημάρχων υποστηρίζονται από το κόμμα της Ν.Δ.\n* [[2001]] – Στις προεδρικές εκλογές στην Γκάμπια, που διεξάγονται σε ήρεμο κλίμα και με υψηλή συμμετοχή (89,8%), νικητής αναδεικνύεται ο από το 1994 ηγέτης, [[Γιαγιά Τζαμέ]], με το 52,9% των ψήφων έναντι 32,7 % για τον κυριότερο αντίπαλό του, Ουζάινου Ντάρμπο.\n* [[2003]] – Ο Κάρλος Μέσα εκλέγεται από το Κογκρέσο της Βολιβίας στη θέση του προέδρου, με θητεία έως τον Αύγουστο του 2007.\n* [[2005]] – Το ρεκόρ του 1969 για τους περισσότερους τυφώνες σε ένα χρόνο ισοφάρισε φέτος ο Ατλαντικός, με τον τυφώνα «Bίλμα», τον δωδέκατο της σεζόν, να κινείται απειλητικά προς την Κεντρική Αμερική.\n\n==Γεννήσεις==\n*[[1239]] - [[Στέφανος Ε΄ της Ουγγαρίας|Στέφανος Ε΄]], βασιλιάς της Ουγγαρίας\n*[[1405]] – [[Πάπας Πίος Β΄]]\n*[[1585]] - [[Χάινριχ Συτς]], Γερμανός συνθέτης\n*[[1595]] - [[Λούκας φαν Ούντεν]], Φλαμανδός ζωγράφος\n*[[1663]] - [[Ευγένιος της Σαβοΐας-Καρινιάν|Ευγένιος]], πρίγκιπας της Σαβοΐας\n*[[1668]] - [[Λουδοβίκος Γ΄ του Κοντέ|Λουδοβίκος Γ΄]], πρίγκηπας του Κοντέ\n*[[1706]] - [[Μπαλντασάρε Γκαλούπι]], Ιταλός συνθέτης\n*[[1741]] – [[Πιερ Σοντερλό ντε Λακλό]], Γάλλος στρατηγός και συγγραφέας\n*[[1777]] – [[Χάινριχ φον Κλάιστ]], Γερμανός συγγραφέας\n*[[1824]] - [[Χουάν Βαλέρα ι Αλκαλά Γκαλιάνο]], Ισπανός συγγραφέας\n*[[1831]] - [[Φρειδερίκος Γ' της Γερμανίας|Φρειδερίκος Γ΄]], αυτοκράτορας της Γερμανίας\n*[[1843]] - [[Αμιλκάρε Τσιπριάνι]], Ιταλός αναρχικός\n*[[1847]] - [[Αλέξανδρος Λοντίγκιν]], Ρώσος εφευρέτης\n*[[1854]] - [[Σάλομον Άουγκουστ Αντρέε]], Σουηδός εξερευνητής\n*[[1859]] – [[Ανρί Μπεργκσόν]], Γάλλος φιλόσοφος\n*[[1894]] – [[Τίμπορ Ντέρι]], Ούγγρος συγγραφέας\n*[[1902]] - [[Μίριαμ Χόπκινς]], Αμερικανίδα ηθοποιός\n*[[1905]] - [[Ντίνος Ανδριανόπουλος]], Έλληνας ποδοσφαιριστής\n*[[1909]] – [[Νορμπέρτο Μπόμπιο]], Ιταλός φιλόσοφος\n*[[1912]] - [[Φιλιμπέρ Τσιρανάνα]], πρόεδρος της Μαδαγασκάρης\n*[[1918]] – [[Κωνσταντίνος Μητσοτάκης]], Έλληνας πολιτικός\n*[[1919]] – [[Πιέρ Έλιοτ Τρυντώ]], Καναδός πολιτικός\n*[[1920]] – [[Μελίνα Μερκούρη]], Ελληνίδα ηθοποιός, τραγουδίστρια και πολιτικός\n*[[1925]] – [[Ραμίζ Αλία]], Αλβανός πολιτικός\n*[[1926]] – [[Τσακ Μπέρι]], Αμερικανός τραγουδιστής και κιθαρίστας\n*[[1927]] – [[Τζορτζ Σι Σκοτ]], Αμερικανός ηθοποιός\n*[[1934]] - [[Ερρίκος Μπριόλας]], Έλληνας ηθοποιός\n*[[1939]] – [[Λη Χάρβεϊ Όσβαλντ]], Αμερικανός δολοφόνος\n*[[1941]] - [[Ενρίκε Γκοριαράν Μέρλο]], Αργεντινός αντάρτης\n*[[1954]] - [[Άλκηστις Πρωτοψάλτη]], Ελληνίδα τραγουδίστρια\n*[[1956]] - [[Μαρτίνα Ναβρατίλοβα]], Τσέχα αντισφαιρίστρια\n*[[1960]] – [[Ζαν Κλοντ Βαν Νταμ]], Βέλγος ηθοποιός και αθλητής πολεμικών τεχνών\n*[[1973]] – [[Μιχάλης Καψής]], Έλληνας ποδοσφαιριστής\n*[[1979]] – [[Γιάροσλαβ Ντρόμπνι (ποδοσφαιριστής)|Γιάροσλαβ Ντρόμπνι]], Τσέχος ποδοσφαιριστής\n*[[1982]] - [[Σβετλάνα Λομποντά]], Ουκρανή τραγουδίστρια\n*[[1983]] – [[Ντάντε Μπονφίμ Κόστα Σάντος]], Βραζιλιάνος ποδοσφαιριστής\n*[[1986]] - [[Λούκας Γιώρκας]], Κύπριος τραγουδιστής\n*[[1987]] – [[Ζακ Έφρον]], Αμερικανός ηθοποιός\n*[[1994]] - [[Πασκάλ Βερλάιν]], Γερμανός οδηγός αγώνων\n*[[1995]] - [[Άγκονι]], Ισπανίδα τραγουδίστρια\n\n==Θάνατοι==\n*[[33]]  - [[Αγριππίνα η Πρεσβύτερη]], Ρωμαία ευγενής\n*[[629]] - [[Χλωτάριος Β΄]], βασιλιάς των Φράγκων\n*[[707]] - [[Πάπας Ιωάννης Ζ΄]]\n*[[1035]] - [[Σάντσο Γκαρθές Γ΄ της Παμπλόνα|Σάντσο Γκαρθές Γ΄]], βασιλιάς της Παμπλόνα\n*[[1081]] - [[Νικηφόρος Παλαιολόγος]], Βυζαντινός στρατηγός\n*[[1102]] - [[Ούγος του Βερμαντουά|Ούγος]], κόμης του Βερμαντουά\n*[[1417]] - [[Πάπας Γρηγόριος ΙΒ΄]]\n*[[1503]] - [[Πάπας Πίος Γ΄]]\n*[[1541]] - [[Μαργαρίτα Τυδώρ]], βασίλισσα της Σκωτίας\n*[[1545]] - [[Τζον Τάβερνερ]], Άγγλος συνθέτης\n*[[1595]] - [[Άλβαρο ντε Μεντάνια]], Ισπανός εξερευνητής\n*[[1678]] - [[Γιάκομπ Γιόρντενς]], Φλαμανδός ζωγράφος\n*[[1865]] - [[Υποκόμης Πάλμερστον]], Άγγλος πολιτικός\n*[[1871]] - [[Τσαρλς Μπάμπατζ]], Άγγλος μαθηματικός και μηχανικός\n*[[1893]] - [[Σαρλ Γκουνώ]], Γάλλος συνθέτης\n*[[1918]] - [[Ράντκο Δημητρίεφ]], Βούλγαρος στρατιωτικός\n*[[1921]] - [[Λουδοβίκος Γ΄ της Βαυαρίας|Λουδοβίκος Γ΄]], βασιλιάς της Βαυαρίας\n*[[1926]] - [[Αουρέλιο Παλμιέρι]], Ιταλός κληρικός και λόγιος\n*[[1931]] - [[Τόμας Έντισον]], Αμερικανός εφευρέτης\n*[[1942]] - [[Μιχαήλ Νεστέροφ]], Ρώσος ζωγράφος\n*[[1948]] - [[Βάλτερ φον Μπράουχιτς]], Γερμανός στρατάρχης\n*[[1955]] - [[Χοσέ Ορτέγα ι Γκασέτ]], Ισπανός φιλόσοφος\n*[[1976]] - [[Γιώργος Τζαβέλλας (σκηνοθέτης)|Γιώργος Τζαβέλλας]], Έλληνας σκηνοθέτης\n*[[1977]] - [[Γιαν-Καρλ Ράσπε]], Γερμανός τρομοκράτης\n*[[1979]] - [[Απόστολος Λευκάδιος|Απόστολος Λευκάδιος (Χαμοσφακίδης)]], Έλληνας ζωγράφος\n*[[2003]] - [[Μανουέλ Βάθκεθ Μονταλμπάν]], Ισπανός δημοσιογράφος, συγγραφέας και κριτικός\n*2021-[[wikidata:Q150851|Κόλιν Πάουελ]] Αμερικανός πολιτικός και στρατιωτικός \n*2021-[[wikidata:Q235549|Εντίτα Γκρουμπέροβα]] Σλοβάκος τραγουδιστής\n*2021-[[wikidata:Q5085127|Τσάρλι Κουλπ]]  Αμερικανός αεροβικός πιλότος\n*2021-Μιγκέλ Πάλμερ Μεξικανός ηθοποιός.\n\n==Αργίες και εορτές==\n\n=== [[Ορθόδοξη Εκκλησία]] ===\n{{Πύλη:Ορθοδοξία/Εορτολόγιο/18 Οκτωβρίου}}\n\n{{Μήνες}}\n\n[[Κατηγορία:Ημέρες του έτους]]"}}}]}]}}