{"batchcomplete":true,"query":{"normalized":[{"fromencoded":false,"from":"18_Ιανουαρίου","to":"18 Ιανουαρίου"}],"pages":[{"pageid":1062,"ns":0,"title":"18 Ιανουαρίου","revisions":[{"slots":{"main":{"contentmodel":"wikitext","contentformat":"text/x-wiki","content":"{{Μήνες Ιανουαρίου}}\n\n<center>\n[[17 Ιανουαρίου]] | '''18 Ιανουαρίου''' | [[19 Ιανουαρίου]] </center>\n\n----\nΗ '''18η Ιανουαρίου''' είναι η 18η μέρα του έτους κατά το [[Γρηγοριανό ημερολόγιο]]. Υπολείπονται 348 μέρες (349 σε δίσεκτα έτη).\n\n{|width=100%\n| __TOC__\n| {{ΗμερολόγιοΣεΠίνακα|1}}\n|}\n\n== Γεγονότα ==\n*[[350]] – Ο στρατηγός [[Μαγνέντιος]] εκθρονίζει το [[Κατάλογος Ρωμαίων Αυτοκρατόρων|Ρωμαίο αυτοκράτορα]] [[Κώνστας|Κώνστα]] και αυτοανακηρύσσεται αυτοκράτορας.\n*[[532]] – Καταστέλλεται η [[Στάση του Νίκα]] στην [[Κωνσταντινούπολη]].\n*[[1126]] – Ο αυτοκράτορας Χουιτσόνγκ παραιτείται από το θρόνο της [[Λαϊκή Δημοκρατία της Κίνας|Κίνας]] υπέρ τoυ γιου του, Τσιντσόνγκ.\n*[[1486]] – Ο βασιλιάς [[Ερρίκος Ζ΄ της Αγγλίας]] παντρεύεται την [[Ελισάβετ της Υόρκης]], κόρη του [[Εδουάρδος Δ΄ της Αγγλίας|Εδουάρδου Δ΄]].\n*[[1535]] – Ο [[Ισπανοί|Ισπανός]] κατακτητής [[Φρανθίσκο Πιθάρρο]] ιδρύει τη [[Λίμα]], πρωτεύουσα του [[Περού]].\n*[[1562]] - Ο [[Πάπας Πίος Δ΄]] ανοίγει και πάλι τη [[Σύνοδος του Τρέντο|Σύνοδο του Τρέντο]] για την τρίτη και τελευταία περίοδο συνεδριάσεων. \n*[[1701]] – Ο [[Φρειδερίκος Α΄ της Πρωσίας|Φρειδερίκος Α΄]] στέφει τον εαυτό του βασιλιά της [[Πρωσία]]ς.\n*[[1778]] – Ο [[Τζέιμς Κουκ]] γίνεται ο πρώτος γνωστός Ευρωπαίος που ανακαλύπτει τα νησιά της [[Χαβάη]]ς, τα οποία ονομάζει «νησιά Σάντουιτς».\n*[[1823]] – Το [[Ναύπλιο]] ορίζεται ως έδρα της [[Ελλάδα|ελληνικής]] κυβέρνησης.\n*[[1871]] – Ο [[Γουλιέλμος Α΄ της Γερμανίας]] ανακηρύσσεται Γερμανός αυτοκράτορας στην Αίθουσα των Κατόπτρων στο [[Ανάκτορο των Βερσαλλιών]] ([[Γαλλία]]), προς το τέλος του [[Γαλλοπρωσικός Πόλεμος|Γαλλοπρωσικού Πολέμου]]. Ο Γουλιέλμος είχε ήδη τον τίτλο του Γερμανού αυτοκράτορα από το Σύνταγμα της 1ης Ιανουαρίου του 1871, αλλά είχε διστάσει να αποδεχθεί τον τίτλο. \n*[[1911]] – Ο Γιουτζίν Ιλάι προσνηώνεται στο κατάστρωμα του USS ''Pennsylvania'', που ναυλοχούσε στον κόλπο του [[Σαν Φρανσίσκο]], πραγματοποιώντας την πρώτη προσνήωση αεροπλάνου πάνω σε πλοίο.\n*[[1913]] - [[Α΄ Βαλκανικός πόλεμος]]: Ο [[Ελληνικό Πολεμικό Ναυτικό|ελληνικός στόλος]] νικά τον [[Οθωμανικό Πολεμικό Ναυτικό|οθωμανικό]] στη [[ναυμαχία της Λήμνου]], εξασφαλίζοντας τα νησιά του Βορείου [[Αιγαίο Πέλαγος|Αιγαίου]] για την [[Ελλάδα]].\n*[[1919]] - [[Α΄ Παγκόσμιος Πόλεμος]]: αρχίζει η [[Σύνοδος Ειρήνης του Παρισιού (1919)|Σύνοδος Ειρήνης του Παρισιού]] στο [[ανάκτορο των Βερσαλλιών]] στη [[Γαλλία]].\n*[[1919]] - Ο [[Ιγκνάτσι Γιαν Παντερέφσκι]] γίνεται πρωθυπουργός της πρόσφατα ανεξάρτητης [[Πολωνία|Πολωνίας]].\n*[[1945]] - [[Β΄ Παγκόσμιος Πόλεμος]]: Απελευθέρωση της [[Κρακοβία]]ς, στην [[Πολωνία]], από τον [[Κόκκινος Στρατός|Κόκκινο Στρατό]].\n*[[1953]] – Η [[Ελένη Σκούρα]] γίνεται η πρώτη [[Έλληνες|Ελληνίδα]] που εκλέγεται βουλευτής.\n*[[1965]] – Η [[Αλίκη Βουγιουκλάκη]] και ο [[Δημήτρης Παπαμιχαήλ]] παντρεύονται στους [[Δελφοί|Δελφούς]].\n*[[1967]] - Ο Άλμπερτ ΝτεΣάλβο, ο «στραγγαλιστής της Βοστώνης», καταδικάζεται σε ισόβια κάθειρξη για πολυάριθμα εγκλήματα.\n*[[1974]] - Υπογράφεται συμφωνία μεταξύ της [[Ισραήλ|ισραηλινής]] και της [[Αίγυπτος|αιγυπτιακής]] κυβέρνησης, δίνοντας τέλος στις συγκρούσεις στο αιγυπτιακό μέτωπο του [[Πόλεμος του Γιομ Κιπούρ|πολέμου του Γιομ Κιπούρ]].\n*[[1976]] - [[Λίβανος|Λιβανέζοι]] χριστιανοί [[Πολιτοφυλακή|πολιτοφύλακες]] σκοτώνουν τουλάχιστον 1000 άτομα στη [[Βηρυτός|Βηρυτό]]. \n* [[1977]] – Οι επιστήμονες εντοπίζουν ένα άγνωστο μέχρι τώρα [[βακτήριο]] που αποτελεί την αιτία για τη «νόσο των λεγεωνάριων».\n* [[1977]] – Γίνεται στο [[Σίδνεϊ]] το καταστροφικότερο σιδηροδρομικό ατύχημα στην ιστορία της [[Αυστραλία]]ς, στο οποίο 83 άνθρωποι χάνουν τη ζωή τους.\n* [[1978]] – Το [[Ευρωπαϊκό Δικαστήριο Ανθρωπίνων Δικαιωμάτων]] κρίνει τη [[Ηνωμένο Βασίλειο|Βρετανία]] ένοχη για κακομεταχείριση κρατουμένων στις φυλακές της Βόρειας Ιρλανδίας, ωστόσο δεν της επιρρίπτει κατηγορίες για βασανιστήρια.\n* [[1989]] – Μέλη της τρομοκρατικής οργάνωσης [[17Ν]] τραυματίζουν τον αντεισαγγελέα του Αρείου Πάγου Παναγιώτη Ταρασουλέα έξω από το σπίτι του.\n* [[1991]] – Το [[Ιράκ]] επιβεβαιώνει την επίθεση με πυραύλους που εξαπέλυσε εναντίον του [[Ισραήλ]].\n* [[1992]] – Ο [[IRA]] αναλαμβάνει την ευθύνη για την έκρηξη βόμβας σε λεωφορείο με οικοδόμους, που δούλευαν για το βρετανικό στρατό στο [[Μπέλφαστ]], με αποτέλεσμα να σκοτωθούν οκτώ άτομα.\n* [[1993]] – Διπλή επίθεση κατά του [[Ιράκ]] εξαπολύουν οι [[ΗΠΑ]], καταρρίπτοντας ιρακινό αεροσκάφος και βομβαρδίζοντας τη [[Βαγδάτη]].\n* [[1996]] – Ο [[Κώστας Σημίτης]] εκλέγεται πρωθυπουργός της Ελλάδας με 86 ψήφους έναντι 75 του Άκη Τσοχατζόπουλου, στο δεύτερο γύρο της ψηφοφορίας της Κοινοβουλευτικής Ομάδας του [[ΠΑΣΟΚ]].\n* [[1997]] – Ο [[Μπορτζ Ούσλαντ]] από τη [[Νορβηγία]] είναι ο πρώτος άνθρωπος, που διασχίζει μόνος του και χωρίς βοήθεια την [[Ανταρκτική]].\n\n== Γεννήσεις ==\n*[[1689]] – [[Μοντεσκιέ]], Γάλλος συγγραφέας και φιλόσοφος\n*[[1743]] – [[Λουί-Κλωντ ντε Σαιν Μαρτέν]], Γάλλος φιλόσοφος\n*[[1815]] – [[Κόνσταντιν φον Τίσεντορφ]], Γερμανός θεολόγος \n*[[1841]] - [[Εμμανυέλ Σαμπριέ]], Γάλλος συνθέτης\n*[[1848]] - [[Ιοάν Σλάβιτς]], Ρουμάνος συγγραφέας\n*[[1867]] - [[Ρουμπέν Νταρίο]], Νικαραγουανός συγγραφέας\n*[[1871]] - [[Πατριάρχης Βενιαμίν|Βενιαμίν]], Πατριάρχης Κωνσταντινουπόλεως\n*[[1876]] - [[Ρίχαρντ Χέλμαν]], Γερμανός επιχειρηματίας\n*[[1880]] – [[Πάουλ Έρενφεστ]], Αυστριακός φυσικός\n*[[1881]] – [[Γκαστόν Γκαλιμάρ]], Γάλλος εκδότης\n*[[1892]] – [[Όλιβερ Χάρντι]], Αμερικανός ηθοποιός\n*[[1898]] - [[Γεράσιμος Σταματελάτος]], Έλληνας ζωγράφος\n*[[1904]] – [[Κάρι Γκραντ]], Άγγλος ηθοποιός\n*[[1911]] - [[Βασίλειος Βασίλιεβιτς Κοϊνάς]], Ουκρανός πιλότος\n*[[1914]] – [[Γιάννης Παπαϊωάννου]], Έλληνας συνθέτης και μουσικός\n*[[1915]] – [[Βασίλης Τσιτσάνης]], Έλληνας τραγουδοποιός\n*[[1925]] - [[Ζιλ Ντελέζ]], Γάλλος φιλόσοφος\n*[[1928]] - [[Αλεξάντερ Γκομέλσκι]], Ρώσος προπονητής καλαθοσφαίρισης\n*[[1931]] - [[Αντρέ Πίτερς]], Βέλγος ποδοσφαιριστής\n*[[1935]] - [[Πιέτερ Αρμπνόρι]], Αλβανός πολιτικός\n*[[1940]] - [[Ίβα Τζανίκι]], Ιταλίδα τραγουδίστρια\n*[[1947]] - [[Αργύρης Μπακιρτζής]], Έλληνας τραγουδιστής\n*[[1948]] - [[Θωμάς Μπακαλάκος]], Έλληνας συνθέτης\n*[[1949]] – [[Φιλίπ Σταρκ]], Γάλλος βιομηχανικός σχεδιαστής\n*[[1950]] - [[Ζιλ Βιλνέβ]], Καναδός οδηγός αγώνων\n*[[1954]] – [[Τεντ Ντιμπιάσι]], Αμερικανός παλαιστής\n*[[1955]] – [[Κέβιν Κόστνερ]], Αμερικανός ηθοποιός\n*[[1964]] – [[Έφη Θώδη]], Ελληνίδα τραγουδίστρια\n*[[1969]] – [[Ντέιβ Μπατίστα]], Αμερικανός παλαιστής\n*[[1971]] – [[Ζοζέπ Γκουαρδιόλα]], Ισπανός ποδοσφαιριστής\n*[[1984]] – [[Γιάννης Δρυμωνάκος]], Έλληνας κολυμβητής\n*[[1984]] - [[Μακότο Χασέμπε]], Ιάπωνας ποδοσφαιριστής\n*[[1987]] – [[Γρηγόρης Μάκος]], Έλληνας ποδοσφαιριστής\n*[[1987]] - [[Στέφαν Φιλίποβιτς (τραγουδιστής)|Στέφαν Φιλίποβιτς]], Μαυροβούνιος τραγουδιστής\n*[[1988]] – [[Αναστάσιος Κίσσας]], Κύπριος ποδοσφαιριστής\n* [[2001]] - [[Τόμας Ράτζι]], Ιταλός κιθαρίστας στο συγκρότημα maneskin\n\n== Θάνατοι ==\n*[[350]] - [[Κώνστας]], Ρωμαίος αυτοκράτορας\n*[[474]] – [[Λέων Α΄]], Βυζαντινός αυτοκράτορας\n*[[1174]] - [[Βλαδίσλαος Β΄ της Βοημίας|Βλαδίσλαος Β΄]], βασιλιάς της Βοημίας\n*[[1221]] - [[Θεοδώριχος Α΄ του Μάισσεν|Θεοδώριχος Α΄]], μάργραβος του Μάισσεν\n*[[1254]] - [[Ερρίκος Α΄ της Κύπρου|Ερρίκος Α΄]], βασιλιάς της Κύπρου\n*[[1367]] – [[Πέτρος Α΄ της Πορτογαλίας|Πέτρος Α΄]], βασιλιάς της Πορτογαλίας\n*[[1411]] - [[Ιάκωβος της Μοραβίας]], βασιλιάς της Γερμανίας\n*[[1547]] - [[Πιέτρο Μπέμπο]], Ιταλός καρδινάλιος\n*[[1586]] - [[Μαργαρίτα της Πάρμας]], δούκισσα της Φλωρεντίας\n*[[1849]] - [[Πανούτσος Νοταράς]], Έλληνας πολιτικός\n*[[1849]] - [[Ιούλιος φον Έσσλιν]], Γερμανός τραπεζίτης\n*[[1862]] – [[Τζον Τάιλερ]], 10ος πρόεδρος των Η.Π.Α.\n*[[1873]] – [[Έντουαρντ Μπούλβερ-Λύττον]], Άγγλος συγγραφέας\n*[[1890]] - [[Αμεδαίος της Ισπανίας|Αμεδαίος]], βασιλιάς της Ισπανίας\n*[[1896]] - [[Αρχιεπίσκοπος Γερμανός|Γερμανός]], Αρχιεπίσκοπος Αθηνών και πάσης Ελλάδος\n*[[1898]] - [[Χένρι Λίντελ]], Άγγλος φιλόλογος\n*[[1903]] - [[Ευάγγελος Κουσουλάκος]], Έλληνας δημοσιογράφος και ποιητής\n*[[1908]] - [[Έντμουντ Κλάρενς Στέντμαν]], Αμερικανός ποιητής και κριτικός\n*[[1919]] - [[Λουδοβίκος Βίκτωρ της Αυστρίας|Λουδοβίκος Βίκτωρ]], αρχιδούκας της Αυστρίας\n*[[1936]] – [[Ράντγιαρντ Κίπλινγκ]], Βρετανός συγγραφέας\n*[[1956]] - [[Κωνσταντίνος Τουσιάδης]], Έλληνας δικηγόρος και νομάρχης\n*[[1957]] - [[Μάρκος Δράκος (αγωνιστής)|Μάρκος Δράκος]], Κύπριος αγωνιστής\n*[[1963]] - [[Έντουαρντ Τσαρλς Τίτσμαρς]], Άγγλος μαθηματικός\n*[[1968]] - [[Γεώργιος Φραγκουδάκης]], Έλληνας πολιτικός\n*[[1974]] - [[Γεώργιος Καστανίδης]], Έλληνας δικηγόρος και πολιτικός\n*[[1977]] - [[Άγγελος Αγγελίδης]], Έλληνας πολιτικός\n*[[1984]] - [[Παναγιώτης Γλιγλής]], Έλληνας πολιτικός\n*[[1984]] – [[Βασίλης Τσιτσάνης]], Έλληνας τραγουδοποιός\n*[[1989]] – [[Μπρους Τσάτουιν]], Άγγλος συγγραφέας\n*[[1997]] - [[Αντριάνα Κασελότι]], Αμερικανίδα ηθοποιός\n*[[1997]] – [[Πολ Τσόνγκας]], Αμερικανός πολιτικός\n*[[1998]] - [[Νταν Γεωργιάδης]], Έλληνας προπονητής ποδοσφαίρου\n*[[2003]] – [[Εντ Φαρχάτ]], Αμερικανός παλαιστής\n*[[2005]] - [[Φίλιπ Τζόνσον]], Αμερικανός αρχιτέκτονας\n*[[2016]] - [[Μισέλ Τουρνιέ]], Γάλλος συγγραφέας\n\n== Αργίες και εορτές ==\n* [[Ταϊλάνδη]] – Ημέρα των Ενόπλων Δυνάμεων\n\n=== [[Ορθόδοξη Εκκλησία]] ===\n{{Πύλη:Ορθοδοξία/Εορτολόγιο/18 Ιανουαρίου}}\n\n{{Μήνες}}\n\n[[Κατηγορία:Ημέρες του έτους]]"}}}]}]}}