{"batchcomplete":true,"query":{"normalized":[{"fromencoded":false,"from":"18_Απριλίου","to":"18 Απριλίου"}],"pages":[{"pageid":6080,"ns":0,"title":"18 Απριλίου","revisions":[{"slots":{"main":{"contentmodel":"wikitext","contentformat":"text/x-wiki","content":"{{5μήνες|μ=4}}\n\n<center>[[17 Απριλίου]] | '''18 Απριλίου''' | [[19 Απριλίου]]</center>\n\n----\nΗ '''18η Απριλίου''' είναι η 108η ημέρα του έτους κατά το [[Γρηγοριανό ημερολόγιο]] (109η σε δίσεκτα έτη). Υπολείπονται 257 ημέρες.\n\n{|width=100%\n| __TOC__\n| {{ΗμερολόγιοΣεΠίνακα|4}}\n|}\n\n== Γεγονότα ==\n*[[796]] - Δολοφονείται ο βασιλιάς [[Έθελρεντ Α΄ της Νορθουμβρίας]]. Ο [[Όσβαλντ Β΄ της Νορθουμβρίας|Όσβαλντ Β΄]] στέφεται βασιλιάς, αλλά παραιτείται μέσα σε 27 ημέρες.\n*[[1025]] - Ο Βολέσλαος Α΄ ο Ανδρείος γίνεται ο πρώτος βασιλιάς της [[Πολωνία]]ς.\n*[[1506]] – Τίθεται ο θεμέλιος λίθος της σημερινής [[Βασιλική του Αγίου Πέτρου|Βασιλικής του Αγίου Πέτρου]].\n*[[1518]] – Η [[Μπόνα Σφόρτσα]] στέφεται βασίλισσα της [[Πολωνία]]ς. \n*[[1521]] - Κατά τη διάρκεια της απολογίας του ενώπιον της Δίαιτας της Βορμς, ο [[Μαρτίνος Λούθηρος]] αρνείται να αποκηρύξει τις [[Λουθηρανισμός|διδασκαλίες]] του, παρά τον κίνδυνο του αφορισμού. \n*[[1738]] - Ιδρύεται η Βασιλική Ακαδημία της Ιστορίας στη [[Μαδρίτη]].\n*[[1831]] - Εγκαινιάζεται το Πανεπιστήμιο της [[Αλαμπάμα]].\n*[[1857]] - Εκδίδεται το «''Βιβλίο των Πνευμάτων''» του [[Αλλάν Καρντέκ]], σηματοδοτώντας τη γέννηση του [[Πνευματισμός|Πνευματισμού]] στη [[Γαλλία]].\n*[[1897]] - Κηρύσσεται ο [[Ελληνοτουρκικός Πόλεμος (1897)]] μεταξύ της [[Ελλάδα]]ς και της [[Οθωμανική Αυτοκρατορία|Οθωμανικής Αυτοκρατορίας]].\n*[[1902]] - [[Σεισμός]] μεγέθους 7,5 βαθμών της κλίμακας Ρίχτερ συγκλονίζει τη [[Γουατεμάλα]], σκοτώνοντας 800-900 άτομα.\n*[[1906]] – [[Σεισμός]] και φωτιά καταστρέφει μεγάλο μέρος του [[Σαν Φρανσίσκο]] στην [[Καλιφόρνια]].\n*[[1909]] - Οσιοποιείται η [[Ιωάννα της Λωραίνης]].\n*[[1912]] - Το RMS ''Carpathia'' φέρνει 705 επιζώντες του ''[[Τιτανικός|Τιτανικού]]'' στη [[Νέα Υόρκη]].\n*[[1915]] - Κατά τη διάρκεια του [[Α΄ Παγκόσμιος Πόλεμος|Α΄ Παγκοσμίου Πολέμου]], ο [[Γαλλία|Γάλλος]] αεροπόρος [[Ρολάν Γκαρός (αεροπόρος)|Ρολάν Γκαρός]] καταρρίπτεται και προσγειώνεται στη [[Γερμανία|γερμανική]] πλευρά των γραμμών.  \n*[[1941]] – Αυτοκτονεί ο [[Κατάλογος Πρωθυπουργών της Ελλάδας|πρωθυπουργός της Ελλάδας]], [[Αλέξανδρος Κορυζής]].\n*[[1942]] - [[Β΄ Παγκόσμιος Πόλεμος]]: Η [[Αμερικανική Πολεμική Αεροπορία|αμερικανική αεροπορία]] πραγματοποιεί επιδρομή στην [[Ιαπωνία]]. Το [[Τόκιο]], η [[Γιοκοχάμα]], το [[Κόμπε]] και η [[Ναγκόγια]] βομβαρδίζονται.\n*[[1942]] - Ο [[Πιερ Λαβάλ]] γίνεται [[πρωθυπουργός]] της [[Γαλλία του Βισύ|Γαλλίας του Βισύ]].\n*[[1943]] - [[Β΄ Παγκόσμιος Πόλεμος]]: Ο [[Ιαπωνία|Ιάπωνας]] ναύαρχος [[Ισορόκου Γιαμαμότο]] σκοτώνεται όταν το αεροσκάφος στο οποίο επέβαινε καταρρίπτεται από τους [[Ηνωμένες Πολιτείες Αμερικής|Αμερικανούς]] πάνω από το [[Μπουγκαινβίλ]].\n*[[1945]] - Πάνω από 1.000 [[Βομβαρδιστικό αεροσκάφος|βομβαρδιστικά]] επιτίθενται στο μικρό νησί [[Χέλγκολαντ]] στη [[Γερμανία]].\n*[[1949]] - Η [[Ιρλανδία]] εγκαταλείπει τη [[Κοινοπολιτεία των Εθνών|Βρετανική Κοινοπολιτεία]] και γίνεται η [[Δημοκρατία της Ιρλανδίας]].\n*[[1955]] - Είκοσι εννέα έθνη συναντιούνται στη διάσκεψη του [[Μπαντούνγκ]] στην [[Ινδονησία]].\n*[[1980]] – Δημιουργείται η [[Ζιμπάμπουε]] (πρώην [[Ροδεσία]]). Το [[δολάριο Ζιμπάμπουε]] αντικαθιστά το [[δολάριο της Ροδεσίας]] ως το επίσημο νόμισμα της χώρας.\n\n== Γεννήσεις ==\n*[[1480]] – [[Λουκρητία Βοργία]], δούκισσα της Φερράρας\n*[[1590]] – [[Αχμέτ Α΄]], Οθωμανός σουλτάνος\n*[[1772]] – [[Ντέηβιντ Ρικάρντο]], Άγγλος οικονομολόγος\n*[[1901]] – [[Λάσλο Νέμετ]], Ούγγρος συγγραφέας\n*[[1907]] - [[Μίκλος Ρόζα]], Ούγγρος συνθέτης\n*[[1917]] – [[Φρειδερίκη]], βασίλισσα της Ελλάδας\n*[[1927]] – [[Σάμιουελ Χάντιγκτον]], Αμερικανός πολιτικός επιστήμονας\n*[[1935]] – [[Κώστας Φέρρης]], Έλληνας σκηνοθέτης\n*[[1941]] – [[Μάικλ Ντ. Χίγκινς]], Ιρλανδός πολιτικός\n*[[1942]] - [[Γιόχεν Ριντ]], Αυστριακός οδηγός αγώνων\n*[[1960]] - [[Κρίστοφερ Στίβενς]], Αμερικανός διπλωμάτης\n*[[1970]] – [[Τατιάνα Στεφανίδου]], Ελληνίδα δημοσιογράφος\n*[[1970]] – [[Σαάντ Χαρίρι]], Λιβανέζος πολιτικός\n*[[1971]] - [[Ντέιβιντ Τένναντ]], Σκωτσέζος ηθοποιός\n*[[1973]] – [[Χαϊλέ Γκεμπρεσελασιέ]], Αιθίοπας αθλητής\n*[[1974]] - [[Ολιβιέ Μπεζανσενό]], Γάλλος πολιτικός\n*[[1982]] - [[Ανδρέας Γεωργίου (ηθοποιός)|Ανδρέας Γεωργίου]], Κύπριος ηθοποιός\n*[[1983]] - [[Νατάσσα Μποφίλιου]], Ελληνίδα τραγουδίστρια\n*[[1985]] - [[Γελένα Τέμνικοβα]], Ρωσίδα τραγουδίστρια ([[Serebro]])\n*[[1985]] – [[Λούκας Φαμπιάνσκι]], Πολωνός ποδοσφαιριστής\n*[[1987]] - [[Ρόζι Χάντινγκτον Γουάιτλι]], Αγγλίδα μοντέλο\n*[[1990]] – [[Βόιτσεχ Σέσνι]], Πολωνός ποδοσφαιριστής\n*[[1995]] - [[Ντιβόκ Όριτζι]], Βέλγος ποδοσφαιριστής\n\n== Θάνατοι ==\n*[[796]] - [[Έθελρεντ Α΄ της Νορθουμβρίας|Έθελρεντ Α΄]], βασιλιάς της Νορθουμβρίας\n*[[1473]] - [[Φίλιππος Α΄ της Μόσχας|Φίλιππος Α΄]], μητροπολίτης της Μόσχας\n*[[1690]] - [[Κάρολος Ε΄ της Λωρραίνης|Κάρολος Ε΄]], δούκας της Λωρραίνης\n*[[1802]] – [[Έρασμος Δαρβίνος]], Άγγλος ιατρός και βοτανολόγος\n*[[1829]] - [[Μαχμούντ Σαχ Ντουρανί]], Εμίρης του Αφγανιστάν\n*[[1898]] – [[Γκυστάβ Μορώ]], Γάλλος ζωγράφος\n*[[1904]] – [[Σάμνερ Πέιν]], Αμερικανός σκοπευτής\n*[[1905]] - [[Χουάν Βαλέρα ι Αλκαλά Γκαλιάνο]], Ισπανός συγγραφέας\n*[[1913]] - [[Βικτόρ Τατέν]], Γάλλος μηχανικός\n*[[1941]] – [[Αλέξανδρος Κορυζής]], Έλληνας πολιτικός\n*[[1943]] – [[Ισορόκου Γιαμαμότο]], Ιάπωνας ναύαρχος\n*[[1945]] – [[Γουλιέλμος του Βιντ]], πρίγκιπας της Αλβανίας\n*[[1951]] – [[Όσκαρ Καρμόνα]], Πορτογάλος στρατιωτικός και πολιτικός\n*[[1955]] – [[Άλμπερτ Αϊνστάιν]], Γερμανός φυσικός\n*[[1986]] - [[Γεώργιος Παπαϊωάννου]], Έλληνας πολιτικός\n*[[1988]] - [[Οκτάυ Ριφάτ]], Τούρκος συγγραφέας\n*[[1991]] – [[Μένιος Κουτσόγιωργας]], Έλληνας πολιτικός\n*[[2002]] – [[Θορ Χέιερνταλ]], Νορβηγός εξερευνητής\n*[[2009]] - [[Μπάμπης Κοτρίδης]], Έλληνας ποδοσφαιριστής\n*[[2011]] – [[Ολουμπάγιο Αντεφέμι]], Νιγηριανός ποδοσφαιριστής\n*[[2014]] - [[Σταύρος Καραμανιώλας]], Έλληνας στιχουργός\n\n== Αργίες και εορτές ==\n* Ημέρα ανεξαρτησίας της [[Ζιμπάμπουε]].\n* Παγκόσμια ημέρα πολιτιστικής κληρονομιάς.\n* Αρχή Παγκόσμιας Εβδομάδας Κατάργησης Πειραμάτων σε Ζώα (18 - 24 Απριλίου 2016).\n\n=== [[Ορθόδοξη Εκκλησία]] ===\n{{Πύλη:Ορθοδοξία/Εορτολόγιο/18 Απριλίου}}\n\n{{Μήνες}}\n\n[[Κατηγορία:Ημέρες του έτους]]"}}}]}]}}