{"batchcomplete":true,"query":{"normalized":[{"fromencoded":false,"from":"18_Σεπτεμβρίου","to":"18 Σεπτεμβρίου"}],"pages":[{"pageid":8045,"ns":0,"title":"18 Σεπτεμβρίου","revisions":[{"slots":{"main":{"contentmodel":"wikitext","contentformat":"text/x-wiki","content":"{{Μήνες Σεπτεμβρίου}}\n\n<center>[[17 Σεπτεμβρίου]] | '''18 Σεπτεμβρίου''' | [[19 Σεπτεμβρίου]]</center>\n\n----\nΗ '''18η Σεπτεμβρίου''' είναι η 261η ημέρα του έτους κατά το [[Γρηγοριανό ημερολόγιο]] (262η σε δίσεκτα έτη). Υπολείπονται 104 ημέρες.\n\n{|width=100%\n| __TOC__\n| {{ΗμερολόγιοΣεΠίνακα|9}}\n|}\n\n== Γεγονότα ==\n*[[96]] – Ο [[Νέρβας]] ανακηρύσσεται [[Ρωμαίος αυτοκράτορας]] μετά τη δολοφονία του [[Δομιτιανός|Δομιτιανού]].\n*[[324]] – Ο [[Κωνσταντίνος Α΄]] νικά τον [[Λικίνιος|Λικίνιο]] στη μάχη της [[Ουσκουντάρ|Χρυσούπολης]], εδραιώνοντας τον αποκλειστικό έλεγχο του Κωνσταντίνου στη [[Ρωμαϊκή Αυτοκρατορία]].\n*[[1180]] – Ο [[Φίλιππος Β΄ της Γαλλίας|Φίλιππος Β΄]] γίνεται βασιλιάς της [[Γαλλία]]ς.\n*[[1454]] – Κατά τη διάρκεια του Δεκατριετούς Πολέμου, το [[Τευτονικό Τάγμα]] νικά τους [[Πολωνία|Πολωνούς]] στη μάχη του Χοϊνίτσε.\n*[[1502]] - Ο [[Χριστόφορος Κολόμβος]] φτάνει στην [[Ονδούρα]] στο τέταρτο και τελευταίο του ταξίδι.\n*[[1635]] - Ο [[Φερδινάνδος Β΄ της Αγίας Ρωμαϊκής Αυτοκρατορίας]] κηρύσσει πόλεμο στη [[Γαλλία]].\n*[[1714]] – Ο [[Γεώργιος Α΄ της Μεγάλης Βρετανίας]] φτάνει για πρώτη φορά στη [[Μεγάλη Βρετανία]] από τότε που έγινε βασιλιάς την [[1 Αυγούστου|1η Αυγούστου]].\n*[[1739]] – Υπογράφεται η [[Συνθήκη του Βελιγραδίου (1739)|Συνθήκη του Βελιγραδίου]], με την οποία το [[Βελιγράδι]] παραχωρείται στην [[Οθωμανική Αυτοκρατορία]].\n*[[1759]] - [[Επταετής Πόλεμος]]: Οι [[Μεγάλη Βρετανία|Βρετανοί]] καταλαμβάνουν την [[Κεμπέκ (πόλη)|πόλη του Κεμπέκ]].\n*[[1793]] - Ο [[Τζορτζ Ουάσινγκτον]] θέτει τον πρώτο ακρογωνιαίο λίθο του [[Καπιτώλιο των Ηνωμένων Πολιτειών|Καπιτωλίου των Ηνωμένων Πολιτειών]].\n*[[1810]] – Πρώτη κυβέρνηση χούντας στη [[Χιλή]]. Αν και υποτίθεται ότι κυβερνά μόνο σε περίπτωση απουσίας του βασιλιά, στην πραγματικότητα είναι το πρώτο βήμα προς την ανεξαρτησία από την [[Ισπανία]].\n*[[1812]] - Η πυρκαγιά της [[Μόσχα]]ς σβήνει αφού κατέστρεψε πάνω από τα τρία τέταρτα της πόλης. Ο [[Ναπολέων Α΄]] επιστρέφει στο [[Κρεμλίνο της Μόσχας]] καθώς γλίτωσε από τη φωτιά. \n*[[1834]] – Η [[Αθήνα]] ανακηρύσσεται, από τον βασιλιά [[Όθων Α΄ της Ελλάδας|Όθωνα]], πρωτεύουσα της [[Ελλάδα]]ς.\n*[[1837]] - Ιδρύεται στη [[Νέα Υόρκη]] η [[Tiffany & Co.]] (αρχικά ως Tiffany & Young). \n*[[1851]] – Εκδίδεται το πρώτο φύλλο της εφημερίδας ''The New-York Daily Times'', η οποία αργότερα μετονομάστηκε σε ''[[The New York Times]]''. \n*[[1872]] – Ο [[Όσκαρ Β΄ της Σουηδίας|Όσκαρ Β΄]] γίνεται βασιλιάς της [[Ένωση Σουηδίας–Νορβηγίας|Σουηδίας και της Νορβηγίας]].\n*[[1898]] - [[Επεισόδιο της Φασόντα]]: Τα πλοία του [[Χέρμπερτ Κίτσενερ, 1ος κόμης Κίτσενερ|Χέρμπερτ Κίτσενερ]] φτάνουν στη Φασόντα του [[Σουδάν]].\n*[[1906]] – Ο [[Αλέξανδρος Ζαΐμης]] γίνεται Ύπατος Αρμοστής της [[Κρήτη]]ς.\n*[[1911]] - Πυροβολείται στην Όπερα του [[Κίεβο|Κιέβου]] ο [[Ρώσοι|Ρώσος]] πρωθυπουργός [[Πιότρ Στολίπιν]].\n*[[1922]] - Η [[Ουγγαρία]] γίνεται δεκτή στην [[Κοινωνία των Εθνών]].\n*[[1927]] - Βγαίνει στον αέρα το [[CBS]].\n*[[1931]] – Η [[Ιαπωνία]] εισβάλει στη [[Μαντζουρία]].\n*[[1934]] - Η [[Ένωση Σοβιετικών Σοσιαλιστικών Δημοκρατιών|Σοβιετική Ένωση]] γίνεται δεκτή στην [[Κοινωνία των Εθνών]].\n*[[1947]] - Η [[Αμερικανική Πολεμική Αεροπορία]] γίνεται κλάδος των [[Ένοπλες Δυνάμεις των ΗΠΑ|Ενόπλων Δυνάμεων των Η.Π.Α.]]\n*[[1947]] - Ιδρύονται στις [[Ηνωμένες Πολιτείες Αμερικής]] το [[Συμβούλιο Εθνικής Ασφαλείας των ΗΠΑ]] και η [[CIA]].\n*[[1960]] - Ο [[Φιντέλ Κάστρο]] φτάνει στη [[Νέα Υόρκη]] ως επικεφαλής της [[Κούβα|κουβανικής]] αντιπροσωπείας στα Ηνωμένα Έθνη.\n*[[1961]] – Σκοτώνεται σε αεροπορικό δυστύχημα ο [[Γενικός Γραμματέας των Ηνωμένων Εθνών]] [[Νταγκ Χάμαρσκελντ]].\n* [[1964]] – Ο Βασιλεύς [[Κωνσταντίνος Β΄ της Ελλάδας]] παντρεύεται τη [[Δανία|Δανή]] πριγκίπισσα [[Άννα-Μαρία της Ελλάδας|Άννα-Μαρία]]. Ήταν οι μοναδικοί βασιλικοί γάμοι που τελέστηκαν στην Ελλάδα (Αθήνα), συνδυαζόμενοι με την 130ή επέτειο της ανακήρυξης της Αθήνας ως πρωτεύουσα της Ελλάδος.\n* [[1974]] – Από το πέρασμα του τυφώνα «Φίφη» στην [[Ονδούρα]] βρίσκουν τον θάνατο πάνω από 5.000 άτομα.\n* [[1978]] – Από σεισμό 7 Ρίχτερ στο [[Ιράν]] σκοτώνονται 18.000 άτομα.\n* [[1980]] – Ο Κουβανέζος [[Αρμάντο Ταμάγιο Μέντες]] γίνεται το πρώτο έγχρωμο πρόσωπο και ο πρώτος Λατινοαμερικάνος που εκτοξεύεται στο Διάστημα, με το σοβιετικό «Soyuz 38».\n* [[1981]] – Καταργείται η [[θανατική ποινή]] στη [[Γαλλία]].\n* [[1990]] – Το [[Λίχτενσταϊν]] γίνεται μέλος του [[ΟΗΕ]].\n* [[1997]] – Σε δημοψήφισμα στην [[Ουαλία]], οι κάτοικοι με πλειοψηφία 50,3% έναντι 49,7% αποφασίζουν τη συγκρότηση δικού τους Κοινοβουλίου.\n* [[1999]] – Τουλάχιστον 30 νεκροί σε εκλογική βία στην [[Ινδία]], κατά τη διεξαγωγή της 3ης φάσης των εκλογών.\n* [[1999]] – Ενθρονίζεται ο νέος Αρχιεπίσκοπος Αμερικής, Δημήτριος.\n* [[2002]] – Αποφυλακίζεται για λόγους υγείας στη [[Γαλλία]] ο ναζιστής [[Μορίς Παπόν]].\n* [[2005]] – Οι Χριστιανοδημοκράτες (CDU) της Ανγκελας Μέρκελ διατηρούν «πενιχρό» προβάδισμα έναντι των Σοσιαλδημοκρατών (SPD) του Γκέρχαρντ Σρέντερ, αλλά δεν εξασφαλίζουν την κοινοβουλευτική πλειοψηφία στις εκλογές στη Γερμανία.\n* [[2005]] – Διεξάγονται ιστορικές βουλευτικές εκλογές στο Αφγανιστάν, για πρώτη φορά έπειτα από 36 χρόνια.\n* [[2006]] – Η 40χρονη Αμερικανίδα ιρανικής καταγωγής επιχειρηματίας, [[Ανουσέχ Ανσαρί]] γίνεται η πρώτη γυναίκα-τουρίστρια στο Διάστημα, επιβαίνοντας στο ρωσικό διαστημόπλοιο Soyuz το οποίο εκτοξεύθηκε από το κοσμοδρόμιο Μπαϊκονούρ με προορισμό τον Διεθνή Διαστημικό Σταθμό\n* [[2013]] – Ο 34χρονος αντιφασίστας τραγουδιστής [[Δολοφονία του Παύλου Φύσσα|Παύλος Φύσσας]] δολοφονείται εν ψυχρώ από τον χρυσαυγίτη Γιώργο Ρουπακιά στο [[Κερατσίνι]].\n\n== Γεννήσεις ==\n*[[53]] – [[Τραϊανός]], Ρωμαίος αυτοκράτορας\n*[[1091]] - [[Ανδρόνικος Κομνηνός (γιος του Αλέξιου Α΄)|Ανδρόνικος Κομνηνός]], Βυζαντινός πρίγκιπας\n*[[1495]] - [[Λουδοβίκος Ι΄ της Βαυαρίας|Λουδοβίκος Ι΄]], δούκας της Βαυαρίας\n*[[1539]] - [[Λουδοβίκος του Νεβέρ|Λουδοβίκος]], δούκας του Νεβέρ\n*[[1709]] - [[Σάμιουελ Τζόνσον]], Άγγλος συγγραφέας\n*[[1786]] - [[Χριστιανός Η΄ της Δανίας|Χριστιανός Η΄]], βασιλιάς της Δανίας\n*[[1819]] – [[Ζαν Μπερνάρ Λεόν Φουκώ]], Γάλλος φυσικός\n*[[1848]] - [[Μιχαήλ Δέφνερ]], Γερμανός γλωσσολόγος και φιλόλογος\n*[[1885]] – [[Ουζεγίρ Χατζιμπέγιοφ]], Αζέρος συνθέτης, διευθυντής ορχήστρας και θεατρικός συγγραφέας\n*[[1891]] - [[Τζο Πόντι]], Ιταλός αρχιτέκτονας\n*[[1895]] – [[Τομότζι Τανάμπε]], Ιάπωνας υπεραιωνόβιος\n*[[1905]] – [[Γκρέτα Γκάρμπο]], Σουηδή ηθοποιός\n*[[1907]] – [[Έντουιν Μ. ΜακΜίλαν]], Αμερικανός φυσικός\n*[[1922]] - [[Γιάννης Γκιωνάκης]], Έλληνας ηθοποιός\n*[[1937]] - [[Άιβι Ματσέπε-Κασαμπέρι]], Νοτιοαφρικανή πολιτικός\n*[[1940]] - [[Αμπάς Ελ Φασί]], Μαροκινός πολιτικός\n*[[1942]] - [[Βόλφγκανγκ Σόιμπλε]], Γερμανός πολιτικός\n*[[1944]] - [[Νίκος Χρηστίδης]], Έλληνας ποδοσφαιριστής\n*[[1947]] - [[Τζιανκάρλο Μινάρντι]]. Ιταλός επιχειρηματίας\n*[[1948]] - [[Μαίρη Ραζή]], Ελληνίδα ηθοποιός \n*[[1949]] – [[Μο Μόουλαμ]], Αγγλίδα πολιτικός\n*[[1950]] - [[Ευτύχης Δαμιανάκης]],Ελληνας πολιτικος\n*[[1951]] – [[Γιαννάκης Ομήρου]], Κύπριος πολιτικός\n*[[1951]] - [[Μαρκ Σούρερ]], Ελβετός παλαίμαχος οδηγός αγώνων\n*[[1952]] - [[Ρικ Πιτίνο]], [[Ιταλός|Ιταλο]][[Ηνωμένες Πολιτείες Αμερικής|αμερικανός]] [[προπονητής]] [[Καλαθοσφαίριση|καλαθοσφαίρισης]]\n*[[1956]] – [[Γιώργος Κιμούλης]], Έλληνας ηθοποιός και σκηνοθέτης\n*[[1958]] - [[Ρασίντ Ταχά]], Αλγερινός τραγουδιστής\n*[[1960]] – [[Καρίμ Ρασίντ]], Αιγύπτιος βιομηχανικός σχεδιαστής\n*[[1961]] - [[Τζέιμς Γκαντολφίνι]], Αμερικανός ηθοποιός\n*[[1968]] – [[Τόνι Κούκοτς]], Κροάτης καλαθοσφαιριστής\n*[[1971]] – [[Λανς Άρμστρονγκ]], Αμερικανός ποδηλάτης\n*[[1972]] – [[Μάικλ Λάντες]], Αμερικανός ηθοποιός\n*[[1973]] – [[Τζέιμς Μάρσντεν]], Αμερικανός ηθοποιός\n*[[1974]] – [[Xzibit]], Αμερικανός ράπερ και ηθοποιός (Likwit Crew)\n*[[1978]] – [[Ματθαίος Τσαχουρίδης]], Έλληνας λυράρης\n*[[1984]] – [[Στάθης Ρόκας]], Έλληνας ποδοσφαιριστής\n*[[1986]] - [[Ρενό Λαβιλενί]], Γάλλος επικοντιστής\n\n== Θάνατοι ==\n*[[96]] – [[Δομιτιανός]], Ρωμαίος αυτοκράτορας\n*[[993]] - [[Αρνούλφος της Ολλανδίας|Αρνούλφος]], κόμης της Ολλανδίας\n*[[1137]] - [[Ερρίκος Β΄ της Δανίας|Έρικ Β΄]], βασιλιάς της Δανίας\n*[[1180]] – [[Λουδοβίκος Ζ´ της Γαλλίας|Λουδοβίκος Ζ΄]], βασιλιάς της Γαλλίας\n*[[1443]] - [[Λουδοβίκος του Λουξεμβούργου]], αρχιεπίσκοπος της Ρουέν\n*[[1598]] – [[Τογιοτόμι Χιντεγιόσι]], Ιάπωνας πολέμαρχος\n*[[1647]] - [[Πιέτρο Καρρέρα]], Ιταλός σκακιστής\n*[[1675]] – [[Κάρολος Δ΄ της Λωρραίνης|Κάρολος Δ΄]], δούκας της Λωρραίνης\n*[[1783]] – [[Λέοναρντ Όιλερ]], Ελβετός μαθηματικός\n*[[1872]] - [[Κάρολος ΙΕ´ της Σουηδίας|Κάρολος ΙΕ΄]], βασιλιάς της Σουηδίας\n*[[1896]] – [[Ιππόλυτος Φιζώ]], Γάλλος φυσικός\n*[[1905]] - [[Τζορτζ ΜακΝτόναλντ]], Σκωτσέζος συγγραφέας\n*[[1911]] – [[Πιότρ Στολίπιν]], Ρώσος πολιτικός\n*[[1939]] – [[Στανισλάβ Ιγκνάσυ Βίτκιεβιτς]], Πολωνός συγγραφέας, ζωγράφος και φωτογράφος\n*[[1961]] - [[Νταγκ Χάμαρσκελντ]], Σουηδός οικονομολόγος και διπλωμάτης\n*[[1964]] - [[Σον Ο'Κέισι]], Ιρλανδός δραματουργός\n*[[1967]] – [[Τζον Ντάγκλας Κόκροφτ]], Άγγλος φυσικός\n*[[1970]] – [[Τζίμι Χέντριξ]], Αμερικανός τραγουδιστής και κιθαρίστας\n*[[1979]] - [[Ιωσήφ Ριτσιάρδης]], Έλληνας συνθέτης\n*[[1993]] – [[Μήτσος Λυγίζος]], Έλληνας συγγραφέας και ηθοποιός\n*[[2013]] – [[Δολοφονία του Παύλου Φύσσα|Παύλος Φύσσας]], Έλληνας τραγουδιστής\n*[[2021]] - [[wikidata:Q101936141|Βασίλης Κυπραίος]] Έλληνας ζωγράφος\n\n== Αργίες και εορτές ==\n=== [[Ορθόδοξη Εκκλησία]] ===\n{{Πύλη:Ορθοδοξία/Εορτολόγιο/18 Σεπτεμβρίου}}\n\n{{Μήνες}}\n\n[[Κατηγορία:Ημέρες του έτους]]"}}}]}]}}