{"batchcomplete":true,"query":{"normalized":[{"fromencoded":false,"from":"18_Δεκεμβρίου","to":"18 Δεκεμβρίου"}],"pages":[{"pageid":3743,"ns":0,"title":"18 Δεκεμβρίου","revisions":[{"slots":{"main":{"contentmodel":"wikitext","contentformat":"text/x-wiki","content":"{{Μήνες Δεκεμβρίου}}\n\n<center>[[17 Δεκεμβρίου]] | '''18 Δεκεμβρίου''' | [[19 Δεκεμβρίου]]</center>\n\n----\nΗ '''18η Δεκεμβρίου''' είναι η 352η ημέρα του έτους κατά το [[Γρηγοριανό ημερολόγιο]] (353η σε δίσεκτα έτη). Υπολείπονται 13 ημέρες.\n\n{|width=100%\n| __TOC__\n| {{ΗμερολόγιοΣεΠίνακα|12}}\n|}\n\n== Γεγονότα ==\n*[[218 π.Χ.]] – [[Β΄ Καρχηδονιακός Πόλεμος]]: Οι [[Καρχηδόνα|Καρχηδονιακές]] δυνάμεις του [[Αννίβας|Αννίβα]] νικούν αυτές της [[Ρωμαϊκή Δημοκρατία|Ρωμαϊκής Δημοκρατίας]] στη [[Μάχη του ποταμού Τρεβία (218 π.Χ.)|μάχη του ποταμού Τρεβία]].\n*[[1271]] - Ο [[Κουμπλάι Χαν]] μετονομάζει την αυτοκρατορία του σε Γιουάν, σηματοδοτώντας επίσημα την έναρξη της δυναστείας Γιουάν στη [[Μογγολία]] και την [[Κίνα]].\n*[[1787]] - Το [[Νιου Τζέρσεϊ]] γίνεται η τρίτη πολιτεία που επικυρώνει το Σύνταγμα των [[Ηνωμένες Πολιτείες Αμερικής|Η.Π.Α.]]\n*[[1865]] - Υιοθετείται η 13η τροπολογία του Συντάγματος των [[Ηνωμένες Πολιτείες Αμερικής|Ηνωμένων Πολιτειών]], με την οποία απαγορεύεται η [[δουλεία στις ΗΠΑ]].\n*[[1892]] - Πρεμιέρα του ''[[Ο Καρυοθραύστης|Καρυοθραύστη]]'' του [[Πιότρ Τσαϊκόφσκι]] στην [[Αγία Πετρούπολη]], [[Ρωσία]].\n*[[1935]] - Ιδρύεται στην [[Σρι Λάνκα|Κεϋλάνη]] το Κόμμα Λάνκα Σάμα Σαμάτζα.\n*[[1943]] – [[Ναζιστική Γερμανία|Γερμανικά]] στρατεύματα κατοχής [[Σφαγή της Δράκειας|εκτελούν 115 άμαχους στη Δράκεια Μαγνησίας]].\n*[[1966]] - Ανακαλύπτεται ο δορυφόρος του [[Κρόνος (πλανήτης)|πλανήτη Κρόνου]], [[Επιμηθέας (δορυφόρος)|Επιμηθέας]].\n*[[1967]] - Ορκωμοσία, ενώπιον των [[Γεώργιος Παπαδόπουλος|Γεωργίου Παπαδόπουλου]] και [[Γεώργιος Ζωιτάκης|Γεωργίου Ζωιτάκη]], του [[Παναγιώτης Πιπινέλης|Παναγιώτη Πιπινέλη]] ως υπουργού Εξωτερικών και των [[Αδαμάντιος Ανδρουτσόπουλος|Αδαμάντιου Ανδρουτσόπουλου]], [[Παύλος Τοτόμης|Παύλου Τοτόμη]] και Παναγιώτη Τζεβελέκου ως υπουργών Οικονομικών, Συγκοινωνιών και Δημόσιας Τάξης αντιστοίχως. Ορκίζεται επίσης [[Κατάλογος δημάρχων Αθηναίων|δήμαρχος Αθηναίων]] ο [[Δημήτριος Ρίτσος]].\n*[[1969]] - Ένας [[Έλληνες|Έλληνας]], ο 44χρονος [[Δημήτριος Λάκας]], διορίζεται πρόεδρος του [[Παναμάς|Παναμά]] από τον δικτάτορα συνταγματάρχη Ομάρ Τορίγιος Χερέρα. Ο Δημήτριος Λάκας είναι παιδί μεταναστών και διετέλεσε επικεφαλής του Οργανισμού Κοινωνικών Ασφαλίσεων.\n*[[1973]] - [[Πρόγραμμα Σογιούζ]]: Εκτοξεύεται από το [[Μπαϊκονούρ]] της [[Ένωση Σοβιετικών Σοσιαλιστικών Δημοκρατιών|Σοβιετικής Ένωσης]] το Σογιούζ 13.\n*[[1981]] - Πραγματοποιείται η πρώτη πτήση του [[Ρωσία|ρωσικού]] στρατηγικού βομβαρδιστικού [[Tupolev Tu-160]], του μεγαλύτερου υπερηχητικού και [[Στρατιωτικό αεροσκάφος|μαχητικού αεροσκάφους]] στον κόσμο.\n*[[1999]] - Η [[NASA]] εκτοξεύει σε τροχιά τον [[Terra (δορυφόρος)|δορυφόρο Terra]] μεταφέροντας πέντε όργανα για την παρατήρηση της [[Γη|Γης]].\n*[[2006]] - Χτυπά τη [[Μαλαισία]] η πρώτη από μία σειρά πλημμυρών. Ο αριθμός των νεκρών όλων των πλημμυρών ανήλθε σε τουλάχιστον 118 άτομα, με εκτοπισμένους περισσότερους από 400.000 κατοίκους.\n\n== Γεννήσεις ==\n*[[1392]] - [[Ιωάννης Η΄ Παλαιολόγος]], Βυζαντινός αυτοκράτορας\n*[[1610]] – [[Δουκάγγιος]], Γάλλος φιλόλογος και ιστορικός\n*[[1626]] - [[Χριστίνα της Σουηδίας|Χριστίνα]], βασίλισσα της Σουηδίας\n*[[1845]] - [[Νικόλα Πάσιτς]], Σέρβος πολιτικός\n*[[1856]] - [[Τζόζεφ Τζον Τόμσον]], Άγγλος φυσικός\n*[[1863]] - [[Φραγκίσκος Φερδινάνδος της Αυστρίας|Φραγκίσκος Φερδινάνδος]], αρχιδούκας της Αυστρίας\n*[[1878]] - [[Ιωσήφ Στάλιν]], Σοβιετικός πολιτικός\n*[[1879]] - [[Πάουλ Κλέε]], Ελβετός καλλιτέχνης\n*[[1888]] - [[Γκλάντις Κούπερ]], Αγγλίδα ηθοποιός\n*[[1897]] - [[Φλέτσερ Χέντερσον]], Αμερικανός συνθέτης\n*[[1904]] - [[Τζορτζ Στίβενς]], Αμερικανός σκηνοθέτης\n*[[1911]] - [[Ελένη Βλάχου]], Ελληνίδα δημοσιογράφος\n*[[1911]] - [[Ζυλ Ντασέν]], Αμερικανός σκηνοθέτης\n*[[1913]] - [[Βίλλυ Μπραντ]], Γερμανός πολιτικός\n*[[1919]] - [[Μητροπολίτης Κορίνθου Παντελεήμων]]\n*[[1926]] - [[Γουόλτερ Λάσαλι]], Γερμανός κινηματογραφιστής\n*[[1943]] - [[Κιθ Ρίτσαρντς]], Άγγλος κιθαρίστας ([[The Rolling Stones]])\n*[[1946]] - [[Στίβεν Σπίλμπεργκ]], Αμερικανός σκηνοθέτης\n*[[1960]] - [[Γεράσιμος Σκιαδαρέσης]], Έλληνας ηθοποιός \n*[[1963]] - [[Μπραντ Πιτ]], Αμερικανός ηθοποιός\n*[[1963]] - [[Πιερ Νκουρουνζίζα]], πρόεδρος του Μπουρούντι\n*[[1964]] - [[Στιβ Όστιν]], Αμερικανός παλαιστής και ηθοποιός\n*[[1966]] - [[Μάριος Φραγκούλης]], Έλληνας τενόρος\n*[[1967]] - [[Μίλε Πετρόζα]], Γερμανός τραγουδιστής και κιθαρίστας ([[Kreator]])\n*[[1968]] - [[Αλεχάντρο Σανθ]], Ισπανός τραγουδιστής\n*[[1970]] - [[Ρομπ Βαν Νταμ]], Αμερικανός παλαιστής και ηθοποιός\n*[[1970]] - [[DMX]], Αμερικανός ράπερ\n*[[1970]] - [[Γιάννης Πλούταρχος]], Έλληνας τραγουδιστής\n*[[1970]] - [[Αιμίλιος Χειλάκης]], Έλληνας ηθοποιός\n*[[1975]] - [[Τρις Στράτους]], Καναδή παλαίστρια και μοντέλο\n*[[1975]] - [[Σία Φέρλερ]], Αυστραλή τραγουδίστρια\n*[[1978]] - [[Κέιτι Χολμς]], Αμερικανίδα ηθοποιός\n*[[1980]] - [[Κριστίνα Αγκιλέρα]], Αμερικανίδα τραγουδίστρια και ηθοποιός\n*[[1983]] - [[Ησαΐας Ματιάμπα]], Έλληνας τραγουδιστής \n*[[1989]] - [[Άσλεϊ Μπένσον]], Αμερικανίδα ηθοποιός\n*[[1992]] - [[Μπρίτζιτ Μέντλερ]], Αμερικανίδα ηθοποιός και τραγουδίστρια\n\n== Θάνατοι ==\n*[[1075]] - [[Έντιθ του Ουέσσεξ]], βασίλισσα της Αγγλίας\n*[[1290]] - [[Μάγκνους Γ΄ της Σουηδίας|Μάγκνους Γ']], βασιλιάς της Σουηδίας\n*[[1495]] - [[Αλφόνσος Β΄ της Νάπολης|Αλφόνσος Β΄]], βασιλιάς της Νάπολης\n*[[1803]] - [[Γιόχαν Γκότφριντ Χέρντερ]], Γερμανός φιλόσοφος, θεολόγος και ποιητής\n*[[1829]] - [[Ζαν Μπατίστ Λαμάρκ]], Γάλλος φυσιοδίφης\n*[[1892]] - [[Ρίτσαρντ Όουεν]], Άγγλος βιολόγος\n*[[1936]] - [[Άντριγια Μοχορόβιτσιτς]], Κροάτης μετεωρολόγος\n*[[1976]] - [[Κοραλία Ανδρειάδη]], Ελληνίδα συγγραφέας\n*[[1984]] - [[Άρης Μαλιαγρός]], Έλληνας ηθοποιός\n*[[1987]] - [[Κόννυ Πλανκ]], Γερμανός μουσικός παραγωγός\n*[[1990]] - [[Βάσος Καπάνταης]], Έλληνας γλύπτης\n*[[1995]] - [[Κόνραντ Τσούζε]], Γερμανός μηχανικός\n*[[2001]] - [[Δημήτρης Δραγατάκης]], Έλληνας συνθέτης\n*[[2010]] – [[Τασσώ Καββαδία]], Ελληνίδα ηθοποιός\n*[[2010]] - [[Τομάσο Πάντοα - Σκιόππα]], Ιταλός τραπεζίτης και οικονομολόγος\n*[[2011]] - [[Βάτσλαβ Χάβελ]], Τσέχος πολιτικός\n*[[2012]] - [[Μουσταφά Ουλντ Σαλέκ]], Μαυριτανός στρατιωτικός και πολιτικός\n*[[2014]] - [[Βίρνα Λίζι]], Ιταλίδα ηθοποιός\n*[[2016]] - [[Τσίνα Ματσάδο]], Κινέζα μοντέλο\n*[[2017]] - [[Κιμ Τζονγκ-Χιουν]], Νοτιοκορεάτης τραγουδιστής και χορευτής\n*[[2021]] - [[Νίτσα Τσίτρα]], Ελληνίδα τραγουδίστρια\n\n== Αργίες και εορτές ==\n*[[Οργανισμός Ηνωμένων Εθνών]]: [[Παγκόσμια Ημέρα του Μετανάστη]]\n\n=== [[Ορθόδοξη Εκκλησία]] ===\n{{Πύλη:Ορθοδοξία/Εορτολόγιο/18 Δεκεμβρίου}}\n\n{{Μήνες}}\n\n[[Κατηγορία:Ημέρες του έτους]]"}}}]}]}}