{"batchcomplete":true,"query":{"normalized":[{"fromencoded":false,"from":"18_Μαρτίου","to":"18 Μαρτίου"}],"pages":[{"pageid":1489,"ns":0,"title":"18 Μαρτίου","revisions":[{"slots":{"main":{"contentmodel":"wikitext","contentformat":"text/x-wiki","content":"{{Πηγές|3=2022|2=01|12}}\n{{Μήνες Μαρτίου}}\n\n<center>[[17 Μαρτίου]] | '''18 Μαρτίου''' | [[19 Μαρτίου]]</center>\n\n----\nΗ '''18η Μαρτίου''' είναι η 77η ημέρα του έτους κατά το [[Γρηγοριανό ημερολόγιο]] (78η σε δίσεκτα έτη). Υπολείπονται 288 ημέρες.\n\n{|width=100%\n| __TOC__\n| {{ΗμερολόγιοΣεΠίνακα|3}}\n|}\n\n== Γεγονότα ==\n*[[37]] – Η [[Ρωμαϊκή Σύγκλητος]] ακυρώνει τη διαθήκη του [[Τιβέριος Καίσαρας Αύγουστος|Τιβέριου]] και ανακηρύσσει αυτοκράτορα τον [[Γάιος Καλιγούλας|Καλιγούλα]].\n*[[1229]] – Κατά τη διάρκεια της [[ΣΤ΄ Σταυροφορία|ΣΤ΄ Σταυροφορίας]], ο [[Φρειδερίκος Β΄ Χοενστάουφεν]] ανακηρύσσει τον εαυτό του [[Βασίλειο της Ιερουσαλήμ|βασιλιά της Ιερουσαλήμ]].\n*[[1241]] - Οι [[Μογγολική αυτοκρατορία|Μογγόλοι]] συντρίβουν τα [[Πολωνία|πολωνικά]] στρατεύματα στην [[Κρακοβία]] και λεηλατούν την πόλη.\n*[[1314]] - Ο [[Ζακ ντε Μολέ]], ο 23ος και τελευταίος [[Μεγάλοι Μάγιστροι των Ιπποτών του Ναού|μέγας μάγιστρος των Ιπποτών του Ναού]], καίγεται στην πυρά.\n*[[1438]] - Ο [[Αλβέρτος Β΄ των Αψβούργων]] γίνεται [[αυτοκράτορας της Αγίας Ρωμαϊκής Αυτοκρατορίας]].\n*[[1848]] - [[Γερμανικές επαναστάσεις 1848-1849|Επανάσταση του Μαρτίου]]: στο [[Βερολίνο]] πραγματοποιείται ένοπλη πάλη μεταξύ πολιτών και στρατού, με απολογισμό περίπου 300 νεκρούς. \n*[[1865]] - [[Αμερικανικός Εμφύλιος Πόλεμος]]: Το Κογκρέσο των [[Συνομόσπονδες Πολιτείες της Αμερικής|Συνομόσπονδων Πολιτειών της Αμερικής]] συνέρχεται για τελευταία φορά.\n*[[1871]] - Ανακήρυξη της [[Παρισινή Κομμούνα|Παρισινής Κομμούνας]]. Ο πρόεδρος της [[Γαλλία|γαλλικής]] δημοκρατίας [[Αδόλφος Θιέρσος]] διατάζει την εκκένωση του [[Παρίσι|Παρισιού]]. \n*[[1874]] - Η [[Χαβάη]] υπογράφει συνθήκη με τις [[Ηνωμένες Πολιτείες Αμερικής]] για τη χορήγηση αποκλειστικών [[Εμπόριο|εμπορικών]] δικαιωμάτων.\n*[[1913]] - Ο βασιλιάς [[Γεώργιος Α΄ της Ελλάδας]] δολοφονείται στην πρόσφατα απελευθερωμένη πόλη της [[Θεσσαλονίκη]]ς.\n*[[1915]] - [[Α΄ Παγκόσμιος Πόλεμος]]: [[Εκστρατεία της Καλλίπολης]]. Τρία [[Θωρηκτό|θωρηκτά]] βυθίζονται κατά τη διάρκεια αποτυχημένης [[Μεγάλη Βρετανία|βρετανικής]] και [[Γαλλία|γαλλικής]] ναυτικής επίθεσης στον [[Ελλήσποντος|Ελλήσποντο]].\n*[[1921]] - Η [[Πολωνία]] και η [[Ρωσική Σοβιετική Ομοσπονδιακή Σοσιαλιστική Δημοκρατία|Ρωσία]] υπογράφουν συνθήκη ειρήνης στη [[Ρίγα]]. \n*[[1922]] – Ο [[Μαχάτμα Γκάντι]] καταδικάζεται σε έξι χρόνια [[Φυλακή|φυλάκιση]] για [[πολιτική ανυπακοή]], από τα οποία θα εκτίσει μόνο δύο.\n*[[1925]] - Ο [[Σίφωνας των τριών πολιτειών]] χτυπά τις μεσοδυτικές πολιτείες [[Μιζούρι (πολιτεία)|Μιζούρι]], [[Ιλινόι]] και [[Ιντιάνα]], σκοτώνοντας 695 ανθρώπους.\n*[[1944]] - Έκρηξη του [[Βεζούβιος|Βεζούβιου]] στην [[Ιταλία]].\n*[[1953]] - [[Σεισμός]] χτυπά τη δυτική [[Τουρκία]], σκοτώνοντας 265 άτομα. \n*[[1961]] - Μαζικές εκκαθαρίσεις όσων διαφωνούν με την φιλοκινεζική στροφή του [[Ενβέρ Χότζα]] αναφέρονται στην [[Αλβανία]], ενώ η [[Μόσχα]] ανακινεί το Βορειοηπειρωτικό, καταγγέλοντας διωγμό των [[Έλληνες|Ελλήνων]] της [[Βόρεια Ήπειρος|Βορείου Ηπείρου]].\n*[[1965]] - Ο [[Αστροναύτης|κοσμοναύτης]] [[Αλεξέι Λεόνοφ]], αφήνοντας το διαστημόπλοιό του Βοσχόντ 2, γίνεται ο πρώτος άνθρωπος που [[Δραστηριότητα εκτός σκάφους|περπατά στο διάστημα]]. \n*[[1967]] – Το δεξαμενόπλοιο ''Τόρεϊ Κάνιον'' προσκρούει σε ύφαλο ανοικτά της ακτής της [[Κορνουάλη]]ς.\n*[[1970]] - Ο Λον Νολ ανατρέπει τον πρίγκιπα [[Νορόντομ Σιχανούκ]] της [[Καμπότζη]]ς.\n*[[1980]] - Στο [[κοσμοδρόμιο του Πλεσέτσκ]] στη [[Ρωσία]], 48 άτομα σκοτώνονται από την έκρηξη πυραύλου Βοστόκ-2Μ στην εξέδρα εκτόξευσής του κατά τη διάρκεια τροφοδοσίας καυσίμου. \n* [[1990]] – Δώδεκα πίνακες αξίας 100 εκατομμυρίων δολαρίων γίνονται λεία δύο ληστών, οι οποίοι προσποιούνται τους αστυνομικούς. Οι πίνακες εκλάπησαν από το Μουσείο Ισαβέλλα Στιούαρτ Γκάρντνερ στη [[Βοστώνη]] και αποτελούν τη μεγαλύτερη κλοπή της αμερικάνικης ιστορίας.\n* [[2012]] – Ο [[Ευάγγελος Βενιζέλος]] εκλέγεται πρόεδρος του [[ΠΑΣΟΚ]]\n\n== Γεννήσεις ==\n*[[1496]] - [[Μαρία της Αγγλίας (1496-1533)|Μαρία Τυδώρ]], βασίλισσα της Γαλλίας\n*[[1609]] - [[Φρειδερίκος Γ΄ της Δανίας|Φρειδερίκος Γ΄]], βασιλιάς της Δανίας\n*[[1634]] – [[Μαντάμ ντε Λαφαγέτ]], Γαλλίδα συγγραφέας\n*[[1690]] – [[Κρίστιαν Γκόλντμπαχ]], Γερμανός μαθηματικός\n*[[1780]] – [[Μίλος Ομπρένοβιτς]], Σέρβος ευγενής και επαναστάτης\n*[[1800]] - [[Κλοντ Γκαι]], Γάλλος φυσιοδίφης και ιστορικός\n*[[1837]] – [[Γκρόβερ Κλίβελαντ]], 22ος και 24ος πρόεδρος των Η.Π.Α.\n*[[1844]] – [[Νικολάι Ρίμσκι-Κόρσακοφ]], Ρώσος συνθέτης\n*[[1844]] - [[Μικέλης Άβλιχος]], Έλληνας ποιητής\n*[[1858]] - [[Ρούντολφ Ντίζελ]], Γερμανός μηχανικός\n*[[1869]] – [[Νέβιλ Τσάμπερλεν]], Άγγλος πολιτικός\n*[[1874]] – [[Νικολάι Αλεξάντροβιτς Μπερντιάεφ]], Ρώσος φιλόσοφος\n*[[1903]] – [[Γκαλεάτσο Τσιάνο]], Ιταλός πολιτικός\n*[[1905]] – [[Ρόμπερτ Ντόνατ]], Άγγλος ηθοποιός\n*[[1917]] - [[Πέτρος Δήμας]], Έλληνας λογοτέχνης\n*[[1927]] - [[Μοχάμεντ Μπεν Αχμέντ Αμπντελγκανί]], Αλγερινός πολιτικός\n*[[1932]] - [[Τζον Άπνταϊκ]], Αμερικανός συγγραφέας\n*[[1936]] – [[Φρεντερίκ Ντε Κλερκ]], Νοτιοαφρικανός πολιτικός\n*[[1939]] – [[Γιάννης Μαρκόπουλος]], Έλληνας συνθέτης\n*[[1945]] - [[Μπόμπι Σόλο]], Ιταλός τραγουδιστής\n*[[1949]] – [[Όσε Κλέβελαντ]], Νορβηγή τραγουδίστρια και πολιτικός\n*[[1968]] - [[Τιμούρ Κετσπάγια]], Γεωργιανός ποδοσφαιριστής και προπονητής\n*[[1980]] - [[Σεμπαστιάν Φρέι]], Γάλλος ποδοσφαιριστής\n*[[1980]] - [[Σοφία Μάιλς]], Αγγλίδα ηθοποιός\n*[[1982]] - [[Τίμο Γκλοκ]], Γερμανός οδηγός αγώνων\n*[[1985]] - [[Κλέλια Πανταζή]], Ελληνίδα αθλήτρια\n*[[1989]] - [Γεώργιος Κασσωτάκης],Έλληνας μαθηματικός.\n[[Λίλι Κόλινς]], Αγγλίδα ηθοποιός\n*[[1994]] - [[Στέφανος Καπίνο]], Έλληνας ποδοσφαιριστής\n*[[1998]] - [[Μιλτιάδης Τεντόγλου]], Έλληνας αθλητής του στίβου\n\n== Θάνατοι ==\n*[[978]] – [[Εδουάρδος ο Μάρτυρας]], βασιλιάς της Αγγλίας\n*[[1076]] - [[Ερμενγάρδη του Ανζού (αποβιώσασα το 1076)|Ερμενγάρδη του Ανζού]], δούκισσα της Βουργουνδίας\n*[[1227]] - [[Πάπας Ονώριος Γ΄]]\n*[[1314]] – [[Ζακ ντε Μολέ]], μέγας μάγιστρος των Ιπποτών του Ναού\n*[[1508]] - [[Αλβέρτος Δ΄ της Βαυαρίας|Αλβέρτος Δ΄]], δούκας της Βαυαρίας-Μονάχου\n*[[1768]] - [[Λώρενς Στερν]], Ιρλανδός συγγραφέας \n*[[1877]] - [[Έντουαρντ Μπέλτσερ]], Βρετανός ναύαρχος\n*[[1907]] – [[Μαρσελέν Μπερτελό]], Γάλλος χημικός και πολιτικός\n*[[1913]] – [[Γεώργιος Α΄ της Ελλάδας|Γεώργιος Α΄]], βασιλιάς της Ελλάδας\n*[[1914]] - [[Τζουζέπε Μερκάλι]], Ιταλός ηφαιστειολόγος\n*[[1933]] - [[Αμεδαίος Λουδοβίκος, Δούκας των Αβρουζίων]], Ιταλός ορειβάτης και εξερευνητής\n*[[1936]] – [[Ελευθέριος Βενιζέλος]], Έλληνας πολιτικός\n*[[1964]] - [[Νόρμπερτ Βίνερ]], Αμερικανός μαθηματικός\n*[[1965]] - [[Φαρούκ της Αιγύπτου|Φαρούκ]], βασιλιάς της Αιγύπτου\n*[[1980]] - [[Έριχ Φρομ]], Γερμανός ψυχολόγος και φιλόσοφος\n*[[1982]] - [[Ιωάννης Σόντης]], Έλληνας νομικός\n*[[1983]] - [[Ουμβέρτος Β΄ της Ιταλίας|Ουμβέρτος Β']], βασιλιάς της Ιταλίας\n*[[1993]] – [[Θάνος Κωτσόπουλος]], Έλληνας ηθοποιός, σεναριογράφος και σκηνοθέτης\n*[[1996]] – [[Οδυσσέας Ελύτης]], Έλληνας ποιητής\n*[[2006]] - [[Γεώργιος Παγιωτέλης]], Έλληνας δημοσιογράφος\n*[[2008]] – [[Άντονι Μινγκέλα]], Άγγλος σκηνοθέτης\n*[[2011]] – [[Γουόρεν Κρίστοφερ]], Αμερικανός διπλωμάτης και πολιτικός\n*[[2012]] – [[Νίκος Βασταρδής]], Έλληνας ηθοποιός\n*[[2012]] - [[Γεώργιος Τουπόου Ε΄]], βασιλιάς των Τόνγκα\n*[[2017]] - [[Τσακ Μπέρι]], Αμερικανός τραγουδοποιός\n*[[2023]] - [[Σπύρος Σημίτης]] Ελληνογερμανός νομικός \n\n== Αργίες και εορτές ==\n\n=== [[Ορθόδοξη Εκκλησία]] ===\n{{Πύλη:Ορθοδοξία/Εορτολόγιο/18 Μαρτίου}}\n\n{{Μήνες}}\n\n[[Κατηγορία:Ημέρες του έτους]]"}}}]}]}}