{"batchcomplete":true,"query":{"normalized":[{"fromencoded":false,"from":"18_Ιουνίου","to":"18 Ιουνίου"}],"pages":[{"pageid":1943,"ns":0,"title":"18 Ιουνίου","revisions":[{"slots":{"main":{"contentmodel":"wikitext","contentformat":"text/x-wiki","content":"{{Μήνες Ιουνίου}}\n\n<center>[[17 Ιουνίου]] | '''18 Ιουνίου''' | [[19 Ιουνίου]]</center>\n\n----\n\nΗ '''18η Ιουνίου''' είναι η 169η ημέρα του έτους κατά το [[Γρηγοριανό ημερολόγιο]] (170η σε δίσεκτα έτη). Υπολείπονται 196 ημέρες.\n\n{|width=100%\n| __TOC__\n| {{ΗμερολόγιοΣεΠίνακα|6}}\n|}\n\n== Γεγονότα ==\n*[[618]] – Αρχίζει η [[Δυναστεία Τανγκ|Δυναστεία των Τανγκ]], η οποία κυβέρνησε για τρεις αιώνες την [[Λαϊκή Δημοκρατία της Κίνας|Κίνα]].\n*[[860]] - Στόλος περίπου 200 [[Χαγανάτο των Ρως|ρωσικών]] πλοίων μπαίνει στον [[Βόσπορος|Βόσπορο]] και αρχίζει να λεηλατεί τα προάστια της [[Βυζαντινή Κωνσταντινούπολη|Κωνσταντινούπολης]].\n*[[1541]] - Με τον [[Νόμος του Στέμματος της Ιρλανδίας 1542|Νόμο του Στέμματος της Ιρλανδίας]], το Ιρλανδικό Κοινοβούλιο ανακηρύσσει τον βασιλιά [[Ερρίκος Η΄ της Αγγλίας|Ερρίκο Η΄ της Αγγλίας]] και τους διαδόχους του ως βασιλείς της [[Ιρλανδία]]ς.\n* [[1815]] – [[Μάχη του Βατερλώ]]: Ο [[Ναπολέων Α΄ Βοναπάρτης|Ναπολέων Α΄]] ηττάται από τους Άγγλους και τους Πρώσους.\n* [[1821]] – [[Ελληνική Επανάσταση του 1821]] Κάτοικοι των [[Καλαρρύτες Ιωαννίνων|Καλαρρυτών]] και του [[Συρράκο Ιωαννίνων|Συρράκου]] της Ηπείρου κηρύσσουν επανάσταση κατά των Τούρκων. - Αμπατζήδες Τούρκοι επιτίθενται κατά των Κρητών επαναστατών στον Άγιο Βασίλειο. - [[Μάχη της Λαγκάδας]].\n* [[1913]] – [[Β΄ Βαλκανικός Πόλεμος]]: Βούλγαροι, αρνούμενοι να εγκαταλείψουν τη [[Θεσσαλονίκη]], υποχρεώνονται σε παράδοση.\n* [[1914]] – Οι πρέσβεις των Μεγάλων Δυνάμεων ανακοινώνουν στην ελληνική κυβέρνηση την έγκριση εκ μέρους των κυβερνήσεών τους, του [[Πρωτόκολλο Κερκύρας|Πρωτοκόλλου Κερκύρας]] με το οποίο αναγνωρίζεται η ελληνικότητα της Βορείου Ηπείρου. (με το νέο ημερολόγιο που ακολουθούσε η Ευρώπη ήταν 1η Ιουλίου).\n* [[1919]] – Εκτελούνται από τους Τούρκους 31 [[Μικρασιάτες]] πρόσκοποι με τους αρχηγούς τους κατά τη διάρκεια σφαγών στο [[Αϊδίνιο]] της Μικράς Ασίας.\n* [[1946]] – [[Ελλάδα]] Επί [[Αρχιεπίσκοπος Δαμασκηνός|Αντιβασιλείας Δαμασκηνού]] και κυβέρνησης Κ. Τσαλδάρη η [[Βουλή των Ελλήνων]] υιοθετεί με 138 ψήφους υπέρ, 24 κατά και 181 αποχές το Γ΄ Ψήφισμα (της Γ΄ Αναθεωρητικής Βουλής), το οποίο χωρίς να θέτει το [[ΚΚΕ]] και την Αριστερή παράταξη \"εκτός νόμου\", ουσιαστικά έθετε εκτός νόμου κάθε οργάνωση και μέλη αυτών θεωρούμενα προδότες κατά της χώρας και της έννομης τάξης, που θα πρέπει να τιμωρούνται με θάνατο. Το Ψήφισμα αυτό που είχε εισάγει για ψήφιση ο τότε υπουργός δημόσιας Τάξης [[Σπύρος Θεοτόκης]].\n* [[1953]] – [[Πόλεμος της Κορέας]]: Το ελληνικό εκστρατευτικό σώμα αποκρούσει ισχυρή επίθεση κινεζικού συντάγματος στο ύψωμα Χάρρυ (440).\n* 1953 – Ανακηρύσσεται η [[Αίγυπτος|Δημοκρατία της Αιγύπτου]] από πραξικοπηματίες και καταργείται η Βασιλεία, η δε στρατοκρατία που επιβλήθηκε διατηρήθηκε περισσότερο από μισό αιώνα.\n* [[1956]] – [[Κυπριακό]] Αγγλικός στρατός προβαίνει σε εκτενή εμπρησμό δασών του Τρόοδος για την ανακάλυψη και σύλληψη του επιτελείου της [[ΕΟΚΑ]].\n* [[1967]] – Ο [[Τζίμι Χέντριξ]] βάζει φωτιά στην κιθάρα του πάνω στη σκηνή του Μοντερέι Ποπ Φεστιβάλ.\n* [[1983]] – Η αστροναύτις [[Σάλλυ Ράιντ]] γίνεται η πρώτη Αμερικανίδα που πετά στο διάστημα.\n* [[1989]] – Διεξάγονται στην [[Ελλάδα]] ταυτόχρονα [[Ελληνικές βουλευτικές εκλογές Ιουνίου 1989|Εθνικές εκλογές]] και [[Ελληνικές ευρωεκλογές 1989|Ευρωεκλογές]]. Στις Εθνικές εκλογές νικητής η [[Νέα Δημοκρατία]], αλλά δεν κατορθώνει να σχηματίσει αυτοδύναμη κυβέρνηση και αργότερα ορίζεται νέα ημερομηνία Εθνικών εκλογών η [[5 Νοεμβρίου|5η Νοεμβρίου]].\n\n== Γεννήσεις ==\n*[[1269]] - [[Ελεονώρα της Αγγλίας, κόμισσα του Μπαρ]]\n*[[1294]] - [[Κάρολος Δ΄ της Γαλλίας|Κάρολος Δ΄]], βασιλιάς της Γαλλίας\n*[[1318]] – [[Ελεονώρα του Γούντστοκ]], πριγκίπισσα της Αγγλίας\n*[[1799]] - [[Ουίλιαμ Λάσελ]], Άγγλος αστρονόμος\n*[[1845]] - [[Σαρλ Λουί Αλφόνς Λαβεράν]], Γάλλος ιατρός\n*[[1868]] - [[Μικλός Χόρτι]], Ούγγρος ναύαρχος και αντιβασιλιάς\n*[[1882]] – [[Γκεόργκι Δημητρόφ]], Βούλγαρος πολιτικός\n*[[1884]] – [[Εντουάρ Νταλαντιέ]], Γάλλος πολιτικός\n*[[1901]] – [[Μεγάλη Δούκισσα Αναστασία της Ρωσίας]]\n*[[1903]] – [[Ραϊμόν Ραντιγκέ]], Γάλλος συγγραφέας\n*[[1918]] - [[Φράνκο Μοντιλιάνι]], Ιταλός οικονομολόγος\n*[[1926]] – [[Άλαν Σάντατζ]], Αμερικανός αστρονόμος\n*[[1926]] - [[Σβέρε Στένερσεν]], Νορβηγός σκιέρ\n*[[1929]] – [[Γιούργκεν Χάμπερμας]], Γερμανός κοινωνιολόγος και φιλόσοφος\n*[[1934]] - [[Δημήτρης Μυταράς]], Έλληνας ζωγράφος\n*[[1936]] – [[Ρόναλντ Βενεσιάαν]], πρόεδρος του Σουρινάμ\n*[[1936]] - [[Ντένι Χιουλμ]], Νεοζηλανδός οδηγός αγώνων\n*[[1939]] - [[Γιώργος Μαρίνος]], Έλληνας τραγουδιστής\n*[[1942]] - [[Ρότζερ Ίμπερτ]], Αμερικανός κριτικός κινηματογράφου\n*[[1942]] – [[Πωλ ΜακΚάρτνεϋ]], Άγγλος τραγουδοποιός ([[The Beatles]])\n*[[1942]] – [[Τάμπο Μπέκι]], Νοτιοαφρικανός πολιτικός\n*[[1943]] – [[Ραφαέλα Καρά]], Ιταλίδα τραγουδίστρια\n*[[1946]] – [[Φάμπιο Καπέλλο]], Ιταλός ποδοσφαιριστής και προπονητής\n*[[1949]] – [[Γιαροσλάβ Κατσίνσκι]], Πολωνός πολιτικός\n*[[1949]] – [[Λεχ Κατσίνσκι]], Πολωνός πολιτικός\n*[[1949]] - [[Χαν Ντουκ-Σου]], Νοτιοκορεάτης πολιτικός\n*[[1952]] - [[Ιντρίς Ντεμπί]], πρόεδρος του Τσαντ\n*[[1952]] - [[Ιζαμπέλα Ροσελίνι]], Ιταλίδα ηθοποιός\n*[[1954]] - [[Μπαμπουράμ Μπαταράι]], πολιτικός του Νεπάλ\n*[[1964]] – [[Ουντάι Χουσεΐν]], Ιρακινός ηγέτης\n*[[1971]] – [[Μάκης Δημάκης]], Έλληνας τραγουδιστής\n*[[1973]] – [[Αλέξανδρος Παπαδημητρίου]], Έλληνας σφυροβόλος\n*[[1976]] - [[Μπλέικ Σέλτον]], Αμερικανός τραγουδιστής\n*[[1988]] – [[Ελίνι Δημούτσος]], Έλληνας ποδοσφαιριστής\n\n== Θάνατοι ==\n*[[741]] – [[Λέων Γ´]], Βυζαντινός αυτοκράτορας\n*[[1291]] - [[Αλφόνσος Γ΄ της Αραγωνίας|Αλφόνσος Γ΄]], βασιλιάς της Αραγωνίας\n*[[1464]] – [[Ρόχιερ φαν ντερ Βάιντεν]], Φλαμανδός ζωγράφος\n*[[1726]] – [[Μισέλ-Ρισάρ Ντελαλάντ]], Γάλλος μουσικός και συνθέτης\n*[[1824]] - [[Φερδινάνδος Γ΄, Μέγας Δούκας της Τοσκάνης]]\n*[[1913]] - [[Μιχαήλ Κωτσάκος]], Έλληνας πολιτικός και νομικός\n*[[1917]] – [[Τίτος Μαγιορέσκου]], Ρουμάνος πολιτικός\n*[[1922]] – [[Γιακόμπους Καπτέυν]], Ολλανδός αστρονόμος\n*[[1923]] - [[Χρίστο Σμύρνενσκι]], Βούλγαρος ποιητής\n*[[1926]] - [[Όλγα των Ελλήνων|Όλγα]], βασίλισσα της Ελλάδας\n*[[1928]] – [[Ρόαλντ Αμούνδσεν]], Νορβηγός εξερευνητής\n*[[1936]] – [[Μαξίμ Γκόρκι]], Ρώσος συγγραφέας\n*[[1943]] - [[Ηλίας Ντεγιάννης]], Έλληνας αξιωματικός του Πολεμικού Ναυτικού\n*[[1944]] - [[Αθανάσιος Λευκαδίτης]], Έλληνας καθηγητής γυμναστικής\n*[[1972]] - [[Μίλτον Χιούμασον]], Αμερικανός αστρονόμος\n*[[1974]] – [[Γκεόργκι Ζούκοφ]], Ρώσος στρατάρχης\n*[[1975]] - [[Γεώργιος Μόδης]], Έλληνας πολιτικός και συγγραφέας\n*[[1980]] - [[Ιπποκράτης Κουτσίνας]], Έλληνας πολιτικός\n*[[1983]] - [[Μαριάνε Μπραντ]], Γερμανίδα καλλιτέχνις\n*[[2007]] - [[Λάκης Γκλέζος]], Έλληνας ποδοσφαιριστής\n*[[2010]] – [[Ζοζέ Σαραμάγκου]], Πορτογάλος συγγραφέας και δημοσιογράφος\n*[[2011]] – [[Φρέντερικ Τσιλούμπα]], πρόεδρος της Ζάμπια\n*[[2012]] – [[Αλκέτας Παναγούλιας]], Έλληνας ποδοσφαιριστής και προπονητής\n*[[2013]] - [[Κουκόι Σανιάνγκ]], στρατιωτικός από την Γκάμπια\n*[[2014]] - [[Στέφανι Κουόλεκ]], Αμερικανίδα χημικός\n*[[2018]] - [[Κώστας Πολίτης]], Έλληνας καλαθοσφαιριστής\n*[[2018]] - [[XXXTentacion]], Αμερικάνος τραγουδιστής\n\n== Αργίες και εορτές ==\n* Εθνική εορτή στις [[Σεϋχέλλες]]\n* Ημέρα του Πατέρα στις [[Η.Π.Α.]], στο [[Ηνωμένο Βασίλειο]] και στη [[Χιλή]]\n\n=== [[Ορθόδοξη Εκκλησία]] ===\n{{Πύλη:Ορθοδοξία/Εορτολόγιο/18 Ιουνίου}}\n\n{{Μήνες}}\n\n[[Κατηγορία:Ημέρες του έτους]]"}}}]}]}}