{"batchcomplete":true,"query":{"normalized":[{"fromencoded":false,"from":"18_Φεβρουαρίου","to":"18 Φεβρουαρίου"}],"pages":[{"pageid":1275,"ns":0,"title":"18 Φεβρουαρίου","revisions":[{"slots":{"main":{"contentmodel":"wikitext","contentformat":"text/x-wiki","content":"{{Πηγές|3=2022|2=01|12}}\n{{Μήνες Φεβρουαρίου}}\n\n<center>\n[[17 Φεβρουαρίου]] | '''18 Φεβρουαρίου''' | [[19 Φεβρουαρίου]] </center>\n\n----\nΗ '''18η Φεβρουαρίου''' είναι η 49η μέρα του έτους κατά το [[Γρηγοριανό ημερολόγιο]]. Υπολείπονται 316 μέρες (317 σε δίσεκτα έτη).\n\n{|width=100%\n| __TOC__\n| {{ΗμερολόγιοΣεΠίνακα|2}}\n|}\n\n== Γεγονότα ==\n*[[1478]] - Ο [[Γεώργιος Πλανταγενέτης, 1ος δούκας του Κλάρενς|Γεώργιος, Δούκας του Κλάρενς]], [[Θανατική ποινή|εκτελείται]] στον [[Πύργος του Λονδίνου|Πύργο του Λονδίνου]] καταδικασμένος για [[προδοσία]] εναντίον του μεγαλύτερου αδελφού του, [[Εδουάρδος Δ΄ της Αγγλίας|Εδουάρδου Δ΄ της Αγγλίας]].\n*[[1637]] - [[Ογδοηκονταετής Πόλεμος]]: Στα ανοικτά των ακτών της [[Κορνουάλη]]ς στην [[Αγγλία]], ο [[Ισπανική Αποικιακή Αυτοκρατορία|ισπανικός]] στόλος αναχαιτίζει έναν σημαντικό [[Βασίλειο της Αγγλίας|αγγλο]]-[[Ολλανδική Δημοκρατία|ολλανδικό]] στόλο 44 πλοίων συνοδευόμενο από έξι πολεμικά πλοία, καταστρέφοντας ή καταλαμβάνοντας 20 από αυτά.\n*[[1791]] - Το [[Κογκρέσο των Ηνωμένων Πολιτειών]] περνά νόμο με τον οποίο η πολιτεία του [[Βερμόντ]] εισχωρεί στην [[Ένωση (Αμερικανικός Εμφύλιος Πόλεμος)|Ένωση]], με ισχύ από τις [[4 Μαρτίου]] του [[1791]], συμπληρώνοντας 14 χρόνια κατά τα οποία η πολιτεία υπήρχε ως de facto ανεξάρτητο και σε μεγάλο βαθμό μη αναγνωρισμένο κράτος.\n*<bdi>[[1797]]</bdi> – <bdi>[[Πόλεμοι της Γαλλικής Επανάστασης]]</bdi>: Ο Σερ <bdi>[[Ραλφ Αμπερκρόμπυ]] με ένα στόλο 18</bdi>  <bdi>[[Βασίλειο της Μεγάλης Βρετανίας|Βρετανικών]] πλοίων εισβάλει στο [[Τρινιντάντ (νησί)|Τρινιντάντ]]</bdi>\n*[[1861]] - Στο [[Μοντγκόμερι (Αλαμπάμα)|Μοντγκόμερι]], ο [[Τζέφερσον Ντέηβις]] ορκίζεται ως προσωρινός πρόεδρος των [[Συνομόσπονδες Πολιτείες της Αμερικής|Συνομόσπονδων Πολιτειών της Αμερικής]].\n*[[1873]] - Ο [[Βουλγαρία|Βούλγαρος]] επαναστατικός ηγέτης [[Βασίλ Λέβσκι]] εκτελείται δι' απαγχονισμού στη [[Σόφια]] από τις [[Οθωμανική Αυτοκρατορία|οθωμανικές]] αρχές.\n*[[1885]] - Δημοσιεύονται στις [[Ηνωμένες Πολιτείες Αμερικής]] οι ''[[Περιπέτειες του Χάκλμπερι Φιν]]'' του [[Μαρκ Τουαίην]].\n*[[1930]] - Μελετώντας φωτογραφίες που ελήφθησαν τον Ιανουάριο, ο [[Κλάιντ Τόμπω]] ανακαλύπτει τον [[Πλούτωνας (πλανήτης νάνος)|Πλούτωνα]].\n*[[1932]] - Η [[Ιαπωνία|Αυτοκρατορία της Ιαπωνίας]] ανακηρύσσει τη [[Μαντσουκούο]] (το απαρχαιωμένο κινεζικό όνομα για τη [[Μαντζουρία]]) ανεξάρτητη από τη [[Δημοκρατία της Κίνας (1912–49)|Δημοκρατία της Κίνας]].\n*[[1943]] - [[Β΄ Παγκόσμιος Πόλεμος]]: Οι [[Ναζισμός|Ναζί]] συλλαμβάνουν τα μέλη του [[Λευκό Ρόδο|Λευκού Ρόδου]].\n*[[1943]] - [[Β΄ Παγκόσμιος Πόλεμος]]: Ο [[Γιόζεφ Γκαίμπελς]] εκφωνεί τον ''Ολοκληρωτικό πόλεμο'' έναν από τους πιο διάσημους λόγους του, στο Σπορτσπαλάτς.\n*[[1946]] - Ναύτες του Βασιλικού Ινδικού Ναυτικού στασιάζουν στο λιμάνι της [[Μουμπάι|Βομβάης]], απ' όπου η δράση απλώνεται σε όλες τις επαρχίες της [[Βρετανικές Ινδίες|βρετανικής Ινδίας]], με τη συμμετοχή 78 πλοίων και 20.000 ναυτικών. \n*[[1952]] – Η [[Βουλή των Ελλήνων]] επικυρώνει την ένταξη της [[Ελλάδα]]ς στο [[ΝΑΤΟ]].\n*[[1954]] - Εγκαινιάζεται στο [[Λος Άντζελες]] η πρώτη [[Εκκλησία της Σαηεντολογίας]].\n*[[1965]] - Η [[Γκάμπια]] γίνεται ανεξάρτητη από το [[Ηνωμένο Βασίλειο]].\n*[[1972]] – Ένα Learjet 25 της [[Ολυμπιακή Αεροπλοΐα|Ολυμπιακής Αεροπλοΐας]] συντρίβεται έξω από τις ακτές του [[Μόντε Κάρλο]]. Και τα δύο μέλη του πληρώματος είναι νεκροί.\n*[[1983]] - Δεκατρείς άνθρωποι σκοτώνονται και ένας τραυματίζεται σοβαρά στο [[Σιάτλ]], στη μεγαλύτερη μαζική δολοφονία με κίνητρο τη ληστεία στην ιστορία των [[Ηνωμένες Πολιτείες Αμερικής|Η.Π.Α.]]\n\n== Γεννήσεις ==\n*[[1360]] - [[Τζοβάνι ντι Μπίτσι των Μεδίκων]], Ιταλός τραπεζίτης\n*[[1374]] - [[Γιαντβίγκα της Πολωνίας|Γιαντβίγκα]], βασίλισσα της Πολωνίας\n*[[1404]] - [[Λέον Μπαττίστα Αλμπέρτι]], Ιταλός ζωγράφος, ποιητής και φιλόσοφος\n*[[1515]] - [[Βαλέριους Κόρντους]], Γερμανός ιατρός\n*[[1516]] – [[Μαρία Α΄ της Αγγλίας|Μαρία Α΄]], βασίλισσα της Αγγλίας\n*[[1543]] – [[Κάρολος Γ΄ της Λωρραίνης|Κάρολος Γ΄]], δούκας της Λωρραίνης\n*[[1559]] – [[Ισαάκ Καζομπόν]], Γάλλος λόγιος\n*[[1626]] - [[Φραντσέσκο Ρέντι]], Ιταλός ιατρός\n*[[1745]] – [[Αλεσάντρο Βόλτα]], Ιταλός φυσικός\n*[[1838]] – [[Ερνστ Μαχ]], Αυστριακός φυσικός\n*[[1848]] – [[Λούις Τίφανι]], Αμερικανός καλλιτέχνης\n*[[1854]] - [[Γεώργιος Λαμπάκης]], Έλληνας θεολόγος\n*[[1860]] - [[Άντερς Ζορν]], Σουηδός ζωγράφος\n*[[1883]] - [[Νίκος Καζαντζάκης]], Έλληνας συγγραφέας \n*[[1895]] – [[Γκούσταφ φον Βανγκενχάιμ]], Γερμανός ηθοποιός και σκηνοθέτης\n*[[1895]] - [[Σεμιόν Τιμοσένκο]], Σοβιετικός στρατιωτικός\n*[[1898]] – [[Έντσο Φερράρι]], Ιταλός οδηγός αγώνων και ιδρυτής της Φερράρι\n*[[1906]] – [[Χανς Άσπεργκερ]], Αυστριακός παιδίατρος\n*[[1909]] - [[Παντελής Πρεβελάκης]], Έλληνας συγγραφέας\n*[[1909]] - [[Διδώ Σωτηρίου]], Ελληνίδα συγγραφέας\n*[[1911]] - [[Βάλιας Σεμερτζίδης]], Έλληνας ζωγράφος και χαράκτης\n*[[1914]] - [[Κώστας Μόντης]], Κύπριος συγγραφέας\n*[[1919]] – [[Τζακ Πάλανς]], Αμερικανός ηθοποιός\n*[[1931]] – [[Τόνι Μόρρισον]], Αμερικανίδα συγγραφέας\n*[[1932]] – [[Μίλος Φόρμαν]], Τσέχος σκηνοθέτης\n*[[1933]] - [[Γιόκο Όνο]], Γιαπωνέζα καλλιτέχνης\n*[[1933]] – [[Μπόμπι Ρόμπσον]], Άγγλος ποδοσφαιριστής και προπονητής\n*[[1935]] - [[Σάββας Θεοδωρίδης]], Έλληνας ποδοσφαιριστής\n*[[1940]] – [[Φαμπρίτσιο Ντε Αντρέ]], Ιταλός τραγουδοποιός\n*[[1940]] - [[Όσμπουρν Φλέμινγκ]], πολιτικός από την Ανγκουίλλα\n*[[1947]] - [[Τέρενς Κουίκ]], Έλληνας δημοσιογράφος και πολιτικός\n*[[1950]] – [[Σίμπιλ Σέπερντ]], Αμερικανίδα ηθοποιός\n*[[1951]] - [[Αντώνης Τουρκογιώργης]], Έλληνας τραγουδιστής και μουσικός\n*[[1954]] – [[Τζον Τραβόλτα]], Αμερικανός ηθοποιός\n*[[1960]] - [[Gazebo]], Ιταλός μουσικός\n*[[1965]] – [[Dr. Dre]], Αμερικανός παραγωγός και ράπερ\n*[[1967]] – [[Ρομπέρτο Μπάτζιο]], Ιταλός ποδοσφαιριστής\n*[[1969]] – [[Αντώνης Κανάκης]], Έλληνας παρουσιαστής\n*[[1975]] – [[Γκάρι Νέβιλ]], Άγγλος ποδοσφαιριστής\n*[[1978]] - [[Πάνος Καλίδης]], Έλληνας τραγουδιστής\n*[[1981]] – [[Αντρέι Κιριλένκο]], Ρώσος καλαθοσφαιριστής\n*[[1985]] – [[Ντρίσα Ντιακιτέ]], Μαλιανός ποδοσφαιριστής\n*[[1992]] - [[Μελίντα Σανκάρ]], Καναδή ηθοποιός\n\n== Θάνατοι ==\n*[[999]] – [[Πάπας Γρηγόριος Ε΄]]\n*[[1190]] - [[Όθων Β΄ του Μάισσεν|Όθων Β΄]], μάργραβος του Μάισσεν\n*[[1218]] - [[Βερθόλδος Ε΄ του Τσέρινγκεν|Μπέρτολτ Ε΄]], δούκας του Τσέρινγκεν\n*[[1294]] – [[Κουμπλάι Χαν]], Μογγόλος αυτοκράτορας\n*[[1379]] - [[Αλβέρτος Β΄ του Μεκλεμβούργου|Αλβέρτος Β΄]], δούκας του Μεκλεμβούργου\n*[[1405]] – [[Ταμερλάνος]], Μογγόλος αυτοκράτορας\n*[[1455]] – [[Φρα Αντζέλικο]], Ιταλός ζωγράφος\n*[[1546]] – [[Μαρτίνος Λούθηρος]], Γερμανός θεολόγος\n*[[1564]] – [[Μιχαήλ Άγγελος]], Ιταλός καλλιτέχνης\n*[[1683]] - [[Νικολάες Πίτερσον Μπέρχεμ]], Ολλανδός ζωγράφος\n*[[1712]] – [[Λουδοβίκος, δούκας της Βουργουνδίας]]\n*[[1726]] - [[Ζακ Καρύ]], Γάλλος ζωγράφος\n*[[1743]] - [[Άννα Μαρία Λουΐζα (Λουδοβίκα) των Μεδίκων|Άννα Μαρία Λουΐζα]], τελευταία απόγονος των Μεδίκων\n*[[1799]] - [[Κωνσταντίνος Χαντζερής]], πρίγκιπας της Βλαχίας\n*[[1873]] – [[Βασίλ Λέβσκι]], Βούλγαρος επαναστάτης\n*[[1890]] - [[Γκιούλα Αντράσυ]], Ούγγρος πολιτικός\n*[[1900]] - [[Εουτζένιο Μπελτράμι]], Ιταλός μαθηματικός\n*[[1907]] - [[Οικογένεια Μουρούζη|Γεώργιος Μουρούζης]], πρίγκιπας\n*[[1927]] – [[Τουρχάν Πασάς Περμέτι]], Αλβανός πολιτικός\n*[[1934]] - [[Ιωάννης Γοβατζιδάκης]], Έλληνας πολιτικός\n*[[1943]] - [[Ρόμπερτ Ράναλφ Μάρετ]], Βρετανός εθνολόγος\n*[[1949]] - [[Νιθέτο Αλκαλά-Θαμόρα]], Ισπανός πολιτικός\n*[[1951]] - [[Λάιμαν Γκίλμορ]], Αμερικανός εφευρέτης\n*[[1960]] - [[Μιλτιάδης Ιατρίδης]], Έλληνας στρατιωτικός\n*[[1963]] - [[Λεωνίδας Καραμαούνας]], Έλληνας πολιτικός\n*[[1963]] - [[Ιωάννης Κίνιας]], Έλληνας πολιτικός\n*[[1966]] - [[Ρόμπερτ Ρόσσεν]], Αμερικανός σκηνοθέτης\n*[[1967]] – [[Ρόμπερτ Οπενχάιμερ]], Αμερικανός φυσικός\n*[[1973]] - [[Κώστας Νεγρεπόντης]], Έλληνας ποδοσφαιριστής και προπονητής\n*[[1978]] - [[Φιλήμων Μεθυμάκης]] Έλληνας ηθοποιός\n*[[1992]] - [[Κωνσταντίνος Δημαράς]], Έλληνας κριτικός λογοτεχνίας\n*[[1993]] - [[Άλεν Μοντγκόμερι Λιούις]], γενικός κυβερνήτης της Αγίας Λουκίας\n*[[2001]] - [[Νίκος Ζαρντινίδης]], Έλληνας πολιτικός\n*[[2004]] – [[Δέσπω Διαμαντίδου]], Ελληνίδα ηθοποιός\n*[[2013]] - [[Kevin Ayers]], Άγγλος τραγουδιστής και κιθαρίστας\n*[[2015]] - [[Ανδρέας Γαρύφαλλος]], Έλληνας κολυμβητής και υδατοσφαιριστής\n*[[2016]] – [[Παντελής Παντελίδης]], Έλληνας τραγουδιστής\n*[[2017]] - [[Ιβάν Κόλοφ]], Καναδός παλαιστής\n*[[2017]] - [[Μάικλ Ότζιο]], γενικός κυβερνήτης της Παπούα Νέας Γουινέας\n\n== Αργίες και εορτές ==\n* [[Γκάμπια]] - Ημέρα ανεξαρτησίας (από το [[Ηνωμένο Βασίλειο]] το [[1965]])\n\n=== [[Ορθόδοξη Εκκλησία]] ===\n{{Πύλη:Ορθοδοξία/Εορτολόγιο/18 Φεβρουαρίου}}\n\n{{Μήνες}}\n\n[[Κατηγορία:Ημέρες του έτους]]"}}}]}]}}