{"batchcomplete":true,"query":{"normalized":[{"fromencoded":false,"from":"18_Μαΐου","to":"18 Μαΐου"}],"pages":[{"pageid":1851,"ns":0,"title":"18 Μαΐου","revisions":[{"slots":{"main":{"contentmodel":"wikitext","contentformat":"text/x-wiki","content":"{{Πηγές|3=2022|2=01|12}}\n{{Μήνες Μαΐου}}\n\n<center>[[17 Μαΐου]] | '''18 Μαΐου''' | [[19 Μαΐου]]</center>\n\n----\nΗ '''18η Μαΐου''' είναι η 138η ημέρα του έτους κατά το [[Γρηγοριανό ημερολόγιο]] (139η σε δίσεκτα έτη).  Υπολείπονται 227 ημέρες.\n\n{|width=100%\n| __TOC__\n| {{ΗμερολόγιοΣεΠίνακα|5}}\n|}\n\n== Γεγονότα ==\n*[[332]] - Ο [[Κωνσταντίνος Α΄]] ανακοινώνει τη δωρεάν διανομή σιτηρών στους πολίτες της [[Βυζαντινή Κωνσταντινούπολη|Κωνσταντινούπολης]].\n*[[1152]] – Ο [[Ερρίκος Β΄ της Αγγλίας]] παντρεύεται την [[Ελεονώρα της Ακουιτανίας]].\n*[[1291]] - Άλωση της [[Άκρα (πόλη)|Άκρας]] και τέλος της [[Σταυροφορικά κράτη|σταυροφορικής]] παρουσίας στους [[Άγιοι Τόποι|Αγίους Τόπους]]. \n*[[1302]] – Μέλη της [[Φλάνδρα|φλαμανδικής]] πολιτοφυλακής της [[Μπρυζ]] σφάζει τη [[Γαλλία|γαλλική]] φρουρά της πόλης.\n*[[1499]] - Ο Αλόνσο δε Οχέδα σαλπάρει από το [[Κάδιθ]] για το ταξίδι του στη σημερινή [[Βενεζουέλα]].\n*[[1565]] - Αρχίζει η πολιορκία της [[Μάλτα]]ς, κατά την οποία οι [[Οθωμανική Αυτοκρατορία|οθωμανικές]] δυνάμεις προσπάθησαν και τελικά απέτυχαν να καταλάβουν τη Μάλτα.\n*[[1593]] – Εκδίδεται ένταλμα σύλληψης για τον [[Κρίστοφερ Μάρλοου]], ύστερα από τις κατηγορίες του θεατρικού συγγραφέα [[Τόμας Κιντ]] ότι ανήκει σε αίρεση.\n*[[1652]] - Το [[Ρόουντ Άιλαντ]] ψηφίζει τον πρώτο νόμο στην αγγλόφωνη [[Βόρεια Αμερική]] με τον οποίο κηρύσσεται παράνομη η [[δουλεία]].\n*[[1756]] - Αρχίζει επίσημα ο [[Επταετής Πόλεμος]] όταν το [[Βασίλειο της Μεγάλης Βρετανίας]] κηρύσσει τον πόλεμο στη [[Γαλλία]].\n*[[1803]] – [[Ναπολεόντειοι Πόλεμοι]]: Το [[Ηνωμένο Βασίλειο]] ανακαλεί τη [[Συνθήκη της Αμιένης]] και κηρύσσει τον πόλεμο στη [[Γαλλία]].\n*[[1804]] - Ο [[Ναπολέων Α΄]] ανακηρύσσεται από τη [[Γερουσία (Γαλλία)|Γερουσία]] αυτοκράτορας των [[Γαλλία|Γάλλων]].\n*[[1811]] - Μάχη του Λας Πιέδρας: Ο πρώτος μεγάλος στρατιωτικός θρίαμβος της επανάστασης του [[Ρίο ντε λα Πλάτα]] στην [[Ουρουγουάη]] υπό τον Χοσέ Χερβάσιο Αρτίγας.\n*[[1821]] – [[Μάχη των Δολιανών]]: Ο Έλληνας οπλαρχηγός [[Νικηταράς]] με 200 περίπου άντρες τρέπει σε φυγή 2.000 [[Οθωμανική Αυτοκρατορία|Οθωμανούς]]. Από την μάχη αυτή ο Νικηταράς έμεινε στην Ιστορία ως «Τουρκοφάγος». \n*[[1828]] – Οι [[Οθωμανική Αυτοκρατορία|οθωμανικές]] δυνάμεις του Μουσταφά Πασά νικούν τους [[Έλληνες]] αγωνιστές στη [[μάχη του Φραγκοκάστελλου]].\n*[[1848]] - Συνεδριάζει η πρώτη [[Γερμανία|γερμανική]] εθνοσυνέλευση (το [[Κοινοβούλιο της Φρανκφούρτης]]) στη [[Φραγκφούρτη]].\n*[[1860]] - Ο [[Αβραάμ Λίνκολν]] χρίζεται υποψήφιος του [[Ρεπουμπλικανικό Κόμμα (ΗΠΑ)|Ρεπουμπλικανικού Κόμματος]] για τις προεδρικές εκλογές των [[Ηνωμένες Πολιτείες Αμερικής|Η.Π.Α.]]\n*[[1863]] - [[Αμερικανικός Εμφύλιος Πόλεμος]]: Αρχίζει η πολιορκία του Βίκσμπουργκ.\n*[[1969]] - [[Απόλλων (διαστημικό πρόγραμμα)|Πρόγραμμα Απόλλων]]: Εκτοξεύεται το [[Απόλλων 10]].\n\n== Γεννήσεις ==\n*[[1048]] – [[Ομάρ Καγιάμ]], Πέρσης μαθηματικός, ποιητής και αστρονόμος\n*[[1616]] - [[Γιόχαν Γιάκομπ Φρόμπεργκερ]], Γερμανός συνθέτης και μουσικός\n*[[1810]] - [[Φραντσέσκο Μαρία Πιάβε]], Ιταλός λιμπρετίστας\n*[[1868]] – [[Νικόλαος Β΄ της Ρωσίας|Νικόλαος Β΄]], αυτοκράτορας της Ρωσίας\n*[[1872]] – [[Μπέρτραντ Ράσελ]], Άγγλος μαθηματικός, συγγραφέας και φιλόσοφος\n*[[1876]] – [[Χέρμαν Μύλερ (πολιτικός)|Χέρμαν Μίλερ]], Γερμανός πολιτικός\n*[[1883]] – [[Βάλτερ Γκρόπιους]], Γερμανός αρχιτέκτονας\n*[[1897]] – [[Φρανκ Κάπρα]], Ιταλός παραγωγός, σκηνοθέτης και συγγραφέας\n*[[1914]] – [[Πιερ Μπαλμέν]], Γάλλος σχεδιαστής μόδας\n*[[1919]] - [[Μαργκότ Φοντέιν]], Αγγλίδα μπαλαρίνα\n*[[1920]] – [[Πάπας Ιωάννης Παύλος Β΄]]\n*[[1937]] - [[Ζακ Σαντέρ]], Λουξεμβουργιανός πολιτικός\n*[[1939]] – [[Τζιοβάνι Φαλκόνε]], Ιταλός δικαστής\n*[[1943]] – [[Τζίμι Σνούκα]], παλαιστής από τα Φίτζι\n*[[1946]] – [[Ανδρέας Κατσούλας]], Αμερικανός ηθοποιός\n*[[1949]] - [[Ρικ Γουέικμαν]], Άγγλος μουσικός\n*[[1950]] – [[Τόμας Γκόττσαλκ]], Γερμανός τηλεπαρουσιαστής\n*[[1955]] – [[Τσόου Γιούν-Φατ]], ηθοποιός από το Χονγκ Κονγκ\n*[[1957]] - [[Τέρτιους Ζόνγκο]], πρωθυπουργός της Μπουρκίνα Φάσο\n*[[1957]] – [[Μισέλ Κρετού]], Ρουμάνος μουσικός και παραγωγός ([[Enigma (μουσικό σχήμα)|Enigma]])\n*[[1960]] – [[Γιανίκ Νοά]], Γάλλος αντισφαιριστής\n*[[1967]] - [[Χάιντς-Χάραλντ Φρέντσεν]], Γερμανός οδηγός αγώνων\n*[[1962]] – [[Σάντρα]], Γερμανίδα τραγουδίστρια ([[Arabesque]])\n*[[1970]] – [[Τίνα Φέι]], Αμερικανίδα ηθοποιός\n*[[1978]] – [[Ρικάρντο Καρβάλιο]], Πορτογάλος ποδοσφαιριστής\n*[[1979]] – [[Άννα Χατζηαθανασίου]], Ελληνίδα αθλήτρια του καλλιτεχνικού πατινάζ\n*[[1981]] - [[Έντου Ντρασένα]], Βραζιλιάνος ποδοσφαιριστής\n*[[1987]] – [[Λουισάνα Λοπιλάτο]], Αργεντινή ηθοποιός και μοντέλο\n\n== Θάνατοι ==\n*[[526]] – [[Πάπας Ιωάννης Α΄]]\n*[[893]] - [[Πατριάρχης Στέφανος Α΄|Στέφανος Α΄]], Πατριάρχης Κωνσταντινουπόλεως\n*[[1410]] - [[Ρούπερτ της Γερμανίας|Ρούπερτ]], βασιλιάς της Γερμανίας\n*[[1557]] - [[Ιωάννης Β΄ του Ζίμερν|Ιωάννης Β΄]], παλατινός κόμης του Ζίμερν\n*[[1793]] - [[Τιμούρ Σαχ Ντουράνι]], Εμίρης του Αφγανιστάν\n*[[1799]] – [[Πιερ-Ωγκυστέν Καρόν ντε Μπωμαρσαί]], Γάλλος θεατρικός συγγραφέας\n*[[1800]] – [[Αλεξάντερ Βασίλιεβιτς Σουβόροφ]], Ρώσος στρατηγός\n*[[1828]] - [[Χατζημιχάλης Νταλιάνης]], Έλληνας οπλαρχηγός\n*[[1909]] – [[Ισαάκ Αλμπένιθ]], Ισπανός πιανίστας και συνθέτης\n*[[1911]] – [[Γκούσταβ Μάλερ]], Αυστριακός συνθέτης\n*[[1922]] - [[Σαρλ Λουί Αλφόνς Λαβεράν]], Γάλλος ιατρός\n*[[1929]] - [[Πάτρικ Τζόζεφ Κένεντι]], Αμερικανός πολιτικός\n*[[1955]] - [[Αικατερίνη Βερώνη]], Ελληνίδα ηθοποιός\n*[[1959]] - [[Άπσλεϊ Τσέρι-Γκάραρντ]], Άγγλος εξερευνητής\n*[[1967]] - [[Νικηφόρος Μανδηλαράς]], Έλληνας νομικός\n*[[1971]] - [[Γιάννης Βαλυράκης]], Έλληνας πολιτικός\n*[[1972]] - [[Ηρακλής Αναστασόπουλος]], Έλληνας πολιτικός\n*[[1979]] - [[Πολ Σάουθγουελ]], πρωθυπουργός του Αγίου Χριστόφορου και Νέβις\n*[[1981]] - [[Ουίλιαμ Σαρογιάν]], Αμερικανός συγγραφέας\n*[[1985]] - [[Παναγιώτης Ζέπος]], Έλληνας νομικός\n*[[1991]] - [[Γκερντ Άχγκελις]], Γερμανός πιλότος\n*[[1995]] – [[Ελίζαμπεθ Μοντγκόμερι]], Αμερικανίδα ηθοποιός\n*[[1996]] - [[Πότης Παρασκευόπουλος]], Έλληνας δημοσιογράφος, συγγραφέας και πολιτικός\n*[[2002]] – [[Ντέιβι Μπόι Σμιθ]], Άγγλος παλαιστής\n*[[2007]] – [[Πιερ-Ζιλ ντε Ζεν]], Γάλλος φυσικός\n*[[2009]] – [[Βελουπιλάι Πραμπακαράν]], ηγέτης των Ταμίλ\n*[[2014]] - [[Λυκούργος Αγγελόπουλος]], Έλληνας ψάλτης\n*[[2014]] - [[Ντόμπριτσα Τσόσιτς]], Σέρβος συγγραφέας και πολιτικός\n*[[2017]] - [[Ζακ Φρέσκο]], Αμερικανός μελλοντολόγος\n\n== Αργίες και εορτές ==\n* Διεθνής Ημέρα μουσείων.\n\n=== Εορτολόγιο Ορθόδοξης Εκκλησίας ===\n{{Πύλη:Ορθοδοξία/Εορτολόγιο/18 Μαΐου}}\n\n{{Μήνες}}\n\n[[Κατηγορία:Ημέρες του έτους]]"}}}]}]}}