{"batchcomplete":true,"query":{"normalized":[{"fromencoded":false,"from":"19_Μαρτίου","to":"19 Μαρτίου"}],"pages":[{"pageid":1490,"ns":0,"title":"19 Μαρτίου","revisions":[{"slots":{"main":{"contentmodel":"wikitext","contentformat":"text/x-wiki","content":"{{Πηγές|3=2022|2=01|13}}\n{{Μήνες Μαρτίου}}\n\n<center>[[18 Μαρτίου]] | '''19 Μαρτίου''' | [[20 Μαρτίου]]</center>\n\n----\nΗ '''19η Μαρτίου''' είναι η 78η ημέρα του έτους κατά το [[Γρηγοριανό ημερολόγιο]] (79η σε δίσεκτα έτη). Υπολείπονται 287 ημέρες.\n\n{|width=100%\n| __TOC__\n| {{ΗμερολόγιοΣεΠίνακα|3}}\n|}\n\n== Γεγονότα ==\n*[[1279]] – Η νίκη των [[Μογγόλοι|Μογγόλων]] στη ναυμαχία του Γιαμέν τερματίζει τη [[Δυναστεία Σονγκ|δυναστεία των Σονγκ]] στην [[Λαϊκή Δημοκρατία της Κίνας|Κίνα]].\n*[[1563]] - Υπογράφεται το Έδικτο της Αμπουάζ, τερματίζοντας την πρώτη φάση των [[Γαλλικοί θρησκευτικοί πόλεμοι|γαλλικών θρησκευτικών πολέμων]] και χορηγώντας ορισμένες ελευθερίες στους [[Ουγενότοι|Ουγενότους]].\n*[[1649]] - Η [[Βουλή των Κοινοτήτων του Ηνωμένου Βασιλείου|Βουλή των Κοινοτήτων της Αγγλίας]] ψηφίζει νόμο με τον οποίο καταργεί τη [[Βουλή των Λόρδων]], δηλώνοντας ότι είναι \"''άχρηστη και επικίνδυνη για το λαό της Αγγλίας''\". \n*[[1687]] - Ο εξερευνητής Ρομπέρ Καβελιέ ντε Λα Σαλ, αναζητώντας τις εκβολές του [[Ποταμός Μισσισσιππής|ποταμού Μισσισσιππή]], δολοφονείται από τους άντρες του.\n*[[1853]] - Οι [[Εξέγερση των Ταϊπίνγκ|δυνάμεις των Ταϊπίνγκ]] καταλαμβάνουν τη [[Ναντσίνγκ]]. \n*[[1863]] - Το SS ''Georgiana'', το οποίο λέγεται ότι ήταν το πιο ισχυρό [[καταδρομικό]] των [[Συνομόσπονδες Πολιτείες της Αμερικής|Συνομόσπονδων Πολιτειών της Αμερικής]], βυθίζεται κατά το παρθενικό του ταξίδι με φορτίο πυρομαχικών, φαρμάκων και εμπορευμάτων αξίας άνω του 1.000.000$. \n*[[1865]] - [[Αμερικανικός Εμφύλιος Πόλεμος]]: Αρχίζει η Μάχη του Μπέντονβιλ, η οποία θα λήξει δύο μέρες αργότερα με την υποχώρηση των δυνάμεων των [[Συνομόσπονδες Πολιτείες της Αμερικής|Συνομόσπονδων Πολιτειών της Αμερικής]]. \n*[[1885]] - Ο Λουί Ριέλ ανακηρύσσει προσωρινή κυβέρνηση στο [[Σασκάτσουαν]] του [[Καναδάς|Καναδά]].  \n*[[1895]] – Οι [[Ωγκύστ και Λουί Λυμιέρ]] πραγματοποιούν την πρώτη τους λήψη χρησιμοποιώντας τον πρόσφατα πατενταρισμένο κινηματογράφο.\n*[[1918]] - Το [[Κογκρέσο των Ηνωμένων Πολιτειών]] καθιερώνει τις [[Ζώνη ώρας|ζώνες ώρας]] και εγκρίνει τη [[θερινή ώρα]].\n*[[1920]] - Η [[Γερουσία (ΗΠΑ)|Γερουσία των Ηνωμένων Πολιτειών]] απορρίπτει για δεύτερη φορά τη [[Συνθήκη των Βερσαλλιών]]. \n*[[1931]] - Νομιμοποιούνται στη [[Νεβάδα]] τα [[τυχερά παιχνίδια]].\n*[[1944]] - [[Β΄ Παγκόσμιος Πόλεμος]]: Οι [[Ναζισμός|ναζιστικές]] δυνάμεις καταλαμβάνουν την [[Ουγγαρία]].\n*[[1945]] - [[Β΄ Παγκόσμιος Πόλεμος]]: Ο [[Αδόλφος Χίτλερ]] εκδίδει τη διαταγή «Νέρων» διατάσσοντας την καταστροφή όλων των βιομηχανιών, των στρατιωτικών εγκαταστάσεων, των καταστημάτων, των εγκαταστάσεων μεταφοράς και των μέσων επικοινωνίας στη [[Ναζιστική Γερμανία|Γερμανία]].\n*[[1946]] - Η [[Γαλλική Γουιάνα]], η [[Γουαδελούπη]], η [[Μαρτινίκα]] και η [[Ρεϋνιόν]] γίνονται [[Υπερπόντιοι νομοί και περιοχές|υπερπόντιοι νομοί]] της [[Γαλλία]]ς.\n*[[1960]] - Πραγματοποιείται μετακομιδή των οστών του [[Ανδρέας Κάλβος|Ανδρέα Κάλβου]] και της συζύγου του, από την [[Αγγλία]] στην [[Ελλάδα]].\n*[[1962]] - Ο [[Μπομπ Ντίλαν]] κυκλοφορεί το πρώτο του άλμπουμ, με τίτλο ''Bob Dylan''.  \n*[[1962]] - Λήγει επισήμως ο [[πόλεμος της Αλγερίας]] εναντίον των [[Γαλλία|Γάλλων]].\n*[[1979]] - Η [[Βουλή των Αντιπροσώπων (ΗΠΑ)]] αρχίζει να εκπέμπει τις δραστηριότητές της μέσω του δικτύου καλωδιακής τηλεόρασης C-SPAN.\n*[[1982]] - [[Πόλεμος των Φώκλαντ]]: Δυνάμεις της [[Αργεντινή]]ς αποβιβάζονται στο [[Νήσοι Νότια Γεωργία και Νότιες Σάντουιτς|νησί της Νότιας Γεωργίας]], επισπεύδοντας τον πόλεμο με το [[Ηνωμένο Βασίλειο]].   \n*[[2004]] – Η [[Άννα Μπενάκη - Ψαρούδα]] γίνεται η πρώτη γυναίκα πρόεδρος της [[Βουλή των Ελλήνων|Βουλής των Ελλήνων]]. \n\n== Γεννήσεις ==\n*[[1534]] – [[Χοσέ ντε Αντσιέτα]], Ισπανός ιεραπόστολος\n*[[1595]] - [[Κάρλο του Φερδινάνδου των Μεδίκων]], Ιταλός καρδινάλιος\n*[[1604]] - [[Ιωάννης Δ΄ της Πορτογαλίας|Ιωάννης Δ΄]], βασιλιάς της Πορτογαλίας\n*[[1768]] - [[Φρανσουά Ζοζέφ Μποζιό]], Μονεγάσκος γλύπτης\n*[[1813]] - [[Ντέιβιντ Λίβινγκστον]], Σκωτσέζος εξερευνητής\n*[[1848]] - Γουάιτ Ερπ, διάσημος σερίφης στην Άγρια Δύση  \n*[[1866]] - [[Εμίλιο Ντε Μπόνο]], Ιταλός στρατιωτικός\n*[[1885]] - [[Αττίκ]], Έλληνας τραγουδοποιός\n*[[1888]] - [[Γιόζεφ Άλμπερς]], Γερμανός καλλιτέχνης\n*[[1905]] – [[Τζο Ρολίνο]], Αμερικανός αρσιβαρίστας\n*[[1905]] – [[Άλμπερτ Σπέερ]], Γερμανός αρχιτέκτονας\n*[[1906]] – [[Άντολφ Άιχμαν]], Γερμανός αξιωματικός των SS και εγκληματίας πολέμου\n*[[1922]] - [[Χίρου Ονόντα]], Ιάπωνας στρατιωτικός\n*[[1923]] - [[Γιώργος Κόρος]], Έλληνας βιολιστής και συνθέτης\n*[[1923]] - [[Ζιλμπέρ Ντελαέ]], Βέλγος συγγραφέας\n*[[1927]] - [[Μπάμπης Δρόσος]], Έλληνας ποδοσφαιριστής\n*[[1929]] - [[Τίνα Λιβανού]], Ελληνίδα κοσμική\n*[[1933]] – [[Φίλιπ Ροθ]], Αμερικανός συγγραφέας\n*[[1936]] – [[Μπίρτε Βίλκε]], Δανή τραγουδίστρια\n*[[1943]] – [[Μάριο Μόντι]], Ιταλός πολιτικός\n*[[1944]] – [[Σαΐντ Μούσα]], πρωθυπουργός του Μπελίζ\n*[[1947]] – [[Γκλεν Κλόουζ]], Αμερικανίδα ηθοποιός\n*[[1947]] – [[Μαρίνιο Πέρες]], Βραζιλιάνος ποδοσφαιριστής\n*[[1949]] – [[Βαλέρι Λεόντιεφ]], Ρώσος τραγουδιστής\n*[[1952]] – [[Τζόζεφ Ουρουσεμάλ]], πρόεδρος των Ομόσπονδων Πολιτειών της Μικρονησίας\n*[[1955]] – [[Μπρους Γουίλις]], Αμερικανός ηθοποιός\n*[[1957]] - [[Οβίντιγιους Βυσνιάουσκας]], Λιθουανός τραγουδιστής\n*[[1967]] - [[Μιχάλης Μπλέτσας]], Έλληνας επιστήμονας\n*[[1974]] - [[Άγγελος Διγκόζης]], Έλληνας ποδοσφαιριστής και προπονητής\n*[[1976]] - [[Αλεσσάντρο Νέστα]], Ιταλός ποδοσφαιριστής\n*[[1976]] - [[Στέλιος Σφακιανάκης]], Έλληνας ποδοσφαιριστής\n*[[1979]] - [[Χρήστος Πατσατζόγλου]], Έλληνας ποδοσφαιριστής\n*[[1979]] - [[Χέντο Τούρκογλου]], Τούρκος καλαθοσφαιριστής\n*[[1980]] - [[Κωνσταντίνος Τσαχουρίδης]], Έλληνας τραγουδιστής\n*[[1981]] - [[Κόλο Τουρέ]], Ιβοριανός ποδοσφαιριστής\n*[[1982]] - [[Μπραντ Τζόουνς]], Αυστραλός ποδοσφαιριστής\n*[[1983]] - [[Έβαν Μπορν]], Αμερικανός καλαθοσφαιριστής\n*[[1984]] - [[12ος Πίθηκος]], Έλληνας ράπερ\n*[[1987]] - [[Έι Τζέι Λι]], Αμερικανίδα παλαίστρια\n*[[1987]] - [[Μίλος Τεόντοσιτς]], Σέρβος καλαθοσφαιριστής\n*[[1991]] - [[Αλεξάντερ Κακόριν]], Ρώσος ποδοσφαιριστής\n*[[1995]] - [[Έκτορ Μπεγιερίν]], Ισπανός ποδοσφαιριστής\n\n== Θάνατοι ==\n*[[235]] - [[Αλέξανδρος Σεβήρος]], Ρωμαίος αυτοκράτορας\n*[[1058]] - [[Καζιμίρ Α΄ ο Αποκαταστάτης]], δούκας της Πολωνίας\n*[[1205]] - [[Κωνσταντίνος (ΙΑ΄) Λάσκαρης]], Βυζαντινός αυτοκράτορας\n*[[1279]] - [[Αυτοκράτορας Μπινγκ των Σονγκ]]\n*[[1286]] – [[Αλέξανδρος Γ΄ της Σκωτίας|Αλέξανδρος Γ΄]], βασιλιάς της Σκωτίας\n*[[1330]] - [[Εδμόνδος του Γούντστοκ, 1ος κόμης του Κεντ]]\n*[[1372]] - [[Ιωάννης Β΄ του Μομφερράτου|Ιωάννης Β΄]], μαρκήσιος του Μομφερράτου\n*[[1406]] – [[Ιμπν Χαλντούν]], Άραβας ιστορικός\n*[[1527]] - [[Χριστόφορος Α΄ του Μπάντεν-Μπάντεν|Χριστόφορος Α΄]], μάργραβος του Μπάντεν\n*[[1623]] - [[Φίλιππος Σιγισμούνδος του Βολφενμπύτελ]], Γερμανός επίσκοπος\n*[[1702]] - [[Γουλιέλμος Γ΄ της Αγγλίας|Γουλιέλμος Γ΄]], βασιλιάς της Αγγλίας\n*[[1721]] – [[Πάπας Κλήμης ΙΑ΄]]\n*[[1790]] - [[Χασάν Τζεζάερλης]], Οθωμανός βεζίρης\n*[[1900]] – [[Ελένη Μπούκουρα-Αλταμούρα]], Ελληνίδα ζωγράφος\n*[[1925]] - [[Γεώργιος Σαμαρτζής]], Έλληνας ζωγράφος\n*[[1933]] – [[Τόμμυ Σόλομον]], ο τελευταίος Μοριορί\n*[[1950]] – [[Έντγκαρ Ράις Μπάροουζ]], Αμερικανός συγγραφέας\n*[[1971]] - [[Γεώργιος Παραβάντης]], Έλληνας πολιτικός\n*[[1976]] - [[Πωλ Κοσσόφ]], Άγγλος κιθαρίστας\n*[[1982]] – [[Ράντι Ρόουντς]], Αμερικανός κιθαρίστας ([[Quiet Riot]])\n*[[1984]] – [[Γκάρι Γουίνογκραντ]], Αμερικανός φωτογράφος\n*[[1987]] – [[Λουί ντε Μπρολί]], Γάλλος φυσικός\n*[[1999]] – [[Τοφιλάου Έτι Αλεσάνα]], πρωθυπουργός των Σαμόα\n*[[2008]] – [[Άρθουρ Κλαρκ]], Άγγλος συγγραφέας\n*[[2008]] - [[Πολ Σκόφιλντ]], Άγγλος ηθοποιός\n*[[2019|2019 -]] [[Θανάσης Γιαννακόπουλος]],  Έλληνας επιχειρηματίας\n\n== Αργίες και εορτές ==\n=== [[Ορθόδοξη Εκκλησία]] ===\n{{Πύλη:Ορθοδοξία/Εορτολόγιο/19 Μαρτίου}}\n\n{{Μήνες}}\n\n[[Κατηγορία:Ημέρες του έτους]]"}}}]}]}}