{"batchcomplete":true,"query":{"normalized":[{"fromencoded":false,"from":"19_Ιανουαρίου","to":"19 Ιανουαρίου"}],"pages":[{"pageid":1063,"ns":0,"title":"19 Ιανουαρίου","revisions":[{"slots":{"main":{"contentmodel":"wikitext","contentformat":"text/x-wiki","content":"{{Μήνες Ιανουαρίου}}\n\n<center>\n[[18 Ιανουαρίου]] | '''19 Ιανουαρίου''' | [[20 Ιανουαρίου]] </center>\n\n----\n\nΗ '''19η Ιανουαρίου''' είναι η 19η μέρα του έτους κατά το [[Γρηγοριανό ημερολόγιο]]. Υπολείπονται 347 μέρες (348 σε δίσεκτα έτη).\n\n{|width=100%\n| __TOC__\n| {{ΗμερολόγιοΣεΠίνακα|1}}\n|}\n\n== Γεγονότα ==\n* [[379]] – Στο [[Σίρμιο]], ο αυτοκράτορας [[Γρατιανός]] απονέμει στον [[Θεοδόσιος Α΄|Θεοδόσιο Α΄]] τον τίτλο του [[Αύγουστος (τίτλος)|Αυγούστου]] και του δίνει εξουσία σε όλες τις ανατολικές επαρχίες της [[Ρωμαϊκή Αυτοκρατορία|Ρωμαϊκής Αυτοκρατορίας]].\n* [[1419]] – [[Εκατονταετής Πόλεμος]]: η [[Ρουέν]] παραδίδεται στον [[Ερρίκος Ε΄ της Αγγλίας|Ερρίκο Ε΄ της Αγγλίας]], ολοκληρώνοντας την κατάκτηση της [[Νορμανδία]]ς από τους [[Αγγλία|Άγγλους]].\n* [[1511]] – Η [[πόλη]] Μιράντολα της [[Ιταλία]]ς παραδίδεται στους [[Γαλλία|Γάλλους]].\n* [[1795]] - Ανακηρύσσεται στις Κάτω Χώρες η [[Βαταβική Δημοκρατία]], δίνοντας τέλος στην [[Ολλανδική Δημοκρατία]]. \n* [[1817]] - Ένας στρατός άνω των 5.200 ανδρών, με επικεφαλής τον στρατηγό [[Χοσέ ντε Σαν Μαρτίν]], διασχίζει τις [[Άνδεις]] από την [[Αργεντινή]] για να απελευθερώσει τη [[Χιλή]] και στη συνέχεια το [[Περού]]. \n* [[1829]] – Πρεμιέρα του Α΄ μέρους του ''Φάουστ'' του [[Γιόχαν Βόλφγκανγκ Γκαίτε]].\n* [[1839]] - Η [[Αγγλική Εταιρεία Ανατολικών Ινδιών]] καταλαμβάνει το [[Άντεν]].\n* [[1853]] – Η όπερα του [[Τζουζέπε Βέρντι]] ''[[Τροβατόρε]]'' κάνει πρεμιέρα στη [[Ρώμη]].\n* [[1861]] - [[Αμερικανικός Εμφύλιος Πόλεμος]]: η [[Τζόρτζια]] συντάσσεται με τη [[Νότια Καρολίνα]], τη [[Φλόριντα]], το [[Μισισίπι]] και την [[Αλαμπάμα]] καθώς αποσχίζεται από τις [[Ηνωμένες Πολιτείες Αμερικής|Ηνωμένες Πολιτείες]].\n* [[1937]] - Ο [[Χάουαρντ Χιουζ]] κάνει νέο ρεκόρ στον αέρα πετώντας από το [[Λος Άντζελες]] στη [[Νέα Υόρκη]] σε 7 ώρες, 28 λεπτά και 25 δευτερόλεπτα.\n* [[1943]] – Το [[Αντιτορπιλικό Βασίλισσα Όλγα (D-15)|αντιτορπιλικό ''Βασίλισσα Όλγα'']], με κυβερνήτη τον [[Γεώργιος Μπλέσσας|Γεώργιο Μπλέσσα]], βυθίζει ανοιχτά της [[Τύνιδα]]ς το [[Ιταλία|ιταλικό]] πετρελαιοφόρο ''Στρόμπολι''.\n* [[1945]] - [[Β΄ Παγκόσμιος Πόλεμος]]: ο [[Κόκκινος Στρατός]] απελευθερώνει το γκέτο του [[Λοτζ]]. Από τους περισσότερους από 200.000 κατοίκους το [[1940]], λιγότεροι από 900 επέζησαν από τη [[Ναζισμός|ναζιστική]] κατοχή.\n* [[1947]] – Το πλοίο ''Χειμάρρα'' βυθίζεται στο [[Νότιος Ευβοϊκός κόλπος|Νότιο Ευβοϊκό κόλπο]] με τραγικό απολογισμό 391 νεκρούς.\n* [[1949]] - Η [[Κούβα]] αναγνωρίζει το [[Ισραήλ]].\n* [[1960]] - Οι [[Ηνωμένες Πολιτείες Αμερικής]] και η [[Ιαπωνία]] υπογράφουν σύμφωνο αμοιβαίας συνεργασίας και ασφάλειας.\n* [[1965]] - Απεργιακό κύμα πλήττει την [[Ελλάδα]], καθώς γιατροί κάθε βαθμίδας, ναυτικοί και σιδηροδρομικοί απεργούν διεκδικώντας την αύξηση των αποδοχών τους.\n* [[1969]] – Ο φοιτητής [[Γιαν Πάλαχ]] πεθαίνει αφού αυτοπυρπολήθηκε τρεις μέρες νωρίτερα στην [[Πράγα]], διαμαρτυρόμενος για την εισβολή της [[Ένωση Σοβιετικών Σοσιαλιστικών Δημοκρατιών|Σοβιετικής Ένωσης]] στην [[Τσεχοσλοβακία]]. Η κηδεία του μετατρέπεται σε άλλη μία μεγάλη διαμαρτυρία.\n* [[1974]] - Η [[Κίνα|Λαϊκή Δημοκρατία της Κίνας]] αποκτά τον έλεγχο των [[Νησιά Παρασέλ|νησιών Παρασέλ]] μετά από στρατιωτική εμπλοκή μεταξύ των ναυτικών δυνάμεων της Κίνας και της Δημοκρατίας του Βιετνάμ (Νότιο Βιετνάμ).\n* [[1978]] - Το τελευταίο [[Σκαθάρι (αυτοκίνητο)|σκαθάρι]] της [[Όμιλος Volkswagen|Volkswagen]] που κατασκευάστηκε στη [[Γερμανία]] αφήνει το εργοστάσιο της Volkswagen στο [[Έμντεν]]. Η παραγωγή του αυτοκινήτου στο [[Μεξικό]] θα συνεχιστεί μέχρι το [[2003]]. \n* [[1982]] – Σεισμός μεγέθους 6,8 Ρίχτερ στη [[Λήμνος|Λήμνο]].\n* [[1983]] – Συλλαμβάνεται ο Κλάους Μπάρμπι, επικεφαλής των [[Ναζί]] στη [[Λυών]] της [[Γαλλία|Γαλλίας]], κατηγορούμενος για εγκλήματα κατά της ανθρωπότητας.\n* [[1993]] – Οι Δημοκρατίες της [[Τσεχία]]ς και της [[Σλοβακία]]ς γίνονται δεκτές στον [[ΟΗΕ]].\n* [[1994]] – Συμφωνία, που αποτελεί το πρώτο βήμα εξομάλυνσης των σχέσεων τους, υπογράφουν στο Μέγαρο του [[ΟΗΕ]] στη [[Γενεύη]] η [[Κροατία]] και η [[Γιουγκοσλαβία]], που αποτελείτο πλέον από τη [[Σερβία]] και το [[Μαυροβούνιο]].\n* [[1995]] – Δικαστήριο των [[Ηνωμένες Πολιτείες Αμερικής|ΗΠΑ]] επιβάλλει στους κληρονόμους του Φερδινάρδο Μάρκος να πληρώσουν αποζημίωση ύψους 180 δισ. δραχμών στα θύματα του πρώην δικτάτορα των [[Φιλιππίνες|Φιλιππίνων]].\n* [[1996]] – Στην [[Τουρκία]], εντολή σχηματισμού κυβέρνησης στην [[Τανσού Τσιλέρ]] δίνει ο Πρόεδρος [[Σουλεϊμάν Ντεμιρέλ]], μετά την αποτυχία του ισλαμιστή [[Νετσμεττίν Ερμπακάν]] να συμφωνήσει με τους πολιτικούς ηγέτες. \n* [[1997]] – Ο [[Γιάσερ Αραφάτ]] γυρνά στη [[Χεβρώνα]] μετά από 30 χρόνια, προκειμένου να παραστεί στους εορτασμούς για την παράδοση της τελευταίας πόλης στη [[Δυτική Όχθη]] από τους [[Ισραήλ|Ισραηλινούς]] στους [[Κράτος της Παλαιστίνης|Παλαιστίνιους]].\n\n== Γεννήσεις ==\n*[[399]] – [[Πουλχερία]], Βυζαντινή αυτοκράτειρα\n*[[1261]] - [[Λαδίσλαος Α΄ ο Βραχύς|Λαδίσλαος Α΄]], βασιλιάς της Πολωνίας\n*[[1382]] - [[Αλέξιος Δ΄ Μέγας Κομνηνός]], αυτοκράτορας της Τραπεζούντας\n*[[1544]] – [[Φραγκίσκος Β΄ της Γαλλίας|Φραγκίσκος Β΄]], βασιλιάς της Γαλλίας\n*[[1585]] - [[Λουκίλιος Βανίνι]], Ιταλός φιλόσοφος\n*[[1736]] – [[Τζέιμς Βατ]], Σκωτσέζος εφευρέτης\n*[[1798]] – [[Ογκίστ Κοντ]], Γάλλος φιλόσοφος\n*[[1807]] – [[Ρόμπερτ Λη]], Αμερικανός στρατηγός \n*[[1809]] – [[Έντγκαρ Άλλαν Πόε]], Αμερικανός συγγραφέας\n*[[1821]] - [[Φέρντιναντ Γκρεγκορόβιους]], Γερμανός ιστορικός\n*[[1826]] - [[Γουσταύος Χέρτσμπεργκ]], Γερμανός ιστορικός\n*[[1839]] – [[Πωλ Σεζάν]], Γάλλος ζωγράφος\n*[[1851]] – [[Γιακόμπους Καπτέυν]], Ολλανδός αστρονόμος\n*[[1865]] - [[Βαλεντίν Σερόφ]], Ρώσος ζωγράφος \n*[[1875]] - [[Σκευοφύλαξ Ζερβός]], Έλληνας ιατρός και αγωνιστής\n*[[1890]] - [[Χαμπιμπουλάχ Καλακανί]], Βασιλιάς του Αφγανιστάν\n*[[1897]] - [[Καρλ Κερένυι]], Ούγγρος φιλόλογος\n*[[1902]] - [[Γεώργιος Οστρογκόρσκι]], Ρώσος βυζαντινολόγος\n*[[1909]] - [[Ασημάκης Γιαλαμάς]], Έλληνας συγγραφέας\n*[[1912]] - [[Λεονίντ Καντορόβιτς]], Ρώσος οικονομολόγος\n*[[1919]] - [[Μάριος Πλωρίτης]], Έλληνας συγγραφέας και σκηνοθέτης\n*[[1920]] - [[Χαβιέρ Πέρες ντε Κουέγιαρ]], Περουβιανός πολιτικός\n*[[1921]] - [[Πατρίσια Χάισμιθ]], Αμερικανίδα συγγραφέας\n*[[1937]] - [[Γκύντερ Λίτφιν]], Γερμανός ράφτης\n*[[1941]] – [[Πατ Πάτερσον]], Καναδός παλαιστής\n*[[1942]] – [[Γιώργος Χατζηνάσιος]], Έλληνας συνθέτης\n*[[1943]] – [[Τζάνις Τζόπλιν]], Αμερικανίδα τραγουδίστρια\n*[[1946]] – [[Ντόλι Πάρτον]], Αμερικανίδα τραγουδίστρια και ηθοποιός\n*[[1947]] – [[Ροντ Έβανς]], Άγγλος τραγουδιστής ([[Deep Purple]])\n*[[1947]] – [[Έλενα Ναθαναήλ]], Ελληνίδα ηθοποιός\n*[[1951]] - [[Χαράλαμπος Αγγουράκης]], Έλληνας πολιτικός\n*[[1952]] - [[Έκτωρ Νασιώκας]], Έλληνας πολιτικός\n*[[1954]] – [[Κέιτι Σαγκάλ]], Αμερικανίδα ηθοποιός\n*[[1965]] - [[Κούλης Θεοδώρου]], Κύπριος συνθέτης\n*[[1967]] - [[Βίκυ Κουλιανού]], Ελληνίδα ηθοποιός και μοντέλο\n*[[1972]] – [[Αρ Τρουθ]], Αμερικανός παλαιστής\n*[[1974]] - [[Δήμητρα Ματσούκα]], Ελληνίδα ηθοποιός\n*[[1979]] – [[Γιόσου Σαριέγκι]], Ισπανός ποδοσφαιριστής\n*[[1980]] – [[Άρβυντας Ματσιγιάουσκας]], Λιθουανός καλαθοσφαιριστής\n*[[1980]] – [[Τζένσον Μπάτον]], Άγγλος οδηγός αγώνων\n*[[1981]] – [[Δημοσθένης Μανουσάκης]], Έλληνας ποδοσφαιριστής\n*[[1983]] - [[Ισμαέλ Μπλάνκο]], Αργεντινός ποδοσφαιριστής\n*[[1986]] – [[Κλαούντιο Μαρκίζιο]], Ιταλός ποδοσφαιριστής\n*[[1988]] - [[Αλεξέι Βορομπιόφ]], Ρώσος τραγουδιστής και ηθοποιός\n*[[1988]] – [[Τόμας Πρωτόπαπας]], Έλληνας ηθοποιός και μοντέλο\n*[[1992]] - [[Λόγκαν Λέρμαν]], Αμερικανός ηθοποιός\n\n== Θάνατοι ==\n*[[532]] - [[Υπάτιος (ύπατος το 500)]], Βυζαντινός ευγενής\n*[[1305]] - [[Ρουτζέρο ντι Λαούρια]], Ιταλός ναύαρχος\n*[[1345]] - [[Ραούλ Α΄ των Μπριέν του Ε|Ραούλ Α΄ των Μπριέν]], κόμης του Ε\n*[[1526]] - [[Ισαβέλλα της Αυστρίας]], βασίλισσα της Δανίας\n*[[1576]] - [[Χανς Ζαξ]], Γερμανός συγγραφέας\n*[[1847]] – [[Αθανάσιος Χριστόπουλος]], Έλληνας ποιητής\n*[[1865]] – [[Πιερ-Ζοζέφ Προυντόν]], Γάλλος αναρχικός\n*[[1938]] – [[Μπράνισλαβ Νούσιτς]], Σέρβος συγγραφέας\n*[[1938]] - [[Ευαγγελία Παρασκευοπούλου]], Ελληνίδα ηθοποιός\n*[[1947]] - [[Διονύσιος Κ. Βούλτσος]], Έλληνας στρατιωτικός και πολιτικός\n*[[1948]] – [[Τόνι Γκαρνιέ]], Γάλλος αρχιτέκτονας\n*[[1954]] - [[Μοχάμετ Αμίν Ντιντί]], πολιτικός των Μαλδίβων\n*[[1969]] – [[Γιαν Πάλαχ]], Τσέχος πολιτικός ακτιβιστής\n*[[1986]] - [[Νικόλαος Χ. Αρώνης]], Έλληνας νομάρχης\n*[[1988]] - [[Δόρα Στράτου]], Ελληνίδα χορογράφος\n*[[1998]] - [[Καρλ Πέρκινς]], Αμερικανός τραγουδοποιός\n*[[1999]] - [[Δημήτριος Μένεγας]], Έλληνας δικηγόρος και νομάρχης\n*[[2000]] – [[Χέντι Λαμάρ]], Αυστριακή ηθοποιός\n*[[2007]] – [[Χραντ Ντινκ]], Τούρκος εκδότης\n*[[2010]] - [[Χρήστος Χατζησκουλίδης]], Έλληνας ποδοσφαιριστής\n*[[2016]] - [[Έττορε Σκόλα]], Ιταλός σκηνοθέτης\n\n== Αργίες και εορτές ==\n=== [[Ορθόδοξη Εκκλησία]] ===\n{{Πύλη:Ορθοδοξία/Εορτολόγιο/19 Ιανουαρίου}}\n\n\n{{Μήνες}}\n\n[[Κατηγορία:Ημέρες του έτους]]"}}}]}]}}