{"batchcomplete":true,"query":{"normalized":[{"fromencoded":false,"from":"19_Δεκεμβρίου","to":"19 Δεκεμβρίου"}],"pages":[{"pageid":3744,"ns":0,"title":"19 Δεκεμβρίου","revisions":[{"slots":{"main":{"contentmodel":"wikitext","contentformat":"text/x-wiki","content":"{{Μήνες Δεκεμβρίου}}\n\n<center>[[18 Δεκεμβρίου]] | '''19 Δεκεμβρίου''' | [[20 Δεκεμβρίου]]</center>\n\n----\nΗ '''19η Δεκεμβρίου''' είναι η 353η ημέρα του έτους κατά το [[Γρηγοριανό ημερολόγιο]] (354η σε δίσεκτα έτη). Υπολείπονται 12 ημέρες.\n\n{|width=100%\n| __TOC__\n| {{ΗμερολόγιοΣεΠίνακα|12}}\n|}\n\n==Γεγονότα==\n*[[1154]] – Ο [[Ερρίκος Β΄ της Αγγλίας|Ερρίκος Β΄]] στέφεται βασιλιάς της [[Αγγλία]]ς στο [[Αββαείο του Ουέστμινστερ]].\n*[[1490]] - Η [[Άννα της Βρετάνης]] παντρεύεται με πληρεξούσιο τον [[Μαξιμιλιανός Α΄ της Αγίας Ρωμαϊκής Αυτοκρατορίας|Μαξιμιλιανό Α΄ της Αγίας Ρωμαϊκής Αυτοκρατορίας]].\n*[[1776]] - Ο [[Τόμας Πέιν]] δημοσιεύει το πρώτο από μία σειρά κειμένων του με τίτλο ''Η Αμερικάνικη Κρίση''.\n*[[1796]] - [[Πόλεμοι της Γαλλικής Επανάστασης]]: δύο [[Μεγάλη Βρετανία|βρετανικές]] φρεγάτες υπό τη διοίκηση του [[Οράτιος Νέλσον|Οράτιου Νέλσον]] εμπλέκονται σε ναυμαχία με δύο [[Ισπανία|ισπανικές]] φρεγάτες στα ανοικτά των ακτών της [[Καρθαγένη]]ς.\n*[[1913]] – Επιδημία τύφου εμφανίζεται στην [[Αθήνα]], λόγω μόλυνσης του νερού στο δημοτικό υδραγωγείο. Τα θύματα υπερβαίνουν τα 300.\n*[[1916]] - [[Α΄ Παγκόσμιος Πόλεμος]]: στο δυτικό μέτωπο, ο [[Γαλλία|γαλλικός]] στρατός νικά τον [[Γερμανία|γερμανικό]] στρατό στη [[Μάχη του Βερντέν]]. \n*[[1920]] – Ο [[Κωνσταντίνος Α΄ της Ελλάδας]] επιστρέφει ως [[Βασίλειο της Ελλάδας|βασιλιάς των Ελλήνων]] μετά τον θάνατο του γιου του, [[Αλέξανδρος Α΄ της Ελλάδας|Αλεξάνδρου Α']], και το [[Ελληνικό δημοψήφισμα του 1920|δημοψήφισμα της 5ης Δεκεμβρίου]].\n* [[1924]] – Πωλείται στο Λονδίνο το τελευταίο μοντέλο της θρυλικής Rolls-Royce Silver Ghost\n* [[1946]] – Έναρξη του πρώτου πολέμου της Ινδοκίνας που οδήγησε στον πόλεμο του Βιετνάμ.\n*[[1970]] - \"''Ουδεμία αλλαγή το 1971 εις την υφιστάμενην συνταγματική τάξιν''\", δηλώνει στο λόγο του προς το έθνος ο [[Γεώργιος Παπαδόπουλος]]. \"''Εγώ θα κρίνω, ως εντολοδόχος του λαού, πότε θα είναι επωφελής διά το Έθνος η πλήρης λειτουργία του κοινοβουλευτισμού''\", καταλήγει.\n*[[1980]] – Τα πολυκαταστήματα [[Μινιόν (κατάστημα)|«Μινιόν»]] και «Κατράντζος» καταστρέφονται από εκρήξεις βομβών, σε οργανωμένη επιχείρηση δολιοφθοράς.\n* [[1983]] – Το αυθεντικό [[Παγκόσμιο Κύπελλο της FIFA]], το κύπελλο Ζυλ Ριμέ γίνεται αντικείμενο κλοπής μέσα από την έδρα της  Ποδοσφαιρικής Ομοσπονδίας της Βραζιλίας, στο Ρίο ντε Τζανέιρο\n* [[1984]] – Υπογράφεται συμφωνία ανάμεσα στη [[Μάργκαρετ Θάτσερ]] και τον [[Ντενγκ Ξιάο Πινγκ]], για την ενσωμάτωση του Χονγκ Κονγκ στην Κίνα, από την 1η Ιουλίου 1997\n* [[1986]] – Ο [[Μιχαήλ Γκορμπατσόφ]] απελευθερώνει τον [[Αντρέι Ζαχάροφ]] και τη σύζυγό του από την εξορία στο Γκόρκι\n* [[2001]] – Καταγράφεται στη Μογγολία η υψηλότερη βαρομετρική πίεση στα χρονικά (1085.6 hPa)\n* [[2016]] - Δολοφονείται στην [[Άγκυρα]], ο Αντρέι Καρλόφ, πρεσβευτής της Ρωσίας από έναν τούρκο αστυνομικό ο οποίος υποστήριξε πως η ενέργεια αυτή αποτελούσε εκδίκηση για την τραγωδία στο Χαλέπι (βλ.[[Συριακός εμφύλιος πόλεμος]]).\n*[[2016]] - Φορτηγό παρασέρνει 12 ανθρώπους που σκοτώθηκαν και άλλοι 50 τραυματίστηκαν στην Χριστουγεννιάτικη αγορά, στο [[Βερολίνο]]. Η ανάληψη ευθύνης έγινε από το [[Ισλαμικό Κράτος]].\n\n==Γεννήσεις==\n*[[1343]] - [[Γουλιέλμος Α΄ του Μάισσεν|Γουλιέλμος Α΄]], μάργραβος του Μάισσεν\n*[[1498]] - [[Ανδρέας Οσίανδρος]], Γερμανός θεολόγος\n*[[1594]] - [[Γουσταύος Β΄ Αδόλφος της Σουηδίας|Γουσταύος Β΄ Αδόλφος]], βασιλιάς της Σουηδίας\n*[[1683]] - [[Φίλιππος Ε΄ της Ισπανίας|Φίλιππος Ε΄]], βασιλιάς της Ισπανίας\n*[[1778]] - [[Μαρία Θηρεσία της Γαλλίας|Μαρία Θηρεσία]], βασίλισσα της Γαλλίας\n*[[1814]] - [[Μαρία Αντωνία των Δύο Σικελιών]], μεγάλη δούκισσα της Τοσκάνης\n*[[1852]] - [[Άλμπερτ Αβραάμ Μάικελσον]], Πρώσος φυσικός\n*[[1875]] - [[Μιλέβα Μάριτς]], Σέρβα φυσικός\n*[[1902]] - [[Ραλφ Ρίτσαρντσον]], Άγγλος ηθοποιός\n*[[1906]] - [[Λεονίντ Μπρέζνιεφ]], Σοβιετικός πολιτικός\n*[[1910]] - [[Ζαν Ζενέ]], Γάλλος συγγραφέας\n*[[1915]] - [[Εντίθ Πιάφ]], Γαλλίδα τραγουδίστρια\n*[[1924]] - [[Μισέλ Τουρνιέ]], Γάλλος συγγραφέας\n*[[1925]] - [[Ραμπάχ Μπιτάτ]], Αλγερινός πολιτικός\n*[[1925]] - [[Ρόμπερτ Σέρμαν]], Αμερικανός τραγουδοποιός\n*[[1934]] - [[Πρατίμπχα Πατίλ]], Ινδή πολιτικός\n*[[1941]] - [[Λι Μιουνγκ-μπακ]], Νοτιοκορεάτης πολιτικός\n*[[1943]] - [[Τζίμι Μακέι]], Αυστραλός ποδοσφαιριστής\n*[[1944]] - [[Άλβιν Λι]], Άγγλος τραγουδιστής και κιθαρίστας ([[Ten Years After]])\n*[[1947]] - [[Τζίμι Μπέην]], Σκωτσέζος μπασίστας ([[Rainbow]])\n*[[1949]] - [[Κλόντια Κολμπ]], Αμερικανίδα κολυμβήτρια\n*[[1956]] - [[Νίκος Λιάκος]], Έλληνας ποδοσφαιριστής\n*[[1956]] - [[Γενς Φινκ-Γένσεν]], Δανός συγγραφέας, φωτογράφος και συνθέτης\n*[[1963]] - [[Τιλ Σβάιγκερ]], Γερμανός ηθοποιός\n*[[1964]] - [[Άρβιντας Σαμπόνις]], Λιθουανός καλαθοσφαιριστής\n*[[1969]] - [[Αζίζα Μουσταφά Ζαντέ]], Αζέρα τραγουδοποιός\n*[[1969]] - [[Ρίτσαρντ Χάμοντ]], Άγγλος δημοσιογράφος\n*[[1972]] - [[Αλίσα Μιλάνο]], Αμερικανίδα ηθοποιός και τραγουδίστρια\n*[[1974]] - [[Γιασμίλα Ζμπάνιτς]], Βόσνια σκηνοθέτις\n*[[1975]] - [[Μάκης Μπελεβώνης]], Έλληνας ποδοσφαιριστής\n*[[1977]] - [[Ιρίνα Βορόνινα]], Ρωσίδα ηθοποιός και μοντέλο\n*[[1977]] - [[Ελίζα]], Ιταλίδα τραγουδίστρια\n*[[1980]] - [[Τζέικ Τζίλενχαλ]], Αμερικανός ηθοποιός\n*[[1982]] - [[Τέρο Πιτκαμάκι]], Φινλανδός ακοντιστής\n*[[1983]] - [[Νεκτάριος Αλεξάνδρου]], Κύπριος ποδοσφαιριστής\n*[[1986]] - [[Ράιαν Μπάμπελ]], Ολλανδός ποδοσφαιριστής\n*[[1986]] - [[Λάζαρος Χριστοδουλόπουλος]], Έλληνας ποδοσφαιριστής\n*[[1987]] - [[Καρίμ Μπενζεμά]], Γάλλος ποδοσφαιριστής\n*[[1988]] - [[Αλέξις Σάντσες]], Χιλιανός ποδοσφαιριστής\n\n==Θάνατοι==\n*[[401]] - [[Πάπας Αναστάσιος Α΄]]\n*[[1111]] - [[Αλ-Γκαζαλί]], Πέρσης φιλόσοφος\n*[[1325]] - [[Αγνή της Γαλλίας, δούκισσα της Βουργουνδίας]]\n*[[1370]] - [[Πάπας Ουρβανός Ε΄]]\n*[[1494]] - [[Ματτέο Μπογιάρντο]], Ιταλός ποιητής\n*[[1741]] - [[Βίτους Μπέρινγκ]], Δανός εξερευνητής\n*[[1848]] - [[Έμιλι Μπροντέ]], Αγγλίδα συγγραφέας\n*[[1851]] - [[Ουίλλιαμ Τέρνερ]], Άγγλος καλλιτέχνης\n*[[1915]] - [[Αλοΐσιος Άλτσχάιμερ]], Γερμανός ψυχίατρος και νευροπαθολόγος\n*[[1929]] - [[Μπλάιντ Λέμον Τζέφερσον]], Αμερικανός τραγουδοποιός\n*[[1933]] - [[Μανούσος Κούνδουρος]], Έλληνας πολιτικός\n*[[1941]] - [[Νικόλαος Μάμας]], Έλληνας ευεργέτης\n*[[1946]] - [[Πολ Λανζεβέν]], Γάλλος φυσικός\n*[[1953]] - [[Ρόμπερτ Άντριους Μίλικαν]], Αμερικανός φυσικός\n*[[1984]] - [[Ιωάννης Βλαμίδης]], Έλληνας πολιτικός\n*[[1986]] - [[Μπάμπης Κλάρας]], Έλληνας δημοσιογράφος και συγγραφέας\n*[[1996]] - [[Μαρτσέλλο Μαστρογιάννι]], Ιταλός ηθοποιός\n*[[2015]] - [[Σαμίρ Κουντάρ]], Λιβανέζος μέλος της Χεζμπολάχ\n*[[2015]] - [[Τζίμι Χιλ]], Άγγλος ποδοσφαιριστής και προπονητής\n*[[2021]]-  [[Ορφέας Ζάχος]] Έλληνας ηθοποιός.\n\n==Αργίες και εορτές==\n\n=== [[Ορθόδοξη Εκκλησία]] ===\n{{Πύλη:Ορθοδοξία/Εορτολόγιο/19 Δεκεμβρίου}}\n\n{{Μήνες}}\n\n[[Κατηγορία:Ημέρες του έτους]]"}}}]}]}}