{"batchcomplete":true,"query":{"normalized":[{"fromencoded":false,"from":"19_Φεβρουαρίου","to":"19 Φεβρουαρίου"}],"pages":[{"pageid":1276,"ns":0,"title":"19 Φεβρουαρίου","revisions":[{"slots":{"main":{"contentmodel":"wikitext","contentformat":"text/x-wiki","content":"{{Πηγές|3=2022|2=01|13}}\n{{Μήνες Φεβρουαρίου}}\n\n<center>[[18 Φεβρουαρίου]] | '''19 Φεβρουαρίου''' | [[20 Φεβρουαρίου]]</center>\n\n----\n\nΗ '''19η Φεβρουαρίου''' είναι η 50ή ημέρα του έτους κατά το [[Γρηγοριανό ημερολόγιο]]. Υπολείπονται 315 ημέρες (316 σε δίσεκτα έτη).\n\n{|width=100%\n| __TOC__\n| {{ΗμερολόγιοΣεΠίνακα|2}}\n|}\n\n== Γεγονότα ==\n*[[197]] – Ο αυτοκράτορας [[Σεπτίμιος Σεβήρος]] νικά τον σφετεριστή Κλαύδιο Αλβίνο στη μάχη του Λούγδουνουμ, την πιο αιματηρή μάχη μεταξύ ρωμαϊκών στρατευμάτων. \n*[[1594]] - Έχοντας ήδη κληρονομήσει το [[1587]] τον θρόνο της [[Πολωνική-Λιθουανική Κοινοπολιτεία|Πολωνικής-Λιθουανικής Κοινοπολιτείας]] μέσω της μητέρας του, Αικατερίνης Γιαγγελλόνων, ο [[Σιγισμούνδος Γ΄ της Πολωνίας]] από τον [[Οίκος των Βάσα|Οίκο των Βάσα]] στέφεται βασιλιάς της [[Σουηδία]]ς, αφού διαδέχθηκε τον πατέρα του, [[Ιωάννης Γ΄ της Σουηδίας|Ιωάννη Γ΄ της Σουηδίας]].\n*[[1674]] – Η [[Αγγλία]] και η [[Ολλανδία]] υπογράφουν τη Συνθήκη του Ουέστμινστερ τερματίζοντας τον Τρίτο Αγγλο-Ολλανδικό Πόλεμο. Η συμφωνία προβλέπει, μεταξύ άλλων, την παράδοση της ολλανδικής αποικίας του Νέου Άμστερνταμ στους Άγγλους, το οποίο μετονομάστηκε σε [[Νέα Υόρκη]].\n*[[1726]] - Ιδρύεται το [[Ανώτατο Μυστικό Συμβούλιο]] στη [[Ρωσία]].\n*[[1846]] - Εγκαθίσταται επίσημα στο [[Ώστιν (Τέξας)|Ώστιν]] η κυβέρνηση της νεοσυσταθείσας πολιτείας του [[Τέξας]]. Η κυβέρνηση της [[Δημοκρατία του Τέξας|Δημοκρατίας του Τέξας]] παραχωρεί επίσημα την εξουσία της στην κυβέρνηση της πολιτείας του Τέξας μετά την προσάρτηση του Τέξας από τις [[Ηνωμένες Πολιτείες Αμερικής]]. \n*[[1878]] - Ο [[Τόμας Έντισον]] λαμβάνει δίπλωμα ευρεσιτεχνίας για τον [[Φωνογράφος|φωνογράφο]].\n*[[1884]] - Περισσότεροι από 60 [[Σίφωνας|ανεμοστρόβιλοι]] χτυπούν τις [[Νότιες Ηνωμένες Πολιτείες]].\n*[[1913]] - [[Α' Βαλκανικός Πόλεμος]]: Ξεκινάει η [[μάχη του Μπιζανίου]] κατά των Τούρκων που δύο μέρες αργότερα, θα οδηγήσει στην απελευθέρωση των [[Ιωάννινα|Ιωαννίνων]] και της υπόλοιπης [[Ήπειρος (περιοχή)|Ηπείρου]] από τον ελληνικό στρατό.\n*[[1915]] - [[Α΄ Παγκόσμιος Πόλεμος]]: αρχίζει η πρώτη ναυτική επίθεση στα [[Ελλήσποντος|Δαρδανέλλια]] όταν μία ισχυρή [[Αγγλία|αγγλο]]-[[Γαλλία|γαλλική]] δύναμη βομβαρδίζει το [[Οθωμανική Αυτοκρατορία|οθωμανικό]] πυροβολικό κατά μήκος της ακτής της [[Χερσόνησος της Καλλίπολης|Καλλίπολης]].\n* [[1936]] - Υπογράφεται το [[Σύμφωνο Σοφούλη-Σκλάβαινα]] μεταξύ των [[Κόμμα Φιλελευθέρων (Ελλάδα) | κόμματος των φιλελεύθερων]] και των κομμουνιστών του [[Παλλαϊκό Μέτωπο | Παλαϊκού Μετώπο]].\n*[[1942]] - [[Β΄ Παγκόσμιος Πόλεμος]]: σχεδόν 250 [[Ιαπωνία|ιαπωνικά]] πολεμικά αεροπλάνα επιτίθενται στο [[Ντάργουιν]], στη [[Βόρεια Επικράτεια|βόρεια]] [[Αυστραλία]].\n*[[1942]] - [[Β΄ Παγκόσμιος Πόλεμος]]: ο πρόεδρος των [[Ηνωμένες Πολιτείες Αμερικής|Ηνωμένων Πολιτειών]] [[Φραγκλίνος Ρούζβελτ]] υπογράφει το εκτελεστικό διάταγμα 9066, επιτρέποντας στους Αμερικανούς στρατιωτικούς να μεταφέρουν [[Εγκλεισμός των Ιαπώνων Αμερικανών|Ιάπωνες Αμερικανούς σε στρατόπεδα συγκέντρωσης]].\n*[[1945]] - [[Β΄ Παγκόσμιος Πόλεμος]]: [[Μάχη της Ίβο Τζίμα]]. Περίπου 30.000 [[Σώμα Πεζοναυτών των ΗΠΑ|Αμερικανοί πεζοναύτες]] αποβιβάζονται στην [[Ίβο Τζίμα]].\n*[[1959]] – Το [[Ηνωμένο Βασίλειο]] χορηγεί στην [[Κύπρος|Κύπρο]] ανεξαρτησία, η οποία θα ανακηρυχθεί επισήμως στις [[16 Αυγούστου]] του [[1960]].\n*[[1976]] - Ο [[Τζέραλντ Φορντ]] ανακαλεί το εκτελεστικό διάταγμα 9066 που οδήγησε στη μετεγκατάσταση των [[Εγκλεισμός των Ιαπώνων Αμερικανών|Ιαπώνων Αμερικών σε στρατόπεδα συγκέντρωσης]].\n\n== Γεννήσεις ==\n*[[1461]] - [[Ντομένικο Γκριμάνι]], Ιταλός καρδινάλιος\n*[[1473]] – [[Νικόλαος Κοπέρνικος]], Πολωνός αστρονόμος και μαθηματικός\n*[[1618]] - [[Ιωάννης Φωκυλίδης Χολβάρντα]], Ολλανδός αστρονόμος\n*[[1817]] - [[Γουλιέλμος Γ΄ των Κάτω Χωρών|Γουλιέλμος Γ΄]], βασιλιάς των Κάτω Χωρών\n*[[1832]] - [[Καρλ Χοπφ]], Γερμανός ιστορικός\n*[[1859]] – [[Σβάντε Αρρένιους]], Σουηδός χημικός\n*[[1876]] – [[Κονσταντίν Μπρανκούζι]], Ρουμάνος γλύπτης\n*[[1896]] – [[Αντρέ Μπρετόν]], Γάλλος συγγραφέας\n*[[1901]] – [[Φλόρενς Γκριν]], Αγγλίδα βετεράνος του Α΄ Παγκοσμίου Πολέμου\n*[[1917]] - [[Κάρσον ΜακΚάλλερς]], Αμερικανίδα συγγραφέας\n*[[1924]] - [[Λι Μάρβιν]], Αμερικανός ηθοποιός\n*[[1928]] - [[Νικηφόρος Μανδηλαράς]], Έλληνας νομικός\n*[[1933]] - [[Γιάννης Μαρδίτσης]], Έλληνας ποδοσφαιριστής\n*[[1939]] – [[Αλφρέδο Μπράις Ετσενίκε]], Περουβιανός συγγραφέας\n*[[1940]] – [[Σαπαρμουράτ Νιγιαζόφ]], πρόεδρος του Τουρκμενιστάν\n*[[1941]] – [[Ντέιβιντ Γκρος]], Αμερικανός φυσικός\n*[[1948]] - [[Τόνι Αϊόμι]], Άγγλος κιθαρίστας\n*[[1948]] – [[Μπιγκ Τζον Σταντ]], Αμερικανός παλαιστής\n*[[1951]] - [[Σιγκέρου Ουμεμπαγιάσι]], Ιάπωνας συνθέτης\n*[[1952]] – [[Ντανίλο Τιρκ]], 3ος πρόεδρος της Σλοβενίας\n*[[1953]] – [[Κριστίνα Φερνάντες ντε Κίρχνερ]], πρόεδρος της Αργεντινής\n*[[1953]] – [[Μάσιμο Τροΐζι]], Ιταλός ηθοποιός\n*[[1954]] – [[Σώκρατες (ποδοσφαιριστής)|Σώκρατες]], Βραζιλιάνος ποδοσφαιριστής\n*[[1957]] – [[Φάλκο]], Αυστριακός τραγουδιστής\n*[[1960]] - [[Πρίγκιπας Ανδρέας, Δούκας της Υόρκης]]\n*[[1961]] - [[Κωνσταντίνος Παπασιώζος]], Έλληνας πολιτικός\n*[[1967]] - [[Μπενίσιο ντελ Τόρο]], Πορτορικανός ηθοποιός\n*[[1971]] - [[Τζεφ Κίνι]], Αμερικανός συγγραφέας και σχεδιαστής διαδικτυακών παιχνιδιών\n*[[1973]] – [[Νίκος Οικονόμου]], Έλληνας καλαθοσφαιριστής \n*[[1978]] – [[Μιχάλης Κωνσταντίνου]], Κύπριος ποδοσφαιριστής\n*[[1979]] – [[Μάρισκα]], Φινλανδή ράπερ\n*[[1980]] – [[Σπύρος Γιαννιώτης]], Έλληνας κολυμβητής\n*[[1980]] - [[Πιερ-Οβόνο Εμπέντε]], Καμερουνέζος ποδοσφαιριστής\n*[[1985]] – [[Χέιλι Νταφ]], Αμερικανίδα τραγουδίστρια και ηθοποιός\n*[[1986]] – [[Μάρτα Βιέιρα ντα Σίλβα]], Βραζιλιάνα ποδοσφαιρίστρια\n*[[1989]] - [[Γιώργος Μπόγρης]], Έλληνας καλαθοσφαιριστής\n*[[1993]] – [[Βικτόρια Τζάστις]], Αμερικανίδα ηθοποιός και τραγουδίστρια\n*[[2000]] - [[Γιώργος Κακοσαίος]], Έλληνας τραγουδιστής \n*[[2001]] - [[Ντέιβιντ Μαζούζ]], Αμερικανός ηθοποιός\n*[[2004]] - [[Μίλι Μπόμπι Μπράουν]], Βρετανή ηθοποιός\n\n== Θάνατοι ==\n*[[1138]] - [[Ειρήνη Δούκαινα]], Βυζαντινή αυτοκράτειρα\n*[[1589]] – [[Αγία Φιλοθέη η Αθηναία]]\n*[[1837]] – [[Γκέοργκ Μπύχνερ]], Γερμανός δραματουργός\n*[[1897]] - [[Καρλ Βάιερστρας]], Γερμανός μαθηματικός\n*[[1916]] – [[Ερνστ Μαχ]], Αυστριακός φυσικός και φιλόσοφος\n*[[1951]] – [[Αντρέ Ζιντ]], Γάλλος συγγραφέας\n*[[1952]] – [[Κνουτ Χάμσουν]], Νορβηγός συγγραφέας\n*[[1962]] – [[Γεώργιος Παπανικολάου]], Έλληνας ιατρός, εφευρέτης του τεστ Παπ\n*[[1964]] - [[Γιώργος Καλαφάτης]], Έλληνας ποδοσφαιριστής\n*[[1968]] - [[Χάμιλτον Λάσκε]], Αμερικανός σκηνοθέτης\n*[[1970]] – [[Χριστόφορος Νέζερ (ξάδελφος)|Χριστόφορος Νέζερ]], Έλληνας ηθοποιός\n*[[1972]] - [[Θεοφύλακτος Παπαπαναγιώτου]], Έλληνας πολιτικός\n*[[1973]] – [[Κώστας Νεγρεπόντης]], Έλληνας ποδοσφαιριστής\n*[[1980]] – [[Δημήτριος Βρανόπουλος]], Έλληνας πολιτικός   \n*[[1980]] – [[Μπον Σκοτ]], Σκωτσέζος τραγουδιστής ([[AC/DC]])\n*[[1997]] – [[Τενγκ Σιαοπίνγκ]], Κινέζος πολιτικός\n*[[2000]] – [[Φριντενσράιχ Χουντερτβάσερ]], Αυστριακός καλλιτέχνης\n*[[2016]] - [[Ουμπέρτο Έκο]], Ιταλός φιλόσοφος και συγγραφέας\n\n== Αργίες και εορτές ==\n\n=== [[Ορθόδοξη Εκκλησία]] ===\n{{Πύλη:Ορθοδοξία/Εορτολόγιο/19 Φεβρουαρίου}}\n\n{{Μήνες}}\n\n[[Κατηγορία:Ημέρες του έτους]]"}}}]}]}}