{"batchcomplete":true,"query":{"normalized":[{"fromencoded":false,"from":"19_Νοεμβρίου","to":"19 Νοεμβρίου"}],"pages":[{"pageid":3574,"ns":0,"title":"19 Νοεμβρίου","revisions":[{"slots":{"main":{"contentmodel":"wikitext","contentformat":"text/x-wiki","content":"{{Μήνες Νοεμβρίου}} \n\n<center>[[18 Νοεμβρίου]] | [[19 Νοεμβρίου]] | [[20 Νοεμβρίου]]</center>\n----\nΗ '''19η Νοεμβρίου''' είναι η 323η ημέρα του έτους κατά το [[Γρηγοριανό ημερολόγιο]] (324η σε δίσεκτα έτη). Υπολείπονται 42 ημέρες για το τέλος του έτους.\n\n{|width=100%\n| __TOC__\n| {{ΗμερολόγιοΣεΠίνακα|11}}\n|}\n\n==Γεγονότα==\n*[[461]] - Ο [[Λίβιος Σεβήρος]] ανακηρύσσεται αυτοκράτορας της [[Δυτική Ρωμαϊκή Αυτοκρατορία|Δυτικής Ρωμαϊκής Αυτοκρατορίας]]. Όμως η πραγματική δύναμη βρίσκεται στα χέρια του στρατηγού Ρικίμερου. \n*[[1493]] – Ο [[Χριστόφορος Κολόμβος]] αποβιβάζεται σ' ένα [[νησί]], που είχε εντοπίσει την προηγούμενη μέρα, και το ονομάζει Σαν Χουάν Μπαουτίστα (αργότερα μετονομάστηκε σε [[Πουέρτο Ρίκο]]).\n*[[1794]] - Οι [[Ηνωμένες Πολιτείες Αμερικής]] και το [[Βασίλειο της Μεγάλης Βρετανίας]] υπογράφουν συνθήκη, η οποία επιχειρεί να επιλύσει ορισμένα από τα άλυτα προβλήματα που είχαν απομείνει από την [[Αμερικανική Επανάσταση]]. \n*[[1816]] - Ιδρύεται το Πανεπιστήμιο της [[Βαρσοβία]]ς.\n*[[1863]] - [[Αμερικανικός Εμφύλιος Πόλεμος]]: Ο [[Ηνωμένες Πολιτείες Αμερικής|Αμερικανός]] πρόεδρος [[Αβραάμ Λίνκολν]] εκφωνεί [[ομιλία στο Γκέτισμπεργκ]] στα εγκαίνια του στρατιωτικού νεκροταφείου στο Γκέτισμπεργκ της [[Πενσυλβάνια]].\n*[[1881]] - Ένας [[μετεωρίτης]] πέφτει κοντά σε χωριό νοτιοδυτικά της [[Οδησσός|Οδησσού]] στην [[Ουκρανία]].\n*[[1885]] - [[Σερβοβουλγαρικός πόλεμος του 1885]]: Οι [[Βούλγαροι]] νικούν στη μάχη της Σλίβνιτσα, εδραιώνοντας την ενοποίηση του [[Πριγκιπάτο της Βουλγαρίας|πριγκιπάτου της Βουλγαρίας]] και της [[Ανατολική Ρωμυλία|Ανατολικής Ρωμυλίας]].\n*[[1912]] – [[Α΄ Βαλκανικός Πόλεμος]]: Ο [[Σερβία|σερβικός]] στρατός καταλαμβάνει τη [[Μπίτολα]], τερματίζοντας την επί πέντε αιώνες [[Οθωμανική Αυτοκρατορία|οθωμανική]] κυριαρχία στη [[Μακεδονία]].\n*[[1942]] - [[Β΄ Παγκόσμιος Πόλεμος]]: [[Μάχη του Στάλινγκραντ]]. Οι [[Ένωση Σοβιετικών Σοσιαλιστικών Δημοκρατιών|σοβιετικές]] δυνάμεις υπό τον στρατηγό [[Γκεόργκι Ζούκοφ]] αρχίζουν την [[επιχείρηση Ουρανός]] στο [[Βόλγκογκραντ|Στάλινγκραντ]], γυρίζοντας τη ροή της μάχης υπέρ της Σοβιετικής Ένωσης. \n*[[1946]] - Το [[Αφγανιστάν]], η [[Ισλανδία]] και η [[Σουηδία]] γίνονται μέλη του [[Οργανισμός Ηνωμένων Εθνών|Οργανισμού Ηνωμένων Εθνών]].\n*[[1952]] - Ο στρατάρχης [[Αλέξανδρος Παπάγος]] γίνεται [[Κατάλογος Πρωθυπουργών της Ελλάδας|πρωθυπουργός της Ελλάδας]].  \n*[[1969]] - [[Απόλλων (διαστημικό πρόγραμμα)|Πρόγραμμα Απόλλων]]: Οι αστροναύτες του Απόλλων 12 Πιτ Κόνραντ και Άλαν Μπιν προσεληνώνονται στον ''[[Ωκεανός των Καταιγίδων|Ωκεανό των Καταιγίδων]]'' και γίνονται ο τρίτος και ο τέταρτος [[άνθρωπος]], αντίστοιχα, που περπατούν στη [[Σελήνη]].\n*1969 - Ο [[Ποδόσφαιρο|ποδοσφαιριστής]] [[Πελέ]] πετυχαίνει το 1.000στό γκολ του.\n*[[1977]] - Η πτήση 425 της [[TAP Portugal]] συντρίβεται στη [[Μαδέρα]], σκοτώνοντας 131 άτομα.\n*[[1979]] - [[Κρίση των ομήρων (Ιράν)]]: Ο [[Ιράν|Ιρανός]] ηγέτης [[Ρουχολάχ Χομεϊνί]] διατάζει την απελευθέρωση 13 γυναικών και μαύρων [[Ηνωμένες Πολιτείες Αμερικής|Αμερικανών]] ομήρων που κρατούνται στην αμερικανική πρεσβεία στην [[Τεχεράνη]].\n*[[1985]] - [[Ψυχρός Πόλεμος]]: Στη [[Γενεύη]], ο [[Ηνωμένες Πολιτείες Αμερικής|Αμερικανός]] πρόεδρος [[Ρόναλντ Ρήγκαν]] και ο [[Ένωση Σοβιετικών Σοσιαλιστικών Δημοκρατιών|Σοβιετικός]] ηγέτης [[Μιχαήλ Γκορμπατσώφ]] συναντώνται για πρώτη φορά.\n*[[1988]] - Ο [[Σερβία|Σέρβος]] κομμουνιστής πολιτικός και μελλοντικός πρόεδρος της Σερβίας και της [[Γιουγκοσλαβία]]ς [[Σλόμπονταν Μιλόσεβιτς]] δηλώνει δημοσίως ότι η Σερβία δέχεται επίθεση από [[Αλβανοί|Αλβανούς]] αυτονομιστές στο [[Κοσσυφοπέδιο]] και ότι υπάρχει εσωτερική προδοσία και ξένη συνωμοσία για την καταστροφή της Σερβίας και της Γιουγκοσλαβίας.\n*[[2013]] - Διπλή βομβιστική επίθεση αυτοκτονίας στην [[Ιράν|ιρανική]] πρεσβεία στη [[Βηρυτός|Βηρυτό]] σκοτώνει 23 άτομα και τραυματίζει άλλα 160.\n*[[2016]] - Σε εκκλησιαστικό συμβούλιο στο [[Βατικανό]], ο [[Πάπας Φραγκίσκος]] ορίζει 17 νέα μέλη του [[Κολλέγιο των Καρδιναλίων|Κολλεγίου των Καρδιναλίων]].\n\n==Γεννήσεις==\n*[[1600]] - [[Κάρολος Α΄ της Αγγλίας|Κάρολος Α΄]], βασιλιάς της Αγγλίας\n*[[1711]] - [[Μιχαήλ Λομονόσοφ]], Ρώσος φυσικός, χημικός, αστρονόμος και γεωγράφος\n*[[1770]] - [[Μπέρτελ Θόρβαλντσεν]], Δανός γλύπτης\n*[[1805]] - [[Φερντινάν Λεσσέψ]], Γάλλος διπλωμάτης και μηχανικός\n*[[1831]] - [[Τζέιμς Γκάρφιλντ]], 20ός πρόεδρος των Η.Π.Α.\n*[[1833]] - [[Βίλχελμ Ντίλταϋ]], Γερμανός φιλόσοφος\n*[[1839]] - [[Εμίλ Σκόντα]], Τσέχος βιομήχανος\n*[[1841]] - [[Αντονίνο Σαλίνας]], Ιταλός νομισματολόγος και αρχαιολόγος\n*[[1887]] - [[Τζέιμς Σάμνερ]], Αμερικανός χημικός\n*[[1888]] - [[Χοσέ Ραούλ Καπαμπλάνκα]], Κουβανός σκακιστής\n*[[1891]] - [[Χουάν Γιάγκε]], Ισπανός στρατηγός\n*[[1917]] - [[Ίντιρα Γκάντι]], Ινδή πολιτικός\n*[[1920]] - [[Τζιν Τίρνεϊ]], Αμερικανίδα ηθοποιός\n*[[1925]] - [[Ζίγκμουντ Μπάουμαν]], Πολωνός κοινωνιολόγος\n*[[1931]] - [[Χρήστος Ροκόφυλλος]], Έλληνας πολιτικός\n*[[1944]] - [[Αγνή Μπάλτσα]], Ελληνίδα μεσόφωνος\n*[[1950]] - [[Νίκος Κοτζιάς]], Έλληνας πολιτικός\n*[[1954]] - [[Σταύρος Παπασταύρου (μουσικός)|Σταύρος Παπασταύρου]], Έλληνας συνθέτης\n*[[1954]] - [[Αμπντούλ Φατάχ αλ Σίσι]], Αιγύπτιος στρατηγός και πολιτικός\n*[[1957]] - [[Όφρα Χάζα]], Ισραηλινή τραγουδίστρια\n*[[1959]] - [[Νίκος Ζούδιαρης]], Έλληνας τραγουδοποιός\n*[[1961]] - [[Μεγκ Ράιαν]], Αμερικανίδα ηθοποιός και παραγωγός\n*[[1962]] - [[Τζόντι Φόστερ]], Αμερικανίδα ηθοποιός και σκηνοθέτης\n*[[1964]] - [[Πετρ Νέτσας]], Τσέχος πολιτικός\n*[[1965]] - [[Λοράν Μπλαν]], Γάλλος ποδοσφαιριστής και προπονητής\n*[[1969]] - [[Ερτουγρούλ Σαγλάμ]], Τούρκος ποδοσφαιριστής και προπονητής \n*[[1975]] - [[Σουσμίτα Σεν]], Ινδή ηθοποιός και μοντέλο\n*[[1976]] - [[Στέλιος Βενετίδης]], Έλληνας ποδοσφαιριστής\n*[[1983]] - [[Άνταμ Ντράιβερ]], Αμερικανός ηθοποιός\n\n==Θάνατοι==\n*[[235]] - [[Πάπας Ποντιανός]]\n*[[496]] - [[Πάπας Γελάσιος Α΄]]\n*[[498]] - [[Πάπας Αναστάσιος Β΄]]\n*[[1034]] - [[Θεοδώριχος Β΄ της Κάτω Λουσατίας|Θεοδώριχος Β΄]], μάργραβος της Κάτω Λουσατίας\n*[[1092]] - [[Μαλίκ Σαχ Α΄]], Σελτζούκος σουλτάνος\n*[[1288]] - [[Ροδόλφος Α΄ του Μπάντεν-Μπάντεν|Ροδόλφος Α΄]], μάργραβος του Μπάντεν-Μπάντεν\n*[[1298]] - [[Μεχτίλδη του Χάκεμπορν]], Γερμανή αγία και μύστρια\n*[[1316]] - [[Ιωάννης Α΄ της Γαλλίας|Ιωάννης Α΄]], βασιλιάς της Γαλλίας\n*[[1557]] - [[Μπόνα Σφόρτσα]], βασίλισσα της Πολωνίας\n*[[1665]] - [[Νικολά Πουσέν]], Γάλλος ζωγράφος\n*[[1672]] - [[Τζον Ουίλκινς]], Άγγλος λόγιος και κληρικός\n*[[1828]] - [[Φραντς Σούμπερτ]], Αυστριακός συνθέτης\n*[[1906]] - [[Παύλος Κύρου]], Έλληνας μακεδονομάχος\n*[[1906]] - [[Δημήτριος Νταλίπης]], Έλληνας μακεδονομάχος\n*[[1967]] - [[Κάζιμιρ Φουνκ]], Πολωνός βιοχημικός\n*[[1988]] - [[Χριστίνα Ωνάση]], Ελληνίδα επιχειρηματίας\n*[[1999]] - [[Αντώνης Μηγιάκης]], Έλληνας ποδοσφαιριστής και προπονητής\n*[[2011]] - [[Νεοκλής Σαρρής]], Έλληνας πολιτικός\n*[[2013]] - [[Φρέντερικ Σάνγκερ]], Άγγλος βιοχημικός\n*[[2014]] - [[Μάικ Νίκολς]], Αμερικανός σκηνοθέτης\n*[[2017]] - [[Τσαρλς Μάνσον]], Αμερικανός δολοφόνος\n*[[2017]] - [[Γιάνα Νοβότνα]], Τσέχα αντισφαιρίστρια\n\n==Αργίες και εορτές==\n\n* Ημέρα της [[Σημαία της Βραζιλίας|Βραζιλιάνικης σημαίας]]\n* Παγκόσμια Ημέρα [[Άνδρας|Ανδρών]]\n* Παγκόσμια Ημέρα [[Τουαλέτα|Τουαλέτας]]\n=== [[Ορθόδοξη Εκκλησία]] ===\n{{Πύλη:Ορθοδοξία/Εορτολόγιο/19 Νοεμβρίου}}\n\n\n\n{{Μήνες}}\n\n[[Κατηγορία:Ημέρες του έτους]]"}}}]}]}}