{"batchcomplete":true,"query":{"normalized":[{"fromencoded":false,"from":"19_Αυγούστου","to":"19 Αυγούστου"}],"pages":[{"pageid":3016,"ns":0,"title":"19 Αυγούστου","revisions":[{"slots":{"main":{"contentmodel":"wikitext","contentformat":"text/x-wiki","content":"{{Μήνες Αυγούστου}}\n\n<center>[[18 Αυγούστου]] | '''19 Αυγούστου''' | [[20 Αυγούστου]]</center>\n\n----\nΗ '''19η Αυγούστου''' είναι η 231η ημέρα του έτους κατά το [[Γρηγοριανό ημερολόγιο]] (232η σε δίσεκτα έτη). Υπολείπονται 134 ημέρες.\n\n{|width=100%\n| __TOC__\n| {{ΗμερολόγιοΣεΠίνακα|8}}\n|}\n\n== Γεγονότα ==\n*[[295 π.Χ.]] - Εγκαινιάζεται στη [[Αρχαία Ρώμη|Ρώμη]] ο πρώτος ναός της [[Βένους]], [[Ρωμαϊκή μυθολογία|ρωμαϊκής θεότητας]] του έρωτα, της ομορφιάς και της γονιμότητας.\n*[[1459]] - Ο [[Πάπας Πίος Β΄]] γίνεται ο 210ος [[Πάπας]]. \n*[[1561]] – Η [[Μαρία Α΄ της Σκωτίας]], σε ηλικία 18 ετών, επιστρέφει στη [[Σκωτία]] μετά από 13 χρόνια στη [[Γαλλία]].\n*[[1692]] – [[Μάγισσες του Σάλεμ]]: Στο Σάλεμ της [[Μασαχουσέτη]]ς, πέντε άνθρωποι, μία γυναίκα και τέσσερις άνδρες, συμπεριλαμβανομένου ενός κληρικού, εκτελούνται αφού καταδικάστηκαν για μαγεία.\n*[[1772]] - Ο [[Γουσταύος Γ΄ της Σουηδίας]] πραγματοποιεί [[πραξικόπημα]], με το οποίο αναλαμβάνει την εξουσία.  \n*[[1839]] – Η [[Γαλλία|γαλλική]] κυβέρνηση ανακοινώνει ότι η [[Νταγκεροτυπία|φωτογραφική διαδικασία]] του Λουί Νταγκέρ είναι δώρο «ελεύθερο στον κόσμο».\n*[[1919]] – Το [[Αφγανιστάν]] αποκτά πλήρη ανεξαρτησία από το [[Ηνωμένο Βασίλειο]].\n*[[1928]] – [[Ελληνικές βουλευτικές εκλογές 1928|Ελληνικές βουλευτικές εκλογές]]: Νικητής των εκλογών το [[Κόμμα Φιλελευθέρων]] του [[Ελευθέριος Βενιζέλος|Ελευθέριου Βενιζέλου]]. \n*[[1934]] – Το [[Γερμανία|γερμανικό]] δημοψήφισμα του 1934 εγκρίνει τον διορισμό του [[Αδόλφος Χίτλερ|Αδόλφου Χίτλερ]] ως αρχηγού του κράτους με τον τίτλο του [[Φύρερ]].\n*[[1942]] – [[Β΄ Παγκόσμιος Πόλεμος]]: [[Επιδρομή της Διέππης]]. Η 2η [[Καναδάς|Καναδική]] Μεραρχία Πεζικού ηγείται αμφίβιας επίθεσης των [[Συμμαχικές δυνάμεις (Β΄ Παγκόσμιος Πόλεμος)|συμμαχικών δυνάμεων]] στη [[Διέππη]] της [[Γαλλία]]ς και αποτυγχάνει, με αποτέλεσμα να σκοτωθούν και να αιχμαλωτιστούν πολλοί Καναδοί. Η επιχείρηση είχε σκοπό να αναπτύξει και να δοκιμάσει νέες τακτικές αμφίβιας απόβασης για την επερχόμενη πλήρη [[απόβαση στη Νορμανδία]]. \n*[[1944]] - [[Β΄ Παγκόσμιος Πόλεμος]]: Το [[Παρίσι]] εξεγείρεται ενάντια στη [[Ναζιστική Γερμανία|γερμανική]] κατοχή με τη βοήθεια συμμαχικών στρατευμάτων. \n*[[1953]] – [[Ψυχρός πόλεμος]]: [[Πραξικόπημα του 1953 (Ιράν)|Πραξικόπημα στο Ιράν]]. Η [[CIA]] και η [[Secret Intelligence Service]] βοηθούν στην ανατροπή της κυβέρνησης του [[Μοχάμεντ Μοσαντέκ]] στο [[Ιράν]] και στην παλινόρθωση του [[Σάχης|σάχη]] [[Μοχάμεντ Ρεζά Παχλαβί]].\n*[[1960]] - [[Ψυχρός πόλεμος]]: Ο Φράνσις Γκάρι Πάουερς, πιλότος του [[Ηνωμένες Πολιτείες Αμερικής|αμερικανικού]] U2, που [[Κατάρριψη του U2 από τους Σοβιετικούς|κατερρίφθη]] από τους [[Ένωση Σοβιετικών Σοσιαλιστικών Δημοκρατιών|Σοβιετικούς]], καταδικάζεται στη [[Μόσχα]] σε 10 χρόνια φυλάκιση για [[κατασκοπεία]]. \n*[[1960]] – Πρόγραμμα Σπούτνικ: Η [[Ένωση Σοβιετικών Σοσιαλιστικών Δημοκρατιών|Σοβιετική Ένωση]] εκτοξεύει το διαστημικό σκάφος [[Σπούτνικ 5]] με τα [[Σκύλος|σκυλιά]] Μπέλκα και Στρέλκα, 40 [[Ποντικός|ποντίκια]], δύο [[Αρουραίος|αρουραίους]] και διάφορα [[Φυτό|φυτά]].\n*[[1969]] - Μια ολόκληρη πόλη, κατεστραμμένη και θαμμένη από έκρηξη ηφαιστείου το 1530 π.Χ., ανακαλύπτεται στη [[Σαντορίνη]]. Πολλά σπίτια είναι τελείως ανέπαφα, ενώ τα σημαντικότερα ευρήματα ρίχνουν φως στον [[Μινωικός πολιτισμός|Μινωικό πολιτισμό]].\n*[[1989]] - Εκατοντάδες [[Λαοκρατική Δημοκρατία της Γερμανίας|Ανατολικογερμανοί]] διασχίζουν τα σύνορα μεταξύ [[Ουγγαρία]]ς και [[Αυστρία]]ς.\n*[[1999]] – Στο [[Βελιγράδι]], δεκάδες χιλιάδες [[Σερβία|Σέρβοι]] συγκεντρώνονται για να ζητήσουν την παραίτηση του προέδρου της [[Ομοσπονδιακή Δημοκρατία της Γιουγκοσλαβίας|Ομοσπονδιακής Δημοκρατίας της Γιουγκοσλαβίας]], [[Σλόμπονταν Μιλόσεβιτς]]. \n* [[2001]] – Με τη νίκη του στο Γκραν Πρι της Ουγγαρίας ο [[Μίχαελ Σουμάχερ]] εξασφαλίζει τον τίτλο και ισοφαρίζει το ρεκόρ του [[Αλαίν Προστ]] με 51 νίκες σε Γκραν Πρι και 4 παγκόσμιους τίτλους.\n* [[2002]] – Ρωσικό [[ελικόπτερο]] Mi-26, που μεταφέρει στρατιώτες δέχεται επίθεση από πύραυλο Τσετσένων έξω από το Γκρόζνι, με αποτέλεσμα να σκοτωθούν 118 στρατιώτες.\n* [[2002]] – Νεκρός από σφαίρες βρίσκεται στο σπίτι του στη [[Βαγδάτη]] ο αρχηγός της παλαιστινιακής οργάνωσης Φατάχ, [[Αμπού Νιντάλ]]. Ο θάνατος του «άσπονδου εχθρού» του Γιασέρ Αραφάτ φαίνεται πως οφείλεται σε αυτοκτονία. \n\n== Γεννήσεις ==\n*[[1558]] - [[Φραγκίσκος του Κοντί|Φραγκίσκος]], πρίγκιπας του Κοντί\n*[[1646]] – [[Τζον Φλάμστηντ]], Άγγλος αστρονόμος\n*[[1689]] - [[Σάμουελ Ρίτσαρντσον]], Άγγλος συγγραφέας\n*[[1743]] – [[Μαντάμ Ντυμπαρύ]], Γαλλίδα ευγενής\n*[[1859]] - [[Ιππόλυτος Ντηλέαι]], Βέλγος αγιολόγος\n*[[1871]] – [[Αδελφοί Ράιτ|Όρβιλ Ράιτ]], Αμερικανός αεροπόρος\n*[[1830]] – [[Τζούλιους Λόθαρ Μάιερ]], Γερμανός χημικός\n*[[1883]] – [[Κοκό Σανέλ]], Γαλλίδα σχεδιάστρια μόδας\n*[[1891]] - [[Μίλτον Χιούμασον]], Αμερικανός αστρονόμος\n*[[1921]] - [[Τζιν Ροντένμπερρι]], Αμερικανός τηλεοπτικός παραγωγός\n*[[1939]] – [[Τζίντζερ Μπέηκερ]], Άγγλος ντράμερ ([[Cream]])\n*[[1941]] – [[Μιχάλης Παπαγιαννάκης]], Έλληνας πολιτικός\n*[[1945]] – [[Ίαν Γκίλαν]], Άγγλος τραγουδιστής ([[Deep Purple]], [[Episode Six]] και [[WhoCares]])\n*[[1946]] – [[Μπιλ Κλίντον]], 42ος πρόεδρος των Η.Π.Α.\n*[[1951]] – [[Ζαν-Λυκ Μελανσόν]], Γάλλος πολιτικός\n*[[1951]] – [[Τζον Ντίκον]], Άγγλος μπασίστας ([[Queen]])\n*[[1953]] - [[Νάνι Μορέτι]], Ιταλός σκηνοθέτης\n*[[1967]] - [[Σάτια Ναντέλα]], Ινδός επιχειρηματίας\n*[[1968]] – [[Νίκος Κακλαμανάκης]], Έλληνας ιστιοπλόος\n*[[1969]] - [[Μάθιου Πέρι]], Αμερικανός-Καναδός ηθοποιός\n*[[1978]] – [[Φρανσουά Μοντεστό]], Γάλλος ποδοσφαιριστής\n*[[1987]] – [[Νίκο Χούλκενμπεργκ]], Γερμανός οδηγός αγώνων\n\n== Θάνατοι ==\n*[[14]] – [[Οκταβιανός Αύγουστος]], Ρωμαίος αυτοκράτορας\n*[[440]] - [[Πάπας Σίξτος Γ΄]]\n*[[1167]] - [[Φρειδερίκος Δ΄ της Σουαβίας|Φρειδερίκος Δ΄]], δούκας της Σουαβίας\n*[[1186]] – [[Γοδεφρείδος Β΄ της Βρετάνης|Γοδεφρείδος Β΄]], δούκας της Βρετάνης\n*[[1245]] – [[Ραϋμόνδος Βερεγγάριος Δ΄ της Προβηγκίας|Ραϋμόνδος-Βερεγγάριος Δ΄]], κόμης της Προβηγκίας\n*[[1284]] - [[Αλφόνσος, κόμης του Τσέστερ]]\n*[[1297]] – [[Άγιος Λουδοβίκος της Τουλούζης]]\n*[[1457]] - [[Αντρέα ντελ Καστάνιο]], Ιταλός ζωγράφος\n*[[1493]] - [[Φρειδερίκος Γ΄ της Αγίας Ρωμαϊκής Αυτοκρατορίας|Φρειδερίκος Γ΄]], αυτοκράτορας της Αγίας Ρωμαϊκής Αυτοκρατορίας\n*[[1580]] - [[Αντρέα Παλλάντιο]], Ιταλός αρχιτέκτονας\n*[[1601]] - [[Μιχαήλ ο Γενναίος]], πρίγκιπας της Βλαχίας\n*[[1662]] – [[Μπλεζ Πασκάλ]], Γάλλος μαθηματικός, φυσικός και φιλόσοφος\n*[[1915]] - [[Τεβφίκ Φικρέτ]], Τούρκος ποιητής\n*[[1924]] - [[Φερντινάντ Σεβάλ]], Γάλλος ταχυδρόμος\n*[[1936]] – [[Φεδερίκο Γκαρθία Λόρκα]], Ισπανός συγγραφέας\n*[[1938]] - [[Αλεξάντρ Βερχόφσκι]], Ρώσος στρατιωτικός\n*[[1944]] – [[Γκύντερ φον Κλούγκε]], Γερμανός στρατάρχης\n*[[1945]] - [[Πέτρος Ράλλης]], Έλληνας πολιτικός\n*[[1954]] – [[Αλτσίντε ντε Γκάσπερι]], Ιταλός πολιτικός\n*[[1968]] – [[Τζορτζ Γκάμοφ]], Ουκρανός φυσικός\n*[[1975]] – [[Τζιμ Λόντος]], Έλληνας παλαιστής\n*[[1977]] - [[Γκράουτσο Μαρξ]], Αμερικανός κωμικός\n*[[1978]] - [[Θεόδωρος Γαροφαλίδης]], Έλληνας ιατρός\n*[[1981]] - [[Πέλος Κατσέλης]], Έλληνας ηθοποιός\n*[[1985]] – [[Βαρνάβας Τζωρτζάτος]], Έλληνας μητροπολίτης\n*[[1994]] - [[Λάινους Πόλινγκ]], Αμερικανός χημικός\n*[[1999]] - [[Πασχάλης Δούκας]], Έλληνας πολιτικός\n*[[2000]] - [[Κωνσταντίνος Κοντογιάννης]], Έλληνας ζωγράφος\n*[[2005]] – [[Φαϊμαλάγκα Λούκα]], πρωθυπουργός του Τουβαλού\n*[[2005]] - [[Μο Μόουλαμ]], Αγγλίδα πολιτικός\n*[[2008]] – [[Λέβι Μουαναγουάσα]], πρόεδρος της Ζάμπιας \n*[[2011]] – [[Ραούλ Ρουίς]], Χιλιανός σκηνοθέτης\n*[[2013]] - [[Αμπντούλ Ραχίμ Χατίφ]], Αφγανός πολιτικός\n*2021-[[wikidata:Q108831156|Νίκος Χειλαδάκης]] Έλληνας δημοσιογράφος \n\n== Αργίες και εορτές ==\n* Ημέρα Ανεξαρτησίας του [[Αφγανιστάν]] (1919)\n* [[Γιορτή των Πνευμάτων]], 14η ημέρα του 7ου σεληνιακού μήνα του [[Κινεζικό ημερολόγιο|Κινέζικου ημερολόγιου]].\n\n=== [[Ορθόδοξη Εκκλησία]] ===\n{{Πύλη:Ορθοδοξία/Εορτολόγιο/19 Αυγούστου}}\n\n{{Μήνες}}\n\n[[Κατηγορία:Ημέρες του έτους]]"}}}]}]}}