{"batchcomplete":true,"query":{"normalized":[{"fromencoded":false,"from":"19_Απριλίου","to":"19 Απριλίου"}],"pages":[{"pageid":7043,"ns":0,"title":"19 Απριλίου","revisions":[{"slots":{"main":{"contentmodel":"wikitext","contentformat":"text/x-wiki","content":"{{Μήνες Απριλίου}}\n\n<center>[[18 Απριλίου]] | '''19 Απριλίου''' | [[20 Απριλίου]]</center>\n\n----\nΗ '''19η Απριλίου''' είναι η 109η ημέρα του έτους κατά το [[Γρηγοριανό ημερολόγιο]] (110η σε δίσεκτα έτη).  Υπολείπονται 256 ημέρες.\n\n{|width=100%\n| __TOC__\n| {{ΗμερολόγιοΣεΠίνακα|4}}\n|}\n\n== Γεγονότα ==\n*[[531]] – Μάχη του Καλλίνικου: Ο [[Βυζαντινή Αυτοκρατορία|βυζαντινός]] στρατός με επικεφαλής τον [[Βελισάριος|Βελισάριο]] ηττάται από τους [[Αυτοκρατορία των Σασσανιδών|Πέρσες]] στη σημερινή [[Ράκα]] (βόρεια [[Συρία]]).\n*[[1042]] – Οι αδελφές [[Ζωή (αυτοκράτειρα)|Ζωή]] και [[Θεοδώρα (11ος αιώνας)|Θεοδώρα]] Πορφυρογέννητες χρίζονται από κοινού αυτοκράτειρες του [[Βυζάντιο|Βυζαντίου]] και γίνονται δύο από τις ελάχιστες γυναίκες που κυβέρνησαν το Βυζάντιο μόνες τους.\n*[[1506]] – Ξεκινά η σφαγή της [[Λισαβόνα]]ς, όπου οι κατηγορούμενοι [[Εβραίοι]] σφαγιάζονται από [[Πορτογαλία|Πορτογάλους]] [[Καθολική Εκκλησία|καθολικούς]].\n*[[1529]] – [[Θρησκευτική Μεταρρύθμιση]]: Μία ομάδα ευγενών και ανεξάρτητων πόλεων διαμαρτύρεται μετά την απαγόρευση του Λουθηρανισμού από τη Δίαιτα της [[Σπάιερ]]. \n*[[1539]] – Ο [[Κάρολος Κουίντος]] και οι [[Προτεσταντισμός|Προτεστάντες]] υπογράφουν τη Συνθήκη της [[Φραγκφούρτη]]ς. \n*[[1713]] – Μη έχοντας αρσενικούς κληρονόμους, ο [[Κάρολος ΣΤ΄ της Αγίας Ρωμαϊκής Αυτοκρατορίας]] εκδίδει την Πραγματική Κύρωση του 1713 για να εξασφαλίσει ότι τα εδάφη των [[Οίκος των Αψβούργων|Αψβούργων]] και ο [[Αυστρία|αυστριακός]] θρόνος θα μπορούσαν να κληρονομηθούν από ενδεχόμενη κόρη του (όπως τελικά συνέβη με τη [[Μαρία Θηρεσία]] που γεννήθηκε το [[1717]]). \n*[[1770]] – Ο [[Τζέιμς Κουκ]] αντικρίζει την ανατολική ακτή της σημερινής [[Αυστραλία]]ς.\n*[[1775]] – [[Αμερικανική Επανάσταση]]: Ο πόλεμος αρχίζει με νίκες των [[Ηνωμένες Πολιτείες Αμερικής|Αμερικανών]] στο Κόνκορντ και στο Λέξινγκτον.\n*[[1782]] – Ο [[Τζον Άνταμς]] εξασφαλίζει την αναγνώριση των [[Ηνωμένες Πολιτείες Αμερικής|Ηνωμένων Πολιτειών]] από την [[Ολλανδική Δημοκρατία]] ως ανεξάρτητη κυβέρνηση. Το σπίτι που είχε αγοράσει στη [[Χάγη]] της [[Ολλανδία]]ς γίνεται η πρώτη αμερικανική πρεσβεία. \n*[[1839]] – Η [[Συνθήκη του Λονδίνου (1839)|Συνθήκη του Λονδίνου]] καθιερώνει το [[Βέλγιο]] ως βασίλειο και εγγυάται την ουδετερότητά του.\n*[[1861]] – [[Αμερικανικός Εμφύλιος Πόλεμος]]: Κάτοικοι της [[Βαλτιμόρη]]ς επιτίθενται κατά των [[Στρατός Ξηράς των ΗΠΑ|αμερικανικών στρατευμάτων]] που παρελαύνουν μέσα στην πόλη. \n*[[1903]] – Στο [[Κισινάου]] ([[Βεσσαραβία]]) ξεκινά πογκρόμ, εξαναγκάζοντας δεκάδες χιλιάδες [[Εβραίοι|Εβραίους]] να αναζητήσουν αργότερα καταφύγιο στην [[Παλαιστίνη]] και το [[Δυτικός Κόσμος|Δυτικό κόσμο]].\n*[[1943]] – [[Β΄ Παγκόσμιος Πόλεμος]]: Ξεσπά στην [[Πολωνία]] η [[εξέγερση του Γκέτο της Βαρσοβίας]], μετά την είσοδο των [[Ναζιστική Γερμανία|γερμανικών]] στρατευμάτων στο γκέτο προκειμένου να μαζέψουν τους εναπομείναντες [[Εβραίοι|Εβραίους]].\n*[[1956]] – Η ηθοποιός [[Γκρέις Κέλι]] παντρεύεται τον πρίγκιπα [[Ρενιέ Γ΄ του Μονακό]].\n*[[1960]] – Φοιτητές στη [[Νότια Κορέα]] διαδηλώνουν σε όλη τη χώρα υπέρ της δημοκρατίας, απαιτώντας την παραίτηση του προέδρου Σίνγκμαν Ρι.\n*[[1965]] – Την άμεση απέλαση 6.000 [[Έλληνες|Ελλήνων]] της [[Κωνσταντινούπολη|Κωνσταντινούπολης]] που διατηρούν την [[Ελλάδα|ελληνική]] υπηκοότητα αποφασίζει η [[Τουρκία|τουρκική]] κυβέρνηση, ανακοινώνοντας παράλληλα ότι θα επανεξετάσει την παραμονή του [[Οικουμενικό Πατριαρχείο Κωνσταντινουπόλεως|Πατριαρχείου]], κατόπιν της επιβολής απαγόρευσης κυκλοφορίας στους [[Τουρκοκύπριοι|Τουρκοκυπρίους]] στη [[Λευκωσία]].\n*[[1971]] – Η [[Σιέρα Λεόνε]] γίνεται δημοκρατία.\n*[[1971]] – Εκτοξεύεται ο Σαλιούτ 1, ο πρώτος [[διαστημικός σταθμός]].\n*[[1973]] – Ιδρύεται στη [[Γερμανία|γερμανική]] πόλη Μπαντ Μίνστεραϊφελ το [[Πορτογαλία|πορτογαλικό]] [[Σοσιαλιστικό Κόμμα (Πορτογαλία)|Σοσιαλιστικό Κόμμα]].\n*[[1984]] – Το ''[[Εθνικός ύμνος Αυστραλίας|Advance Australia Fair]]'' υιοθετείται ως ο [[εθνικός ύμνος]] της [[Αυστραλία]]ς και το πράσινο και το χρυσό ως τα εθνικά χρώματα.\n* [[1995]] – 196 άνθρωποι σκοτώνονται από έκρηξη παγιδευμένου με εκρηκτικά οχήματος σε ομοσπονδιακό κτήριο στην πόλη της [[Οκλαχόμα]] των [[Ηνωμένες Πολιτείες|Ηνωμένων Πολιτειών]].\n*[[2018]] – Παντρεύονται ο πρίγκιπας Χάρι και η πριγκίπισσα Μέγκαν.\n\n== Γεννήσεις ==\n*[[1793]] – [[Φερδινάνδος Α΄ της Αυστρίας|Φερδινάνδος Α΄]], αυτοκράτορας της Αυστρίας\n*[[1809]] – [[Έμιλ Μπράουν]], Γερμανός αρχαιολόγος\n*[[1832]] – [[Χοσέ Ετσεγαράι ι Eϊθαγκίρρε]], Ισπανός συγγραφέας\n*[[1836]] – [[Φερντινάντ Σεβάλ]], Γάλλος ταχυδρόμος\n*[[1912]] – [[Γκλεν Θ. Σίμποργκ]], Αμερικανός χημικός\n*[[1932]] – [[Φερνάντο Μποτέρο]], Κολομβιανός καλλιτέχνης\n*[[1933]] – [[Τζέιν Μάνσφιλντ]], Αμερικανίδα ηθοποιός\n*[[1937]] – [[Αντόνιο Καρλούτσιο]], Ιταλός εστιάτορας\n*[[1940]] – [[Ράινχαρντ Μπόνκε]], Γερμανός ευαγγελιστής\n*[[1951]] – [[Γιόανες Άιντεσγκααρτ]], πρωθυπουργός των νήσων Φερόες\n*[[1958]] - [[Χρήστος Χατζηπαναγιώτης]], Έλληνας ηθοποιός \n*[[1960]] – [[Νικολέτα Μπράσκι]], Ιταλίδα ηθοποιός\n*[[1968]] – [[Μσουάτι Γ΄]], βασιλιάς της Σουαζιλάνδης\n*[[1969]] – [[Ζούζα Πόλγκαρ]], Ουγγαρέζα σκακίστρια\n*[[1972]] – [[Ριβάλντο]], Βραζιλιάνος ποδοσφαιριστής\n*[[1978]] – [[Τζέιμς Φράνκο]], Αμερικανός ηθοποιός\n*[[1979]] – [[Αντοανέτα Στεφάνοβα]], Βουλγάρα σκακίστρια\n*[[1979]] – [[Κέιτ Χάντσον]], Αμερικανίδα ηθοποιός\n*[[1981]] – [[Χέιντεν Κρίστενσεν]], Καναδός ηθοποιός\n*[[1986]] – [[Δημήτρης Παπαγερίδης]], Έλληνας αρσιβαρίστας\n*[[1987]] – [[Οξάνα Ακίνσινα]], Ρωσίδα ηθοποιός\n*[[1987]] – [[Μαρία Σαράποβα]], Ρωσίδα αντισφαιρίστρια\n*[[1987]] – [[Τζο Χαρτ]], Άγγλος ποδοσφαιριστής\n*[[2016]] – [[Αλέξανδρος της Σουηδίας|Αλέξανδρος]], πρίγκιπας της Σουηδίας\n\n== Θάνατοι ==\n*[[1044]] – [[Γκοθέλο Α΄ της Λωρραίνης|Γκοθέλο Α΄]], δούκας της Λωρραίνης\n*[[1054]] – [[Πάπας Λέων Θ΄]]\n*[[1057]] – [[Εδουάρδος ο εξόριστος]], Άγγλος πρίγκιπας\n*[[1321]] – [[Γεράσιμος Α΄]], Πατριάρχης Κωνσταντινουπόλεως\n*[[1390]] – [[Ροβέρτος Β΄ της Σκωτίας|Ροβέρτος Β΄]], βασιλιάς της Σκωτίας\n*[[1560]] – [[Φίλιππος Μελάγχθων]], Γερμανός θεολόγος\n*[[1567]] – [[Μίχαελ Στίφελ]], Γερμανός μαθηματικός\n*[[1588]] – [[Πάολο Βερονέζε]], Ιταλός ζωγράφος\n*[[1689]] – [[Χριστίνα της Σουηδίας|Χριστίνα]], βασίλισσα της Σουηδίας\n*[[1768]] – [[Καναλέττο]], Ιταλός καλλιτέχνης\n*[[1824]] – [[Λόρδος Βύρων]], Άγγλος ποιητής\n*[[1881]] – [[Μπέντζαμιν Ντισραέλι]], Άγγλος πολιτικός\n*[[1882]] – [[Κάρολος Δαρβίνος]], Άγγλος βιολόγος\n*[[1906]] – [[Πιερ Κιουρί]], Γάλλος φυσικός\n*[[1914]] – [[Τσαρλς Σάντερς Περς]], Αμερικανός φιλόσοφος, μαθηματικός και επιστήμονας\n*[[1967]] – [[Κόνραντ Αντενάουερ]], Γερμανός πολιτικός\n*[[1968]] – [[Σταύρος Δ. Σταυρόπουλος]], Έλληνας πολιτικός\n*[[1978]] – [[Λίνος Καρζής]], Έλληνας λογοτέχνης\n*[[1988]] – [[Ευστάθιος Ανθόπουλος]], Έλληνας πολιτικός\n*[[1989]] – [[Δάφνη Ντι Μωριέ]], Αγγλίδα συγγραφέας\n*[[1990]] – [[Γιώργος Βήχος]], Έλληνας αθλητής\n*[[1992]] – [[Πέτρος Μώραλης]], Έλληνας πολιτικός\n*[[1993]] – [[Τίμος Περλέγκας]], Έλληνας ηθοποιός\n*[[1998]] – [[Οκτάβιο Πας]], Μεξικανός διπλωμάτης και συγγραφέας\n*[[2005]] – [[Τζωρτζ Κοσμάτος]], Έλληνας σκηνοθέτης\n*[[2007]] – [[Μελέτης Κανιάρης]], Έλληνας πολιτικός\n*[[2010]] – [[Γκουρού (ράπερ)|Γκουρού]], Αμερικανός ράπερ\n*[[2014]] – [[Χρήστος Ρεκλείτης]], Έλληνας αγωνιστής\n*[[2016]] – [[Γεράσιμος Αρσένης]], Έλληνας πολιτικός\n*[[2016]] – [[Ερρίκος Μπελιές]], Έλληνας συγγραφέας\n\n== Αργίες και εορτές ==\n* Διακήρυξη της Ανεξαρτησίας της [[Βενεζουέλα]]ς.\n* Ημέρα της Δημοκρατίας στη [[Σιέρα Λεόνε]].\n\n=== [[Ορθόδοξη Εκκλησία]] ===\n{{Πύλη:Ορθοδοξία/Εορτολόγιο/19 Απριλίου}}\n\n{{Μήνες}}\n\n[[Κατηγορία:Ημέρες του έτους]]"}}}]}]}}