{"batchcomplete":true,"query":{"normalized":[{"fromencoded":false,"from":"19_Σεπτεμβρίου","to":"19 Σεπτεμβρίου"}],"pages":[{"pageid":8046,"ns":0,"title":"19 Σεπτεμβρίου","revisions":[{"slots":{"main":{"contentmodel":"wikitext","contentformat":"text/x-wiki","content":"{{Μήνες Σεπτεμβρίου}}\n\n<center>[[18 Σεπτεμβρίου]] | '''19 Σεπτεμβρίου''' | [[20 Σεπτεμβρίου]]</center>\n\n----\nΗ '''19η Σεπτεμβρίου''' είναι η 262η ημέρα του έτους κατά το [[Γρηγοριανό ημερολόγιο]] (263η σε δίσεκτα έτη). Υπολείπονται 103 ημέρες.\n\n{|width=100%\n| __TOC__\n| {{ΗμερολόγιοΣεΠίνακα|9}}\n|}\n\n== Γεγονότα ==\n*[[335]] - Ο [[Δαλμάτιος]] ανέρχεται στον βαθμό του [[Καίσαρας|καίσαρα]] από τον θείο του, αυτοκράτορα [[Κωνσταντίνος Α΄|Κωνσταντίνο Α΄]].\n*[[634]] - Οι [[Άραβες]] με επικεφαλής τον [[Χαλίντ ιμπν Ουαλίντ]] καταλαμβάνουν τη [[Δαμασκός|Δαμασκό]] από τη [[Βυζαντινή Αυτοκρατορία]].\n*[[1356]] – Μάχη του [[Πουατιέ]]: Ο [[Αγγλία|αγγλικός]] στρατός υπό την αρχηγία του [[Εδουάρδος του Γούντστοκ|Εδουάρδου του Γούντστοκ]] νικά τον [[Γαλλία|γαλλικό]] στρατό και αιχμαλωτίζει τον βασιλιά [[Ιωάννης Β΄ της Γαλλίας|Ιωάννη Β΄ της Γαλλίας]].\n*[[1777]] – [[Αμερικανική Επανάσταση]]: Οι [[Μεγάλη Βρετανία|βρετανικές]] δυνάμεις νικούν τον Ηπειρωτικό στρατό στην πρώτη μάχη της Σαρατόγκα.\n*[[1799]] - [[Πόλεμοι της Γαλλικής Επανάστασης]]: Οι [[Γαλλία|Γάλλοι]] και οι [[Βαταβική Δημοκρατία|Ολλανδοί]] νικούν τους [[Ρωσική Αυτοκρατορία|Ρώσους]] και τους [[Βασίλειο της Μεγάλης Βρετανίας|Βρετανούς]] στη μάχη του [[Μπέρχεν]].\n*[[1852]] - Στη [[Νάπολη]], ο [[Ανιμπάλε ντε Γκάσπαρις]] ανακαλύπτει τον αστεροειδή [[20 Μασσαλία]]. \n*[[1863]] - [[Αμερικανικός Εμφύλιος Πόλεμος]]: Πρώτη μέρα της μάχης της Τσικαμάουγκα στη βορειοδυτική [[Τζόρτζια]]. Πρόκειται για την πιο αιματηρή ημέρα της διήμερης σύγκρουσης και η μόνη σημαντική νίκη των [[Συνομόσπονδες Πολιτείες της Αμερικής|Συνομόσπονδων Πολιτειών της Αμερικής]] στο δυτικό θέατρο του πολέμου. \n*[[1870]] - [[Γαλλοπρωσικός Πόλεμος]]: Αρχίζει η [[πολιορκία του Παρισιού (1870-71)|Πολιορκία του Παρισιού]], η οποία θα οδηγήσει στις [[28 Ιανουαρίου]] του [[1871]] στην παράδοση της πόλης και την αποφασιστική νίκη της [[Βασίλειο της Πρωσίας|Πρωσίας]]. \n*[[1870]] - Αφού εισέβαλε στα [[Παπικά Κράτη]] μία εβδομάδα νωρίτερα, ο [[Ιταλία|ιταλικός]] στρατός πολιορκεί τη [[Ρώμη]], όπου μπαίνει την επόμενη ημέρα. Μετά από το γεγονός αυτό, ο [[Πάπας]] περιέγραψε τον εαυτό του ως «[[Φυλακισμένος στο Βατικανό|φυλακισμένο στο Βατικανό]]».\n*[[1881]] - Ο [[Ηνωμένες Πολιτείες Αμερικής|Αμερικανός]] πρόεδρος [[Τζέιμς Γκάρφιλντ]] πεθαίνει από τα τραύματα που υπέστη από πυροβολισμό στις [[2 Ιουλίου]]. Ο αντιπρόεδρος [[Τσέστερ Άρθουρ]] γίνεται πρόεδρος μετά τον θάνατο του Γκάρφιλντ.\n*[[1893]] - Στη [[Νέα Ζηλανδία]], οι γυναίκες αποκτούν [[δικαίωμα ψήφου]].\n*[[1916]] - [[Α΄ Παγκόσμιος Πόλεμος]]: Κατά τη διάρκεια της εκστρατείας της ανατολικής Αφρικής, οι αποικιακές ένοπλες δυνάμεις του [[Λαϊκή Δημοκρατία του Κονγκό|Βελγικού Κογκό]] καταλαμβάνουν την [[Ταμπόρα (πόλη)|Ταμπόρα]] μετά από σκληρή μάχη.\n*[[1943]] - Οι [[Γερμανοί]] προβαίνουν σε σφαγές και λεηλασίες στις [[Καρυές Λακωνίας]].\n*[[1944]] - Υπογράφεται ανακωχή μεταξύ της [[Φινλανδία]]ς και της [[Ένωση Σοβιετικών Σοσιαλιστικών Δημοκρατιών|Σοβιετικής Ένωσης]].\n*[[1946]] - Σε ομιλία του στο [[Πανεπιστήμιο της Ζυρίχης]], ο [[Ουίνστον Τσώρτσιλ]] αναφέρεται στη δημιουργία [[Συμβούλιο της Ευρώπης|Συμβουλίου της Ευρώπης]].\n*[[1952]] – Οι [[Ηνωμένες Πολιτείες Αμερικής]] εμποδίζουν τον [[Τσάρλι Τσάπλιν]] ξαναμπεί στη χώρα μετά από ένα ταξίδι του στην [[Αγγλία]].\n*[[1957]] – Πραγματοποιείται η πρώτη [[Ηνωμένες Πολιτείες Αμερικής|αμερικανική]] υπόγεια δοκιμή πυρηνικής βόμβας.\n*[[1961]] – Ιδρύεται η [[Ένωσις Κέντρου]], ύστερα από διαβουλεύσεις και ζυμώσεις που διήρκεσαν μήνες.\n*[[1970]] – Ο [[Κώστας Γεωργάκης]], [[Έλληνες|Έλληνας]] φοιτητής [[γεωλογία]]ς, αυτοπυρπολείται στην πλατεία Ματεότι στη [[Γένοβα]] της [[Ιταλία]]ς, ως ένδειξη διαμαρτυρίας κατά του [[Στρατιωτική δικτατορία στην Ελλάδα (1967-1974)|δικτατορικού καθεστώτος]] του [[Γεώργιος Παπαδόπουλος|Γεωργίου Παπαδόπουλου]].\n*[[1973]] – Ο [[Κάρολος ΙΣΤ΄ Γουσταύος της Σουηδίας|Κάρολος ΙΣΤ΄ Γουσταύος]] στέφεται βασιλιάς της [[Σουηδία]]ς.\n*[[1976]] – Η πτήση 452 της [[Turkish Airlines]] συντρίβεται στην [[Ταύρος (οροσειρά)|οροσειρά Ταύρος]] στο [[Οσμανίγιε]] της [[Τουρκία]]ς, σκοτώνοντας και τους 154 επιβαίνοντες.\n*[[1976]] - Δύο αεροσκάφη [[McDonnell Douglas F-4 Phantom II]] της [[Ιράν|ιρανικής]] πολεμικής αεροπορίας πετούν για να διερευνήσουν ένα αγνώστου ταυτότητος ιπτάμενο αντικείμενο, όταν αμφότερα χάνουν τα όργανά τους και τις επικοινωνίες καθώς πλησιάζουν, τα οποία και ανακτούν μετά την απόσυρσή τους.\n*[[1978]] - Οι [[Νήσοι Σολομώντα]] γίνονται μέλη του [[Οργανισμός Ηνωμένων Εθνών|Ο.Η.Ε.]]\n* [[1983]] – Η νησιωτική χώρα της Καραϊβικής [[Άγιος Χριστόφορος και Νέβις]] ανακηρύσσεται ανεξάρτητο κράτος.\n* [[1985]] – Καταστρεπτικός [[σεισμός]] (19 και 21/9) στο [[Μεξικό]], μεγέθους 8,1 Ρίχτερ προξενεί τον θάνατο 4.200 και πλέον ατόμων.\n* [[1988]] – Εκτοξεύεται ο πρώτος ισραηλινός δορυφόρος, ο «Horizont 1».\n* [[1989]] – Βόμβα εκρήγνυται σε αεροπλάνο την ώρα που βρίσκεται πάνω από τον [[Νίγηρα]] με αποτέλεσμα να σκοτωθούν 171 άτομα. Για την τρομοκρατική επίθεση κατηγορήθηκε η [[Λιβύη]], που πλήρωσε αποζημιώσεις στις οικογένειες των θυμάτων.\n* [[1992]] – Στη [[Βοσνία]], 31 άτομα σκοτώνονται στην πόλη Μπρτσκο, όπου εκδηλώνεται αεροπορική επίθεση των Σέρβων.\n* [[1993]] – Στη [[Κεντροαφρικανική Δημοκρατία|Δημοκρατία Κεντρικής Αφρικής]], ο [[Ανζ Φελίξ Πατασέ]] κερδίζει τις πρώτες πολυκομματικές προεδρικές εκλογές.\n* [[1995]] – Η [[Κροατία]] αποφασίζει να σταματήσει τις επιθέσεις εναντίον των Σέρβων και συμφωνεί με τη Βοσνία ότι μέσω πολιτικού διαλόγου θα διευθετηθεί το εδαφικό.\n* [[1999]] – Πρόεδρος της Κεντροαφρικανικής Δημοκρατίας επανεκλέγεται ο Ανζ Φελίξ Πατασέ, στις βίαιες (2 νεκροί σε επεισόδια) εκλογές, με 51,6% έναντι 19,4% για τον πρώην ηγέτη Κολίνγκμπα.\n* [[2002]] – Απόπειρα πραξικοπήματος σημειώνεται στην [[Ακτή Ελεφαντοστού]], ενώ ο Πρόεδρος [[Λοράν Μπαγκμπό]] απουσιάζει στην Ιταλία. Στη διάρκεια των συγκρούσεων σκοτώνονται δεκάδες ατόμων, ανάμεσά τους και ο πρώην δικτάτορας Ρομπέρ Γκουέι.\n* [[2003]] – Ομόφωνα εγκρίνεται από το Συμβούλιο Ασφαλείας του ΟΗΕ η παράταξη περίπου 15.000 στρατιωτών ως ειρηνευτικής δύναμης στη [[Λιβερία]], με σκοπό να βοηθήσουν στην ανασυγκρότηση της χώρας και στο σταμάτημα ληστειών και βιασμών.\n* [[2006]] – Πραξικόπημα στην [[Ταϊλάνδη]]. Την εξουσία καταλαμβάνει ο Στρατηγός [[Σόντι Μπουνγιαρατγκλίν]].\n\n== Γεννήσεις ==\n*[[86]] – [[Αντωνίνος ο Ευσεβής]], Ρωμαίος αυτοκράτορας\n*[[866]] – [[Λέων ΣΤ΄]], Βυζαντινός αυτοκράτορας\n*[[1551]] – [[Ερρίκος Γ΄ της Γαλλίας|Ερρίκος Γ΄]], βασιλιάς της Γαλλίας\n*[[1560]] - [[Τόμας Κάβεντις]], Άγγλος θαλασσοπόρος\n*[[1853]] - [[Μιχαήλ Β΄ της Μπραγκάνσα|Μιχαήλ Β΄]], δούκας της Μπραγκάνσα\n*[[1898]] – [[Τζουζέπε Σάραγκατ]], Ιταλός πολιτικός\n*[[1899]] - [[Ινιάτσιο Μπουττίττα]], Ιταλός ποιητής\n*[[1911]] – [[Ουίλιαμ Γκόλντινγκ]], Άγγλος συγγραφέας\n*[[1921]] – [[Πάουλο Φρέιρε]], Βραζιλιάνος εκπαιδευτικός και φιλόσοφος\n*[[1922]] – [[Εμίλ Ζάτοπεκ]], Τσέχος δρομέας\n*[[1926]] - [[Μασατόσι Κοσίμπα]], Ιάπωνας φυσικός\n*[[1934]] - [[Μπράιαν Επστάιν]], Άγγλος μάνατζερ\n*[[1934]] - [[Μίλτος Παπαποστόλου]], Έλληνας ποδοσφαιριστής και προπονητής\n*[[1936]] – [[Αλ Έρτερ]], Αμερικανός δισκοβόλος\n*[[1948]] - [[Τζέρεμι Άιρονς]], Άγγλος ηθοποιός\n*[[1959]] - [[Ρενέ Μαρσιγκλιά]], Γάλλος ποδοσφαιριστής και προπονητής\n*[[1961]] – [[Γιώργος Χριστιανάκης]], Έλληνας συνθέτης\n* [[1964]] - [[Παναγιώτης Βλαχάκος]], Έλληνας αξιωματικός του Πολεμικού Ναυτικού\n*[[1965]] - [[Τσέρινγκ Τομπγκάι]], πρωθυπουργός του Μπουτάν\n*[[1967]] – [[Αλεξάντερ Καρέλιν]], Ρώσος παλαιστής\n*[[1969]] - [[Αλκίνοος Ιωαννίδης]], Κύπριος τραγουδοποιός \n*[[1973]] - [[Κριστιάνο Ντα Μάτα]], Βραζιλιάνος οδηγός αγώνων\n*[[1974]] – [[Βικτόρια Σίλβστεντ]], Σουηδέζα ηθοποιός, τραγουδίστρια και μοντέλο\n*[[1974]] - [[Τζίμι Φάλον]], Αμερικανός ηθοποιός\n*[[1982]] – [[Λένα Δανιηλίδου]], Ελληνίδα αντισφαιρίστρια\n*[[1990]] – [[Σάββας Γκέντσογλου]], Έλληνας ποδοσφαιριστής\n\n== Θάνατοι ==\n*[[961]] - [[Ελένη Λεκαπηνή]], Βυζαντινή αυτοκράτειρα\n*[[1356]] – [[Γκωτιέ ΣΤ΄ του Μπριέν]], Γάλλος ιππότης\n*[[1356]] - [[Πέτρος Α΄ της Βουρβόνης|Πέτρος Α΄]], δούκας του Μπουρμπόν\n*[[1356]] - [[Ροβέρτος του Δυρραχίου]], Ναπολιτάνος ευγενής\n*[[1710]] – [[Όλε Ρέμερ]], Δανός αστρονόμος\n*[[1843]] – [[Γκασπάρ-Γκυστάβ ντε Κοριόλις]], Γάλλος μαθηματικός και μηχανικός\n*[[1881]] - [[Τζέιμς Γκάρφιλντ]], 20ός πρόεδρος των Η.Π.Α.\n*[[1935]] – [[Κονσταντίν Τσιολκόφσκι]], Ρώσος επιστήμονας\n*[[1949]] – [[Νίκος Σκαλκώτας]], Έλληνας συνθέτης\n*[[1970]] – [[Κώστας Γεωργάκης]], Έλληνας αγωνιστής\n*[[1983]] - [[Άνχελ Λαμπρούνα]], Αργεντινός ποδοσφαιριστής και προπονητής\n*[[1985]] – [[Ίταλο Καλβίνο]], Ιταλός δημοσιογράφος και συγγραφέας\n*[[1990]] – [[Ερμής Παν]], Αμερικανός χορευτής και χορογράφος\n*[[1994]] – [[Αλέξης Ακριθάκης]], Έλληνας ζωγράφος\n*[[2003]] – [[Κέννεθ Χάγκιν]], Αμερικανός ιερέας\n*[[2016]] - [[Βούλα Δαμιανάκου]], Ελληνίδα συγγραφέας\n*2021-[[wikidata:Q16777527|Ρίτσαρντ Μπάκλεϊ]]<nowiki/>Αμερικανός δημοσιογράφος\n*2021- [[wikidata:Q108601012|Στράτος Ταγατίδης]] Έλληνας επιχειρηματίας\n\n== Αργίες και εορτές ==\n\n* Παγκόσμια Ημέρα Πειρατικής Ομιλίας.\n\n=== [[Ορθόδοξη Εκκλησία]] ===\n{{Πύλη:Ορθοδοξία/Εορτολόγιο/19 Σεπτεμβρίου}}\n\n{{Μήνες}}\n\n[[Κατηγορία:Ημέρες του έτους]]"}}}]}]}}