{"batchcomplete":true,"query":{"normalized":[{"fromencoded":false,"from":"19_Μαΐου","to":"19 Μαΐου"}],"pages":[{"pageid":1852,"ns":0,"title":"19 Μαΐου","revisions":[{"slots":{"main":{"contentmodel":"wikitext","contentformat":"text/x-wiki","content":"{{Μήνες Μαΐου}}\n\n<center>[[18 Μαΐου]] | '''19 Μαΐου''' | [[20 Μαΐου]]</center>\n\n----\nΗ '''19η Μαΐου''' είναι η 139η ημέρα του έτους κατά το [[Γρηγοριανό ημερολόγιο]] (140η σε δίσεκτα έτη).  Υπολείπονται 226 ημέρες.\n\n{|width=100%\n| __TOC__\n| {{ΗμερολόγιοΣεΠίνακα|5}}\n|}\n\n== Γεγονότα ==\n*[[715]] - Εκλέγεται ο [[Πάπας Γρηγόριος Β΄]].\n*[[1051]] - Ο [[Ερρίκος Α΄ της Γαλλίας]] παντρεύεται την [[Άννα του Κιέβου]].\n*[[1499]] – Η [[Αικατερίνη της Αραγονίας]] και ο [[Αρθούρος της Ουαλίας]] παντρεύονται δι' αντιπροσώπου. Η Αικατερίνη είναι 13 ετών και ο Αρθούρος 12.\n*[[1535]] – Ο [[Γαλλία|Γάλλος]] εξερευνητής [[Ζακ Καρτιέ]] ξεκινάει το δεύτερο ταξίδι του για τη [[Βόρεια Αμερική]] με τρία πλοία,  110 άνδρες και τους δύο γιους του [[Ιροκουά|Ιροκέζου]] αρχηγού Ντονακόνα (τους οποίους είχε απαγάγει ο Καρτιέ κατά το πρώτο του ταξίδι).\n*[[1536]] – Η [[Άννα Μπολέυν]], δεύτερη σύζυγος του [[Ερρίκος Η΄ της Αγγλίας|Ερρίκου Η΄ της Αγγλίας]] αποκεφαλίζεται για μοιχεία, [[προδοσία]] και [[αιμομιξία]].\n*[[1643]] - [[Τριακονταετής Πόλεμος]]: Οι [[Γαλλία|γαλλικές]] δυνάμεις με επικεφαλής τον [[Λουδοβίκος Β΄ των Βουρβόνων-Κοντέ|Λουδοβίκο Β΄ των Βουρβόνων-Κοντέ]] νικούν τις [[Ισπανία|ισπανικές δυνάμεις]] στη [[μάχη του Ροκρουά]], σηματοδοτώντας το συμβολικό τέλος της Ισπανίας ως κυρίαρχη δύναμη επί της ξηράς.\n*[[1649]] - Η [[Αγγλία]] κηρύσσεται Κοινοπολιτεία. Η Αγγλία θα είναι [[Πολιτεία (έννοια)|δημοκρατία]] για τα επόμενα έντεκα χρόνια.  \n*[[1655]] - Κατά τη διάρκεια του [[Αγγλία|Αγγλο]]-[[Ισπανία|Ισπανικού]] Πολέμου, αρχίζει η εισβολή των Άγγλων στην [[Τζαμάικα]].\n*[[1780]] - Η Σκοτεινή Ημέρα της [[Νέα Αγγλία|Νέας Αγγλίας]]: Παρατηρείται ασυνήθιστη σκίαση του ουρανού στις πολιτείες της Νέας Αγγλίας και σε μέρη του [[Καναδάς|Καναδά]]. \n*[[1802]] - Ο [[Ναπολέων Α΄]] ιδρύει το [[Εθνικό Τάγμα της Λεγεώνας της Τιμής]].\n*[[1828]] - Ο [[Ηνωμένες Πολιτείες Αμερικής|Αμερικανός]] πρόεδρος [[Τζον Κουίνσι Άνταμς]] υπογράφει νόμο για την προστασία των κατασκευαστών [[Μαλλί|μαλλιού]] στις Ηνωμένες Πολιτείες.\n*[[1848]] - [[Αμερικανικό-Μεξικανικός πόλεμος]]: Το [[Μεξικό]] επικυρώνει τη Συνθήκη Γουαδελούπης Χιντάλγκο τερματίζοντας έτσι τον πόλεμο και παραχωρώντας στις [[Ηνωμένες Πολιτείες Αμερικής]] την [[Καλιφόρνια]], τη [[Νεβάδα]], τη [[Γιούτα]] και άλλες περιοχές τεσσάρων σημερινών [[Πολιτείες των ΗΠΑ|Πολιτειών]] έναντι 15 εκατομμυρίων [[Δολάριο ΗΠΑ|δολαρίων]]. \n*[[1917]] - Ιδρύεται η [[Νορβηγία|νορβηγική]] ποδοσφαιρική ομάδα [[Ρόσενμποργκ ΜΚ]].\n*[[1919]] - Ο [[Μουσταφά Κεμάλ Ατατούρκ]] αποβιβάζεται στη [[Σαμψούντα]], στις [[Μικρά Ασία|μικρασιατικές]] ακτές της [[Μαύρη Θάλασσα|Μαύρης Θάλασσας]], αρχίζοντας τον [[Τουρκικός Πόλεμος της Ανεξαρτησίας|τουρκικό πόλεμο της ανεξαρτησίας]].\n*[[1921]] - Το [[Κογκρέσο των Ηνωμένων Πολιτειών]] ψηφίζει νόμο με τον οποίο θεσπίζονται εθνικές ποσοστώσεις για τη μετανάστευση. \n*[[1934]] - Η [[Ζβενό]] και ο [[Βουλγαρία|βουλγαρικός]] στρατός πραγματοποιούν [[πραξικόπημα]]. Ο Κίμων Γκεοργκίεφ γίνεται ο νέος πρωθυπουργός της Βουλγαρίας.  \n*[[1960]] - Η ''«[[Γλυκιά ζωή]]»'' του [[Φεντερίκο Φελίνι]] κερδίζει το [[Χρυσός Φοίνικας|Χρυσό Φοίνικα]] στο [[Διεθνές Φεστιβάλ Κινηματογράφου Καννών]], ενώ το πρώτο βραβείο καλύτερης γυναικείας ερμηνείας απονέμεται στη Ζαν Μορό (''«Μοντεράτο Καντάμπιλε»'') και στη [[Μελίνα Μερκούρη]] (''«[[Ποτέ την Κυριακή]]»'').\n*[[1961]] – [[Πρόγραμμα Βενέρα]]: Το Βενέρα 1 γίνεται η πρώτη ανθρώπινη κατασκευή που περνά κοντά από έναν άλλο πλανήτη, την [[Αφροδίτη (πλανήτης)|Αφροδίτη]]. Το σκάφος είχε χάσει την επαφή με τη [[Γη]] ένα μήνα νωρίτερα και δεν έστειλε κανένα δεδομένο.\n*[[1962]] - Στη [[Νέα Υόρκη]], η [[Μέριλιν Μονρόε]] τραγουδάει το [[Happy Birthday to You]] στον [[Ηνωμένες Πολιτείες Αμερικής|Αμερικανό]] πρόεδρο [[Τζον Φιτζέραλντ Κένεντι]].\n*[[1971]] – Διαστημικό πρόγραμμα Άρης: Η [[Ένωση Σοβιετικών Σοσιαλιστικών Δημοκρατιών|Σοβιετική Ένωση]] εκτοξεύει το [[Άρης 2 (διαστημικό σκάφος)|διαστημικό σκάφος ''Άρης 2'']].\n*[[1991]] - Οι [[Κροατία|Κροάτες]] ψηφίζουν υπέρ της ανεξαρτησίας σε δημοψήφισμα.\n*[[2007]] - Οι [[Ρουμανία|Ρουμάνοι]] ψηφίζουν σε δημοψήφισμα υπέρ της επιστροφής του [[Τραϊάν Μπασέσκου]] στη θέση του [[Πρόεδρος της Ρουμανίας|προέδρου της Ρουμανίας]].\n*[[2018]] - Γίνεται ο γάμος του πρίγκιπα Χάρι και της πριγκίππισας Μέγκαν.\n\n== Γεννήσεις ==\n*[[1593]] - [[Γιάκομπ Γιόρντενς]], Φλαμανδός ζωγράφος\n*[[1744]] - [[Καρλόττα του Μεκλεμβούργου-Στρέλιτς]], βασίλισσα της Μεγάλης Βρετανίας\n*[[1797]] – [[Μαρία Ισαβέλλα της Πορτογαλίας]], βασίλισσα της Ισπανίας\n*[[1881]] – [[Μουσταφά Κεμάλ Ατατούρκ]], Τούρκος πολιτικός\n*[[1890]] – [[Χο Τσι Μιν]], Βιετναμέζος ηγέτης\n*[[1898]] - [[Ιούλιος Έβολα]], Ιταλός φιλόσοφος\n*[[1925]] – [[Μάλκολμ Χ]], Αμερικανός ακτιβιστής\n*[[1925]] – [[Πολ Ποτ]], πρωθυπουργός της Καμπότζης\n*[[1928]] - [[Κόλιν Τσάπμαν]], Βρετανός οδηγός αγώνων και επιχειρηματίας\n*[[1929]] - [[Μιχάλης Αδάμης]], Έλληνας συνθέτης\n*[[1938]] - [[Γιώργος Δεϊμέζης]], Έλληνας ποδοσφαιριστής\n*[[1939]] - [[Γιάνις Λούσις]], Λετονός ακοντιστής\n*[[1945]] - [[Πιτ Τάουνσεντ]], Άγγλος κιθαρίστας ([[The Who]])\n*[[1946]] – [[Αντρέ ο Γίγαντας]], Γάλλος παλαιστής και ηθοποιός\n*[[1954]] - [[Φιλ Ραντ]], Αυστραλός ντράμερ ([[AC/DC]])\n*[[1964]] - [[Γκιτάνας Ναουσέντα]], Λιθουανός οικονομολόγος και πολιτικός\n*[[1976]] – [[Κέβιν Γκαρνέτ]], Αμερικανός καλαθοσφαιριστής\n*[[1977]] – [[Νατάλια Ορέιρο]], Ουρουγουανή τραγουδοποιός, σχεδιάστρια μόδας και ηθοποιός\n*[[1979]] – [[Αντρέα Πίρλο]], Ιταλός ποδοσφαιριστής\n*[[1979]] – [[Ντιέγο Φορλάν]], Ουρουγουανός ποδοσφαιριστής\n*[[1981]] - [[Σάνι Μπετσίροβιτς]], Σλοβένος καλαθοσφαιριστής\n*[[1981]] – [[Λουσιάνο Φιγκερόα]], Αργεντινός ποδοσφαιριστής\n*[[1992]] - [[Σαμ Σμιθ]], Άγγλος τραγουδιστής\n\n== Θάνατοι ==\n*[[1102]] – [[Στέφανος Β΄ του Μπλουά|Στέφανος Β΄]], κόμης του Μπλουά\n*[[1125]] – [[Βλαδίμηρος Β΄ Μονομάχος]], Ρώσος πρίγκιπας\n*[[1218]] - [[Όθων Δ΄ της Αγίας Ρωμαϊκής Αυτοκρατορίας|Όθων Δ΄]], αυτοκράτορας της Αγίας Ρωμαϊκής Αυτοκρατορίας\n*[[1296]] - [[Πάπας Κελεστίνος Ε΄]]\n*[[1319]] - [[Λουδοβίκος του Εβρέ|Λουδοβίκος]], κόμης του Εβρέ\n*[[1389]] – [[Ντμίτρι Ντονσκόι]], Ρώσος πρίγκηπας\n*[[1396]] - [[Ιωάννης Α΄ της Αραγωνίας|Ιωάννης Α΄]], βασιλιάς της Αραγωνίας\n*[[1536]] – [[Άννα Μπολέυν]], βασίλισσα της Αγγλίας\n*[[1825]] – [[Ανρί ντε Σαιν-Σιμόν]], Γάλλος φιλόσοφος\n*[[1840]] - [[Τζον Μπλάκγουελ]], Ουαλός συγγραφέας\n*[[1864]] – [[Ναθάνιελ Χόθορν]], Αμερικανός συγγραφέας\n*[[1896]] - [[Κάρολος Λουδοβίκος της Αυστρίας|Κάρολος Λουδοβίκος]], αρχιδούκας της Αυστρίας\n*[[1898]] – [[Γουίλιαμ Γκλάντστοουν]], Άγγλος πολιτικός\n*[[1918]] - [[Φέρντιναντ Χόντλερ]], Ελβετός ζωγράφος\n*[[1930]] - [[Σπύρος Σπυρομήλιος]], Έλληνας στρατιωτικός\n*[[1935]] – [[Τόμας Έντουαρντ Λόρενς]], Άγγλος στρατιωτικός\n*[[1945]] – [[Φίλιπ Μπούλερ]], Γερμανός αξιωματούχος των Ναζί\n*[[1954]] - [[Τσαρλς Άιβς]], Αμερικανός συνθέτης\n*[[1958]] – [[Ρόναλντ Κόλμαν]], Άγγλος ηθοποιός \n*[[1969]] – [[Κόλμαν Χόκινς]], Αμερικανός σαξοφωνίστας\n*[[1981]] - [[Πέτρος Κόκκορος]], Έλληνας πανεπιστημιακός\n*[[1989]] – [[Σίριλ Λάιονελ Ρόμπερτ Τζέιμς]],  συγγραφέας από το Τρινιντάντ και Τομπάγκο\n*[[1989]] - [[Δημήτριος Καρδάρας|Τάκης Καρδάρας]], Έλληνας πολιτικός\n*[[1994]] – [[Ζακλίν Μπουβιέ Κένεντι Ωνάση]], πρώτη κυρία των Η.Π.Α.\n*[[2007]] - [[Χριστιάνα Σουρβίνου-Ίνγουντ]], Ελληνίδα πανεπιστημιακός\n*[[2008]] - [[Μήτσος Αλεξανδρόπουλος]], Έλληνας συγγραφέας\n*[[2009]] – [[Βελουπιλάι Πραμπακαράν]], αγωνιστής των Ταμίλ\n*[[2012]] - [[Γκέρχαρντ Χετς]], Γερμανός κολυμβητής\n*[[2013]] - [[Δημήτρης Ρίγγος]], Έλληνας πολιτικός\n*[[2017]] - [[Στανισλάβ Γεβγκράφοβιτς Πετρόφ]], Ρώσος στρατιωτικός\n\n== Αργίες και εορτές ==\n* «ημέρα μνήμης» [[Γενοκτονία των Ελλήνων|Γενοκτονίας των Ελλήνων]] του Μικρασιατικού Πόντου.\n* [[Τουρκία]] – Εορτή της Νεολαίας και του Αθλητισμού.\n\n=== [[Ορθόδοξη Εκκλησία]] ===\n{{Πύλη:Ορθοδοξία/Εορτολόγιο/19 Μαΐου}}\n\n{{Μήνες}}\n\n[[Κατηγορία:Ημέρες του έτους]]"}}}]}]}}