{"batchcomplete":true,"query":{"normalized":[{"fromencoded":false,"from":"1_Δεκεμβρίου","to":"1 Δεκεμβρίου"}],"pages":[{"pageid":3727,"ns":0,"title":"1 Δεκεμβρίου","revisions":[{"slots":{"main":{"contentmodel":"wikitext","contentformat":"text/x-wiki","content":"{{Μήνες Δεκεμβρίου}}\n\n{{center|[[30 Νοεμβρίου]] &#124; '''1 Δεκεμβρίου''' &#124; [[2 Δεκεμβρίου]]}}\n----\nΗ '''1η Δεκεμβρίου''' είναι η 335η ημέρα του έτους κατά το [[Γρηγοριανό ημερολόγιο]] (336η σε δίσεκτα έτη). Υπολείπονται 30 ημέρες.\n\n{|width=100%\n| __TOC__\n| {{ΗμερολόγιοΣεΠίνακα|12}}\n|}\n\n== Γεγονότα ==\n*[[800]] - Ο [[Καρλομάγνος]] κρίνει τις κατηγορίες εναντίον του [[Πάπας Λέων Γ΄|Πάπα Λέοντα Γ΄]] στο [[Αποστολικό Παλάτι]].\n*[[1420]] - Πανηγυρική είσοδος του [[Φίλιππος Γ΄ της Βουργουνδίας|Φιλίππου Γ΄ της Βουργουνδίας]], του [[Κάρολος ΣΤ΄ της Γαλλίας|Καρόλου ΣΤ΄ της Γαλλίας]] και του [[Ερρίκος Ε΄ της Αγγλίας|Ερρίκου Ε΄ της Αγγλίας]] στο [[Παρίσι]].\n*[[1640]] – Τέλος της [[Ιβηρική Ένωση|Ιβηρικής Ένωσης]]: Η [[Πορτογαλία]] ανακηρύσσει βασιλιά τον [[Ιωάννης Δ΄ της Πορτογαλίας|Ιωάννη Δ΄]] τερματίζοντας μία περίοδο 60 ετών [[Προσωπική ένωση|προσωπικής ένωσης]] των στεμμάτων της Πορτογαλίας και της [[Μοναρχία της Ισπανίας|Ισπανίας]].\n*[[1822]] - Ο [[Πέτρος Α΄ της Βραζιλίας|Πέτρος Α΄]] στέφεται αυτοκράτορας της [[Βραζιλία]]ς. \n*[[1834]] - Καταργείται η δουλεία στην Αποικία του Ακρωτηρίου, σύμφωνα με την [[Πράξη κατάργησης της δουλείας του 1833]].\n*[[1862]] - Ο πρόεδρος των [[Ηνωμένες Πολιτείες Αμερικής|Η.Π.Α.]] [[Αβραάμ Λίνκολν]] επιβεβαιώνει την αναγκαιότητα κατάργησης της δουλείας όπως διέταξε δέκα εβδομάδες νωρίτερα με τη [[Διακήρυξη Χειραφέτησης]].\n*[[1913]] - Αρχίζει να λειτουργεί το μετρό του [[Μπουένος Άιρες]], ο πρώτος υπόγειος σιδηρόδρομος στο [[νότιο ημισφαίριο]] και τη [[Λατινική Αμερική]].\n*1913 - Η [[Ford Motor Company]] παρουσιάζει την πρώτη κινούμενη γραμμή συναρμολόγησης.\n*1913 – Η [[Κρήτη]] προσαρτάται στην [[Ελλάδα]].\n*[[1918]] - Η [[Τρανσυλβανία]] ενώνεται με το [[Βασίλειο της Ρουμανίας]], μετά την ενσωμάτωση της [[Βεσσαραβία]]ς ([[27 Μαρτίου]]) και της [[Βουκοβίνα]]ς ([[28 Νοεμβρίου]]).\n*1918 - Το [[Βασίλειο της Ισλανδίας]] γίνεται κυρίαρχο κράτος, αλλά παραμένει μέρος του Βασιλείου της [[Δανία]]ς.\n*1918 - Ανακηρύσσεται το [[Βασίλειο των Σέρβων, Κροατών και Σλοβένων]] (αργότερα γνωστό ως [[Βασίλειο της Γιουγκοσλαβίας]]).\n*[[1924]] - Διεξάγεται ο πρώτος αγώνας του [[NHL]] στις [[Ηνωμένες Πολιτείες Αμερικής]], καθώς οι Μπόστον Μπρούινς δίνουν στη [[Βοστώνη]] τον πρώτο τους αγώνα πρωταθλήματος εντός έδρας.\n*[[1937]] - Εφαρμόζεται για πρώτη φορά ο θεσμός της [[Ίδρυμα Κοινωνικών Ασφαλίσεων|Κοινωνικής Ασφάλισης]] στην [[Ελλάδα]]\n*[[1941]] - [[Β΄ Παγκόσμιος Πόλεμος]]: Ο αυτοκράτορας της [[Ιαπωνία]]ς, [[Χιροχίτο]], δίνει την τελική έγκριση για την έναρξη του πολέμου εναντίον των [[Ηνωμένες Πολιτείες Αμερικής|Ηνωμένων Πολιτειών]]. \n*[[1955]] - Αμερικανικό Κίνημα για τα Πολιτικά Δικαιώματα: Στο [[Μοντγκόμερι (Αλαμπάμα)]], η μοδίστρα [[Ρόζα Παρκς]] αρνείται να παραχωρήσει σ' έναν λευκό τη θέση της στο λεωφορείο και συλλαμβάνεται. Το περιστατικό θα οδηγήσει στο [[Μποϋκοτάζ των λεωφορείων στο Μοντγκόμερυ (1955)|μποϋκοτάζ των λεωφορείων στο Μοντγκόμερυ]].\n*[[1958]] - Η [[Κεντροαφρικανική Δημοκρατία]] αποκτά δική της κυβέρνηση εντός της Γαλλικής Ένωσης.\n*[[1959]] - [[Ψυχρός πόλεμος]]: Εναρκτήρια ημερομηνία υπογραφής της [[Συνθήκη της Ανταρκτικής|Συνθήκης της Ανταρκτικής]], η οποία διαχωρίζει την [[Ανταρκτική]] ως επιστημονική προστατευόμενη περιοχή και απαγορεύει τη στρατιωτική δραστηριότητα στην ήπειρο.\n*[[1967]] - Έκρηξη αυτοσχέδιας βόμβας στην [[Ομόνοια (Αθήνα)|Ομόνοια]]. Σκοτώνεται μία νέα γυναίκα. Το γεγονός δίνει την αφορμή στο [[Χούντα των Συνταγματαρχών|στρατιωτικό καθεστώς]] να επιδοθεί σε παραλήρημα εναντίον των \"αναρχικών και ανατρεπτικών στοιχείων\".\n*[[1968]] - Χάος για άλλη μια φορά στην [[Αθήνα]] και τα προάστια από πολύωρη νεροποντή, πρωτοφανούς έντασης. Τετραμελής οικογένεια [[Καναδάς|Καναδών]] πνίγεται μέσα στο αυτοκίνητό της, που παρασύρεται από το χείμαρρο Καρίβαλη στον Κοκκιναρά. Επτά νεκροί κατά τη διάρκεια της νύχτας σε τροχαία.\n*[[1974]] - [[Boeing 727]] της Trans World Airlines (TWA) συντρίβεται στη [[Βιρτζίνια]], σκοτώνοντας και τους 92 επιβαίνοντες.\n*[[1974]] - [[Boeing 727]] της Northwest Airlines συντρίβεται βορειοδυτικά του [[Διεθνές Αεροδρόμιο Τζον Κένεντι|Διεθνούς Αεροδρομίου Τζον Κένεντι]].\n*[[1981]] – Αεροσκάφος McDonnell Douglas MD-80 της Inex-Adria Aviopromet συντρίβεται στην [[Κορσική]], σκοτώνοντας και τους 180 επιβαίνοντες.\n*[[1989]] - Πραγματοποιείται στις [[Φιλιππίνες]] αποτυχημένο αιματηρό [[πραξικόπημα]] με σκοπό την καθαίρεση της [[Κορασόν Ακίνο]]. \n*[[2002]] – Δημιουργείται η [[Ελληνική Βικιπαίδεια]].\n\n== Γεννήσεις ==\n*[[1081]] - [[Λουδοβίκος ΣΤ΄ της Γαλλίας|Λουδοβίκος ΣΤ΄]], βασιλιάς της Γαλλίας\n*[[1083]] - [[Άννα Κομνηνή]], Βυζαντινή ιστορικός\n*[[1566]] - [[Φίλιππος του Νάσσαου-Βιάντεν]], κόμης του Νάσσαου\n*[[1743]] - [[Μάρτιν Χάινριχ Κλάπροτ]], Γερμανός χημικός\n*[[1761]] - [[Μαρί Τισό]], Γαλλίδα γλύπτρια\n*[[1781]] - [[Ουΐλιαμ Πάρκερ]], Άγγλος ναύαρχος\n*[[1844]] - [[Αλεξάνδρα της Δανίας]], βασίλισσα του Ηνωμένου Βασιλείου\n*[[1896]] - [[Γκεόργκι Ζούκοφ]], Ρώσος στρατηγός\n*[[1901]] - [[Ουίλιαμ Ντάνιελς (κινηματογραφιστής)|Ουίλιαμ Ντάνιελς]], Αμερικανός κινηματογραφιστής\n*[[1901]] - [[Ιωάννης Συκουτρής]], Έλληνας φιλόλογος\n*[[1911]] - [[Ιωάννης Χατζηδήμος]], Έλληνας πολιτικός\n*[[1912]] - [[Γεώργιος Βλάχος (ακαδημαϊκός)|Γεώργιος Βλάχος]], Έλληνας ακαδημαϊκός\n*[[1923]] - [[Μορίς]], Βέλγος δημιουργός κόμικς\n*[[1927]] - [[Άμπι Μαν]], Αμερικανός σεναριογράφος\n*[[1929]] - [[Αλφρέντ Μοϊσίου]], Αλβανός πολιτικός\n*[[1931]] - [[Ράικο Κουζμάνοβιτς]], Σέρβος πολιτικός\n*[[1931]] - [[Μάξγουελ Ρίτσαρντς]], πρόεδρος του Τρινιντάντ και Τομπάγκο\n*[[1935]] - [[Γούντι Άλεν]], Αμερικανός σκηνοθέτης, σεναριογράφος και ηθοποιός\n*[[1937]] - [[Βάιρα Βίκε-Φραϊμπέργκα]], Λετονή πολιτικός\n*[[1944]] - [[Τζον Ντένσμορ]], Αμερικανός ντράμερ ([[The Doors]])\n*[[1945]] - [[Μπέτι Μίντλερ]], Αμερικανίδα τραγουδίστρια και ηθοποιός\n*[[1947]] - [[Αλαίν Μπασούνγκ]], Γάλλος τραγουδοποιός και ηθοποιός\n*[[1949]] - [[Πάμπλο Εσκομπάρ]], Κολομβιανός έμπορος ναρκωτικών\n*[[1949]] - [[Σεμπαστιάν Πινιέρα]], Χιλιανός επιχειρηματίας και πολιτικός\n*[[1950]] - [[Τέμπα Ντλαμίνι]], πρωθυπουργός της Σουαζιλάνδης\n*[[1950]] - [[Φίλιππος Πετσάλνικος]], Έλληνας πολιτικός\n*[[1957]] - [[Κρις Πόλαντ]], Αμερικανός κιθαρίστας ([[Megadeth]])\n*[[1971]] - [[Έμιλι Μόρτιμερ]], Αγγλίδα ηθοποιός\n*[[1982]] - [[Χρήστος Καλαντζής]], Έλληνας ποδοσφαιριστής\n*[[1982]] - [[Χρήστος Μελίσσης]], Έλληνας ποδοσφαιριστής\n*[[1985]] - [[Ευθύμης Ζησάκης]], Έλληνας ηθοποιός\n\n== Θάνατοι ==\n*[[1135]] - [[Ερρίκος Α΄ της Αγγλίας|Ερρίκος Α΄]], βασιλιάς της Αγγλίας\n*[[1374]] - [[Μάγκνους Δ΄ της Σουηδίας|Μάγκνους Δ΄]], βασιλιάς της Σουηδίας\n*[[1455]] - [[Λορέντσο Γκιμπέρτι]], Ιταλός γλύπτης\n*[[1483]] - [[Καρλόττα της Σαβοΐας]], βασίλισσα της Γαλλίας\n*[[1521]] - [[Πάπας Λέων Ι΄]] των Μεδίκων\n*[[1530]] - [[Μαργαρίτα της Αυστρίας (1480–1530)|Μαργαρίτα]], πριγκίπισσα των Αστουριών\n*[[1633]] - [[Ισαβέλλα Κλάρα Ευγενία]], ινφάντα της Ισπανίας\n*[[1640]] - [[Γεώργιος Γουλιέλμος του Βρανδεμβούργου|Γεώργιος Γουλιέλμος]], εκλέκτορας του Βρανδεμβούργου\n*[[1764]] - [[Κρίστιαν Γκόλντμπαχ]], Πρώσος μαθηματικός\n*[[1825]] - [[Αλέξανδρος Α΄ της Ρωσίας|Αλέξανδρος Α΄]], τσάρος της Ρωσίας\n*[[1947]] - [[Άλιστερ Κρόουλι]], Άγγλος αποκρυφιστής\n*[[1947]] - [[Γκόντφρεϊ Χάρολντ Χάρντι]], Άγγλος μαθηματικός\n*[[1964]] - [[Χαρίλαος Βασιλάκος]], Έλληνας δρομέας\n*[[1972]] - [[Ανδρέας Τζήμας]], Έλληνας πολιτικός\n*[[1973]] - [[Νταβίντ Μπεν Γκουριόν]], Ισραηλινός πολιτικός\n*[[1993]] - [[Ρέι Γκίλεν]], Αμερικανός τραγουδιστής ([[Black Sabbath]])\n*[[2005]] - [[Γκαστ Αβράκωτος]], Αμερικανός πράκτορας της CIA\n*[[2006]] - [[Κλοντ Ζαντ]], Γαλλίδα ηθοποιός\n*[[2007]] - [[Κεν Μακ Γκρέγκορ]], Αυστραλός αντισφαιριστής\n*[[2012]] - [[Χοσέ Μπεναζέραφ]], Γάλλος σκηνοθέτης\n*[[2014]] - [[Δημήτρης Τριχόπουλος]], Έλληνας ιατρός\n\n== Αργίες και εορτές ==\n\n*Παγκόσμια Ημέρα κατά του [[AIDS]] \n\n=== Ορθόδοξο εορτολόγιο ===\n{{Πύλη:Ορθοδοξία/Εορτολόγιο/1 Δεκεμβρίου}}\n\n{{Μήνες}}\n\n[[Κατηγορία:Ημέρες του έτους]]"}}}]}]}}