{"batchcomplete":true,"query":{"normalized":[{"fromencoded":false,"from":"1_Οκτωβρίου","to":"1 Οκτωβρίου"}],"pages":[{"pageid":8061,"ns":0,"title":"1 Οκτωβρίου","revisions":[{"slots":{"main":{"contentmodel":"wikitext","contentformat":"text/x-wiki","content":"{{Μήνες Οκτωβρίου}}\n\n<center>[[30 Σεπτεμβρίου]] | '''1 Οκτωβρίου''' | [[2 Οκτωβρίου]]</center>\n\n----\nΗ '''1η Οκτωβρίου''' είναι η 274η ημέρα του έτους κατά το [[Γρηγοριανό ημερολόγιο]] (275η σε δίσεκτα έτη). Υπολείπονται 91 ημέρες.\n\n{{ΗμερολόγιοΣεΠίνακα|10}}\n\n== Γεγονότα ==\n*[[331 π.Χ.]] - Ο [[Αλέξανδρος ο Μέγας]] νικά τον [[Δαρείος Γ΄ της Περσίας|Δαρείο Γ΄ της Περσίας]] στη [[μάχη των Γαυγαμήλων]].\n*[[366]] - Εκλέγεται ο [[Πάπας Δάμασος Α΄]].\n*[[959]] - Ο [[Έντγκαρ Α΄ ο Ειρηνικός]] γίνεται βασιλιάς της [[Αγγλία]]ς.\n*[[965]] - Εκλέγεται ο [[Πάπας Ιωάννης ΙΓ΄]].\n*[[1553]] - Στέψη της βασίλισσας [[Μαρία Α΄ της Αγγλίας|Μαρίας Α΄ της Αγγλίας]].\n*[[1730]] - Ο [[Αχμέτ Γ΄]] αναγκάζεται να εγκαταλείψει το θρόνο.\n*[[1791]] - Πρώτη σύνοδος της [[Γαλλία|Γαλλικής]] Νομοθετικής Συνέλευσης.\n*[[1795]] - Η [[Γαλλική Επανάσταση|επαναστατική]] [[Γαλλία]] προσαρτά τις [[Αυστριακές Κάτω Χώρες]] (σημερινό [[Βέλγιο]]).\n*[[1800]] - Η [[Ισπανία]] παραχωρεί τη [[Λουιζιάνα (Νέα Γαλλία)|Λουιζιάνα]] στη [[Γαλλία]] με την Τρίτη Συνθήκη του Σαν Ιντελφόνσο.\n*[[1811]] - Το πρώτο [[ατμόπλοιο]] που πλέει στον [[Ποταμός Μισσισσιππής|ποταμό Μισσισσιππή]] φτάνει στη [[Νέα Ορλεάνη]].\n*[[1827]] - [[Ρωσοπερσικός πόλεμος (1826-1828)]]: Ο [[Ρωσία|ρωσικός]] στρατός με επικεφαλής τον [[Ιβάν Πασκέβιτς]] καταλαμβάνει το [[Γερεβάν]], τερματίζοντας μία χιλιετία μουσουλμανικής κυριαρχίας στην [[Αρμενία]].\n*[[1829]] - Ιδρύεται το Νοτιοαφρικανικό Κολλέγιο στο [[Κέιπ Τάουν]] της [[Νότια Αφρική|Νότιας Αφρικής]].\n*[[1843]] - Εκδίδεται στο [[Λονδίνο]] η εφημερίδα ''News of the World''.\n*[[1861]] - Κυκλοφορούν τα πρώτα [[Ελλάδα|ελληνικά]] γραμματόσημα, με παράσταση της κεφαλής του [[Ερμής (μυθολογία)|Ερμή]], τα οποία τυπώθηκαν στο [[Παρίσι]].\n*[[1873]] - Εκδίδεται η ''[[Εφημερίς (εφημερίδα Αθήνας)|Εφημερίς]]'' του [[Δημήτριος Κορομηλάς|Δημήτριου Κορομηλά]], η πρώτη καθημερινή εφημερίδα της [[Αθήνα]]ς.\n*[[1887]] - Η [[Βρετανική Αυτοκρατορία]] κατακτά το [[Βαλουχιστάν]].\n*[[1890]] - Το [[Κογκρέσο των Ηνωμένων Πολιτειών]] ιδρύει το [[Εθνικό πάρκο Γιοσέμιτι]].\n*[[1891]] - Ανοίγει τις πύλες του το [[Πανεπιστήμιο Στάνφορντ]] στην [[Καλιφόρνια]].\n*[[1898]] - Ιδρύεται το Πανεπιστήμιο Οικονομικών και Διοίκησης Επιχειρήσεων της [[Βιέννη]]ς με το όνομα ''K.U.K. Exportakademie''.\n*[[1898]] - Κυκλοφορεί η ''Ποδηλατική και Αθλητική Επιθεώρησις της Ανατολής'', το πρώτο αθλητικό έντυπο στην [[Ελλάδα]], έκδοση του Ποδηλατικού Συλλόγου Αθηνών, πρόεδρος του οποίου είναι ο [[Μιλτιάδης Νεγρεπόντης]].\n*[[1903]] - [[Μπέιζμπολ]]: Οι Μπόστον Αμέρικανς παίζουν με τους Πίτσμπουργκ Πάιρατς στον πρώτο αγώνα του σύγχρονου [[Αμερικανικό πρωτάθλημα Μπέιζμπολ|αμερικανικού πρωταθλήματος μπέιζμπολ]]. \n*[[1910]] - Βόμβα καταστρέφει το κτίριο των ''[[Los Angeles Times]]'' στο κέντρο του [[Λος Άντζελες]], σκοτώνοντας 21 άτομα.\n*[[1918]] - [[Α΄ Παγκόσμιος Πόλεμος]]: Οι [[Άραβες]] υπό τον [[Τόμας Έντουαρντ Λόρενς]], γνωστό ως «Λόρενς της Αραβίας», καταλαμβάνουν τη [[Δαμασκός|Δαμασκό]].\n* [[1931]] - Δίνεται δικαίωμα ψήφου στις γυναίκες στην [[Ισπανία]].\n* [[1936]] - Ο [[Φρανθίσκο Φράνκο]] αναλαμβάνει τα ήνια της επαναστατικής εθνικιστικής κυβέρνησης στην Ισπανία. Αρχή του [[Ισπανικός Εμφύλιος Πόλεμος|Ισπανικού Εμφύλιου Πολέμου]]\n* [[1938]] - Μετά την [[Συμφωνία του Μονάχου]], η Σουδητία, γερμανόφωνη περιοχή της [[Τσεχοσλοβακία]]ς, παραχωρείται στη [[Ναζιστική Γερμανία]]\n* [[1943]] - [[Συμμαχική εισβολή στην Ιταλία]]: Η [[Νάπολη]] απελευθερώνεται από τις Συμμαχικές Δυνάμεις\n* [[1946]] - [[Δίκη της Νυρεμβέργης]] (δίκη του Τρίτου Ράιχ): Εκδίδεται η απόφαση για τους 22 κατηγορουμένους: Καταδικάζονται σε θάνατο οι [[Χέρμαν Γκαίρινγκ]] (αυτοκτόνησε), [[Βίχλελμ Κάιτελ]], [[Γιόαχιμ φον Ρίμπεντροπ]], [[Ερνστ Καλτενμπρούννερ]], [[Άλφρεντ Ρόζενμπεργκ]], [[Χανς Φρανκ]], [[Φριτς Ζάουκελ]], [[Άλφρεντ Γιοντλ]], [[Άρτουρ Σέις Ίνκβαρτ]]. Σε ισόβια καταδικάστηκαν οι [[Ρούντολφ Ες (πολιτικός)|Ρούντολφ Ες]], [[Βίλχελμ Φρικ]] και [[Έριχ Ρέντερ]]. Σε ποινή 20ετούς κάθειρξης καταδικάστηκαν οι Μπάλντουρ φον Σίραχ και [[Άλμπερτ Σπέερ]], σε 15ετή κάθειρξη ο [[Κόνσταντιν φον Νόιρατ]] και σε 10ετή κάθειρξη ο [[Καρλ Νταίνιτς]]. Αθωώθηκαν οι [[Γιαλμάρ Σαχτ]], Χανς Φρίτζε και [[Φραντς φον Πάπεν]].\n* [[1949]] - [[Κινέζικος Εμφύλιος Πόλεμος]]: Ο [[Μάο Τσε Τουνγκ]] ανακηρύσσει τη [[Λαϊκή Δημοκρατία της Κίνας]] (εθνική εορτή), έπειτα από αγώνες 2 ετών κατά των εθνικιστών του [[Τσάνγκ Κάι Σεκ]], ο οποίος καταφεύγει στην Ταϊβάν.\n* [[1957]] - Πρώτη εμφάνιση της φράσης \"In God We Trust\" σε χαρτονόμισμα των ΗΠΑ.\n* [[1958]] - Ιδρύεται η διαστημική υπηρεσία των [[ΗΠΑ]], η [[NASA]].\n* [[1960]] - Η [[Νιγηρία]] και η [[Κύπρος]] αποκτούν την ανεξαρτησία τους από το [[Ηνωμένο Βασίλειο]].\n* [[1961]] - Συγχωνεύονται το Ανατολικό με το Δυτικό Καμερούν και σχηματίζεται η [[Ομοσπονδιακή Δημοκρατία του Καμερούν]].\n*[[1965]] - Πραγματοποιείται η πρώτη φιλοκυβερνητική συγκέντρωση, μετά τα [[Αποστασία του 1965|Ιουλιανά]], με ομιλητή τον [[Κωνσταντίνος Μητσοτάκης|Κωνσταντίνο Μητσοτάκη]] στα [[Χανιά]].\n* [[1969]] - Το αεροσκάφος «Κονκόρντ» καταρρίπτει για πρώτη φορά το φράγμα του ήχου.\n* [[1976]] - Στο Μεξικό, ο τυφώνας Λίζι σκοτώνει 2.500, τραυματίζει 14.000 και αφήνει 40.000 αστέγους\n* [[1977]] - Ενώπιον 75.646 θεατών, ο [[Πελέ]] αποχωρεί από τα γήπεδα, στο στάδιο του Νιου Τζέρσεϊ. Έπαιξε στο πρώτο ημίχρονο με τον Κόσμο της Νέας Υόρκης και στο δεύτερο με την Σάντος, πρώην ομάδα του μπροστά σε 75.646 θεατές στο Νιού Τζέρσεϊ. Ο Πελέ αποχωρεί με 1.281 γκολ σε 1.363 αγώνες\n* [[1978]] - Το νησιωτικό κράτος [[Τουβαλού]] αποκτά την ανεξαρτησία του από τη [[Βρετανία]] (εθνική εορτή).\n* [[1979]] - Οι [[ΗΠΑ]] επιστρέφουν την κυριαρχία της [[Διώρυγα του Παναμά|Διώρυγας του Παναμά]] στον [[Παναμάς|Παναμά]]\n* [[1981]] - Βόμβα στα γραφεία της Οργάνωσης για την Απελευθέρωση της Παλαιστίνης σκοτώνει 50 άτομα\n* [[1982]] - [[Γερμανία]]: Ο [[Χέλμουτ Κολ]] εκλέγεται καγκελάριος\n* [[1985]] - Ισραηλινά αεροπλάνα βομβαρδίζουν την έδρα της ΟΑΠ στην [[Τυνησία]], με 60 νεκρούς\n* [[1988]] - [[ΕΣΣΔ]]: Ο Μιχαήλ Γκορμπατσόφ εκλέγεται Γ.Γ. του [[Κομμουνιστικό Κόμμα Σοβιετικής Ένωσης|ΚΚΣΕ]] και συνεπώς, ηγέτης της Σοβιετικής Ένωσης.\n* [[1994]] - Αρχίζει να εκπέμπει το πρώτο ελληνικό συνδρομητικό τηλεοπτικό κανάλι, το [[FILMNET]].\n* 1994 - Το [[Παλάου]], νησιωτικό κράτος στον Ειρηνικό, γίνεται ανεξάρτητο.\n* [[1995]] - Σεισμός 6 Ρίχτερ στην Τουρκία, στην πόλη Ντινάρ, με 84 νεκρούς και 212 τραυματίες.\n* [[1999]] - [[Ρωσία]]: Χιλιάδες Ρώσοι στρατιώτες αναπτύσσονται στη [[Δημοκρατία της Τσετσενίας]], ομοσπονδιακού υποκειμένου της Ρωσικής Ομοσπονδίας, καθώς ο Ρώσος Πρωθυπουργός [[Βλαντίμιρ Πούτιν]] δηλώνει πως δεν αναγνωρίζει τη νομιμότητα του Τσετσένου [[Ασλάν Μασχάντοφ]].\n* [[2000]] - Τα ιστορικά υπερωκεάνια της Βρετανίας «Πριγκίπισσα Μαργαρίτα (καθελκύστηκε το 1968) και «Πριγκίπισσα Άννα» (1969) πραγματοποιούν το τελευταίο τους ταξίδι στη Μάγχη.\n* 2000 - Πραγματοποιείται η τελετή λήξης της  27ης Ολυμπιάδας του Σίδνεϊ. Στον κατάλογο των μεταλλίων πρώτες ήταν οι ΗΠΑ, με 97 συνολικά μετάλλια, 2η η Ρωσία με 88, 3η η Κίνα με 59 \n* [[2001]] - Διεξάγονται βουλευτικές εκλογές στο [[Μπανγκλαντές]], στις οποίες επικρατεί (με  197 από τις 300 έδρες του Κοινοβουλίου), το Κόμμα της Αντιπολίτευσης (τετρακομματικός συνασπισμός) της [[Χαλίντα Ζία]] (πάνω από 150 άτομα σκοτώθηκαν σε βίαια επεισόδια κατά την προεκλογική περίοδο). Το ηττημένο κόμμα της τέως Πρωθυπουργού Χασίνα Γουαζέντ κάνει λόγο για νοθεία (δεύτερο κόμμα είναι με 62 έδρες ο Σύνδεσμος Αγουάμι).\n* [[2003]] - Οι ΗΠΑ επανεντάσσονται στην [[UNESCO]] (είχαν αποχωρήσει το 1984).\n* 2003 - Ο [[Τζιοβάννι Λονφερνίνι]] (Χριστιανοδημοκράτης) αναλαμβάνει για ένα εξάμηνο ως «κυβερνών διοικητής» μαζί με τη Βαλέρια Τσιαβάτα (Συμμαχία του Λαού των Δημοκρατών).  Στην ηλικία των 27 ετών, ο Λονφερνίνι γίνεται ο νεότερος κυβερνήτης στον Άγιο Μαρίνο.\n* [[2004]] - Στην Ιρλανδία, η [[Μαίρη Μακ Αλίς]] διορίζεται Πρόεδρος για 2η 7ετή θητεία, χωρίς εκλογή, καθώς δε βρέθηκε κανένας άλλος υποψήφιος για τη θέση. Είναι η τρίτη φορά στην ιστορία της χώρας που ο Πρόεδρος διορίζεται ξανά χωρίς αντίπαλο, μετά το [[Σιν Ο’ Κέλι]] (1952) και τον [[Πάτρικ Χίλερι]] (1983).\n* [[2006]] - Με ομόφωνη απόφαση του σερβικού κοινοβουλίου υιοθετείται το νέο [[Σύνταγμα]] της χώρας στο οποίο αναφέρεται ότι το [[Κόσοβο]] αποτελεί αναπόσπαστο μέρος της Σερβίας.\n* 2006 - Εγκρίνεται προσωρινό Σύνταγμα στην [[Ταϊλάνδη]] και ορκίζεται μεταβατικός πρωθυπουργός ο [[Σουραγιούντ Τσουλανόντ]].\n* [[2006]] - Τίθεται σε ισχύ η μονομερής κατάπαυση του πυρός στη Νοτιανατολική [[Τουρκία]], από τους Κούρδους αντάρτες του [[PKK]].\n* [[2007]] - Στην [[Αγγλία]], τη [[Σκωτία]] και την [[Ουαλία]] διά νόμου αυξάνεται από τα 16 στα 18 χρόνια το όριο ηλικίας για αγορά τσιγάρων.\n\n== Γεννήσεις ==\n*[[86 π.Χ.]] - [[Σαλλούστιος]], Ρωμαίος ιστορικός\n*[[208]] - [[Αλέξανδρος Σεβήρος]], Ρωμαίος αυτοκράτορας\n*[[1207]] - [[Ερρίκος Γ΄ της Αγγλίας|Ερρίκος Γ']], βασιλιάς της Αγγλίας\n*[[1408]] - [[Κάρολος Η΄ της Σουηδίας|Κάρολος Η']], βασιλιάς της Σουηδίας\n*[[1541]] - [[Δομήνικος Θεοτοκόπουλος]], Έλληνας ζωγράφος\n*[[1542]] - [[Άλβαρο ντε Μεντάνια]], Ισπανός εξερευνητής\n*[[1685]] - [[Κάρολος ΣΤ΄ της Αγίας Ρωμαϊκής Αυτοκρατορίας|Κάρολος ΣΤ']], αυτοκράτορας της Αγίας Ρωμαϊκής Αυτοκρατορίας\n*[[1846]] - [[Άγιος Νεκτάριος Αιγίνης]]\n*[[1893]] - [[Μαριάνε Μπραντ]], Γερμανίδα καλλιτέχνις\n*[[1895]] - [[Λιακάτ Αλή Χαν]], Πακιστανός πολιτικός\n*[[1903]] - [[Τζορτζ Κουλούρις]], Άγγλος ηθοποιός\n*[[1903]] - [[Βλαντίμιρ Χόροβιτς]], Ουκρανός πιανίστας\n*[[1915]] - [[Τζερόμ Μπρούνερ]], Αμερικανός ψυχολόγος\n*[[1917]] - [[Μαρία Φωκά]], Ελληνίδα ηθοποιός\n*[[1920]] - [[Γουόλτερ Ματάου]], Αμερικανός ηθοποιός\n*[[1922]] - [[Τσεν Νινγκ Γιανγκ]], Κινέζος φυσικός\n*[[1924]] - [[Τζίμι Κάρτερ]], 39ος πρόεδρος των Η.Π.Α.\n*[[1930]] - [[Φιλίπ Νουαρέ]], Γάλλος ηθοποιός\n*[[1935]] - [[Τζούλι Άντριους]], Αγγλίδα ηθοποιός και τραγουδίστρια\n*[[1936]] - [[Ντάνκαν Έντουαρντς]], Άγγλος ποδοσφαιριστής\n*[[1942]] - [[Γκύντερ Βάλραφ]], Γερμανός συγγραφέας και δημοσιογράφος\n*[[1943]] - [[Ζαν-Ζακ Ανό]], Γάλλος σκηνοθέτης\n*[[1945]] - [[Χάρις Σιλάιτζιτς]], Βόσνιος πολιτικός\n*[[1946]] - [[Έβα Κλομπουκόφσκα]], Πολωνέζα αθλήτρια\n*[[1947]] - [[Μαρίσκα Βέρες]], Ολλανδή τραγουδίστρια (Shocking Blue)\n*[[1949]] - [[Νεμπόισα Ραντμάνοβιτς]], Βόσνιος πολιτικός\n*[[1950]] - [[Ελπίδα (τραγουδίστρια)|Ελπίδα]], Ελληνίδα τραγουδίστρια\n*[[1956]] - [[Άντρους Άνσιπ]], Εσθονός πολιτικός\n*[[1956]] - [[Τερέζα Μέι]], Αγγλίδα πολιτικός\n*[[1956]] - [[Μπάμπης Χολίδης]], Έλληνας παλαιστής\n*[[1957]] - [[Στέλιος Μάινας]], Έλληνας ηθοποιός\n*[[1959]] - [[Γιουσού Ν’ Ντουρ]], Σενεγαλέζος τραγουδιστής, ηθοποιός και πολιτικός\n*[[1964]] - [[Στάμος Σέμσης]], Έλληνας συνθέτης\n*[[1966]] - [[Τζορτζ Γουεά]], Λιβεριανός ποδοσφαιριστής και πολιτικός\n*[[1969]] - [[Ζακ Γαλιφιανάκης]], Αμερικανός ηθοποιός\n*[[1969]] - [[Μάρκους Στίβεν]], πρόεδρος του Ναουρού\n*[[1974]] - [[Μαρία Σολωμού]], Ελληνίδα ηθοποιός \n*[[1974]] - [[Χρήστος Σπανός]], Έλληνας ηθοποιός\n*[[1976]] - [[Θοδωρής Χατζηθεοδώρου]], Έλληνας υδατοσφαιριστής\n*[[1979]] - [[Τζο Χένιγκ]], Αμερικανός παλαιστής\n*[[1983]] - [[Μοχάμεντ Αμπντελγουαχάμπ]], Αιγύπτιος ποδοσφαιριστής\n*[[1984]] - [[Νάντια Μπουλέ]], Ελληνίδα ηθοποιός & παρουσιάστρια\n*[[1985]] - [[Ρεβάζ Ζιντιρίδης]], Έλληνας αθλητής του τζούντο\n*[[1986]] - [[Ρικάρντο Βαζ Τε]], Πορτογάλος ποδοσφαιριστής\n*[[1989]] - [[Μπρι Λάρσον]], Αμερικανίδα ηθοποιός\n\n== Θάνατοι ==\n*[[959]] - [[Έντουι της Αγγλίας|Έντουι]], βασιλιάς της Αγγλίας\n*[[1040]] - [[Αλαίν Γ΄ της Βρετάνης|Αλαίν Γ']], δούκας της Βρετάνης\n*[[1189]] - [[Ζεράρ ντε Ριντφόρ]], μέγας μάγιστρος των Ιπποτών του Ναού\n*[[1404]] - [[Πάπας Βονιφάτιος Θ΄]]\n*[[1499]] - [[Μαρσίλιο Φιτσίνο]], Ιταλός φιλόσοφος\n*[[1532]] - [[Γιαν Γκόσσαερτ]], Φλαμανδός ζωγράφος\n*[[1574]] - [[Μάαρτεν φαν Χέιμσκερκ]], Ολλανδός ζωγράφος\n*[[1578]] - [[Δον Χουάν της Αυστρίας|Δον Χουάν]], Αυστριακός στρατιωτικός\n*[[1580]] - [[Ιωάννης Β΄ του Σλέσβιχ-Χόλσταϊν-Χάντερσλεβ|Ιωάννης Β΄]], δούκας του Σλέσβιχ-Χόλσταϊν-Χάντερσλεβ\n*[[1585]] - [[Άννα της Δανίας, Εκλέκτορας της Σαξονίας|Άννα της Σαξονίας]], Εκλέκτορας της Σαξονίας, ιατρός, φαρμακοποιός, αλχημίστρια\n*[[1636]] - [[Αύγουστος του Μπράουνσβαϊγκ|Αύγουστος]], δούκας του Μπράουνσβαϊγκ\n*[[1684]] - [[Πιερ Κορνέιγ]], Γάλλος συγγραφέας\n*[[1708]] - [[Τζον Μπλόου]], Άγγλος συνθέτης και οργανίστας\n*[[1826]] - [[Γιάννης Γκούρας]], Έλληνας οπλαρχηγός\n*[[1911]] - [[Βίλχελμ Ντίλταϋ]], Γερμανός φιλόσοφος\n*[[1929]] - [[Αντουάν Μπουρντέλ]], Γάλλος γλύπτης και ζωγράφος\n*[[1973]] - [[Μοχαμάντ Χασίμ Μαϊβαντβάλ]], Αφγανός πολιτικός\n*[[1974]] - [[Σπυρίδων Μαρινάτος]], Έλληνας αρχαιολόγος\n*[[1992]] - [[Ιωάννης Δεσποτόπουλος]], Έλληνας αρχιτέκτονας\n*[[1992]] - [[Πέτρα Κέλλυ]], Γερμανίδα πολιτικός\n*[[1994]] - [[Αντώνης Μπριλλάκης]], Έλληνας πολιτικός\n*[[2003]] - [[Κώστας Γραμματόπουλος]], Έλληνας ζωγράφος και χαράκτης\n*[[2004]] - [[Ελένη Χατζηαργύρη]], Ελληνίδα ηθοποιός\n*[[2006]] - [[Αντρέ Βιζέρ]], Καναδός αθλητής\n*[[2006]] - [[Νίκος Καζής]], Έλληνας ηθοποιός\n*[[2007]] - [[Αλ Έρτερ]], Αμερικανός δισκοβόλος\n*[[2010]] - [[Ωντουέν Ντολφύς]], Γάλλος αστρονόμος\n*[[2010]] - [[Φίλιπς Τάλμποτ]], Αμερικανός διπλωμάτης\n*[[2012]] - [[Έρικ Χομπσμπάουμ]], Βρετανός ιστορικός και συγγραφέας\n*[[2013]] - [[Τομ Κλάνσυ]], Αμερικανός συγγραφέας\n*[[2018]] - [[Αντώνης Κοντογεωργίου]], Έλληνας διευθυντής χορωδίας\n\n\n== Αργίες και εορτές ==\n* Ημέρα ανεξαρτησίας της [[Κυπριακή Δημοκρατία|Κυπριακής Δημοκρατίας]]\n* Παγκόσμια Ημέρα για την Τρίτη Ηλικία\n* Παγκόσμια Ημέρα του Καφέ\n=== [[Ορθόδοξη Εκκλησία]] ===\n{{Πύλη:Ορθοδοξία/Εορτολόγιο/1 Οκτωβρίου}}\n\n{{Μήνες}}\n\n[[Κατηγορία:Ημέρες του έτους]]"}}}]}]}}