{"batchcomplete":true,"query":{"normalized":[{"fromencoded":false,"from":"1_Απριλίου","to":"1 Απριλίου"}],"pages":[{"pageid":1553,"ns":0,"title":"1 Απριλίου","revisions":[{"slots":{"main":{"contentmodel":"wikitext","contentformat":"text/x-wiki","content":"{{χωρίς παραπομπές|8|01|2022}}\n\n{{Μήνες Απριλίου}}\n\n<center>[[31 Μαρτίου]] | '''1 Απριλίου''' | [[2 Απριλίου]] </center>\n\n----\nΗ '''1η Απριλίου''' είναι η 91η ημέρα του έτους κατά το [[Γρηγοριανό ημερολόγιο]] (92η σε δίσεκτα έτη). Υπολείπονται 274 ημέρες.\n\n\n{|width=100%\n| __TOC__\n| {{ΗμερολόγιοΣεΠίνακα|4}}\n|}\n\n== Γεγονότα ==\n*[[286]] – Ο [[Ρωμαϊκή Αυτοκρατορία|Ρωμαίος αυτοκράτορας]] [[Διοκλητιανός]] ανακηρύσσει τον [[Μαξιμιανός|Μαξιμιανό]] συναυτοκράτορα με το βαθμό του [[Αύγουστος (τίτλος)|Αυγούστου]] και του δίνει τον έλεγχο των δυτικών επαρχιών της Ρωμαϊκής Αυτοκρατορίας.\n*[[457]] – Ο [[Μαϊοριανός]] ανακηρύσσεται αυτοκράτορας της [[Δυτική Ρωμαϊκή Αυτοκρατορία|Δυτικής Ρωμαϊκής Αυτοκρατορίας]] από το ρωμαϊκό στρατό.\n*[[527]] - Ο [[Κατάλογος Βυζαντινών αυτοκρατόρων|Βυζαντινός αυτοκράτορας]] [[Ιουστίνος Α΄]] ονομάζει τον ανιψιό του, [[Ιουστινιανός Α´|Ιουστινιανό Α΄]], συναυτοκράτορα και διάδοχο του θρόνου.\n*[[1545]] - Ιδρύεται το [[Ποτοσί]] στη [[Βολιβία]], μετά την ανακάλυψη μεγάλων κοιτασμάτων αργύρου στην περιοχή. \n*[[1625]] - Ένας συνδυασμένος στόλος 52 [[Ισπανία|ισπανικών]] και [[Πορτογαλική Αποικιακή Αυτοκρατορία|πορτογαλικών]] πλοίων αρχίζει την ανακατάληψη της [[Μπαΐα (πολιτεία)|Μπαΐα]] από τους [[Ολλανδία|Ολλανδούς]].\n*[[1789]] - Στη [[Νέα Υόρκη]], η [[Βουλή των Αντιπροσώπων (ΗΠΑ)]] συνέρχεται για πρώτη φορά σε απαρτία.\n*[[1867]] – Η [[Σιγκαπούρη]] γίνεται [[Μεγάλη Βρετανία|βρετανική]] αποικία του στέμματος.\n*[[1908]] - Σχηματίζεται η Εδαφική Δύναμη (που το [[1920]] μετονομάστηκε σε [[Εφεδρικός Στρατός (Ηνωμένο Βασίλειο)|Εφεδρικός Στρατός]]) ως εθελοντική εφεδρική δύναμη του [[Μεγάλη Βρετανία|βρετανικού]] στρατού.\n*[[1914]] – Ο [[Εμμανουήλ Μπενάκης]] γίνεται [[Κατάλογος δημάρχων Αθηναίων|δήμαρχος Αθηναίων]].\n*[[1918]] – Ιδρύεται η [[Βασιλική Πολεμική Αεροπορία (Βρετανία)]].\n*[[1924]] – Ο [[Αδόλφος Χίτλερ]] καταδικάζεται σε πέντε χρόνια φυλάκιση για τη συμμετοχή του στο «[[Πραξικόπημα της μπιραρίας]]», αλλά θα εκτίσει μόνο εννέα μήνες στη φυλακή. Κατά τη διάρκεια αυτής της περιόδου γράφει το βιβλίο ''[[Ο Αγών μου]]''.\n*[[1933]] - Οι πρόσφατα εκλεγμένοι [[Ναζισμός|Ναζί]] διοργανώνουν υπό τον [[Γιούλιους Στράιχερ]] ένα μονοήμερο μποϊκοτάζ όλων των [[Εβραίοι|εβραϊκών]] επιχειρήσεων της [[Ναζιστική Γερμανία|Γερμανίας]], εγκαινιάζοντας μία σειρά [[Αντισημιτισμός|αντισημιτικών]] πράξεων. \n*[[1936]] - Η [[Ορίσα]] γίνεται πολιτεία της [[Ινδία]]ς.\n*[[1937]] - [[Ισπανικός Εμφύλιος]]: Η [[Χαέν]] στην [[Ισπανία]] βομβαρδίζεται από [[Ναζιστική Γερμανία|γερμανικές]] φασιστικές δυνάμεις που υποστηρίζουν τους εθνικιστές του [[Φρανθίσκο Φράνκο]]. \n* [[1948]] – Οι [[Νήσοι Φερόες]] αποκτούν την αυτονομία τους από τη [[Δανία]].\n* [[1955]] – Η οργάνωση [[ΕΟΚΑ]] ξεκινά ένοπλο αγώνα για ανεξαρτησία της [[Κύπρος|Κύπρου]] από το [[Ηνωμένο Βασίλειο]] και ένωση με την Ελλάδα.\n*[[1960]] - Ο δορυφόρος TIROS-1 μεταδίδει την πρώτη τηλεοπτική εικόνα από το διάστημα.\n*[[1969]] - Συνωστισμός αρχηγών κρατών και πολιτικών ηγετών από όλο τον κόσμο στην [[Ουάσινγκτον]] για την κηδεία του [[Ντουάιτ Αϊζενχάουερ]].\n* [[1976]] – Ιδρύεται η εταιρεία πληροφορικής [[Apple]].\n* [[1979]] – Εγκαθιδρύεται το θεοκρατικό κράτος του [[Ιράν]], μετά την ιρανική επανάσταση υπό τον [[Αγιατολάχ Χομεϊνί]].\n* [[2001]] – Ο πρώην πρόεδρος της [[Γιουγκοσλαβία|Ομοσπονδιακής Δημοκρατίας της Γιουγκοσλαβίας]] [[Σλόμπονταν Μιλόσεβιτς]] παραδίνεται στις ειδικές δυνάμεις, για να δικαστεί ως εγκληματίας πολέμου.\n\n== Γεννήσεις ==\n*[[1282]] – [[Λουδοβίκος Δ΄ της Βαυαρίας]], αυτοκράτορας της Αγίας Ρωμαϊκής Αυτοκρατορίας\n*[[1347]] - [[Ίνγκεμποργκ της Δανίας, δούκισσα του Μεκλεμβούργου]]\n*[[1753]] - [[Ζοσέφ Ντε Μεστρ]], Γάλλος φιλόσοφος\n*[[1776]] – [[Σοφί Ζερμαίν]], Γαλλίδα μαθηματικός\n*[[1809]] – [[Νικολάι Γκόγκολ]], Ρώσος συγγραφέας\n*[[1815]] – [[Όττο φον Μπίσμαρκ]], Γερμανός πολιτικός\n*[[1868]] - [[Εντμόν Ροστάν]], Γάλλος συγγραφέας\n*[[1873]] – [[Σεργκέι Ραχμάνινοφ]], Ρώσος συνθέτης και πιανίστας\n*[[1883]] – [[Λον Τσάνεϊ]], Αμερικανός ηθοποιός\n*[[1885]] - [[Γουάλας Μπίρι]], Αμερικανός ηθοποιός\n*[[1894]] - [[Ρουκιγιέ Σαμπιχά Σουλτάν]], Οθωμανή πριγκίπισσα\n*[[1902]] – [[Μαρία Πολυδούρη]], Ελληνίδα ποιήτρια\n*[[1908]] - [[Αβραάμ Μάσλοου]], Αμερικανός ψυχολόγος\n*[[1913]] – [[Μέμος Μακρής]], Έλληνας γλύπτης\n*[[1918]] - [[Γιαν Καντάρ]], Σλοβάκος σκηνοθέτης\n*[[1918]] - [[Δημήτριος Ομπολένσκυ]], Ρώσος ιστορικός\n*[[1920]] – [[Τοσίρο Μιφούνε]], Ιάπωνας ηθοποιός\n*[[1927]] – [[Φέρεντς Πούσκας]], Ούγγρος ποδοσφαιριστής\n*[[1929]] – [[Μίλαν Κούντερα]], Τσέχος συγγραφέας\n*[[1934]] - [[Πασκάλ Ρακοτομάβο]], πρωθυπουργός της Μαδαγασκάρης\n*[[1937]] – [[Γιλμάζ Γκιουνέι]], Τούρκος ηθοποιός και σκηνοθέτης\n*[[1946]] – [[Νικήτας Κακλαμάνης]], Έλληνας πολιτικός\n*[[1947]] - [[Χριστίνα Σπυράκη]], Ελληνίδα ιατρός και πολιτικός\n*[[1949]] - [[Τζιλ Σκοτ-Χίρον]], Αμερικανός μουσικός\n*[[1963]] - [[Γιάννης Σαββιδάκης]], Έλληνας τραγουδιστής\n*[[1976]] - [[Κλάρενς Ζέεντορφ]], Ολλανδός ποδοσφαιριστής\n*[[1976]] - [[Ντέιβιντ Ογιελόβο]], Άγγλος ηθοποιός\n*[[1978]] – [[Αντόνιο ντε Νίγκρις]], Μεξικανός ποδοσφαιριστής\n*[[1980]] – [[Ράντυ Όρτον]], Αμερικανός παλαιστής\n*[[1981]] - [[Αντώνης Φώτσης]], Έλληνας καλαθοσφαιριστής\n*[[1982]] - [[Αντρέας Τόρκιλντσεν]], Νορβηγός ακοντιστής\n*[[1983]] - [[Σεργκέι Λάζαρεφ]], Ρώσος τραγουδιστής\n*[[1986]] – [[Νίκος Κουρτίδης]], Έλληνας αρσιβαρίστας\n\n== Θάνατοι ==\n*[[305]] - [[Πάπας Μαρκελλίνος]]\n*[[996]] - [[Πάπας Ιωάννης ΙΕ΄]]\n*[[1046]] - [[Γοδεφρείδος του Γκατινέ|Γοδεφρείδος]], κόμης του Γκατινέ\n*[[1205]] – [[Αμωρί Β΄ της Ιερουσαλήμ|Αμωρί Β΄]], βασιλιάς της Ιερουσαλήμ\n*[[1412]] - [[Αλβέρτος, βασιλιάς της Σουηδίας]]\n*[[1441]] - [[Λευκή Α΄ της Ναβάρρας|Λευκή Α΄]], βασίλισσα της Ναβάρρας\n*[[1547]] - [[Μαρία του Λουξεμβούργου, κόμισσα του Βαντόμ]], Γαλλίδα ευγενής\n*[[1548]] - [[Σιγισμούνδος Α΄ της Πολωνίας|Σιγισμούνδος Α΄]], βασιλιάς της Πολωνίας\n*[[1709]] - [[Ερρίκος Γ΄ του Κοντέ|Ερρίκος Γ΄]], πρίγκιπας του Κοντέ\n*[[1865]] - [[Αντώνιος Κριεζής]], Έλληνας πολιτικός και αγωνιστής\n*[[1865]] – [[Τζουντίτα Πάστα]], Ιταλίδα υψίφωνος\n*[[1890]] - [[Αλεξάντερ Μοζαΐσκι]], Ρώσος ναύαρχος\n*[[1901]] - [[Φρανσουά - Μαρί Ραούλ]], Γάλλος χημικός\n*[[1918]] - [[Πάβελ φον Ρένενκαμπφ]], Ρώσος στρατιωτικός\n*[[1920]] - [[Ευμένιος Ξηρουδάκης]], μητροπολίτης Κρήτης\n*[[1922]] – [[Κάρολος Α΄ της Αυστρίας|Κάρολος Α΄]], αυτοκράτορας της Αυστροουγγαρίας\n*[[1941]] - [[Ιππόλυτος Ντηλέαι]], Βέλγος αγιολόγος\n*[[1947]] – [[Γεώργιος Β΄ της Ελλάδας|Γεώργιος Β΄]], βασιλιάς της Ελλάδας\n*[[1952]] - [[Φέρεντς Μολνάρ]], Ούγγρος συγγραφέας\n*[[1968]] – [[Λεβ Λαντάου]], Ρώσος φυσικός\n*[[1972]] - [[Θανάσης Απάρτης]], Έλληνας γλύπτης\n*[[1976]] – [[Μαξ Ερνστ]], Γερμανός καλλιτέχνης\n*[[1984]] - [[Μάρβιν Γκέι]], Αμερικανός τραγουδιστής\n*[[1987]] - [[Δημήτρης Ιωαννόπουλος]], Έλληνας θεατρικός συγγραφέας, σκηνοθέτης και σεναριογράφος\n*[[1988]] - [[Δημήτρης Μαλαβέτας]], Έλληνας ηθοποιός \n*[[1993]] - [[Χουάν, Κόμης της Βαρκελώνης]]\n*[[1996]] - [[Νίκος Τζόγιας]], Έλληνας ηθοποιός\n*[[2002]] – [[Σίμο Χέιχε]], Φινλανδός σκοπευτής\n*[[2004]] – [[Γιάννης Κυράστας]], Έλληνας ποδοσφαιριστής και προπονητής\n*[[2006]] – [[Μαρίκα Μπότση]], Ελληνίδα πολιτικός\n*[[2010]] – [[Τζαννής Τζαννετάκης]], Έλληνας πολιτικός\n*[[2013]] - [[Κάρεν Μούιρ]], Νοτιοαφρικανή κολυμβήτρια\n*[[2014]] - [[Ζακ Λε Γκοφ]], Γάλλος ιστορικός και συγγραφέας\n*[[2015]] - [[Μιζάο Οκάουα]], Γιαπωνέζα υπεραιωνόβια\n*[[2017]] - [[Γεβγκένι Γεφτουσένκο]], Ρώσος συγγραφέας\n\n== Αργίες και εορτές ==\n* Επέτειος Έναρξης του αγώνα της [[ΕΟΚΑ]] (1955 - 1959)\n* [[Πρωταπριλιά]]\n\n=== Ορθόδοξο εορτολόγιο ===\n{{Πύλη:Ορθοδοξία/Εορτολόγιο/1 Απριλίου}}\n\n== Εξωτερικοί σύνδεσμοι ==\n* {{commonscat2}}\n\n\n{{Μήνες}}\n\n[[Κατηγορία:Ημέρες του έτους]]"}}}]}]}}