{"batchcomplete":true,"query":{"normalized":[{"fromencoded":false,"from":"1_Αυγούστου","to":"1 Αυγούστου"}],"pages":[{"pageid":7933,"ns":0,"title":"1 Αυγούστου","revisions":[{"slots":{"main":{"contentmodel":"wikitext","contentformat":"text/x-wiki","content":"{{Μήνες Αυγούστου}}\n\n<center>[[31 Ιουλίου]] | '''1 Αυγούστου''' | [[2 Αυγούστου]]</center>\n\n----\n\nΗ '''1η Αυγούστου''' είναι η 213η ημέρα του έτους κατά το [[Γρηγοριανό ημερολόγιο]] (214η σε δίσεκτα έτη) και Παγκόσμια Ημέρα [[Προσκοπισμός|Προσκοπικού Μαντηλιού]]. Υπολείπονται 152 ημέρες.\n\n{|width=100%\n| __TOC__\n| {{ΗμερολόγιοΣεΠίνακα|8}}\n|}\n\n== Γεγονότα ==\n*[[30 π.Χ.]] – Ο [[Οκταβιανός Αύγουστος|Οκταβιανός]] (αργότερα γνωστός ως Αύγουστος) εισέρχεται στην [[Αρχαία Αλεξάνδρεια|Αλεξάνδρεια]] της [[Αίγυπτος|Αιγύπτου]], θέτοντάς την υπό τον έλεγχο της [[Ρωμαϊκή Δημοκρατία|Ρωμαϊκής Δημοκρατίας]].\n*[[527]] – Ο [[Ιουστινιανός Α´]] γίνεται [[Κατάλογος Βυζαντινών αυτοκρατόρων|αυτοκράτορας της Βυζαντινής αυτοκρατορίας]].\n*[[902]] – Το [[Ταορμίνα|Ταυρομένιο]], το τελευταίο [[Βυζαντινή Αυτοκρατορία|βυζαντινό]] οχυρό στη [[Σικελία]], καταλαμβάνεται από το στρατό των [[Αγλαβίδες|Αγλαβίδων]], ολοκληρώνοντας τη μουσουλμανική κατάκτηση της Σικελίας.\n*[[1203]] – Ο αποκατεστημένος [[Κατάλογος Βυζαντινών αυτοκρατόρων|Βυζαντινός αυτοκράτορας]] [[Ισαάκιος Β΄ Άγγελος]] ανακηρύσσει το γιο του, [[Αλέξιος Δ΄ Άγγελος|Αλέξιο Δ΄ Άγγελο]], συναυτοκράτορα μετά από πιέσεις των δυνάμεων της [[Δ΄ Σταυροφορία|Δ΄ Σταυροφορίας]].\n*[[1498]] – Ο [[Χριστόφορος Κολόμβος]] γίνεται ο πρώτος [[Ευρώπη|Ευρωπαίος]] που επισκέπτεται τη χώρα που σήμερα ονομάζεται [[Βενεζουέλα]].\n*[[1571]] – Ολοκληρώνεται η [[Οθωμανική εισβολή στην Κύπρο|κατάκτηση της Κύπρου από τους Οθωμανούς]], με την παράδοση της [[Αμμόχωστος|Αμμοχώστου]].\n*[[1664]] - Ο [[Μοναρχία των Αψβούργων|αυστριακός]] στρατός με επικεφαλής τον [[Ραϊμόντο Μοντεκκούκολι]] νικά τις [[Οθωμανική Αυτοκρατορία|οθωμανικές]] δυνάμεις στη μάχη του Αγίου Γοτθάρδου. \n*[[1714]] – Ο Γεώργιος, εκλέκτορας του [[Αννόβερο]]υ, γίνεται [[Κατάλογος μοναρχών της Βρετανίας|βασιλιάς της Μεγάλης Βρετανίας]] ως [[Γεώργιος Α΄ της Μεγάλης Βρετανίας|Γεώργιος Α΄]], σηματοδοτώντας την έναρξη της [[Γεωργιανή εποχή|Γεωργιανής εποχής]] της [[Μεγάλη Βρετανία|βρετανικής ιστορίας]]. \n*[[1774]] - Ο [[Αγγλία|Άγγλος]] επιστήμονας, θεολόγος και φιλόσοφος [[Τζόζεφ Πρίστλυ]] ανακαλύπτει το αέριο [[οξυγόνο]], επιβεβαιώνοντας την προηγούμενη ανακάλυψη του στοιχείου αυτού από τον [[Σουηδία|Σουηδό]] χημικό Καρλ Βίλχελμ Σέελε.  \n*[[1798]] – [[Πόλεμοι της Γαλλικής Επανάστασης]]: [[Ναυμαχία του Νείλου]] (ναυμαχία του [[Κόλπος του Αμπουκίρ|κόλπου Αμπουκίρ]]). Η ναυμαχία αρχίζει όταν ο [[Βασιλικό Ναυτικό|βρετανικός]] στόλος συμπλέκεται με τον [[Εθνικό Ναυτικό (Γαλλία)|γαλλικό]] επαναστατικό στόλο σε μία ασυνήθιστη νυχτερική δράση.\n*[[1800]] – Ψηφίζεται η Πράξη της Ένωσης του 1800, με την οποία το [[Βασίλειο της Μεγάλης Βρετανίας]] και το [[Βασίλειο της Ιρλανδίας]] συγχωνεύονται στο [[Ηνωμένο Βασίλειο της Μεγάλης Βρετανίας και της Ιρλανδίας]]. \n*[[1834]] – Καταργείται η [[δουλεία]] στη [[Βρετανική Αυτοκρατορία]] καθώς τίθεται σε ισχύ η [[Πράξη κατάργησης της δουλείας του 1833]]. \n*[[1855]] - Πραγματοποιείται η πρώτη ανάβαση στο [[Μόντε Ρόζα]], τη δεύτερη ψηλότερη κορυφή των [[Άλπεις|Άλπεων]].\n*[[1876]] - Το [[Κολοράντο]] γίνεται η 38η [[Πολιτείες των ΗΠΑ|Πολιτεία των Η.Π.Α.]]\n*[[1894]] - Ξεσπάει ο [[Α΄ Σινοϊαπωνικός Πόλεμος]] μεταξύ της [[Ιαπωνία]]ς και της [[Δυναστεία Τσινγκ|Κίνας]] για την Κορέα. \n*[[1907]] – Έναρξη του πρώτου [[Κατασκηνωτικό κέντρο νησιού Μπράουνσι|Κατασκηνωτικού κέντρου στο νησί Μπράουνσι]], γεγονός που αποτελεί την απαρχή του παγκόσμιου κινήματος του [[Προσκοπισμός|Προσκοπισμού]]. \n*[[1914]] – Η [[Γερμανία|Γερμανική Αυτοκρατορία]] κυρύσσει τον πόλεμο στη [[Ρωσική Αυτοκρατορία]] κατά την έναρξη του [[Α΄ Παγκόσμιος Πόλεμος|Α΄ Παγκοσμίου Πολέμου]].\n*[[1944]] – [[Β΄ Παγκόσμιος Πόλεμος]]: ξεσπά η [[Εξέγερση της Βαρσοβίας]] κατά της [[Ναζισμός|ναζιστικής κατοχής]], στη [[Βαρσοβία]] της [[Πολωνία]]ς.\n*[[1960]] – Η [[Δαχομέη]] (σημερινό [[Μπενίν]]) ανακηρύσσει την ανεξαρτησία της από τη [[Γαλλία]].\n*[[1960]] – Το [[Ισλαμαμπάντ]] ανακηρύσσεται ομοσπονδιακή πρωτεύουσα της κυβέρνησης του [[Πακιστάν]].\n* [[1964]] – Το Βελγικό Κογκό μετονομάζεται σε [[Λαϊκή Δημοκρατία του Κονγκό]].\n*[[1966]] - Ο Τσαρλς Γουίτμαν σκοτώνει τη σύζυγό του και τη μητέρα του και στη συνέχεια άλλα 14 άτομα στο πανεπιστήμιο του Τέξας στο [[Ώστιν (Τέξας)|Ώστιν]], πριν σκοτωθεί από την αστυνομία.\n* [[1968]] – Στέψη του [[Χασανάλ Μπολκιάχ]], 29ου Σουλτάνου του [[Μπρουνέι]]. \n* [[1974]] – [[Κυπριακό]]: Το [[Συμβούλιο Ασφαλείας του ΟΗΕ]] εγκρίνει την εγκατάσταση ΟΥΝΦΙΚΥΠ για να δημιουργήσει «Πράσινη Γραμμή», διαιρώντας την Κύπρο σε δύο ζώνες.\n* [[1981]] – Το [[MTV]] βγαίνει στον αέρα. Το πρώτο βίντεο κλιπ που μεταδίδει είναι το «Video killed the radio star» του συγκροτήματος ''[[Bungles]]''.\n* [[1993]] – [[ΗΠΑ]]: Μεγάλη πλημμύρα λόγω υπερχείλισης των ποταμών Μισισιπή και Μιζούρι.\n* [[2004]] – [[Παραγουάη]]: Σε πυρκαγιά σε σούπερ μάρκετ στην [[Ασουνσιόν]] χάνουν τη ζωή τους 396 άτομα και τραυματίζονται περίπου 500.\n* [[2007]] – [[ΗΠΑ]]: Γέφυρα του ποταμού Μισισιπή στη [[Μινεάπολις|Μινεάπολη]] της [[Μινεσότα]] καταρρέει το βράδυ σε ώρα αιχμής.\n* 2020 - Ελλάδα: Εγκαίνια του πρώτου υποβρύχιου μουσείου της χώρας στο ναυάγιο της Περιστέρας.\n\n== Γεννήσεις ==\n*[[10 π.Χ.]] – [[Κλαύδιος]], Ρωμαίος αυτοκράτορας\n*[[126]] – [[Πέρτιναξ]], Ρωμαίος αυτοκράτορας\n*[[1495]] - [[Γιαν φαν Σκόρελ]], Ολλανδός ζωγράφος\n*[[1520]] - [[Σιγισμούνδος Β΄ Αύγουστος της Πολωνίας|Σιγισμούνδος Β΄ Αύγουστος]], βασιλιάς της Πολωνίας\n*[[1555]] – [[Έντουαρντ Κέλλυ]], Άγγλος πνευματιστής\n*[[1744]] – [[Ζαν Μπατίστ Λαμάρκ]], Γάλλος επιστήμονας\n*[[1819]] – [[Χέρμαν Μέλβιλ]], Αμερικανός συγγραφέας\n*[[1878]] - [[Κωνσταντίνος Λογοθετόπουλος]], Έλληνας πολιτικός\n*[[1893]] – [[Αλέξανδρος Α΄ των Ελλήνων|Αλέξανδρος Α΄]], βασιλιάς της Ελλάδας\n*[[1904]] - [[Μιχάλης Σουγιούλ]], Έλληνας συνθέτης\n*[[1924]] - [[Αμπντουλάχ της Σαουδικής Αραβίας|Αμπντουλάχ]], βασιλιάς της Σαουδικής Αραβίας\n*[[1929]] - [[Χαφιζουλάχ Αμίν]], Πρόεδρος του Αφγανιστάν\n*[[1930]] – [[Πιερ Μπουρντιέ]], Γάλλος κοινωνιολόγος\n*[[1931]] - [[Τριαντάφυλλος Σιαπέρας]], Έλληνας σκακιστής\n*[[1933]] - [[Αντόνιο Νέγκρι]], Ιταλός πολιτικός\n*[[1933]] - [[Κο Ουν]], Κορεάτης ποιητής\n*[[1936]] - [[Κλαούντιο Μπαγκίνι]], Ιταλός επίσκοπος\n*[[1945]] - [[Γιώργος Ανωμερίτης]], Έλληνας πολιτικός\n*[[1946]] – [[Μποζ Μπάρελ]], Άγγλος κιθαρίστας ([[King Crimson]] και [[Bad Company]])\n*[[1948]] - [[Αμπντελμαλέκ Σελάλ]], Αλγερινός πολιτικός\n*[[1949]] – [[Κουρμανμπέκ Μπακίγιεφ]], πρόεδρος της Κιργιζίας\n*[[1951]] – [[Τόμι Μπόλιν]], Αμερικανός κιθαρίστας ([[Deep Purple]])\n*[[1952]] – [[Ζόραν Τζίντζιτς]], Σέρβος πολιτικός\n*[[1954]] – [[Τρέβορ Μπέρμπικ]], Τζαμαϊκανός πυγμάχος\n*[[1963]] – [[Coolio]], Αμερικανός ράπερ\n*[[1963]] – [[Ντεμιάν Μπιτσίρ]], Μεξικανός ηθοποιός\n*[[1965]] - [[Σαμ Μέντες]], Άγγλος σκηνοθέτης\n*[[1972]] – [[Ντίβον Χιουτζ]], Αμερικανός παλαιστής\n*[[1973]] - [[Εντούρνε Πασαμπάν]], Ισπανίδα ορειβάτης\n*[[1976]] - [[Ιβάν Ντούκε]], Κολομβιανός πολιτικός\n*[[1976]] - [[Αλέξης Φαλέκας]], Έλληνας καλαθοσφαιριστής\n*[[1977]] – [[Γιόσι Τάτσου]], Ιάπωνας παλαιστής και πυγμάχος\n*[[1984]] – [[Μπάστιαν Σβαϊνστάιγκερ]], Γερμανός ποδοσφαιριστής\n*[[1987]] - [[Stan (τραγουδιστής)|Stan]], Έλληνας τραγουδιστής\n\n== Θάνατοι ==\n*[[30 π.Χ.]] – [[Μάρκος Αντώνιος]], Ρωμαίος πολιτικός και στρατηγός\n*[[371]] – [[Ευσέβιος Βερκελλών]], Ιταλός επίσκοπος\n*[[527]] – [[Ιουστίνος Α΄]], Βυζαντινός αυτοκράτορας\n*[[1137]] – [[Λουδοβίκος ΣΤ΄ της Γαλλίας|Λουδοβίκος ΣΤ΄]], βασιλιάς της Γαλλίας\n*[[1264]] - [[Ιωάννης Α΄ του Μεκλεμβούργου|Ιωάννης Α΄]], λόρδος του Μεκλεμβούργου\n*[[1326]] - [[Οσμάν Α΄]], Οθωμανός σουλτάνος\n*[[1402]] – [[Εδμόνδος του Λάνγκλεϊ]], δούκας της Υόρκης\n*[[1457]] – [[Λορέντσο Βάλλα]], Ιταλός ανθρωπιστής\n*[[1464]] - [[Κόζιμο ο Πρεσβύτερος]], Ιταλός τραπεζίτης και πολιτικός\n*[[1546]] - [[Πιερ Φαβρ]], Γάλλος θεολόγος\n*[[1714]] – [[Άννα της Μεγάλης Βρετανίας|Άννα]], βασίλισσα της Μεγάλης Βρετανίας\n*[[1787]] – [[Αλφόνσους Λιγκουόρι]], Ιταλός επίσκοπος και φιλόσοφος\n*[[1933]] – [[Σουλεϊμάν Ντελβίνα]], Αλβανός πολιτικός\n*[[1943]] – [[Λύντια Λιτβιάκ]], Σοβιετική πιλότος\n*[[1950]] - [[Γεράσιμος Σολδάτος]], Έλληνας πολιτικός\n*[[1951]] – [[Τζον Πέιν]], Αμερικανός σκοπευτής\n*[[1959]] - [[Ζαν Μπερά]], Γάλλος οδηγός αγώνων\n*[[1967]] - [[Χρήστος Βασματζίδης]], Έλληνας πολιτικός\n*[[1973]] – [[Νίκος Ζαχαριάδης]], Έλληνας πολιτικός\n*[[1973]] – [[Βάλτερ Ούλμπριχτ]], Γερμανός πολιτικός\n*[[1980]] - [[Πατρίκ Ντεπαγιέ]], Γάλλος οδηγός αγώνων\n*[[1996]] – [[Φρίντα Μποκαρά]], Γαλλίδα τραγουδίστρια\n*[[1997]] - [[Νγκιρατκέλ Έτπιζον]], πρόεδρος του Παλάου\n*[[1997]] – [[Σβιατοσλάβ Ρίχτερ]], Ουκρανός πιανίστας\n*[[2003]] - [[Θεμιστοκλής Λούλης]], Έλληνας πολιτικός\n*[[2005]] - [[Γεώργιος Καλλίας]], Έλληνας πολιτικός\n*[[2005]] - [[Φαχντ της Σαουδικής Αραβίας|Φαχντ]], βασιλιάς της Σαουδικής Αραβίας\n*[[2006]] – [[Γιάννης Αγγούρης]], Έλληνας δημοσιογράφος\n*[[2008]] - [[Δημήτρης Ανδρέου]], Κύπριος δημοσιογράφος\n*[[2009]] – [[Κορασόν Ακίνο]], Φιλιππινέζα πολιτικός\n\n== Αργίες και εορτές ==\n=== Ορθόδοξο εορτολόγιο ===\n{{Πύλη:Ορθοδοξία/Εορτολόγιο/1 Αυγούστου}}\n\n{{Μήνες}}\n\n[[Κατηγορία:Ημέρες του έτους]]"}}}]}]}}