{"batchcomplete":true,"query":{"normalized":[{"fromencoded":false,"from":"1_Ιανουαρίου","to":"1 Ιανουαρίου"}],"pages":[{"pageid":923,"ns":0,"title":"1 Ιανουαρίου","revisions":[{"slots":{"main":{"contentmodel":"wikitext","contentformat":"text/x-wiki","content":"{{5μήνες|μ=1}}\n\n<center>[[31 Δεκεμβρίου]] | [[1 Ιανουαρίου]] | [[2 Ιανουαρίου]]</center>\n\n----\nΗ '''1η Ιανουαρίου''' είναι η 1η ημέρα του έτους κατά το [[Γρηγοριανό ημερολόγιο]]. Υπολείπονται 364 ημέρες (365 σε δίσεκτα έτη).\n\n{|width=100%\n| __TOC__\n| {{ΗμερολόγιοΣεΠίνακα|1}}\n|}\n\n== Γεγονότα ==\n*[[153 π.Χ.]] - Αρχίζει η θητεία των [[Ύπατος (Αρχαία Ρώμη)|Ρωμαίων υπάτων]].\n*[[45 π.Χ.]] – Το [[Ιουλιανό ημερολόγιο]] τίθεται σε ισχύ στη [[Ρωμαϊκή Αυτοκρατορία]], ορίζοντας την 1η Ιανουαρίου ως νέα ημερομηνία έναρξης του έτους.\n*[[42 π.Χ.]] - Η [[Ρωμαϊκή σύγκλητος]] θεοποιεί μετά θάνατον τον [[Ιούλιος Καίσαρ|Ιούλιο Καίσαρα]]. \n*[[193]] - Η [[Ρωμαϊκή σύγκλητος]] επιλέγει τον [[Πέρτιναξ]] για να διαδεχθεί τον [[Κόμμοδος|Κόμμοδο]] ως [[Ρωμαίος αυτοκράτορας]].\n*[[404]] – Ο Χριστιανός [[μοναχός]] [[Άγιος Τηλέμαχος|Τηλέμαχος]] σκοτώνεται στην προσπάθειά του να σταματήσει έναν αγώνα [[Μονομάχος|μονομάχων]] στη [[Αρχαία Ρώμη|Ρώμη]].\n*[[417]] - Η [[Γάλλα Πλακιδία]], ετεροθαλής αδελφή του αυτοκράτορα [[Φλάβιος Ονώριος|Φλάβιου Ονώριου]], παντρεύεται τον στρατηγό [[Κωνστάντιος Γ΄|Κωνστάντιο Γ΄]].\n*[[1001]] - Ο μέγας πρίγκιπας [[Στέφανος Α΄ της Ουγγαρίας]] στέφεται ως ο πρώτος βασιλιάς της [[Ουγγαρία|Ουγγαρίας]] από τον [[Πάπας Σιλβέστρος Β΄|Πάπα Σιλβέστρο Β΄]].\n*[[1068]] - Ο [[Ρωμανός Δ΄ Διογένης]] παντρεύεται την [[Ευδοκία Μακρεμβολίτισσα]] και στέφεται [[Κατάλογος Βυζαντινών αυτοκρατόρων|Βυζαντινός αυτοκράτορας]]. \n*[[1259]] – Ο [[Μιχαήλ Η´ Παλαιολόγος]] ανακηρύσσεται συναυτοκράτορας της [[Αυτοκρατορία της Νίκαιας|αυτοκρατορίας της Νίκαιας]], μαζί με τον επιτροπευόμενο ανήλικο [[Ιωάννης Δ΄ Λάσκαρης|Ιωάννη Δ΄ Λάσκαρη]].\n*[[1438]] – Ο [[Αλβέρτος Β΄ της Γερμανίας]] στέφεται βασιλιάς της [[Ουγγαρία]]ς.\n*[[1502]] - Εξερευνάται για πρώτη φορά από τους [[Πορτογαλία|Πορτογάλους]] η σημερινή τοποθεσία του [[Ρίο ντε Τζανέιρο]] στη [[Βραζιλία]].\n*[[1515]] – Ο 20χρονος [[Φραγκίσκος Α΄ της Γαλλίας|Φραγκίσκος, δούκας της Βρετάνης]], ανεβαίνει στο [[Γαλλία|γαλλικό]] θρόνο μετά το θάνατο του πατέρα του, [[Λουδοβίκος ΙΒ΄ της Γαλλίας|Λουδοβίκου ΙΒ΄]].\n*[[1527]] – [[Κροατία|Κροάτες]] ευγενείς εκλέγουν τον [[Φερδινάνδος Α΄ της Αγίας Ρωμαϊκής Αυτοκρατορίας|Φερδινάνδο Α΄ της Αυστρίας]] ως βασιλιά της Κροατίας.\n*[[1651]] – Ο [[Κάρολος Β΄ της Αγγλίας|Κάρολος Β΄]] στέφεται [[Κατάλογος μοναρχών της Σκωτίας|βασιλιάς της Σκωτίας]].\n*[[1707]] - Ο [[Ιωάννης Ε΄ της Πορτογαλίας|Ιωάννης Ε΄]] στέφεται στη [[Λισαβόνα]] βασιλιάς της [[Πορτογαλία]]ς και της [[Αλγκάρβε]].\n*[[1739]] - Ανακαλύπτεται το νησί [[Μπουβέ]] από τον [[Γαλλία|Γάλλο]] εξερευνητή Ζαν-Μπατίστ Σαρλ Μπουβέ ντε Λοζιέ.\n*[[1788]] - Η εφημερίδα ''The Daily Universal Register'' του [[Λονδίνο]]υ κυκλοφορεί το πρώτο της φύλλο υπό τη νέα ονομασία ''[[The Times]]''.\n*[[1801]] – Ολοκληρώνεται η νομοθετική ένωση του [[Βασίλειο της Μεγάλης Βρετανίας|Βασιλείου της Μεγάλης Βρετανίας]] και του [[Βασίλειο της Ιρλανδίας|Βασιλείου της Ιρλανδίας]], σχηματίζοντας το [[Ηνωμένο Βασίλειο της Μεγάλης Βρετανίας και της Ιρλανδίας]].\n*[[1801]] – Ανακαλύπτεται από τον [[Τζουζέπε Πιάτσι]] ο πλανήτης νάνος [[Δήμητρα (πλανήτης νάνος)|Δήμητρα]], το μεγαλύτερο και το πρώτο γνωστό σώμα στην [[Κύρια ζώνη αστεροειδών]].\n*[[1804]] – Τερματίζεται η [[Γαλλία|γαλλική]] κυριαρχία στην [[Αϊτή]]. Η Αϊτή γίνεται η πρώτη μαύρη δημοκρατία και η δεύτερη ανεξάρτητη χώρα στη [[Βόρεια Αμερική]] μετά τις [[Ηνωμένες Πολιτείες Αμερικής]].\n*[[1806]] - Καταργείται το [[Γαλλικό Δημοκρατικό Ημερολόγιο]].\n*[[1808]] - Απαγορεύεται η εισαγωγή [[Δουλεία|σκλάβων]] στις [[Ηνωμένες Πολιτείες Αμερικής]].\n*[[1822]] – Η [[Α΄ Εθνοσυνέλευση Επιδαύρου]] υιοθετεί το πρώτο [[Σύνταγμα της Ελλάδας]].\n*[[1860]] - Εκδίδεται το πρώτο [[Πολωνία|πολωνικό]] γραμματόσημο.\n*[[1863]] - [[Αμερικανικός Εμφύλιος Πόλεμος]]: Η [[Διακήρυξη Χειραφέτησης]] τίθεται σε ισχύ στις [[Συνομόσπονδες Πολιτείες της Αμερικής]].\n*[[1877]] - Η [[Βασίλισσα Βικτώρια]] του [[Ηνωμένο Βασίλειο|Ηνωμένου Βασιλείου]] ανακηρύσσεται αυτοκράτειρα της [[Ινδία|Ινδίας]].\n*[[1890]] - Η [[Ερυθραία]] ενοποιείται σε [[αποικία]] από την [[Ιταλία|ιταλική]] κυβέρνηση.\n*[[1898]] - Η [[Νέα Υόρκη]] προσαρτά γη από τις γειτονικές κομητείες, δημιουργώντας την πόλη της μείζονος Νέας Υόρκης.\n*[[1899]] - Τερματίζεται η [[Ισπανία|ισπανική]] κυριαρχία στην [[Κούβα]].\n*[[1901]] - Η [[Νιγηρία]] γίνεται [[Μεγάλη Βρετανία|βρετανικό]] προτεκτοράτο.\n*[[1901]] - Οι [[Μεγάλη Βρετανία|βρετανικές]] αποικίες της [[Νέα Νότια Ουαλία|Νέας Νότιας Ουαλίας]], του [[Κουίνσλαντ]], της [[Νότια Αυστραλία|Νότιας Αυστραλίας]], της [[Τασμανία|Τασμανίας]], της [[Βικτώρια (Αυστραλία)|Βικτώριας]] και της [[Δυτική Αυστραλία|Δυτικής Αυστραλίας]] συνενώνονται ως [[Αυστραλία|Κοινοπολιτεία της Αυστραλίας]].\n*[[1912]] - Ιδρύεται η [[Δημοκρατία της Κίνας (1912–49)|Δημοκρατία της Κίνας]].\n*[[1934]] - Τίθεται σε ισχύ στη [[ναζιστική Γερμανία]] ο [[Ναζιστική ευγονική|νόμος για την πρόληψη απογόνων των ασθενών με κληρονομικές ασθένειες]].\n*[[1942]] – Υπογράφεται από 26 χώρες η [[Διακήρυξη των Ηνωμένων Εθνών]].\n*[[1947]] - [[Ψυχρός Πόλεμος]]: Οι [[Ηνωμένες Πολιτείες Αμερικής|αμερικανικές]] και [[Μεγάλη Βρετανία|βρετανικές]] ζώνες κατοχής στη [[Γερμανία]], μετά τον [[Β΄ Παγκόσμιος Πόλεμος|Β΄ Παγκόσμιο Πόλεμο]], συγχωνεύονται σε μία ενιαία διοικητική ενότητα, η οποία αργότερα (με τη [[Γαλλία|γαλλική]] ζώνη) έγινε μέρος της [[Δυτική Γερμανία|Δυτικής Γερμανίας]].\n*[[1947]] - Τίθεται σε ισχύ στον [[Καναδάς|Καναδά]] ο νόμος που μετατρέπει τους [[Μεγάλη Βρετανία|Βρετανούς]] υπηκόους σε Καναδούς πολίτες.   \n*[[1956]] – Το [[Σουδάν]] αποκτά την ανεξαρτησία του από την [[Αίγυπτος|Αίγυπτο]] και το [[Ηνωμένο Βασίλειο]].\n*[[1958]] - Ιδρύεται η [[Ευρωπαϊκή Οικονομική Κοινότητα]].\n*[[1959]] – [[Κουβανική Επανάσταση]]: Ο δικτάτορας της [[Κούβα|Κούβας]], [[Φουλχένσιο Μπατίστα]], ανατρέπεται από τις δυνάμεις του [[Φιντέλ Κάστρο]].\n*[[1960]] – Το [[Καμερούν]] αποκτά την ανεξαρτησία του από τη [[Γαλλία]] και το [[Ηνωμένο Βασίλειο]].\n*[[1962]] - Η [[Σαμόα|Δυτική Σαμόα]] αποκτά την ανεξαρτησία της από τη [[Νέα Ζηλανδία]]. Το όνομά της άλλαξε σε Ανεξάρτητο Κράτος της Δυτικής Σαμόα.\n*[[1964]] - [[Έλληνες]] φοιτητές εγκαταλείπουν με ισχυρή συνοδεία την [[Κωνσταντινούπολη]] απειλούμενοι με λιντσάρισμα από τους [[Τούρκοι (έθνος)|Τούρκους]] συμφοιτητές τους.\n*[[1965]] - Ποινή παύσης τριών μηνών επιβάλλει ο υπουργός Δικαιοσύνης [[Νικόλαος Μπακόπουλος (πολιτικός)|Νικόλαος Μπακόπουλος]] στον εισαγγελέα του [[Άρειος Πάγος|Αρείου Πάγου]] [[Κωνσταντίνος Κόλλιας|Κωνσταντίνο Κόλλια]] για απόπειρα επηρεασμού των ανακρίσεων για τη δολοφονία του [[Γρηγόρης Λαμπράκης|Γρηγόρη Λαμπράκη]].\n*[[1970]] - 2.500.000 [[Έλληνες]] υποδέχονται το νέο έτος πάσχοντας από την [[Ασία|ασιατική]] [[γρίπη]]. 85 άτομα χάνουν τελικά τη ζωή τους λόγω της επιδημίας, η οποία πλήττει ολόκληρη την [[Ευρώπη]] προκαλώντας, μόνο στη [[Μεγάλη Βρετανία]], τον θάνατο 2.500 ατόμων μέσα στην πρώτη εβδομάδα του έτους. \n*[[1973]] – Η [[Δανία]], η [[Δημοκρατία της Ιρλανδίας]] και το [[Ηνωμένο Βασίλειο]] γίνονται μέλη της [[Ευρωπαϊκή Οικονομική Κοινότητα|Ευρωπαϊκής Οικονομικής Κοινότητας]].\n*[[1978]] - [[Boeing 747]] της Air India συντρίβεται στη θάλασσα ανοιχτά των ακτών της [[Μουμπάι]], εξαιτίας βλάβης οργάνου και αποπροσανατολισμού των πιλότων, σκοτώνοντας 213 άτομα.\n*[[1979]] - Συνάπτονται επίσημες [[διπλωματικές σχέσεις]] μεταξύ της [[Κίνα|Κίνας]] και των [[Ηνωμένες Πολιτείες Αμερικής|Ηνωμένων Πολιτειών]]. \n*[[1981]] – Η [[Ελλάδα]] γίνεται μέλος της [[Ευρωπαϊκή Οικονομική Κοινότητα|Ευρωπαϊκής Οικονομικής Κοινότητας]].\n*[[1982]] - Ο [[Περού|Περουβιανός]] [[Χαβιέρ Πέρες ντε Κουέγιαρ]] γίνεται ο πρώτος [[Λατινική Αμερική|Λατινοαμερικανός]] που αποκτά τον τίτλο του [[Γενικός Γραμματέας των Ηνωμένων Εθνών|Γενικού Γραμματέα των Ηνωμένων Εθνών]].\n*[[1983]] - Το [[ARPANET]] αλλάζει επίσημα τη χρήση του [[Internet Protocol]], δημιουργώντας το [[Διαδίκτυο]].\n*[[1984]] – Το [[Μπρουνέι]] αποκτά την ανεξαρτησία του από το [[Ηνωμένο Βασίλειο]].\n*[[1988]] - Ιδρύεται η [[Ευαγγελική Λουθηρανική Εκκλησία στην Αμερική]], δημιουργώντας τη μεγαλύτερη [[Λουθηρανισμός|λουθηρανική]] μονάδα στις [[Ηνωμένες Πολιτείες Αμερικής]].\n*[[1990]] - Ο [[Ντέιβιντ Ντίνκινς]] ορκίζεται ως ο πρώτος μαύρος δήμαρχος της [[Νέα Υόρκη|Νέας Υόρκης]].\n*[[1993]] – [[Διάλυση της Τσεχοσλοβακίας]]: Η [[Τσεχοσλοβακία]] χωρίζεται στην [[Τσεχία]] και στη [[Σλοβακία]]. \n*[[1994]] - Ο [[Στρατός των Ζαπατίστα για την Εθνική Απελευθέρωση]] ξεκινά 12ήμερη ένοπλη σύγκρουση στη [[Μεξικό|μεξικανική]] πολιτεία [[Τσιάπας]].\n*[[1994]] - Τίθεται σε ισχύ η [[Συμφωνία Ελεύθερου Εμπορίου Βόρειας Αμερικής]] (NAFTA).\n*[[1995]] - Ιδρύεται ο [[Παγκόσμιος Οργανισμός Εμπορίου]].\n*[[1995]] - Η [[Αυστρία]], η [[Σουηδία]] και η [[Φινλανδία]] γίνονται μέλη της [[Ευρωπαϊκή Ένωση|Ευρωπαϊκής Ένωσης]].\n*[[1999]] - Εισάγεται το [[ευρώ]] σε 11 κράτη μέλη της [[Ευρωπαϊκή Ένωση|Ευρωπαϊκής Ένωσης]] (με εξαίρεση τη [[Δανία]], την [[Ελλάδα]], το [[Ηνωμένο Βασίλειο]] και τη [[Σουηδία]]). \n*[[2001]] - Η [[Ελλάδα]] γίνεται μέλος της [[Ευρωζώνη]]ς.\n*[[2002]] – Το [[ευρώ]] γίνεται το μόνο έγκυρο νόμισμα σε 12 κράτη-μέλη της [[Ευρωπαϊκή Ένωση|Ευρωπαϊκής Ένωσης]].\n*[[2004]] - Ο στρατηγός [[Περβέζ Μουσάραφ]] λαμβάνει ψήφο εμπιστοσύνης και, σύμφωνα με το άρθρο 41 (8) του Συντάγματος του [[Πακιστάν]], θεωρείται ότι εκλέγεται στο αξίωμα του προέδρου μέχρι τον Οκτώβριο του [[2007]].\n*[[2007]] - Η [[Βουλγαρία]] και η [[Ρουμανία]] γίνονται μέλη της [[Ευρωπαϊκή Ένωση|Ευρωπαϊκής Ένωσης]].\n*[[2007]] - Συντρίβεται στην [[Ινδονησία]] η πτήση 574 της Adam Air σκοτώνοντας και τους 102 επιβαίνοντες.\n*[[2009]] - Εξήντα έξι άτομα χάνουν τη ζωή τους σε πυρκαγιά σε νυχτερινό κέντρο της [[Μπανγκόκ]] στην [[Ταϊλάνδη]]. \n*[[2011]] - Εκρήγνυται βόμβα σε ναό [[Κόπτες|Κοπτών]] στην [[Αλεξάνδρεια]] της [[Αίγυπτος|Αιγύπτου]], σκοτώνοντας 23 άτομα. \n*[[2011]] – Η [[Εσθονία]] υιοθετεί επίσημα το νόμισμα του [[ευρώ]] και γίνεται η 17η χώρα της [[Ευρωζώνη]]ς.\n*[[2015]] – Τίθεται σε ισχύ η [[Ευρασιατική Οικονομική Ένωση]], δημιουργώντας πολιτική και οικονομική ένωση μεταξύ της [[Ρωσία]]ς, της [[Λευκορωσία|Λευκορωσίας]], της [[Αρμενία|Αρμενίας]], του [[Καζακστάν]] και της [[Κιργιζία|Κιργιζίας]].  \n*[[2017]] - [[Τρομοκρατική επίθεση στην Κωνσταντινούπολη (2017)|Τρομοκρατική επίθεση στην Κωνσταντινούπολη]]: 39 άτομα σκοτώνονται και 70 τραυματίζονται σε επίθεση σε νυχτερινό κέντρο διασκέδασης στην [[Κωνσταντινούπολη]], κατά τη διάρκεια των εορτασμών της Πρωτοχρονιάς.\n*[[2023]] - Η [[Κροατία]] εισέρχεται στη [[Συμφωνία Σένγκεν|ζώνη Σένγκεν]] και στην [[Ευρωζώνη]] (η πρώτη χώρα που εισήλθε και στις δύο \"ζώνες\" την ίδια μέρα), αντικαθιστώντας το [[Κούνα Κροατίας|Κροατικό Κούνα]] με το [[Ευρώ]].\n\n== Γεννήσεις ==\n*[[1424]] - [[Λουδοβίκος Δ΄ του Παλατινάτου|Λουδοβίκος Δ΄]], εκλέκτορας του Παλατινάτου\n*[[1431]] – [[Πάπας Αλέξανδρος ΣΤ΄]]\n*[[1449]] - [[Λαυρέντιος ο Μεγαλοπρεπής]], άρχοντας της Φλωρεντίας\n*[[1467]] - [[Σιγισμούνδος Α΄ της Πολωνίας|Σιγισμούνδος Α΄]], βασιλιάς της Πολωνίας\n*[[1484]] - [[Ούλριχ Ζβίγγλιος]], Ελβετός θρησκευτικός μεταρρυθμιστής\n*[[1655]] - [[Κρίστιαν Τομάσιους]], Γερμανός νομικός και φιλόσοφος\n*[[1814]] - [[Χονγκ Σιόου-τσιουέν]], Κινέζος επαναστάτης και βασιλιάς\n*[[1839]] - [[Ουίντα]], Αγγλίδα συγγραφέας\n*[[1852]] - [[Εζέν-Ανατόλ Ντεμαρσέ]], Γάλλος χημικός\n*[[1854]] – [[Τζέιμς Φρέιζερ]], Σκωτσέζος ανθρωπολόγος\n*[[1863]] – [[Πιερ ντε Κουμπερτέν]], Γάλλος ιστορικός, ιδρυτής της [[Διεθνής Ολυμπιακή Επιτροπή|Διεθνούς Ολυμπιακής Επιτροπής]]\n*[[1863]] - [[Γιάννης Πούλακας]], Έλληνας ζωγράφος\n*[[1874]] - [[Γκούσταβ Γουάιτχεντ]], Γερμανός πιλότος και μηχανικός\n*[[1879]] – [[Έντουαρντ Μόργκαν Φόρστερ]], Άγγλος συγγραφέας\n*[[1881]] - [[Παντελής Χορν]], Έλληνας στρατιωτικός και θεατρικός συγγραφέας\n*[[1882]] - [[Ιλίαζ Βριόνι]], Αλβανός πολιτικός\n*[[1884]] - [[Έντουιν Τζόνσον]], Αμερικανός γερουσιαστής\n*[[1886]] - [[Γκαρεγκίν Τερ-Χαρουτιουνιάν]], Αρμένιος πολιτικός\n*[[1887]] – [[Βίλχελμ Κανάρις]], Γερμανός ναύαρχος\n*[[1887]] - [[Αλέξανδρος Σακελλαρίου]], Έλληνας ναύαρχος\n*[[1888]] – [[Γεώργιος Στανωτάς]], Έλληνας στρατιωτικός\n*[[1891]] - [[Θεοφύλακτος Παπαθανασόπουλος]], αρχιεπίσκοπος Αυστραλίας\n*[[1893]] – [[Μαρδοχαίος Φριζής]], Έλληνας στρατιωτικός\n*[[1895]] - [[Τζέι Έντγκαρ Χούβερ]], Αμερικανός αξιωματούχος \n*[[1897]] - [[Γεωργία Βασιλειάδου]], Ελληνίδα ηθοποιός\n*[[1904]] – [[Βασίλης Αυλωνίτης]], Έλληνας ηθοποιός\n*[[1905]] - [[Γεώργιος Μπλέσσας]], Έλληνας στρατιωτικός\n*[[1908]] - [[Βασίλης Ανδριανόπουλος]], Έλληνας ποδοσφαιριστής\n*[[1909]] - [[Στεπάν Μπαντέρα]], Ουκρανός πολιτικός\n*[[1912]] – [[Νικηφόρος Βρεττάκος]], Έλληνας συγγραφέας\n*[[1912]] – [[Κιμ Φίλμπυ]], Βρετανός κατάσκοπος\n*[[1915]] - [[Νικόλαος Μάρτης]], Έλληνας πολιτικός\n*[[1919]] - [[Τζερόμ Ντέιβιντ Σάλιντζερ]], Αμερικανός συγγραφέας\n*[[1921]] - [[Αλέν Μιμούν]], Γάλλος δρομέας\n*[[1924]] - [[Ζακ Λε Γκοφ]], Γάλλος ιστορικός και συγγραφέας\n*[[1924]] – [[Φρανσίσκο Μασίας Νγκέμα]], πρόεδρος της Ισημερινής Γουινέας\n*[[1926]] - [[Κλαούντιο Βίλα]], Ιταλός τραγουδιστής\n*[[1927]] - [[Μωρίς Μπεζάρ]], Γάλλος χορογράφος\n*[[1933]] - [[Αλίκη Γεωργούλη]], Ελληνίδα ηθοποιός\n*[[1934]] - [[Χάλεντ Άσαντ]], Σύρος αρχαιολόγος\n*[[1934]] - [[Βασίλης Ραφαηλίδης]], Έλληνας συγγραφέας\n*[[1942]] - [[Αλασάν Ουαταρά]], πολιτικός από την Ακτή Ελεφαντοστού\n*[[1943]] - [[Τζίμι Χαρτ]], Αμερικανός μάνατζερ πάλης\n*[[1944]] – [[Ομάρ ελ-Μπεσίρ]], Σουδανός πολιτικός\n*[[1948]] - [[Ντικ Κουάξ]], Νεοζηλανδός αθλητής\n*[[1949]] - [[Βίλμα Τσακίρη]], Ελληνίδα ηθοποιός\n*[[1952]] – [[Χαμάντ μπιν Χαλίφα αλ Θανί]], εμίρης του Κατάρ\n*[[1953]] – [[Alpha Blondy]], τραγουδιστής από την Ακτή Ελεφαντοστού\n*[[1955]] - [[Σάιμον Σέιφερ]], Άγγλος ιστορικός\n*[[1956]] - [[Κριστίν Λαγκάρντ]], Γαλλίδα πολιτικός\n*[[1957]] – [[Ευάγγελος Βενιζέλος]], Έλληνας πολιτικός\n*[[1959]] – [[Αζαλί Ασουμανί]], πολιτικός από τις Κομόρες\n*[[1959]] - [[Αλέξανδρος Ασωνίτης]], Έλληνας συγγραφέας\n*[[1959]] – [[Παναγιώτης Γιαννάκης]], Έλληνας καλαθοσφαιριστής και προπονητής\n*[[1959]] - [[Αμπντούλ Αχάντ Μοχμάντ]], Αφγανός αστροναύτης\n*[[1966]] - [[Ίβιτσα Ντάσιτς]], Σέρβος πολιτικός\n*[[1966]] - [[Τίχομιρ Ορεσκόβιτς]], Κροάτης επιχειρηματίας και πολιτικός\n*[[1968]] - [[Νταβόρ Σούκερ]], Κροάτης ποδοσφαιριστής\n*[[1971]] - [[Φοίβος (συνθέτης)|Φοίβος Τασσόπουλος]], Έλληνας συνθέτης\n*[[1972]] - [[Λιλιάν Τουράμ]], Γάλλος ποδοσφαιριστής\n*[[1974]] – [[Γιώργος Θεοδότου]], Κύπριος ποδοσφαιριστής\n*[[1980]] – [[Λάζαρος Αγαδάκος]], Έλληνας καλαθοσφαιριστής\n*[[1980]] - [[Μιχάλης Εμιρλής]], Έλληνας τραγουδιστής\n*[[1980]] - [[Ρίτσι Φόλκνερ]], Άγγλος κιθαρίστας ([[Judas Priest]])\n*[[1981]] - [[Μλάντεν Πέτριτς]], Κροάτης ποδοσφαιριστής\n*[[1983]] - [[Ντανιέλ Χάρκε]], Ισπανός ποδοσφαιριστής\n*[[1994]] - [[Γιώργος Μασούρας]], Έλληνας ποδοσφαιριστής \n*[[1995]] - [[Πόππυ]], Αμερικανίδα τραγουδίστρια\n\n== Θάνατοι ==\n*[[379]] – [[Μέγας Βασίλειος]], επίσκοπος Καισαρείας\n*[[404]] – [[Άγιος Τηλέμαχος]]\n*[[1031]] - [[Γουλιέλμος του Βολπιάνο]], Ιταλός μοναχός\n*[[1204]] - [[Χάακον Γ΄ της Νορβηγίας|Χάακον Γ΄]], βασιλιάς της Νορβηγίας\n*[[1387]] - [[Κάρολος Β΄ της Ναβάρρας|Κάρολος Β΄]], βασιλιάς της Ναβάρρας\n*[[1496]] - [[Κάρολος της Ορλεάνης (1459-1496)|Κάρολος της Ορλεάνης]], Γάλλος πρίγκιπας\n*[[1515]] – [[Λουδοβίκος ΙΒ΄ της Γαλλίας|Λουδοβίκος ΙΒ΄]], βασιλιάς της Γαλλίας\n*[[1559]] - [[Χριστιανός Γ΄ της Δανίας|Χριστιανός Γ΄]], βασιλιάς της Δανίας\n*[[1617]] - [[Χέντρικ Χόλτσιους]], Ολλανδός ζωγράφος\n*[[1793]] - [[Φραντσέσκο Γκουάρντι]], Ιταλός ζωγράφος\n*[[1817]] - [[Μάρτιν Χάινριχ Κλάπροτ]], Γερμανός χημικός\n*[[1881]] - [[Ωγκύστ Μπλανκί]], Γάλλος ακτιβιστής\n*[[1894]] – [[Χάινριχ Χερτζ]], Γερμανός φυσικός\n*[[1944]] - [[Έντουιν Λάτυενς]], Άγγλος αρχιτέκτονας\n*[[1953]] – [[Χανκ Γουίλιαμς]], Αμερικανός τραγουδιστής\n*[[1958]] - [[Ρήγας Γκόλφης]], Έλληνας ποιητής\n*[[1972]] - [[Μωρίς Σεβαλιέ]], Γάλλος ηθοποιός και τραγουδιστής\n*[[1972]] - [[Πατριάρχης Μάξιμος Ε΄|Μάξιμος Ε΄]], [[Οικουμενικός Πατριάρχης]]\n*[[1989]] – [[Αλέκα Στρατηγού]], Ελληνίδα ηθοποιός\n*[[1989]] - [[Τάκης Τερζόπουλος]], Έλληνας πολιτικός\n*[[1992]] – [[Γκρέις Μάρεϊ Χόπερ]], Αμερικανίδα επιστήμονας υπολογιστών\n*[[1995]] - [[Γιουτζίν Γουίγκνερ]], Αμερικανός φυσικομαθηματικός\n*[[1998]] – [[Χάτζι Λέσι]], Αλβανός πολιτικός και στρατιωτικός\n*[[2003]] - [[Τζόρτζιο Γκάμπερ]], Ιταλός τραγουδοποιός\n*[[2007]] - [[Άλμπερτ Ισαάκ Μπεζερίδης]], Αμερικανός σεναριογράφος\n*[[2007]] – [[Ντελ Ριβς]], Αμερικανός τραγουδιστής\n*[[2009]] - [[Λοράνς Περνού]], Γαλλίδα παιδαγωγός και συγγραφέας\n*[[2010]] – [[Λάσα ντε Σέλα]], Αμερικανίδα τραγουδίστρια\n*[[2011]] – [[Φλέμινγκ Γιόργκενσεν]], Δανός τραγουδιστής\n*[[2012]] - [[Κίρο Γκλιγκόροφ]], πρόεδρος της Π.Γ.Δ.Μ.\n*[[2013]] - [[Πάτι Πέιτζ]], Αμερικανίδα τραγουδίστρια\n*[[2015]] - [[Μάριο Κουόμο]], Αμερικανός πολιτικός\n*[[2016]] - [[Φαζού Αλίεβα]], Ρωσίδα ποιήτρια και δημοσιογράφος\n*[[2017]] - [[Ντέρεκ Πάρφιτ]], Βρετανός φιλόσοφος\n*[[2018]] - [[Ντούσαν Μιτόσεβιτς]], Σέρβος ποδοσφαιριστής\n*[[2019]] - [[Μάρκος Μέσκος]], Έλληνας ποιητής και λογοτέχνης\n\n== Αργίες και εορτές ==\n* [[Πρωτοχρονιά]]\n* {{HTI}} –  Ημέρα ανεξαρτησίας (από τη [[Γαλλία]] το [[1804]])\n* {{CUB}} – Ημέρα απελευθέρωσης ([[1959]])\n* {{BRN}} – Ημέρα ανεξαρτησίας (από το [[Ηνωμένο Βασίλειο]] το [[1984]])\n* {{SVK}} – Ίδρυση της Σλοβακικής Δημοκρατίας ([[1993]])\n* {{SDN}} – Ημέρα ανεξαρτησίας (από το [[Ηνωμένο Βασίλειο]] το [[1956]])\n* {{TWN}} – Ίδρυση της Δημοκρατίας της Κίνας\n* {{CZE}} – Ίδρυση της Τσεχικής Δημοκρατίας ([[1993]])\n\n=== Ορθόδοξο εορτολόγιο ===\n{{Πύλη:Ορθοδοξία/Εορτολόγιο/1 Ιανουαρίου|جاتة=جاتة\nجاتة|جاتتتتة=}}\n\n* Ο χριστός Σταυρώθηκε για εμάς \n==== Παραδοσιακό εορτολόγιο ====\n* Η Περιτομή του Κυρίου\n* Όγδοη ημέρα από τα Χριστούγεννα\nΟνόματα που Γιορτάζουν:\n\n* ΒΑΣΙΛΕΙΟΣ (Βασίλειος, Βασιλειός, Βασίλης, Βάσος, Σίλειος.)\n* ΒΑΣΙΛΕΙΑ (Βασιλεία, Βασιλειώ, Βασιλειό, Σίλεια.)\n* ΒΑΣΙΛΙΚΟΣ (Βασιλικός.)\n* ΒΑΣΙΛΙΚΗ (Βασιλική, Βασιλικό, Βασιλικούλα, Βάσω, Βασίλω, Βάσια, Βασούλα, Βίκυ.)\n\n\n\n{{Μήνες}}\n\n[[Κατηγορία:Ημέρες του έτους]]\n[[Κατηγορία:Αργίες]]"}}}]}]}}