{"batchcomplete":true,"query":{"normalized":[{"fromencoded":false,"from":"1_Ιουνίου","to":"1 Ιουνίου"}],"pages":[{"pageid":7800,"ns":0,"title":"1 Ιουνίου","revisions":[{"slots":{"main":{"contentmodel":"wikitext","contentformat":"text/x-wiki","content":"{{Μήνες Ιουνίου}}\n\n<center>[[31 Μαΐου]] | '''1 Ιουνίου''' | [[2 Ιουνίου]]</center>\n\n----\nΗ '''1η Ιουνίου''' είναι η 152η ημέρα του έτους κατά το [[Γρηγοριανό ημερολόγιο]] (153η σε δίσεκτα έτη). Υπολείπονται 213 ημέρες.\n\n{|width=100%\n| __TOC__\n| {{ΗμερολόγιοΣεΠίνακα|6}}\n|}\n\n== Γεγονότα ==\n*[[193]] – Δολοφονείται ο [[Ρωμαίος αυτοκράτορας]] [[Δίδιος Ιουλιανός]].\n*[[1252]] – Ο [[Αλφόνσος Ι΄ της Καστίλης]] γίνεται [[Βασίλειο της Καστίλης|βασιλιάς της Καστίλης]] και της [[Βασίλειο τηου Λεόν|Λεόν]].\n*[[1298]] - Οι κάτοικοι της [[Ρίγα]] και του [[Μεγάλο Δουκάτο της Λιθουανίας|Μεγάλου Δουκάτου της Λιθουανίας]] νικούν το [[Λιβονικό Τάγμα]] στη μάχη της Τουράιντα.\n*[[1495]] - Ο [[μοναχός]] Τζον Κορ καταγράφει την πρώτη γνωστή παρτίδα [[Σκωτία|σκωτσέζικου]] [[ουίσκι]].\n*[[1533]] - Η [[Άννα Μπολέυν]] στέφεται βασίλισσα της [[Αγγλία]]ς.\n*[[1535]] - Δυνάμεις πιστές στον [[Κάρολος Κουίντος|Κάρολο Κουίντο]] επιτίθενται και απομακρύνουν τους [[Οθωμανική Αυτοκρατορία|Οθωμανούς]] από την [[Τύνιδα]].\n*[[1670]] - Στο [[Ντόβερ]] της [[Αγγλία]]ς, ο [[Κάρολος Β΄ της Αγγλίας]] και ο [[Λουδοβίκος ΙΔ΄ της Γαλλίας]] υπογράφουν τη μυστική συνθήκη του Ντόβερ.\n*[[1792]] - Το [[Κεντάκι]] γίνεται η 15η [[Πολιτείες των ΗΠΑ|πολιτεία των Η.Π.Α.]]\n*[[1794]] - Διεξάγεται η πρώτη ναυμαχία μεταξύ της [[Μεγάλη Βρετανία|Μεγάλης Βρετανίας]] και της [[Γαλλία]]ς κατά τη διάρκεια των [[Πόλεμοι της Γαλλικής Επανάστασης|Πολέμων της Γαλλικής Επανάστασης]].\n*[[1796]] - Το [[Τενεσί]] γίνεται η 16η [[Πολιτείες των ΗΠΑ|πολιτεία των Η.Π.Α.]]\n*[[1812]] - [[Αγγλοαμερικανικός πόλεμος του 1812]]: Ο [[Ηνωμένες Πολιτείες Αμερικής|Αμερικανός]] πρόεδρος [[Τζέιμς Μάντισον]] ζητά από το [[Κογκρέσο των Ηνωμένων Πολιτειών]] να κηρύξει τον πόλεμο στο [[Ηνωμένο Βασίλειο]].\n*[[1815]] - Ο [[Ναπολέων Α΄ της Γαλλίας]] διακηρύσσει αναθεωρημένο Σύνταγμα μετά από δημοψήφισμα.\n*[[1831]] - Ο Τζέιμς Κλαρκ Ρος γίνεται ο πρώτος [[Ευρώπη|Ευρωπαίος]] που φτάνει στον [[Μαγνητικός Βόρειος Πόλος|Μαγνητικό Βόρειο Πόλο]].\n*[[1855]] – Ο [[Ηνωμένες Πολιτείες Αμερικής|Αμερικανός]] τυχοδιώκτης Γουίλιαμ Γουόκερ κατακτά τη [[Νικαράγουα]].\n*[[1876]] - Σκοτώνεται στον [[Αίμος|Αίμο]] ο [[Βούλγαροι|Βούλγαρος]] επαναστάτης [[Χρίστο Μπότεφ]].\n*[[1913]] - Η [[Ελλάδα]] και η [[Σερβία]] συνάπτουν συνθήκη συμμαχίας, ανοίγοντας το δρόμο για τον [[Β΄ Βαλκανικός Πόλεμος|Β΄ Βαλκανικό Πόλεμο]].\n*[[1922]] – Ιδρύεται η [[Βασιλική Χωροφυλακή του Όλστερ]].\n*[[1939]] - Πραγματοποιείται η πρώτη πτήση του [[Γερμανία|γερμανικού]] [[Μαχητικό-βομβαρδιστικό αεροσκάφος|μαχητικού-βομβαρδιστικού αεροσκάφους]] [[Focke Wulf Fw 190]].\n* [[1941]] – Οι [[Μεγάλη Βρετανία|βρετανικές]] δυνάμεις αποσύρονται από την [[Κρήτη]] με βαριές απώλειες. Περίπου 3.000 [[Αυστραλία|Αυστραλοί]] χάνουν τη ζωή τους κατά την εκκένωση του νησιού.\n* [[1942]] – Το [[Μεξικό]] κηρύσσει τον πόλεμο στον Άξονα.\n* [[1943]] – Ο ηθοποιός [[Λέσλι Χάουαρντ]], ο [[Άσλεϊ Γουίλκς]] του ''[[Όσα παίρνει ο άνεμος]]'', σκοτώνεται στα 50 του χρόνια όταν το αεροπλάνο στο οποίο επέβαινε καταρρίπτεται από Γερμανούς επιδρομείς στην [[Ευρώπη]].\n* [[1945]] – Κατά τη διάρκεια του [[Β΄ Παγκόσμιος Πόλεμος|Β΄ Παγκοσμίου Πολέμου]], οι [[Ιαπωνία|Ιάπωνες]] εγκαταλείπουν το νησί [[Οκινάουα]], μετά από 82 ημέρες μαχών με τους Αμερικανούς.\n* [[1948]] - Με ραδιοφωνικό του μήνυμα ο πρόεδρος της «[[Προσωρινή Δημοκρατική Κυβέρνηση|Προσωρινής Δημοκρατικής Κυβέρνησης]]» [[Μάρκος Βαφειάδης]] προτείνει τερματισμό της [[Ελληνικός Εμφύλιος Πόλεμος 1946-1949|εμφύλιας σύρραξης]] και ειρήνευση, προκαλώντας ποικίλες αντιδράσεις.\n* [[1958]] – Ξεκινά η εκπομπή τηλεοπτικού προγράμματος που μεταδίδεται σε όλον τον [[Καναδάς|Καναδά]].\n* [[1958]] – Ο [[Σαρλ ντε Γκωλ]] με ειδικό διάταγμα επανέρχεται στην πρωθυπουργία της [[Γαλλία]]ς για έξι μήνες.\n* [[1959]] – Στη Νικαράγουα, η Εθνοφρουρά αποκρούει ένοπλους εισβολείς.\n*[[1965]] - Τεκμηριώνεται η ύπαρξη του [[Υπόθεση ΑΣΠΙΔΑ|ΑΣΠΙΔΑ]] από το ανακριτικό έργο του αντιστράτηγου Ι. Σίμου, ο οποίος ενημερώνει τον πρωθυπουργό [[Γεώργιος Παπανδρέου|Γεώργιο Παπανδρέου]]. Η [[Κυβέρνηση Γεωργίου Παπανδρέου 1964|κυβέρνηση]] κάνει λόγο για συνωμοτικές κινήσεις κατώτερων μόνο αξιωματικών και επιμένει στον ισχυρισμό ότι δεν υφίσταται ανάμιξη πολιτικών προσώπων.\n* [[1969]] – Το [[Βελιγράδι]] μποϊκοτάρει το Διεθνές Κομμουνιστικό Συνέδριο.\n* [[1970]] – Στο [[Περού]], καταστροφικός σεισμός σκοτώνει περισσότερα από 3.000 άτομα.\n* [[1973]] – Η [[Χούντα των Συνταγματαρχών]] προχωρεί στην κατάργηση της [[μοναρχία]]ς στην Ελλάδα. Ο Γ. Παπαδόπουλος σε διάγγελμά του προαναγγέλλει την εγκαθίδρυση «Κοινοβουλευτικής Προοδευτικής Δημοκρατίας».\n* [[1974]] – Έκρηξη σε εργοστάσιο χημικών στη Βρετανία σκοτώνει 28 άτομα.\n* [[1977]] – Η [[Σοβιετική Ένωση]] κατηγορεί για προδοσία τον υπερασπιστή των ανθρωπίνων δικαιωμάτων, [[Ανατόλι Σαράνσκι]].\n* [[1979]] – Στη [[Ζιμπάμπουε]], φτάνει στο τέλος της η κυριαρχία της λευκής μειοψηφίας.\n* [[1980]] – Βγαίνει στον αέρα το [[CNN]].\n* [[1983]] – Στο Περού, η κυβέρνηση πραγματοποιεί εκατοντάδες συλλήψεις στην προσπάθειά της να καταπνίξει το επαναστατικό κλίμα που επικρατεί στη χώρα.\n* [[1990]] – Ο Αμερικανός Πρόεδρος [[Τζωρτζ Χέρμπερτ Ουώκερ Μπους|Τζωρτζ Χ.Ου. Μπους]] και ο Σοβιετικός ηγέτης [[Μιχαήλ Γκορμπατσώφ]] συμφωνούν για τον περιορισμό των μεγάλου βεληνεκούς πυρηνικών πυραύλων και τη διακοπή παραγωγής χημικών όπλων.\n* [[1991]] – Από τις ΗΠΑ στην [[Αθήνα]] και στη συνέχεια στις φυλακές [[Κορυδαλλός Αττικής|Κορυδαλλού]] μεταφέρεται ο [[Γιώργος Κοσκωτάς]], ο οποίος κατηγορείται για υπεξαίρεση και πλαστογραφία.\n* [[1992]] – [[Ισραήλ|Ισραηλινοί]] αρχαιολόγοι ανακαλύπτουν ότι το χασίς χρησιμοποιείτο κατά τη διάρκεια της ρωμαϊκής εποχής για να διευκολύνεται η διαδικασία του τοκετού.\n* [[1992]] – [[Οικολογία|Οικολόγοι]], διπλωμάτες και αυτόχθονες από όλο τον κόσμο κατακλύζουν το [[Ρίο ντε Τζανέιρο]], στη [[Βραζιλία]], για τη ''Διάσκεψη της Γης'', που άρχισε τις εργασίες της υπό την αιγίδα του [[ΟΗΕ]].\n* [[1992]] – Στη Βραζιλία, 25 είναι οι νεκροί και 58.000 οι άστεγοι από τις καταρρακτώδεις βροχές που πλήττουν τις νότιες περιοχές.\n* [[1993]] – Στη [[Γουατεμάλα]], ο Πρόεδρος [[Χόρχε Σεράνο]] ανατρέπεται από το στρατό.\n* [[1994]] – Η μετοχοποίηση και μερική ιδιωτικοποίηση της Δημόσιας Επιχείρησης Πετρελαίου μέσω του Χρηματιστηρίου, αποφασίζεται σε σύσκεψη των υπουργών Εθνικής Οικονομίας και Βιομηχανίας.\n* [[1996]] – Στην [[Ινδία]], ορκίζεται πρωθυπουργός ο [[Ντέβε Γκόουντα]] με νέα κυβέρνηση 13 υπουργών και 8 υφυπουργών.\n* [[1998]] – Ίδρυση [[Ευρωπαϊκή Κεντρική Τράπεζα|Ευρωπαϊκής Κεντρικής Τράπεζας]] με έδρα στη [[Φρανκφούρτη]].\n* [[2001]] – Δολοφονείται το βασιλικό ζεύγος του [[Νεπάλ]].\n* [[2001]] – Πεθαίνει ο Χανκ Κέτσαμ, ''πατέρας'' του ''Ντένις του Τρομερού''. \n* [[2005]] – Απορρίπτεται με [[δημοψήφισμα]] στην [[Ολλανδία]] το σχέδιο της Συνταγματικής Συνθήκης για την Ευρώπη, με ποσοστό 61,6%.\n* [[2009]] – Αεροπορικό δυστύχημα στην πτήση 447 της Air France. Το αεροπλάνο συνετρίβη στον Ατλαντικό Ωκεανό.\n* [[2019]] - Η [[Λίβερπουλ ΦΚ|Λίβερπουλ]] νικά με 2-0 την [[Τότεναμ]] στη [[Μαδρίτη]] και κατακτά το [[ΟΥΕΦΑ Τσάμπιονς Λιγκ]].\n\n== Γεννήσεις ==\n*[[1134]] - [[Γοδεφρείδος της Νάντης]], κόμης του Ανζού\n*[[1300]] - [[Τόμας του Μπράδερτον, 1ος κόμης του Νόρφολκ]]\n*[[1498]] - [[Μάαρτεν φαν Χέιμσκερκ]], Ολλανδός ζωγράφος\n*[[1653]] – [[Γκέοργκ Μούφατ]], Γερμανός συνθέτης\n*[[1787]] – [[Κωνσταντίνος Τάττης]], Έλληνας έμπορος\n*[[1804]] – [[Μιχαήλ Γκλίνκα]], Ρώσος συνθέτης\n*[[1815]] – [[Όθων Α΄ της Ελλάδας|Όθων Α΄]], βασιλιάς της Ελλάδας\n*[[1844]] - [[Βασίλι Πολένοφ]], Ρώσος ζωγράφος\n*[[1878]] - [[Κώστας Παρορίτης]], Έλληνας συγγραφέας\n*[[1892]] - [[Αμανουλάχ Χαν]], εμίρης του Αφγανιστάν\n*[[1899]] - [[Έντουαρντ Τσαρλς Τίτσμαρς]], Άγγλος μαθηματικός\n*[[1919]] - [[Γρηγόρης Γρηγορίου]], Έλληνας σκηνοθέτης\n*[[1926]] – [[Μέριλιν Μονρόε]], Αμερικανίδα ηθοποιός\n*[[1933]] – [[Χαρούο Ρεμελίκ]], πρόεδρος του Παλάου\n*[[1935]] - [[Νόρμαν Φόστερ]], Άγγλος αρχιτέκτονας\n*[[1937]] – [[Μόργκαν Φρίμαν]], Αμερικανός ηθοποιός\n*[[1940]] – [[Κατερίνα Γώγου]], Ελληνίδα ηθοποιός και ποιήτρια \n*[[1944]] – [[Ρόμπερτ Πάουελ]], Άγγλος ηθοποιός\n*[[1944]] - [[Γκέρχαρντ Φράι]], Γερμανός μαθηματικός\n*[[1946]] – [[Μπράιαν Κοξ]], Σκωτσέζος ηθοποιός\n*[[1947]] - [[Ρον Ντένις]], Άγγλος επιχειρηματίας\n*[[1958]] - [[Ναμπαρίν Ενχμπαγιάρ]], Μογγόλος πολιτικός\n*[[1960]] – [[Γιώργος Λιλλήκας]], Κύπριος πολιτικός\n*[[1960]] - [[Γιελένα Μούχινα]], Ρωσίδα αθλήτρια\n*[[1961]] - [[Νταϊάνα, πριγκίπισσα της Ουαλίας|Νταϊάνα Σπένσερ]], [[Πριγκίπισσα της Ουαλίας]]\n*[[1971]] – [[Μάριο Σιμάρρο]], Κουβανός ηθοποιός\n*[[1974]] – [[Άκης Ζήκος]], Έλληνας ποδοσφαιριστής\n*[[1975]] - [[Νικόλ Πασινιάν]], Αρμένιος πολιτικός\n*[[1977]] – [[Τζέιμς Στορμ]], Αμερικανός παλαιστής\n*[[1985]] - [[Τιρουνές Ντιμπάμπα]], Αιθιόπισσα δρομέας\n*[[1986]] – [[Νταγιάνα Μεντόσα]], μοντέλο από τη Βενεζουέλα\n*[[1986]] – [[Τσινεντού Ομπάζι]], Νιγηριανός ποδοσφαιριστής\n*[[1993]] - [[Μαυρουδής Μπουγαΐδης]], Έλληνας ποδοσφαιριστής \n\n== Θάνατοι ==\n*[[193]] – [[Δίδιος Ιουλιανός]], Ρωμαίος αυτοκράτορας\n*[[654]] - [[Πατριάρχης Πύρρος|Πύρρος]], Πατριάρχης Κωνσταντινουπόλεως\n*[[1146]] - [[Ερμενγάρδη του Ανζού (αποβιώσασα το 1146)|Ερμενγάρδη του Ανζού]], δούκισσα της Ακουιτανίας και της Βρετάνης\n*[[1191]] - [[Φίλιππος της Αλσατίας]], κόμης της Φλάνδρας\n*[[1434]] - [[Λαδίσλαος Β΄ Γιαγκελόν]], μέγας δούκας της Λιθουανίας\n*[[1453]] - [[Ιωάννης Ιουστινιάνης]], Ιταλός στρατιωτικός\n*[[1616]] – [[Τοκουγκάβα Ιεγιάσου]], Ιάπωνας σογκούν\n*[[1815]] – [[Λουί Αλεξάντρ Μπερτιέ]], Γάλλος στρατάρχης\n*[[1823]] – [[Λουί Νικολά Νταβού]], Γάλλος στρατάρχης\n*[[1828]] - [[Φρανκ Χέιστινγκς]], Άγγλος πλοίαρχος\n*[[1846]] - [[Πάπας Γρηγόριος ΙΣΤ΄]]\n*[[1863]] - [[Γεώργιος Πάνου]], Έλληνας αγωνιστής\n*[[1864]] - [[Χονγκ Σιόου-τσιουέν]], Κινέζος επαναστάτης και βασιλιάς\n*[[1868]] - [[Τζέιμς Μπιουκάναν]], 15ος πρόεδρος των Η.Π.Α.\n*[[1927]] - [[Τζων Μπάνγκελ Μπιούρυ]], Ιρλανδός ιστορικός\n*[[1952]] – [[Τζον Ντιούι]], Αμερικανός φιλόσοφος\n*[[1968]] – [[Έλεν Κέλερ]], Αμερικανίδα συγγραφέας και ακτιβίστρια\n*[[1970]] - [[Τζουζέπε Ουνγκαρέτι]], Ιταλός ποιητής\n*[[1979]] - [[Γιαν Καντάρ]], Σλοβάκος σκηνοθέτης\n*[[1981]] – [[Χρήστος Σύρπος]], Έλληνας τραγουδιστής\n*[[1983]] - [[Αθανάσιος Ι. Ρουσόπουλος]], Έλληνας πολιτικός\n*[[1997]] - [[Ασημάκης Φωτήλας (νεότερος)|Ασημάκης Φωτήλας]], Έλληνας πολιτικός\n*[[1998]] - [[Τζανκγιάρντ Ντογκ]], Αμερικανός παλαιστής\n*[[1999]] – [[Κρίστοφερ Κόκερελ]], Άγγλος μηχανικός και εφευρέτης\n*[[1999]] - [[Πέτρος Στεργιώτης]], Έλληνας πολιτικός\n*[[2002]] – [[Κάκια Αναλυτή]], Ελληνίδα ηθοποιός\n*[[2014]] - [[Δήμητρα Σερεμέτη]], Ελληνίδα ηθοποιός\n*[[2015]] - [[Νίκολας Λίβερπουλ]], πρόεδρος της Δομινίκας\n*[[2018]] - [[Μαρία Μαρτίκα]], Ελληνίδα ηθοποιός\n\n== Αργίες και εορτές ==\n\n=== Ορθόδοξο εορτολόγιο ===\n{{Πύλη:Ορθοδοξία/Εορτολόγιο/1 Ιουνίου}}\n\n{{Μήνες}}\n\n[[Κατηγορία:Ημέρες του έτους]]"}}}]}]}}