{"batchcomplete":true,"query":{"normalized":[{"fromencoded":false,"from":"1_Νοεμβρίου","to":"1 Νοεμβρίου"}],"pages":[{"pageid":8094,"ns":0,"title":"1 Νοεμβρίου","revisions":[{"slots":{"main":{"contentmodel":"wikitext","contentformat":"text/x-wiki","content":"{{Μήνες Νοεμβρίου}}\n\n<center>[[31 Οκτωβρίου]] | '''1 Νοεμβρίου''' | [[2 Νοεμβρίου]]</center>\n\n----\n{{ΗμερολόγιοΣεΠίνακα|11}}\nΗ '''1η Νοεμβρίου''' είναι η 305η ημέρα του έτους κατά το [[Γρηγοριανό ημερολόγιο]] (306η σε δίσεκτα έτη). Υπολείπονται 60 ημέρες.\n\n== Γεγονότα ==\n*[[365]] - Οι [[Αλαμαννοί]] διασχίζουν τον [[Ρήνος|Ρήνο]] και εισβάλλουν στη [[Γαλατία]]. Ο αυτοκράτορας [[Ουαλεντινιανός Α΄]] κινείται προς το [[Παρίσι]] για να διοικήσει το στρατό και να υπερασπιστεί τις γαλατικές πόλεις. \n*[[996]] - Ο αυτοκράτορας [[Όθων Γ΄ της Αγίας Ρωμαϊκής Αυτοκρατορίας]] εκδίδει πράξη προς τον επίσκοπο του [[Φράιζινγκ]], η οποία είναι το παλαιότερο γνωστό έγγραφο όπου χρησιμοποιείται το όνομα ''Ostarrîchi'' ([[Αυστρία]]). \n*[[1141]] - Τερματίζεται στην [[Αγγλία]] η βασιλεία της [[Αυτοκράτειρα Ματθίλδη|αυτοκράτειρας Ματθίλδης]], με τον [[Στέφανος της Αγγλίας|Στέφανο του Μπλουά]] να επανακτά τον τίτλο του [[Βασίλειο της Αγγλίας|βασιλιά της Αγγλίας]]. \n*[[1179]] - Ο [[Φίλιππος Β΄ της Γαλλίας|Φίλιππος Β΄]] στέφεται [[Κατάλογος μοναρχών της Γαλλίας|βασιλιάς της Γαλλίας]].\n*[[1348]] - Η αντιβασιλική Ένωση της [[Βαλένθια]] επιτίθεται στους [[Εβραίοι|Εβραίους]] του [[Σαγούντο]] με το πρόσχημα ότι είναι [[Δουλοπαροικία|υποτακτικοί]] του βασιλιά της Βαλένθια και συνεπώς «βασιλόφρονες».\n*[[1503]] - Εκλέγεται ο [[Πάπας Ιούλιος Β΄]].\n*[[1512]] - Η οροφή της [[Καπέλα Σιστίνα]], ζωγραφισμένη από τον [[Μιχαήλ Άγγελος|Μιχαήλ Άγγελο]], εκτίθεται για πρώτη φορά στο κοινό.\n*[[1520]] - Ο [[Πορθμός του Μαγγελάνου]], το πέρασμα στο νότιο άκρο της ηπειρωτικής [[Νότια Αμερική|Νότιας Αμερικής]] που συνδέει τον [[Ειρηνικός Ωκεανός|Ειρηνικό]] και τον [[Ατλαντικός Ωκεανός|Ατλαντικό Ωκεανό]], ανακαλύπτεται και διαπλέεται για πρώτη φορά από τον [[Ευρώπη|Ευρωπαίο]] εξερευνητή [[Φερδινάνδος Μαγγελάνος|Φερδινάνδο Μαγγελάνο]].\n*[[1570]] - Η πλημμύρα των Αγίων Πάντων καταστρέφει τις [[Ολλανδία|ολλανδικές]] ακτές.\n*[[1604]] - Κάνει πρεμιέρα στο [[Λονδίνο]] η τραγωδία ''[[Οθέλος]]'' του [[Ουίλλιαμ Σαίξπηρ]].\n*[[1611]] - Κάνει πρεμιέρα στο [[Λονδίνο]] το έργο του [[Ουίλλιαμ Σαίξπηρ]] ''[[Η Τρικυμία]]''.\n*[[1755]] - Ισχυρότατος [[σεισμός]] και [[τσουνάμι]] καταστρέφουν ολοσχερώς τη [[Λισαβόνα]] στην [[Πορτογαλία]], σκοτώνοντας 10.000-90.000 άτομα.\n*[[1790]] - Ο [[Έντμουντ Μπερκ]] δημοσιεύει τους ''Στοχασμούς για την Επανάσταση στη Γαλλία'', όπου προβλέπει ότι η [[Γαλλική Επανάσταση]] θα καταλήξει σε καταστροφή.\n*[[1800]] - Ο [[Τζον Άνταμς]] γίνεται ο πρώτος πρόεδρος των [[Ηνωμένες Πολιτείες Αμερικής|Ηνωμένων Πολιτειών]] που κατοικεί στο [[Λευκός Οίκος|Λευκό Οίκο]].\n*[[1861]] - [[Αμερικανικός Εμφύλιος Πόλεμος]]: Ο [[Ηνωμένες Πολιτείες|Αμερικανός]] πρόεδρος [[Αβραάμ Λίνκολν]] ορίζει τον Τζορτζ Μακλέλαν ως διοικητή του [[Στρατός της Ένωσης|Στρατού της Ένωσης]], αντικαθιστώντας τον Ουίνφιλντ Σκοτ.\n*[[1884]] - Ιδρύεται στην [[Ιρλανδία]] η [[Γαελική Αθλητική Ομοσπονδία]].\n*[[1894]] - Ο [[Νικόλαος Β΄ της Ρωσίας|Νικόλαος Β΄]] γίνεται ο νέος (και τελευταίος) τσάρος της [[Ρωσική Αυτοκρατορία|Ρωσίας]] μετά τον θάνατο του πατέρα του, [[Αλέξανδρος Γ΄ της Ρωσίας|Αλέξανδρου Γ΄ της Ρωσίας]].\n*[[1897]] - Το πρώτο κτίριο της [[Βιβλιοθήκη του Κογκρέσου|Βιβλιοθήκης του Κογκρέσου]] ανοίγει τις πόρτες του στο κοινό.\n*[[1901]] - Ιδρύεται στο Κολέγιο Ρίτσμοντ, στο [[Ρίτσμοντ (Βιρτζίνια)]], η ΣΦΕ, η μεγαλύτερη κολεγιακή [[Κολεγιακές και πανεπιστημιακές αδερφότητες|αδερφότητα]] αρρένων στις [[Ηνωμένες Πολιτείες Αμερικής|Η.Π.Α.]]  \n*[[1911]] - Κατά τη διάρκεια του [[Ιταλοτουρκικός Πόλεμος|Ιταλοτουρκικού Πολέμου]], οι [[Ιταλία|Ιταλοί]] πραγματοποιούν στη [[Λιβύη]] την πρώτη παγκοσμίως αεροπορική βομβιστική επίθεση.\n*[[1914]] - [[Α΄ Παγκόσμιος Πόλεμος]]: Το [[Μεγάλη Βρετανία|Βρετανικό]] [[Βασιλικό Ναυτικό]] υφίσταται την πρώτη του ήττα στον πόλεμο με τη [[Γερμανία]], έξω από τις δυτικές ακτές της [[Χιλή|Χιλής]] στον [[Ειρηνικός Ωκεανός|Ειρηνικό Ωκεανό]].\n*[[1916]] - Στη [[Ρωσία]], ο [[Πάβελ Μιλιουκόφ]] δίνει στην [[Κρατική Δούμα]] τη διάσημη ομιλία του \"βλακεία ή προδοσία\", επισπεύδοντας την πτώση της κυβέρνησης του [[Μπόρις Στούρμερ]].\n*[[1918]] - Στο [[Μπρούκλιν]] της [[Νέα Υόρκη|Νέας Υόρκης]] συμβαίνει το χειρότερο δυστύχημα με [[μετρό]] στην ιστορία των [[Ηνωμένες Πολιτείες Αμερικής|Η.Π.Α.]], με τουλάχιστον 93 νεκρούς.\n* [[1922]] - Καταργείται η [[Οθωμανική Αυτοκρατορία]]. Παραιτείται από τα θρόνο ο τελευταίος Σουλτάνος, [[Μωάμεθ ΣΤ΄]].  \n* [[1930]] - Στέψη του Αυτοκράτορα της Αιθιοπίας, Ρας Ταφάρι (Χαϊλέ Σελασιέ).\n* [[1936]] - Ο Ιταλός πρωθυπουργός [[Μπενίτο Μουσολίνι]] ανακοινώνει το όνομα «Άξονας Βερολίνου-Ρώμης», για τη συμμαχία ανάμεσα στους Γερμανούς Ναζί και τους Ιταλούς Φασίστες.\n* [[1939]] - Ένα [[κουνέλι]] είναι το πρώτο ζώο που συλλαμβάνεται με τεχνητή γονιμοποίηση στις ΗΠΑ.\n* 1939 - Η γερμανική αεροπορία παρουσιάζει το πρώτο αεριωθούμενο τζετ, το Henkel 178.\n* [[1940]] - Ανακαλύπτεται το προϊστορικό σπήλαιο του Λασκό, στη [[Γαλλία]].\n* 1940 - [[Ελληνοϊταλικός πόλεμος του 1940]]: Ο υπολοχαγός Αλέξανδρος Διάκος, επιτιθέμενος με τον Λόχο του στην Τσούκα Πίνδου, προσπαθώντας να την ανακαταλάβει, πέφτει ηρωικά μαχόμενος.\n* [[1945]] - Ορκίζεται κυβέρνηση στην Ελλάδα, με πρωθυπουργό τον Παναγιώτη Κανελλόπουλο.\n* [[1946]] - Ιδρύεται η [[Κάτω Σαξονία]].\n* 1946 - Ο πρώτος αγώνας του [[ΝΒΑ]] γίνεται στο Τορόντο ανάμεσα στους Νιου Γιορκ Νικς και στους Τορόντο Χάσκις (68-66) μπροστά σε 7.090 θεατές.\n* [[1948]] - Από βύθιση κινέζικου εμπορικού πλοίου έπειτα από έκρηξη στη [[Μαντζουρία]], σκοτώνονται 6.000 άτομα.\n* 1948 - Ο από [[Αρχιεπισκοπή Αμερικής|Αμερικής]] [[Πατριάρχης Αθηναγόρας|Αθηναγόρας]] εκλέγεται [[Οικουμενικός Πατριάρχης]].\n* [[1950]] - [[Ελλάδα]]: Παραιτείται η κυβέρνηση Σοφοκλή Βενιζέλου, εξαιτίας οικονομικού σκανδάλου (κατάχρηση 7,5 δισ. δρχ στον ΟΛΠ).\n* [[1952]] - Έκρηξη της πρώτης βόμβας υδρογόνου από τις ΗΠΑ σε ατόλη των νήσων Μάρσαλ (πρόκειται για τη βόμβα με το όνομα «Μάικ»).\n* [[1954]] - Η Αλγερία επαναστατεί κατά των Γάλλων (εθνική εορτή), ενώ εθνικιστές σκοτώνουν 7 άτομα.\n* [[1955]] - Αεροσκάφος DC6B συντρίβεται στις ΗΠΑ, έπειτα από έκρηξη ωρολογιακής βόμβας κοντά στο Λόνγκμοντ του [[Κολοράντο]], με 44 νεκρούς.\n*[[1962]] - Τίθεται σε ισχύ η [[Συμφωνία Σύνδεσης Ελλάδας-ΕΟΚ|συμφωνία σύνδεσης Ελλάδας-Ε.Ο.Κ.]]\n*[[1963]] - Πραγματοποιείται πραξικόπημα στο [[Βιετνάμ|Νότιο Βιετνάμ]].\n* [[1963]] - Εγκαινιάζεται στο [[Πουέρτο Ρίκο]] το [[Αστεροσκοπείο του Αρεσίμπο]], με το μεγαλύτερο [[ραδιοτηλεσκόπιο]] που έχει κατασκευαστεί ποτέ.\n*[[1970]] - Φωτιά σε νυχτερινό κέντρο διασκέδασης στο Σεν-Λοράν-ντυ-Πον στη [[Γαλλία]] σκοτώνει 146 νέους. \n*[[1974]] - Ο προϊστάμενος της εισαγγελίας Εφετών Αθηνών ασκεί ποινική δίωξη εναντίον του Γεώργιου Παπαδόπουλου, του Στυλιανού Παττακού, του Νικόλαου Μακαρέζου και 62 ακόμη πραξικοπηματιών για εσχάτη προδοσία.\n*[[1977]] - Ανακαλύπτεται ο Χείρων, ο μεγαλύτερος από τους πέντε δορυφόρους του [[Πλούτωνας (πλανήτης νάνος)|Πλούτωνα]].\n* [[1978]] - Ο συνταγματάρχης Αλμπέρτο Μπους σχηματίζει τη 200ή χούντα στη [[Βολιβία]], καταλαμβάνοντας την εξουσία με [[πραξικόπημα]].\n* [[1981]] - Η [[Αντίγκουα και Μπαρμπούντα]] γίνεται ανεξάρτητη κοινοβουλευτική δημοκρατία (εθνική εορτή).\n* [[1993]] - Αρχίζει να ισχύει  η [[συνθήκη του Μάαστριχτ]]. Η Ευρωπαϊκή Οικονομική Κοινότητα μετονομάζεται σε ΕΕ ([[Ευρωπαϊκή Ένωση]]). Τα κράτη - μέλη που την αποτελούν ανέρχονται στα 12.\n* [[1995]] - Στη Νότια Αφρική, διεξάγονται οι πρώτες δημοτικές πολυφυλετικές εκλογές.\n* [[1998]] - Θεσμοθετείται το [[Ευρωπαϊκό Δικαστήριο των Ανθρωπίνων Δικαιωμάτων]].\n* [[2003]] - Ο [[Ζαν Κλοντ Τρισέ]] από τη Γαλλία αναλαμβάνει Πρόεδρος της Ευρωπαϊκής Κεντρικής Τράπεζας.\n* [[2013]] - Δολοφονούνται τα μέλη της [[Χρυσή Αυγή|Χρυσής Αυγής]] [[Δολοφονία Μανώλη Καπελώνη και Γιώργου Φουντούλη στα γραφεία της Χρυσής Αυγής στο Νέο Ηράκλειο|Μανώλης Καπελώνης]], 22 ετών, [[Δολοφονία Μανώλη Καπελώνη και Γιώργου Φουντούλη στα γραφεία της Χρυσής Αυγής στο Νέο Ηράκλειο|Γιώργος Φουντούλης]], 27 ετών και τραυματίζεται ο Αλέξανδρος Γέροντας, 29 ετών από τρομοκράτες έξω από τα γραφεία του κόμματος στο [[Νέο Ηράκλειο]].\n\n== Γεννήσεις ==\n*[[846]] - [[Λουδοβίκος ο Τραυλός]], βασιλιάς της Δυτικής Φραγκίας\n*[[1288]] - [[Ιβάν Α΄ της Μόσχας|Ιβάν Α']], μέγας δούκας της Μόσχας\n*[[1351]] - [[Λεοπόλδος Γ΄ της Αυστρίας|Λεοπόλδος Γ']], δούκας της Αυστρίας\n*[[1549]] - [[Άννα της Αυστρίας (1549–1580)|Άννα της Αυστρίας]], βασίλισσα της Ισπανίας\n*[[1585]] - [[Γιαν Μπρόζεκ]], Πολωνός μαθηματικός, ιατρός και αστρονόμος\n*[[1636]] - [[Νικολά Μπουαλώ]], Γάλλος ποιητής και κριτικός\n*[[1658]] - [[Γιόχαν Αρνόλντι]], Γερμανός παιδαγωγός\n*[[1661]] - [[Λουδοβίκος, Μέγας Δελφίνος|Λουδοβίκος]], Γάλλος πρίγκιπας\n*[[1778]] - [[Γουσταύος Δ΄ Αδόλφος της Σουηδίας|Γουσταύος Δ΄ Αδόλφος]], βασιλιάς της Σουηδίας\n*[[1880]] - [[Άλφρεντ Βέγκενερ]], Γερμανός γεωφυσικός και μετεωρολόγος\n*[[1881]] - [[Περικλής Ιωαννίδης]], Έλληνας αντιναύαρχος\n*[[1889]] - [[Φίλιπ Νόελ-Μπέικερ]], Άγγλος πολιτικός και ακτιβιστής\n*[[1911]] - [[Ανρί Τρουαγιά]], Γάλλος συγγραφέας και ιστορικός\n*[[1919]] - [[Μιχάλης Παπακωνσταντίνου]], Έλληνας πολιτικός\n*[[1923]] - [[Βικτόρια ντελς Άνχελς]], Ισπανίδα υψίφωνος\n*[[1924]] - [[Σουλεϊμάν Ντεμιρέλ]], Τούρκος πολιτικός\n*[[1944]] - [[Όσκαρ Τεμαρού]], πρόεδρος της Γαλλικής Πολυνησίας\n*[[1944]] - [[Ραφίκ Χαρίρι]], Λιβανέζος πολιτικός\n*[[1944]] - [[Μπόμπι Χίναν]], Αμερικανός μάνατζερ παλαιστών\n*[[1948]] - [[Αμάνι Αμπέιντ Καρούμε]], πρόεδρος της Ζανζιβάρης\n*[[1954]] - [[Κλάους Ερνστ]], Γερμανός πολιτικός\n*[[1960]] - [[Τιμ Κουκ]], Αμερικανός επιχειρηματίας\n*[[1963]] - [[Ρικ Άλεν (ντράμερ)|Ρικ Άλεν]], Άγγλος ντράμερ ([[Def Leppard]])\n*[[1963]] - [[Μπίλι Γκαν]], Αμερικανός παλαιστής\n*[[1972]] - [[Τόνι Κολέτ]], Αυστραλή ηθοποιός\n*[[1978]] - [[Τάιλερ Ρεκς]], Αμερικανός παλαιστής\n*[[1986]] - [[Πεν Μπάντζλι]], Αμερικανός ηθοποιός\n*[[1996]] - [[Lil Peep]], Αμερικανός τραγουδιστής\n\n== Θάνατοι ==\n*[[955]] - [[Ερρίκος Α΄ της Βαυαρίας|Ερρίκος Α΄]], δούκας της Βαυαρίας\n*[[962]] - [[Βαλδουίνος Γ΄ της Φλάνδρας|Βαλδουίνος Γ΄]], κόμης της Φλάνδρας\n*[[1267]] - [[Στέφανος Βλάντισλαβ Α΄]], βασιλιάς της Σερβίας\n*[[1391]] - [[Αμεδαίος Ζ΄ της Σαβοΐας|Αμεδαίος Ζ΄]], κόμης της Σαβοΐας\n*[[1399]] - [[Ιωάννης Δ' της Βρετάνης|Ιωάννης Δ΄]], δούκας της Βρετάνης\n*[[1463]] - [[Δαυίδ Μέγας Κομνηνός]], αυτοκράτορας της Τραπεζούντας\n*[[1546]] - [[Τζούλιο Ρομάνο]], Ιταλός ζωγράφος\n*[[1587]] - [[Αλφόνσος του Μοντέκιο|Αλφόνσος]], λόρδος του Μοντέκιο\n*[[1597]] - [[Έντουαρντ Κέλλυ]], Άγγλος πνευματιστής\n*[[1612]] - [[Κάρολος του Σουασόν|Κάρολος]], κόμης του Σουασόν\n*[[1700]] - [[Κάρολος Β΄ της Ισπανίας|Κάρολος Β΄]], βασιλιάς της Ισπανίας\n*[[1878]] - [[Αριστείδης Ρίζος Ραγκαβής]], Έλληνας στρατιωτικός\n*[[1894]] - [[Αλέξανδρος Γ΄ της Ρωσίας|Αλέξανδρος Γ΄]], τσάρος της Ρωσίας\n*[[1903]] - [[Τέοντορ Μόμσεν]], Γερμανός πολιτικός, λόγιος και ιστορικός\n*[[1907]] - [[Αλφρέ Ζαρρύ]], Γάλλος συγγραφέας\n*[[1911]] - [[Κωνσταντίνος Χρηστομάνος]], Έλληνας συγγραφέας και σκηνοθέτης\n*[[1916]] - [[Διονύσιος Στεφάνου]], Έλληνας πολιτικός\n*[[1929]] - [[Χαμπιμπουλάχ Καλακανί]], Βασιλιάς του Αφγανιστάν\n*[[1930]] - [[Άλφρεντ Βέγκενερ]], Γερμανός γεωφυσικός και μετεωρολόγος\n*[[1940]] - [[Αλέξανδρος Διάκος]], Έλληνας στρατιωτικός\n*[[1941]] - [[Παντελής Χορν]], Έλληνας στρατιωτικός και θεατρικός συγγραφέας\n*[[1947]] - [[Εδμόνδος Φυρστ]], Έλληνας βαυαρικής καταγωγής δραματικός ηθοποιός\n*[[1956]] - [[Πιέτρο Μπαντόλιο]], Ιταλός στρατιωτικός και πολιτικός\n*[[1956]] - [[Τόμι Τζόνσον]], Αμερικανός μουσικός\n*[[1963]] - [[Έλσα Μάξγουελ]], Αμερικανίδα δημοσιογράφος\n*[[1968]] - [[Γεώργιος Παπανδρέου]], Έλληνας πολιτικός\n*[[1972]] - [[Έζρα Πάουντ]], Αμερικανός ποιητής\n*[[1981]] - [[Γουίλ Ντυράν]], Αμερικανός φιλόσοφος και συγγραφέας\n*[[1985]] - [[Πολυχρόνης Πολυχρονίδης]], Έλληνας πολιτικός\n*[[1987]] - [[Βάσω Δεβετζή]], Ελληνίδα πιανίστρια\n*[[1993]] - [[Ιωάννης Γεωργάκης]], Έλληνας νομικός και πολιτικός\n*[[1999]] - [[Θίοντορ Χωλ]], Αμερικανός φυσικός και κατάσκοπος\n*[[2000]] - [[Στήβεν Ράνσιμαν]], Άγγλος ιστορικός\n*[[2001]] - [[Ιωάννης Ρωμανίδης]], Έλληνας θεολόγος\n*[[2006]] - [[Γουίλιαμ Στάιρον]], Αμερικανός συγγραφέας\n*[[2007]] - [[Πολ Τίμπετς]], Αμερικανός στρατιωτικός\n*[[2008]] - [[Ίμα Σουμάκ]], Περουβιανή υψίφωνος\n*2013 - Γιώργος Φουντούλης , Μάνος Καπελώνης.\n*2021-Μπάμπης Ζαχαρόπουλος Έλληνας δημοσιογράφος\n*2021-Πατ Μαρτίνο Αμερικανός κιθαρίστας και συνθέτης\n*2021-Νέλσον Φρέιρε   Βραζιλιάνος κλασικός πιανίστας\n*2021- Αλβίν πάτερσον τζαμαϊκανός κρουστάς και θρύλος μουσικός της ρέγκε \n*2021-[[Άαρον Μπεκ]] Αμερικανός ψυχίατρος\n*2021-[[Τάκης Μπουγάς]] Έλληνας τραγουδοποιός και συνθέτης.\n*2022-[[Θεοδώρα Καράγιωργα - Σταθακοπούλου]] Ελληνίδα αρχαιολόγος.\n\n== Αργίες και εορτές ==\n* Διεθνής Ημέρα Χορτοφαγίας\n* Πανελλήνια Ημέρα Δωρεάς Οργάνων\n\n=== Ορθόδοξο εορτολόγιο ===\n{{Πύλη:Ορθοδοξία/Εορτολόγιο/1 Νοεμβρίου}}\n\n{{Μήνες}}\n\n[[Κατηγορία:Ημέρες του έτους]]"}}}]}]}}