{"batchcomplete":true,"query":{"normalized":[{"fromencoded":false,"from":"1_Μαρτίου","to":"1 Μαρτίου"}],"pages":[{"pageid":1410,"ns":0,"title":"1 Μαρτίου","revisions":[{"slots":{"main":{"contentmodel":"wikitext","contentformat":"text/x-wiki","content":"{{Πηγές|3=2022|2=01|8}}\n{{Μήνες Μαρτίου}}\n\n<center>[[28 Φεβρουαρίου]] | ''[[29 Φεβρουαρίου]]'' | [[1 Μαρτίου]] | [[2 Μαρτίου]]</center>\n\n----\n\nΗ '''1η Μαρτίου''' είναι η 60ή ημέρα του έτους κατά το [[Γρηγοριανό ημερολόγιο]] (61η σε δίσεκτα έτη). Υπολείπονται 305 ημέρες.\n\n{|width=100%\n| __TOC__\n| {{ΗμερολόγιοΣεΠίνακα|3}}\n|}\n\n== Γεγονότα ==\n*[[86 π.Χ.]] – Ο [[Λεύκιος Κορνήλιος Σύλλας]], επικεφαλής του στρατού της [[Ρωμαϊκή Δημοκρατία|Ρωμαϊκής Δημοκρατίας]], μπαίνει στην [[Αθήνα]] και καθαιρεί τον [[Τύραννος|τύραννο]] [[Αριστίων]]α, ο οποίος υποστηρίχθηκε από στρατεύματα του [[Μιθριδάτης ΣΤ΄ Ευπάτωρ|Μιθριδάτη ΣΤ΄ του Πόντου]].\n*[[293]] – Οι [[Ρωμαϊκή Αυτοκρατορία|Ρωμαίοι αυτοκράτορες]] [[Διοκλητιανός]] και [[Μαξιμιανός]] ανακηρύσσουν [[Καίσαρας|Καίσαρες]] τον [[Κωνστάντιος Α΄ Χλωρός|Κωνστάντιο Χλωρό]] και τον [[Γαλέριος|Γαλέριο]] ξεκινώντας έτσι την [[Τετραρχία]]. \n*[[317]] – Ο [[Κρίσπος]] και ο [[Κωνσταντίνος Β΄]], γιοι του Ρωμαίου αυτοκράτορα [[Κωνσταντίνος Α΄|Κωνσταντίνου Α΄]], και ο Λικίνιος, γιος του αυτοκράτορα [[Λικίνιος|Λικίνιου]], γίνονται [[Καίσαρας|Καίσαρες]].\n*[[350]] - Ο [[Βετράνιος]] αυτοανακηρύσσεται Καίσαρας κατόπιν προτροπής της [[Κωνσταντίνα]]ς, αδελφής του [[Κωνστάντιος Β´|Κωνστάντιου Β΄]].\n*[[834]] - Ο αυτοκράτορας [[Λουδοβίκος ο Ευσεβής]] αποκαθίσταται ως ο μοναδικός ηγέτης της [[Φραγκία]]ς. Μετά την επάνοδό του στο θρόνο, ο μεγαλύτερος γιος του, [[Λοθάριος Α΄]], διαφεύγει στη [[Βουργουνδία]].\n*[[1476]] - Οι δυνάμεις του [[Φερδινάνδος και Ισαβέλλα|Φερδινάνδου και της Ισαβέλλας]] εμπλέκονται με τον [[Πορτογαλία|πορτογαλικό]] στρατό του [[Αλφόνσος Ε΄ της Πορτογαλίας|Αλφόνσου Ε΄]] και του [[Ιωάννης Β΄ της Πορτογαλίας|πρίγκιπα Ιωάννη]] στη μάχη του Τόρο.\n*[[1562]] - Δεκάδες [[Ουγενότοι]] σφαγιάζονται από Καθολικούς στο Βασί της [[Γαλλία]]ς, σηματοδοτώντας την έναρξη των [[Θρησκευτικοί Πόλεμοι (Γαλλία)|Γαλλικών Θρησκευτικών Πολέμων]].\n*[[1565]] - Ιδρύεται το [[Ρίο ντε Τζανέιρο]].\n*[[1633]] - Ο [[Σαμουέλ ντε Σαμπλαίν]] διεκδικεί τη θέση του διοικητή της [[Νέα Γαλλία|Νέας Γαλλίας]] εξ ονόματος του [[Αρμάν Ζαν ντυ Πλεσσί ντε Ρισελιέ|καρδινάλιου Ρισελιέ]].\n*[[1692]] - Η Σάρα Γκουντ, η Σάρα Όσμπορν και η Τιτούμπα προσάγονται ενώπιον των τοπικών δικαστών στο Σάλεμ της [[Μασαχουσέτη|Μασαχουσέτης]], ξεκινώντας αυτό που θα γινόταν γνωστό ως δίκη των [[Μάγισσες του Σάλεμ|μαγισσών του Σάλεμ]].\n*[[1700]] - Η [[Σουηδία]] εισάγει το δικό της σουηδικό ημερολόγιο, σε μία προσπάθεια να υιοθετήσει σταδιακά το [[Γρηγοριανό ημερολόγιο]]. Επανέρχεται στο [[Ιουλιανό ημερολόγιο]] την ίδια ημερομηνία το [[1712]] και εισάγει το Γρηγοριανό ημερολόγιο επίσης την ίδια ημερομηνία το [[1753]]. \n*[[1796]] - Η [[Βαταβική Δημοκρατία]] εθνικοποιεί την [[Ολλανδική Εταιρεία Ανατολικών Ινδιών]].\n*[[1811]] - Ο διοικητής της [[Αίγυπτος|Αιγύπτου]] [[Μεχμέτ Αλή Πασάς]] σκοτώνει τους ηγέτες της δυναστείας των [[Μαμελούκοι|Μαμελούκων]].\n*[[1815]] - Ο [[Ναπολέων Α΄ της Γαλλίας|Ναπολέων]] επιστρέφει στη [[Γαλλία]] από την εξορία του στην [[Έλβα (νήσος)|Έλβα]].\n*[[1845]] - Ο [[Τζον Τάιλερ]] υπογράφει νομοσχέδιο που επιτρέπει στις [[Ηνωμένες Πολιτείες Αμερικής]] να προσαρτήσουν τη [[Δημοκρατία του Τέξας]].\n*[[1867]] - Η [[Νεμπράσκα]] γίνεται η 37η [[Πολιτείες των ΗΠΑ|πολιτεία των Η.Π.Α.]] Το Λάνκαστερ μετονομάζεται σε [[Λίνκολν (Νεμπράσκα)|Λίνκολν]] και γίνεται πρωτεύουσα της πολιτείας.\n*[[1870]] - Ολοκληρώνεται μετά από 6 χρόνια μαχών και μετά τον θάνατο του προέδρου της [[Παραγουάη]]ς Φρανσίσκο Σολάνο Λόπεζ, ο [[Πόλεμος της Τριπλής Συμμαχίας]] στη Νότια Αμερική.\n*[[1872]] - Ιδρύεται το [[Εθνικό Πάρκο Γιέλοουστοουν]], το πρώτο [[Εθνικός δρυμός|εθνικό πάρκο]] στις [[Ηνωμένες Πολιτείες Αμερικής]].\n*[[1914]] - Η [[Δημοκρατία της Κίνας (1912–49)|Δημοκρατία της Κίνας]] γίνεται μέλος της [[Παγκόσμια Ταχυδρομική Ένωση|Παγκόσμιας Ταχυδρομικής Ένωσης]].\n*[[1923]] – Εφαρμόζεται στην [[Ελλάδα]] το [[γρηγοριανό ημερολόγιο]].\n*[[1932]] - Απάγεται ο γιος του [[Τσαρλς Λίντμπεργκ]].\n*[[1932]] - Ανακηρύσσεται η ίδρυση της [[Μαντσουκούο]].\n*[[1933]] - Ο [[Αδόλφος Χίτλερ|Χίτλερ]] συγκεντρώνει όλες τις εξουσίες στο πρόσωπό του στη [[Ναζιστική Γερμανία|Γερμανία]].\n*[[1935]] - Ξεσπάει στην [[Ελλάδα]] στρατιωτικό κίνημα βενιζελικών αξιωματικών.\n*[[1936]] - Ολοκληρώνεται το [[φράγμα Χούβερ]].\n*[[1941]] - [[Β΄ Παγκόσμιος Πόλεμος]]: Η [[Βουλγαρία]] υπογράφει το [[Τριμερές Σύμφωνο του Άξονα]], συντασσόμενη με τις δυνάμεις του [[Άξονας Βερολίνου - Ρώμης|Άξονα]].\n*[[1943]] - Οι αντάρτες του ΕΛΑΣ αφοπλίζουν και συλλαμβάνουν τους αντάρτες της αντιστασιακής Οργάνωσης ΕΣΑΠ, μεταξύ αυτών, τον [[Γεώργιος Κωστόπουλος|Γεώργιο Κωστόπουλο]] και [[Στέφανος Σαράφης | Στέφανο Σαράφη]].\n*[[1946]] - Εθνικοποιείται η [[Τράπεζα της Αγγλίας]].\n*[[1947]] - Το [[Διεθνές Νομισματικό Ταμείο]] αρχίζει τις χρηματοοικονομικές του πράξεις.\n*[[1949]] - Ο [[Ινδονησία|ινδονησιακός]] στρατός ανακαταλάμβει για 6 ώρες την πρωτεύουσα [[Γιογκιακάρτα]] από τους [[Βασίλειο των Κάτω Χωρών|Ολλανδούς]].\n*[[1950]] - [[Ψυχρός πόλεμος]]: Ο [[Κλάους Φουχς]] καταδικάζεται για κατασκοπεία υπέρ της [[Ένωση Σοβιετικών Σοσιαλιστικών Δημοκρατιών|Σοβιετικής Ένωσης]], αποκαλύπτοντας άκρως απόρρητα δεδομένα σχετικά με [[Πυρηνικό όπλο|πυρηνικά όπλα]].\n*[[1953]] - Ο [[Ένωση Σοβιετικών Σοσιαλιστικών Δημοκρατιών|Σοβιετικός]] ηγέτης [[Ιωσήφ Στάλιν]] παθαίνει εγκεφαλικό και καταρρέει. Πεθαίνει τέσσερις ημέρες αργότερα. \n*[[1954]] - [[Πουέρτο Ρίκο|Πορτορικανοί]] εθνικιστές επιτίθενται στο [[Καπιτώλιο των Ηνωμένων Πολιτειών]], τραυματίζοντας πέντε αντιπροσώπους.\n*[[1956]] - Η [[IATA]] ολοκληρώνει ένα σχέδιο [[Φωνητικό αλφάβητο NATO|φωνητικού αλφαβήτου]] για τον [[Διεθνής Οργανισμός Πολιτικής Αεροπορίας|Διεθνή Οργανισμό Πολιτικής Αεροπορίας]].\n*[[1962]] - Αεροσκάφος της [[American Airlines]] συντρίβεται κατά την απογείωσή του από το αεροδρόμιο της [[Νέα Υόρκη|Νέας Υόρκης]].\n*[[1966]] - Το [[Ένωση Σοβιετικών Σοσιαλιστικών Δημοκρατιών|σοβιετικό]] [[ρομποτικό διαστημόπλοιο]] [[Βενέρα 3]] προσεδαφίζεται στην [[Αφροδίτη (πλανήτης)|Αφροδίτη]] και γίνεται το πρώτο [[διαστημόπλοιο]] που προσεδαφίζεται στην επιφάνεια άλλου [[Πλανήτης|πλανήτη]]. \n*[[1973]] - Ο Μαύρος Σεπτέμβρης επιτίθεται στην πρεσβεία της [[Σαουδική Αραβία|Σαουδικής Αραβίας]] στο [[Χαρτούμ]], με αποτέλεσμα τη δολοφονία τριών δυτικών ομήρων.\n*[[1981]] - Ο [[Μπόμπι Σαντς]], μέλος του [[Ιρλανδικός Δημοκρατικός Στρατός|Ιρλανδικού Δημοκρατικού Στρατού]], ξεκινά στη φυλακή απεργία πείνας.\n\n== Γεννήσεις ==\n*[[40]] – [[Μαρτιάλης]], Ρωμαίος ποιητής\n*[[1105]] - [[Αλφόνσος Ζ΄ του Λεόν και της Καστίλης|Αλφόνσος Ζ΄]], βασιλιάς της Καστίλης και τού Λεόν\n*[[1432]] – [[Ισαβέλλα της Κοΐμπρα]], βασίλισσα της Πορτογαλίας\n*[[1445]] - [[Σάντρο Μποττιτσέλλι]], Ιταλός ζωγράφος\n*[[1456]] - [[Βλαδίσλαος Β΄ της Ουγγαρίας|Βλαδίσλαος Β΄]], βασιλιάς της Ουγγαρίας\n*[[1683]] - [[Τσανγκιάνγκ Γκιάτσο]], 6ος Δαλάι Λάμα\n*[[1683]] – [[Καρολίνα του Βρανδεμβούργου-Άνσμπαχ]], βασίλισσα της Μεγάλης Βρετανίας\n*[[1798]] – [[Γρηγόριος ΣΤ΄]], Πατριάρχης Κωνσταντινουπόλεως\n*[[1810]] – [[Φρεντερίκ Σοπέν]], Πολωνός συνθέτης\n*[[1842]] – [[Νικόλαος Γύζης]], Έλληνας ζωγράφος\n*[[1870]] - [[Ευγένιος Αντωνιάδης]], Έλληνας αστρονόμος\n*[[1886]] – [[Όσκαρ Κοκόσκα]], Αυστριακός ζωγράφος και ποιητής\n*[[1892]] - [[Ρυουνοσούκε Ακουταγκάβα]], Ιάπωνας συγγραφέας\n*[[1896]] – [[Δημήτρης Μητρόπουλος]], Έλληνας διευθυντής ορχήστρας και συνθέτης\n*[[1903]] - [[Γιώργος Ζογγολόπουλος]], Έλληνας γλύπτης\n*[[1904]] - [[Γκλεν Μίλερ]], Αμερικάνος τρομπονίστας\n*[[1910]] - [[Ντέιβιντ Νίβεν]], Άγγλος ηθοποιός\n*[[1911]] - [[Ντον ΝταΓκράντι]], Αμερικανός σεναριογράφος\n*[[1917]] – [[Ρόμπερτ Λόουελλ]], Αμερικανός ποιητής\n*[[1922]] – [[Γιτζάκ Ράμπιν]], Ισραηλινός πολιτικός\n*[[1927]] - [[Τζορτζ Όγκντεν Άμπελ]], Αμερικανός αστρονόμος\n*[[1929]] - [[Γκεόργκι Μάρκοφ]], Βούλγαρος συγγραφέας\n*[[1931]] - [[Λαμπέρτο Ντίνι]], Ιταλός πολιτικός\n*[[1933]] - [[Δημήτρης Θ. Τσάτσος]], Έλληνας πολιτικός\n*[[1937]] - [[Κώστας Βαλλιάνος]], Έλληνας ποδοσφαιριστής\n*[[1938]] - [[Τουπούα Ταμασέσε Τουπουόλα Έφι]], πολιτικός από τις Σαμόα\n*[[1939]] - [[Τσβέταν Τοντόροφ]], Βούλγαρος φιλόσοφος\n*[[1949]] - [[Σίντο Μάρτενς]], Ολλανδός τραγουδιστής\n*[[1954]] - [[Ρον Χάουαρντ]], Αμερικανός σκηνοθέτης\n*[[1956]] – [[Ντάλια Γκριμπαουσκάιτε]], Λιθουανή πολιτικός\n*[[1959]] – [[Νικ Γκρίφιν]], Άγγλος πολιτικός\n*[[1965]] – [[Μπούκερ Τι]], Αμερικανός παλαιστής\n*[[1969]] – [[Χαβιέρ Μπαρδέμ]], Ισπανός ηθοποιός\n*[[1975]] - [[Βαλεντίνα Μονέττα]], τραγουδίστρια από τον Άγιο Μαρίνο\n*[[1978]] - [[Τζένσεν Ακλς]], Αμερικανός ηθοποιός\n*[[1978]] - [[Λίγια Κεμπεντέ]], μοντέλο από την Αιθιοπία\n*[[1980]] – [[Μπεσκιοϊλού Αντέμ]], Τούρκος μουσικός και τραγουδιστής\n*[[1983]] - [[Μελέιν Γουόκερ]], Τζαμαϊκανή αθλήτρια\n*[[1983]] - [[Λουπίτα Νιόνγκο]], Κενυάτισσα ηθοποιός\n*[[1986]] - [[Μπιγκ Ι Λάνγκστον]], Αμερικανός παλαιστής\n*[[1987]] – [[Kesha]], Αμερικανίδα τραγουδίστρια\n*[[1994]] – [[Τζάστιν Μπίμπερ]], Καναδός τραγουδιστής\n\n== Θάνατοι ==\n*[[86 π.Χ.]] - [[Αριστίων]], φιλόσοφος και τύραννος των Αθηνών\n*[[965]] - [[Πάπας Λέων Η΄]]\n*[[1233]] - [[Θωμάς Α΄ της Σαβοΐας|Θωμάς Α΄]], κόμης της Σαβοΐας\n*[[1383]] - [[Αμεδαίος ΣΤ΄ της Σαβοΐας|Αμεδαίος ΣΤ΄]], κόμης της Σαβοΐας\n*[[1396]] - [[Ιωάννης του Γκέρλιτς|Ιωάννης]], δούκας του Γκέρλιτς\n*[[1697]] – [[Φραντσέσκο Ρέντι]], Ιταλός ιατρός\n*[[1792]] – [[Λεοπόλδος Β΄ της Αγίας Ρωμαϊκής Αυτοκρατορίας|Λεοπόλδος Β΄]], αυτοκράτορας της Αγίας Ρωμαϊκής Αυτοκρατορίας\n*[[1862]] - [[Νικόλαος Λεωτζάκος]], Έλληνας στρατιωτικός και αγωνιστής του 1821\n*[[1875]] – [[Τριστάν Κορμπιέρ]], Γάλλος ποιητής\n*[[1911]] - [[Ιάκωβος Ερρίκος βαν'τ Χοφ]], Ολλανδός χημικός\n*[[1921]] - [[Νικόλαος Α΄ του Μαυροβουνίου|Νικόλαος Α΄]], βασιλιάς του Μαυροβουνίου\n*[[1935]] - [[Αθανάσιος Σιώκος]], Έλληνας στρατιωτικός\n*[[1938]] – [[Γκαμπριέλε Ντ' Ανούντσιο]], Ιταλός συγγραφέας\n*[[1940]] - [[Βασίλειος Βασίλιεβιτς Κοϊνάς]], Σοβιετικός πιλότος\n*[[1964]] - [[Φίλιππος Παπαδόπουλος (πολιτικός)|Φίλιππος Παπαδόπουλος]], Έλληνας κομμουνιστής πολιτικός\n*[[1967]] - [[Ανδρέας Ζωιόπουλος]], Έλληνας ναυτικός πράκτορας\n*[[1980]] – [[Ντίξι Ντιν]], Άγγλος ποδοσφαιριστής\n*[[1983]] – [[Άρθουρ Κέσλερ]], Ούγγρος συγγραφέας\n*[[1983]] - [[Χιντέο Κομπαγιάσι]], Ιάπωνας συγγραφέας\n*[[1988]] - [[Αλέξανδρος Αθανασιάδης]], Έλληνας βιομήχανος\n*[[1990]] - [[Ευάγγελος Σταμάτης]], Έλληνας φυσικομαθηματικός\n*[[1994]] - [[Γεώργιος Δ. Δασκαλάκης|Γεώργιος Δασκαλάκης]], Έλληνας καθηγητής του Συνταγματικού Δικαίου\n*[[1998]] - [[Μανόλης Χατζηδάκης]], Έλληνας βυζαντινολόγος\n*[[2004]] - [[Κώστας Μόντης]], Κύπριος συγγραφέας\n*[[2007]] - [[Μανουέλ Μπέντο]], Πορτογάλος ποδοσφαιριστής\n*[[2007]] - [[Κολέτ Μπροσέ]], Γαλλίδα ηθοποιός\n*[[2007]] - [[Σίντνεϊ Γκαν-Μάνρο]], πολιτικός από τον Άγιο Βικέντιο και Γρεναδίνες\n*[[2012]] – [[Λούτσιο Ντάλλα]], Ιταλός τραγουδιστής\n*[[2013]] - [[Ανδρέας Άθενς]], Αμερικανός επιχειρηματίας\n*[[2014]] - [[Αλέν Ρενέ]], Γάλλος σκηνοθέτης\n*[[2015]] - [[Κρίστιαν Βελπ]], Γερμανός καλαθοσφαιριστής\n*[[2016]] - [[Γιώργος Τσακανίκας]], Έλληνας σφαιροβόλος\n*[[2017]] - [[Γιάννης Τσιντσάρης]], Έλληνας αρσιβαρίστας\n*[[2023]] -[[Ανίζ Κολτζ|Ανίς Κολτζ]] Λουξεμβουργιανή ποιήτρια και συγγραφέας. \n\n== Αργίες και εορτές ==\n* {{BIH}} - Ημέρα ανεξαρτησίας (από τη [[Γιουγκοσλαβία]] το [[1992]])\n* {{BUL}} - Baba Marta, γιορτή της άνοιξης\n* {{BRA}} - Εργατική αργία\n* {{ISL}} - Ημέρα της [[μπύρα]]ς (κατάργηση της 74χρονης απαγόρευσης κατανάλωσης μπύρας το [[1989]])\n* {{KOR}} - Μνήμη του «κινήματος της 1ης Μαρτίου»\n* {{ROM}} - Mărţişor, γιορτή της άνοιξης\n\n=== Ορθόδοξο εορτολόγιο ===\n{{Πύλη:Ορθοδοξία/Εορτολόγιο/1 Μαρτίου}}\n\n{{Μήνες}}\n\n[[Κατηγορία:Ημέρες του έτους]]"}}}]}]}}