{"batchcomplete":true,"query":{"normalized":[{"fromencoded":false,"from":"1_Φεβρουαρίου","to":"1 Φεβρουαρίου"}],"pages":[{"pageid":1158,"ns":0,"title":"1 Φεβρουαρίου","revisions":[{"slots":{"main":{"contentmodel":"wikitext","contentformat":"text/x-wiki","content":"{{5μήνες|μ=2}}\n\n<center>[[31 Ιανουαρίου]] | '''1 Φεβρουαρίου''' | [[2 Φεβρουαρίου]]</center>\n\n----\nΗ '''1η Φεβρουαρίου''' είναι η 32η ημέρα του έτους κατά το [[Γρηγοριανό ημερολόγιο]]. Υπολείπονται 333 ημέρες (334 σε δίσεκτα έτη).\n\n{{ΗμερολόγιοΣεΠίνακα|2}}\n\n== Γεγονότα ==\n{{Commonscat|1 February}}\n*[[1327]] - Ο έφηβος [[Εδουάρδος Γ΄ της Αγγλίας|Εδουάρδος Γ΄]] στέφεται βασιλιάς της [[Αγγλία]]ς, αλλά η χώρα κυβερνάται από τη μητέρα του, [[Ισαβέλλα της Γαλλίας|Ισαβέλλα]], και τον εραστή της, Ρογήρο Μόρτιμερ.\n*[[1411]] - Υπογράφεται η Πρώτη Συνθήκη Ειρήνης του [[Τόρουν]] στο [[Μοναστικό Κράτος των Τευτόνων Ιπποτών]].\n*[[1713]] - Κατόπιν διαταγής του [[Κατάλογος Σουλτάνων της Οθωμανικής Αυτοκρατορίας|Οθωμανού σουλτάνου]], συλλαμβάνεται στο Μπέντερ της [[Μολδαβία]]ς ως ανεπιθύμητος ο βασιλιάς [[Κάρολος ΙΒ΄ της Σουηδίας]].\n*[[1793]] - [[Πόλεμοι της Γαλλικής Επανάστασης]]: Η [[Γαλλία]] κηρύσσει τον πόλεμο στο [[Ηνωμένο Βασίλειο]] και την [[Ολλανδία]].\n*[[1796]] - Η πρωτεύουσα του [[Καναδάς|Άνω Καναδά]] μεταφέρεται από το Νιούαρκ στο [[Τορόντο|Γιορκ]].\n*[[1814]] - Εκρήγνυται το ηφαίστειο [[Μαγιόν]] στις [[Φιλιππίνες]], σκοτώνοντας περίπου 1200 άτομα, στην πιο καταστροφική έκρηξη του ηφαιστείου. \n*[[1835]] - Καταργείται η [[δουλεία]] στον [[Μαυρίκιος (κράτος)|Μαυρίκιο]].\n*[[1861]] - [[Αμερικανικός Εμφύλιος Πόλεμος]]: Το [[Τέξας]] αποσχίζεται από τις [[Ένωση (Αμερικανικός Εμφύλιος Πόλεμος)|Ηνωμένες Πολιτείες Αμερικής]]. \n*[[1862]] - Ξεσπά στο [[Ναύπλιο]] [[Ναυπλιακή Επανάσταση|επανάσταση]] κατά της βασιλείας του [[Όθων της Ελλάδας|Όθωνα]].\n*[[1865]] - Ο [[Αβραάμ Λίνκολν]] υπογράφει τη 13η Τροπολογία του Συντάγματος των [[Ηνωμένες Πολιτείες Αμερικής|Ηνωμένων Πολιτειών]].\n*[[1884]] - Εκδίδεται ο πρώτος τόμος (''A-Ant'') του ''[[Oxford English Dictionary|Αγγλικού Λεξικού της Οξφόρδης]]''.\n*[[1893]] - Ο [[Τόμας Έντισον]] ολοκληρώνει στο [[Νιου Τζέρσεϊ]] την κατασκευή του πρώτου [[Κινηματογραφικό στούντιο|κινηματογραφικού στούντιο]]. \n*[[1896]] - Κάνει πρεμιέρα στο [[Τορίνο]] η όπερα ''[[Λα Μποέμ (Πουτσίνι)|Λα Μποέμ]]'', υπό τη διεύθυνση του νεαρού [[Αρτούρο Τοσκανίνι]].\n*[[1902]] - [[Ευαγγελικά]]: Με διαταγή του υπουργείου Στρατιωτικών στην [[Ελλάδα]], δίνεται εντολή για την κατάσχεση των μεταφράσεων του [[Ευαγγέλιο|Ευαγγελίου]] στη [[δημοτική γλώσσα]].\n*[[1908]] - Δολοφονούνται στη [[Λισαβόνα]] ο βασιλιάς [[Κάρολος Α΄ της Πορτογαλίας]] και ο γιος του, πρίγκιπας [[Λουδοβίκος Φίλιππος της Πορτογαλίας]].\n*[[1924]] - Το [[Ηνωμένο Βασίλειο]] αναγνωρίζει την [[Ένωση Σοβιετικών Σοσιαλιστικών Δημοκρατιών|Ε.Σ.Σ.Δ.]]\n*[[1942]] - [[Β΄ Παγκόσμιος Πόλεμος]]: Ο [[Βίντκουν Κουίσλιγκ]] διορίζεται πρωθυπουργός στην κατεχόμενη από τους [[Ναζιστική Γερμανία|Γερμανούς]] [[Νορβηγία]].\n*[[1942]] - Η [[Φωνή της Αμερικής]], η επίσημη ραδιοφωνική και τηλεοπτική υπηρεσία της [[Ομοσπονδιακή κυβέρνηση των ΗΠΑ|κυβέρνησης των Ηνωμένων Πολιτειών]], αρχίζει την εκπομπή προγραμμάτων στοχευμένων στις περιοχές που ελέγχονται από τις δυνάμεις του [[Άξονας Βερολίνου - Ρώμης|Άξονα]].\n*[[1946]] - Ο [[Νορβηγία|Νορβηγός]] Τρίγκβε Λι εκλέγεται ως ο πρώτος [[Γενικός Γραμματέας των Ηνωμένων Εθνών]].\n*[[1946]] - Το κοινοβούλιο της [[Ουγγαρία]]ς καταργεί τη μοναρχία μετά από εννέα αιώνες και ανακηρύσσει τη Δημοκρατία της Ουγγαρίας.\n*[[1960]] - Τέσσερις μαύροι φοιτητές πραγματοποιούν την πρώτη από τις καταλήψεις που θα γίνουν σε εστιατόρια του Γκρίνσμπορο της [[Βόρεια Καρολίνα|Βόρειας Καρολίνας]].\n*[[1964]] - Οι [[The Beatles|Beatles]] έχουν την πρώτη τους Νο 1 επιτυχία στις [[Ηνωμένες Πολιτείες Αμερικής]] με το ''I Want to Hold Your Hand''. \n*[[1968]] - Το Καναδικό Πολεμικό Ναυτικό, ο Καναδικός Στρατός Ξηράς και η Καναδική Πολεμική Αεροπορία ενοποιούνται στις [[Καναδικές Ένοπλες Δυνάμεις]].\n*[[1974]] - Πυρκαγιά σε 25όροφο κτίριο στο [[Σάο Πάολο]] της [[Βραζιλία]]ς έχει ως απολογισμό 191 νεκρούς και 300 τραυματίες.\n*[[1979]] - Ο [[Ιράν|Ιρανός]] αγιατολάχ [[Ρουχολάχ Χομεϊνί]] επιστρέφει στην [[Τεχεράνη]] μετά από σχεδόν 15 χρόνια εξορίας.\n*[[1991]] - Σύγκρουση αεροσκαφών σε διάδρομο του [[Διεθνές Αεροδρόμιο του Λος Άντζελες|Διεθνούς Αεροδρομίου του Λος Άντζελες]] έχει ως αποτέλεσμα το θάνατο 34 ατόμων και τον τραυματισμό άλλων 30.\n*[[2002]] - Ο [[Ντάνιελ Περλ]], [[Ηνωμένες Πολιτείες Αμερικής|Αμερικανός]] δημοσιογράφος και επικεφαλής του γραφείου της νότιας Ασίας της [[The Wall Street Journal|Wall Street Journal]], ο οποίος απήχθη στις [[23 Ιανουαρίου]] του 2002, αποκεφαλίζεται και ακρωτηριάζεται από τους απαγωγείς του.  \n* [[2003]] - Μετά από 15 ημέρες στο διάστημα για την αποστολή STS 107, το [[Διαστημικό Λεωφορείο|διαστημικό λεωφορείο]] [[Διαστημικό λεωφορείο Columbia|«Κολούμπια»]](OV 102 Columbia), to πρώτο διαστημικό λεωφορείο που βγήκε από την ατμόσφαιρα (είχαν προηγηθεί τα πειραματικά Pathfinder και Enterprise, τα οποία πραγματοποίησαν μόνο δοκιμές) καίγεται και διαλύεται στην ατμόσφαιρα πάνω από το [[Τέξας]] των ΗΠΑ, κατά τη διάρκεια της επανεισόδου, στοιχίζοντας τη ζωή στους 7 επιβαίνοντες του, ανάμεσα τους κι ο πρώτος Ισραηλινός αστροναύτης. Αιτία της καταστροφής ένα κομμάτι ενός εκ των δύο Βοηθητικών Πυραύλων Υγρών Καυσίμων (SRB) που χρησημοποιούνται κατά την εκτόξευση, το οποίο ξεκόλλησε και χτύπησε το δεξί φτερό του Κολούμπια, ανοίγοντας οπή, η οποία προκάλεσε λανθασμένο ελιγμό κατά την επανείσοδο, οδηγώντας έτσι το κινούμενο με περίπου 17.000&nbsp;km/h λεωφορείο στην καταστροφή.\n* [[2004]] - Στους 244 ανέρχεται ο αριθμός των νεκρών προσκυνητών που ποδοπατούνται μέχρι θανάτου κατά τη διάρκεια τελετουργικού, με το οποίο ολοκληρώνεται το ετήσιο προσκύνημα των πιστών στη [[Μέκκα]]. Ο αριθμός των τραυματιών ξεπερνά τους διακόσιους.\n\n== Γεννήσεις ==\n*[[1352]] - [[Εδμόνδος Μόρτιμερ, 3ος κόμης του Μαρς]]\n*[[1435]] - [[Αμεδαίος Θ΄ της Σαβοΐας|Αμεδαίος Θ΄]], δούκας της Σαβοΐας\n*[[1459]] - [[Κόνραντ Κέλτις]], Γερμανός ανθρωπιστής\n*[[1874]] - [[Ούγκο φον Χόφμανσταλ]], Αυστριακός συγγραφέας\n*[[1878]] - [[Άλφρεντ Χάγιος]], Ούγγρος κολυμβητής και αρχιτέκτονας\n*[[1878]] - [[Μίλαν Χότζα]], Σλοβάκος πολιτικός\n*[[1884]] - [[Γιεβγκένι Ζαμιάτιν]], Ρώσος συγγραφέας\n*[[1891]] - [[Γιάννης Κορδάτος]], Έλληνας πολιτικός\n*[[1894]] - [[Τζον Φορντ]], Αμερικανός σκηνοθέτης και παραγωγός\n*[[1901]] - [[Κλαρκ Γκέιμπλ]], Αμερικανός ηθοποιός\n*[[1902]] - [[Λάνγκστον Χιουζ]], Αμερικανός συγγραφέας\n*[[1905]] - [[Εμίλιο Τζίνο Σεγκρέ]], Ιταλός φυσικός\n*[[1915]] - [[Στάνλεϊ Μάθιους]], Άγγλος ποδοσφαιριστής\n*[[1931]] - [[Μπορίς Γιέλτσιν]], Ρώσος πολιτικός\n*[[1937]] - [[Αντώνης Χρηστέας]], Έλληνας καλαθοσφαιριστής\n*[[1940]] - [[Μιχάλης Μπέλλης]], Έλληνας ποδοσφαιριστής\n*[[1965]] - [[Μπράντον Λι]], Αμερικανός ηθοποιός\n*[[1965]] - [[Σέριλιν Φεν]], Αμερικανίδα ηθοποιός\n*[[1965]] - [[Στεφανία του Μονακό|Στεφανία]], πριγκίπισσα του Μονακό\n*[[1966]] - [[Βασίλης Δημητριάδης]], Έλληνας ποδοσφαιριστής\n*[[1969]] - [[Γκαμπριέλ Μπατιστούτα]], Αργεντινός ποδοσφαιριστής\n*[[1971]] - [[Τζιλ Κέλλυ]], Αμερικανίδα πορνογραφική ηθοποιός\n*[[1975]] - [[Κατερίνα Θάνου]], Ελληνίδα αθλήτρια\n*[[1983]] - [[Ελεωνόρα Ζουγανέλη]], Ελληνίδα τραγουδίστρια\n*[[1987]] - [[Χέδερ Μόρις]], Αμερικανίδα ηθοποιός και χορεύτρια\n*[[1994]] - [[Χάρι Στάιλς]], Άγγλος τραγουδιστής ([[One Direction]])\n*[[2000]] - [[Σάββας Σαλίπας]], Έλληνας ηθοποιός\n*\n\n== Θάνατοι ==\n*[[212]] - [[Γέτας]], Ρωμαίος αυτοκράτορας\n*[[1222]] - [[Αλέξιος Α΄ Μέγας Κομνηνός]], αυτοκράτορας της Τραπεζούντας\n*[[1248]] - [[Ερρίκος Β΄ της Βραβάντης|Ερρίκος Β΄]], δούκας της Βραβάντης\n*[[1328]] - [[Κάρολος Δ΄ της Γαλλίας|Κάρολος Δ΄]], βασιλιάς της Γαλλίας\n*[[1501]] - [[Σιγισμούνδος της Βαυαρίας|Σιγισμούνδος]], δούκας της Βαυαρίας\n*[[1691]] - [[Πάπας Αλέξανδρος Η΄]]\n*[[1733]] - [[Αύγουστος Β΄ ο Δυνατός]], βασιλιάς της Πολωνίας\n*[[1760]] - [[Γουλιέλμος Η΄ της Έσσης-Κάσσελ|Γουλιέλμος Η΄]], λάντγκραβος της Έσσης-Κάσσελ\n*[[1851]] - [[Μαίρη Σέλλεϋ]], Αγγλίδα συγγραφέας\n*[[1864]] - [[Λουίζα του Αρτουά]], δούκισσα της Πάρμας\n*[[1885]] - [[Ανρί Ντυπουί ντε Λομ]], Γάλλος ναυπηγός\n*[[1908]] - [[Κάρολος Α΄ της Πορτογαλίας|Κάρολος Α΄]], βασιλιάς της Πορτογαλίας\n*[[1908]] - [[Λουδοβίκος Φίλιππος της Πορτογαλίας|Λουδοβίκος Φίλιππος]], πρίγκιπας της Πορτογαλίας \n*[[1912]] - [[Τιμολέων Αργυρόπουλος]], Έλληνας φυσικομαθηματικός\n*[[1916]] - [[Γιουσούφ Ιζζεντίν Εφέντι]], Οθωμανός πρίγκιπας\n*[[1922]] - [[Γιαμαγκάτα Αριτόμο]], Ιάπωνας πολιτικός\n*[[1923]] - [[Ερνστ Τρελτς]], Γερμανός θεολόγος\n*[[1936]] - [[Γεώργιος Κονδύλης]], Έλληνας πολιτικός\n*[[1940]] - [[Ζαχαρίας Παπαντωνίου]], Έλληνας συγγραφέας\n*[[1944]] - [[Πητ Μοντριάν]], Ολλανδός ζωγράφος\n*[[1949]] - [[Χέρμπερτ Στόθαρτ]], Αμερικανός συνθέτης\n*[[1950]] - [[Μαρσέλ Μος]], Γάλλος ανθρωπολόγος και κοινωνιολόγος\n*[[1957]] - [[Φρίντριχ Πάουλους]], Γερμανός στρατηγός\n*[[1958]] - [[Κλίντον Τζόζεφ Ντέιβισον]], Αμερικανός φυσικός\n*[[1966]] - [[Μπάστερ Κίτον]], Αμερικανός ηθοποιός\n*[[1971]] - [[Ραούλ Χάουσμαν]], Αυστριακός καλλιτέχνης\n*[[1976]] - [[Χανς Ρίχτερ (καλλιτέχνης)|Χανς Ρίχτερ]], Γερμανός καλλιτέχνης\n*[[1976]] - [[Βέρνερ Χάιζενμπεργκ]], Γερμανός φυσικός\n*[[1977]] - [[Διονύσιος Γ. Μυλωνάς]], Έλληνας βουλευτής\n*[[1979]] - [[Αμπντί Ιπεκτσί]], Τούρκος δημοσιογράφος\n*[[1982]] - [[Ρένος Φραγκούδης]], Κύπριος πρωταθλητής του στίβου\n*[[1986]] - [[Άλβα Μίρνταλ]], Σουηδή πολιτικός\n*[[2002]] - [[Χίλντεγκαρντ Κνεφ]], Γερμανίδα ηθοποιός\n*[[2002]] - [[Ντάνιελ Περλ]], Αμερικανός δημοσιογράφος\n*[[2003]] - [[Ίλαν Ραμόν]], Ισραηλινός αστροναύτης\n*[[2003]] - [[Ρίτσαρντ Ντάγκλας Χάσμπαντ]], Αμερικανός αστροναύτης\n*[[2011]] - [[Τάκης Βαρβιτσιώτης]], Έλληνας ποιητής\n*[[2012]] - [[Βισλάβα Συμπόρσκα]], Πολωνή συγγραφέας\n*[[2014]] - [[Μαξιμίλιαν Σελλ]], Αυστριακός ηθοποιός και σκηνοθέτης\n*[[2014]] - [[Λουίς Αραγονές]], Ισπανός ποδοσφαιριστής και προπονητής\n\n== Αργίες και εορτές ==\n=== [[Ορθόδοξη Εκκλησία]] ===\n{{Πύλη:Ορθοδοξία/Εορτολόγιο/1 Φεβρουαρίου}}\n\n{{Μήνες}}\n\n[[Κατηγορία:Ημέρες του έτους]]"}}}]}]}}