{"batchcomplete":true,"query":{"normalized":[{"fromencoded":false,"from":"1_Μαΐου","to":"1 Μαΐου"}],"pages":[{"pageid":913,"ns":0,"title":"1 Μαΐου","revisions":[{"slots":{"main":{"contentmodel":"wikitext","contentformat":"text/x-wiki","content":"{{Μήνες Μαΐου}}\n\n<center>{{Πηγές|3=2022|2=01|8}}\n[[30 Απριλίου]] | '''1 Μαΐου''' | [[2 Μαΐου]]</center>\n\n----\nΗ '''1η Μαΐου''' είναι η 121η ημέρα του έτους κατά το [[Γρηγοριανό ημερολόγιο]] (122η σε δίσεκτα έτη).  Υπολείπονται 244 ημέρες.\n\n{|width=100%\n| __TOC__\n| {{ΗμερολόγιοΣεΠίνακα|5}}\n|}\n\n== Γεγονότα ==\n*[[305]] – Ο [[Διοκλητιανός]] και ο [[Μαξιμιανός]] παραιτούνται από [[Ρωμαϊκή Αυτοκρατορία|Ρωμαίοι αυτοκράτορες]].\n*[[880]] – Εγκαινιάζεται στην [[Βυζαντινή Κωνσταντινούπολη|Κωνσταντινούπολη]] η Νέα Εκκλησία, θέτοντας το πρότυπο για όλες τις μεταγενέστερες ορθόδοξες εκκλησίες [[Βυζαντινός ρυθμός|βυζαντινού ρυθμού]].\n*[[1328]] - Επικυρώνεται η Συνθήκη [[Εδιμβούργο]]υ-[[Νορθάμπτον]], με την οποία το [[Βασίλειο της Αγγλίας]] αναγνωρίζει το Βασίλειο της [[Σκωτία]]ς ως ανεξάρτητο κράτος.\n*[[1707]] - Εφαρμόζεται ο [[Νόμοι της Ένωσης 1707|Νόμος της Ένωσης]], με τον οποίο το [[Βασίλειο της Αγγλίας]] και το Βασίλειο της [[Σκωτία]]ς σχηματίζουν το [[Βασίλειο της Μεγάλης Βρετανίας]].\n*[[1753]] - Δημοσιεύεται το ''Species Plantarum'' του [[Κάρολος Λινναίος|Κάρολου Λινναίου]]. Αυτή είναι η επίσημη ημερομηνία έναρξης της [[Ταξινόμηση φυτών|ταξινόμησης των φυτών]] σύμφωνα με το Διεθνή Κώδικα Βοτανικής Ονοματολογίας.\n*[[1776]] - Ο [[Εταιρία του Ιησού|Ιησουίτης]] [[Άνταμ Βάισχαουπτ]] ιδρύει τους [[Ιλλουμινάτοι|Ιλλουμινάτι]] στο [[Ίνγκολστατ]] ([[Άνω Βαυαρία]]).  \n*[[1786]] – Κάνει πρεμιέρα στη [[Βιέννη]] η όπερα του [[Βόλφγκανγκ Αμαντέους Μότσαρτ]] ''[[Οι Γάμοι του Φίγκαρο]]''.\n*[[1840]] - Εκδίδεται στο [[Ηνωμένο Βασίλειο]] το πρώτο [[γραμματόσημο]] (\"πένι μπλακ\"). \n*[[1844]] - Ιδρύεται η αστυνομία του [[Χονγκ Κονγκ]], η δεύτερη σύγχρονη αστυνομική δύναμη του κόσμου και η πρώτη της [[Ασία]]ς.\n*[[1851]] - Η [[βασίλισσα Βικτωρία]] ανοίγει τη Μεγάλη Έκθεση στο Κρύσταλ Πάλας του [[Λονδίνο]]υ.\n*[[1862]] - [[Αμερικανικός Εμφύλιος Πόλεμος]]: ο στρατός της [[Ένωση (Αμερικανικός Εμφύλιος Πόλεμος)|Ένωσης]] ολοκληρώνει την κατάληψη της [[Νέα Ορλεάνη|Νέας Ορλεάνης]].\n*[[1865]] - Η αυτοκρατορία της [[Βραζιλία]]ς, η [[Αργεντινή]] και η [[Ουρουγουάη]] υπογράφουν τη Συνθήκη της Τριπλής Συμμαχίας.\n*[[1866]] - Ξεσπούν ρατσιστικές ταραχές στο [[Μέμφις (Τενεσσί)]]. Μέχρι τις [[3 Μαΐου]] σκοτώνονται 46 μαύροι και δύο λευκοί. Οι αναφορές περί φρικαλεοτήτων επηρέασαν την ψήφιση της 14ης τροπολογίας του Συντάγματος των [[Ηνωμένες Πολιτείες Αμερικής|Η.Π.Α.]]\n*[[1886]] – Στις [[Ηνωμένες Πολιτείες Αμερικής]] πραγματοποιούνται συλλαλητήρια με αίτημα την οκτάωρη εργασία. Σε ανάμνηση των διαδηλώσεων, η 1η Μαΐου εορτάζεται σε πολλές χώρες ως [[Εργατική Πρωτομαγιά]].\n*[[1888]] – Λαμβάνει χώρα η πρώτη απεργία στον τότε υπό οθωμανική διοίκηση ελλαδικό χώρο, στην πόλη της [[Δράμα (πόλη)|Δράμας]], από τους καπνεργάτες με κύριο αίτημα τις δέκα ώρες εργασίας, καθώς εκείνη την εποχή οι εργάτες εργάζονταν από δώδεκα έως και δεκατρείς ώρες ημερησίως.\n*[[1893]] - Ανοίγει η [[Διεθνής Έκθεση του Σικάγο|Διεθνής Έκθεση του Σικάγου]].\n*[[1898]] - [[Ισπανοαμερικανικός πόλεμος]]: το [[Πολεμικό Ναυτικό των ΗΠΑ]] καταστρέφει τον [[Ισπανία|ισπανικό]] στόλο στον κόλπο της [[Μανίλα]], στην πρώτη ναυμαχία του πολέμου.\n*[[1915]] - Το RMS ''[[Λουζιτάνια]]'' αναχωρεί από τη [[Νέα Υόρκη]] για τη 202η, και τελευταία, διέλευση του Βόρειου Ατλαντικού Ωκεανού. Έξι ημέρες αργότερα, το πλοίο τορπιλίζεται στα ανοικτά των ακτών της [[Ιρλανδία]]ς με απολογισμό 1.198 νεκρούς. \n*[[1931]] – Εγκαινιάζεται στη [[Νέα Υόρκη]] το [[Εμπάιρ Στέιτ Μπίλντινγκ]].\n*[[1944]] – [[Β΄ Παγκόσμιος Πόλεμος]]: [[200 της Καισαριανής|200 Έλληνες]] εκτελούνται από τους [[Ναζιστική Γερμανία|Γερμανούς]] στο σκοπευτήριο της [[Καισαριανή]]ς ως αντίποινα για τη [[εκτέλεση του υποστράτηγου Κρεχ]] στους [[Μολάοι|Μολάους]].\n*[[1945]] - [[Β΄ Παγκόσμιος Πόλεμος]]: Ο υπουργός προπαγάνδας των Ναζί [[Γιόζεφ Γκαίμπελς]] και η σύζυγός του, Μάγδα, αυτοκτονούν στον κήπο του Ράιχ έξω από το [[Καταφύγιο του Χίτλερ]]. Τα παιδιά τους έχουν επίσης σκοτωθεί με κατάποση χαπιών κυανίου που εισήγαγε στο στόμα τους η μητέρα τους, Μάγδα. \n*[[1945]] - [[Β΄ Παγκόσμιος Πόλεμος]]: Οι [[Γιουγκοσλάβοι Παρτιζάνοι]] απελευθερώνουν την [[Τεργέστη]].\n*[[1960]] - Ιδρύονται οι δυτικές [[Ινδία|ινδικές]] πολιτείες [[Γκουτζαράτ]] και [[Μαχαράστρα]].\n*[[1960]] - [[Ψυχρός πόλεμος]]: [[Κατάρριψη του U2 από τους Σοβιετικούς]]. Ο Φράνσις Γκάρι Πάουερς, πετώντας με κατασκοπευτικό αεροπλάνο πάνω από τη [[Ένωση Σοβιετικών Σοσιαλιστικών Δημοκρατιών|Σοβιετική Ένωση]], καταρρίπτεται πυροδοτώντας διπλωματική κρίση.\n*[[1961]] - Ο [[Φιντέλ Κάστρο]] ανακηρύσσει την [[Κούβα]] σοσιαλιστικό κράτος και καταργεί τις εκλογές.\n*[[1967]] - 9 νεκροί, 56 τραυματίες και 16.000 άστεγοι από καταστροφικό [[Σεισμός|σεισμό]] που πλήττει την [[Περιφέρεια Ηπείρου|Ήπειρο]] και τη [[Θεσσαλία]].\n*[[1976]]: Σκοτώνεται σε αυτοκινητικό δυστύχημα ο αγωνιστής [[Αλέξανδρος Παναγούλης|Αλέκος Παναγούλης]].\n*[[1977]] - Τριάντα τέσσερις άνθρωποι σκοτώνονται στην [[πλατεία Ταξίμ]] στην [[Κωνσταντινούπολη]], κατά τη διάρκεια των εορτασμών της εργατικής Πρωτομαγιάς.\n*[[1994]] – Ο τρεις φορές παγκόσμιος πρωταθλητής της [[Φόρμουλα 1]] [[Άιρτον Σένα]] σκοτώνεται σε ατύχημα στο Γκραν Πρι που διεξάγεται στην [[Ίμολα]].\n* [[2004]] – Η [[Κύπρος]] μαζί με  τις [[Εσθονία]], [[Λετονία]], [[Λιθουανία]], [[Μάλτα]], [[Ουγγαρία]], [[Πολωνία]], [[Σλοβακία]], [[Σλοβενία]] και [[Τσεχία]] εντάσσονται στην [[Ευρωπαϊκή Ένωση]].\n\n\n== Γεννήσεις ==\n*[[1218]] – [[Ιωάννης Α΄ του Αινώ|Ιωάννης Α΄]], κόμης του Αινώ\n*[[1218]] – [[Ροδόλφος Α΄ της Γερμανίας|Ροδόλφος Α΄]], βασιλιάς της Γερμανίας\n*[[1245]] – [[Φίλιππος Γ΄ της Γαλλίας|Φίλιππος Γ΄]], βασιλιάς της Γαλλίας\n*[[1604]] - [[Λουδοβίκος του Σουασόν|Λουδοβίκος]], κόμης του Σουασόν\n*[[1672]] – [[Τζόζεφ Άντισον]], Άγγλος πολιτικός και συγγραφέας\n*[[1811]] - [[Ανδρέας Λασκαράτος]], Έλληνας συγγραφέας\n*[[1852]] - [[Σαντιάγο Ραμόν ι Καχάλ]], Ισπανός ιστολόγος και νευροεπιστήμονας\n*[[1868]] - [[Φρειδερίκος Κάρολος της Έσσης]], βασιλιάς της Φινλανδίας\n*[[1896]] – [[Μαρκ Γουέιν Κλαρκ]], Αμερικανός στρατηγός\n*[[1900]] – [[Ινιάτσιο Σιλόνε]], Ιταλός συγγραφέας και πολιτικός\n*[[1909]] – [[Γιάννης Ρίτσος]], Έλληνας ποιητής\n*[[1910]] – [[Γιόζεφ Άλλεν Χάινεκ]], Αμερικανός αστρονόμος\n*[[1913]] – [[Χάτζι Λέσι]], Αλβανός πολιτικός και στρατιωτικός\n*[[1916]] – [[Γκλεν Φορντ]], Καναδός ηθοποιός\n*[[1918]] - [[Δημήτρης Παπαδήμος]], Έλληνας φωτογράφος\n*[[1924]] - [[Νίκος Βασταρδής]], Έλληνας ηθοποιός\n*[[1925]] - [[Σκοτ Κάρπεντερ]], Αμερικανός αστροναύτης \n*1925 - Γκάμπριελ Άμορτ, ιερέας/εξορκιστής του Βατικανού\n*[[1927]] - [[Αλμπέρ Ζαφί]], πρόεδρος της Μαδαγασκάρης\n*[[1929]] - [[Ραλφ Ντάρεντολφ]], Γερμανός κοινωνιολόγος\n*[[1944]] - [[Ελένη Ανουσάκη]], Ελληνίδα ηθοποιός\n*[[1940]] - [[Φαχρουντίν Αχμέτ]], οικονομολόγος από το Μπανγκλαντές\n*[[1960]] – [[Σταμάτης Γαρδέλης]], Έλληνας ηθοποιός \n*[[1969]] - [[Γουές Άντερσον]], Αμερικανός σκηνοθέτης\n*[[1977]] – [[Στάθης Δρογώσης]], Έλληνας τραγουδοποιός\n*[[1980]] – [[Άνα Κλάουδια Ταλανκόν]], Μεξικάνα ηθοποιός\n*[[1981]] – [[Αλεξάντερ Χλεμπ]], Λευκορώσος ποδοσφαιριστής\n*[[1982]] - [[Ντάριο Σρνα]], Κροάτης ποδοσφαιριστής\n*[[1983]] - [[Αλαίν Μπερνάρ]], Γάλλος κολυμβητής\n*[[1985]] - [[Κατερίνα Καινούργιου]], Ελληνίδα παρουσιάστρια\n*[[2004]] - [[Τσάρλι Ντ'Αμέλιο]], Αμερικανίδα χορεύτρια\n\n== Θάνατοι ==\n*[[408]] – [[Αρκάδιος]], Βυζαντινός αυτοκράτορας\n*[[1118]] - [[Ματθίλδη της Σκωτίας]], βασίλισσα της Αγγλίας\n*[[1277]] - [[Στέφανος Ούρος Α΄]], βασιλιάς της Σερβίας\n*[[1278]] - [[Γουλιέλμος Β΄ Βιλλεαρδουίνος]], πρίγκιπας της Αχαΐας\n*[[1308]] – [[Αλβέρτος Α΄ της Γερμανίας|Αλβέρτος Α΄]], βασιλιάς της Γερμανίας\n*[[1555]] – [[Πάπας Μάρκελλος Β΄]]\n*[[1572]] - [[Πάπας Πίος Ε΄]]\n*[[1656]] - [[Κάρλο Κονταρίνι]], δόγης της Βενετίας\n*[[1809]] - [[Φρανσουά Λωράν ντ'Αρλάντ]], Γάλλος στρατιωτικός και αεροπόρος\n*[[1813]] – [[Ζαν Μπατίστ Μπεσσιέρ]], Γάλλος στρατάρχης\n*[[1873]] - [[Ντέιβιντ Λίβινγκστον]], Σκωτσέζος εξερευνητής\n*[[1891]] - [[Φέρντιναντ Γκρεγκορόβιους]], Γερμανός ιστορικός\n*[[1904]] – [[Αντονίν Ντβόρζακ]], Τσέχος συνθέτης\n*[[1907]] - [[Γρηγόριος Μαρασλής]], Έλληνας ευεργέτης\n*[[1944]] - [[Ναπολέων Σουκατζίδης]], Έλληνας αντιστασιακός\n*[[1945]] – [[Γιόζεφ Γκαίμπελς]], Γερμανός πολιτικός\n*[[1948]] - [[Χρήστος Λαδάς]] Έλληνας πολιτικός\n*[[1976]] – [[Αλέξανδρος Παναγούλης]], Έλληνας αγωνιστής\n*[[1976]] - [[Χαράλαμπος Φραγκίστας]], Έλληνας πολιτικός\n*[[1977]] - [[Δημήτρης Μπισλάνης]], Έλληνας ηθοποιός\n*[[1978]] – [[Αράμ Χατσατουριάν]], Αρμένιος συνθέτης\n*[[1993]] - [[Κατερίνα Ανδρεάδη]], Ελληνίδα ηθοποιός\n*[[1994]] – [[Άιρτον Σένα]], Βραζιλιάνος οδηγός αγώνων\n*[[2001]] - [[Στέφανος Ιωαννίδης]], Έλληνας συγγραφέας\n*[[2002]] - [[Θανάσης Κακογιάννης]], Έλληνας αντιστασιακός και πολιτικός\n*[[2008]] - [[Δούκας Καλογήρου]], Έλληνας πολιτικός\n*[[2015]] - [[Φάνης Τσιμιγκάτος]], Έλληνας μαραθωνοδρόμος\n\n== Αργίες και εορτές ==\n\n* Εορτασμός της εργατικής [[Πρωτομαγιά]]ς\n\n=== Ορθόδοξο εορτολόγιο ===\n{{Πύλη:Ορθοδοξία/Εορτολόγιο/1 Μαΐου}}\n\n{{Μήνες}}\n\n[[Κατηγορία:Ημέρες του έτους]]\n[[Κατηγορία:Αργίες]]"}}}]}]}}