{"batchcomplete":true,"query":{"normalized":[{"fromencoded":false,"from":"20_Οκτωβρίου","to":"20 Οκτωβρίου"}],"pages":[{"pageid":3364,"ns":0,"title":"20 Οκτωβρίου","revisions":[{"slots":{"main":{"contentmodel":"wikitext","contentformat":"text/x-wiki","content":"{{Μήνες Οκτωβρίου}}\n\n<center>[[19 Οκτωβρίου]] | '''20 Οκτωβρίου''' | [[21 Οκτωβρίου]]</center>\n\n----\n{{ΗμερολόγιοΣεΠίνακα|10}}\nΗ '''20ή Οκτωβρίου''' είναι η 293η ημέρα του έτους κατά το [[Γρηγοριανό Ημερολόγιο]] (294η σε δίσεκτα έτη). Υπολείπονται 72 ημέρες.\n\n== Γεγονότα ==\n*[[1548]] - Ο Αλόνσο δε Μεντόσα ιδρύει την πόλη Νουέστρα Σενιόρα δε [[Λα Πας]] (Η [[Παναγία]] της Ειρήνης).\n*[[1720]] - Ο πειρατής της [[Καραϊβική]]ς [[Κάλικο Τζακ]] συλλαμβάνεται από το [[Βασιλικό Ναυτικό]] της [[Μεγάλη Βρετανία|Μεγάλης Βρετανίας]].\n*[[1740]] - Η [[Μαρία Θηρεσία]] γίνεται αρχιδούκισσα της [[Αγία Ρωμαϊκή Αυτοκρατορία|Αυστρίας]]. Η άρνηση της αναγνώρισής της από τη [[Βασίλειο της Γαλλίας|Γαλλία]], την [[Βασίλειο της Πρωσίας|Πρωσία]], τη [[Βαυαρία]] και τη [[Σαξονία]] αποτέλεσε το έναυσμα για τον [[Πόλεμος της Αυστριακής Διαδοχής|Πόλεμο της Αυστριακής Διαδοχής]].\n*[[1803]] - Η [[Γερουσία (ΗΠΑ)|Γερουσία των Ηνωμένων Πολιτειών]] επικυρώνει την [[Αγορά της Λουιζιάνας]].\n*[[1805]] - Ο στρατός του στρατηγού Μακ παραδίδεται στο [[Ναπολέων Α΄ της Γαλλίας|Ναπολέοντα Α΄ της Γαλλίας]] στο [[Ουλμ]].\n*[[1818]] - Οι [[Ηνωμένες Πολιτείες Αμερικής]] και το [[Ηνωμένο Βασίλειο]] υπογράφουν συνθήκη, η οποία ρυθμίζει τα σύνορα [[Καναδάς|Καναδά]]-Ηνωμένων Πολιτειών στην 49η παράλληλο για το μεγαλύτερο μέρος τους.\n*[[1827]] - [[Ναυμαχία του Ναυαρίνου]]: ο [[Οθωμανική Αυτοκρατορία|οθωμανικός]] και [[Αίγυπτος|αιγυπτιακός]] στόλος ηττάται από τις [[Μεγάλη Βρετανία|βρετανικές]], [[Γαλλία|γαλλικές]] και [[Ρωσική Αυτοκρατορία|ρωσικές]] δυνάμεις στην [[Πύλος|Πύλο]].\n*[[1883]] - Το [[Περού]] και η [[Χιλή]] υπογράφουν συνθήκη, με την οποία η επαρχία Ταραπακά παραχωρείται στη Χιλή, τερματίζοντας τη συμμετοχή του Περού στον [[Πόλεμος του Ειρηνικού|Πόλεμο του Ειρηνικού]]. \n*[[1904]] - Η [[Χιλή]] και η [[Βολιβία]] υπογράφουν τη Συνθήκη Ειρήνης και Φιλίας, οριοθετώντας τα σύνορα μεταξύ των δύο χωρών.\n*[[1910]] - Το ''RMS Olympic'', αδελφό πλοίο του ''[[Τιτανικός|Τιτανικού]]'', καθελκύεται από [[ναυπηγείο]] του [[Μπέλφαστ]] στη [[Βόρεια Ιρλανδία]]. \n*[[1912]] - [[Α΄ Βαλκανικός Πόλεμος]]: ο [[Ελληνικός Στρατός Ξηράς|ελληνικός στρατός]] απελευθερώνει τα [[Γιαννιτσά]].\n*[[1939]] - Ο [[Πάπας Πίος ΙΒ΄]] εκδίδει την πρώτη του σημαντική εγκύκλιο, με τίτλο ''Summi Pontificatus''.\n*[[1941]] - [[Β΄ Παγκόσμιος Πόλεμος]]: Χιλιάδες πολίτες εκτελούνται στο [[Κραγκούγιεβατς]], στην κατεχόμενη από τους [[Ναζιστική Γερμανία|Γερμανούς]] [[Σερβία]].\n*[[1944]] - Ο [[Ένωση Σοβιετικών Σοσιαλιστικών Δημοκρατιών|σοβιετικός]] στρατός και οι [[Γιουγκοσλάβοι Παρτιζάνοι]] απελευθερώνουν το [[Βελιγράδι]], πρωτεύουσα της [[Βασίλειο της Γιουγκοσλαβίας|Γιουγκοσλαβίας]].\n*[[1944]] - Υγρό φυσικό αέριο διαρρέει από τις δεξαμενές αποθήκευσης στο [[Κλίβελαντ]] και εκρήγνυται. Η έκρηξη και η επακόλουθη πυρκαγιά ισοπεδώνουν τριάντα οικοδομικά τετράγωνα και σκοτώνουν 130 άτομα.\n*[[1944]] - Ο [[Η.Π.Α.|Αμερικανός]] στρατηγός [[Ντάγκλας Μακάρθουρ]] εκπληρώνει την υπόσχεσή του να επιστρέψει στις [[Φιλιππίνες]], όταν διατάζει συμμαχική επίθεση στο [[Λέιτε]], διεκδικώντας τα νησιά από την [[Ιαπωνία]] κατά τη διάρκεια του [[Β΄ Παγκόσμιος Πόλεμος|Β΄ Παγκοσμίου Πολέμου]].  \n*[[1947]] - Οι [[Ηνωμένες Πολιτείες Αμερικής]] και το [[Πακιστάν]] συνάπτουν για πρώτη φορά [[διπλωματικές σχέσεις]].\n*[[1968]] - Η πρώην [[Πρώτη Κυρία των Ηνωμένων Πολιτειών Αμερικής]] [[Ζακλίν Μπουβιέ Κένεντι Ωνάση|Ζακλίν Κένεντι]] παντρεύεται τον [[Έλληνες|Έλληνα]] μεγιστάνα [[Αριστοτέλης Ωνάσης|Αριστοτέλη Ωνάση]].\n*[[1969]] - Σε ποινές κάθειρξης 16 και 10 ετών αντίστοιχα καταδικάζονται από το Έκτακτο Στρατοδικείο Αθηνών οι Αλέξανδρος Αρχάκης, λοχαγός ε.α. και Δημήτρης Λέκκας, έμπορος, κατηγορούμενοι για βομβιστικές ενέργειες εναντίον του [[Χούντα των Συνταγματαρχών|καθεστώτος]].\n*[[1973]] - Ανοίγει η [[Όπερα του Σίδνεϋ]].\n* [[1977]] - Έξι άτομα, μεταξύ των οποίων 3 μέλη του ροκ συγκροτήματος [[Lynyrd Skynyrd]] (Ronnie Van Zant, Steve Gaines, Cassie Gaines) σκοτώνονται σε αεροπορικό δυστύχημα 5 μίλια βορειοανατολικά του Γκίλσμπουργκ του Μισισίπι.\n* [[2011]] - Φονεύεται από τους αντάρτες ο ως τότε ηγέτης της Λιβύης συνταγματάρχης [[Μουαμάρ Καντάφι]].\n\n== Γεννήσεις ==\n*[[1496]] - [[Κλαύδιος της Λωρραίνης|Κλαύδιος]], δούκας του Γκιζ\n*[[1620]] - [[Έλμπερτ Κόυπ]], Ολλανδός ζωγράφος\n*[[1780]] - [[Παυλίνα Βοναπάρτη - Μποργκέζε]], αδελφή του [[Ναπολέων Α΄ της Γαλλίας|Ναπολέοντα Α΄ της Γαλλίας]]\n*[[1784]] - [[Υποκόμης Πάλμερστον]], Άγγλος πολιτικός\n*[[1854]] - [[Αρθούρος Ρεμπώ]], Γάλλος ποιητής\n*[[1859]] - [[Τζον Ντιούι]], Αμερικανός φιλόσοφος και ψυχολόγος\n*[[1864]] - [[Μπράνισλαβ Νούσιτς]], Σέρβος συγγραφέας\n*[[1874]] - [[Τσαρλς Άιβς]], Αμερικανός συνθέτης\n*[[1882]] - [[Μπέλα Λουγκόζι]], Ούγγρος ηθοποιός\n*[[1888]] - [[Ιναγιατουλάχ Χαν]], Βασιλιάς του Αφγανιστάν\n*[[1891]] - [[Γιόμο Κενυάτα]], Κενυάτης πολιτικός\n*[[1891]] - [[Τζέιμς Τσάντγουικ]], Άγγλος φυσικός\n*[[1917]] - [[Στεφάν Εσέλ]], Γάλλος διπλωμάτης και ακτιβιστής\n*[[1925]] - [[Θίοντορ Χωλ]], Αμερικανός φυσικός και κατάσκοπος\n*[[1935]] - [[Γιάννης Γκούμας (λογοτέχνης)|Γιάννης Γκούμας]], Έλληνας λογοτέχνης, ηθοποιός και μουσικός\n*[[1940]] - [[Σπύρος Ευαγγελάτος]], Έλληνας σκηνοθέτης\n*[[1943]] - [[Ντούνια Βέιζοβιτς]], Κροάτισσα υψίφωνος\n*[[1946]] - [[Ελφρίντε Γέλινεκ]], Αυστριακή συγγραφέας\n*[[1950]] - [[Ζόρζε Κάρλος Φονσέκα]], πρόεδρος του Πράσινου Ακρωτηρίου\n*[[1952]] - [[Ντάλια Ιτσίκ]], Ισραηλινή πολιτικός\n*[[1956]] - [[Ντάνι Μπόιλ]], Άγγλος σκηνοθέτης\n*[[1958]] - [[Βίγκο Μόρτενσεν]], Αμερικανός ηθοποιός\n*[[1958]] - [[Ντέιβ Φίνλεϊ]], Ιρλανδός παλαιστής\n*[[1958]] - [[Σκοτ Χαλ]], Αμερικανός παλαιστή\n*[[1960]] - [[Αντώνης Πρέκας]], Έλληνας δημοσιογράφος, συγγραφέας και ηθοποιός \n*[[1963]] - [[Νίκος Τσιαντάκης]], Έλληνας ποδοσφαιριστής\n*[[1969]] - [[Λάμπρος Παπακώστας]], Έλληνας αθλητής\n*[[1970]] - [[Τσάβο Γκερέρο]], Αμερικανός παλαιστής\n*[[1971]] - [[Ντάνι Μινόγκ]], Αυστραλέζα τραγουδίστρια και ηθοποιός\n*[[1971]] - [[Snoop Dogg]], Αμερικανός ράπερ\n*[[1972]] - [[Μπράιαν Σατς]], Αμερικανός πολιτικός\n*[[1976]] - [[Νίκος Μπαχαρίδης]], Έλληνας ποδοσφαιριστής\n*[[1981]] - [[Δημήτρης Παπαδόπουλος (ποδοσφαιριστής, 1981)|Δημήτρης Παπαδόπουλος]], Έλληνας ποδοσφαιριστής\n*[[1982]] - [[Λόρενς Ρόμπερτς]], Αμερικανός καλαθοσφαιριστής \n*[[1989]] - [[Τζες Γκλυν]], Αγγλίδα τραγουδίστρια\n\n== Θάνατοι ==\n*[[460]] - [[Αιλία Ευδοκία]], Βυζαντινή αυτοκράτειρα\n*[[1187]] - [[Πάπας Ουρβανός Γ΄]]\n*[[1438]] - [[Γιάκοπο ντελλα Κουέρτσια]], Ιταλός γλύπτης\n*[[1538]] - [[Φραντσέσκο Μαρία Α΄ ντελλα Ρόβερε]], Ιταλός στρατιωτικός\n*[[1740]] - [[Κάρολος ΣΤ΄ της Αγίας Ρωμαϊκής Αυτοκρατορίας|Κάρολος ΣΤ΄]], αυτοκράτορας της Αγίας Ρωμαϊκής Αυτοκρατορίας\n*[[1910]] - [[Ντέιβιντ Μπ. Χιλ]], Αμερικανός πολιτικός\n*[[1926]] - [[Γιουτζήν Ντεμπς]], Αμερικανός πολιτικός\n*[[1932]] - [[Τζιοβάννι Μπαττίστα Πιρέλλι]], Ιταλός επιχειρηματίας\n*[[1936]] - [[Άννα Σάλιβαν]], Αμερικανίδα παιδαγωγός\n*[[1940]] - [[Έρικ Γκούναρ Ασπλούντ]], Σουηδός αρχιτέκτονας\n*[[1964]] - [[Χέρμπερτ Χούβερ]], 31ος πρόεδρος των Η.Π.Α.\n*[[1972]] - [[Χάρλοου Σάπλεϋ]], Αμερικανός αστρονόμος\n*[[1977]] - [[Ρόνι Βαν Ζαντ]], Αμερικανός μουσικός\n*[[1984]] - [[Πολ Ντιράκ]], Άγγλος φυσικός\n*[[1987]] - [[Αλέξανδρος Βαζάκας]], Έλληνας πολιτικός\n*[[1989]] - [[Άντονι Κουέιλ]], Άγγλος ηθοποιός\n*[[1994]] - [[Μπαρτ Λάνκαστερ]], Αμερικανός ηθοποιός\n*[[1994]] - [[Σεργκέι Μπονταρτσούκ]], Σοβιετικός σκηνοθέτης\n*[[2006]] - [[Τζέιν Γουάιατ]], Αμερικανίδα ηθοποιός\n*[[2007]] - [[Ζοζέπ Πιντάτ-Σολάνς]], κυβερνήτης της Ανδόρρας\n*[[2010]] - [[Τζορτζ Μόλετ]], γενικός κυβερνήτης της Αγίας Λουκίας\n*[[2011]] - [[Μουαμάρ αλ Καντάφι]], Λίβυος πολιτικός\n*[[2014]] - [[Σπύρος Ζαγοραίος]], Έλληνας τραγουδιστής\n*[[2014]] - [[Όσκαρ ντε λα Ρέντα]], Δομινικανός σχεδιαστής μόδας\n*[[2014]] - [[Κριστόφ ντε Μαρζερί]], Γάλλος επιχειρηματίας\n*[[2015]] - [[Μάκης Δενδρινός]], Έλληνας καλαθοσφαιριστής και προπονητής\n*[[2016]] - [[Γιώργος Παυλίδης]], Έλληνας πολιτικός\n*2021 [[wikidata:Q16689002|Πρωτέριος Παυλόπουλος]] Έλληνας Μητροπολίτης\n*2021-[[wikidata:Q2414988|Ντράγκαν Παντελίτς]] Σέρβος ποδοσφαιριστής\n*2021 -[[Μιχάι Τσίκζεντμιχαϊ]] Ουγγροαμερικανός ψυχολόγος\n\n== Αργίες, επέτειοι και εορτές ==\n* [[Πίστη Μπαχάι]]: Άγια Ημέρα - Γέννηση του [[Μπαμπ]]\n*Παγκόσμια Ημέρα της [[οστεοπόρωση]]ς\n*Παγκόσμια Ημέρα Ελεγκτών Εναέριας Κυκλοφορίας\n*Πανελλήνια μέρα της [[ελληνική αστυνομία|Ελληνικής Αστυνομίας]]\n\n=== [[Ορθόδοξη Εκκλησία]] ===\n{{Πύλη:Ορθοδοξία/Εορτολόγιο/20 Οκτωβρίου}}\n\n{{Μήνες}}\n\n[[Κατηγορία:Ημέρες του έτους]]"}}}]}]}}