{"batchcomplete":true,"query":{"normalized":[{"fromencoded":false,"from":"20_Δεκεμβρίου","to":"20 Δεκεμβρίου"}],"pages":[{"pageid":3745,"ns":0,"title":"20 Δεκεμβρίου","revisions":[{"slots":{"main":{"contentmodel":"wikitext","contentformat":"text/x-wiki","content":"{{Μήνες Δεκεμβρίου}}\n\n<center>[[19 Δεκεμβρίου]] | '''20 Δεκεμβρίου''' | [[21 Δεκεμβρίου|21 Δεκεμβ]] </center>\n----\nΗ '''20ή Δεκεμβρίου''' είναι η 354η ημέρα του έτους κατά το [[Γρηγοριανό ημερολόγιο]] (355η σε δίσεκτα έτη). Υπολείπονται 11 ημέρες.\n\n{{ΗμερολόγιοΣεΠίνακα|12}}\n\n== Γεγονότα ==\n*[[69]] - Ο [[Βεσπασιανός]], πρώην στρατηγός του [[Νέρων]]α, μπαίνει στη [[Αρχαία Ρώμη|Ρώμη]] για να διεκδικήσει τον τίτλο του αυτοκράτορα.\n*[[217]] - Ο [[Πάπας Κάλλιστος Α΄|Κάλλιστος Α΄]] εκλέγεται ως ο 16ος [[Πάπας]], αλλά βρίσκει αντίθετο τον [[Ιππόλυτος Ρώμης|Ιππόλυτο]]. \n*[[1334]] - Εκλέγεται ο [[Πάπας Βενέδικτος ΙΒ΄]].  \n*[[1522]] - [[Πολιορκία της Ρόδου (1522)|Πολιορκία της Ρόδου]]: Ο [[Σουλεϊμάν Α΄ ο Μεγαλοπρεπής]] αποδέχεται την παράδοση των [[Ιωαννίτες Ιππότες|Ιπποτών της Ρόδου]], οι οποίοι έχουν τη δυνατότητα να εγκαταλείψουν το νησί. Τελικά θα εγκατασταθούν στη [[Μάλτα]] και θα γίνουν γνωστοί ως [[Κυρίαρχο Στρατιωτικό Τάγμα της Μάλτας|Ιππότες της Μάλτας]].\n*[[1803]] - Ολοκληρώνεται στη [[Νέα Ορλεάνη]] η [[αγορά της Λουιζιάνας]].\n*[[1808]] - [[Πόλεμος της Ιβηρικής Χερσονήσου]]: Αρχίζει η δεύτερη πολιορκία της [[Σαραγόσα]].\n*[[1821]] - Αρχίζει η [[Α΄ Εθνοσυνέλευση Επιδαύρου]], κατά την οποία θα γραφτεί η διακήρυξη [[ανεξαρτησία]]ς της [[Ελλάδα]]ς.\n*[[1860]] - Η [[Νότια Καρολίνα]] γίνεται η πρώτη πολιτεία που αποσχίζεται από τις [[Ηνωμένες Πολιτείες Αμερικής]].\n*[[1915]] - [[Α΄ Παγκόσμιος Πόλεμος]]: Εγκαταλείπουν την [[Εκστρατεία της Καλλίπολης|Καλλίπολη]] οι τελευταίοι [[Αυστραλία|Αυστραλοί]] στρατιώτες.\n*[[1924]] - Αποφυλακίζεται ο [[Αδόλφος Χίτλερ]].\n*[[1946]] - Κάνει πρεμιέρα στη [[Νέα Υόρκη]] η δημοφιλής χριστουγεννιάτικη ταινία ''[[Μια Υπέροχη Ζωή]]''.\n*[[1951]] - Τίθεται σε λειτουργία στο [[Αϊντάχο]] η πρώτη μονάδα [[Πυρηνική ενέργεια|πυρηνικής ενέργειας]] για την παραγωγή ηλεκτρισμού.\n*[[1955]] - Το [[Κάρντιφ]] ανακηρύσσεται πρωτεύουσα της [[Ουαλία]]ς.\n*[[1957]] - Πραγματοποιεί την παρθενική του πτήση το πρώτο [[Boeing 707]] που μπήκε σε παραγωγή.  \n*[[1966]] - Ελλάδα: Καταρρέει η [[Κυβέρνηση Στέφανου Στεφανόπουλου 1965|κυβέρνηση Στεφανόπουλου]] καθώς ο [[Παναγιώτης Κανελλόπουλος]] ανακοινώνει την άρση της υποστήριξής της από την πλευρά της [[Εθνική Ριζοσπαστική Ένωσις|Ε.Ρ.Ε.]]\n*[[1968]] - Ο [[Ζόντιακ]] σκοτώνει δύο άτομα στο Βαλέχο της [[Καλιφόρνια]].\n*[[1971]] - Ο Μπερνάρ Κουσνέρ και μία ομάδα δημοσιογράφων ιδρύουν στο [[Παρίσι]] τη διεθνή ανθρωπιστική οργάνωση [[Γιατροί Χωρίς Σύνορα]].\n*[[1973]] - Ο [[πρωθυπουργός της Ισπανίας]], ναύαρχος [[Λουίς Καρέρο Μπλάνκο]], δολοφονείται από βομβιστική επίθεση στη [[Μαδρίτη]].\n*[[1989]] - Οι [[Ηνωμένες Πολιτείες Αμερικής]] εισβάλλουν στον [[Παναμάς|Παναμά]].\n*[[1995]] - Το [[ΝΑΤΟ]] αρχίζει την επιτήρηση της ειρήνης στη [[Βοσνία και Ερζεγοβίνη]].\n*[[1995]] - Boeing 757, που εκτελεί την πτήση 965 της [[American Airlines]], συντρίβεται σε βουνό 50 χλμ. βόρεια του [[Κάλι (Κολομβία)|Κάλι]] της [[Κολομβία]]ς, σκοτώνοντας 159 άτομα.\n*[[1999]] - Η [[Πορτογαλία]] παραδίδει το [[Μακάου]] στην [[Λαϊκή Δημοκρατία της Κίνας|Κίνα]].\n\n== Γεννήσεις ==\n*[[1537]] - [[Ιωάννης Γ΄ της Σουηδίας|Ιωάννης Γ΄]], βασιλιάς της Σουηδίας\n*[[1802]] - [[Δημήτριος Βούλγαρης]], Έλληνας πολιτικός\n*[[1850]] - [[Ντάβιντ Σβαρτς (εφευρέτης)|Ντάβιντ Σβαρτς]], Αυστροούγγρος εφευρέτης\n*[[1873]] - [[Μεχμέτ Ακίφ Ερσόι]], Τούρκος ποιητής\n*[[1888]] - [[Γιώργος Κατσαρός (ρεμπέτης)|Γιώργος Κατσαρός]], Έλληνας ρεμπέτης\n*[[1898]] - [[Κωνσταντίνος Δόβας]], Έλληνας στρατιωτικός και πολιτικός\n*[[1901]] - [[Ρόμπερτ Βαν ντε Γκράαφ]], Αμερικανός φυσικός\n*[[1925]] - [[Μπενίτο Λορέντσι]], Ιταλός ποδοσφαιριστής\n*[[1927]] - [[Κιμ Γιόνγκ-σαμ]], Νοτιοκορεάτης πολιτικός\n*[[1934]] - [[Γιάννης Βογιατζής (τραγουδιστής)|Γιάννης Βογιατζής]], Έλληνας τραγουδιστής\n*[[1946]] - [[Γιούρι Γκέλλερ|Γιούρι Γκέλερ]], Ισραηλινός μάγος\n*[[1947]] - [[Τζιλιόλα Τσινκουέτι]], Ιταλίδα τραγουδίστρια\n*[[1955]] - [[Μπιναλί Γιλντιρίμ]], Τούρκος πολιτικός\n*[[1956]] - [[Μοχάμεντ Ουλντ Αμπντέλ Αζίζ]], Μαυριτανός στρατιωτικός και πολιτικός\n*[[1957]] - [[Άννα Βίσση]], Ελληνοκύπρια τραγουδίστρια\n*[[1963]] - [[Ινφάντα Ελένα, Δούκισσα του Λούγο]]\n*[[1983]] - [[Τζόνα Χιλ]], Αμερικανός ηθοποιός\n*[[1984]] - [[Νίκος Καράμπελας]], Έλληνας ποδοσφαιριστής\n*[[1987]] - [[Ταριέλ Ζιντιρίδης]], Έλληνας αθλητής\n*[[1993]] - [[Αντρέα Μπελότι]], Ιταλός ποδοσφαιριστής\n*[[1998]] - [[Κιλιάν Εμπαπέ]], Γάλλος ποδοσφαιριστής\n\n== Θάνατοι ==\n*[[217]] - [[Πάπας Ζεφυρίνος]]\n*[[860]] - [[Έθελμπαλντ του Ουέσσεξ|Έθελμπαλντ]], βασιλιάς του Ουέσσεξ\n*[[1295]] - [[Μαργαρίτα της Προβηγκίας]], βασίλισσα της Γαλλίας\n*[[1322]] - [[Τεοντόρα Σμίλετς]], βασίλισσα της Σερβίας\n*[[1340]] - [[Ιωάννης Α΄ της Βαυαρίας|Ιωάννης Α΄]], δούκας της Βαυαρίας\n*[[1355]] - [[Στέφανος Δουσάν]], βασιλιάς της Σερβίας\n*[[1765]] - [[Λουδοβίκος Φερδινάνδος της Γαλλίας|Λουδοβίκος Φερδινάνδος]], δελφίνος της Γαλλίας\n*[[1937]] - [[Έριχ Λούντεντορφ]], Γερμανός στρατηγός\n*[[1954]] - [[Τζέιμς Χίλτον]], Άγγλος συγγραφέας\n*[[1968]] - [[Μαξ Μπροντ]], Τσέχος συγγραφέας\n*[[1968]] - [[Τζον Στάινμπεκ]], Αμερικανός συγγραφέας\n*[[1973]] - [[Μπόμπι Ντάριν]], Αμερικανός τραγουδιστής και ηθοποιός\n*[[1981]] - [[Δημήτρης Ροντήρης]], Έλληνας ηθοποιός και σκηνοθέτης\n*[[1982]] - [[Άρθουρ Ρούμπινσταϊν]], Πολωνός πιανίστας\n*[[1995]] - [[Ματζ Σίνκλερ]], Τζαμαϊκανή ηθοποιός\n*[[1996]] - [[Αμάτα Καμπούα]], πρόεδρος των Νήσων Μάρσαλ\n*[[1996]] - [[Καρλ Σαγκάν]], Αμερικανός αστρονόμος και συγγραφέας\n*[[1999]] - [[Ίρβινγκ Ράπερ]], Άγγλος σκηνοθέτης\n*[[2000]] - [[Διόδωρος Α΄ Ιεροσολύμων|Διόδωρος Α΄]], Πατριάρχης Ιεροσολύμων\n*[[2001]] - [[Λεοπόλντ Σεντάρ Σανγκόρ]], Σενεγαλέζος πολιτικός\n*[[2009]] - [[Γιάννης Μόραλης]], Έλληνας ζωγράφος\n\n== Αργίες και εορτές ==\n=== [[Ορθόδοξη Εκκλησία]] ===\n{{Πύλη:Ορθοδοξία/Εορτολόγιο/20 Δεκεμβρίου}}\n{{commonscat|20 December}}\n== Βλέπε επίσης ==\n\n[[20 Νοεμβρίου]] - [[20 Ιανουαρίου]]\n\n{{Μήνες}}\n\n[[Κατηγορία:Ημέρες του έτους]]"}}}]}]}}