{"batchcomplete":true,"query":{"normalized":[{"fromencoded":false,"from":"20_Ιουλίου","to":"20 Ιουλίου"}],"pages":[{"pageid":2654,"ns":0,"title":"20 Ιουλίου","revisions":[{"slots":{"main":{"contentmodel":"wikitext","contentformat":"text/x-wiki","content":"{{Πηγές|3=2022|2=01|14}}\n{{Μήνες Ιουλίου}}\n\n<center>[[19 Ιουλίου]] | '''20 Ιουλίου''' | [[21 Ιουλίου]]</center>\n\n----\nΗ '''20ή Ιουλίου''' είναι η 201η ημέρα του έτους κατά το [[Γρηγοριανό ημερολόγιο]] (202η σε δίσεκτα έτη). Υπολείπονται 164 ημέρες.\n\n{{ΗμερολόγιοΣεΠίνακα|7}}\n\n== Γεγονότα ==\n*[[911]] - Ο [[Ρόλλο της Νορμανδίας]] πολιορκεί την πόλη [[Σαρτρ (πόλη)|Σαρτρ]] στη [[Γαλλία]].\n*[[1189]] - Ο [[Ριχάρδος ο Λεοντόκαρδος]] τοποθετείται επίσημα ως [[Δουκάτο της Νορμανδίας|δούκας της Νορμανδίας]]. \n*[[1402]] - [[Μάχη της Άγκυρας]]: Ο [[Ταμερλάνος]] νικά τις δυνάμεις του σουλτάνου της [[Οθωμανική Αυτοκρατορία|Οθωμανικής Αυτοκρατορίας]] [[Βαγιαζήτ Α΄]].\n*[[1810]] - Πολίτες της [[Μπογκοτά]], στη Νέα Γρανάδα, ανακηρύσσουν την ανεξαρτησία από την [[Ισπανία]].\n*[[1822]] - Ο [[Οθωμανική Αυτοκρατορία|οθωμανικός]] στόλος, αποτελούμενος από 84 πλοία, αποτυγχάνει να καταλάβει το [[Βασιλάδι Αιτωλοακαρνανίας]] στη [[λιμνοθάλασσα Μεσολογγίου]].\n*[[1866]] - [[Αυστρο-πρωσικός πόλεμος]]: [[Ναυμαχία της Λίσσας (1866)|Ναυμαχία της Λίσσας]]. Το [[Αυστρία|αυστριακό]] ναυτικό νικά το [[Ιταλία|ιταλικό]] ναυτικό κοντά στο νησί [[Βις]] στην [[Αδριατική θάλασσα]].\n*[[1871]] - Η [[Βρετανική Κολομβία]] εντάσσεται στη συνομοσπονδία του [[Καναδάς|Καναδά]].\n*[[1885]] - Η [[Ποδοσφαιρική Ομοσπονδία Αγγλίας]] νομιμοποιεί τον επαγγελματισμό στο [[ποδόσφαιρο]].\n*[[1917]] - [[Α΄ Παγκόσμιος Πόλεμος]]: Υπογράφεται από τη Γιουγκοσλαβική Επιτροπή και το βασίλειο της [[Σερβία]]ς η [[Διακήρυξη της Κέρκυρας]], η οποία οδηγεί στη δημιουργία του μεταπολεμικού [[Βασίλειο της Γιουγκοσλαβίας|Βασιλείου της Γιουγκοσλαβίας]].\n*[[1932]] - Πρωσικό πραξικόπημα: Ο [[Γερμανοί|Γερμανός]] πρόεδρος [[Πάουλ φον Χίντενμπουργκ]] διαλύει την κυβέρνηση της [[Πρωσία]]ς.\n*[[1934]] - Εργατική αναταραχή στις [[Ηνωμένες Πολιτείες Αμερικής]]: Η αστυνομία της [[Μινεάπολις|Μινεάπολης]] ανοίγει πυρ εναντίον οδηγών φορτηγών, σκοτώνοντας 2 και τραυματίζοντας 67.\n*[[1935]] - Αεροσκάφος της [[KLM]] πετώντας από το [[Μιλάνο]] προς τη [[Φραγκφούρτη]] συντρίβεται σε βουνό της [[Ελβετία]]ς, σκοτώνοντας δεκατρία άτομα. \n*[[1936]] - Υπογράφεται στην [[Ελβετία]] η [[Συνθήκη του Μοντρέ]], η οποία παραχωρεί στην [[Τουρκία]] τον έλεγχο του [[Ελλήσποντος|Ελλήσποντου]] και του [[Βόσπορος|Βοσπόρου]] αλλά εγγυάται την ελεύθερη διέλευση των πλοίων όλων των κρατών σε καιρό ειρήνης. \n*[[1941]] - Ο [[Ένωση Σοβιετικών Σοσιαλιστικών Δημοκρατιών|Σοβιετικός]] ηγέτης [[Ιωσήφ Στάλιν]] ενοποιεί τις Επιτροπές Εσωτερικών Υποθέσεων και Εθνικής Ασφαλείας στο [[Λαϊκό Κομισαριάτο Εσωτερικών Υποθέσεων]] και τοποθετεί επικεφαλής τον [[Λαβρέντι Μπέρια]].\n*[[1944]] - [[Β΄ Παγκόσμιος Πόλεμος]]: Ο [[Αδόλφος Χίτλερ]] διασώζεται από απόπειρα δολοφονίας με επικεφαλής τον συνταγματάρχη του [[Ναζιστική Γερμανία|γερμανικού]] στρατού [[Κλάους φον Στάουφενμπεργκ]].\n*[[1949]] - Το [[Ισραήλ]] και η [[Συρία]] υπογράφουν εκεχειρία για να τερματίσουν το 19μηνο πόλεμο.\n*[[1960]] - Για πρώτη φορά εκτοξεύεται με επιτυχία πύραυλος Πολάρις από ένα υποβρύχιο, το ''USS George Washington''.\n* [[1969]] - Οι αστροναύτες [[Νηλ Άρμστρονγκ]] και [[Μπαζ Όλντριν]] γίνονται οι πρώτοι άνθρωποι που προσεδαφίζονται στη Σελήνη.\n* [[1974]] - Πρωινές ώρες αρχίζει η αποβατική [[Επιχείρηση Αττίλας Ι]], που θα αποτελέσει το προγεφύρωμα της [[Τουρκική εισβολή στην Κύπρο|τουρκικής εισβολής στην Κύπρο]] και που θα ολοκληρωθεί ένα μήνα μετά με τη φάση [[Αττίλας ΙΙ]].\n\n== Γεννήσεις ==\n*[[356 π.Χ.]] - [[Αλέξανδρος ο Μέγας|Μέγας Αλέξανδρος]], βασιλιάς της Μακεδονίας\n*[[647]] - [[Γιαζίντ Α΄]], Άραβας χαλίφης \n*[[1304]] - [[Πετράρχης]], Ιταλός ποιητής\n*[[1375]] - [[Ριχάρδος του Κέιμπριτζ|Ριχάρδος]], 3ος κόμης του Κέιμπριτζ\n*[[1519]] - [[Πάπας Ιννοκέντιος Θ΄]]\n*[[1766]] - [[Τόμας Μπρους, 7ος κόμης του Έλγιν]]\n*[[1785]] - [[Μαχμούτ Β΄]], Οθωμανός σουλτάνος\n*[[1804]] - [[Ρίτσαρντ Όουεν]], Άγγλος βιολόγος\n*[[1822]] - [[Γκρέγκορ Μέντελ]], Αυστριακός επιστήμονας\n*[[1864]] - [[Έρικ Άξελ Κάρλφελντ]], Σουηδός συγγραφέας\n*[[1873]] - [[Αλμπέρτου Σάντους-Ντουμό]], Βραζιλιάνος αεροπόρος\n*[[1895]] - [[Ίγκορ Ταμ]], Ρώσος φυσικός\n*[[1909]] - [[Ιωάννης Ε. Φωκάς]], Έλληνας αστρονόμος\n*[[1914]] - [[Χαρίλαος Φλωράκης]], Έλληνας πολιτικός\n*[[1919]] - [[Έντμουντ Χίλαρι]], Νεοζηλανδός ορειβάτης\n*[[1925]] - [[Ζακ Ντελόρ]], Γάλλος οικονομολόγος και πολιτικός\n*[[1928]] - [[Μπελαΐντ Αμπντεσαλάμ]], Αλγερινός πολιτικός\n*[[1930]] - [[Γιάννης Αγγούρης]], Έλληνας συγγραφέας και δημοσιογράφος\n*[[1934]] - [[Αλίκη Βουγιουκλάκη]], Ελληνίδα ηθοποιός\n*[[1938]] - [[Ασλάν Αμπασίτζε]], Γεωργιανός πολιτικός\n*[[1938]] - [[Ντενίζ Μπαϊκάλ]], Τούρκος πολιτικός\n*[[1941]] - [[Περικλής Κοροβέσης]], Έλληνας συγγραφέας και πολιτικός\n*[[1945]] - [[Κιμ Καρνς]], Αμερικανίδα τραγουδίστρια\n*[[1947]] - [[Κάρλος Σαντάνα]], Μεξικανός κιθαρίστας\n*[[1962]] - [[Σαμίρ Κουντάρ]], Λιβανέζος μέλος της Χεζμπολάχ\n*[[1966]] - [[Ενρίκε Πένια Νιέτο]], Μεξικανός πολιτικός\n*[[1971]] - [[Σάντρα Ο]], Καναδή ηθοποιός\n*[[1975]] - [[Ρέι Άλλεν]], Αμερικανός καλαθοσφαιριστής\n*[[1975]] - [[Ροδόλφο Αρουαμπαρένα]], Αργεντινός ποδοσφαιριστής\n*[[1978]] - [[Γουίλι Σόλομον]], Αμερικανός καλαθοσφαιριστής\n*[[1993]] - [[Λυκά Ντίνι]], Γάλλος ποδοσφαιριστής\n\n== Θάνατοι ==\n*[[985]] - [[Αντίπαπας Βονιφάτιος Ζ΄]]\n*[[1031]] - [[Ροβέρτος Β΄ της Γαλλίας|Ροβέρτος Β΄]], βασιλιάς της Γαλλίας\n*[[1039]] - [[Κορράδος Β΄ της Καρινθίας|Κορράδος Β΄]], δούκας της Καρινθίας\n*[[1320]] - [[Οσίν της Αρμενίας|Οσίν]], βασιλιάς της Αρμενίας\n*[[1358]] - [[Αλβέρτος Β΄ της Αυστρίας|Αλβέρτος Β΄]], δούκας της Αυστρίας\n*[[1387]] - [[Ροβέρτος Δ΄ του Αρτουά του E|Ροβέρτος Δ΄ του Αρτουά]], κόμης του Ε\n*[[1398]] - [[Ρότζερ Μόρτιμερ, 4ος κόμης του Μαρς]]\n*[[1524]] - [[Κλαυδία της Γαλλίας|Κλαυδία]], βασίλισσα της Γαλλίας\n*[[1792]] - [[Λάμπρος Τζαβέλας]], Έλληνας αγωνιστής\n*[[1816]] - [[Γαβριήλ Ντερζάβιν]], Ρώσος ποιητής\n*[[1829]] - [[Αθανάσιος Ψαλίδας]], Έλληνας λόγιος και συγγραφέας\n*[[1866]] - [[Μπέρναρντ Ρίμαν]], Γερμανός μαθηματικός\n*[[1903]] - [[Πάπας Λέων ΙΓ΄]]\n*[[1906]] - [[Τρύφων Μουτζόπουλος]], Έλληνας μεγαλέμπορος\n*[[1908]] - [[Δημήτριος Βικέλας]], Έλληνας πρόεδρος της Διεθνούς Ολυμπιακής Επιτροπής\n*[[1923]] - [[Πάντσο Βίγια]], Μεξικανός στρατηγός\n*[[1926]] - [[Φέλιξ Ντζερζίνσκι]], Σοβιετικός πολιτικός\n*[[1937]] - [[Γουλιέλμο Μαρκόνι]], Ιταλός φυσικός και εφευρέτης\n*[[1943]] - [[Πέτρος Θηβαίος]], Έλληνας νομικός και πολιτικός\n*[[1945]] - [[Πωλ Βαλερύ]], Γάλλος συγγραφέας\n*[[1951]] - [[Γουλιέλμος της Πρωσίας|Γουλιέλμος]], πρίγκιπας της Πρωσίας\n*[[1955]] - [[Καλούστ Γκιουλμπενκιάν]], Αρμένιος επιχειρηματίας\n*[[1965]] - [[Στέργιος Μπινόπουλος]], Έλληνας στρατιωτικός και πολιτικός\n*[[1967]] - [[Φικρέτ Μουαλά]], Τούρκος ζωγράφος\n*[[1973]] - [[Μπρους Λι]], Αμερικανός ηθοποιός\n*[[1974]] - [[Ελευθέριος Τσομάκης]], Έλληνας στρατιωτικός\n*[[1981]] - [[Δημήτρης Χατζής]], Έλληνας συγγραφέας \n*[[1981]] - [[Κώστας Χούμης]], Έλληνας ποδοσφαιριστής\n*[[1984]] - [[Δημήτριος Ζέρβας]], Έλληνας πολιτικός \n*[[1987]] - [[Αιμιλία Καραβία]], Ελληνίδα δημοσιογράφος\n*[[1989]] - [[Γιάννης Τσαρούχης]], Έλληνας ζωγράφος και σκηνογράφος\n*[[1991]] - [[Συμεών Μαυροσκούφης]], Έλληνας διαιτητής καλαθοσφαίρισης\n*[[1994]] - [[Σάββας Χαρατσίδης]], Έλληνας ζωγράφος\n*[[2002]] - [[Μιχάλης Κρητικόπουλος]], Έλληνας ποδοσφαιριστής\n*[[2006]] - [[Αριστείδης Σκυλίτσης]], Έλληνας πολιτικός\n*[[2013]] - [[Ευστάθιος Αλεξανδρής]], Έλληνας πολιτικός\n*[[2014]] - [[Μπόσγουελ Ουίλιαμς]], γενικός κυβερνήτης της Αγίας Λουκίας\n*[[2015]] - [[Γιώργος Βελέντζας]], Έλληνας ηθοποιός\n*[[2015]] - [[Νίκος Χουλιαράς]], Έλληνας ζωγράφος και τραγουδοποιός\n*[[2017]] - [[Τσέστερ Μπένινγκτον]], Αμερικανός τραγουδιστής ([[Linkin Park]])\n\n== Αργίες και εορτές ==\n=== [[Ορθόδοξη Εκκλησία]] ===\n{{Πύλη:Ορθοδοξία/Εορτολόγιο/20 Ιουλίου}}\n\n{{Μήνες}}\n\n[[Κατηγορία:Ημέρες του έτους]]"}}}]}]}}