{"batchcomplete":true,"query":{"normalized":[{"fromencoded":false,"from":"20_Νοεμβρίου","to":"20 Νοεμβρίου"}],"pages":[{"pageid":3571,"ns":0,"title":"20 Νοεμβρίου","revisions":[{"slots":{"main":{"contentmodel":"wikitext","contentformat":"text/x-wiki","content":"{{Μήνες Νοεμβρίου}}\n\n<center>[[19 Νοεμβρίου]] | '''20 Νοεμβρίου''' | [[21 Νοεμβρίου]]</center>\n\n----\nΗ '''20ή Νοεμβρίου''' είναι η 324η ημέρα του έτους κατά το [[Γρηγοριανό ημερολόγιο]] (325η σε δίσεκτα έτη). Υπολείπονται 41 ημέρες.\n\n{{ΗμερολόγιοΣεΠίνακα|11}}\n\n== Γεγονότα ==\n*[[284]] – Ο [[Διοκλητιανός]] ανακηρύσσεται [[Ρωμαίος αυτοκράτορας]].\n*[[1194]] - Ο [[Ερρίκος ΣΤ΄ της Αγίας Ρωμαϊκής Αυτοκρατορίας]] καταλαμβάνει το [[Παλέρμο]].\n*[[1407]] - Υπογράφεται εκεχειρία μεταξύ του δούκα [[Ιωάννης της Βουργουνδίας|Ιωάννη Α΄ της Βουργουνδίας]] και του δούκα [[Λουδοβίκος Α΄ της Ορλεάνης|Λουδοβίκου Α΄ της Ορλεάνης]] υπό την αιγίδα του δούκα [[Ιωάννης του Μπερί|Ιωάννη του Μπερί]]. Τρεις ημέρες αργότερα, ο δούκας της Ορλεάνης θα δολοφονηθεί από τον δούκα της Βουργουνδίας. \n*[[1789]] - Το [[Νιου Τζέρσεϊ]] γίνεται η πρώτη πολιτεία των [[Ηνωμένες Πολιτείες Αμερικής|Η.Π.Α.]] που επικυρώνει τη [[Διακήρυξη των Ανθρωπίνων Δικαιωμάτων (1791)|Διακήρυξη των Ανθρωπίνων Δικαιωμάτων]].\n*[[1805]] - Κάνει πρεμιέρα στη [[Βιέννη]] η μοναδική όπερα του [[Λούντβιχ βαν Μπετόβεν]], ''[[Φιντέλιο]]''.\n*[[1820]] - Μία [[φάλαινα φυσητήρας]] 80 τόνων επιτίθεται σε φαλαινοθηρικό πλοίο 2.000 μίλια από τη δυτική ακτή της [[Νότια Αμερική|Νότιας Αμερικής]] (το μυθιστόρημα του [[Χέρμαν Μέλβιλ]] ''Μόμπυ Ντικ'' είναι εν μέρει εμπνευσμένο από αυτό το γεγονός).\n*[[1861]] - [[Αμερικανικός Εμφύλιος Πόλεμος]]: Η συνομόσπονδη κυβέρνηση του [[Κεντάκι]] καταθέτει διάταγμα απόσχισης. \n*[[1917]] - [[Α΄ Παγκόσμιος Πόλεμος]]: Αρχίζει η [[μάχη του Καμπραί]]. Οι [[Μεγάλη Βρετανία|βρετανικές]] δυνάμεις προχωρούν επιτιθέμενες σε [[Γερμανία|γερμανικές]] θέσεις αλλά αργότερα απωθούνται.\n*[[1936]] - Ο [[Χοσέ Αντόνιο Πρίμο ντε Ριβέρα]], ιδρυτής της Ισπανικής Φάλαγγας, σκοτώνεται από εκτελεστικό απόσπασμα.\n*[[1940]] - [[Β΄ Παγκόσμιος Πόλεμος]]: Η [[Ουγγαρία]] υπογράφει το [[Τριμερές Σύμφωνο|τριμερές Σύμφωνο του Άξονα]], εντασσόμενη επίσημα στις δυνάμεις του [[Άξονας Βερολίνου - Ρώμης|Άξονα]].\n*[[1943]] - [[Β΄ Παγκόσμιος Πόλεμος]]: Αρχίζει η μάχη της [[Ταράουα]]. [[Σώμα Πεζοναυτών των ΗΠΑ|Αμερικανοί πεζοναύτες]] αποβιβάζονται στην ατόλλη Ταράουα στα [[νησιά Γκίλμπερτ]] κάτω από τα βαριά πυρά των [[Ιαπωνία|ιαπωνικών]] όπλων και πολυβόλων στην ακτή.    \n*[[1945]] - [[Δίκη της Νυρεμβέργης]]: Αρχίζουν οι δίκες εναντίον 24 [[Ναζισμός|Ναζί]] [[Έγκλημα πολέμου|εγκληματιών πολέμου]] στο δικαστικό μέγαρο της [[Νυρεμβέργη]]ς.\n*[[1947]] - Η πριγκίπισσα [[Ελισάβετ Β΄ του Ηνωμένου Βασιλείου|Ελισάβετ του Ηνωμένου Βασιλείου]] παντρεύεται στο [[Αββαείο του Ουέστμινστερ]] στο [[Λονδίνο]] τον [[Φίλιππος, Δούκας του Εδιμβούργου|Φίλιππο Μαουντμπάττεν]], ο οποίος γίνεται δούκας του Εδιμβούργου.\n*[[1959]] - Ο [[Οργανισμός Ηνωμένων Εθνών]] υιοθετεί τη [[Διακήρυξη των Δικαιωμάτων του Παιδιού]]. \n*[[1962]] - Τέλος της [[Κρίση των πυραύλων της Κούβας|κρίσης των πυραύλων της Κούβας]]: Σε απάντηση προς τη [[Ένωση Σοβιετικών Σοσιαλιστικών Δημοκρατιών|Σοβιετική Ένωση]] που συμφώνησε να αποσύρει τους πυραύλους της από την [[Κούβα]], ο [[Ηνωμένες Πολιτείες Αμερικής|Αμερικανός]] πρόεδρος [[Τζον Φιτζέραλντ Κένεντι]] διατάζει την άρση του αποκλεισμού της Κούβας.\n*[[1968]] - 78 ανθρακωρύχοι σκοτώνονται σε έκρηξη ορυχείου στη [[Δυτική Βιρτζίνια]].\n*[[1969]] - [[Πόλεμος του Βιετνάμ]]: Η εφημερίδα ''Plain Dealer'' δημοσιεύει φωτογραφίες νεκρών χωρικών από τη [[σφαγή του Μι Λάι]] στο [[Βιετνάμ]].\n*[[1969]] - Κατάληψη του [[Αλκατράζ]]: Ιθαγενείς [[Ηνωμένες Πολιτείες Αμερικής|Αμερικανοί]] παίρνουν τον έλεγχο του νησιού Αλκατράζ μέχρι να απομακρυνθούν από την αμερικανική κυβέρνηση στις [[11 Ιουνίου]] του [[1971]].\n*[[1979]] - Κατάληψη του [[Μασγίντ αλ-Χαράμ|Μεγάλου Τζαμιού]]: Περίπου 200 σουνίτες μουσουλμάνοι εξεγείρονται στη [[Σαουδική Αραβία]] στο χώρο της [[Κάαμπα]] στη [[Μέκκα]] κατά τη διάρκεια του προσκυνήματος και παίρνουν 6.000 ομήρους. Η σαουδική κυβέρνηση λαμβάνει βοήθεια από τις [[Πακιστάν|πακιστανικές]] ειδικές δυνάμεις για να καταλύσει την εξέγερση.\n*[[1985]] - Κυκλοφορούν τα [[Windows 1.0]] της [[Microsoft]].\n*[[1989]] - Αρχίζει τις εκπομπές του το [[Mega Channel]], ο πρώτος [[Ελλάδα|ελληνικός]] ιδιωτικός [[τηλεοπτικός σταθμός]] πανελλαδικής εμβέλειας.\n*[[1990]] - Συλλαμβάνεται ο [[Ένωση Σοβιετικών Σοσιαλιστικών Δημοκρατιών|Σοβιετικός]] δολοφόνος [[Αντρέι Τσικατίλο]]. Τελικά ομολογεί 56 δολοφονίες.\n*[[1991]] - Ελικόπτερο που μεταφέρει 19 μέλη ειρηνευτικής αποστολής με αξιωματούχους και δημοσιογράφους από τη [[Ρωσία]], το [[Καζακστάν]] και το [[Αζερμπαϊτζάν]] καταρρίπτεται στο Αζερμπαϊτζάν από [[Αρμενία|αρμενικές]] στρατιωτικές δυνάμεις. \n*[[1992]] - Στην [[Αγγλία]], ξεσπά πυρκαγιά στο [[παλάτι του Γουίνδσωρ]], καταστρέφοντας το κάστρο και προκαλώντας ζημιές άνω των 50.000.000 λιρών.\n*[[2018]] - Σταματά η μετάδοση του [[Mega Channel]], του πρώτου ελληνικού ιδιωτικού τηλεοπτικού σταθμού, από τις συνδρομητικές πλατφόρμες ([[NOVA]], [[COSMOTE TV]]).  Είχε προηγηθεί η διακοπή του από την επίγεια ψηφιακή πλατφόρμα Digea πριν από ένα σχεδόν ένα μήνα (συγκεκριμένα την 28η Οκτωβρίου). Το κανάλι συνεχίζει την εκπομπή του μέσω [[Διαδίκτυο|διαδικτύου]] (megatv.com, [[YouTube|Youtube]]).\n\n== Γεννήσεις ==\n*[[270]] - [[Μαξιμίνος Β΄]], Ρωμαίος αυτοκράτορας\n*[[1629]] - [[Ερνέστος Αύγουστος του Μπράουνσβαϊγκ|Ερνέστος-Αύγουστος]], εκλέκτορας του Μπράουνσβαϊγκ-Λύνεμπουργκ\n*[[1629]] - [[Πίτερ ντε Χόοχ]], Ολλανδός ζωγράφος\n*[[1753]] - [[Λουί Αλεξάντρ Μπερτιέ]], Γάλλος στρατάρχης\n*[[1757]] - [[Φιλίπ Μπριντέλ]], Ελβετός συγγραφέας\n*[[1761]] - [[Πάπας Πίος Η΄]]\n*[[1783]] - [[Γεώργιος Σίνας]], Έλληνας επιχειρηματίας, τραπεζίτης και εθνικός ευεργέτης\n*[[1846]] - [[Κωνσταντίνος Κουμουνδούρος]], Έλληνας στρατιωτικός και πολιτικός\n*[[1850]] - [[Βίλχελμ Κλάιν]], Γερμανός αρχαιολόγος\n*[[1858]] - [[Σέλμα Λάγκερλεφ]], Σουηδή συγγραφέας\n*[[1876]] - [[Ρούντολφ Κοχ]], Γερμανός γραφίστας\n*[[1889]] - [[Έντγουιν Χαμπλ]], Αμερικανός αστρονόμος\n*[[1912]] - [[Όθων των Αψβούργων]], Αυστριακός πρίγκιπας\n*[[1913]] - [[Κώστας Χούμης]], Έλληνας ποδοσφαιριστής\n*[[1920]] - [[Κώστας Καπνίσης]], Έλληνας συνθέτης\n*[[1923]] - [[Ναντίν Γκόρντιμερ]], Νοτιοαφρικανή συγγραφέας και ακτιβίστρια\n*[[1924]] - [[Μπενουά Μάντελμπροτ]], Πολωνός μαθηματικός\n*[[1924]] - [[Μισέλ Ριφατέρ]], Γάλλος κριτικός λογοτεχνίας\n*[[1925]] - [[Ρόμπερτ Κένεντι]], Αμερικανός πολιτικός\n*[[1925]] - [[Μάγια Πλισέτσκαγια]], Ρωσίδα μπαλαρίνα\n*[[1927]] - [[Εστέλ Πάρσονς]], Αμερικανίδα ηθοποιός και σκηνοθέτης\n*[[1935]] - [[Λίο Φάλκαμ]], πρόεδρος των Ομόσπονδων Πολιτειών Μικρονησίας\n*[[1936]] - [[Ντον Ντελίλο]], Αμερικανός συγγραφέας\n*[[1942]] - [[Τζο Μπάιντεν]], 46ος πρόεδρος των Η.Π.Α.\n*[[1946]] - [[Πατριάρχης Μόσχας Κύριλλος]]\n*[[1957]] - [[Γκούντλακ Τζόναθαν]], Νιγηριανός πολιτικός\n*[[1957]] - [[Στέφαν Μπέλοφ]], τέως Δυτικογερμανός οδηγός αγώνων\n*[[1960]] - [[Άλεν Τσάστνετ]], πολιτικός από την Αγία Λουκία\n*[[1961]] - [[Γεράσιμος Γεννατάς]], Έλληνας ηθοποιός \n*[[1965]] - [[Γιοσίκι Χαγιάσι]], Ιάπωνας τραγουδοποιός ([[X Japan]])\n*[[1974]] - [[Μέμος Μπεγνής]], Έλληνας ηθοποιός\n\n== Θάνατοι ==\n*[[284]] - [[Νουμεριανός]], Ρωμαίος αυτοκράτορας\n*[[471]] - [[Πατριάρχης Γεννάδιος Α΄|Γεννάδιος Α΄]], Πατριάρχης Κωνσταντινουπόλεως\n*[[869]] - [[Έντμουντ ο Μάρτυρας]], βασιλιάς της Ανατολικής Αγγλίας\n*[[996]] - [[Ριχάρδος Α΄ της Νορμανδίας|Ριχάρδος Α΄]], δούκας της Νορμανδίας\n*[[1314]] - [[Αλβέρτος Β΄ του Μάισσεν|Αλβέρτος Β΄]], μάργραβος του Μάισσεν\n*[[1503]] - [[Μάγκνους Β΄ του Μεκλεμβούργου|Μάγκνους Β΄]], δούκας του Μεκλεμβούργου\n*[[1593]] - [[Χανς Μπολ]], Φλαμανδός καλλιτέχνης\n*[[1607]] - [[Τζόρτζο Μπάστα]], Ιταλός στρατηγός\n*[[1737]] - [[Καρολίνα του Βρανδεμβούργου-Άνσμπαχ]], βασίλισσα της Μεγάλης Βρετανίας\n*[[1894]] - [[Αντόν Ρουμπινστάιν]], Ρώσος πιανίστας και συνθέτης\n*[[1910]] - [[Λέων Τολστόι]], Ρώσος συγγραφέας\n*[[1925]] - [[Αλεξάνδρα της Δανίας]], βασίλισσα του Ηνωμένου Βασιλείου\n*[[1934]] - [[Βίλεμ ντε Σίτερ]], Ολλανδός μαθηματικός, φυσικός και αστρονόμος\n*[[1936]] - [[Μπουεναβεντούρα Ντουρρούτι]], Ισπανός ακτιβιστής\n*[[1936]] - [[Χοσέ Αντόνιο Πρίμο ντε Ριβέρα]], Ισπανός πολιτικός\n*[[1947]] - [[Βόλφγκανγκ Μπόρχερτ]], Γερμανός συγγραφέας\n*[[1952]] - [[Μπενεντέτο Κρότσε]], Ιταλός φιλόσοφος και πολιτικός\n*[[1975]] - [[Φρανθίσκο Φράνκο]], Ισπανός δικτάτορας\n*[[1978]] - [[Τζόρτζιο ντε Κίρικο]], Ιταλός ζωγράφος\n*[[1985]] - [[Χρήστος Γερακίνης]], Έλληνας στρατιωτικός και πολιτικός\n*[[1999]] - [[Αμιντόρε Φανφάνι]], Ιταλός πολιτικός\n*[[2000]] - [[Μιχάλης Στεφανίδης]], Έλληνας πολιτικός\n*[[2006]] - [[Ρόμπερτ Όλτμαν]], Αμερικανός σκηνοθέτης\n*[[2009]] - [[Λίνο Λατσεντέλλι]], Ιταλός ορειβάτης\n*[[2012]] - [[Χρόνης Μίσσιος]], Έλληνας λογοτέχνης αντιστασιακός και ακτιβιστής\n*[[2013]] - [[Κώστας Παπάζογλου]], Έλληνας ποδοσφαιριστής\n*[[2016]] - [[Κωνσταντίνος Στεφανόπουλος]], Έλληνας πολιτικός\n\n== Αργίες και εορτές ==\n\n* Παγκόσμια Ημέρα για την Εκβιομηχάνιση της Αφρικής \n* Παγκόσμια Ημέρα για τα Δικαιώματα του Παιδιού\n* [[Παγκόσμια Ημέρα Φιλοσοφίας]]\n* Παγκόσμια Ημέρα Μνήμης Υπερφυλικών\n\n=== [[Ορθόδοξη Εκκλησία]] ===\n{{Πύλη:Ορθοδοξία/Εορτολόγιο/20 Νοεμβρίου}}\n\n{{Μήνες}}\n\n[[Κατηγορία:Ημέρες του έτους]]"}}}]}]}}