{"batchcomplete":true,"query":{"normalized":[{"fromencoded":false,"from":"20_Μαρτίου","to":"20 Μαρτίου"}],"pages":[{"pageid":1491,"ns":0,"title":"20 Μαρτίου","revisions":[{"slots":{"main":{"contentmodel":"wikitext","contentformat":"text/x-wiki","content":"{{Πηγές|14|01|2022}}\n{{Μήνες Μαρτίου}}\n\n<center>[[19 Μαρτίου]] | '''20 Μαρτίου''' | [[21 Μαρτίου]]</center>\n\n----\nΗ '''20ή Μαρτίου''' είναι η 79η ημέρα του έτους κατά το [[Γρηγοριανό ημερολόγιο]] (80η σε δίσεκτα έτη). Υπολείπονται 286 ημέρες.\n\n{{ΗμερολόγιοΣεΠίνακα|3}}\n\n== Γεγονότα ==\n*[[235]] - Ο [[Μαξιμίνος Θραξ]] ανακηρύσσεται αυτοκράτορας. Είναι ο πρώτος ξένος που ανεβαίνει στον [[Ρωμαϊκή Αυτοκρατορία|ρωμαϊκό θρόνο]].\n*[[1206]] - Ο [[Μιχαήλ Δ΄ Αυτωρειανός]] διορίζεται [[Οικουμενικός Πατριάρχης Κωνσταντινουπόλεως]].\n*[[1602]] - Ιδρύεται η [[Ολλανδική Εταιρεία Ανατολικών Ινδιών]].\n*[[1616]] - Ο [[Ουόλτερ Ράλεϊ]] αποφυλακίζεται μετά από 13ετή φυλάκιση στον [[Πύργος του Λονδίνου|Πύργο του Λονδίνου]].\n*[[1815]] - Μετά την απόδρασή του από την [[Έλβα (νήσος)|Έλβα]], ο [[Ναπολέων Α΄ της Γαλλίας|Ναπολέων]] μπαίνει στο [[Παρίσι]].\n*[[1848]] - [[Γερμανικές επαναστάσεις 1848-1849]]: παραιτείται ο [[Μονάρχης|βασιλιάς]] [[Λουδοβίκος Α΄ της Βαυαρίας]].\n*[[1852]] - Εκδίδεται το μυθιστόρημα ''[[Η Καλύβα του Μπαρμπα-Θωμά]]'' της [[Χάριετ Μπίτσερ Στόου]].\n*[[1854]] - Ιδρύεται το [[Ρεπουμπλικανικό Κόμμα (ΗΠΑ)|Ρεπουμπλικανικό Κόμμα των Ηνωμένων Πολιτειών]].\n*[[1861]] - [[Σεισμός]] καταστρέφει ολοσχερώς την πόλη [[Μεντόσα]] στην [[Αργεντινή]].\n*[[1890]] - Ο καγκελάριος της [[Γερμανική Αυτοκρατορία|Γερμανικής Αυτοκρατορίας]] [[Όττο φον Μπίσμαρκ]] καθαιρείται από τον αυτοκράτορα [[Γουλιέλμος Β΄ της Γερμανίας|Γουλιέλμο Β΄]].\n*[[1913]] - Ο Σονγκ Τζιαορέν, ιδρυτής του [[Κουομιντάνγκ|Κινεζικού Εθνικιστικού Κόμματος]], τραυματίζεται σε μία απόπειρα δολοφονίας και πεθαίνει δύο ημέρες αργότερα.\n*[[1916]] - Ο [[Άλμπερτ Αϊνστάιν]] δημοσιεύει τη [[Γενική θεωρία της Σχετικότητας]].\n*[[1943]] - Η [[Ιταλική Πολεμική Αεροπορία|Ιταλική Αεροπορία]] βομβαρδίζει το Κωσταράζι Καστοριάς. Από τους βομβαρδισμούς σκοτώνονται 4 άμαχοι.\n*[[1951]] - Ιδρύεται η πόλη [[Φουτζιγιόσιντα]] στο κέντρο του [[Χονσού]], του μεγαλύτερου ιαπωνικού νησιού.\n* [[1956]] - Η [[Τυνησία]] αποκτά την ανεξαρτησία της από τη [[Γαλλία]].\n* [[1970]] - Ιδρύεται ο [[Διεθνής Οργανισμός Γαλλοφωνίας]], οργανισμός [[γαλλική γλώσσα|γαλλόφωνων]] χωρών και κυβερνήσεων, με έδρα το [[Παρίσι]].\n* [[1973]] - Αθήνα - [[Στρατιωτική δικτατορία στην Ελλάδα (1967 - 1974)|Δικτατορία]]: Νέα κατάληψη της Νομικής Σχολής Αθηνών από φοιτητές, είχε προηγηθεί η [[Κατάληψη νομικής σχολής (1973)|διήμερη στις 21-22 Φεβρουαρίου]]. Στην κατάληψη αυτή ύστερα από αίτηση της Συγκλήτου ακολούθησε επέμβαση της [[Ελληνική Αστυνομία|Αστυνομίας]] με τραυματίες και περισσότερες από 100 συλλήψεις.\n* [[1990]] - Η [[Ιμέλντα Μάρκος]] χήρα του δικτάτορα των [[Φιλιππίνες|Φιλιππινών]] [[Φερδινάντο Μάρκος]], δικάζεται για δωροδοκία και κατάχρηση.\n*[[1991]] - Επίσημη έναρξη λειτουργίας του [[Μέγαρο Μουσικής Αθηνών|Μεγάρου Μουσικής Αθηνών]].\n* [[2003]] - Ξεκινάει ο βομβαρδισμός της [[Βαγδάτη]]ς από τις [[ΗΠΑ]] ως συνέπεια των [[Επιθέσεις της 11ης Σεπτεμβρίου 2001|Επιθέσεων της 11ης Σεπτεμβρίου]].\n* [[2003]] - Εκδίδεται το [[Ελεύθερο λογισμικό|ελεύθερο]] [[περιβάλλον εργασίας]] και περιβάλλον ανάπτυξης λογισμικού [[KDE|KDE 3.1.1]]. \n* [[2007]] - Εκτελείται στο [[Ιράκ]] με απαγχονισμό ο [[Τάχα Γιασίν Ραμαντάν]], πρώην αντιπρόεδρος του καθεστώτος [[Σαντάμ Χουσεΐν]].\n* [[2015]] - Συμπίπτουν την ίδια μέρα μια έ[[Έκλειψη Ηλίου|κλειψη Ηλίου]], η [[Ισημερία]] και σούπερ Σελήνη.\n\n== Γεννήσεις ==\n*[[43 π.Χ.]] - [[Οβίδιος]], Ρωμαίος ποιητής\n*[[1502]] - [[Πιερίνο Μπέλλι]], Ιταλός στρατιωτικός και νομικός\n*[[1531]] - [[Αντώνιος της Πορτογαλίας|Αντώνιος]], διεκδικητής του θρόνου της Πορτογαλίας\n*[[1572]] - [[Όθων Γ΄ του Χάρμπουργκ]], δούκας του Μπράουνσβαϊχ-Λύνεμπουργκ\n*[[1680]] - [[Εμανουέλε ντ' Αστόργκα]], Ιταλός συνθέτης, τραγουδιστής και τσεμπαλίστας\n*[[1725]] - [[Αμπντούλ Χαμίτ Α΄]], Οθωμανός σουλτάνος\n*[[1770]] - [[Φρήντριχ Χαίλντερλιν]], Γερμανός συγγραφέας\n*[[1820]] - [[Αλέξανδρος Ιωάννης Α' Κούζας]], ηγεμόνας της Ρουμανίας\n*[[1828]] - [[Ερρίκος Ίψεν]], Νορβηγός συγγραφέας\n*[[1836]] - [[Έντουαρντ Πόυντερ]], Βρετανός ζωγράφος\n*[[1879]] - [[Μωντ Μέντεν]], Καναδή βιοχημικός\n*[[1891]] - [[Έντμουντ Γκούλντινγκ]], Άγγλος σκηνοθέτης\n*[[1904]] - [[Μπ. Φ. Σκίνερ]], Αμερικανός ψυχολόγος\n*[[1915]] - [[Σβιατοσλάβ Ρίχτερ]], Σοβιετικός πιανίστας\n*[[1931]] - [[Ντίνος Χριστιανόπουλος]], Έλληνας συγγραφέας\n*[[1939]] - [[Ντιμίτρι Μιχαλάς]], Αμερικανός αστρονόμος και συγγραφέας\n*[[1940]] - [[Στάθης Χάιτας]], Έλληνας ποδοσφαιριστής\n*[[1948]] - [[Νίκος Παπάζογλου]], Έλληνας τραγουδοποιός\n*[[1950]] - [[Γουίλιαμ Χερτ]], Αμερικανός ηθοποιός\n*[[1954]] - [[Λιάνα Κανέλλη]], Ελληνίδα δημοσιογράφος και πολιτικός\n*[[1956]] - [[Κάθριν Άστον]], Αγγλίδα πολιτικός\n*[[1958]] - [[Χόλι Χάντερ]], Αμερικανίδα ηθοποιός\n*[[1959]] - [[Στινγκ (παλαιστής)|Στινγκ]], Αμερικανός παλαιστής\n*[[1963]] - [[Μίροσλαβ Λάιτσακ]], Σλοβάκος διπλωμάτης\n*[[1963]] - [[Γελένα Ρομανόβα]], Ρωσίδα αθλήτρια\n*[[1976]] - [[Τσέστερ Μπένινγκτον]], Αμερικανός μουσικός ([[Linkin Park]])\n*[[1980]] - [[Ρομπέρτας Γιαβτόκας]], Λιθουανός καλαθοσφαιριστής\n*[[1983]] - [[Εΐτζι Καβασίμα]], Ιάπωνας ποδοσφαιριστής\n*[[1984]] - [[Φερνάντο Τόρρες]], Ισπανός ποδοσφαιριστής\n\n== Θάνατοι ==\n*[[1191]] - [[Πάπας Κλήμης Γ΄]]\n*[[1239]] - [[Χέρμαν φον Ζάλτσα]], μέγας μάγιστρος των Τευτόνων Ιπποτών\n*[[1390]] - [[Αλέξιος Γ΄ Μέγας Κομνηνός]], αυτοκράτορας της Τραπεζούντας\n*[[1413]] - [[Ερρίκος Δ΄ της Αγγλίας|Ερρίκος Δ΄]], βασιλιάς της Αγγλίας\n*[[1440]] - [[Σιγισμούνδος Κεστουτάιτις]], μέγας δούκας της Λιθουανίας\n*[[1568]] - [[Αλβέρτος της Πρωσίας (1490-1568)|Αλβέρτος]], δούκας της Πρωσίας\n*[[1619]] - [[Ματθίας της Αγίας Ρωμαϊκής Αυτοκρατορίας|Ματθίας]], αυτοκράτορας της Αγίας Ρωμαϊκής Αυτοκρατορίας\n*[[1746]] - [[Νικολά ντε Λαρζιλιέρ]], Γάλλος ζωγράφος\n*[[1771]] - [[Λουί-Μισέλ βαν Λου]], Γάλλος ζωγράφος\n*[[1816]] - [[Μαρία Α΄ της Πορτογαλίας|Μαρία Α΄]], βασίλισσα της Πορτογαλίας\n*[[1835]] - [[Ζαν-Μαρί-Ζοζέφ Κουτέλ]], Γάλλος μηχανικός και αεροστατιστής\n*[[1925]] - [[Τζωρτζ Κάρζον]], Άγγλος πολιτικός και αντιβασιλιάς της Ινδίας\n*[[1929]] - [[Φερντινάν Φος]], Γάλλος στρατιωτικός\n*[[1931]] - [[Χέρμαν Μύλερ (πολιτικός)|Χέρμαν Μίλερ]], Γερμανός πολιτικός\n*[[1943]] - [[Χάινριχ Τσίμερ]], Γερμανός ινδολόγος\n*[[1948]] - [[Αβεντίς Αχαρονιάν]], Αρμένιος ποιητής\n*[[1964]] - [[Μπρένταν Μπήαν]], Ιρλανδός συγγραφέας\n*[[1966]] - [[Δημήτριος Γαλάνης]], Έλληνας χαράκτης\n*[[1983]] - [[Ιβάν Βινογκράντοφ]], Ρώσος μαθηματικός\n*[[1983]] - [[Ιωάννης Σπύρου]], Έλληνας πολιτικός\n*[[1990]] - [[Λεβ Γιασίν]], Σοβιετικός ποδοσφαιριστής\n*[[1992]] - [[Μπρούνο Λαβανίνι]], Ιταλός μελετητής και βυζαντινολόγος\n*[[1993]] - [[Πόλυκαρπ Κους]], Αμερικανός φυσικός\n*[[1995]] - [[Μπιγκ Τζον Σταντ]], Αμερικανός παλαιστής\n*[[1997]] - [[Ανδρέας Λεντάκης]], Έλληνας πολιτικός\n*[[2004]] - [[Ανδρέας Θεοδώρου]], Κύπριος θεολόγος\n*[[2004]] - [[Ιουλιανή της Ολλανδίας|Ιουλιανή]], βασίλισσα της Ολλανδίας\n*[[2009]] - [[Αμπντελατίφ Φιλαλί]], Μαροκινός πολιτικός\n*[[2010]] - [[Γκιρίγια Πρασάντ Κοϊράλα]], Νεπαλέζος πολιτικός\n*[[2013]] - [[Ζιλούρ Ραχμάν]], πρόεδρος του Μπανγκλαντές\n*[[2014]] - [[Ινιάκι Ασκούνα]], Ισπανός πολιτικός\n*[[2015]] - [[Α. Τζ. Πέρο]], Αμερικανός ντράμερ ([[Twisted Sister]])\n*[[2017]] - [[Τζον Γκιχένο]], πολιτικός από την Παπούα Νέα Γουινέα\n*[[2017]] - [[Ντέιβιντ Ροκφέλερ]], Αμερικανός τραπεζίτης\n\n== Αργίες και εορτές ==\n=== Κόσμος ===\n* Παγκόσμια Ημέρα Αποχής από το Κρέας\n* Παγκόσμια Ημέρα Θεάτρου για τα Παιδιά και τους Νέους\n* Διεθνής Ημέρα Αστρολογίας\n* Διεθνής Ημέρα Γαλλοφωνίας\n* Διεθνής Ημέρα Γης\n* Ημέρα Πισσισμού \n\n=== [[Ορθόδοξη Εκκλησία]] ===\n{{Πύλη:Ορθοδοξία/Εορτολόγιο/20 Μαρτίου}}\n\n{{Μήνες}}\n\n[[Κατηγορία:Ημέρες του έτους]]"}}}]}]}}