{"batchcomplete":true,"query":{"normalized":[{"fromencoded":false,"from":"20_Ιουνίου","to":"20 Ιουνίου"}],"pages":[{"pageid":1945,"ns":0,"title":"20 Ιουνίου","revisions":[{"slots":{"main":{"contentmodel":"wikitext","contentformat":"text/x-wiki","content":"{{Μήνες Ιουνίου}}\n\n<center>[[19 Ιουνίου]] | '''20 Ιουνίου''' | [[21 Ιουνίου]]</center>\n\n----\nΗ '''20ή Ιουνίου''' είναι η 171η ημέρα του έτους κατά το [[Γρηγοριανό ημερολόγιο]] (172η σε δίσεκτα έτη). Υπολείπονται 194 ημέρες.\n\n{{ΗμερολόγιοΣεΠίνακα|6}}\n\n==Γεγονότα==\n*[[451]] - [[Μάχη των Εθνών]]: Ο [[Φλάβιος Αέτιος]] αντιμετωπίζει τον [[Αττίλας|Αττίλα]]. Μετά τη μάχη, η οποία ήταν αμφίρροπη, ο Αττίλας υποχωρεί.\n*[[1631]] - Το [[Ιρλανδία|ιρλανδικό]] χωριό της Βαλτιμόρης δέχεται επίθεση από [[Αλγερία|Αλγερινούς]] [[Πειρατεία|πειρατές]].\n*[[1652]] - Ο Ταρχουντζού Σαρή Αχμέτ Πασάς διορίζεται [[Μεγάλος Βεζίρης]] της [[Οθωμανική Αυτοκρατορία|Οθωμανικής αυτοκρατορίας]].\n*[[1756]] - Μέλη της [[Βρετανική Αυτοκρατορία|βρετανικής]] φρουράς φυλακίζονται στη [[μαύρη τρύπα της Καλκούτας]].\n*[[1782]] - Το [[Κογκρέσο των Ηνωμένων Πολιτειών|Αμερικανικό Κογκρέσο]] εγκρίνει το [[εθνόσημο των Ηνωμένων Πολιτειών]].\n*[[1819]] - Το [[Η.Π.Α.|αμερικανικό]] [[πλοίο]] ''SS Savannah'' φτάνει στο [[Λίβερπουλ]]. Είναι το πρώτο ατμοκίνητο σκάφος που διασχίζει τον [[Ατλαντικός Ωκεανός|Ατλαντικό ωκεανό]], αν και το μεγαλύτερο μέρος της διαδρομής έγινε με πανιά.\n*[[1837]] - Η [[βασίλισσα Βικτωρία]] διαδέχεται τον [[Γουλιέλμος Δ΄ του Ηνωμένου Βασιλείου|Γουλιέλμο Δ΄]] στο βρετανικό θρόνο.\n*[[1840]] - Ο [[Σάμιουελ Μορς]] λαμβάνει δίπλωμα [[ευρεσιτεχνία]]ς για τον [[Τηλεγραφία|τηλέγραφο]].\n*[[1863]] - [[Αμερικανικός Εμφύλιος Πόλεμος]]: η [[Δυτική Βιρτζίνια]] γίνεται δεκτή ως η 35η [[Πολιτείες των ΗΠΑ|Πολιτεία των Η.Π.Α.]]\n* [[1975]] - Ο ακαδημαϊκός [[Κωνσταντίνος Τσάτσος]] εκλέγεται 2ος Πρόεδρος της Ελληνικής Δημοκρατίας, συγκεντρώνοντας 210 ψήφους σε σύνολο 295 παρόντων μελών του Κοινοβουλίου.\n* [[1978]] - Στις 23:05 [[σεισμός]] μεγέθους 6,5 βαθμών Ρίχτερ συγκλονίζει τη [[Θεσσαλονίκη]]. Ο σεισμός είχε επίκεντρο 35 χλμ. Α-ΒΑ της Θεσσαλονίκης, στο χωριό [[Προφήτης Θεσσαλονίκη|Προφήτης]] στη [[λίμνη Βόλβη]]. Είχε διάρκεια 15 δευτερόλεπτα και προκάλεσε πολλές ζημιές στην πόλη με αποκορύφωμα την κατάρρευση της οικοδομής στην Πλατεία Ιπποδρομίου. Ο σεισμός άφησε πίσω του 40 περίπου νεκρούς και μια φοβισμένη πόλη.\n*[[1992]] Δημιουργήθηκε το ιστορικό ελληνικό χιπ χοπ συγκρότημα [[Active Member]], το οποίο στη πορεία έφτιαξε το [[Low Bap]].\n\n==Γεννήσεις==\n*[[1389]] - [[Ιωάννης του Λάνκαστερ]], 1ος δούκας του Μπέντφορντ\n*[[1469]] - [[Τζαν Γκαλεάτσο Σφόρτσα]], δούκας του Μιλάνου\n*[[1566]] - [[Σιγισμούνδος Γ΄ της Πολωνίας|Σιγισμούνδος Γ΄]], βασιλιάς της Πολωνίας\n*[[1726]] - [[Λουίζα Ερριέττα των Βουρβόνων]], δούκισσα της Ορλεάνης\n*[[1819]] - [[Ζακ Όφενμπαχ]], Γερμανός συνθέτης\n*[[1866]] - [[Τσουχάτσι Νινομίγια]], Ιάπωνας εφευρέτης\n*[[1887]] - [[Κουρτ Σβίττερς]], Γερμανός ζωγράφος και συγγραφέας\n*[[1889]] - [[Ιωάννης Σ. Παρασκευόπουλος]], Έλληνας αστρονόμος\n*[[1905]] - [[Λίλιαν Χέλμαν]], Αμερικανίδα θεατρική συγγραφέας\n*[[1909]] - [[Έρολ Φλιν]], Αυστραλός ηθοποιός\n*[[1913]] - [[Χουάν, Κόμης της Βαρκελώνης]]\n*[[1928]] - [[Μάρτιν Λαντάου]], Αμερικανός ηθοποιός\n*[[1928]] - [[Ζαν-Μαρί Λε Πεν]], Γάλλος πολιτικός\n*[[1931]] - [[Ολυμπία Δουκάκη]], Αμερικανίδα ηθοποιός\n*[[1934]] - [[Ροσάνα Ποντεστά]], Ιταλίδα ηθοποιός\n*[[1946]] - [[Αχμέντ Μπενμπιτούρ]], Αλγερινός πολιτικός\n*[[1946]] - [[Γιάννης Παληός]], Έλληνας υδατοσφαιριστής\n*[[1946]] - [[Σανάνα Γκουσμάο]], πρόεδρος του Ανατολικού Τιμόρ\n*[[1948]] - [[Λούντβιχ Σκόττι]], πρόεδρος της Ναουρού\n*[[1950]] - [[Νουρί αλ Μαλίκι]], Ιρακινός πολιτικός\n*[[1951]] - [[Τρες Μακνίλ]], Αμερικανίδα ηθοποιός\n*[[1954]] - [[Ίλαν Ραμόν]], Ισραηλινός αστροναύτης\n*[[1957]] - [[Κόκο Μπι Γουέαρ]], Αμερικανός παλαιστής\n*[[1965]] - [[Νίκος Μακρόπουλος]], Έλληνας τραγουδιστής \n*[[1967]] - [[Νικόλ Κίντμαν]], Αυστραλή ηθοποιός\n*[[1968]] - [[Ρόμπερτ Ροντρίγκεζ]], Αμερικανός σκηνοθέτης\n*[[1972]] - [[Αλέξης Αλεξούδης]], Έλληνας ποδοσφαιριστής\n*[[1978]] - [[Φρανκ Λάμπαρντ]], Άγγλος ποδοσφαιριστής\n*[[1982]] - [[Αλεξέι Μπερεζούτσκι]], Ρώσος ποδοσφαιριστής\n*[[1982]] - [[Βασίλι Μπερεζούτσκι]], Ρώσος ποδοσφαιριστής\n*[[1983]] - [[Τζος Τσίλντρες]], Αμερικανός καλαθοσφαιριστής\n*[[1986]] - [[Βάσω Βουγιούκα]], Ελληνίδα αθλήτρια της ξιφασκίας\n\n==Θάνατοι==\n*[[451]] - [[Θεοδώριχος Α΄]], βασιλιάς των Βησιγότθων\n*[[840]] - [[Λουδοβίκος ο Ευσεβής]], βασιλιάς των Φράγκων\n*[[1359]] - [[Έρικ ΙΒ΄ της Σουηδίας|Έρικ ΙΒ΄]], βασιλιάς της Σουηδίας\n*[[1580]] - [[Λουίς δε Καμόες]], Πορτογάλος ποιητής\n*[[1597]] - [[Γουλιέλμος Μπάρεντς]], Ολλανδός θαλασσοπόρος\n*[[1605]] - [[Φιοντόρ Β΄ της Ρωσίας|Φιοντόρ Β΄]], τσάρος της Ρωσίας\n*[[1773]] - [[Γκέοργκ Κρίστιαν Φύκσελ]], Γερμανός ιατρός και γεωλόγος\n*[[1787]] - [[Καρλ Φρίντριχ Άμπελ]], Γερμανός συνθέτης\n*[[1837]] - [[Γουλιέλμος Δ΄ του Ηνωμένου Βασιλείου|Γουλιέλμος Δ΄]], βασιλιάς του Ηνωμένου Βασιλείου\n*[[1869]] - [[Διομήδης Κυριακός]], Έλληνας πολιτικός\n*[[1888]] - [[Γιόχαν Τσούκερτορτ]], Πολωνός σκακιστής\n*[[1929]] - [[Εμμανουήλ Μπενάκης]], Έλληνας έμπορος και πολιτικός\n*[[1940]] - [[Εμμανουήλ Μαχαίρας]], Έλληνας συνδικαλιστής και πολιτικός\n*[[1947]] - [[Μπάγκσυ Σίγκελ]], Αμερικανός κακοποιός\n*[[1963]] - [[Ραφαέλ Σαλέμ]], Έλληνας μαθηματικός\n*[[1966]] - [[Ζωρζ Λεμαίτρ]], Βέλγος ιερέας, φυσικός και αστρονόμος\n*[[1978]] - [[Ιωάννης Κ. Βολιώτης]], Έλληνας πολιτικός\n*[[1984]] - [[Θάνος Μεσσήνης]], Έλληνας πολιτικός\n*[[2011]] - [[Δομνίτσα Λανίτου - Καβουνίδου]], Κύπρια αθλήτρια\n*[[2019]] - [[Δημήτρης Μαυρίκης]], Έλληνας ποδοσφαιριστής\n\n==Αργίες και εορτές==\n* Παγκόσμια Ημέρα του [[ΟΗΕ]] για τους πρόσφυγες\n\n===[[Ορθόδοξη Εκκλησία]]===\n{{Πύλη:Ορθοδοξία/Εορτολόγιο/20 Ιουνίου}}\n\n{{Μήνες}}\n\n[[Κατηγορία:Ημέρες του έτους]]"}}}]}]}}