{"batchcomplete":true,"query":{"normalized":[{"fromencoded":false,"from":"20_Φεβρουαρίου","to":"20 Φεβρουαρίου"}],"pages":[{"pageid":1326,"ns":0,"title":"20 Φεβρουαρίου","revisions":[{"slots":{"main":{"contentmodel":"wikitext","contentformat":"text/x-wiki","content":"{{Πηγές|3=2022|2=01|14}}\n{{Μήνες Φεβρουαρίου}}\n\n<center>[[19 Φεβρουαρίου]] | '''20 Φεβρουαρίου''' | [[21 Φεβρουαρίου]]</center>\n\n----\nΗ '''20ή Φεβρουαρίου''' είναι η 51η ημέρα του έτους κατά το [[Γρηγοριανό ημερολόγιο]]. Υπολείπονται 314 ημέρες (315 σε δίσεκτα έτη).\n\n{{ΗμερολόγιοΣεΠίνακα|2}}\n\n== Γεγονότα ==\n{{Commonscat|20 February}}\n*[[1339]] - Ο στρατός του [[Μιλάνο]]υ και οι μισθοφόροι του [[Λοντρίζιο Βισκόντι]] συγκρούονται στη μάχη του Παραμπιάγκο.\n*[[1472]] - Οι [[Ορκάδες]] και τα [[Σέτλαντ]] δίνονται ως [[ενέχυρο]] από τη [[Νορβηγία]] στη [[Σκωτία]] έναντι [[προίκα]]ς της [[Μαργαρίτα της Δανίας, βασίλισσα της Σκωτίας|Μαργαρίτας της Δανίας]].\n*[[1547]] - Ο [[Εδουάρδος ΣΤ΄ της Αγγλίας|Εδουάρδος ΣΤ΄]] στέφεται [[Κατάλογος Άγγλων μοναρχών|βασιλιάς της Αγγλίας]] στο [[Αββαείο του Ουέστμινστερ]].\n*[[1685]] - Ο Ρενέ-Ρομπέρ Καβελιέ ιδρύει το οχυρό Σεν Λουί στον κόλπο Ματαγκόρντα δημιουργώντας έτσι τη βάση για την αξίωση της [[Γαλλία]]ς στο [[Τέξας]].\n*[[1798]] - Κατόπιν εντολής του [[Λουί Αλεξάντρ Μπερτιέ]], ο [[Πάπας Πίος ΣΤ΄]] οδηγείται αιχμάλωτος από το [[Βατικανό]] στη [[Σιένα]].\n*[[1810]] - [[Θανατική ποινή|Εκτελείται]] ο [[Αντρέας Χόφερ]], ηγέτης της εξέγερσης του [[Τιρόλο (ιστορική περιοχή)|Τιρόλου]] ενάντια στις δυνάμεις του [[Ναπολέων Α΄ της Γαλλίας|Ναπολέοντα]]. \n*[[1816]] - Η όπερα του [[Τζοακίνο Ροσσίνι]] ''[[Ο Κουρέας της Σεβίλλης]]'' κάνει πρεμιέρα στο Θέατρο Αρτζεντίνα στη [[Ρώμη]].\n*[[1822]] - [[Ελλάδα|Ελληνικά]] πλοία από τα [[Ψαρά]], την [[Ύδρα]] και τις [[Σπέτσες]] νικούν τον [[Οθωμανική Αυτοκρατορία|οθωμανικό]] στόλο στη [[Ναυμαχία της Πάτρας (1822)|Ναυμαχία της Πάτρας]].\n*[[1835]] - [[Σεισμός]] καταστρέφει την [[Κονσεπσιόν]] στη [[Χιλή]].\n*[[1865]] - Τερματίζεται με ειρηνευτική συμφωνία ο Πόλεμος της Ουρουγουάης, θέτοντας το σκηνικό για τον καταστρεπτικό [[Πόλεμος της Παραγουάης|Πόλεμο της Παραγουάης]].\n*[[1872]] - Ανοίγει το [[Μητροπολιτικό Μουσείο Τέχνης (Νέα Υόρκη)|Μητροπολιτικό Μουσείο Τέχνης]] στη [[Νέα Υόρκη]].\n*[[1891]] - Ιδρύεται ο [[Πανελλήνιος Γ.Σ.]]\n*[[1909]] - Η [[Γαλλία|γαλλική]] εφημερίδα ''[[Le Figaro]]'' δημοσιεύει το ''Μανιφέστο του φουτουρισμού'' του [[Φιλίππο Τομάζο Μαρινέττι]].\n*[[1913]] - Έναρξη των εργασιών για την κατασκευή της [[Καμπέρα]] στην [[Αυστραλία]].\n*[[1933]] - Ο [[Αδόλφος Χίτλερ]] πραγματοποιεί μυστική συνάντηση με [[Γερμανία|Γερμανούς]] βιομηχάνους με σκοπό τη χρηματοδότηση της επικείμενης προεκλογικής εκστρατείας του [[Εθνικοσοσιαλιστικό Γερμανικό Εργατικό Κόμμα|Ναζιστικού κόμματος]].\n*[[1946]] - Ο από [[Ιερά Μητρόπολις Χαλκηδόνος|Χαλκηδόνος]] [[Πατριάρχης Μάξιμος Ε΄|Μάξιμος]] εκλέγεται [[Οικουμενικός Πατριάρχης]].\n*[[1962]] - [[Πρόγραμμα Μέρκιουρι]]: ο [[Τζον Γκλεν]] γίνεται ο πρώτος [[Η.Π.Α.|Αμερικανός]] που μπαίνει σε τροχιά γύρω από τη [[Γη]], πραγματοποιώντας τρεις περιστροφές σε 4 ώρες και 55 λεπτά. \n*[[1965]] - Το [[Ρέιντζερ 8]] συντρίβεται στη [[Σελήνη]] μετά από μία επιτυχημένη αποστολή φωτογράφησης πιθανών σημείων προσεδάφισης για τους [[Αστροναύτης|αστροναύτες]] του [[Απόλλων (διαστημικό πρόγραμμα)|προγράμματος Απόλλων]].\n*[[1968]] - Σε σωρούς ερειπίων μετατρέπονται όλα σχεδόν τα σπίτια του [[Άγιος Ευστράτιος|Αγίου Ευστρατίου]], ο οποίος ισοπεδώνεται από καταστρεπτικό [[Σεισμός|σεισμό]]. Οι νεκροί φτάνουν τους 20 και οι τραυματίες τους 18, ενώ άστεγες μένουν και οι 220 οικογένειες του νησιού. Η εικόνα της ολοκληρωτικής καταστροφής συμπληρώνεται από τα 5.000 νεκρά αιγοπρόβατα και τα 400 βοοειδή, που επίσης θάβονται στα ερείπια.\n*[[1970]] - Η ΑΕΚ, κερδίζοντας στον επαναληπτικό αγώνα στο [[Παναθηναϊκό Στάδιο]] την Ισπανική Γιουβεντούτ με σκορ 74-46, ανατρέπει τη διαφορά του πρώτου αγώνα και προκρίνεται στα ημιτελικά του Κυπέλλου Κυπελλούχων Ευρώπης στην καλαθοσφαίριση. \n*[[1979]] - [[Σεισμός]] στην [[Ινδονησία]] δημιουργεί ρωγμές σε [[Ηφαιστειακός κρατήρας|ηφαιστειακό κρατήρα]] και απελευθερώνει δηλητηριώδη αέρια σκοτώνοντας 149 χωρικούς στην κεντρική [[Ιάβα]].\n\n== Γεννήσεις ==\n*[[1802]] - [[Αναστάσιος Πολυζωίδης]], Έλληνας πολιτικός\n*[[1917|1917,-]] [[Ρένα Βλαχοπούλου]], Ελληνίδα ηθοποιός\n*[[1844]] - [[Λούντβιχ Μπόλτσμαν]], Αυστριακός φυσικός\n*[[1849]] - [[Ιβάν Γκέσωφ]], Βούλγαρος πολιτικός\n*[[1886]] - [[Μπέλα Κουν]], Ούγγρος πολιτικός\n*[[1888]] - [[Ζωρζ Μπερνανός]], Γάλλος συγγραφέας\n*[[1902]] - [[Άνσελ Άνταμς]], Αμερικανός φωτογράφος\n*[[1920]] - [[Φώτης Πολυμέρης]], Έλληνας τραγουδιστής\n*[[1921]] - [[Μπάντι Ρότζερς]], Αμερικανός παλαιστής\n*[[1924]] - [[Αργύρης Κουνάδης]], Έλληνας συνθέτης\n*[[1925]] - [[Ρόμπερτ Όλτμαν]], Αμερικανός σκηνοθέτης\n*[[1927]] - [[Σίντνεϊ Πουατιέ]], Αμερικανός ηθοποιός\n*[[1936]] - [[Μοχάμετ Τακί]], πρόεδρος των Κομορών\n*[[1937]] - [[Γιώργος Λεονάρδος]], Έλληνας δημοσιογράφος και συγγραφέας\n*[[1943]] - [[Αντόνιο Ινόκι]], Ιάπωνας παλαιστής\n*[[1948]] - [[Λάρι Ραπ]], Αμερικανός ηθοποιός\n*[[1951]] - [[Γκόρντον Μπράουν]], Σκωτσέζος πολιτικός\n*[[1957]] - [[Ορφέας Περίδης]], Έλληνας τραγουδοποιός\n*[[1960]] - [[Κάντιδο Μουατετέμα Ρίβας]], πρωθυπουργός της Ισημερινής Γουινέας\n*[[1965]] - [[Ρον Έλνταρντ]], Αμερικανός ηθοποιός\n*[[1966]] - [[Σίντι Κρόφορντ]], Αμερικανίδα ηθοποιός και μοντέλο\n*[[1967]] - [[Κερτ Κομπέιν]], Αμερικανός τραγουδιστής ([[Nirvana]])\n*[[1967]] - [[Κώστας Μακεδόνας]], Έλληνας τραγουδιστής\n*[[1967]] - [[Σπύρος Μαραγκός]], Έλληνας ποδοσφαιριστής\n*[[1967]] - [[Ντέιβιντ Χέρμαν]], Αμερικανός κωμικός\n*[[1975]] - [[Μπράιαν Λίτρελ]], Αμερικανός τραγουδιστής (Backstreet Boys)\n*[[1978]] - [[Γιούλια Γεντς]], Γερμανίδα ηθοποιός\n*[[1981]] - [[Τόνι Χίμπερτ]], Άγγλος ποδοσφαιριστής\n*[[1985]] - [[Γιούλια Βόλκοβα]], Ρωσίδα τραγουδίστρια ([[Tatu|t.A.T.u.]])\n*[[1987]] - [[Μάιλς Τέλερ]], Αμερικανός ηθοποιός\n*[[1988]] - [[Ριάννα]], τραγουδίστρια από τα Μπαρμπάντος\n*[[2014]] - [[Ελεονώρα της Σουηδίας|Ελεονώρα]], πριγκίπισσα της Σουηδίας\n\n== Θάνατοι ==\n*[[1054]] - [[Γιαροσλάβ Α΄ ο Σοφός]], πρίγκιπας του Κιέβου\n*[[1171]] - [[Κόναν Δ΄ της Βρετάνης|Κόναν Δ΄]], δούκας της Βρετάνης\n*[[1194]] - [[Ταγκρέδος της Σικελίας|Ταγκρέδος]], βασιλιάς της Σικελίας\n*[[1429]] - [[Τζοβάνι ντι Μπίτσι των Μεδίκων]], Ιταλός τραπεζίτης\n*[[1513]] - [[Ιωάννης της Δανίας|Ιωάννης]], βασιλιάς της Δανίας, της Νορβηγίας και της Σουηδίας\n*[[1595]] - [[Ερνέστος των Αψβούργων]], Αυστριακός πρίγκιπας\n*[[1648]] - [[Τίρσο δε Μολίνα]], Ισπανός συγγραφέας\n*[[1762]] - [[Τομπίας Μάγερ]], Γερμανός αστρονόμος\n*[[1778]] - [[Λάουρα Μπάσσι]], Ιταλίδα φυσικός και ακαδημαϊκός\n*[[1790]] - [[Ιωσήφ Β΄ των Αψβούργων]], αυτοκράτορας της Αγίας Ρωμαϊκής Αυτοκρατορίας\n*[[1810]] - [[Αντρέας Χόφερ]], Αυστριακός ήρωας\n*[[1919]] - [[Χαμπιμπουλάχ Χαν]], Εμίρης του Αφγανιστάν\n*[[1934]] - [[Στυλιανός Γαλερός]], Έλληνας οπλαρχηγός\n*[[1936]] - [[Μαξ Σρεκ]], Γερμανός ηθοποιός\n*[[1957]] - [[Αστέριος Ζουρμπάς]], Έλληνας δημοσιογράφος και πολιτικός\n*[[1960]] - [[Βασίλης Λογοθετίδης]], Έλληνας ηθοποιός\n*[[1962]] - [[Χαράλαμπος Κατσιμήτρος]], Έλληνας στρατιωτικός\n*[[1972]] - [[Μαρία Γκέπερτ-Μάγιερ]], Γερμανίδα φυσικός\n*[[1977]] - [[Γεώργιος Ιορδανίδης]], Έλληνας στρατιωτικός και πολιτικός\n*[[1981]] - [[Ιωάννης Θεοδωρακόπουλος]], Έλληνας φιλόσοφος\n*[[1982]] - [[Στέφανος Τσουρής]], Έλληνας πολιτικός\n*[[1984]] - [[Απόστολος Κουνούπης]], Έλληνας πολιτικός\n*[[1987]] - [[Σωτήριος Ασπρογέρακας]], Έλληνας ποδοσφαιριστής και διαιτητής\n*[[1989]] - [[Γιώργος Νέζος]], Έλληνας ηθοποιός\n*[[1999]] - [[Τζιν Σίσκελ]], Αμερικανός κριτικός κινηματογράφου\n*[[2002]] - [[Ευτύχης Γιαρένης]], Έλληνας πολιτικός\n\n== Αργίες και εορτές ==\n=== [[Ορθόδοξη Εκκλησία]] ===\n{{Πύλη:Ορθοδοξία/Εορτολόγιο/20 Φεβρουαρίου}}\n\n{{Μήνες}}\n\n[[Κατηγορία:Ημέρες του έτους]]"}}}]}]}}