{"batchcomplete":true,"query":{"normalized":[{"fromencoded":false,"from":"20_Απριλίου","to":"20 Απριλίου"}],"pages":[{"pageid":7075,"ns":0,"title":"20 Απριλίου","revisions":[{"slots":{"main":{"contentmodel":"wikitext","contentformat":"text/x-wiki","content":"{{Μήνες Απριλίου}}\n{{center|[[19 Απριλίου]] &#124; '''20 Απριλίου''' &#124; [[21 Απριλίου]]}}\n\n----\nΗ '''20ή Απριλίου''' είναι η 110η ημέρα του έτους κατά το [[Γρηγοριανό ημερολόγιο]].  Υπολείπονται 255 ημέρες.\n\n{{ΗμερολόγιοΣεΠίνακα|4}}\n\n== Γεγονότα ==\n*[[1303]] - Ιδρύεται το [[Πανεπιστήμιο Σαπιέντσα Ρώμης]] από τον [[Πάπας Βονιφάτιος Η΄|Πάπα Βονιφάτιο Η΄]].\n*[[1453]] - Ο πλοίαρχος Φλαντανελλάς εισέρχεται στον [[Κεράτιος κόλπος|Κεράτιο κόλπο]] διασπώντας τον [[Οθωμανική αυτοκρατορία|οθωμανικό]] αποκλεισμό και εφοδιάζει την πολιορκούμενη [[Κωνσταντινούπολη]]. Τρεις [[Δημοκρατία της Γένοβας|γενοβέζικες]] γαλέρες, που συνοδεύουν το πλοίο του Φλαντανελλά, εμπλέκονται στην τελευταία ναυμαχία της [[Βυζαντινή Αυτοκρατορία|βυζαντινής]] ιστορίας. \n*[[1534]] - Ο [[Ζακ Καρτιέ]] ξεκινά το ταξίδι του προς τη σημερινή ανατολική ακτή του [[Καναδάς|Καναδά]], τη [[Νέα Γη και Λαμπραντόρ|Νέα Γη και το Λαμπραντόρ]].\n*[[1657]] - Χορηγείται η [[Ανεξιθρησκία|ελευθερία της θρησκείας]] στους [[Εβραίοι|Εβραίους]] του Νέου Άμστερνταμ (μετέπειτα [[Νέα Υόρκη|Νέας Υόρκης]]).\n*[[1792]] - Η [[Γαλλία]] κηρύσσει πόλεμο κατά του «[[Φραγκίσκος Β´ της Αγίας Ρωμαϊκής Αυτοκρατορίας|βασιλιά της Ουγγαρίας και της Βοημίας]]». Έναρξη των [[Πόλεμοι της Γαλλικής Επανάστασης|πολέμων της Γαλλικής Επανάστασης]].\n*[[1804]] - Λήγει η [[Μάχη του Σέλτσου | πολιορκία της Μονής Σέλτσου]] με οικτρή ήττα για τους Έλληνες.\n*[[1809]] - Ο στρατός της [[Πρώτη Γαλλική Αυτοκρατορία|Πρώτης Γαλλικής Αυτοκρατορίας]] υπό την ηγεσία του [[Ναπολέων Α΄ της Γαλλίας|Ναπολέοντα]] νικά στη μάχη του Άμπενσμπεργκ τον [[Αυστρία|αυστριακό]] στρατό. \n*[[1861]] - [[Αμερικανικός Εμφύλιος Πόλεμος]]: ο [[Ρόμπερτ Λη]] παραιτείται από τη θέση του στον [[Ηνωμένες Πολιτείες Αμερικής|αμερικανικό]] στρατό προκειμένου να διοικήσει τις δυνάμεις της πολιτείας της [[Βιρτζίνια]].\n*[[1884]] - Ο [[Πάπας]] Λέων ΙΓ΄ εκδίδει την εγκύκλιο ''Humanum Genus''.\n*[[1923]] - Ο Μητροπολίτης [[Ικόνιο|Ικονίου]] [[Προκόπιος Ικονίου|Προκόπιος Λαζαρίδης]], πεθαίνει στο Ζιντζίντερε της [[Καισάρεια]]ς, αποτελώντας τον πέμπτο αρχιερέα μάρτυρα στη [[Μικρά Ασία]] κατά τη [[Γενοκτονία των Ελλήνων]], μετά τους [[Χρυσόστομος Σμύρνης|Χρυσόστομο Σμύρνης]], [[Γρηγόριος Κυδωνιών|Γρηγόριο Κυδωνιών]], Αμβρόσιο Μοσχονησίων και Ευθύμιο Ζήλων.\n*[[1926]] - Ιδρύεται ο [[Πανθεσσαλονίκειος Αθλητικός Όμιλος Κωνσταντινουπολιτών]] (Π.Α.Ο.Κ.)\n*[[1941]] - [[Β΄ Παγκόσμιος Πόλεμος]]: ο [[Βουλγαρία|βουλγαρικός]] στρατός [[Βουλγαρική κατοχή ελληνικών εδαφών (1941-44)|εισέρχεται στην Ελλάδα]].\n*[[1946]] - Καταργείται επίσημα η [[Κοινωνία των Εθνών]], παραχωρώντας το μεγαλύτερο μέρος της εξουσίας της στον [[Οργανισμός Ηνωμένων Εθνών|Οργανισμό Ηνωμένων Εθνών]].\n*[[1961]] - Σε αποτυχία καταλήγει η [[εισβολή στον Κόλπο των Χοίρων]] στην [[Κούβα]], των υποστηριζόμενων από τις [[Ηνωμένες Πολιτείες Αμερικής|Η.Π.Α.]] Κουβανών εξορίστων. \n*[[1963]] - Σοβαρά επεισόδια εις βάρος της [[Φρειδερίκη της Ελλάδας|βασίλισσας Φρειδερίκης]] σημειώνονται κατά τη διάρκεια επίσκεψής της στο [[Λονδίνο]] με πρωταγωνίστρια την [[Μπέτυ Αμπατιέλου]] και [[Κύπρος|Κύπριους]] φοιτητές. Η βασίλισσα υποχρεώνεται να καταφύγει στο σπίτι της [[Η.Π.Α.|Αμερικανίδας]] ηθοποιού Μάρτιν Στίβενς.\n*[[1999]] - [[Σφαγή στο λύκειο Κολουμπάιν]]: Ο Έρικ Χάρρις και ο Ντάϊλαν Κλέμπολντ σκοτώνουν 13 άτομα και τραυματίζουν άλλα 24, πριν αυτοκτονήσουν στο λύκειο Κολουμπάιν στο [[Κολοράντο]]. \n* [[2000]] - Ο [[ΚΑΕ Παναθηναϊκός Α.Ο.|Παναθηναϊκός]] αναδεικνύεται πρωταθλητής Ευρώπης στην [[καλαθοσφαίριση]] για δεύτερη φορά στην ιστορία του. Στον τελικό του φάιναλ-φορ που έγινε στη [[Θεσσαλονίκη]] επικράτησε της Μακάμπι Τελ Αβίβ με 73-67.\n*[[2010]]- Στις [[Ηνωμένες Πολιτείες Αμερικής|ΗΠΑ]], και συγκεκριμένα στον [[κόλπος του Μεξικού|κόλπο του Μεξικού]] γίνεται για δεύτερη φορά, μια απο τις [[Η πετρελαιοκηλίδα στον κόλπο του Μεξικού (2010)|μεγαλύτερες οικολογικές καταστροφές]] στον κόσμο και η μεγαλύτερη στην χώρα.\n\n== Γεννήσεις ==\n*[[1492]] - [[Πιέτρο Αρετίνο]], Ιταλός συγγραφέας\n*[[1745]] - [[Φιλίπ Πινέλ]], Γάλλος ψυχίατρος\n*[[1808]] - [[Ναπολέων Γ΄]], αυτοκράτορας της Γαλλίας\n*[[1839]] - [[Κάρολος Α΄ της Ρουμανίας|Κάρολος Α΄]], βασιλιάς της Ρουμανίας\n*[[1851]] - [[Σπυρίδων Λάμπρος]], Έλληνας πολιτικός\n*[[1868]] - [[Σαρλ Μωρράς]], Γάλλος πολιτικός\n*[[1889]] - [[Αδόλφος Χίτλερ]], καγκελάριος της Γερμανίας\n*[[1893]] - [[Ζουάν Μιρό]], Ισπανός ζωγράφος\n*[[1893]] - [[Έντνα Πάρκερ]], Αμερικανίδα υπεραιωνόβια\n*[[1907]] - [[Αυγουστίνος Καντιώτης]], Έλληνας μητροπολίτης\n*[[1908]] - [[Γιώργος Σαραντάρης]], Έλληνας συγγραφέας\n*[[1912]] - [[Νικόλαος Κούρναβος]], Έλληνας πολιτικός\n*[[1922]] - [[Τάσος Λειβαδίτης]], Έλληνας ποιητής\n*[[1929]] - [[Χάρης Αγγάνης]], Αμερικανός αθλητής του μπέιζμπολ\n*[[1936]] - [[Πάουλι Έλεφσεν]], πρωθυπουργός των Νήσων Φερόε\n*[[1945]] - [[Θέιν Σέιν]], πρόεδρος της Μιανμάρ\n*[[1949]] - [[Τζέσικα Λανγκ]], Αμερικανίδα ηθοποιός\n*[[1949]] - [[Μάσσιμο Ντ' Αλέμα]], Ιταλός πολιτικός\n*[[1952]] - [[Λούκα Κατσέλη]], Ελληνίδα πολιτικός\n*[[1960]] - [[Μιγκέλ Ντίας-Κανέλ]], Κουβανός πολιτικός\n*[[1965]] - [[Κωστής Χατζηδάκης]], Ελληνας πολιτικός\n*[[1967]] - [[Μάικ Πορτνόι]], Αμερικανός μουσικός\n*[[1969]] - [[Φέλιξ Μπαουμγκάρτνερ]], Αυστριακός αλεξιπτωτιστής\n*[[1971]] - [[Νίκος Κυζερίδης]], Έλληνας ποδοσφαιριστής\n*[[1972]] - [[Ζέλικο Γιοκσίμοβιτς]], Σέρβος τραγουδοποιός\n*[[1977]] - [[Υβ Λαρόκ]], Ελβετός μουσικός παραγωγός\n*[[1985]] - [[Κερτ Χόκινς]], Αμερικανός παλαιστής\n*[[1986]] - [[Σωτήρης Σωτηρίου]], Έλληνας πετοσφαιριστής\n\n== Θάνατοι ==\n*[[689]] - [[Κεντβάλλα του Ουέσσεξ|Κεντβάλλα]], βασιλιάς του Ουέσσεξ\n*[[1314]] - [[Πάπας Κλήμης Ε΄]]\n*[[1504]] - [[Φιλιππίνο Λίππι]], Ιταλός ζωγράφος\n*[[1841]] - [[Τόμας Γκόρντον]], Σκωτσέζος στρατιωτικός\n*[[1912]] - [[Μπραμ Στόκερ]], Ιρλανδός συγγραφέας\n*[[1918]] - [[Καρλ Φέρντιναντ Μπράουν]], Γερμανός φυσικός\n*[[1920]] - [[Μπριτόν Ριβιέρ]], Άγγλος ζωγράφος\n*[[1923]] - [[Προκόπιος Ικονίου|Προκόπιος]], μητροπολίτης Ικονίου\n*[[1932]] - [[Τζουζέπε Πεάνο]], Ιταλός μαθηματικός\n*[[1941]] - [[Μάρμαντιουκ Πατλ]], Βρετανός πιλότος\n*[[1947]] - [[Χριστιανός Ι΄ της Δανίας|Χριστιανός Ι΄]], βασιλιάς της Δανίας\n*[[1959]] - [[Μανόλης Τριανταφυλλίδης]], Έλληνας γλωσσολόγος\n*[[1961]] - [[Άγις Θέρος]], Έλληνας λαογράφος και ποιητής\n*[[1974]] - [[Ρίχαρντ Χύλζενμπεκ]], Γερμανός συγγραφέας\n*[[1987]] - [[Χρήστος Μπράβος]], Έλληνας ποιητής\n*[[1991]] - [[Ιωάννης Παναγιωτίδης]], Έλληνας πολιτικός\n*[[1992]] - [[Μπένι Χιλ]], Άγγλος κωμικός\n*[[1999]] - [[Νίκος Ρίζος]], Έλληνας ηθοποιός\n*[[2001]] - [[Βαάι Κολόνε]], πρωθυπουργός της Σαμόα\n*[[2003]] - [[Μπέρναρντ Κατς]], Γερμανός βιοφυσικός\n*[[2007]] - [[Άντριου Χιλ]], Αμερικανός συνθέτης και πιανίστας\n*[[2009]] - [[Μπεάτα Ασημακοπούλου]], Ελληνίδα ηθοποιός\n*[[2011]] - [[Τιμ Χεθέρινγκτον]], Άγγλος φωτορεπόρτερ\n*[[2014]] - [[Νίκος Μιχιώτης]], Έλληνας συγγραφέας\n*[[2016]] - [[Γιάννης Βόγλης]], Έλληνας ηθοποιός\n*[[2018]] - [[Avicii]], Σουηδός DJ και μουσικός\n\n== Αργίες και εορτές ==\n\n=== [[Ορθόδοξη Εκκλησία]] ===\n{{Πύλη:Ορθοδοξία/Εορτολόγιο/20 Απριλίου}}\n\n{{Μήνες}}\n\n[[Κατηγορία:Ημέρες του έτους]]"}}}]}]}}