{"batchcomplete":true,"query":{"normalized":[{"fromencoded":false,"from":"20_Αυγούστου","to":"20 Αυγούστου"}],"pages":[{"pageid":3017,"ns":0,"title":"20 Αυγούστου","revisions":[{"slots":{"main":{"contentmodel":"wikitext","contentformat":"text/x-wiki","content":"{{Μήνες Αυγούστου}}\n\n<center>[[19 Αυγούστου]] | '''20 Αυγούστου''' | [[21 Αυγούστου]]</center>\n\n----\n{{ΗμερολόγιοΣεΠίνακα|8}}\nΗ '''20ή Αυγούστου''' είναι η 232η ημέρα του έτους κατά το [[Γρηγοριανό ημερολόγιο]] (233η σε δίσεκτα έτη). Υπολείπονται 133 ημέρες.\n\n== Γεγονότα ==\n*[[14]] - Ο Αγρίππας Πόστουμος, υιοθετημένος γιος του [[Ρωμαίος αυτοκράτορας|Ρωμαίου αυτοκράτορα]] [[Οκταβιανός Αύγουστος|Οκταβιανού Αύγουστου]], εκτελείται κάτω από μυστηριώδεις συνθήκες από τους φρουρούς του, ενώ ήταν εξόριστος. \n*[[636]] - [[Μάχη του ποταμού Γιαρμούκ]]: Οι [[Άραβες|αραβικές]] δυνάμεις με επικεφαλής τον [[Χαλίντ ιμπν Ουαλίντ]] αναλαμβάνουν τον έλεγχο της [[Συρία]]ς και της [[Παλαιστίνη (ιστορική περιοχή)|Παλαιστίνη]]ς μακριά από την [[Βυζαντινή Αυτοκρατορία]], σηματοδοτώντας το πρώτο μεγάλο κύμα των [[Μουσουλμάνος|μουσουλμανικών]] κατακτήσεων και την ταχεία εξάπλωση του [[Ισλάμ]] έξω από την [[Αραβία]]. \n*[[917]] - Μάχη της Αγχιάλου: Ο τσάρος [[Συμεών Α΄ της Βουλγαρίας]] νικά το [[Βυζαντινή Αυτοκρατορία|βυζαντινό]] στρατό στην [[Αγχίαλος (Βουλγαρία)|Αγχίαλο]] της [[Βουλγαρία]]ς.\n*[[1083]] - Αγιοποιείται ο πρώτος βασιλιάς της [[Ουγγαρία]]ς, [[Στέφανος Α΄ της Ουγγαρίας|Στέφανος Α΄]], και ο γιος του, Έμεριχ.  \n*[[1775]] - [[Ισπανία|Ισπανοί]] ιδρύουν την πόλη [[Τούσον]] στην [[Αριζόνα]].\n*[[1794]] - Μάχη των Πεσμένων Δέντρων: [[Ηνωμένες Πολιτείες Αμερικής|Αμερικανικά]] στρατεύματα αναγκάζουν μία συμμαχία Ινδιάνων πολεμιστών σε άτακτη υποχώρηση.  \n*[[1823]] - Οι [[Οθωμανική Αυτοκρατορία|Οθωμανοί]] νικούν τους [[Κρήτη|Κρήτες]] στις [[Αμουργέλες Ηρακλείου]].\n*[[1824]] - Εκδίδεται η πρώτη εφημερίδα στην [[Αθήνα]], η ''[[Εφημερίς των Αθηνών]]''.\n*[[1858]] - Ο [[Κάρολος Δαρβίνος]] δημοσιεύει για πρώτη φορά τη θεωρία της [[εξέλιξη]]ς μέσω της [[Φυσική επιλογή|φυσικής επιλογής]]. Παράλληλα δημοσιεύεται και η παρόμοια θεωρία του [[Άλφρεντ Ράσελ Γουάλας]]. \n*[[1882]] - Κάνει πρεμιέρα στη [[Μόσχα]] η ''[[Ουβερτούρα 1812]]'' του [[Πιότρ Τσαϊκόφσκι]].\n*[[1910]] - Ξεσπάει μεγάλη φωτιά στη βορειοανατολική [[Ουάσινγκτον (πολιτεία)|Ουάσινγκτον]], το βόρειο [[Αϊντάχο]] και τη δυτική [[Μοντάνα]], καίγοντας περίπου 3.000.000 στρέμματα (12.000 τ. χλμ).\n*[[1914]] - [[Α΄ Παγκόσμιος Πόλεμος]]: Καταλαμβάνονται οι [[Περιοχή των Βρυξελλών|Βρυξέλλες]] κατά τη διάρκεια της [[Γερμανική Αυτοκρατορία|γερμανικής]] εισβολής στο [[Βέλγιο]]. \n*[[1920]] - Αρχίζει να λειτουργεί στο [[Ντιτρόιτ]] ο 8ΜΚ, ο πρώτος εμπορικός ραδιοφωνικός σταθμός.\n*[[1920]] - Ιδρύεται στο Κάντον του [[Οχάιο]], η [[NFL]] ως American Professional Football Association.\n*[[1940]] - Ο εξόριστος στο [[Μεξικό]] [[Ρώσοι|Ρώσος]] επαναστάτης [[Λέων Τρότσκι]] τραυματίζεται θανάσιμα με ορειβατική αξίνα από τον Ραμόν Μερκαντέρ. Πεθαίνει την επόμενη ημέρα.\n*[[1940]] - [[Β΄ Παγκόσμιος Πόλεμος]]: Ο [[πρωθυπουργός του Ηνωμένου Βασιλείου]] [[Ουίνστον Τσώρτσιλ]] δίνει την τέταρτη από τις διάσημες πολεμικές του ομιλίες, περιλαμβάνοντας τη φράση «Ποτέ τόσοι πολλοί δεν όφειλαν τόσα πολλά σε τόσους λίγους».\n*[[1944]] - [[Β΄ Παγκόσμιος Πόλεμος]]: Ξεκινά η μάχη της [[Ρουμανία]]ς με μεγάλη επίθεση της [[Ένωση Σοβιετικών Σοσιαλιστικών Δημοκρατιών|Σοβιετικής Ένωσης]].\n*[[1960]] - Η [[Σενεγάλη]] αποχωρεί από την ομοσπονδία του [[Μάλι]], ανακηρύσσοντας την ανεξαρτησία της. \n*[[1962]] - Το ''Savannah'', το πρώτο [[Πυρηνοκίνητο πλοίο|πυρηνοκίνητο]] πολιτικό πλοίο στον κόσμο, ξεκινάει το [[Παρθενικό ταξίδι|παρθενικό του ταξίδι]].\n*[[1965]] - Ορκίζεται δεκαπενταμελής [[Κυβέρνηση Ηλία Τσιριμώκου 1965|κυβέρνηση]] υπό τον [[Ηλίας Τσιριμώκος|Ηλία Τσιριμώκο]], στον οποίο ο βασιλιάς [[Κωνσταντίνος Β΄ της Ελλάδας|Κωνσταντίνος]] έχει αναθέσει εν λευκώ εντολή. \n*[[1968]] - [[Ψυχρός Πόλεμος]]: Τα στρατεύματα του ελεγχόμενου από τη [[Ένωση Σοβιετικών Σοσιαλιστικών Δημοκρατιών|Σοβιετική Ένωση]] [[Σύμφωνο της Βαρσοβίας|Συμφώνου της Βαρσοβίας]] [[Εισβολή του Συμφώνου της Βαρσοβίας στην Τσεχοσλοβακία|εισβάλουν]] στην [[Τσεχοσλοβακία]], συντρίβοντας την [[Άνοιξη της Πράγας]]. Μόνο η [[Αλβανία]] και η [[Ρουμανία]] αρνούνται να συμμετάσχουν.\n*[[1977]] - [[Πρόγραμμα Βόγιατζερ]]: Η [[NASA]] εκτοξεύει το διαστημόπλοιο ''[[Βόγιατζερ 2]]''.\n* [[1986]] - Στο Έντμοντ της [[Οκλαχόμα]], ένας υπάλληλος ταχυδρομείου, ο Πάτρικ Χένρι Σέριλ, σκοτώνει 14 συναδέλφους του και μετά αυτοκτονεί.\n* [[1988]] - Μετά από παρέμβαση του ΟΗΕ, το [[Ιράκ]] και το [[Ιράν]] συμφωνούν στην κατάπαυση του πυρός, μετά από 8 χρόνια πολέμου.\n* [[1990]] - Η [[Γιουγκοσλαβία]] κατακτά το χρυσό μετάλλιο του 11ου Μουντομπάσκετ της [[Αργεντινή]]ς, επικρατώντας της Σοβιετικής Ένωσης με 92-75.\n* [[1991]] - Περισσότεροι από 100.000 άνθρωποι διαδηλώνουν έξω από το Κοινοβούλιο της Σοβιετικής Ένωσης και διαμαρτύρονται για το πραξικόπημα, που «εκθρόνισε» από τη θέση του τον [[Μιχαήλ Γκορμπατσόφ]].\n* [[1991]] - Στην [[Ινδία]], οι δύο κύριοι ύποπτοι της δολοφονίας του [[Ρατζίβ Γκάντι]] βρίσκονται νεκροί από την αστυνομία στο κρησφύγετό τους.\n* [[1991]] - Το Κοινοβούλιο της Βαλτικής Δημοκρατίας της [[Εσθονία]]ς κηρύσσει πλήρη ανεξαρτησία από την ΕΣΣΔ.\n* [[1995]] - Στη [[Λιβερία]] οι αντιμαχόμενες παρατάξεις υπογράφουν συμφωνία ειρήνης για τον τερματισμό των πενταετών εμφύλιων συγκρούσεων.\n* [[1995]] - Στην [[Ινδία]], στο κρατίδιο Ουτάρ Πραντές, τουλάχιστον 335 άτομα χάνουν τη ζωή τους σε πολύνεκρο σιδηροδρομικό δυστύχημα.\n\n== Γεννήσεις ==\n*[[1561]] - [[Τζάκοπο Πέρι]], Ιταλός συνθέτης\n*[[1778]] - [[Μπερνάρδο Ο' Χίγκινς]], Χιλιανός ηγέτης\n*[[1779]] - [[Γιονς Γιάκομπ Μπερτσέλιους]], Σουηδός χημικός\n*[[1832]] - [[Θαντέους Σ. Κ. Λόου]], Αμερικανός χημικός και εφευρέτης\n*[[1833]] - [[Μπέντζαμιν Χάρρισον]], 23ος πρόεδρος των Η.Π.Α.\n*[[1860]] - [[Ραϊμόν Πουανκαρέ]], Γάλλος πολιτικός\n*[[1884]] - [[Ρούντολφ Μπούλτμαν]], Γερμανός θεολόγος\n*[[1890]] - [[Χάουαρντ Φίλιπς Λάβκραφτ]], Αμερικανός συγγραφέας\n*[[1899]] - [[Νίκος Μητσάκης]], Έλληνας αρχιτέκτονας\n*[[1901]] - [[Σαλβατόρε Κουαζίμοντο]], Ιταλός συγγραφέας\n*[[1910]] - [[Έερο Σάαρινεν]], Φινλανδός αρχιτέκτονας\n*[[1917]] - [[Κέννεθ Χάγκιν]], Αμερικανός ιεροκήρυκας\n*[[1919]] - [[Αδαμάντιος Ανδρουτσόπουλος]], Έλληνας πολιτικός\n*[[1923]] - [[Τομ Άποστολ]], Αμερικανός μαθηματικός\n*[[1929|1929 -]] [[Παύλος Γιαννακόπουλος]], Έλληνας επιχειρηματίας\n*[[1934]] - [[Πιτ Κλάιναου]], Αμερικανός μουσικός\n*[[1934]] - [[Σαμ Πανόπουλος]], Έλληνας μάγειρας\n*[[1938]] - [[Ντάνος Λυγίζος]], Έλληνας ηθοποιός\n*[[1941]] - [[Βέσα Άλαρε]], Φινλανδός τραγουδιστής\n*[[1941]] - [[Σλόμπονταν Μιλόσεβιτς]], Σέρβος πολιτικός\n*[[1944]] - [[Ρατζίβ Γκάντι]], Ινδός πολιτικός\n*[[1948]] - [[Ρόμπερτ Πλαντ]], Άγγλος τραγουδιστής ([[Led Zeppelin]])\n*[[1949]] - [[Νικόλας Άσιμος]], Έλληνας τραγουδοποιός\n*[[1949]] - [[Φιλ Λάινοτ]], Ιρλανδός μουσικός ([[Thin Lizzy]])\n*[[1949]] - [[Κατιάνα Μπαλανίκα]], Ελληνίδα ηθοποιός και τραγουδίστρια\n*[[1956]] - [[Τζόαν Άλεν]], Αμερικανίδα ηθοποιός\n*[[1958]] - [[Ντέιβιντ Ο. Ράσελ]], Αμερικανός σκηνοθέτης και σεναριογράφος\n*[[1966]] - [[Ενρίκο Λέτα]], Ιταλός πολιτικός\n*[[1970]] - [[Φρεντ Ντερστ]], Αμερικανός τραγουδιστής και σκηνοθέτης ([[Limp Bizkit]])\n*[[1974]] - [[Έιμι Άνταμς]], Αμερικανίδα ηθοποιός\n*[[1974]] - [[Μίσα Κόλλινς]], Αμερικανός ηθοποιός\n*[[1980]] - [[Γαβριήλ Σακελλαρίδης]], Έλληνας πολιτικός\n*[[1982]] - [[Τζόσουα Κένεντι]], Αυστραλός ποδοσφαιριστής\n*[[1983]] - [[Άντριου Γκάρφιλντ]], Αμερικανός ηθοποιός\n*[[1983]] - [[Γιούρι Ζιρκόφ]], Ρώσος ποδοσφαιριστής\n*[[1992]] - [[Ντέμι Λοβάτο]], Αμερικανίδα τραγουδίστρια και ηθοποιός\n\n== Θάνατοι ==\n*[[2]] - [[Λεύκιος Καίσαρας]], Ρωμαίος ευγενής\n*[[651]] - [[Οσουίν της Ντέιρα|Οσουίν]], βασιλιάς της Ντέιρα\n*[[768]] - [[Έαντμπερτ της Νορθουμβρίας|Έαντμπερτ]], βασιλιάς της Νορθουμβρίας\n*[[984]] - [[Πάπας Ιωάννης ΙΔ΄]]\n*[[1504]] - [[Ρούπρεχτ επίσκοπος του Φράιζινγκ]]\n*[[1611]] - [[Τομά Λουί δε Βικτόρια]], Ισπανός συνθέτης\n*[[1740]] - [[Άγιος Θεοχάρης]]\n*[[1823]] - [[Πάπας Πίος Ζ΄]]\n*[[1902]] - [[Νικόλαος Βώκος]], Έλληνας ζωγράφος\n*[[1912]] - [[Γουίλιαμ Μπουθ]], Άγγλος ιερέας, ιδρυτής του [[Στρατός της Σωτηρίας|Στρατού της Σωτηρίας]]\n*[[1915]] - [[Πάουλ Έρλιχ]], Γερμανός επιστήμονας\n*[[1917]] - [[Αδόλφος φον Μπάιερ]], Γερμανός χημικός\n*[[1928]] - [[Στέφανος Σκουλούδης]], Έλληνας πολιτικός\n*[[1952]] - [[Κουρτ Σουμάχερ]], Γερμανός πολιτικός\n*[[1961]] - [[Πέρσι Γουίλλιαμς Μπρίντγκμαν]], Αμερικανός φυσικός\n*[[1962]] - [[Μιλτιάδης Σταμούλης]], Έλληνας βιομήχανος και πολιτικός\n*[[1966]] - [[Περικλής Αργυρόπουλος]], Έλληνας διπλωμάτης και πολιτικός\n*[[1978]] - [[Σπυρίδων Μακρής]], Έλληνας γιατρός\n*[[1978]] - [[Ντιάνα Μπουντισάβλιεβιτς]], Αυστριακή ανθρωπίστρια\n*[[1988]] - [[Λαζάρους Σαλί]], πρόεδρος του Παλάου\n*[[1995]] - [[Ούγκο Πρατ]], Ιταλός σχεδιαστής και σεναριογράφος κόμικς\n*[[2000]] - [[Γιάννης Παπαδονικολάκης]], Έλληνας πολιτικός\n*[[2001]] - [[Φρεντ Χόυλ]], Άγγλος αστρονόμος και συγγραφέας\n*[[2003]] - [[Λάμπης Σεραφείδης]], Έλληνας ποδοσφαιριστής\n*[[2007]] - [[Κώστας Νάσης]], Έλληνας πολιτικός\n*[[2008]] - [[Αχιλλέας Λυμπουρίδης]], Κύπριος συνθέτης\n*[[2011]] - [[Ευάγγελος Σουσουρογιάννης]], Έλληνας πολιτικός\n*[[2012]] - [[Μέλες Ζενάουι]], Αιθίοπας πολιτικός\n*[[2016]] - [[Λούις Σμιθ]], Αμερικανός μουσικός\n*[[2017]] - [[Τζέρι Λιούις]], Αμερικανός κωμικός\n\n== Αργίες και εορτές ==\n\n=== [[Ορθόδοξη Εκκλησία]] ===\n{{Πύλη:Ορθοδοξία/Εορτολόγιο/20 Αυγούστου}}\n\n{{Μήνες}}\n\n[[Κατηγορία:Ημέρες του έτους]]"}}}]}]}}