{"batchcomplete":true,"query":{"normalized":[{"fromencoded":false,"from":"20_Ιανουαρίου","to":"20 Ιανουαρίου"}],"pages":[{"pageid":1064,"ns":0,"title":"20 Ιανουαρίου","revisions":[{"slots":{"main":{"contentmodel":"wikitext","contentformat":"text/x-wiki","content":"{{Μήνες Ιανουαρίου}}\n\n<center>[[19 Ιανουαρίου]] | '''20 Ιανουαρίου''' | [[21 Ιανουαρίου]]</center>\n\n----\nΗ '''20ή Ιανουαρίου''' είναι η 20η ημέρα του έτους κατά το [[Γρηγοριανό ημερολόγιο]]. Υπολείπονται 345 ημέρες (346 σε δίσεκτα έτη).\n \n\n{{ΗμερολόγιοΣεΠίνακα|1}}\n\n== Γεγονότα ==\n{{Commonscat|20 January}}\n*[[250]] - Ο αυτοκράτορας [[Δέκιος]] αρχίζει ευρύτατο διωγμό κατά των Χριστιανών στη [[Αρχαία Ρώμη|Ρώμη]]. Μεταξύ των μαρτύρων είναι και ο [[Πάπας Φαβιανός]]. \n*[[1320]] - Ο δούκας [[Λαδίσλαος Α΄ ο Βραχύς]] γίνεται βασιλιάς της [[Πολωνία]]ς.\n*[[1356]] - Ο Εδουάρδος Μπάλλιολ παραιτείται από τη διεκδίκηση του [[Κατάλογος μοναρχών της Σκωτίας|θρόνου της Σκωτίας]].\n*[[1567]] - Μάχη του [[Ρίο ντε Τζανέιρο]]: οι [[Πορτογαλική Αποικιακή Αυτοκρατορία|πορτογαλικές]] δυνάμεις διώχνουν οριστικά τους [[Γαλλία|Γάλλους]] από το Ρίο ντε Τζανέιρο.\n*[[1576]] - Ιδρύεται η πόλη [[Λεόν (Μεξικό)|Λεόν]] στο [[Μεξικό]].\n*[[1649]] - Ο [[Κάρολος Α΄ της Αγγλίας]] οδηγείται σε δίκη για προδοσία και άλλα κακουργήματα.\n*[[1785]] - Οι δυνάμεις του [[Σιάμ]], οι οποίες είχαν εισβάλει στο [[Βιετνάμ]] προσπαθώντας να εκμεταλλευτούν το πολιτικό χάος, πέφτουν σε ενέδρα και αφανίζονται στον ποταμό [[Μεκόνγκ]] από τους Τάι Σον.\n*[[1877]] - Τελευταία ημέρα της [[Διάσκεψη της Κωνσταντινούπολης (1876)|Διάσκεψης της Κωνσταντινούπολης]], η οποία κατέληξε σε συμφωνία για πολιτικές μεταρρυθμίσεις στα [[Βαλκάνια]].\n*[[1887]] - Η [[Γερουσία (ΗΠΑ)|Γερουσία των Η.Π.Α.]] επιτρέπει στο [[Πολεμικό Ναυτικό των ΗΠΑ]] να εκμισθώσει το [[Περλ Χάρμπορ]] ως ναυτική βάση.\n*[[1919]] - Αποβιβάζονται στην [[Οδησσός|Οδησσό]] τα πρώτα τμήματα της [[Ελλάδα|ελληνικής]] 2ης μεραρχίας στην [[Εκστρατεία της Κριμαίας]].\n*[[1921]] - Εγκρίνεται το πρώτο Σύνταγμα της [[Τουρκία]]ς, το οποίο καθιερώνει την αρχή της εθνικής κυριαρχίας. \n*[[1929]] - Προβάλλεται στους κινηματογράφους ''Ο Ληστής της Αριζόνας'', η πρώτη μεγάλου μήκους ομιλούσα ταινία που γυρίστηκε σε εξωτερικούς χώρους.\n*[[1936]] - Ο [[Εδουάρδος Η΄ του Ηνωμένου Βασιλείου|Εδουάρδος Η' ]] γίνεται βασιλιάς του [[Ηνωμένο Βασίλειο|Ηνωμένου Βασιλείου]]. \n*[[1942]] - [[Β΄ Παγκόσμιος Πόλεμος]]: στη [[Διάσκεψη της Βάνζεε]] που πραγματοποιείται στο προάστιο Βάνζεε του [[Βερολίνο]]υ, ανώτεροι αξιωματούχοι της [[Ναζιστική Γερμανία|Ναζιστικής Γερμανίας]] συζητούν την εφαρμογή της «[[Τελική Λύση|Τελικής Λύσης]] του εβραϊκού ζητήματος». \n*[[1962]] - Ανακοινώνονται τα τελικά αποτελέσματα της [[Ελληνική απογραφή 1961|απογραφής του 1961]], σύμφωνα με τα οποία ο πληθυσμός της [[Ελλάδα]]ς ανέρχεται σε 8.388.533 άτομα και της περιφέρειας πρωτευούσης σε 1.852.709.\n*[[1969]] - Ο [[Ρίτσαρντ Νίξον]] ορκίζεται ως ο 37ος Πρόεδρος των [[ΗΠΑ]].\n*[[1981]] - Είκοσι λεπτά μετά την ορκωμοσία του [[Ρόναλντ Ρήγκαν]], το [[Ιράν]] απελευθερώνει 52 [[Κρίση των ομήρων (Ιράν)|Αμερικανούς ομήρους]]. \n* [[1996]] - Ο [[Γιασέρ Αραφάτ]] εκλέγεται πρόεδρος της [[Παλαιστινιακή αρχή|Παλαιστινιακής αρχής]].\n* [[2001]] - Ο [[Τζωρτζ Μπους (νεότερος)|Τζωρτζ Ο. Μπους]] δίνει τον [[πρεοδρικός όρκος|Προεδρικό όρκο]] ενώπιον του Δικαστή Ρένκουιστ κατά τη τελετή ανάληψης καθηκόντων του.\n* [[2009]] - Ο [[Μπαράκ Ομπάμα]] δίνει τον [[πρεοδρικός όρκος|Προεδρικό όρκο]] ως πρώτος Αφροαμερικανός (και γενικά ο 44<sup>ος</sup>) πρόεδρος στην ιστορία των [[ΗΠΑ]].\n* [[2018]] - Τρομοκρατική επίθεση από ενόπλους σε ξενοδοχείο της [[Καμπούλ]], Αφγανιστάν.<ref>[http://news.in.gr/world/article/?aid=1500192111 Επίθεση σε ξενοδοχείο στην Καμπούλ με νεκρούς και ομήρους [Εικόνες & Βίντεο]]</ref>\n\n== Γεννήσεις ==\n*[[225]] - [[Γορδιανός Γ΄]], Ρωμαίος αυτοκράτορας\n*[[1029]] - [[Αλπ Αρσλάν]], Τούρκος σουλτάνος της Περσίας\n*[[1488]] - [[Ιωάννης-Γεώργιος του Μομφερράτου|Ιωάννης-Γεώργιος]], μαρκήσιος του Μομφερράτου\n*[[1538]] - [[Λουδοβίκος των Νασσάου|Λουδοβίκος]], κόμης του Νασσάου\n*[[1550]] - [[Φερδινάνδος της Βαυαρίας, στρατιωτικός|Φερδινάνδος]], Γερμανός στρατιωτικός\n*[[1554]] - [[Σεβαστιανός της Πορτογαλίας|Σεβαστιανός]], βασιλιάς της Πορτογαλίας\n*[[1716]] - [[Κάρολος Γ΄ της Ισπανίας|Κάρολος Γ΄]], βασιλιάς της Ισπανίας\n*[[1775]] - [[Αντρέ Μαρί Αμπέρ]], Γάλλος φυσικός\n*[[1873]] - [[Γιοχάνες Βίλχελμ Γένσεν]], Δανός συγγραφέας\n*[[1883]] - [[Μπέρτραμ Ράμσεϋ]], Άγγλος ναύαρχος\n*[[1883]] - [[Νάκυ Τζόνσον]], Αμερικανός πολιτικός και γκάνγκστερ\n*[[1888]] - [[Χάντυ Ουΐλιαμ Λεντμπέτερ]], Αμερικανός τραγουδιστής\n*[[1906]] - [[Αριστοτέλης Ωνάσης]], Έλληνας εφοπλιστής\n*[[1906]] - [[Σπύρος Μελετζής]], Έλληνας φωτογράφος\n*[[1915]] - [[Γκουλάμ Ισχάκ Χαν]], πρόεδρος του Πακιστάν\n*[[1920]] - [[Φεντερίκο Φελίνι]], Ιταλός σκηνοθέτης\n*[[1921]] - [[Τέλμο Θάρρα]], Ισπανός ποδοσφαιριστής\n*[[1921]] - [[Ζακ Φερρόν]], Καναδός συγγραφέας\n*[[1923]] - [[Σλιμ Γουίτμαν]], Αμερικανός τραγουδιστής\n*[[1926]] - [[Πατρίσια Νιλ]], Αμερικανίδα ηθοποιός\n*[[1927]] - [[Ολιβιέ Στρεμπέλ]], Βέλγος γλύπτης\n*[[1930]] - [[Μπαζ Όλντριν]], Αμερικανός αστροναύτης\n*[[1943]] - [[Αρμάντο Γκεμπούζα]], πρόεδρος της Μοζαμβίκης\n*[[1948]] - [[Παναγιώτης Ψωμιάδης]], Έλληνας πολιτικός\n*[[1951]] - [[Ίαν Χιλ]], Άγγλος μπασίστας ([[Judas Priest]])\n*[[1955]] - [[Μακίβα Μπους]], πρωθυπουργός των νήσων Κέιμαν\n*[[1957]] - [[Φίλιππος Σοφιανός]], Έλληνας ηθοποιός\n*[[1960]] - [[Γουίλ Ράιτ]], Αμερικανός σχεδιαστής ηλεκτρονικών παιχνιδιών\n*[[1962]] - [[Θανάσης Μουστακίδης]], Έλληνας πετοσφαιριστής\n*[[1964]] - [[Ζέλικο Κόμσιτς]], Βόσνιος πολιτικός\n*[[1966]] - [[Μανώλης Καραντίνης]], Έλληνας μουσικός\n*[[1987]] - [[Έβαν Πίτερς]], Αμερικανός ηθοποιός\n*[[1991]] - [[Τζόλυον Πάλμερ]], Βρετανός οδηγός αγώνων\n\n== Θάνατοι ==\n*[[250]] - [[Πάπας Φαβιανός]]\n*[[842]] - [[Θεόφιλος (αυτοκράτορας)|Θεόφιλος]], Βυζαντινός αυτοκράτορας\n*[[882]] - [[Λουδοβίκος ο Νεότερος]], βασιλιάς της Σαξονίας\n*[[1191]] - [[Θεοβάλδος Ε΄ του Μπλουά|Θεοβάλδος Ε΄]], κόμης του Μπλουά\n*[[1191]] - [[Φρειδερίκος ΣΤ΄ της Σουαβίας|Φρειδερίκος ΣΤ']], δούκας της Σουαβίας\n*[[1375]] - [[Ιάκωβος Δ΄ της Μαγιόρκας]], βασιλιάς της Νάπολης\n*[[1458]] - [[Λάζαρ Μπράνκοβιτς]], δεσπότης της Σερβίας\n*[[1479]] - [[Ιωάννης Β΄ της Αραγωνίας|Ιωάννης Β΄]], βασιλιάς της Αραγωνίας\n*[[1612]] – [[Ροδόλφος Β΄ της Αγίας Ρωμαϊκής Αυτοκρατορίας|Ροδόλφος Β΄]], αυτοκράτορας της Αγίας Ρωμαϊκής Αυτοκρατορίας\n*[[1639]] - [[Μουσταφά Α΄]], Οθωμανός σουλτάνος\n*[[1666]] - [[Άννα της Αυστρίας]], βασίλισσα της Γαλλίας\n*[[1740]] - [[Νικόλαος Παπαδόπουλος ο Κομνηνός]], Έλληνας θεολόγος\n*[[1745]] - [[Κάρολος Ζ΄ της Αγίας Ρωμαϊκής Αυτοκρατορίας|Κάρολος Ζ΄]], αυτοκράτορας της Αγίας Ρωμαϊκής Αυτοκρατορίας\n*[[1819]] - [[Κάρολος Δ΄ της Ισπανίας|Κάρολος Δ΄]], βασιλιάς της Ισπανίας\n*[[1848]] - [[Χριστιανός Η΄ της Δανίας|Χριστιανός Η΄]], βασιλιάς της Δανίας\n*[[1875]] - [[Ζαν Φρανσουά Μιγέ]], Γάλλος ζωγράφος\n*[[1900]] - [[Τζον Ράσκιν]], Άγγλος κριτικός τέχνης\n*[[1908]] - [[Παναγιώτης Μανέτας]], Έλληνας πολιτικός\n*[[1916]] - [[Κυριακούλης Π. Μαυρομιχάλης]], Έλληνας πολιτικός\n*[[1917]] - [[Κλέων Ρίζος Ραγκαβής]], Έλληνας λόγιος\n*[[1935]] - [[Ναθαναήλ-Νικόλαος Δομενεγίνης]], Έλληνας λόγιος και πολιτικός\n*[[1936]] - [[Γεώργιος Ε΄ του Ηνωμένου Βασιλείου|Γεώργιος Ε΄]], βασιλιάς του Ηνωμένου Βασιλείου\n*[[1957]] - [[Τζέιμς Μπρένταν Κόνολι]], Αμερικανός αθλητής\n*[[1962]] - [[Αντώνιος Φιξ]], Έλληνας βιομήχανος και πολιτικός\n*[[1963]] - [[Αύρα Θεοδωροπούλου]], Ελληνίδα μουσικός και αγωνίστρια \n*[[1969]] - [[Χασάν Γιουσούφ Χασάν]], Έλληνας πολιτικός\n*[[1973]] - [[Αμίλκαρ Καμπράλ]], πολιτικός από τη Γουινέα-Μπισσάου\n*[[1977]] - [[Δημήτριος Κιουσόπουλος]], Έλληνας δικαστικός\n*[[1979]] - [[Γκούσταφ Βίνκλερ]], Δανός τραγουδιστής\n*[[1980]] - [[Δημήτρης Ζευγάς]], Έλληνας τραγουδιστής\n*[[1983]] - [[Γκαρίντσα]], Βραζιλιάνος ποδοσφαιριστής\n*[[1984]] - [[Τζόνι Βαϊσμίλερ]], Αμερικανός κολυμβητής και ηθοποιός\n*[[1988]] - [[Δώρα Στράτου]], Ελληνίδα χορογράφος\n*[[1989]] - [[Τζων Χάρντινγκ]], Βρετανός στρατιωτικός\n*[[1990]] - [[Μπάρμπαρα Στάνγουικ]], Αμερικανίδα ηθοποιός\n*[[1993]] - [[Χρήστος Καπράλος]], Έλληνας γλύπτης\n*[[1993]] - [[Όντρεϊ Χέπμπορν]], Βρετανίδα ηθοποιός\n*[[1994]] - [[Ματ Μπάσμπι]], Σκωτσέζος ποδοσφαιριστής και προπονητής\n*[[1997]] - [[Αριστείδης Κατσαούνης]], Έλληνας πολιτικός\n*[[1998]] - [[Μπόμπο Μπραζίλ]], Αμερικανός παλαιστής\n*[[2006]] - [[Αντρέι Ιορντάν]], πρωθυπουργός της Κιργιζίας\n*[[2008]] - [[Γιάννα Περσάκη]], Ελληνίδα ζωγράφος\n*[[2012]] - [[Γιάννης Κεφαλογιάννης]], Έλληνας πολιτικός\n*[[2012]] - [[Έτα Τζέιμς]], Αμερικανίδα τραγουδίστρια\n*[[2013]] - [[Παύλος Μάτεσις]], Έλληνας θεατρικός συγγραφέας και σεναριογράφος\n*[[2014]] - [[Κώστας Φιλίνης]], Έλληνας δημοσιογράφος και πολιτικός\n\n== Αργίες και εορτές ==\n=== [[Ορθόδοξη Εκκλησία]] ===\n{{Πύλη:Ορθοδοξία/Εορτολόγιο/20 Ιανουαρίου}}\n\n{{Μήνες}}\n==Πηγές==\n<references />\n[[Κατηγορία:Ημέρες του έτους]]"}}}]}]}}