{"batchcomplete":true,"query":{"normalized":[{"fromencoded":false,"from":"20_Μαΐου","to":"20 Μαΐου"}],"pages":[{"pageid":1853,"ns":0,"title":"20 Μαΐου","revisions":[{"slots":{"main":{"contentmodel":"wikitext","contentformat":"text/x-wiki","content":"{{Μήνες Μαΐου}}\n\n<center>[[19 Μαΐου]] | '''20 Μαΐου''' | [[21 Μαΐου]]</center>\n\n----\nΗ '''20ή Μαΐου''' είναι η 140ή ημέρα του έτους κατά το [[Γρηγοριανό ημερολόγιο]] (141η σε δίσεκτα έτη). Υπολείπονται 225 ημέρες.\n\n{{ΗμερολόγιοΣεΠίνακα|5}}\n\n== Γεγονότα ==\n*[[325]] - Λαμβάνει χώρα η [[Πρώτη Σύνοδος της Νίκαιας]], η πρώτη [[Οικουμενικές Σύνοδοι|Οικουμενική Σύνοδος]] της [[Εκκλησία|Χριστιανικής Εκκλησίας]].\n*[[491]] - Η [[Αριάδνη (αυτοκράτειρα)|αυτοκράτειρα Αριάδνη]] παντρεύεται τον [[Αναστάσιος Α´|Αναστάσιο Α΄]]. Η χήρα αυγούστα ήταν σε θέση να επιλέξει τον διάδοχό της για το [[Βυζαντινή αυτοκρατορία|βυζαντινό]] θρόνο μετά το θάνατο του [[Ζήνων (αυτοκράτορας)|Ζήνωνα]] που ήταν ο προηγούμενος αυτοκράτορας.\n*[[526]] - [[Σεισμός της Αντιόχειας (526)|Σεισμός στην Αντιόχεια]] σκοτώνει περίπου 250.000 κατοίκους.\n*[[685]] - Ο στρατός των Πίκτων νικά στη μάχη του Νέχτανσμερ τους εισβολείς Νορθουμβριανούς του βασιλιά [[Έγκφριθ της Νορθουμβρίας|Έγκφριθ]].\n*[[1217]] - Διεξάγεται η δεύτερη μάχη του Λίνκολν, κοντά στο Λίνκολν της [[Αγγλία]]ς, η οποία είχε ως αποτέλεσμα την ήττα του πρίγκιπα [[Λουδοβίκος Η΄ της Γαλλίας|Λουδοβίκου της Γαλλίας]]. \n*[[1497]] - Ο [[Τζοβάννι Καμπότο]] σαλπάρει από το [[Μπρίστολ]] της [[Αγγλία]]ς με το πλοίο ''Ματθαίος'' (Matthew) κατευθυνόμενος προς τα δυτικά (άλλα έγγραφα δίνουν ως ημερομηνία τη [[2 Μαΐου|2α Μαΐου]]). \n*[[1498]] - Ο [[Πορτογαλία|Πορτογάλος]] εξερευνητής [[Βάσκο ντα Γκάμα]] ανακαλύπτει το θαλάσσιο δρόμο για την [[Ινδία]] όταν φτάνει στο Κοζικόντε (παλαιότερα γνωστό ως Καλικούτ). \n*[[1520]] - Λαμβάνει χώρα η σφαγή στο Μεγάλο Ναό της [[Τενοτστιτλάν]], με αποτέλεσμα να στραφούν οι [[Αζτέκοι]] ενάντια στους [[Ισπανία|Ισπανούς]]. \n*[[1521]] - Ο [[Ιγνάτιος Λογιόλα]] τραυματίζεται σοβαρά στη μάχη της [[Παμπλόνα]].\n*[[1570]] - Ο [[Χαρτογραφία|χαρτογράφος]] [[Αβραάμ Ορτέλιους]] εκδίδει τον ''[[Theatrum Orbis Terrarum]]'', τον πρώτο σύγχρονα άτλαντα.\n*[[1631]] - Η πόλη του [[Μαγδεβούργο]]υ στη [[Γερμανία]] καταλαμβάνεται από τις δυνάμεις της [[Αγία Ρωμαϊκή Αυτοκρατορία|Αγίας Ρωμαϊκής Αυτοκρατορίας]] και οι περισσότεροι από τους κατοίκους της σφαγιάζονται, σε ένα από τα πιο αιματηρά συμβάντα του [[Τριακονταετής Πόλεμος|Τριακονταετούς Πολέμου]].\n*[[1802]] - Με το Νόμο της 20ης Μαΐου του 1802, ο [[Ναπολέων Α΄ της Γαλλίας]] επαναφέρει τη [[δουλεία]] στις [[Γαλλία|γαλλικές]] αποικίες, ανακαλώντας την κατάργησή της κατά τη [[Γαλλική Επανάσταση]].\n*[[1813]] - Ο [[Ναπολέων Α΄ της Γαλλίας]] ηγείται των [[Γαλλία|γαλλικών]] στρατευμάτων στη [[μάχη του Μπάουτζεν]], στη [[Σαξονία]] της [[Γερμανία]]ς, εναντίον των συμμαχικών στρατών της [[Ρωσία]]ς και της [[Πρωσία]]ς. Η μάχη λήγει την επόμενη ημέρα με νίκη των Γάλλων. \n*[[1825]] - [[Μάχη στο Μανιάκι]]: ο [[Παπαφλέσσας]] με λιγοστούς άνδρες πέφτουν μαχόμενοι κατά των υπεράριθμων [[Αίγυπτος|Αιγυπτίων]] του [[Ιμπραήμ Πασάς|Ιμπραήμ Πασά]].\n*[[1882]] - Σχηματίζεται η [[Τριπλή Συμμαχία]] μεταξύ της [[Γερμανία]]ς, της [[Αυστροουγγαρία]]ς και του [[Βασίλειο της Ιταλίας|Βασιλείου της Ιταλίας]].\n*[[1891]] - Ιστορία του κινηματογράφου: Πραγματοποιείται η πρώτη δημόσια παρουσίαση του [[Κινητοσκόπιο|κινητοσκοπίου]] του [[Τόμας Έντισον]].\n*[[1896]] - Ο 6 τόνων πολυέλαιος του [[Οπερά Γκαρνιέ|Παλέ Γκαρνιέ]] πέφτει πάνω στο πλήθος, σκοτώνοντας ένα άτομο και τραυματίζοντας πολλά άλλα. \n*[[1902]] - Η [[Κούβα]] αποκτά την ανεξαρτησία της από τις [[Ηνωμένες Πολιτείες Αμερικής]]. Ο [[Τομάς Εστράδα Πάλμα]] γίνεται ο πρώτος πρόεδρος της χώρας.\n*[[1927]] - Συνθήκη της [[Τζέντα]]: Το [[Ηνωμένο Βασίλειο]] αναγνωρίζει την [[κυριαρχία]] του βασιλιά [[Ιμπν Σαούντ της Σαουδικής Αραβίας|Ιμπν Σαούντ]] στα βασίλεια της [[Χετζάζ]] και της [[Νατζντ]], τα οποία αργότερα θα συγχωνευτούν για να αποτελέσουν το βασίλειο της [[Σαουδική Αραβία|Σαουδικής Αραβίας]].  \n*[[1927]] - Ο [[Τσαρλς Λίντμπεργκ]] απογειώνεται από το [[Λονγκ Άιλαντ]] της [[Νέα Υόρκη|Νέας Υόρκης]] για την πρώτη υπερατλαντική σόλο πτήση χωρίς ενδιάμεση στάση. Την επόμενη μέρα προσγειώθηκε στο [[Παρίσι]].\n*[[1932]] - Η [[Αμέλια Έρχαρτ]] απογειώνεται από τη [[Νέα Γη]] για την πρώτη υπερατλαντική σόλο πτήση από γυναίκα πιλότο χωρίς ενδιάμεση στάση. Την επόμενη μέρα προσγειώθηκε στην [[Ιρλανδία]]. \n*[[1940]] - [[Ολοκαύτωμα]]: Οι πρώτοι κρατούμενοι φτάνουν σε νέο στρατόπεδο συγκέντρωσης στο [[Στρατόπεδο συγκέντρωσης Άουσβιτς|Άουσβιτς]].  \n*[[1941]] - [[Β΄ Παγκόσμιος Πόλεμος]]: [[Μάχη της Κρήτης]]. [[Ναζιστική Γερμανία|Γερμανοί]] αλεξιπτωτιστές εισβάλλουν στην [[Κρήτη]]. \n*[[1944]] - Ολοκληρώνεται το [[Συνέδριο του Λιβάνου]] όπου και συνομολογείται το «Εθνικό Συμβόλαιο» μεταξύ των [[Ελλάδα|ελληνικών]] πολιτικών παρατάξεων. \n*[[1965]] - Μπόινγκ 720-040Β των Πακιστανικών Αερογραμμών συντρίβεται καθώς πλησιάζει το Διεθνές Αεροδρόμιο του [[Κάιρο|Καΐρου]], σκοτώνοντας τους 121 από τους 127 επιβαίνοντες.\n*[[2002]] - Αναγνωρίζεται από την [[Πορτογαλία]] η ανεξαρτησία του [[Ανατολικό Τιμόρ|Ανατολικού Τιμόρ]], τερματίζοντας τυπικά 23 χρόνια [[Ινδονησία|ινδονησιακής]] κυριαρχίας και τρία χρόνια προσωρινής διοίκησης του [[Οργανισμός Ηνωμένων Εθνών|Ο.Η.Ε.]] (το Ανατολικό Τιμόρ ήταν [[Πορτογαλική Αποικιακή Αυτοκρατορία|αποικία της Πορτογαλίας]] μέχρι το 1976).\n\n== Γεννήσεις ==\n*[[1315]] - [[Μπόννη του Λουξεμβούργου]], δούκισσα της Νορμανδίας\n*[[1470]] - [[Πιέτρο Μπέμπο]], Ιταλός καρδινάλιος\n*[[1734]] - ''Anton Janša'', [[Σλοβενία|Σλοβένος]]  μελιττολόγος\n*[[1769]] - [[Ανδρέας Μιαούλης]], Έλληνας ναύαρχος και πολιτικός\n*[[1799]] - [[Ονορέ ντε Μπαλζάκ]], Γάλλος συγγραφέας\n*[[1806]] - [[Τζον Στιούαρτ Μιλ]], Άγγλος φιλόσοφος\n*[[1822]] - [[Φρεντερίκ Πασσύ]], Γάλλος οικονομολόγος\n*[[1830]] - [[Εκτόρ Μαλό]], Γάλλος συγγραφέας\n*[[1861]] - [[Χένρι Γκαντ]], Αμερικανός μηχανικός\n*[[1869]] - [[Γιόχαν Γιάκομπς]], Γερμανός επιχειρηματίας\n*[[1882]] - [[Σίγκριντ Ούντσετ]], Νορβηγίδα συγγραφέας\n*[[1883]] - [[Φαϊζάλ Α΄ του Ιράκ|Φαϊζάλ Α΄]], βασιλιάς του Ιράκ\n*[[1885]] - [[Αλεξάντερ Λερ]], Αυστριακός πτέραρχος\n*[[1901]] - [[Μαξ Όυβε]], Ολλανδός σκακιστής\n*[[1908]] - [[Τζέιμς Στιούαρτ]], Αμερικανός ηθοποιός\n*[[1915]] - [[Μοσέ Νταγιάν]], Ισραηλινός στρατηγός\n*[[1916]] - [[Τρεμπιζόντα Βάλα]], Ιταλίδα αθλήτρια\n*[[1921]] - [[Βόλφγκανγκ Μπόρχερτ]], Γερμανός συγγραφέας\n*[[1926]] - [[Αμπντούλ Ραχίμ Χατίφ]], Αφγανός πολιτικός\n*[[1931]] - [[Γιώργος Βασιλείου]], Κύπριος πολιτικός\n*[[1931]] - [[Λούις Σμιθ]], Αμερικανός μουσικός\n*[[1934]] - [[Αλκέτας Παναγούλιας]], Έλληνας ποδοσφαιριστής και προπονητής\n*[[1935]] - [[Χοσέ Μουχίκα]], Ουρουγουανός πολιτικός\n*[[1938]] - [[Μαρινέλλα]], Ελληνίδα τραγουδίστρια\n*[[1942]] - [[Κάρλος Χάθκοκ]], Αμερικάνος στρατιωτικός\n*[[1944]] - [[Τζο Κόκερ]], Άγγλος τραγουδιστής\n*[[1946]] - [[Σερ]], Αμερικανίδα τραγουδίστρια\n*[[1947]] - [[Μάργκαρετ Γουίλσον]], Νεοζηλανδή πολιτικός\n*[[1955]] - [[Ζμπίγκνιεφ Πράισνερ]], Πολωνός συνθέτης\n*[[1957]] - [[Γιοσιχίκο Νόντα]], Ιάπωνας πολιτικός\n*[[1959]] - [[Ισραήλ Καμακαγουιγουόλε]], Αμερικανός τραγουδιστής\n*[[1959]] - [[Μιχάλης Ρέππας]], Έλληνας ηθοποιός και σεναριογράφος\n*[[1967]] - [[Παύλος, πρώην Διάδοχος της Ελλάδας]]\n*[[1969]] - [[Μπράιαν Τζέραρντ Τζέιμς]], Αμερικανός παλαιστής\n*[[1972]] - [[Busta Rhymes]], Αμερικανός ράπερ\n*[[1978]] - [[Χριστόδουλος Μπανίκας]], Έλληνας σκακιστής\n*[[1981]] - [[Ίκερ Κασίγιας]], Ισπανός ποδοσφαιριστής\n*[[1982]] - [[Πετρ Τσεχ]], Τσέχος ποδοσφαιριστής\n\n== Θάνατοι ==\n*[[685]] - [[Έκγκφριθ της Νορθουμβρίας|Έκγκφριθ]], βασιλιάς της Νορθουμβρίας\n*[[1277]] - [[Πάπας Ιωάννης ΚΑ΄]]\n*[[1285]] - [[Ιωάννης Α΄ της Κύπρου|Ιωάννης Α΄]], βασιλιάς της Κύπρου\n*[[1449]] - [[Πέτρος, δούκας της Κοΐμπρα]]\n*[[1503]] - [[Λαυρέντιος των Μεδίκων ο νεότερος]], Ιταλός πολιτικός\n*[[1506]] - [[Χριστόφορος Κολόμβος]], Ιταλός εξερευνητής\n*[[1622]] - [[Οσμάν Β΄]], Οθωμανός σουλτάνος\n*[[1648]] - [[Βλαδίσλαος Δ΄ της Πολωνίας|Βλαδίσλαος Δ΄]], βασιλιάς της Πολωνίας\n*[[1772]] - [[Παλαιών Πατρών Γεράσιμος ο Θηραίος]], Έλληνας μητροπολίτης\n*[[1825]] - [[Παπαφλέσσας]], Έλληνας κληρικός και αγωνιστής\n*[[1834]] - [[Ζιλμπέρ ντυ Μοτιέ ντε Λα Φαγιέτ]], Γάλλος στρατηγός\n*[[1837]] - [[Φρειδερίκος της Έσσης-Κάσσελ|Φρειδερίκος]], πρίγκιπας της Έσσης-Κάσσελ\n*[[1845]] - [[Φιλίπ Μπριντέλ|Φιλίπ Σιρίς Μπριντέλ]], Γαλλόφωνος Ελβετός συγγραφέας και ποιητής\n*[[1875]] - [[Αμαλία του Ολδεμβούργου|Αμαλία]], βασίλισσα της Ελλάδας\n*[[1887]] - [[Αλέξανδρος Ουλιάνοφ]], Ρώσος επαναστάτης\n*[[1896]] - [[Κλάρα Σούμαν]], Γερμανίδα πιανίστρια και συνθέτρια\n*[[1940]] - [[Καρλ Γκούσταφ Βέρνερ φον Χάιντενσταμ]], Σουηδός συγγραφέας\n*[[1942]] - [[Εκτόρ Γκιμάρ]], Γάλλος αρχιτέκτονας\n*[[1947]] - [[Φίλιπ Λέναρντ]], Αυστριακός φυσικός\n*[[1947]] - [[Γιώργης Σιάντος]], Έλληνας πολιτικός\n*[[1949]] - [[Αρχιεπίσκοπος Δαμασκηνός|Δαμασκηνός]], αρχιεπίσκοπος Αθηνών\n*[[1960]] - [[Ηλίας Παπαηλιού]], Έλληνας νομικός\n*[[1971]] - [[Αναστάσιος Αστεριάδης]], Έλληνας γιατρός\n*[[1974]] - [[Σόλων Βέρας]], Έλληνας γιατρός\n*[[1975]] - [[Φιάμε Ματαάφα Μουλινούου Β΄]], πρωθυπουργός των Σαμόα\n*[[1977]] - [[Δημήτριος Χατζηγάκης]], Έλληνας πολιτικός\n*[[1985]] - [[Δημήτριος Παπαπαναγιώτου]], Έλλ«»ηνας πολιτικός\n*[[1988]] - [[Σταύρος Κατράκης]], Έλληνας μεταλλειολόγος και πανεπιστημιακός\n*[[2011]] - [[Ράντυ Σάβατζ]], Αμερικανός παλαιστής\n*[[2013]] - [[Ρέι Μάνζαρεκ]], Αμερικανός μουσικός ([[The Doors]])\n*[[2014]] - [[Πρίγκιπας Ρούπερτ Λεβενστάιν]], Γερμανός επιχειρηματίας\n*[[2019]] - [[Νίκι Λάουντα]], Αυστριακός οδηγός της F1\n\n== Αργίες και εορτές ==\n\n=== [[Ορθόδοξη Εκκλησία]] ===\n{{Πύλη:Ορθοδοξία/Εορτολόγιο/20 Μαΐου}}\n\n=== Παγκόσμιες Ημέρες ===\nΠαγκόσμια Ημέρα της Μέλισσας. (Η 20ή Μαΐου, συμπίπτει με τα γενέθλια του [[Σλοβενία|Σλοβένου]] ''Anton Janša'', ο οποίος κατά τον 18ο αιώνα πρωτοστάτησε στις σύγχρονες τεχνικές μελισσοκομίας στην πατρίδα του και εγκωμίαζε τις μέλισσες για την ικανότητά τους να εργάζονται τόσο σκληρά, ενώ χρειάζονται τόσο λίγη φροντίδα).<ref>{{cite web |author = |title = World Bee Day 20 May / Why this date? | url = https://www.un.org/en/events/beeday/ |publisher = United Nations |date = |accessdate = 10 Αυγούστου 2019}}</ref>\n\n== Παραπομπές ==\n<references />\n\n{{Μήνες}}\n\n[[Κατηγορία:Ημέρες του έτους]]"}}}]}]}}