{"batchcomplete":true,"query":{"normalized":[{"fromencoded":false,"from":"21_Φεβρουαρίου","to":"21 Φεβρουαρίου"}],"pages":[{"pageid":1327,"ns":0,"title":"21 Φεβρουαρίου","revisions":[{"slots":{"main":{"contentmodel":"wikitext","contentformat":"text/x-wiki","content":"{{Πηγές|3=2022|2=01|14}}\n<center>[[Δεκέμβριος]] | [[Ιανουάριος]] | '''[[Φεβρουάριος]]''' | [[Μάρτιος]] | [[Απρίλιος]]</center>\n\n\n<center>[[20 Φεβρουαρίου]] | '''21 Φεβρουαρίου''' | [[22 Φεβρουαρίου]]</center>\n\n----\nΗ '''21η Φεβρουαρίου''' είναι η 52η μέρα του έτους κατά το [[Γρηγοριανό ημερολόγιο]]. Υπολείπονται 313 μέρες (314 σε δίσεκτα έτη).\n\n{{ΗμερολόγιοΣεΠίνακα|2}}\n\n== Γεγονότα ==\n{{Commonscat|21 February}}\n*[[362]] - Ο [[Εξορία|εξόριστος]] [[Πατριαρχείο Αλεξανδρείας|Πατριάρχης Αλεξανδρείας]] [[Αθανάσιος Αλεξανδρείας|Αθανάσιος]] επιστρέφει στην [[Αρχαία Αλεξάνδρεια|Αλεξάνδρεια]].\n*[[1437]] - Δολοφονείται ο [[Ιάκωβος Α΄ της Σκωτίας]].\n*[[1804]] - Πραγματοποιείται στην [[Ουαλία]] το πρώτο δρομολόγιο αυτοπροωθούμενης [[Ατμάμαξα|ατμομηχανής]]. \n*[[1848]] - Ο [[Καρλ Μαρξ]] και ο [[Φρίντριχ Ένγκελς]] δημοσιεύουν το ''[[Το Κομμουνιστικό Μανιφέστο|Κομμουνιστικό Μανιφέστο]]''.\n*[[1874]] - Εκδίδεται το πρώτο φύλλο της εφημερίδας ''Oakland Daily Tribune''.\n*[[1878]] - Εκδίδεται στο Νιου Χέιβεν του [[Κονέκτικατ]] ο πρώτος τηλεφωνικός κατάλογος.\n*[[1885]] - Εγκαινιάζεται το πρόσφατα ολοκληρωμένο [[Μνημείο του Ουάσινγκτον]].\n*[[1913]] - [[Βαλκανικοί Πόλεμοι]]: Απελευθέρωση των [[Ιωάννινα|Ιωαννίνων]] και ενσωμάτωσή τους στο [[Πολιτικό σύστημα της Ελλάδας|ελληνικό κράτος]].\n*[[1916]] - [[Α΄ Παγκόσμιος Πόλεμος]]: Αρχίζει στη [[Γαλλία]] η [[μάχη του Βερντέν]].\n*[[1919]] - Δολοφονείται ο [[Γερμανία|Γερμανός]] σοσιαλιστής [[Κουρτ Άισνερ]]. Ο θάνατός του έχει ως αποτέλεσμα τη δημιουργία της [[Βαυαρική Σοβιετική Δημοκρατία|Βαυαρικής Σοβιετικής Δημοκρατίας]] και τη διαφυγή του κοινοβουλίου και της κυβέρνησης από το [[Μόναχο]].\n*[[1924]] - Η [[Κυβέρνηση Γεωργίου Καφαντάρη 1924|ελληνική κυβέρνηση]] αναγνωρίζει τα [[Σοβιέτ]] της [[Ρωσία]]ς, με την πεποίθηση να διευκολυνθεί η υπογραφή ελληνορωσικής σύμβασης εμπορικών ανταλλαγών.\n*[[1952]] - Η κυβέρνηση του [[Ηνωμένο Βασίλειο|Ηνωμένου Βασιλείου]] καταργεί τις αστυνομικές ταυτότητες για τους πολίτες της.\n*[[1964]] - Σε τετράωρη εγχείρηση στο στομάχι υποβάλλεται ο βασιλιάς [[Παύλος της Ελλάδας|Παύλος]] στα ανάκτορα του [[Τατόι|Τατοΐου]] παρουσία [[Μεγάλη Βρετανία|Βρετανού]] ραδιολόγου. Ο διάδοχος [[Κωνσταντίνος Β΄ της Ελλάδας|Κωνσταντίνος]] ορίζεται αντιβασιλιάς.\n*[[1965]] - Δολοφονείται στη [[Νέα Υόρκη]] ο [[Μάλκολμ Χ]].\n*[[1972]] - Πραγματοποιείται η ιστορική επίσκεψη του προέδρου των [[ΗΠΑ|Ηνωμένων Πολιτειών]] [[Ρίτσαρντ Νίξον]] στην [[Κίνα]].\n*[[1975]] - Σκάνδαλο Γουοτεργκέιτ: ο πρώην υπουργός Δικαιοσύνης των [[Ηνωμένες Πολιτείες Αμερικής|Ηνωμένων Πολιτειών]], Τζον Μίτσελ, και δύο πρώην σύμβουλοι του [[Λευκός Οίκος|Λευκού Οίκου]] καταδικάζονται σε φυλάκιση.\n\n== Γεννήσεις ==\n*[[1609]] - [[Ραϊμόντο Μοντεκκούκολι]], Ιταλός στρατιωτικός\n*[[1728]] - [[Πέτρος Γ΄ της Ρωσίας|Πέτρος Γ΄]], τσάρος της Ρωσίας\n*[[1791]] - [[Τζον Μέρσερ]], Άγγλος χημικός και βιομήχανος\n*[[1817]] - [[Χοσέ Θορρίγια]], Ισπανός δραματουργός\n*[[1836]] - [[Λεό Ντελίμπ]], Γάλλος συνθέτης\n*[[1844]] - [[Σαρλ - Μαρί Βιντόρ]], Γάλλος οργανίστας και συνθέτης\n*[[1875]] - [[Ζαν Καλμάν]], Γαλλίδα υπεραιωνόβια\n*[[1893]] - [[Αντρές Σεγκόβια]], Ισπανός κιθαρίστας\n*[[1897]] - [[Φριτς Σούμπερτ]], Γερμανός στρατιωτικός\n*[[1903]] - [[Ρεϊμόν Κενώ]], Γάλλος συγγραφέας\n*[[1903]] - [[Αναΐς Νιν]], Γαλλίδα συγγραφέας\n*[[1907]] - [[Ουίσταν Ώντεν]], Άγγλος ποιητής\n*[[1909]] - [[Χανς Ερνί]], Ελβετός ζωγράφος και γλύπτης\n*[[1921]] - [[Τζον Ρωλς]], Αμερικανός φιλόσοφος\n*[[1922]] - [[Ρούντολφ Ιλόφσκι]], Ούγγρος ποδοσφαιριστής και προπονητής\n*[[1922]] - [[Κολέτ Μπροσέ]], Γαλλίδα ηθοποιός\n*[[1924]] - [[Ρόμπερτ Μουγκάμπε]], πρόεδρος της Ζιμπάμπουε\n*[[1925]] - [[Σαμ Πέκινπα]], Αμερικανός σκηνοθέτης\n*[[1933]] - [[Νίνα Σιμόν]], Αμερικανίδα τραγουδίστρια\n*[[1937]] - [[Ρον Κλαρκ]], Αυστραλός αθλητής\n*[[1937]] - [[Γκεόργκι Προκοπένκο]], Ουκρανός κολυμβητής\n*[[1937]] - [[Χάραλντ Ε΄ της Νορβηγίας|Χάραλντ Ε΄]], βασιλιάς της Νορβηγίας\n*[[1938]] - [[Λέστερ Μπερντ]], πρωθυπουργός των Αντίγκουα και Μπαρμπούντα\n*[[1946]] - [[Άλαν Ρίκμαν]], Άγγλος ηθοποιός\n*[[1947]] - [[Ολυμπία Σνόου]], Αμερικανίδα πολιτικός\n*[[1957]] - [[Άγγελος Διονυσίου]], Έλληνας τραγουδιστής\n*[[1958]] - [[Νίκος Νικολόπουλος]], Έλληνας πολιτικός\n*[[1959]] - [[Λία Αργυριάδου]], Ελληνίδα δημοσιογράφος\n*[[1960]] - [[Πλάμεν Ορεσάρσκι]], Βούλγαρος πολιτικός\n*[[1962]] - [[Τσακ Παλάνιουκ]], Αμερικανός συγγραφέας\n*[[1966]] - [[Ντέγιαν Μπρντζόβιτς]], Σέρβος πετοσφαιριστής \n*[[1973]] - [[Μπρόντους Κλέι]], Αμερικανός παλαιστής\n*[[1978]] - [[Μπεράτ Αλμπαϊράκ]], Τούρκος επιχειρηματίας και πολιτικός\n*[[1979]] - [[Καρλίτο Κολόν]], Πορτορικανός παλαιστής\n*[[1979]] - [[Τζένιφερ Λαβ Χιούιτ]], Αμερικανίδα ηθοποιός\n*[[1980]] - [[Γίγκμε Κεσάρ Ναμγκιάλ Βανγκτσούκ]], βασιλιάς του Μπουτάν\n*[[1980]] - [[Τιτσιάνο Φέρο]], Ιταλός τραγουδιστής\n*[[1983]] - [[Μελανί Λοράν]], Γαλλίδα ηθοποιός και σκηνοθέτρια\n*[[1985]] - [[Γιώργος Σαμαράς]], Έλληνας ποδοσφαιριστής\n*[[1987]] - [[Άσλεϊ Γκριν]], Αμερικανίδα ηθοποιός\n*[[1987]] - [[Τάπενς Μίντλετον]], Αγγλίδα ηθοποιός\n*[[1987]] - [[Έλεν Πέιτζ]], Καναδή ηθοποιός\n*[[1989]] - [[Κόρμπιν Μπλου]], Αμερικανός ηθοποιός και τραγουδιστής\n*[[1993]] - [[Στηβ Λέο Μπέλεκ]], Καμερουνέζος ποδοσφαιριστής\n*[[1994]] - [[Χάρης Μαυρίας]], Έλληνας ποδοσφαιριστής\n*[[1996]] - [[Σόφι Τέρνερ]], Αγγλίδα ηθοποιός\n\n== Θάνατοι ==\n*[[4]] - [[Γάιος Καίσαρας]], Ρωμαίος ύπατος\n*[[1030]] - [[Ογίβη του Λουξεμβούργου]], κόμισσα της Φλάνδρας\n*[[1437]] - [[Ιάκωβος Α΄ της Σκωτίας|Ιάκωβος Α΄]], βασιλιάς της Σκωτίας\n*[[1513]] - [[Πάπας Ιούλιος Β΄]]\n*[[1624]] - [[Ντιρκ φαν Μπαμπούρεν]], Ολλανδός ζωγράφος\n*[[1677]] - [[Μπαρούχ Σπινόζα]], Ολλανδός φιλόσοφος\n*[[1730]] - [[Πάπας Βενέδικτος ΙΓ΄]]\n*[[1835]] - [[Στάικος Σταϊκόπουλος]], Έλληνας αγωνιστής\n*[[1879]] - [[Σερ Αλί Χαν]], Εμίρης του Αφγανιστάν\n*[[1884]] - [[Ιάκωβος Παξιμάδης]], Έλληνας αγωνιστής και πολιτικός\n*[[1893]] - [[Λάζαρος Βούλγαρης]], Έλληνας πολιτικός\n*[[1900]] - [[Τσαρλς Πιάτσι Σμάυθ]], Ιταλός αστρονόμος\n*[[1910]] - [[Μπούτρος Γκάλι]], Αιγύπτιος πολιτικός\n*[[1919]] - [[Κουρτ Άισνερ]], Γερμανός σοσιαλιστής\n*[[1926]] - [[Χάικε Κάμερλιν]], Ολλανδός φυσικός\n*[[1938]] - [[Τζορτζ Χέιλ]], Αμερικανός αστρονόμος\n*[[1942]] - [[Δημήτριος Καμπούρογλου]], Έλληνας συγγραφέας\n*[[1942]] - [[Γιάννης Πούλακας]], Έλληνας ζωγράφος\n*[[1949]] - [[Ταν Μαλάκα]], Ινδονήσιος κομμουνιστής\n*[[1956]] - [[Γρηγόρης Γεωργακόπουλος]], Έλληνας αθλητής\n*[[1958]] - [[Ντάνκαν Έντουαρντς]], Άγγλος ποδοσφαιριστής\n*[[1959]] - [[Πολ Ραντέν]], Αμερικανός ανθρωπολόγος\n*[[1962]] - [[Κωνσταντίνος Νταής-Τσάρας]],  Έλληνας στρατιωτικός και πολιτικός\n*[[1965]] - [[Μάλκολμ Χ]], Αμερικανός πολιτικός αγωνιστής\n*[[1966]] - [[Κωνσταντίνος Τριανταφυλλόπουλος]], Έλληνας καθηγητής και ακαδημαϊκός\n*[[1969]] - [[Λεωνίδας Μπατρίνος]], Έλληνας πολιτικός\n*[[1978]] - [[Φιλοκτήμων Παπαδόπουλος]], Έλληνας πολιτικός\n*[[1984]] - [[Μιχαήλ Σόλοχοφ]], Ρώσος συγγραφέας\n*[[1985]] - [[Νικόλαος Μομφεράτος]], Έλληνας εκδότης\n*[[1989]] - [[Αντώνιος Λιβιεράτος]], Έλληνας πολιτικός\n*[[1991]] - [[Μαργκότ Φοντέιν]], Αγγλίδα μπαλαρίνα\n*[[1993]] - [[Ίνγκε Λέμαν]], Δανή σεισμολόγος\n*[[1999]] - [[Ουόλτερ Λίνι]], πρωθυπουργός του Βανουάτου\n*[[2009]] - [[Γεώργιος Ανδρεάδης]], Έλληνας πολιτικός\n*[[2013]] - [[Μάτζικ Σλιμ]], Αμερικανός τραγουδιστής και κιθαρίστας\n*[[2014]] - [[Τζωρτζ Μοντέλσκι]], Πολωνός πολιτικός επιστήμονας\n*[[2014]] - [[Σάκης Μπουλάς]], Έλληνας τραγουδιστής και ηθοποιός\n*[[2022]]- [[θεόδωρος κάλβος]]  Έλληνας ηθοποιός\n\n== Αργίες και εορτές ==\n=== Κόσμος ===\n* {{UNO}} - Παγκόσμια ημέρα μητρικής γλώσσας\n\n=== [[Ορθόδοξη Εκκλησία]] ===\n{{Πύλη:Ορθοδοξία/Εορτολόγιο/21 Φεβρουαρίου}}\n\n\n{{Μήνες}}\n\n[[Κατηγορία:Ημέρες του έτους]]"}}}]}]}}