{"batchcomplete":true,"query":{"normalized":[{"fromencoded":false,"from":"21_Ιουλίου","to":"21 Ιουλίου"}],"pages":[{"pageid":2868,"ns":0,"title":"21 Ιουλίου","revisions":[{"slots":{"main":{"contentmodel":"wikitext","contentformat":"text/x-wiki","content":"{{Πηγές|3=2022|2=01|14}}\n{{Μήνες Ιουλίου}}\n\n<center>[[20 Ιουλίου]] | '''21 Ιουλίου''' | [[22 Ιουλίου]]</center>\n\n----\nΗ '''21η Ιουλίου''' είναι η 202η ημέρα του έτους κατά το [[Γρηγοριανό ημερολόγιο]] (203η σε δίσεκτα έτη). Υπολείπονται 163 ημέρες.\n\n{{ΗμερολόγιοΣεΠίνακα|7}}\n\n== Γεγονότα ==\n*[[356 π.Χ.]] - Καταστρέφεται από εμπρησμό ο [[Ναός της Αρτέμιδος της Εφέσου]], ένα από τα [[Θαύματα του κόσμου|Επτά Θαύματα του κόσμου]]. \n*[[230]] - Ο [[Πάπας Ποντιανός]] διαδέχεται τον [[Πάπας Ουρβανός Α΄|Ουρβανό Α΄]] ως ο 18ος [[Πάπας]].\n*[[285]] - Ο [[Διοκλητιανός]] ορίζει τον [[Μαξιμιανός|Μαξιμιανό]] ως [[Καίσαρας|Καίσαρα]] και συγκυβερνήτη.\n*[[365]] - [[Σεισμός στην Κρήτη το 365|Σεισμός στην Κρήτη]], που εκτιμάται ότι ήταν πάνω από 8 βαθμούς της [[Κλίμακα Ρίχτερ|κλίμακας Ρίχτερ]], προκαλεί [[τσουνάμι]] που καταστρέφει την πόλη της [[Αρχαία Αλεξάνδρεια|Αλεξάνδρειας]] στην [[Αίγυπτος|Αίγυπτο]]. Δεκάδες χιλιάδες οι νεκροί.\n*[[905]] - Ο βασιλιάς [[Βερεγγάριος Α΄ της Ιταλίας]] και ένας μισθωμένος [[Ουγγαρία|ουγγρικός]] στρατός νικούν τις δυνάμεις των [[Φραγκία|Φράγκων]] στη [[Βερόνα]]. Ο βασιλιάς [[Λουδοβίκος ο Τυφλός|Λουδοβίκος]] συλλαμβάνεται και τυφλώνεται επειδή καταπάτησε τον όρκο του.\n*[[1403]] - Ο βασιλιάς [[Ερρίκος Δ΄ της Αγγλίας]] νικά τους επαναστάτες στη μάχη του Σρούζμπρι.\n*[[1425]] - Πεθαίνει ο αυτοκράτορας [[Μανουήλ Β´ Παλαιολόγος]]. Τον διαδέχεται ο γιος του, [[Ιωάννης Η΄ Παλαιολόγος]].\n*[[1545]] - [[Γαλλία|Γαλλικά]] στρατεύματα αποβιβάζονται στη [[Νήσος Ουάιτ|νήσο Γουάιτ]].\n*[[1718]] - Υπογράφεται η [[Συνθήκη του Πασάροβιτς]] μεταξύ της [[Οθωμανική Αυτοκρατορία|Οθωμανικής Αυτοκρατορίας]], της [[Αυστρία]]ς και της [[Βενετική Δημοκρατία|Βενετικής Δημοκρατίας]].\n*[[1774]] - [[Ρωσοτουρκικός πόλεμος (1768-1774)]]: Η [[Ρωσία]] και η [[Οθωμανική Αυτοκρατορία]] υπογράφουν τη [[Συνθήκη του Κιουτσούκ-Καϊναρτζή]] δίνοντας τέλος στον πόλεμο.\n*[[1831]] - Ο [[Λεοπόλδος Α΄ του Βελγίου|Λεοπόλδος Α΄]] γίνεται ο πρώτος βασιλιάς των [[Βέλγιο|Βέλγων]].\n*[[1861]] - [[Αμερικανικός Εμφύλιος Πόλεμος]]: Στην πόλη Μανάσας της [[Βιρτζίνια]], η πρώτη μεγάλη μάχη του πολέμου λήγει με νίκη του [[Συνομόσπονδες Πολιτείες της Αμερικής|Συνομοσπονδιακού]] στρατού.\n*[[1865]] - Σε μία πλατεία του [[Σπρίνγκφιλντ (Μιζούρι)]] ο [[Άγριος Μπιλ Χίκοκ]] πυροβολεί και σκοτώνει τον Ντέιβις Τατ. Το γεγονός θεωρείται ως η πρώτη μονομαχία στη Δύση.\n*[[1873]] - Ο [[Τζέσε Τζέιμς]] και η συμμορία του πραγματοποιούν στην [[Αϊόβα]] την πρώτη επιτυχημένη ληστεία τρένου στην [[Ηνωμένες Πολιτείες Αμερικής|αμερικανική]] [[Άγρια Δύση]].\n*[[1944]] - [[Β΄ Παγκόσμιος Πόλεμος]]: [[Ηνωμένες Πολιτείες Αμερικής|Αμερικανικά]] στρατεύματα αποβιβάζονται στο [[Γκουάμ]].\n*[[1944]] - [[Β΄ Παγκόσμιος Πόλεμος]]: Ο [[Κλάους φον Στάουφενμπεργκ]] και οι συνάδελφοί του συνωμότες εκτελούνται στο [[Βερολίνο]] για τη συμμετοχή τους στη [[συνωμοσία της 20ής Ιουλίου]] με σκοπό τη δολοφονία του [[Αδόλφος Χίτλερ|Αδόλφου Χίτλερ]].\n*[[1952]] - [[Σεισμός]] μεγέθους 7,3 βαθμών Ρίχτερ χτυπά τη νότια [[Καλιφόρνια]], σκοτώνοντας 12 άτομα και τραυματίζοντας εκατοντάδες.\n*[[1954]] - Πρώτος Πόλεμος της Ινδοκίνας: Η Διάσκεψη της [[Γενεύη|Γενεύης]] χωρίζει το [[Βιετνάμ]] σε Βόρειο Βιετνάμ και Νότιο Βιετνάμ. \n*[[1959]] - [[Καθέλκυση|Καθελκύεται]] το ''Savannah'', το πρώτο εμπορικό [[πυρηνοκίνητο πλοίο]].\n*[[1961]] - [[Πρόγραμμα Μέρκιουρι]]: ο Γκας Γκρίσομ γίνεται ο δεύτερος [[Η.Π.Α.|Αμερικανός]] που ταξιδεύει στο διάστημα (σε υποτροχιακή αποστολή).\n*[[1969]] - Ο αστροναύτης [[Νηλ Άρμστρονγκ]] γίνεται ο πρώτος άνθρωπος που πατά στη [[Σελήνη]].\n*[[1969]] - Στο Πενταμελές Εφετείο Αθηνών ξεκινά η δίκη των δύο Γερμανών φονιάδων [[Χέρμαν Ντουφτ - Χανς Μπασενάουερ]].\n*[[1972]] - [[Ματωμένη Παρασκευή (1972)|Ματωμένη Παρασκευή]]: 9 άνθρωποι χάνουν την ζωή τους στο [[Μπέλφαστ]] ([[Βόρεια Ιρλανδία]]) ύστερα από βομβιστική επίθεση του [[Προσωρινός Ιρλανδικός Δημοκρατικός Στρατός|Προσωρινού IRA]].\n*[[1974]] - Πραγματοποιείται η μυστική [[Στρατιωτική Επιχείρηση ΝΙΚΗ|επιχείρηση ''Νίκη'']], με σκοπό την αερομεταφορά καταδρομέων από τη [[Σούδα Χανίων]] προς το [[Διεθνής Αερολιμένας Λευκωσίας|αεροδρόμιο της Λευκωσίας]].\n*[[1974]] - Διενεργείται προπαρασκευασμένη επιχείρηση διείσδυσης-επίθεσης των Ελληνοκυπρίων Καταδρομών στο στρατόπεδο των Τούρκων Αλεξιπτωτιστών στο βουνό Κοτζά Καγιά στα μετόπισθεν του εχθρού ([[Μάχη του Κοτζά Καγιά]]).\n*[[2007]] - Η αγγλική έκδοση του [[Χάρι Πότερ]] με τίτλο Harry Potter and the Deathly Hallows κυκλοφορεί σε όλον τον κόσμο.\n\n== Γεννήσεις ==\n*[[1414]] - [[Πάπας Σίξτος Δ΄]]\n*[[1476]] - [[Αλφόνσος Α΄ των Έστε]], δούκας της Φερράρα\n*[[1816]] - [[Πάουλ Ρόιτερ]], Γερμανός δημοσιογράφος\n*[[1892]] - [[Ρενέ Φαλκονετί]], Γαλλίδα ηθοποιός\n*[[1899]] - [[Έρνεστ Χέμινγουεϊ]], Αμερικανός συγγραφέας\n*[[1913]] - [[Ιωάννης Ζίγδης]], Έλληνας πολιτικός\n*[[1936]] - [[Αλέν Γκρε]], Γάλλος συγγραφέας και εικονογράφος\n*[[1944]] - [[Τζον Άτα Μιλς]], Γκανέζος πολιτικός\n*[[1948]] - [[Μπέπε Γκρίλο]], Ιταλός ηθοποιός και πολιτικός\n*[[1951]] - [[Ρόμπιν Ουίλιαμς]], Αμερικανός ηθοποιός\n*[[1969]] - [[Αβραάμ Ρουσό]], Ρώσος τραγουδιστής\n*[[1971]] - [[Σαρλότ Γκανσμπούρ]], Γαλλίδα ηθοποιός\n*[[1978]] - [[Τζος Χάρτνετ]], Αμερικανός ηθοποιός\n*[[1981]] - [[Χοακίν Σάντσεθ|Χοακίν Σάντσεζ]], Ισπανός ποδοσφαιριστής\n*[[1991]] - [[Σάρα Σαμπάιο]], Πορτογαλίδα μοντέλο\n\n== Θάνατοι ==\n*[[987]] - [[Γοδεφρείδος Α΄ του Ανζού|Γοδεφρείδος Α΄]], κόμης του Ανζού\n*[[1203]] - [[Ερβέ Α΄ του Λεόν|Ερβέ Α΄]], ηγεμόνας του Λεόν\n*[[1425]] - [[Μανουήλ Β΄ Παλαιολόγος]], Βυζαντινός αυτοκράτορας\n*[[1796]] - [[Φίλιπ Κάρτερετ]], Άγγλος θαλασσοπόρος\n*[[1796]] - [[Ρόμπερτ Μπερνς]], Σκωτσέζος ποιητής\n*[[1821]] - [[Μελέτιος Α΄ Κίτρους]], Επίσκοπος Κίτρους\n*[[1862]] - [[Μισαήλ Αποστολίδης]], Αρχιεπίσκοπος Αθηνών και πάσης Ελλάδος\n*[[1916]] - [[Χατζημιχάλης Γιάνναρης]], Κρητικός οπλαρχηγός\n*[[1922]] - [[Αχμέτ Τζεμάλ]], Οθωμανός στρατιωτικός\n*[[1928]] - [[Παναγής Καββαδίας]], Έλληνας αρχαιολόγος\n*[[1928]] - [[Κώστας Καρυωτάκης]], Έλληνας συγγραφέας\n*[[1928]] - [[Μιχαήλ Σαβόφ]], Βούλγαρος στρατιωτικός\n*[[1944]] - [[Κλάους φον Στάουφενμπεργκ]], Γερμανός στρατιωτικός\n*[[1946]] - [[Σεφτσέτ Βερλάτσι]], Πρωθυπουργός της Αλβανίας\n*[[1965]] - [[Σωτήρης Πέτρουλας]], Έλληνας αγωνιστής\n*[[1967]] - [[Άλμπερτ Λουτούλι]], Νοτιοαφρικανός πολιτικός\n*[[1974]] - [[Γεώργιος Κατσάνης]], Έλληνας στρατιωτικός\n*[[1974]] - [[Δημήτρης Τσαμκιράνης]], Έλληνας στρατιωτικός\n*[[2006]] - [[Μάκο Ιβαμάτσου]], Ιάπωνας ηθοποιός\n*[[2017]] - [[Σταμπς (γάτα)]]\n*[[2018]] - [[Σταύρος Τσακυράκης]], Έλληνας νομικός\n\n== Αργίες και εορτές ==\n=== [[Ορθόδοξη Εκκλησία]] ===\n{{Πύλη:Ορθοδοξία/Εορτολόγιο/21 Ιουλίου}}\n\n{{Μήνες}}\n\n[[Κατηγορία:Ημέρες του έτους]]"}}}]}]}}