{"batchcomplete":true,"query":{"normalized":[{"fromencoded":false,"from":"21_Αυγούστου","to":"21 Αυγούστου"}],"pages":[{"pageid":3018,"ns":0,"title":"21 Αυγούστου","revisions":[{"slots":{"main":{"contentmodel":"wikitext","contentformat":"text/x-wiki","content":"{{Μήνες Αυγούστου}}\n<center>[[20 Αυγούστου]] | '''21 Αυγούστου''' | [[22 Αυγούστου]]</center>\n\n----\n{{ΗμερολόγιοΣεΠίνακα|8}}\nΗ '''21η Αυγούστου''' είναι η 233η ημέρα του έτους κατά το [[Γρηγοριανό ημερολόγιο]] (234η σε δίσεκτα έτη). Υπολείπονται 132 ημέρες.\n\nΓενέθλια Γιάννη πασχαλιδη.\n\n== Γεγονότα ==\n*[[1192]] - Ο [[Μιναμότο νο Γιοριτόμο]] γίνεται [[σόγκουν]] και [[de facto]] κυβερνήτης της [[Ιαπωνία]]ς.\n*[[1331]] - Μετά από μήνες αναρχίας, ο [[Βασίλειο της Σερβίας (μεσαίωνας)|βασιλιάς της Σερβίας]] [[Στέφανος Ούρος Γ΄]] παραδίδεται στο γιο του και αντίπαλο, [[Στέφανος Δουσάν|Στέφανο Δουσάν]]. \n*[[1680]] - Ινδιάνοι καταλαμβάνουν τη [[Σάντα Φε (Νέο Μεξικό)]] από τους [[Ισπανία|Ισπανούς]].\n*[[1772]] - Ο βασιλιάς [[Γουσταύος Γ΄ της Σουηδίας]] ολοκληρώνει το [[πραξικόπημα|πραξικόπημά]] του υιοθετώντας ένα νέο Σύνταγμα, τερματίζοντας μισό αιώνα κοινοβουλευτικής διακυβέρνησης στη [[Σουηδία]] και εγκαθιστώντας τον εαυτό του ως [[Πεφωτισμένη δεσποτεία|πεφωτισμένο δεσπότη]].\n*[[1810]] - Ο [[Κάρολος ΙΔ΄ Ιωάννης της Σουηδίας|Ζαν Μπατίστ Μπερναντότ]], [[στρατάρχης της Γαλλίας]], εκλέγεται διάδοχος του θρόνου της [[Σουηδία]]ς. \n*[[1821]] - Το πλήρωμα του βρετανικού πλοίου ''Ελίζα Φράνσις'' ανακαλύπτει τη νήσο [[Τζάρβις]].\n*[[1911]] - Υπάλληλος του [[Μουσείο του Λούβρου|Μουσείου του Λούβρου]] κλέβει τη ''[[Μόνα Λίζα]]''.\n*[[1914]] - [[Α΄ Παγκόσμιος Πόλεμος]]: [[Μάχη του Σαρλερουά]]. Οι [[Γερμανοί]] πραγματοποιούν επιτυχημένη επίθεση κατά μήκος του ποταμού Σαμπρ, προλαβαίνοντας τους [[Γαλλία|Γάλλους]] που σχεδίαζαν επίθεση στην ίδια περιοχή.\n*[[1942]] - [[Β΄ Παγκόσμιος Πόλεμος]]: Η σημαία της [[Ναζιστική Γερμανία|Ναζιστικής Γερμανίας]] τοποθετείται στην κορυφή του όρους [[Ελμπρούς]], την υψηλότερη κορυφή της οροσειράς του [[Καύκασος|Καυκάσου]].  \n*[[1957]] - Η [[Ένωση Σοβιετικών Σοσιαλιστικών Δημοκρατιών|Σοβιετική Ένωση]] διεξάγει με επιτυχία μία μεγάλου βεληνεκούς δοκιμαστική πτήση του [[R7]], του πρώτου [[Διηπειρωτικός βαλλιστικός πύραυλος|διηπειρωτικού βαλλιστικού πυραύλου]].\n*[[1959]] - Ο [[πρόεδρος των Ηνωμένων Πολιτειών]] [[Ντουάιτ Αϊζενχάουερ]] υπογράφει εκτελεστικό διάταγμα ανακηρύσσοντας τη [[Χαβάη]] ως την 50ή πολιτεία των [[Ηνωμένες Πολιτείες Αμερικής|Η.Π.Α.]]\n*[[1961]] - Η [[Motown]] κυκλοφορεί το ''Please Mr. Postman'' των Marvelettes, το οποίο θα γίνει η πρώτη της Νο 1 επιτυχία.\n*[[1963]] - Ειδικές Δυνάμεις του Στρατού της Δημοκρατίας του [[Βιετνάμ]] καταστρέφουν [[Βουδισμός|βουδιστικές]] παγόδες σε όλη τη χώρα, συλλαμβάνοντας χιλιάδες βουδιστές και αφήνοντας εκατοντάδες νεκρούς. \n*[[1967]] - Συλλαμβάνεται και φυλακίζεται ο [[Μίκης Θεοδωράκης]]. Ανησυχίες για τη ζωή του.\n*[[1968]] - Ο [[Νικολάε Τσαουσέσκου]], ηγέτης της κομμουνιστικής [[Ρουμανία]]ς, καταδικάζει δημοσίως την [[εισβολή του Συμφώνου της Βαρσοβίας στην Τσεχοσλοβακία]], ενθαρρύνοντας τον [[Ρουμάνοι|ρουμανικό]] πληθυσμό να οπλιστεί ενάντια σε πιθανά [[Ένωση Σοβιετικών Σοσιαλιστικών Δημοκρατιών|σοβιετικά]] αντίποινα.\n*[[1988]] - [[Σεισμός]] 6,9 Ρίχτερ χτυπά τα σύνορα [[Νεπάλ]]-[[Ινδία]]ς, αφήνοντας εκατοντάδες νεκρούς και χιλιάδες τραυματίες. \n* [[1991]] - Η [[Λετονία]] κηρύσσει την ανεξαρτησία της\n* [[1995]] - Αναλαμβάνει ξανά Πρόεδρος στο [[Σάο Τομέ και Πρίνσιπε]] ο Μιγκουέλ Τροβοάντα, μετά την κατάρρευση του πραξικοπήματος που τον είχε ανατρέψει πριν από μία εβδομάδα (δυνάμεις της Νότιας Αφρικής και της Ανγκόλα ανατρέπουν τη χούντα.\n* [[2000]] - Ο Αρχηγός του Στόλου στη [[Ρωσία]], επιβεβαιώνει ότι τα 118 μέλη του πληρώματος του υποβρυχίου ''[[Κουρσκ (υποβρύχιο)|Κουρσκ]]'' είναι νεκροί. Διαβεβαιώνεται ότι δεν υπήρξε διαρροή ραδιενέργειας στη [[θάλασσα του Μπάρεντς]]\n* [[2002]] - Αεροσκάφος συντρίβεται στο αεροδρόμιο Γιόμο Κενυάτα, στο [[Ναϊρόμπι]] στην [[Κένυα]], με αποτέλεσμα να σκοτωθούν 76 άνθρωποι\n* [[2003]] - Τους 10.000 θα ξεπεράσουν οι νεκροί από τον καύσωνα στη Γαλλία. Ο Πρόεδρος [[Ζακ Σιράκ]] ζητάει τη διεξαγωγή σε βάθος έρευνας για το θέμα αυτό. Στην [[Πορτογαλία]], 1.300 άνθρωποι έχασαν τη ζωή τους από την υπερβολική ζέστη τους μήνες Ιούλιο και Αύγουστο\n*[[2016]] - Τελετή λήξης των [[Θερινοί Ολυμπιακοί Αγώνες 2016|Ολυμπιακών Αγώνων του 2016]] στο [[Ρίο ντε Τζανέιρο]] της [[Βραζιλία|Βραζιλίας]]\n*[[2017]] - Μία [[Ηλιακή έκλειψη της 21ης Αυγούστου 2017|ολική ηλιακή έκλειψη]] λαμβάνει χώρα κατά μήκος των [[Ηνωμένες Πολιτείες Αμερικής|Η.Π.Α.]]\n\n== Γεννήσεις ==\n*[[1165]] - [[Φίλιππος Β΄ της Γαλλίας|Φίλιππος Β΄]], βασιλιάς της Γαλλίας\n*1481 - [[Γεώργιος ντε Λενκάστρε της Κοΐμπρα]], 2ος δούκας της Κοΐμπρα\n*[[1570]] - [[Χριστόφορος του Χάρμπουργκ|Χριστόφορος]], πρίγκιπας του Χάρμπουργκ\n*[[1643]] - [[Αλφόνσος ΣΤ΄ της Πορτογαλίας|Αλφόνσος ΣΤ΄]], βασιλιάς της Πορτογαλίας\n*[[1754]] - [[Ουίλιαμ Μάρντοκ]], Σκωτσέζος μηχανικός και εφευρέτης\n*[[1754]] - [[Μπάναστρ Τάρλετον]], Άγγλος στρατιωτικός και πολιτικός\n*[[1765]] - [[Γουλιέλμος Δ΄ του Ηνωμένου Βασιλείου|Γουλιέλμος Δ΄]], βασιλιάς του Ηνωμένου Βασιλείου\n*[[1789]] - [[Ωγκυστέν-Λουί Κωσύ]], Γάλλος μαθηματικός\n*[[1835]] - [[Χασιμότο Γκαχό]], Ιάπωνας ζωγράφος\n*[[1858]] - [[Ροδόλφος της Αυστρίας]]\n*[[1872]] - [[Όμπρεϊ Μπίρντσλι]], Άγγλος καλλιτέχνης\n*[[1891]] - [[Εμιλιάνο Μερκάδο ντελ Τόρο]], Πορτορικανός υπεραιωνόβιος\n*[[1903]] - [[Κώστας Γιαννίδης]], Έλληνας συνθέτης\n*[[1907]] - [[Χάι Ζάρετ]], Αμερικανός στιχουργός και συνθέτης\n*[[1923]] - [[Ζαννίνο]], Έλληνας ηθοποιός\n*[[1926]] - [[Τζαν Γιουτζέλ]], Τούρκος ποιητής\n*[[1930]] - [[Μαργαρίτα του Ηνωμένου Βασιλείου|Μαργαρίτα]], πριγκίπισσα του Ηνωμένου Βασιλείου\n*[[1936]] - [[Ουίλτ Τσάμπερλεϊν]], Αμερικανός καλαθοσφαιριστής\n*[[1939]] - [[Φέστους Μοχάε]], πρόεδρος της Μποτσουάνα\n*[[1940]] - [[Ευάγγελος Σπανδάγος]], Έλληνας μαθηματικός και συγγραφέας\n*[[1944]] - [[Πίτερ Γουίαρ]], Αυστραλός σκηνοθέτης\n*[[1944]] - [[Πέρι Κρίστι]], πολιτικός από τις Μπαχάμες\n*[[1945]] - [[Βασίλης Πολυδούρης]], Αμερικανός συνθέτης\n*[[1948]] - [[Ίλιουντ Ουίλιαμς]], πολιτικός της Δομινίκας\n*[[1951]] - [[Γκλεν Χιουζ]], Άγγλος τραγουδιστής και μπασίστας ([[Trapeze]] και [[Deep Purple]])\n*[[1952]] - [[Γίρι Πάρουμπεκ]], Τσέχος πολιτικός\n*[[1961]] - [[Ιγκόρ Τσουντίνοφ]], πρωθυπουργός της Κιργιζίας\n*[[1962]] - [[Τζον Κόρφας]], Έλληνας καλαθοσφαιριστής\n*[[1963]] - [[Μοχάμετ ΣΤ΄ του Μαρόκου|Μοχάμετ ΣΤ']], βασιλιάς του Μαρόκου\n*[[1967]] - [[B.D. Foxmoor]], Έλληνας ράπερ\n*[[1967]] - [[Σερτζ Τανκιάν]], Αρμένιος τραγουδιστής ([[System of a Down]])\n*[[1970]] - [[Γιώργος Τουρσουνίδης]], Έλληνας ποδοσφαιριστής\n*[[1972]] - [[Λουσιάνο ντε Σόουζα]], Βραζιλιάνος ποδοσφαιριστής και προπονητής\n*[[1973]] - [[Σεργκέι Μπριν]], Ρώσος επιστήμονας και επιχειρηματίας, συνιδρυτής της [[Google]]\n*[[1976]] - [[Νίκος Βέρτης]], Έλληνας τραγουδιστής\n*[[1978]] - [[Μίλαν Γιούρισιτς]], Σέρβος πετοσφαιριστής\n*[[1978]] - [[Μανώλης Σκούφαλης]], Έλληνας ποδοσφαιριστής\n*[[1984]] - [[Αλιζέ]], Γαλλίδα τραγουδίστρια\n*[[1984]] - [[Ιβ Τόρες]], Αμερικανίδα χορεύτρια και μοντέλο\n*[[1986]] - [[Γιουσέιν Μπολτ]], Τζαμαϊκανός αθλητής\n*[[1988]] - [[Ρόμπερτ Λεβαντόφσκι]], Πολωνός ποδοσφαιριστής\n*[[1991]] - [[Demy]], Ελληνίδα τραγουδίστρια\n*[[1992]] - [[Φελίπε Νασρ]], Βραζιλιάνος οδηγός αγώνων\n\n== Θάνατοι ==\n*[[1131]] - [[Βαλδουίνος Β΄ της Ιερουσαλήμ|Βαλδουίνος Β΄]], βασιλιάς της Ιερουσαλήμ\n*[[1157]] - [[Αλφόνσος Ζ΄ του Λεόν και της Καστίλης|Αλφόνσος Ζ΄]], βασιλιάς της Καστίλης και του Λεόν\n*[[1190]] - [[Γοδεφρείδος Γ΄ του Λουβαίν|Γοδεφρείδος Γ΄]], κόμης του Λουβαίν\n*[[1271]] - [[Αλφόνσος του Πουατιέ|Αλφόνσος]], κόμης του Πουατιέ\n*[[1534]] - [[Φιλίπ ντε Βιλιέ ντε λ' Ιλ-Αντάμ]], μέγας μάγιστρος των Ιωαννιτών Ιπποτών\n*[[1614]] - [[Ελισάβετ Μπάθορι]], κόμισσα της Ουγγαρίας\n*[[1723]] - [[Δημήτριος Καντεμίρης]], Μολδαβός λόγιος\n*[[1762]] - [[Λαίδη Μαίρη Μόνταγκιου]], Αγγλίδα συγγραφέας\n*[[1823]] - [[Μάρκος Μπότσαρης]], Έλληνας στρατηγός\n*[[1940]] - [[Λέων Τρότσκι]], Ρώσος πολιτικός\n*[[1951]] - [[Διονύσιος Χριστάκος]], Έλληνας πολιτικός\n*[[1964]] - [[Παλμίρο Τολιάτι]], Ιταλός πολιτικός\n*[[1973]] - [[Μπιλ Χάρις]], Αμερικανός τρομπονίστας\n*[[1978]] - [[Τσαρλς Ιμς]], Αμερικανός σχεδιαστής και αρχιτέκτονας\n*[[1979]] - [[Τζιουζέπε Μεάτσα]], Ιταλός ποδοσφαιριστής\n*[[1993]] - [[Κασντί Μερμπάχ]], Αλγερινός πολιτικός\n*[[1995]] - [[Σουμπραμανιάν Τσαντρασεκάρ]], Ινδός αστροφυσικός\n*[[1997]] - [[Αμπντούλ Ραχίμ Γκαφουρζάι]], Αφγανός πολιτικός και διπλωμάτης\n*[[2012]] - [[Μιχάλης Μενιδιάτης]], Έλληνας τραγουδιστής\n*[[2017]] - [[Μπαϊράμ Ρετζέπι]], Κοσοβάρος πολιτικός\n\n== Αργίες και εορτές ==\n\n=== [[Ορθόδοξη Εκκλησία]] ===\n{{Πύλη:Ορθοδοξία/Εορτολόγιο/21 Αυγούστου}}\n\n{{Μήνες}}\n\n[[Κατηγορία:Ημέρες του έτους]]"}}}]}]}}