{"batchcomplete":true,"query":{"normalized":[{"fromencoded":false,"from":"21_Δεκεμβρίου","to":"21 Δεκεμβρίου"}],"pages":[{"pageid":3747,"ns":0,"title":"21 Δεκεμβρίου","revisions":[{"slots":{"main":{"contentmodel":"wikitext","contentformat":"text/x-wiki","content":"{{χωρίς παραπομπές|04|06|2022}}\n{{Μήνες Δεκεμβρίου}}\n\n<center>[[20 Δεκεμβρίου]] | '''21 Δεκεμβρίου''' | [[22 Δεκεμβρίου]]</center>\n\n----\nΗ '''21η Δεκεμβρίου''' είναι η 355η ημέρα του έτους κατά το [[Γρηγοριανό ημερολόγιο]] (356η σε δίσεκτα έτη). Υπολείπονται 10 ημέρες. \n[[Χειμερινό ηλιοστάσιο]] για το [[Βόρειο ημισφαίριο]], [[Θερινό ηλιοστάσιο]] για το [[Νότιο ημισφαίριο]].\n\n{{ΗμερολόγιοΣεΠίνακα|12}}\n\n==Γεγονότα==\n*[[69]] - Η [[ρωμαϊκή σύγκλητος]] ανακηρύσσει αυτοκράτορα τον [[Βεσπασιανός|Βεσπασιανό]], τον τελευταίο του [[Έτος των Τεσσάρων Αυτοκρατόρων|Έτους των Τεσσάρων Αυτοκρατόρων]].\n*[[1124]] - Χειροτονείται ο [[Πάπας Ονώριος Β΄]].\n*[[1140]] - Ο [[Κορράδος Γ΄ της Γερμανίας]] πολιορκεί το Βάινσμπεργκ.\n*[[1237]] - Ο [[Μογγόλοι|μογγολικός]] στρατός του [[Μπατού]] καταλαμβάνει το [[Ριαζάν]].\n*[[1832]] - Οι [[Αίγυπτος|αιγυπτιακές]] δυνάμεις νικούν τα [[Οθωμανική Αυτοκρατορία|οθωμανικά]] στρατεύματα στη μάχη του [[Ικόνιο|Ικονίου]].\n*[[1872]] - Αποστολή Τσάλεντζερ: το HMS ''[[Τσάλεντζερ (πλοίο)|Τσάλεντζερ]]'', με κυβερνήτη τον πλοίαρχο Τζορτζ Ναίαρς, σαλπάρει από το [[Πόρτσμουθ]]. \n*[[1879]] - Παγκόσμια πρεμιέρα για το ''Σπίτι της Κούκλας'' του [[Ερρίκος Ίψεν|Ερρίκου Ίψεν]] στο Βασιλικό Θέατρο της [[Κοπεγχάγη]]ς στη [[Δανία]]. \n*[[1907]] - Ο [[Χιλή|χιλιανός]] στρατός σκοτώνει πάνω από 2.200 απεργούς εργάτες των ορυχείων [[Νιτρικό νάτριο|νιτρικού νάτριου]] στο [[Ικίκε]] της Χιλής. \n*[[1919]] - Η [[Ηνωμένες Πολιτείες Αμερικής|Αμερικανίδα]] [[Αναρχισμός|αναρχική]] [[Έμμα Γκόλντμαν]] απελαύνεται στη [[Ρωσία]].\n*[[1923]] - Το [[Ηνωμένο Βασίλειο]] και το [[Νεπάλ]] υπογράφουν επίσημα συμφωνία φιλίας, η οποία διαδέχεται τη συνθήκη που υπεγράφη το [[1816]].\n*[[1937]] - Κάνει πρεμιέρα η ταινία ''[[Η Χιονάτη και οι επτά νάνοι (ταινία, 1937)|Η Χιονάτη και οι Επτά Νάνοι]]'', η πρώτη στον κόσμο μεγάλου μήκους ταινία [[Κινούμενα σχέδια|κινουμένων σχεδίων]].\n*[[1941]] - [[Β΄ Παγκόσμιος Πόλεμος]]: Υπογράφεται στην [[Ταϊλάνδη]] επίσημη συνθήκη συμμαχίας μεταξύ Ταϊλάνδης και [[Ιαπωνία|Ιαπωνίας]].\n*[[1944]] - [[Μάχη της Άρτας (1944)|Μάχη της Άρτας]]: Δυνάμεις του [[Ελληνικός Λαϊκός Απελευθερωτικός Στρατός|Ε.Λ.Α.Σ.]] επιτίθενται στις δυνάμεις του [[Εθνικός Δημοκρατικός Ελληνικός Σύνδεσμος|Ε.Δ.Ε.Σ.]] που εδρεύουν στην [[Άρτα]].\n*[[1946]] - [[Σεισμός]] μεγέθους 8,1 βαθμών Ρίχτερ και το επακόλουθο [[τσουνάμι]] σκοτώνει 1.330 άτομα στην [[Ιαπωνία]]. \n*[[1963]] - Ξεσπούν [[Διακοινοτικές Ταραχές του 1963|διακοινοτικές ταραχές]] στην [[Κύπρος|Κύπρο]], με τελικό αποτέλεσμα τον εκτοπισμό 25.000 [[Τουρκοκύπριοι|Τουρκοκυπρίων]].\n*[[1965]] - Υιοθετείται η [[Διεθνής Σύμβαση για την Κατάργηση Κάθε Μορφής Φυλετικών Διακρίσεων]].\n*[[1967]] - Ο Λούις Βασκάνσκι, ο πρώτος άνθρωπος που υποβλήθηκε σε μεταμόσχευση καρδιάς, πεθαίνει στο [[Κέιπ Τάουν]], στη [[Νότια Αφρική]], έχοντας ζήσει 18 ημέρες μετά τη μεταμόσχευση. \n*[[1968]] - [[Απόλλων (διαστημικό πρόγραμμα)|Πρόγραμμα Απόλλων]]: Εκτοξεύεται το ''[[Απόλλων 8]]'' από το [[Διαστημικό Κέντρο Κένεντι]], θέτοντας το πλήρωμά του σε [[Σελήνη|σεληνιακή]] τροχιά στην πρώτη επίσκεψη ανθρώπων σε άλλο ουράνιο σώμα.\n*[[1970]] - Πραγματοποιείται η πρώτη πτήση του μαχητικού αεροσκάφους [[Grumman F-14 Tomcat]].\n*[[1973]] - Αρχίζει η διάσκεψη της [[Γενεύη|Γενεύης]] για την [[αραβοϊσραηλινή σύγκρουση]].\n*[[1988]] - Βόμβα εκρήγνυται επί της πτήσης 103 της Pan American πάνω από το Λόκερμπι της [[Σκωτία|Σκωτίας]], σκοτώνοντας 270 άτομα. Αυτή είναι μέχρι σήμερα η πιο θανατηφόρα αεροπορική καταστροφή που συμβαίνει στη [[Μεγάλη Βρετανία]].\n*[[1988]] - Πραγματοποιείται η πρώτη πτήση του [[Antonov An-225]], του μεγαλύτερου αεροσκάφους στον κόσμο.\n*[[1990]] - Σεισμός μεγέθους 6,0 της κλίμακας Ρίχτερ έπληξε τους νομούς [[Πέλλα|Πέλλας]] και [[Κιλκίς]]. Ο απολογισμός ήταν ένας νεκρός και 60 τραυματίες ενώ βλάβες παρατηρήθηκαν στην [[Πέλλα]] και στην [[Έδεσσα]]. \n*[[1992]] - Δευτέρα 21η Δεκεμβρίου του 1992 - Δολοφονική απόπειρα της [[Κατάλογος της δράσης της οργάνωσης 17η Νοέμβρη|17Ν]] εναντίον του βουλευτή Άρτας της ΝΔ [https://vouliwatch.gr/mp/papadimitriou-eleutherios Ελευθερίου Παπαδημητρίου].  \n* [[1995]] - Ο [[Ισραήλ|ισραηλινός]] στρατός αποχωρεί από τη [[Βηθλεέμ]] μετά από 28 χρόνια κατοχής.\n* [[2007]] - Στη [[Συμφωνία Σένγκεν|συνθήκη του Σένγκεν]] προσχωρούν 9 νέα κράτη-μέλη: Τσεχία, Εσθονία, Ουγγαρία, Λετονία, Λιθουανία, Μάλτα, Πολωνία, Σλοβακία, και Σλοβενία.\n\n==Γεννήσεις==\n*[[1401]] - [[Μαζάτσο]], Ιταλός ζωγράφος\n*[[1489]] - [[Τόμας Μύντσερ]], Γερμανός θεολόγος\n*[[1512]] - [[Βονιφάτιος Δ΄ του Μομφερράτου|Βονιφάτιος Δ΄]], μαρκήσιος του Μομφερράτου\n*[[1795]] - [[Λέοπολντ φον Ράνκε]], Γερμανός ιστορικός\n*[[1799]] - [[Τζορτζ Φίνλεϊ]], Βρετανός ιστορικός\n*[[1804]] - [[Μπέντζαμιν Ντισραέλι]], Άγγλος πολιτικός\n*[[1815]] - [[Τομά Κουτύρ]], Γάλλος ζωγράφος\n*[[1818]] - [[Αμαλία της Ελλάδας|Αμαλία]], βασίλισσα της Ελλάδας\n*[[1849]] - [[Πέτρος Ανταμιάν]], Αρμένιος ηθοποιός και συγγραφέας\n*[[1917]] - [[Χάινριχ Μπελ]], Γερμανός συγγραφέας\n*[[1918]] - [[Κουρτ Βαλντχάιμ]], Αυστριακός πολιτικός\n*[[1931]] - [[Ρεντά Μαλέκ]], Αλγερινός πολιτικός\n*[[1937]] - [[Τζέιν Φόντα]], Αμερικανίδα ηθοποιός\n*[[1940]] - [[Φρανκ Ζάπα]], Αμερικανός τραγουδιστής και κιθαρίστας\n*[[1942]] - [[Γιώργος Αμερικάνος]], Έλληνας καλαθοσφαιριστής\n*[[1942]] - [[Χου Ζιντάο]], Κινέζος πολιτικός\n*[[1947]] - [[Πάκο ντε Λουθία]], Ισπανός κιθαρίστας\n*[[1947]] - [[Κωστής Παπαγιώργης]], Έλληνας συγγραφέας\n*[[1948]] - [[Σάμιουελ Λ. Τζάκσον]], Αμερικανός ηθοποιός\n*[[1949]] - [[Νίκος Σηφουνάκης]], Έλληνας πολιτικός\n*[[1959]] - [[Φλόρενς Γκρίφιθ-Τζόινερ]], Αμερικανίδα δρομέας\n*[[1966]] - [[Κίφερ Σάδερλαντ]], Καναδός ηθοποιός\n*[[1967]] - [[Μιχαήλ Σαακασβίλι]], Γεωργιανός πολιτικός\n*[[1976]] - [[Μιρέλα Μανιάνι]], Ελληνίδα ακοντίστρια\n*[[1976]] - [[Άρης Σερβετάλης]], Έλληνας ηθοποιός\n*[[1977]] - [[Εμμανουέλ Μακρόν]], Γάλλος πολιτικός \n*[[1982]] - [[Πρίμο Κολόν]], Πορτορικανός παλαιστής\n*[[1990]] - [[Γιάννης Φετφατζίδης]], Έλληνας ποδοσφαιριστής\n\n==Θάνατοι==\n*[[1308]] - [[Ερρίκος Α΄ της Έσσης|Ερρίκος Α΄]], λάντγραβος της Έσσης\n*[[1375]] - [[Βοκάκιος]], Ιταλός συγγραφέας\n*[[1495]] - [[Τζάσπερ Τυδώρ]], δούκας του Μπέντφορντ\n*[[1549]] - [[Μαργαρίτα της Ναβάρρας|Μαργαρίτα]], βασίλισσα της Ναβάρρας\n*[[1603]] - [[Μωάμεθ Γ΄]], Οθωμανός σουλτάνος\n*[[1741]] - [[Μπερνάρ ντε Μονφωκόν]], Γάλλος μοναχός\n*[[1882]] - [[Φραντσέσκο Χάγιεζ]], Ιταλός ζωγράφος\n*[[1907]] - [[Κλάρα Χίτλερ]], Αυστριακή μητέρα του Αδόλφου Χίτλερ\n*[[1935]] - [[Κουρτ Τουχόλσκυ]], Γερμανός δημοσιογράφος\n*[[1940]] - [[Φράνσις Σκοτ Φιτζέραλντ]], Αμερικανός συγγραφέας\n*[[1941]] - [[Φρέντερικ Μπάντινγκ]], Καναδός ιατρός\n*[[1942]] - [[Φραντς Μποάζ]], Γερμανός ανθρωπολόγος\n*[[1945]] - [[Τζωρτζ Σμιθ Πάττον]], Αμερικανός στρατιωτικός\n*[[1955]] - [[Γκαρεγκίν Τερ-Χαρουτιουνιάν]], Αρμένιος πολιτικός\n*[[1968]] - [[Βιττόριο Πότσο]], Ιταλός προπονητής ποδοσφαίρου\n*[[1999]] - [[Βάσος Ανδριανός]], Έλληνας ηθοποιός\n*[[2006]] - [[Σαπαρμουράτ Νιγιαζόφ]], πρόεδρος του Τουρκμενιστάν\n*[[2009]] - [[Χρήστος Λαμπράκης]], Έλληνας επιχειρηματίας\n*[[2015]] - [[Ντέγιαν Μπρντζόβιτς]], Σέρβος πετοσφαιριστής\n*[[2017]] - [[Μπρους Μακάντλες ΙΙ]], Αμερικανός αστροναύτης\n*[[2017]] - [[Ρόζγουελ Ραντ]], Αμερικανός μουσικός\n\n==Αργίες και εορτές==\n=== [[Ορθόδοξη Εκκλησία]] ===\n{{Πύλη:Ορθοδοξία/Εορτολόγιο/21 Δεκεμβρίου}}\n{{commonscat|21 December}}\n== Βλέπε επίσης == \n[[21 Νοεμβρίου]] - [[21 Ιανουαρίου]]\n\n{{Μήνες}}\n\n[[Κατηγορία:Ημέρες του έτους]]"}}}]}]}}