{"batchcomplete":true,"query":{"normalized":[{"fromencoded":false,"from":"21_Οκτωβρίου","to":"21 Οκτωβρίου"}],"pages":[{"pageid":3365,"ns":0,"title":"21 Οκτωβρίου","revisions":[{"slots":{"main":{"contentmodel":"wikitext","contentformat":"text/x-wiki","content":"{{Μήνες Οκτωβρίου}}\n\n<center>[[20 Οκτωβρίου]] | '''21 Οκτωβρίου''' | [[22 Οκτωβρίου]]</center>\n\n----\n{{ΗμερολόγιοΣεΠίνακα|10}}\nΗ '''21η Οκτωβρίου''' είναι η 294η ημέρα του έτους κατά το [[Γρηγοριανό ημερολόγιο]] (295η σε δίσεκτα έτη). Υπολείπονται 71 ημέρες.\n\n==Γεγονότα ==\n*[[1096]] - [[Σταυροφορία του λαού]]: Ο [[Τουρκία|τουρκικός]] στρατός εξουδετερώνει το λαϊκό στρατό της Δύσης.\n*[[1097]] - [[Α΄ Σταυροφορία]]: Οι Σταυροφόροι, με επικεφαλής τον [[Γοδεφρείδος του Μπουιγιόν|Γοδεφρείδο του Μπουιγιόν]], τον [[Βοϊμόνδος Α΄ της Αντιόχειας|Βοϊμόνδο Α΄ του Τάραντα]] και τον [[Ραϋμόνδος Δ΄ της Τουλούζης|Ραϋμόνδο Δ΄ της Τουλούζης]], αρχίζουν την πολιορκία της [[Αντιόχεια]]ς.\n*[[1209]] - Ο [[Όθων Δ΄ της Αγίας Ρωμαϊκής Αυτοκρατορίας|Όθων Δ΄]] στέφεται αυτοκράτορας της [[Αγία Ρωμαϊκή Αυτοκρατορία|Αγίας Ρωμαϊκής Αυτοκρατορίας]] από τον [[Πάπας Ιννοκέντιος Γ΄|Πάπα Ιννοκέντιο Γ΄]].\n*[[1520]] - Ο [[Φερδινάνδος Μαγγελάνος]] ανακαλύπτει έναν [[Πορθμός|πορθμό]], γνωστός σήμερα ως [[Πορθμός του Μαγγελάνου]].\n*[[1600]] - Ο [[Τοκουγκάβα Ιεγιάσου]] νικά τους ηγέτες των αντίπαλων [[Ιαπωνία|ιαπωνικών]] φυλών στη μάχη της Σεκιγκαχάρα, η οποία σηματοδοτεί την έναρξη του [[Σογκουνάτο Τοκουγκάβα]] που στην ουσία θα κυβερνήσει την Ιαπωνία έως τα μέσα του 19ου αιώνα.\n*[[1805]] - [[Ναπολεόντειοι Πόλεμοι]]: [[Ναυμαχία του Τραφάλγκαρ]]. Ο [[Μεγάλη Βρετανία|βρετανικός]] στόλος με επικεφαλής τον αντιναύαρχο [[Οράτιος Νέλσον|Οράτιο Νέλσον]] νικά τον [[Γαλλία|γαλλικό]] και [[Ισπανία|ισπανικό]] στόλο στα ανοικτά των ακτών της Ισπανίας, σηματοδοτώντας σχεδόν το τέλος της γαλλικής ναυτικής δύναμης και αφήνοντας το βρετανικό ναυτικό ως τον αδιαμφισβήτητο κυρίαρχο έως τον 20ό αιώνα.\n*[[1854]] - Η [[Φλόρενς Νάιτινγκεϊλ]] και προσωπικό 38 [[Νοσηλευτική|νοσοκόμων]] στέλνονται στον [[Κριμαϊκός Πόλεμος|Κριμαϊκό Πόλεμο]]. \n*[[1879]] - Ο [[Τόμας Έντισον]] εφευρίσκει στο εργαστήριό του μία λειτουργική ηλεκτρική λάμπα, την οποία δοκίμασε την επόμενη μέρα και διήρκεσε 13,5 ώρες. Αυτή είναι η εφεύρεση του πρώτου εμπορικά πρακτικού λαμπτήρα πυρακτώσεως. Δημοφιλής πεποίθηση είναι ότι ο Έντισον εφηύρε τον πρώτο λαμπτήρα, κάτι που δεν ισχύει.\n*[[1892]] - Πραγματοποιούνται στο [[Σικάγο]] τα εγκαίνια της [[Διεθνής Έκθεση του Σικάγο|Διεθνούς Έκθεσης]], παρόλο που επειδή καθυστερήσανε οι κατασκευές η έκθεση δεν άνοιξε παρά την [[1 Μαΐου|1η Μαΐου]] του [[1893]].\n*[[1895]] - Καταρρέει η [[Δημοκρατία της Ταϊβάν (1895)|Δημοκρατία της Ταϊβάν]] καθώς εισβάλουν [[Ιαπωνία|ιαπωνικές]] δυνάμεις. \n*[[1912]] - [[Α΄ Βαλκανικός Πόλεμος]]: οι [[Βουλγαρία|βουλγαρικές]] δυνάμεις απελευθερώνουν το [[Κάρτζαλι]].\n*1912 - Ο [[Ελλάδα|ελληνικός]] στρατός απελευθερώνει την [[Πρέβεζα]].\n*[[1921]] - Ο πρόεδρος των [[Ηνωμένες Πολιτείες Αμερικής|Η.Π.Α.]] [[Ουόρεν Χάρντινγκ]] δίνει την πρώτη ομιλία από Αμερικανό πρόεδρο εναντίον του [[Λυντσάρισμα|λυντσαρίσματος]] στις νότιες Πολιτείες.\n*[[1940]] - Κυκλοφορεί η πρώτη έκδοση του μυθιστορήματος του [[Έρνεστ Χέμινγουεϊ]] ''[[Για ποιον χτυπά η καμπάνα]]''.\n*[[1944]] - [[Β΄ Παγκόσμιος Πόλεμος]]: η πρώτη επίθεση [[καμικάζε]]. Ένα [[Ιαπωνία|ιαπωνικό]] πολεμικό αεροπλάνο που μετέφερε [[βόμβα]] 200 κιλών επιτίθεται στο ''HMAS Australia'' στα ανοικτά του νησιού [[Λέιτε]].\n*1944 - [[Β΄ Παγκόσμιος Πόλεμος]]: Μάχη του [[Άαχεν]]. Μετά από μάχη τριών εβδομάδων η πόλη του Άαχεν πέφτει στις [[Η.Π.Α.|αμερικανικές]] δυνάμεις, καθιστώντας την την πρώτη [[Γερμανία|γερμανική]] πόλη που καταλαμβάνεται από τους συμμάχους.  \n*[[1959]] - Ανοίγει για το κοινό το [[Μουσείο Γκούγκενχαϊμ]] στη [[Νέα Υόρκη]], το οποίο σχεδιάστηκε από τον [[Φρανκ Λόιντ Ράιτ]].\n*[[1965]] - Ο [[κομήτης Ικέγια-Σέκι]] πλησιάζει το περιήλιο, περνώντας 450.000 χιλιόμετρα από τον ήλιο. \n*[[1966]] - Ένας σωρός καρβουνόσκονης καταρρέει στο χωριό Αμπερφάν της [[Ουαλία]]ς, σκοτώνοντας 144 άτομα, κυρίως μαθητές.\n* [[1969]] - Ο [[Σιάντ Μπάρε]] έρχεται στην εξουσία με [[πραξικόπημα]] στη [[Σομαλία]].\n*[[1972]] - Αεροσκάφος [[NAMC YS-11]] της [[Ολυμπιακές Αερογραμμές|Ολυμπιακής Αεροπορίας]] συντρίβεται στις ακτές της [[Βούλα]]ς. 37 από τους επιβαίνοντες πνίγονται, ενώ 19 καταφέρνουν να σωθούν.\n* [[1977]] - Ιδρύεται το Ευρωπαϊκό Ινστιτούτο για τα Διπλώματα Ευρεσιτεχνίας.\n* [[1983]] - Γίνεται ο ορισμός του [[μέτρο]]υ με βάση την [[ταχύτητα του φωτός]] στη γενική διάσκεψη μέτρων και σταθμών.\n*[[1992]] - Η [[Μαντόνα]] κυκλοφορεί το [[Sex (βιβλίο)|SEX]], ένα βιβλίο με [[Σαδομαζοχισμός|σαδομαζοχιστικό]] περιεχόμενο. Δημιουργήθηκε ένα χάος στα [[ΜΜΕ]] και επιτέθηκαν στην τραγουδίστρια λέγοντας ότι το είχε παρατραβήξει. Με το πέρασμα του χρόνου, θεωρήθηκε ένα μετα-φεμινιστικό έργο τέχνης ενώ έχει γίνει ένα από τα πιο περιζήτητα βιβλία που κυκλοφόρησαν ποτέ.\n*[[1994]] - Η καταστροφική καταιγίδα του Ποδονίφτη πλήττει την Αττική, με τραγικό απολογισμό 14 νεκρούς.\n* [[2003]] - Φωτογραφίζεται για πρώτη φορά ο [[πλανήτης νάνος]] [[136199 Έρις|Έρις]].\n\n==Γεννήσεις==\n*[[1409]] - [[Αλεσσάντρο Σφόρτσα]], Ιταλός κοντοτιέρος\n*[[1467]] - [[Τζοβάνι των Μεδίκων ο Ποπολάρος]], Ιταλός ευγενής\n*[[1527]] - [[Λουδοβίκος της Λωρραίνης (1527-1578)]]\n*[[1581]] - [[Ντομενικίνο]], Ιταλός ζωγράφος\n*[[1748]] - [[Γιόχαν Άφσπρουνγκ]], Γερμανός παιδαγωγός και εκδότης\n*[[1772]] - [[Κλοντ Φοριέλ]], Γάλλος ιστορικός\n*[[1776]] - [[Τζωρτζ Άιζαρντ]], Αμερικανός στρατηγός\n*[[1790]] - [[Αλφόνς ντε Λαμαρτίν]], Γάλλος ποιητής και πολιτικός\n*[[1833]] - [[Άλφρεντ Νόμπελ]], Σουηδός χημικός και μηχανικός\n*[[1882]] - [[Μαξιμιλιάνο Ερνάντες Μαρτίνες]], πρόεδρος του Ελ Σαλβαδόρ\n*[[1907]] - [[Νίκος Εγγονόπουλος]], Έλληνας ζωγράφος και ποιητής\n*[[1917]] - [[Ντίζι Γκιλέσπι]], Αμερικανός τρομπετίστας, διευθυντής ορχήστρας και συνθέτης\n*[[1929]] - [[Ούρσουλα Λε Γκεν]], Αμερικανίδα συγγραφέας\n*[[1949]] - [[Μπενιαμίν Νετανιάχου]], Ισραηλινός πολιτικός\n*[[1950]] - [[Σπύρος Ιωαννίδης]], Έλληνας υδατοσφαιριστής\n*[[1950]] - [[Γουίλιαμ Μάρλιν]], πολιτικός από τον Άγιο Μαρτίνο\n*[[1951]] - [[Λένα Πλάτωνος]], Ελληνίδα συνθέτρια\n*[[1956]] - [[Κάρι Φίσερ]], Αμερικανίδα ηθοποιός\n*[[1957]] - [[Τζούλιαν Κόουπ]], Βρετανός τραγουδιστής και συγγραφέας\n*[[1968]] - [[Αλέξης Αλεξανδρής]], Έλληνας ποδοσφαιριστής\n*[[1981]] - [[Νεμάνια Βίντιτς]], Σέρβος ποδοσφαιριστής\n*[[1986]] - [[Αλμέν Αμπντί]], Ελβετός ποδοσφαιριστής\n*[[1990]] - [[Ρίκι Ρούμπιο]], Ισπανός καλαθοσφαιριστής\n\n==Θάνατοι==\n*[[1221]] - [[Αλίκη της Βρετάνης|Αλίκη]], δούκισσα της Βρετάνης\n*[[1266]] - [[Μπίργιερ Γιαρλ]], Σουηδός πολιτικός\n*[[1422]] - [[Κάρολος ΣΤ΄ της Γαλλίας|Κάρολος ΣΤ΄]], βασιλιάς της Γαλλίας\n*[[1494]] - [[Τζαν Γκαλεάτσο Σφόρτσα]], δούκας του Μιλάνου\n*[[1556]] - [[Πιέτρο Αρετίνο]], Ιταλός συγγραφέας\n*[[1805]] - [[Οράτιος Νέλσον]], Άγγλος αντιναύαρχος\n*[[1931]] - [[Άρτουρ Σνίτσλερ]], Αυστριακός συγγραφέας\n*[[1966]] - [[Απόστολος Παπαβαλσάμης]], Έλληνας πολιτικός\n*[[1967]] - [[Έιναρ Χέρτζσπρουνγκ]], Δανός χημικός και αστρονόμος\n*[[1969]] - [[Τζακ Κέρουακ]], Αμερικανός συγγραφέας\n*[[1970]] - [[Έρνεστ Χάλερ]], Αμερικανός κινηματογραφιστής\n*[[1980]] - [[Χανς Άσπεργκερ]], Αυστριακός παιδίατρος\n*[[1982]] - [[Αμπντούλ Ζαχίρ (πολιτικός)|Αμπντούλ Ζαχίρ]], Αφγανός πολιτικός\n*[[1984]] - [[Φρανσουά Τρυφώ]], Γάλλος σκηνοθέτης\n*[[1996]] - [[Γεώργιος Ζωιτάκης]], Έλληνας στρατιωτικός\n*[[1997]] - [[Ιωάννης Ζίγδης]], Έλληνας πολιτικός\n*[[2017]] - [[Μάρτιν Έρικ Έιν]], Αμερικανός μπασίστας\n*[[2018]] - [[Ρομπέρ Φωρισόν]], Γάλλος ακαδημαϊκός\n*2021-[[wikidata:Q6377224|Κάθι Φλόρες]] Αμερικανίδα παίκτρια του ράγκμπι.\n*2021-[[Μπέρναντ Χάιτινκ]]  Ολλανδός μαέστρος και βιολιστής \n*2021-Halyna Hutchins  ''Ουκρανοαμερικανίδα'' κινηματογραφίστρια \n*2021-Ίστβαν Χέρμαν Ούγγρος πολιτικός, \n\n==Αργίες και εορτές==\n=== [[Ορθόδοξη Εκκλησία]] ===\n{{Πύλη:Ορθοδοξία/Εορτολόγιο/21 Οκτωβρίου}}\n\n\n{{Μήνες}}\n\n[[Κατηγορία:Ημέρες του έτους]]"}}}]}]}}