{"batchcomplete":true,"query":{"normalized":[{"fromencoded":false,"from":"21_Ιανουαρίου","to":"21 Ιανουαρίου"}],"pages":[{"pageid":1116,"ns":0,"title":"21 Ιανουαρίου","revisions":[{"slots":{"main":{"contentmodel":"wikitext","contentformat":"text/x-wiki","content":"{{Μήνες Ιανουαρίου}}\n\n<center>[[20 Ιανουαρίου]] | '''21 Ιανουαρίου''' | [[22 Ιανουαρίου]]</center>\n\n----\nΗ '''21η Ιανουαρίου''' είναι η 21η ημέρα του έτους κατά το [[Γρηγοριανό ημερολόγιο]]. Υπολείπονται 344 ημέρες (345 σε δίσεκτα έτη).\n\n{{ΗμερολόγιοΣεΠίνακα|1}}\n\n== Γεγονότα ==\n{{Commonscat|21 January}}\n*[[1525]] - Ιδρύεται στη [[Ζυρίχη]] το κίνημα των [[Ελβετία|Ελβετών]] [[Αναβαπτιστές|Αναβαπτιστών]], όταν μία ομάδα πιστών βαπτίζει ο ένας τον άλλο, σπάζοντας μία παράδοση χιλίων ετών ένωσης κράτους-εκκλησίας.\n*[[1720]] - Η [[Σουηδία]] και η [[Βασίλειο της Πρωσίας|Πρωσία]] υπογράφουν τη Συνθήκη της [[Στοκχόλμη]]ς.\n*[[1774]] - Ο [[Αμπντούλ Χαμίτ Α΄]] γίνεται [[Κατάλογος Σουλτάνων της Οθωμανικής Αυτοκρατορίας|σουλτάνος της Οθωμανικής αυτοκρατορίας]] και [[Χαλιφάτο|χαλίφης του Ισλάμ]].\n*[[1793]] - Αφού κρίθηκε ένοχος για προδοσία, ο [[Λουδοβίκος ΙΣΤ΄ της Γαλλίας]] εκτελείται στη [[γκιλοτίνα]].\n*[[1861]] - [[Αμερικανικός Εμφύλιος Πόλεμος]]: ο [[Τζέφερσον Ντέηβις]] παραιτείται από τη [[Γερουσία (ΗΠΑ)|Γερουσία των Ηνωμένων Πολιτειών]].\n*[[1919]] - Συνεδριάζει στο [[Δουβλίνο]] για πρώτη φορά η [[Κάτω Βουλή της Ιρλανδίας]]. Το [[Σιν Φέιν]] εγκρίνει το πρώτο σύνταγμα της [[Ιρλανδία]]ς. \n*[[1925]] - Η [[Αλβανία]] ανακηρύσσεται δημοκρατία. \n*[[1960]] - [[Πρόγραμμα Μέρκιουρι]]: το διαστημικό σκάφος Λιτλ Τζο 1Β εκτοξεύεται από το νησί Γουόλοπς της [[Βιρτζίνια]], έχοντας ως επιβάτη την πιθηκίνα Μις Σαμ.\n*[[1968]] - [[Ηνωμένες Πολιτείες Αμερικής|Αμερικανικό]] βομβαρδιστικό [[Boeing B-52 Stratofortress|B-52]] συντρίβεται κοντά στη Θούλη, στη [[Γροιλανδία]], μολύνοντας την περιοχή με το πυρηνικό του φορτίο. Μία από τις τέσσερις βόμβες παραμένει αγνοούμενη αφού ολοκληρώθηκε η διαδικασία καθαρισμού.     \n* [[1976]] - Λαμβάνει χώρα η πρώτη εμπορική πτήση με επιβάτες του υπερηχητικού αεροπλάνου [[Concorde]].\n* [[1996]] - Στην Ελλάδα σχηματίζεται κυβέρνηση με πρωθυπουργό τον [[Κωνσταντίνος Σημίτης|Κωνσταντίνο Σημίτη]].\n* [[2018]] - Διοργανώνεται συλλαλητήριο στη Θεσσαλονίκη για τη μη χρήση του όρου «Μακεδονία» από την [[Βόρεια Μακεδονία|πρώην Γιουγκοσλαβική Δημοκρατία της Μακεδονίας]]. Συμμετείχαν 90.000 άτομα σύμφωνα με την αστυνομία<ref>{{Cite news|url=http://news247.gr/eidiseis/koinonia/el-as-90-000-oi-symmetexontes-sto-syllalhthrio-gia-th-makedonia.5039991.html|title=90000 οι συμμετέχοντες στο συλλαλητήριο για τη Μακεδονία|date=21-01-2018|work=news247.gr|accessdate=2018-01-22|archive-date=2018-01-23|archive-url=https://web.archive.org/web/20180123035630/http://news247.gr/eidiseis/koinonia/el-as-90-000-oi-symmetexontes-sto-syllalhthrio-gia-th-makedonia.5039991.html|dead-url=}}</ref> ή γύρω στις 400.000 κατά τους διοργανωτές.<ref>{{Cite news|url=http://www.protothema.gr/greece/article/752877/sullalitirio-gia-ti-makedonia-mega-plithos-kai-pathos-sti-thessaloniki-seira-tis-athinas/|title=Συλλαλητήριο για τη Μακεδονία: Μέγα πλήθος και πάθος στη Θεσσαλονίκη - Σειρά της Αθήνας|last=Λυγερού|first=Νεφέλη|date=2018-01-22|work=protothema.gr|archive-url=|archive-date=|accessdate=2018-01-23|via=}}</ref>\n** \n== Γεννήσεις ==\n*[[1264]] - [[Αλέξανδρος, πρίγκιπας της Σκωτίας]]\n*[[1338]] - [[Κάρολος Ε΄ της Γαλλίας|Κάρολος Ε΄]], βασιλιάς της Γαλλίας\n*[[1763]] - [[Αυγουστίνος Ροβεσπιέρος]], Γάλλος επαναστάτης\n*[[1829]] - [[Όσκαρ Β΄ της Σουηδίας|Όσκαρ Β΄]], βασιλιάς της Σουηδίας\n*[[1841]] - [[Εδουάρδος Συρέ]], Γάλλος φιλόσοφος και ποιητής\n*[[1867]] - [[Μαξίμ Βεϋγκάν]], Γάλλος στρατηγός\n*[[1869]] - [[Γκριγκόρι Ρασπούτιν]], Ρώσος μυστικιστής\n*[[1886]] - [[Ρήγας Γκόλφης]], Έλληνας ποιητής\n*[[1895]] - [[Κριστόμπαλ Μπαλενθιάγα]], Ισπανός σχεδιαστής μόδας\n*[[1901]] - [[Ρικάρδο Θαμόρα]], Ισπανός ποδοσφαιριστής\n*[[1905]] - [[Κριστιάν Ντιόρ]], Γάλλος σχεδιαστής μόδας\n*[[1908]] - [[Μπενγκτ Στρέμγκρεν]], Δανός αστρονόμος και αστροφυσικός\n*[[1912]] - [[Κόνραντ Μπλοχ]], Γερμανός βιοχημικός\n*[[1921]] - [[Αλέξης Δαμιανός]], Έλληνας σκηνοθέτης\n*[[1922]] - [[Τέλι Σαβάλας]], Αμερικανός ηθοποιός\n*[[1922]] - [[Πολ Σκόφιλντ]], Άγγλος ηθοποιός\n*[[1924]] - [[Μπένι Χιλ]], Άγγλος ηθοποιός\n*[[1925]] - [[Ζοζέπ Πιντάτ-Σολάνς]], κυβερνήτης της Ανδόρρας\n*[[1934]] - [[Χαράλαμπος Πεττεμερίδης]], Κύπριος αγωνιστής\n*[[1935]] - [[Λευτέρης Βερυβάκης]], Έλληνας πολιτικός\n*[[1941]] - [[Πλάθιντο Ντομίνγκο]], Ισπανός τενόρος\n*[[1941]] - [[Ίβαν Πούτσκι]], Πολωνός παλαιστής\n*[[1942]] - [[Εζέν Καμαρά]], πρωθυπουργός της Γουινέας\n*[[1943]] - [[Δημήτρης Πουλικάκος]], Έλληνας ηθοποιός και τραγουδοποιός\n*[[1944]] - [[Τζακ Άμποττ]], Αμερικανός εγκληματίας και συγγραφέας\n*[[1953]] - [[Πολ Άλεν]], Αμερικανός επιχειρηματίας, συνιδρυτής της [[Microsoft]]\n*[[1956]] - [[Τζίνα Ντέιβις]], Αμερικανίδα ηθοποιός\n*[[1963]] - [[Χακίμ Ολάζουον]], Νιγηριανός καλαθοσφαιριστής\n*[[1977]] - [[Φιλ Νέβιλ]], Άγγλος ποδοσφαιριστής\n*[[1983]] - [[Άλεξ Άκερ]], Αμερικανός καλαθοσφαιριστής\n*[[1983]] - [[Σβετλάνα Χότσενκοβα]], Ρωσίδα ηθοποιός\n*[[1988]] - [[Άστον Ήτον]], Αμερικανός δεκαθλητής\n*[[1988]] - [[Βανέσα Χέσλερ]], Ιταλίδα ηθοποιός και μοντέλο\n*[[1989]] - [[Χενρίκ Μιχιταριάν]], Αρμένιος ποδοσφαιριστής\n*[[1993]] - [[Μενέλαος Κοκκινάκης]], Έλληνας πετοσφαιριστής\n*[[2004]] - [[Ίνγκριντ Αλεξάνδρα της Νορβηγίας|Ίνγκριντ Αλεξάνδρα]], πριγκίπισσα της Νορβηγίας\n\n== Θάνατοι ==\n*[[420]] - [[Ισδιγέρδης Α΄ της Περσίας|Ισδιγέρδης Α΄]], βασιλιάς της Περσίας\n*[[1059]] - [[Μιχαήλ Α΄ Κηρουλάριος]], Πατριάρχης Κωνσταντινουπόλεως\n*[[1118]] - [[Πάπας Πασχάλης Β΄]]\n*[[1329]] - [[Ερρίκος Β΄ του Μεκλεμβούργου|Ερρίκος Β']], λόρδος του Μεκλεμβούργου\n*[[1774]] - [[Μουσταφά Γ΄]], Οθωμανός σουλτάνος\n*[[1775]] - [[Εμελιάν Πουγκατσιόφ]], Κοζάκος επαναστάτης\n*[[1793]] - [[Λουδοβίκος ΙΣΤ΄ της Γαλλίας|Λουδοβίκος ΙΣΤ΄]], βασιλιάς της Γαλλίας\n*[[1814]] - [[Μπερναρντέν ντε Σαιν-Πιέρ]], Γάλλος συγγραφέας και βοτανολόγος\n*[[1911]] - [[Τσαρλς Φράνσις Ρίτσελ]], Αμερικανός εφευρέτης\n*[[1924]] - [[Βλαντιμίρ Λένιν]], Ρώσος επαναστάτης\n*[[1926]] - [[Καμίλλο Γκόλτζι]], Ιταλός ιατρός\n*[[1928]] - [[Τζορτζ Ουάσινγκτον Γκέταλς]], Αμερικανός στρατιωτικός μηχανικός\n*[[1938]] - [[Ζωρζ Μελιές]], Γάλλος σκηνοθέτης\n*[[1940]] - [[Πρίγκιπας Χριστόφορος της Ελλάδας]]\n*[[1943]] - [[Κωνσταντίνος Δαβάκης]], Έλληνας στρατιωτικός \n*[[1950]] - [[Τζορτζ Όργουελ]], Βρετανός συγγραφέας\n*[[1958]] - [[Θείελπις Λευκίας]], Έλληνας δημοσιογράφος και πολιτικός\n*[[1959]] - [[Σέσιλ Ντε Μιλ]], Αμερικανός σκηνοθέτης\n*[[1961]] - [[Μπλεζ Σαντράρ]], Ελβετός συγγραφέας\n*[[1974]] - [[Δημήτρης Γιαννουκάκης]], Έλληνας συγγραφέας και δημοσιογράφος\n*[[1974]] - [[Ιωάννης Μπουρνιάς]], Έλληνας πολιτικός \n*[[1984]] - [[Γοδεφρείδος, αρχιδούκας της Αυστρίας]]\n*[[1984]] - [[Γιάννης Σκαρίμπας]], Έλληνας συγγραφέας\n*[[1985]] - [[Έντι Γκράχαμ]], Αμερικανός παλαιστής\n*[[1993]] - [[Δημήτρης Νικολαΐδης]], Έλληνας ηθοποιός\n*[[1998]] - [[Τζακ Λορντ]], Αμερικανός ηθοποιός\n*[[2006]] - [[Ιμπραήμ Ρουγκόβα]], Κοσοβάρος πολιτικός\n*[[2011]] - [[Θεώνη Βαχλιώτη-Όλντριτζ]], Ελληνίδα ενδυματολόγος\n*[[2013]] - [[Μιχάλης Αδάμης]], Έλληνας συνθέτης\n*[[2015]] - [[Γιάννης Κοντός]], Έλληνας συγγραφέας\n*[[2023]] - [[Ερρίκος Ανδρέου]] Έλληνας σκηνοθέτης\n*[[2023]] - [[Αιμίλιος Ζαχαρέας]], Έλληνας οικονομολόγος\n\n== Αργίες και εορτές ==\n=== Κόσμος ===\n* {{DOM}} - Ημέρα της «Κυρίας της Altagracia»\n* {{NZL}} - Γενέθλια του [[Ουέλλινγκτον]]\n* {{POL}} - Ημέρα της γιαγιάς\n\n=== [[Ορθόδοξη Εκκλησία]] ===\n{{Πύλη:Ορθοδοξία/Εορτολόγιο/21 Ιανουαρίου}}\n\n== Παραπομπές ==\n<references />\n{{Μήνες}}\n[[Κατηγορία:Ημέρες του έτους]]"}}}]}]}}