{"batchcomplete":true,"query":{"normalized":[{"fromencoded":false,"from":"21_Νοεμβρίου","to":"21 Νοεμβρίου"}],"pages":[{"pageid":3578,"ns":0,"title":"21 Νοεμβρίου","revisions":[{"slots":{"main":{"contentmodel":"wikitext","contentformat":"text/x-wiki","content":"{{Μήνες Νοεμβρίου}}\n\n<center>[[20 Νοεμβρίου]] | '''21 Νοεμβρίου''' | [[22 Νοεμβρίου]]</center>\n\n----\nΗ '''21η Νοεμβρίου''' είναι η 325η ημέρα του έτους κατά το [[Γρηγοριανό ημερολόγιο]] (326η σε δίσεκτα έτη). Υπολείπονται 40 ημέρες.\n\n{{ΗμερολόγιοΣεΠίνακα|11}}\n\n== Γεγονότα ==\n*[[164 π.Χ.]] - Ο [[Ιούδας ο Μακκαβαίος]], γιος του [[Ματταθίας|Ματταθία]] της [[Ασμοναϊκή δυναστεία|Ασμοναϊκής δυναστείας]], αναστηλώνει το [[Ναός του Σολομώντα|Ναό της Ιερουσαλήμ]]. Το γεγονός εορτάζεται ετησίως από τους [[Ιουδαϊσμός|Ιουδαίους]] στη γιορτή της [[Χανουκά]].\n*[[235]] - Ο [[Πάπας Ανθηρός]] διαδέχεται τον [[Πάπας Ποντιανός|Πάπα Ποντιανό]] ως ο 19ος [[Πάπας]].\n*[[1676]] - Ο [[Δανία|Δανός]] [[αστρονόμος]] [[Όλε Ρέμερ]] παρουσιάζει τις πρώτες ποσοτικές [[Μέτρηση|μετρήσεις]] της [[Ταχύτητα του φωτός|ταχύτητας του φωτός]].  \n*[[1783]] - Ο [[Ζαν-Φρανσουά Πιλάτρ ντε Ροζιέ]] και ο [[Φρανσουά Λωράν ντ'Αρλάντ]], πραγματοποιούν την πρώτη ελεύθερη πτήση με [[αερόστατο θερμού αέρα]] στο [[Παρίσι]].\n*[[1789]] - Η [[Βόρεια Καρολίνα]] επικυρώνει το Σύνταγμα των [[Ηνωμένες Πολιτείες Αμερικής|Ηνωμένων Πολιτειών]] και γίνεται η 12η [[Πολιτείες των ΗΠΑ|πολιτεία των Η.Π.Α.]]\n*[[1877]] - Ο [[Τόμας Έντισον]] ανακοινώνει την εφεύρεση του [[Φωνογράφος|φωνογράφου]], μίας μηχανής καταγραφής και αναπαραγωγής ήχου.\n*[[1894]] - [[Α΄ Σινοϊαπωνικός Πόλεμος]]: Οι [[Ιαπωνία|Ιάπωνες]] καταλαμβάνουν το [[Πορτ Άρθουρ]] στην [[Κίνα]], επιτυγχάνοντας μία αποφασιστική νίκη μετά την οποία τα ιαπωνικά στρατεύματα κατηγορήθηκαν ότι έσφαξαν τους εναπομείναντες κατοίκους της πόλης.\n*[[1916]] - Νάρκες από [[Γερμανία|γερμανικό]] υποβρύχιο βυθίζουν τον ''[[Βρεταννικός|Βρεταννικό]]'', το μεγαλύτερο πλοίο που χάθηκε στον [[Α΄ Παγκόσμιος Πόλεμος|Α΄ Παγκόσμιο Πόλεμο]].\n*[[1918]] - Η [[σημαία της Εσθονίας]], η οποία χρησιμοποιήθηκε προηγουμένως από αγωνιστές υπέρ της ανεξαρτησίας, υιοθετείται επίσημα ως εθνική σημαία της [[Εσθονία|Δημοκρατίας της Εσθονίας]].  \n*[[1920]] - [[Ιρλανδικός πόλεμος της ανεξαρτησίας]]: 31 άτομα σκοτώνονται στο [[Δουβλίνο]], στο γεγονός που έγινε γνωστό ως \"Ματωμένη Κυριακή\".\n*[[1923]] - Ιδρύεται το αθλητικό σωματείο [[Εθνικός Όμιλος Φιλάθλων Πειραιώς-Φαλήρου|Εθνικός Όμιλος Φιλάθλων Πειραιώς Φαλήρου]].\n*[[1927]] - [[Απεργία|Απεργοί]] ανθρακωρύχοι στο [[Κολοράντο]] φέρονται να δέχονται επίθεση με [[Πολυβόλο|πολυβόλα]] από αστυνομικούς ντυμένους με πολιτικά ρούχα.\n*[[1950]] - Δύο τρένα συγκρούονται στη [[Βρετανική Κολομβία]] του [[Καναδάς|Καναδά]] με απολογισμό 21 νεκρούς, μεταξύ των οποίων 17 Καναδοί στρατιώτες που προορίζονταν για την [[Κορέα]].  \n*[[1964]] - Παραδίδεται στην κυκλοφορία η [[γέφυρα Βερρατσάνο Νάροους]] (εκείνη την εποχή ήταν η μεγαλύτερη κρεμαστή γέφυρα του κόσμου).\n*[[1964]] - [[Δεύτερη Σύνοδος του Βατικανού]]: Ολοκληρώνεται η τρίτη συνεδρίαση της [[Οικουμενικές Σύνοδοι|Οικουμενικής Συνόδου]] της [[Καθολική Εκκλησία|Καθολικής Εκκλησίας]].\n*[[1967]] - Τερματίζεται η δίκη των 31 του [[Πανελλήνιο Αντιδικτατορικό Μέτωπο|Πατριωτικού Μετώπου]] στο έκτακτο στρατοδικείο της [[Αθήνα]]ς. Σε ισόβια δεσμά καταδικάζονται οι [[Κώστας Φιλίνης]] και Ιωάννης Λελούδας, 19 καταδικάζονται σε ποινές από ένα έως 15 χρόνια, από τους οποίους οι 13 με αναστολή, και 10 αθωώνονται. Ο [[Μίκης Θεοδωράκης]], αρχηγός του μετώπου, λόγω ασθενείας παραπέμπεται σε χωριστή δίκη.\n*[[1972]] - Οι ψηφοφόροι της [[Νότια Κορέα|Νότιας Κορέας]] εγκρίνουν με συντριπτική πλειοψηφία ένα νέο σύνταγμα, που νομιμοποιεί τον [[Παρκ Τζονγκ-χούι]] και την Τέταρτη Δημοκρατία.\n*[[1977]] - Ανακοινώνεται ότι οι [[Εθνικός ύμνος|εθνικοί ύμνοι]] της [[Νέα Ζηλανδία|Νέας Ζηλανδίας]] θα είναι ο παραδοσιακός ύμνος \"[[God Save the Queen]]\" και το \"[[Θεέ υπερασπίσου τη Νέα Ζηλανδία]]\", των Τόμας Μπράκεν (στίχοι) και Τζον Τζόζεφ Γουντς (μουσική), αμφότεροι με ισότιμο καθεστώς και με χρήση ανάλογα με την περίσταση.\n*[[1979]] - Η [[Ηνωμένες Πολιτείες Αμερικής|αμερικανική]] πρεσβεία στο [[Ισλαμαμπάντ]] του [[Πακιστάν]] δέχεται επίθεση από όχλο και πυρπολείται, με αποτέλεσμα να χάσουν τη ζωή τους 6 άτομα.\n*[[1980]] - Ξεσπά πυρκαγιά σε ξενοδοχείο στη [[Νεβάδα]]. Συνολικά 85 άτομα σκοτώθηκαν και 627 τραυματίστηκαν στη χειρότερη καταστροφή στην ιστορία της Νεβάδας.\n*[[1992]] - Μεγάλος [[σιφώνας]] χτυπά την περιοχή του [[Χιούστον]] στο [[Τέξας]].\n* [[2013]] - Ξεκινούν στην Ουκρανία ταραχές ([[Euromaidan]]) με κύριο αίτημα την έναρξη διαπραγματεύσεων ένταξης της χώρας στην Ευρωπαϊκή Ένωση καλώντας σε παραίτηση τον Πρόεδρο Γιανουκόβιτς και την κυβέρνησή του.\n\n== Γεννήσεις ==\n*[[1694]] - [[Βολταίρος]], Γάλλος φιλόσοφος\n*[[1840]] - [[Βικτωρία Αυγούστα]], αυτοκράτειρα της Γερμανίας\n*[[1843]] - [[Γκαστόν Τισαντιέ]], Γάλλος χημικός και εκδότης\n*[[1854]] - [[Πάπας Βενέδικτος ΙΕ΄]]\n*[[1898]] - [[Ρενέ Μαγκρίτ]], Βέλγος ζωγράφος\n*[[1902]] - [[Ισαάκ Μπάσεβις Σίνγκερ]], Πολωνός συγγραφέας\n*[[1904]] - [[Κόλμαν Χόκινς]], Αμερικανός σαξοφωνίστας\n*[[1925]] - [[Βέλικο Καντίεβιτς]], Γιουγκοσλάβος στρατηγός\n*[[1927]] - [[Άννα Συνοδινού]], Ελληνίδα ηθοποιός και πολιτικός\n*[[1930]] - [[Γιώργος Μαρμαρίδης]], Έλληνας σκοπευτής και συγγραφέας\n*[[1935]] - [[Φαϊρούζ]], Λιβανέζα τραγουδίστρια\n*[[1948]] - [[Μισέλ Σουλεϊμάν]], Λιβανέζος πολιτικός\n*[[1953]] - [[Γιάννης Παθιακάκης]], Έλληνας ποδοσφαιριστής και προπονητής\n*[[1965]] - [[Μπιορκ]], Ισλανδή τραγουδίστρια\n*[[1965]] - [[Αλεξάντερ Σίντιγκ]], Σουδανός ηθοποιός\n*[[1966]] - [[Θανάσης Κολιτσιδάκης]], Έλληνας ποδοσφαιριστής\n*[[1977]] - [[Μάικλ Μπατίστ]], Αμερικανός καλαθοσφαιριστής\n*[[1994]] - [[Σαούλ Νίγκεθ]], Ισπανός ποδοσφαιριστής\n*[[1998]] - [[Βαγγέλης Παυλίδης]], Έλληνας ποδοσφαιριστής\n\n== Θάνατοι ==\n*[[496]] - [[Πάπας Γελάσιος Α΄]]\n*[[1361]] - [[Φίλιππος Α΄ της Βουργουνδίας|Φίλιππος Α΄]], δούκας της Βουργουνδίας\n*[[1555]] - [[Γκεόργκιους Αγκρικόλα]], Γερμανός λόγιος και επιστήμονας\n*[[1652]] - [[Γιαν Μπρόζεκ]], Πολωνός μαθηματικός, ιατρός και αστρονόμος\n*[[1670]] - [[Γουλιέλμος Ζ΄ της Έσσης-Κάσσελ|Γουλιέλμος Ζ']], λάντγκραβος της Έσσης-Κάσσελ\n*[[1695]] - [[Χένρι Πέρσελ]], Άγγλος συνθέτης\n*[[1811]] - [[Χάινριχ φον Κλάιστ]], Γερμανός συγγραφέας\n*[[1881]] - [[Αμί Μπουέ]], Γερμανός γεωλόγος\n*[[1916]] - [[Φραγκίσκος Ιωσήφ Α΄ της Αυστρίας|Φραγκίσκος Ιωσήφ Α΄]], αυτοκράτορας της Αυστρίας\n*[[1922]] - [[Ρικάρδο Φλόρες Μαγόν]], Μεξικανός δημοσιογράφος και ακτιβιστής\n*[[1942]] - [[Τζέιμς Χέρτζογκ]], Νοτιοαφρικανός στρατηγός και πολιτικός\n*[[1968]] - [[Αλέκος Ζήνων]], Κύπριος πολιτικός\n*[[1970]] - [[Τσαντρασεκάρα Ράμαν]], Ινδός φυσικός\n*[[1982]] - [[Μιχαήλ Σιδεράτος]], Έλληνας πολιτικός\n*[[1991]] - [[Ντάνιελ Μαν]], Αμερικανός σκηνοθέτης\n*[[1991]] - [[Άγιος Ιάκωβος Τσαλίκης]]\n*[[2000]] - [[Εμίλ Ζάτοπεκ]], Τσέχος δρομέας\n*[[2006]] - [[Χασάν Γκουλέντ Απτιντόν]], πρόεδρος του Τζιμπουτί\n*[[2006]] - [[Ιάκωβος Ψαρράς]], Έλληνας ηθοποιός\n*[[2013]] - [[Ντιμίτρι Μιχαλάς]], Αμερικανός αστρονόμος και συγγραφέας\n*[[2013]] - [[Μαντ Ντογκ Βασόν]], Καναδός παλαιστής\n*[[2016]] - [[Βούλα Μάστορη]], Ελληνίδα συγγραφέας\n\n== Αργίες και εορτές ==\n* Παγκόσμια Ημέρα Τηλεόρασης\n* Παγκόσμια Ημέρα Χρόνιας Αποφρακτικής Πνευμονοπάθειας\n* Παγκόσμια Ημέρα Χαιρετισμού\n* Ημέρα γιορτής για τις [[Ελληνικές Ένοπλες Δυνάμεις]]\n*[[Εισόδια της Θεοτόκου]]\n\n[[Κατηγορία:Ημέρες του έτους]]"}}}]}]}}