{"batchcomplete":true,"query":{"normalized":[{"fromencoded":false,"from":"21_Σεπτεμβρίου","to":"21 Σεπτεμβρίου"}],"pages":[{"pageid":3197,"ns":0,"title":"21 Σεπτεμβρίου","revisions":[{"slots":{"main":{"contentmodel":"wikitext","contentformat":"text/x-wiki","content":"{{Μήνες Σεπτεμβρίου}}\n\n<center>[[20 Σεπτεμβρίου]] | '''21 Σεπτεμβρίου''' | [[22 Σεπτεμβρίου]]</center>\n\n----\n{{ΗμερολόγιοΣεΠίνακα|9}}\nΗ '''21η Σεπτεμβρίου''' είναι η 264η ημέρα του έτους κατά το [[Γρηγοριανό ημερολόγιο]] (265η σε δίσεκτα έτη). Υπολείπονται 101 ημέρες.\n\n== Γεγονότα ==\n*[[455]] - Ο αυτοκράτορας [[Άβιτος]] μπαίνει στη [[Αρχαία Ρώμη|Ρώμη]] με [[Γαλατία|γαλατικό]] στρατό και εδραιώνει την εξουσία του.\n*[[1745]] - Μάχη του Πρέστονπανς: Ο στρατός του [[Οίκος του Αννόβερου|Οίκου του Αννόβερου]] υπό τη διοίκηση του σερ Τζον Κόουπ ηττάται μέσα σε 10 λεπτά από τις δυνάμεις των [[Ιακωβιτισμός|Ιακωβιτών]] του πρίγκιπα Καρόλου Εδουάρδου Στιούαρτ.\n*[[1776]] - Μέρος της [[Νέα Υόρκη|Νέας Υόρκης]] καίγεται λίγο μετά την κατάληψή της από [[Μεγάλη Βρετανία|βρετανικές]] δυνάμεις.\n*[[1792]] - [[Γαλλική Επανάσταση]]: Η [[Συμβατική Εθνοσυνέλευση]] κηρύσσει τη [[Γαλλία]] [[δημοκρατία]] και καταργεί τη [[μοναρχία]].\n*[[1921]] - Ένα [[σιλό]] αποθήκευσης στο [[Λουντβιχσχάφεν]] της [[Γερμανία]]ς εκρήγνυται, σκοτώνοντας 561 άτομα.\n*[[1934]] - Ένας μεγάλος τυφώνας χτυπά το δυτικό [[Χονσού]] στην [[Ιαπωνία]], σκοτώνοντας 3.036 ανθρώπους.\n*[[1937]] - Εκδίδεται το ''[[Το Χόμπιτ|Χόμπιτ]]'' του [[Τζ. Ρ. Ρ. Τόλκιν]].\n*[[1964]] - Η [[Μάλτα]] αποκτά την ανεξαρτησία της από το [[Ηνωμένο Βασίλειο]].\n*[[1965]] - Η [[Γκάμπια]], οι [[Μαλδίβες]] και η [[Σιγκαπούρη]] γίνονται μέλη του [[Οργανισμός Ηνωμένων Εθνών|Οργανισμού Ηνωμένων Εθνών]].\n*[[1971]] - Το [[Μπαχρέιν]], το [[Μπουτάν]] και το [[Κατάρ]] γίνονται μέλη του [[Οργανισμός Ηνωμένων Εθνών|Οργανισμού Ηνωμένων Εθνών]].\n*[[1972]] - Ο [[Φιλιππίνες|Φιλιππινέζος]] πρόεδρος [[Φερδινάντο Μάρκος]] θέτει ολόκληρη τη χώρα υπό στρατιωτικό νόμο, σηματοδοτώντας την αρχή της αυταρχικής εξουσίας του.\n*[[1976]] - Οι [[Σεϋχέλλες]] εντάσσονται στον [[Οργανισμός Ηνωμένων Εθνών|Οργανισμό Ηνωμένων Εθνών]].\n*[[1981]] - Η [[Μπελίζ]] αποκτά πλήρη ανεξαρτησία από το [[Ηνωμένο Βασίλειο]].           \n*[[1984]] - Το [[Μπρουνέι]] γίνεται μέλος του [[Οργανισμός Ηνωμένων Εθνών|Οργανισμού Ηνωμένων Εθνών]].\n* [[1990]] - Ο Οικουμενικός Πατριάρχης Δημήτριος επισκέπτεται το [[Άγιο Όρος]].\n* [[1991]] - Η [[Αρμενία]] κερδίζει με δημοψήφισμα την ανεξαρτησία της. \n* [[1992]] - Στο [[δημοψήφισμα]] που γίνεται στη [[Γαλλία]], το 51,05% των ψηφοφόρων τάσσεται υπέρ της συνθήκης του [[Μάαστριχτ]].\n* [[1992]] - Το [[Βατικανό]] ανακοινώνει τη σύναψη διπλωματικών σχέσεων με το [[Μεξικό]], τερματίζοντας μια εχθρότητα που κράτησε 130 έτη και που στιγματίστηκε από αιματηρές διώξεις κληρικών.\n* [[1993]] - Στο [[Αζερμπαϊτζάν]], η Βουλή αποφασίζει την προσχώρηση της χώρας στην Κοινοπολιτεία των Ανεξαρτήτων Κρατών (ΚΑΚ).\n* [[1996]] - Ενθρονίζεται ο νέος [[Ελληνική Ορθόδοξη Αρχιεπισκοπή Αμερικής|Αρχιεπίσκοπος Αμερικής]], Σπυρίδων \n* [[1999]] - Σεισμός 7,6 Ρίχτερ συγκλονίζει την Ταϊβάν (ξεπερνούν τους 2.300 οι νεκροί).\n* [[2001]] - Το καθεστώς των [[Ταλιμπάν]] στο Αφγανιστάν αρνείται να εκδώσει τον μπιν Λάντεν στις ΗΠΑ και καλεί όλες τις μουσουλμανικές χώρες να πολεμήσουν κατά των ΗΠΑ και των συμμάχων τους.\n* [[2001]] - Πρόεδρος της [[Εσθονία]]ς εκλέγεται από το Κοινοβούλιο (ειδική συνέλευση της κυβέρνησης) ο [[Άρνολντ Ρίιτελ]], στη δεύτερη ψηφοφορία με 186 ψήφους έναντι 155 για τον Τούμας Σάβι.\n* [[2006]] - Ο σκελετός του αρχαιότερου γνωστού νηπίου στον κόσμο, ηλικίας 3,3 εκατ. ετών, ανακαλύφθηκε στην Αιθιοπία και προσφέρει νέα στοιχεία για το πώς οι πρόγονοι του ανθρώπου κατέβηκαν από τα δέντρα και άρχισαν να περπατούν όρθιοι.\n* [[2009]] - Η FIA δημοσιοποιεί το πόρισμά της για το [[Σκάνδαλο Κρασγκέιτ]].\n* [[2011]] - Το alternative rock συγκρότημα [[R.E.M.]] διαλύεται.\n\n== Γεννήσεις ==\n*[[1411]] - [[Ριχάρδος της Υόρκης|Ριχάρδος]], 3ος δούκας της Υόρκης\n*[[1415]] - [[Φρειδερίκος Γ΄ της Αγίας Ρωμαϊκής Αυτοκρατορίας|Φρειδερίκος Γ΄]], αυτοκράτορας της Αγίας Ρωμαϊκής Αυτοκρατορίας\n*[[1433]] - [[Γκιγιόμ Φισέ]], Γάλλος λόγιος\n*[[1452]] - [[Τζιρόλαμο Σαβοναρόλα]], Ιταλός ιερέας και φιλόσοφος\n*[[1601]] - [[Παπασυναδινός]], Έλληνας ιερέας και συγγραφέας\n*[[1640]] - [[Φίλιππος Α΄ της Ορλεάνης|Φίλιππος Α΄]], δούκας της Ορλεάνης\n*[[1708]] - [[Αντίοχος Δ. Καντιμήρης]], Μολδαβός λόγιος και διπλωμάτης\n*[[1819]] - [[Λουίζα του Αρτουά]], δούκισσα της Πάρμας\n*[[1840]] - [[Μουράτ Ε΄]], Οθωμανός σουλτάνος\n*[[1850]] - [[Πατριάρχης Γρηγόριος Ζ΄|Γρηγόριος Ζ']], Πατριάρχης Κωνσταντινουπόλεως\n*[[1853]] - [[Χάικε Κάμερλιν]], Ολλανδός φυσικός\n*[[1866]] - [[Χ. Τζ. Γουέλς]], Άγγλος συγγραφέας\n*[[1871]] - [[Μελέτιος Μεταξάκης]], Πατριάρχης Κωνσταντινουπόλεως\n*[[1874]] - [[Γκούσταβ Χολστ]], Άγγλος συνθέτης\n*[[1909]] - [[Κβάμε Νκρούμαχ]], Γκανέζος πολιτικός\n*[[1924]] - [[Χέρμαν Μπουλ]], Αυστριακός ορειβάτης\n*[[1931]] - [[Πόλιας Ματάνε]], γενικός κυβερνήτης της Παπούα Νέας Γουινέας\n*[[1934]] - [[Λέοναρντ Κόεν]], Καναδός τραγουδοποιός και συγγραφέας\n*[[1936]] - [[Γιούρι Λουζκόφ]], Ρώσος πολιτικός\n*[[1936]] - [[Νίκος Πουλαντζάς]], Έλληνας πολιτικός κοινωνιολόγος\n*[[1941]] - [[Λυκούργος Αγγελόπουλος]], Έλληνας ψάλτης\n*[[1941]] - [[Τζακ Μπρίσκο]], Αμερικανός παλαιστής\n*[[1942]] - [[Φίλιππος Νικολάου]], Έλληνας τραγουδιστής \n*[[1947]] - [[Ζακ-Εντουάρ Αλεξίς]], Αϊτινός πολιτικός\n*[[1947]] - [[Στίβεν Κινγκ]], Αμερικανός συγγραφέας\n*[[1947]] - [[Βασίλης Ράπανος]], Έλληνας οικονομολόγος\n*[[1953]] - [[Σταύρος Λογαρίδης]], Έλληνας τραγουδοποιός\n*[[1954]] - [[Σίνζο Άμπε]], Ιάπωνας πολιτικός\n*[[1954]] - [[Φιλ Τέιλορ]], Άγγλος ντράμερ ([[Motörhead]])\n*[[1957]] - [[Κέβιν Ραντ]], Αυστραλός πολιτικός\n*[[1965]] - [[Ντέιβιντ Γουένχαμ]], Αυστραλός ηθοποιός\n*[[1966]] - [[Νετσερβάν Μπαρζανί]], Κούρδος πολιτικός\n*[[1979]] - [[Τζούλιαν Γκρέι]], Άγγλος ποδοσφαιριστής\n*[[1982]] - [[Μαράτ Ιζμάιλοφ]], Ρώσος ποδοσφαιριστής\n*[[1982]] - [[Χρήστος Ταπούτος]], Έλληνας καλαθοσφαιριστής\n*[[1992]] - [[Μαρίγια Μούζιτσουκ]], Ουκρανή σκακίστρια\n\n== Θάνατοι ==\n*[[19 π.Χ.]] - [[Βιργίλιος]], Ρωμαίος ποιητής\n*[[454]] - [[Φλάβιος Αέτιος]], Ρωμαίος στρατιωτικός\n*[[687]] - [[Πάπας Κόνων]]\n*[[1235]] - [[Ανδρέας Β΄ της Ουγγαρίας|Ανδρέας Β΄]], βασιλιάς της Ουγγαρίας\n*[[1327]] - [[Εδουάρδος Β΄ της Αγγλίας|Εδουάρδος Β΄]], βασιλιάς της Αγγλίας\n*[[1558]] - [[Κάρολος Κουίντος]], αυτοκράτορας της Αγίας Ρωμαϊκής Αυτοκρατορίας\n*[[1637]] - [[Γουλιέλμος Ε΄ της Έσσης-Κάσσελ|Γουλιέλμος Ε΄]], λάντγκραβος της Έσσης-Κάσσελ\n*[[1812]] - [[Φραντσέσκο Ζαμπεκάρι]], Ιταλός αεροστατιστής\n*[[1812]] - [[Εμάνουελ Σικανέντερ]], Γερμανός ηθοποιός και τραγουδιστής\n*[[1832]] - [[Γουόλτερ Σκοτ]], Σκωτσέζος συγγραφέας\n*[[1860]] - [[Άρθουρ Σοπενχάουερ]], Γερμανός φιλόσοφος\n*[[1908]] - [[Ιωάννης Ρούφος]], Έλληνας πολιτικός\n*[[1911]] - [[Άχμεντ Ουράμπι]], Αιγύπτιος στρατιωτικός\n*[[1921]] - [[Πλάτων Αϊβαζίδης]], Έλληνας κληρικός\n*[[1937]] - [[Ιωάννης Συκουτρής]], Έλληνας φιλόλογος\n*[[1957]] - [[Χάακον Ζ´ της Νορβηγίας|Χάακον Ζ΄]], βασιλιάς της Νορβηγίας\n*[[1966]] - [[Πωλ Ρεϊνώ]], Γάλλος πολιτικός\n*[[1971]] - [[Μπερνάρδο Ουσάυ]], Αργεντινός φυσιολόγος\n*[[1974]] - [[Γουόλτερ Μπρέναν]], Αμερικανός ηθοποιός\n*[[1990]] - [[Τάκης Κανελλόπουλος]], Έλληνας σκηνοθέτης και σεναριογράφος\n*[[1992]] - [[Στυλιανός Χούτας]], Έλληνας πολιτικός\n*[[1998]] - [[Φλόρενς Γκρίφιθ-Τζόινερ]], Αμερικανίδα αθλήτρια\n*[[2006]] - [[Τάσος Αθανασιάδης]], Έλληνας συγγραφέας\n*[[2006]] - [[Μποζ Μπάρελ]], Άγγλος μουσικός ([[Bad Company]] και [[King Crimson]])\n*[[2007]] - [[Χάλγκεϊρ Μπρέντεν]], Νορβηγός χιονοδρόμος\n*[[2018]] - [[Ζακ Κωστόπουλος]], Έλληνας ακτιβιστής\n\n== Αργίες και εορτές ==\n* [[Φθινοπωρινή ισημερία]], για το Βόρειο ημισφαίριο, [[Φθινόπωρο]]\n* Διεθνής Μέρα Ειρήνης αναγνωρισμένη από τα [[Οργανισμός Ηνωμένων Εθνών|Ηνωμένα Έθνη]] ως μέρα παύσης πυρός και μη-βίας.\n* Παγκόσμια Ημέρα κατά της Νόσου του Αλτσχάιμερ.\n\n=== [[Ορθόδοξη Εκκλησία]] ===\n{{Πύλη:Ορθοδοξία/Εορτολόγιο/21 Σεπτεμβρίου}}\n\n{{Μήνες}}\n\n[[Κατηγορία:Ημέρες του έτους]]"}}}]}]}}