{"batchcomplete":true,"query":{"normalized":[{"fromencoded":false,"from":"21_Μαΐου","to":"21 Μαΐου"}],"pages":[{"pageid":1854,"ns":0,"title":"21 Μαΐου","revisions":[{"slots":{"main":{"contentmodel":"wikitext","contentformat":"text/x-wiki","content":"{{Μήνες Μαΐου}}\n\n<center>[[20 Μαΐου]] | '''21 Μαΐου''' | [[22 Μαΐου]]</center>\n\n----\nΗ '''21η Μαΐου''' είναι η 141η ημέρα του έτους κατά το [[Γρηγοριανό ημερολόγιο]] (142η σε δίσεκτα έτη).  Υπολείπονται 224 ημέρες.\n\n{{ΗμερολόγιοΣεΠίνακα|5}}\n\n== Γεγονότα ==\n*[[878]] - Οι [[Συρακούσες]] καταλαμβάνονται από τους μουσουλμάνους [[Αγλαβίδες]] μετά από πολιορκία εννέα μηνών. \n*[[879]] - Ο [[Πάπας Ιωάννης Η΄]] δίνει τις ευλογίες του στον Μπράνιμιρ της [[Κροατία]]ς και στον κροατικό λαό, αναγνωρίζοντας έτσι το κράτος της Κροατίας.\n*[[996]] - Ο 16χρονος [[Όθων Γ΄ της Αγίας Ρωμαϊκής Αυτοκρατορίας|Όθων Γ΄]] γίνεται [[αυτοκράτορας της Αγίας Ρωμαϊκής Αυτοκρατορίας]].\n*[[1349]] - Ο [[Στέφανος Δουσάν]] θεσπίζει τον κώδικα του Δουσάν, το σύνταγμα της [[Σερβική Αυτοκρατορία|Σερβικής Αυτοκρατορίας]].\n*[[1403]] - Ο [[Ερρίκος Γ΄ της Καστίλης]] στέλνει τον [[Ρουί Γκονθάλεθ ντε Κλαβίχο]] ως πρεσβευτή στον [[Ταμερλάνος|Ταμερλάνο]] για να συζητήσουν το ενδεχόμενο συμμαχίας μεταξύ του Ταμερλάνου και της [[Βασίλειο της Καστίλης|Καστίλης]] εναντίον της [[Οθωμανική Αυτοκρατορία|Οθωμανικής Αυτοκρατορίας]].\n*[[1674]] - Η αριστοκρατία εκλέγει τον [[Γιαν Σομπιέσκι]] βασιλιά της [[Πολωνία]]ς και μέγα δούκα της [[Λιθουανία]]ς.\n*[[1809]] - Κατά την πρώτη ημέρα της [[Μάχη του Άσπερν-Έσσλινγκ|μάχης του Άσπερν-Έσσλινγκ]] μεταξύ του [[Αυστρία|αυστριακού]] στρατού με επικεφαλής τον [[Κάρολος Λουδοβίκος της Αυστρίας-Τέσεν|αρχιδούκα Κάρολο της Αυστρίας]] και του [[Γαλλία|γαλλικού]] στρατού με επικεφαλής τον [[Ναπολέων Α΄ της Γαλλίας|Ναπολέοντα Α΄]], ο γαλλικός στρατός επιτίθεται κατά μήκος του [[Δούναβης|Δούναβη]]. \n*[[1851]] - Καταργείται η [[δουλεία]] στην [[Κολομβία]].\n*[[1863]] - Ιδρύεται η [[Εκκλησία Αντβεντιστών της Εβδόμης Ημέρας]].\n*[[1864]] - Τα [[Επτάνησα]] ενώνονται με την [[Ελλάδα]].\n*[[1871]] - Τα [[Γαλλία|γαλλικά]] στρατεύματα εισβάλλουν στην [[Παρισινή Κομμούνα]] και οι κάτοικοι της πόλης εμπλέκονται σε οδομαχίες. Μέχρι το τέλος της «Ματωμένης Εβδομάδας» σκοτώνονται χιλιάδες Κομμουνάροι.\n*[[1879]] - [[Πόλεμος του Ειρηνικού]]: Δύο [[Χιλή|χιλιανά]] πλοία που αποκλείουν το λιμάνι του [[Ικίκε]] (τότε ανήκε στο [[Περού]]) ηττώνται από δύο περουβιανά σκάφη στη ναυμαχία του Ικίκε.    \n* [[1927]] - Ο [[Τσαρλς Λίντμπεργκ]] προσγειώνεται στο Παρίσι, ολοκληρώνοντας την πρώτη πτήση χωρίς σταθμό πάνω από τον [[Ατλαντικός Ωκεανός|Ατλαντικό Ωκεανό]] στην Ιστορία.\n* [[1941]] - [[Β΄ Παγκόσμιος Πόλεμος]] - [[Μάχη της Κρήτης]], Γερμανοί αλεξιπτωτιστές καταλαμβάνουν το αεροδρόμιο του Μάλεμε της Κρήτης.\n* [[1986]] - Γεννιούνται τα πρώτα τρίδυμα με εξωσωματική γονιμοποίηση στην Ελλάδα.\n* [[1998]] - Ο δικτάτορας της [[Ινδονησία]]ς [[Σουχάρτο]] παραιτείται.\n* [[2005]] - Η Ελλάδα κατακτά την πρώτη θέση στον Ευρωπαϊκό διαγωνισμό της [[Eurovision]] με το τραγούδι \"My number One\", με την [[Έλενα Παπαρίζου]].\n* [[2006]] - Το [[Μαυροβούνιο]] αποφασίζει σε [[δημοψήφισμα]] με πλειοψηφία 55,5% την ανακήρυξή του σε ανεξάρτητο κράτος και τη διάλυση του ομόσπονδου κράτους της [[Σερβία και Μαυροβούνιο|Σερβίας και Μαυροβουνίου]]\n* [[2023]] -   Διεξάγονται οι [[Ελληνικές βουλευτικές εκλογές Μαΐου 2023|βουλευτικές εκλογές]] στην Ελλάδα με πρώτο κόμμα τη [[Νέα Δημοκρατία]] χωρίς απόλυτη πλειοψηφία στη [[Βουλή των Ελλήνων|Βουλή των Ελλήνων.]]\n\n== Γεννήσεις ==\n*[[120 π.Χ.]] - [[Αυρηλία Κόττα]], Ρωμαία αριστοκράτισσα\n*[[1471]] - [[Άλμπρεχτ Ντύρερ]], Γερμανός ζωγράφος\n*[[1527]] - [[Φίλιππος Β΄ της Ισπανίας|Φίλιππος Β΄]], βασιλιάς της Ισπανίας\n*[[1688]] - [[Αλεξάντερ Πόουπ]], Άγγλος ποιητής\n*[[1775]] - [[Λυσιέν Βοναπάρτης]], Γάλλος πολιτικός \n*[[1792]] - [[Γκασπάρ-Γκυστάβ ντε Κοριόλις]], Γάλλος επιστήμονας\n*[[1844]] - [[Ανρί Ρουσσώ]], Γάλλος ζωγράφος\n*[[1849]] - [[Εντουάρ-Ανρί Αβρίλ]], Γάλλος ζωγράφος\n*[[1850]] - [[Τζουζέπε Μερκάλι]], Ιταλός ηφαιστειολόγος\n*[[1902]] - [[Μαρσέλ Μπρόιερ]], Ούγγρος αρχιτέκτονας και σχεδιαστής\n*[[1910]] - [[Τζίνα Μπαχάουερ]], Ελληνίδα πιανίστρια\n*[[1910]] - [[Άντζελο Μπρούνο]], Ιταλοαμερικανός [[μαφιόζος]], αφεντικό της Μαφίας της [[Φιλαδέλφεια (Πενσυλβάνια)|Φιλαδέλφεια]]\n*[[1912]] - [[Φρέντερικ Κλαρκ]], κυβερνήτης της Αγίας Λουκίας\n*[[1914]] - [[Ρομέν Γκαρί]], Λιθουανός συγγραφέας\n*[[1921]] - [[Αντρέι Ζαχάρωφ]], Ρώσος φυσικός\n*[[1923]] - [[Ρικ Τζέισον]], Αμερικανός ηθοποιός\n*[[1932]] - [[Λεωνίδας Βασιλικόπουλος]], Έλληνας αντιναύαρχος\n*[[1934]] - [[Παναγιώτης Κοσιώνης]], Έλληνας πολιτικός\n*[[1937]] - [[Μενγκίστου Χαϊλέ Μαριάμ]], Αιθίοπας πολιτικός\n*[[1939]] - [[Γεώργιος Γραμματικάκης]], Έλληνας πολιτικός\n*[[1944]] - [[Χρήστος Βαλαβανίδης]], Έλληνας ηθοποιός\n*[[1944]] - [[Μαίρη Ρόμπινσον]], Ιρλανδή πολιτικός\n*[[1945]] - [[Ρίτσαρντ Χατς]], Αμερικανός ηθοποιός\n*[[1967]] - [[Κρις Μπενουά]], Καναδός παλαιστής\n*[[1970]] - [[Καρλ Βιρτ]], Αυστραλός ποδοσφαιριστής\n*[[1972]] - [[The Notorious B.I.G.]], Αμερικανός ράπερ\n*[[1977]] - [[Αθανάσιος Πλεύρης]], Έλληνας πολιτικός\n*[[1978]] - [[Μπριάνα Μπανκς]], Γερμανίδα πορνογραφική ηθοποιός\n*[[1979]] - [[Τζες Καπέλλι]], Καναδή πορνογραφική ηθοποιός\n*[[1986]] - [[Κωνσταντίνος Αργυρός]], Έλληνας τραγουδιστής\n*[[1986]] - [[Μάριο Μάντζουκιτς]], Κροάτης ποδοσφαιριστής\n*[[1994]] - [[Τομ Ντέιλι]], Άγγλος καταδύτης\n*1977-  Ιωάννης Γιάννογλου, Έλληνας Δημοσιογράφος Ερευνητής Διασπάθισης Δημοσίου Χρήματος \n\n== Θάνατοι ==\n*[[822]] - [[Αλ-Χακάμ Α΄]], εμίρης της Κόρδοβας\n*[[987]]  - [[Λουδοβίκος Ε΄ της Γαλλίας|Λουδοβίκος Ε΄]], βασιλιάς των Φράγκων\n*[[1381]] - [[Φρειδερίκος Γ΄ της Θουριγγίας|Φρειδερίκος Γ΄]], λάντγκραβος της Θουριγγίας\n*[[1471]] - [[Ερρίκος ΣΤ΄ της Αγγλίας|Ερρίκος ΣΤ΄]], βασιλιάς της Αγγλίας\n*[[1481]] - [[Χριστιανός Α΄ της Δανίας|Χριστιανός Α΄]], βασιλιάς της Δανίας\n*[[1639]] - [[Τομάζο Καμπανέλα]], Ιταλός θεολόγος\n*[[1670]] - [[Νικκολό Τσούκκι]], Ιταλός αστρονόμος και φυσικός\n*[[1686]] - [[Ότο φον Γκέρικε]], Γερμανός επιστήμονας\n*[[1935]] - [[Κωνσταντίνος Ρακτιβάν]], Έλληνας πολιτικός\n*[[1952]] - [[Τζον Γκάρφιλντ]], Αμερικανός ηθοποιός\n*[[1964]] - [[Τζέιμς Φρανκ]], Γερμανός φυσικός\n*[[1967]] - [[Ρετζέπ Μιτρόβιτσα]], Αλβανός πολιτικός\n*[[1969]] - [[Βασίλειος Κρίκος]], Έλληνας πολιτικός\n*[[1970]] - [[Γεώργιος Αθ. Γεωργιάδης]], Έλληνας πολιτικός\n*[[1970]] - [[Νικόλαος Κρητικός]], Έλληνας πολιτικός\n*[[1973]] - [[Ιβάν Στεπάνοβιτς Κόνιεφ]], Ρώσος στρατιωτικός\n*[[1983]] - [[Ανδρέας Λαιμός]], Έλληνας εφοπλιστής\n*[[1991]] - [[Ρατζίβ Γκάντι]], Ινδός πολιτικός\n*[[1993]] - [[Ιάκωβος Διαμαντόπουλος]], Έλληνας πολιτικός\n*[[1995]] - [[Βαγγέλης Πρωτοπαππάς]], Έλληνας ηθοποιός\n*[[1999]] - [[Φρέντυ Γερμανός]], Έλληνας δημοσιογράφος και συγγραφέας\n*[[2000]] - [[Τζον Γκίλγκουντ]], Άγγλος ηθοποιός\n*[[2000]] - [[Μπάρμπαρα Κάρτλαντ]], Αγγλίδα συγγραφέας\n*[[2002]] - [[Νίκη ντε Σαιν Φαλ]], Γαλλίδα καλλιτέχνης\n*[[2007]] - [[Κώστας Κλουβάτος]], Έλληνας γλύπτης\n*[[2007]] - [[Μπρούνο Ματέι]], Ιταλός σκηνοθέτης\n*[[2013]] - [[Τρέβορ Μπόλντερ]], Άγγλος μπασίστας ([[Uriah Heep]])\n*[[2013]] - [[Τόμας Πρωτόπαπας]], Έλληνας ηθοποιός και μοντέλο\n*[[2016]] - [[Νικ Μένζα]], Αμερικανός ντράμερ\n*[[2016]] - [[Σαντόρ Τάριτς]], Ούγγρος υδατοσφαιριστής\n*[[2018]] - [[Βασίλης Τριανταφυλλίδης]], Έλληνας ηθοποιός ([[Χάρρυ Κλυνν]])\n\n== Αργίες και εορτές ==\n{{Commonscat|21 May}}\n\n=== [[Ορθόδοξη Εκκλησία]] ===\n{{Πύλη:Ορθοδοξία/Εορτολόγιο/21 Μαΐου}}\n\n{{Μήνες}}\n\n[[Κατηγορία:Ημέρες του έτους]]"}}}]}]}}