{"batchcomplete":true,"query":{"normalized":[{"fromencoded":false,"from":"22_Ιανουαρίου","to":"22 Ιανουαρίου"}],"pages":[{"pageid":1117,"ns":0,"title":"22 Ιανουαρίου","revisions":[{"slots":{"main":{"contentmodel":"wikitext","contentformat":"text/x-wiki","content":"{{Μήνες Ιανουαρίου}}\n\n<center>[[21 Ιανουαρίου]] | '''22 Ιανουαρίου''' | [[23 Ιανουαρίου]]</center>\n\n----\nΗ '''22α Ιανουαρίου''' είναι η 22η ημέρα του έτους κατά το [[Γρηγοριανό ημερολόγιο]]. Υπολείπονται 343 ημέρες (344 σε δίσεκτα έτη).\n\n{{ΗμερολόγιοΣεΠίνακα|1}}\n\n== Γεγονότα ==\n{{Commonscat|22 January}}\n*[[871]] - Μάχη του Μπάσινγκ: Οι Δυτικοί Σάξονες υπό την ηγεσία του βασιλιά [[Έθελρεντ του Ουέσσεξ και του Κεντ|Έθελρεντ]] ηττώνται από τους [[Βίκινγκ]] στο Μπάσινγκ.\n*[[1506]] - Το πρώτο άγημα από 150 [[Ελβετία|Ελβετούς]] φρουρούς φτάνει στο [[Βατικανό]].\n*[[1517]] - Οι [[Οθωμανική Αυτοκρατορία|Οθωμανοί]] υπό τον [[Σελίμ Α΄]] νικούν το σουλτανάτο των Μαμελούκων και καταλαμβάνουν τη σημερινή [[Αίγυπτος|Αίγυπτο]].\n*[[1555]] - Το βασίλειο της Άβα πέφτει στη δυναστεία του Ταουνγκού στη σημερινή [[Μιανμάρ]].\n*[[1808]] - Η [[Οίκος της Μπραγκάνσα|πορτογαλική βασιλική οικογένεια]] φτάνει στη [[Βραζιλία]], όπου κατέφυγε μετά την εισβολή του [[Γαλλία|γαλλικού]] στρατού στην [[Πορτογαλία]] δύο μήνες νωρίτερα.\n*[[1879]] - Πόλεμος Βρετανίας-Ζουλού: Τα στρατεύματα των [[Ζουλού]] νικούν τα [[Μεγάλη Βρετανία|βρετανικά]] στρατεύματα στη μάχη της Ισαντλουάνα. \n*[[1879]] - Πόλεμος Βρετανίας-Ζουλού: [[Μάχη του Ρορκς Ντριφτ]]. 139 [[Βρετανικός Στρατός Ξηράς|Βρετανοί στρατιώτες]] υπερασπίζονται επιτυχώς τη φρουρά τους ενάντια σε μία επίθεση 3-4.000 πολεμιστών [[Ζουλού]].\n*[[1901]] - Ο [[Εδουάρδος Ζ΄ του Ηνωμένου Βασιλείου|Εδουάρδος Ζ΄]] ανακηρύσσεται βασιλιάς μετά τον θάνατο της μητέρας του, [[Βασίλισσα Βικτώρια|βασίλισσας Βικτωρίας]]. \n*[[1905]] - Ματωμένη Κυριακή στην [[Αγία Πετρούπολη]]. Έναρξη της [[Ρωσική επανάσταση του 1905|Ρωσικής επανάστασης του 1905]].\n*[[1924]] - Ο Ράμσεϋ ΜακΝτόναλντ γίνεται ο πρώτος [[πρωθυπουργός του Ηνωμένου Βασιλείου]] που προέρχεται από το [[Εργατικό Κόμμα (Ηνωμένο Βασίλειο)|Εργατικό Κόμμα]]. \n*[[1927]] - Μεταδίδεται η πρώτη ζωντανή ραδιοφωνική μετάδοση [[Ποδόσφαιρο|ποδοσφαιρικού]] αγώνα, μεταξύ της [[Άρσεναλ]] και της [[Σέφιλντ Γιουνάιτεντ]].\n*[[1941]] - [[Β΄ Παγκόσμιος Πόλεμος]]: Τα [[Βρετανική Αυτοκρατορία|βρετανικά]] στρατεύματα και τα στρατεύματα της [[Κοινοπολιτεία των Εθνών|Κοινοπολιτείας]] καταλαμβάνουν το [[Τομπρούκ]] από τις [[Ιταλία|ιταλικές]] δυνάμεις.\n*[[1949]] - [[Ελληνικός Εμφύλιος Πόλεμος 1946-1949|Ελληνικός Εμφύλιος Πόλεμος]]: Ο [[Δημοκρατικός Στρατός Ελλάδας|Δ.Σ.Ε.]] καταλαμβάνει προσωρινά το [[Καρπενήσι]], ενώ οι κυβερνητικές δυνάμεις αποκρούουν, αντίστοιχες επιθέσεις των ανταρτών στο [[Λεωνίδιο]] και τη [[Μονεμβασία]].\n*[[1963]] - [[Συνθήκη των Ηλυσίων]]: Ο [[Σαρλ ντε Γκωλ]] και ο [[Κόνραντ Αντενάουερ]] υπογράφουν συνθήκη συνεργασίας μεταξύ της [[Γαλλία|Γαλλίας]] και της [[Γερμανία|Γερμανίας]].\n*[[1965]] - Δεκατέσσερα άτομα χάνουν τη ζωή τους όταν [[Η.Π.Α.|αμερικανικό]] μεταγωγικό αεροσκάφος C-124 Γκλοουμπμάστερ συντρίβεται στον [[Αροάνια|Χελμό]] λόγω εσφαλμένης εκτίμησης της θέσης του αεροσκάφους από τον κυβερνήτη του.\n*[[1968]] - Σε φυλάκιση 9,5 μηνών για αντίσταση και περιύβριση αρχής καταδικάζεται ο [[Μίκης Θεοδωράκης]]. Θα απελευθερωθεί έξι ημέρες αργότερα, ευεργετούμενος από διάταγμα περί αμνηστίας.\n*[[1968]] - Απογειώνεται η αποστολή [[Απόλλων 5]] μεταφέροντας την πρώτη σεληνάκατο στο διάστημα.\n*[[1970]] - Το [[Boeing 747]], το πρώτο \"jumbo jet\" στον κόσμο, πραγματοποιεί την πρώτη του εμπορική πτήση με την Pan American World Airways από το [[Διεθνές Αεροδρόμιο Τζον Κένεντι]] προς το [[Διεθνές Αεροδρόμιο Χίθροου]]. \n*[[1973]] - [[Boeing 707]] εκρήγνυται κατά την προσγείωση στο αεροδρόμιο του [[Κάνο]] στη [[Νιγηρία]], σκοτώνοντας 176 άτομα.\n*[[1984]] - Ο [[Macintosh]], ο πρώτος προσωπικός υπολογιστής με [[Ποντίκι (υπολογιστές)|ποντίκι]] και [[γραφικό περιβάλλον χρήστη]], παρουσιάζεται σε διαφήμιση κατά τη διάρκεια του [[Σούπερ Μπόουλ]].\n\n== Γεννήσεις ==\n*[[512]] - [[Πατριάρχης Ευτύχιος|Ευτύχιος]], Πατριάρχης Κωνσταντινουπόλεως\n*[[1440]] - [[Ιβάν Γ΄ της Ρωσίας]], μέγας πρίγκιπας της Μόσχας\n*[[1561]] - [[Σερ Φράνσις Μπέικον]], Άγγλος φιλόσοφος\n*[[1592]] - [[Πιερ Γκασσεντί]], Γάλλος φιλόσοφος, μαθηματικός και επιστήμονας\n*[[1733]] - [[Φίλιπ Κάρτερετ]], Βρετανός αξιωματικός του ναυτικού \n*[[1788]] - [[Λόρδος Βύρων]], Άγγλος ποιητής\n*[[1849]] - [[Άουγκουστ Στρίντμπεργκ]], Σουηδός συγγραφέας\n*[[1872]] - [[Πρίγκιπας Νικόλαος της Ελλάδας]]\n*[[1877]] - [[Χιάλμαρ Σαχτ]], Γερμανός πολιτικός\n*[[1879]] - [[Φράνσις Πικαμπιά]], Γάλλος ζωγράφος και ποιητής\n*[[1891]] - [[Αντόνιο Γκράμσι]], Ιταλός φιλόσοφος και πολιτικός\n*[[1898]] - [[Σεργκέι Αϊζενστάιν]], Σοβιετικός σκηνοθέτης\n*[[1898]] - [[Φέρντιναντ Κράμερ]], Γερμανός αρχιτέκτονας και βιομηχανικός σχεδιαστής\n*[[1907]] - [[Ντίξι Ντιν]], Άγγλος ποδοσφαιριστής\n*[[1908]] - [[Λεβ Λαντάου]], Σοβιετικός φυσικός\n*[[1909]] - [[Ου Θαντ]], Βιρμανός διπλωμάτης\n*[[1911]] - [[Μπρούνο Κράισκι]], Αυστριακός πολιτικός\n*[[1914]] - [[Δημήτρης Δραγατάκης]], Έλληνας συνθέτης\n*[[1920]] - [[Κιάρα Λούμπιχ]], Ιταλίδα ακτιβίστρια\n*[[1940]] - [[Τζον Χερτ]], Άγγλος ηθοποιός\n*[[1942]] - [[Μίμης Δομάζος]], Έλληνας ποδοσφαιριστής\n*[[1947]] - [[Δέσποινα Γλέζου]], μουσικός, τραγουδίστρια\n*[[1949]] - [[Στιβ Πέρι]], Αμερικανός τραγουδιστής\n*[[1952]] - [[Τάσος Χαλκιάς (ηθοποιός)|Τάσος Χαλκιάς]], Έλληνας ηθοποιός\n*[[1953]] - [[Γιάννης Μανδρέκας]], Έλληνας ποδοσφαιριστής και προπονητής\n*[[1953]] - [[Τζιμ Τζάρμους]], Αμερικανός σκηνοθέτης\n*[[1958]] - [[Νίκος Αναστόπουλος]], Έλληνας ποδοσφαιριστής και προπονητής\n*[[1962]] - [[Μιζάν Ζαϊνάλ Αμπεντίν]], βασιλιάς της Μαλαισίας\n*[[1964]] - [[Στόγιαν Βράνκοβιτς]], Κροάτης καλαθοσφαιριστής\n*[[1965]] - [[Νταϊάν Λέιν]], Αμερικανίδα ηθοποιός\n*[[1972]] - [[Πάκου Ρόμι]], Γιαπωνέζα ηθοποιός\n*[[1973]] - [[Ροζέριο Σένι]], Βραζιλιάνος ποδοσφαιριστής\n*[[1974]] - [[Τζόζεφ Μούσκατ]], Μαλτέζος πολιτικός\n*[[1982]] - [[Φαμπρίσιο Κολοτσίνι]], Αργεντίνος ποδοσφαιριστής\n*[[1983]] - [[Διονύσης Ηλιάδης]], Έλληνας αθλητής του τζούντο\n*[[1985]] - [[Οριάνθη]], Αυστραλή κιθαρίστρια\n*[[1989]] - [[Κώστας Αγέρης]], Έλληνας τραγουδιστής και λυράρης\n*[[1993]] - [[Νέτα Μπαρζιλάι]], Ισραηλινή τραγουδίστρια\n*[[1993]] - [[Ρίο Χαριάντο]], Ινδονήσιος οδηγός αγώνων\n\n== Θάνατοι ==\n*[[627]] - [[Θεοδελίνδη]], βασίλισσα των Λομβαρδών\n*[[1188]] - [[Φερδινάνδος Β΄ του Λεόν|Φερδινάνδος Β΄]], βασιλιάς του Λεόν\n*[[1341]] - [[Λουδοβίκος Α΄ του Μπουρμπόν|Λουδοβίκος Α΄]], δούκας του Μπουρμπόν\n*[[1365]] - [[Μαρία του Αρτουά]], κόμισσα του Ναμύρ\n*[[1583]] - [[Αντουανέτα των Βουρβόνων]], δούκισσα του Γκιζ\n*[[1651]] - [[Ιωάννης Φωκυλίδης Χολβάρντα]], Ολλανδός αστρονόμος\n*[[1901]] - [[Βασίλισσα Βικτώρια|Βικτώρια]], βασίλισσα του Ηνωμένου Βασιλείου\n*[[1919]] - [[Καρλ Λάρσον]], Σουηδός ζωγράφος\n*[[1922]] - [[Πάπας Βενέδικτος ΙΕ΄]]\n*[[1966]] - [[Χέρμπερτ Μάρσαλ]], Άγγλος ηθοποιός\n*[[1973]] - [[Λίντον Τζόνσον]], 36ος πρόεδρος των Η.Π.Α.\n*[[1977]] - [[Μενέλαος Λουντέμης]], Έλληνας συγγραφέας\n*[[1979]] - [[Μάιλο Μπάτλερ]], γενικός κυβερνήτης των Μπαχαμών\n*[[1979]] - [[Αλί Χασάν Σαλαμέ]], Παλαιστίνιος τρομοκράτης\n*[[1982]] - [[Παντελής Ζερβός]], Έλληνας ηθοποιός\n*[[1990]] - [[Αλέξανδρος Μπάρας]], Έλληνας ποιητής\n*[[1991]] - [[Κένας Αρόι]], πρόεδρος του Ναουρού\n*[[1994]] - [[Ζαν Λουί Μπαρό]], Γάλλος ηθοποιός και σκηνοθέτης\n*[[1994]] - [[Τέλι Σαβάλας]], Αμερικανός ηθοποιός\n*[[1995]] - [[Ρόουζ Κένεντι]], Αμερικανίδα κοσμική\n*[[1997]] - [[Μπίλι Μακένζι]], Σκωτσέζος τραγουδιστής\n*[[2008]] - [[Χιθ Λέτζερ]], Αυστραλός ηθοποιός\n*[[2008]] - [[Κλωντ Πιρόν]], Ελβετός γλωσσολόγος\n*[[2019]] - [[Θέμος Αναστασιάδης]], Έλληνας δημοσιογράφος και εκδότης\n*[[2021]] - [[Τιτίκα Σαριγκούλη]], Ελληνίδα ηθοποιός και συγγραφέας\n*[[2023]] - [[Νίκος Ξανθόπουλος]] Έλληνας ηθοποιός και τραγουδιστής\n\n== Αργίες και εορτές ==\n=== [[Ορθόδοξη Εκκλησία]] ===\n{{Πύλη:Ορθοδοξία/Εορτολόγιο/22 Ιανουαρίου}}\n\n{{Μήνες}}\n\n[[Κατηγορία:Ημέρες του έτους]]"}}}]}]}}