{"batchcomplete":true,"query":{"normalized":[{"fromencoded":false,"from":"22_Φεβρουαρίου","to":"22 Φεβρουαρίου"}],"pages":[{"pageid":1328,"ns":0,"title":"22 Φεβρουαρίου","revisions":[{"slots":{"main":{"contentmodel":"wikitext","contentformat":"text/x-wiki","content":"{{χωρίς παραπομπές|15|01|2022}}\n\n{{Μήνες Φεβρουαρίου}}\n\n<center>[[21 Φεβρουαρίου]] | '''22 Φεβρουαρίου''' | [[23 Φεβρουαρίου]]</center>\n\n----\nΗ '''22α Φεβρουαρίου''' είναι η 53η ημέρα του έτους κατά το [[Γρηγοριανό ημερολόγιο]]. Υπολείπονται 312 ημέρες (313 σε δίσεκτα έτη).\n\n{{ΗμερολόγιοΣεΠίνακα|2}}\n\n== Γεγονότα ==\n{{Commonscat|22 February}}\n*[[705]] - Η αυτοκράτειρα [[Γου Ζετιάν]] παραιτείται από το θρόνο, αποκαθιστώντας τη [[Δυναστεία Τανγκ|δυναστεία των Τανγκ]].\n*[[1371]] - Ο [[Ροβέρτος Β΄ της Σκωτίας|Ροβέρτος Β΄]] γίνεται βασιλιάς της [[Σκωτία]]ς ξεκινώντας τη δυναστεία των [[Οίκος των Στιούαρτ|Στιούαρτ]].\n*[[1495]] - Ο βασιλιάς [[Κάρολος Η΄ της Γαλλίας]] μπαίνει στη [[Νάπολη]] για να διεκδικήσει το θρόνο της πόλης.\n*[[1744]] - [[Πόλεμος της Αυστριακής διαδοχής]]: Διεξάγεται η ναυμαχία της [[Τουλόν]].\n*[[1819]] - Υπογράφεται η Συνθήκη [[Τζον Κουίνσι Άνταμς|Άνταμς]]-Ονίς, με την οποία η [[Ισπανία]] πωλεί τη [[Φλόριντα]] στις [[Η.Π.Α.]] για 5.000.000 δολάρια. \n*[[1821]] - [[Ελληνική Επανάσταση του 1821|Ελληνική Επανάσταση]]: Ο [[Αλέξανδρος Υψηλάντης (Φιλικός)|Αλέξανδρος Υψηλάντης]] περνά τον ποταμό [[Προύθος|Προύθο]] και μπαίνει στη [[Μολδοβλαχία]].\n*[[1822]] - Επανάσταση της [[Νάουσα Ημαθίας|Νάουσας]] κατά των [[Οθωμανική Αυτοκρατορία|Οθωμανών]].\n*[[1847]] - [[Αμερικανικό-Μεξικανικός πόλεμος]]: Αρχίζει η μάχη του Μπουένα Βίστα, όπου 4.500 [[Ηνωμένες Πολιτείες Αμερικής|Αμερικανοί]] στρατιώτες νικούν 17.000 [[Μεξικό|Μεξικανούς]]. \n*[[1848]] - Αρχίζει η [[Γαλλική Επανάσταση του 1848]], η οποία θα οδηγήσει στη δημιουργία της Δεύτερης Γαλλικής Δημοκρατίας.\n*[[1862]] - Ο [[Τζέφερσον Ντέηβις]] ορκίζεται επίσημα για εξαετή θητεία ως [[πρόεδρος των Συνομόσπονδων Πολιτειών της Αμερικής]] στο [[Ρίτσμοντ (Βιρτζίνια)]]. Είχε ορκιστεί ως μεταβατικός πρόεδρος στις [[18 Φεβρουαρίου]] του [[1861]].\n*[[1879]] - Ο Φρανκ Γουίνφιλντ Γούλγουερθ ανοίγει στις [[Ηνωμένες Πολιτείες Αμερικής|Ηνωμένες Πολιτείες]] το πρώτο κατάστημα [[Woolworths|Woolworth]].\n*[[1889]] - Ο [[πρόεδρος των Ηνωμένων Πολιτειών]] [[Γκρόβερ Κλίβελαντ]] υπογράφει νομοσχέδιο με το οποίο η [[Βόρεια Ντακότα]], η [[Νότια Ντακότα]], η [[Μοντάνα]] και η [[Ουάσινγκτον (πολιτεία)|Ουάσινγκτον]] γίνονται [[πολιτείες των ΗΠΑ]].\n*[[1904]] - Το [[Ηνωμένο Βασίλειο]] πωλεί στην [[Αργεντινή]] μετεωρολογικό σταθμό στις [[Νότιες Ορκάδες]]. Στη συνέχεια, τα νησιά θα αξιωθούν από το Ηνωμένο Βασίλειο το [[1908]]. \n*[[1921]] - Αφού οι [[Ρωσία|ρωσικές]] δυνάμεις υπό τον [[Ρομάν φον Ούνγκερν-Στέρνμπεργκ]] απωθούν τους [[Λαϊκή Δημοκρατία της Κίνας|Κινέζους]], ο Μπογκντ Χαν επανεγκαθίσταται ως [[χαγάνος]] της [[Μογγολία]]ς.\n*[[1928]] - Ο πρώην δικτάτορας [[Θεόδωρος Πάγκαλος (στρατιωτικός)|Θεόδωρος Πάγκαλος]] καλείται να απολογηθεί ενώπιον της αρμόδιας ανακριτικής επιτροπής της [[Βουλή των Ελλήνων|Βουλής]] για την κατηγορία που τον βαρύνει, περί [[Εσχάτη προδοσία|εσχάτης προδοσίας]] και ανατροπής του Πολιτεύματος. \n*[[1943]] - [[Β΄ Παγκόσμιος Πόλεμος]]: Εκτελούνται στη [[Ναζιστική Γερμανία]] οι [[Σόφι Σολ]], Χανς Σολ και Κρίστοφ Προμπστ, μέλη της αντιστασιακής οργάνωσης [[Λευκό Ρόδο]].\n*[[1944]] - [[Β΄ Παγκόσμιος Πόλεμος]]: [[Ηνωμένες Πολιτείες Αμερικής|Αμερικανικά]] αεροσκάφη βομβαρδίζουν λανθασμένα τις [[Ολλανδία|ολλανδικές]] πόλεις [[Ναϊμέχεν]], [[Άρνεμ]] και [[Ένσχεντε]], με απολογισμό 800 νεκρούς μόνο στο Ναϊμέχεν. \n*[[1958]] - Η [[Αίγυπτος]] και η [[Συρία]] ενώνονται και σχηματίζουν την [[Ηνωμένη Αραβική Δημοκρατία]].\n*[[1959]] - Ο Λι Πέτι κερδίζει το πρώτο [[Daytona 500]].\n*[[1966]] - Τετράκις εις θάνατον και σε ισόβια κάθειρξη καταδικάζεται, για τρεις φόνους και δύο ληστείες, ο «δράκος του Σέιχ Σου» [[Αριστείδης Παγκρατίδης]].\n*[[1972]] - Ο επίσημος Ιρλανδικός Δημοκρατικός Στρατός πυροκροτεί βόμβα αυτοκινήτου στους στρατώνες του [[Όλντερσοτ]], σκοτώνοντας 7 άτομα και τραυματίζοντας άλλα 19. \n*[[1974]] - Ξεκινά στη [[Λαχόρη]] του [[Πακιστάν]] η σύνοδος κορυφής του [[Οργανισμός Ισλαμικής Διάσκεψης|Οργανισμού Ισλαμικής Διάσκεψης]]. Παραβρίσκονται 37 χώρες και συμμετέχουν 22 αρχηγοί κρατών και κυβερνήσεων. Αναγνωρίζει επίσης το [[Μπανγκλαντές]].\n*[[1997]] - Στη [[Σκωτία]], [[Μεγάλη Βρετανία|Βρετανοί]] επιστήμονες ανακοινώνουν την ύπαρξη της Ντόλι, ενός [[κλωνοποίηση|κλωνοποιημένου]] ενήλικου προβάτου.\n*[[2002]] - Σκοτώνεται σε στρατιωτική ενέδρα ο [[Ανγκόλα|Ανγκολέζος]] πολιτικός και ηγέτης των ανταρτών Τζόνας Σαβίμπι.\n\n== Γεννήσεις ==\n*[[1161]] - [[Πάπας Ιννοκέντιος Γ΄]]\n*[[1403]] - [[Κάρολος Ζ΄ της Γαλλίας|Κάρολος Ζ΄]], βασιλιάς της Γαλλίας\n*[[1732]] - [[Τζορτζ Ουάσινγκτον]], πρώτος πρόεδρος των Η.Π.Α.\n*[[1788]] - [[Άρθουρ Σοπενχάουερ]], Γερμανός φιλόσοφος\n*[[1857]] - [[Ρόμπερτ Μπέηντεν-Πάουελ]], Άγγλος στρατιωτικός και ιδρυτής του [[Προσκοπισμός|Προσκοπισμού]]\n*[[1857]] - [[Χάινριχ Χερτζ]], Γερμανός φυσικός \n*[[1879]] - [[Γιοχάνες Νίκολαους Μπρόνστεντ]], Δανός χημικός\n*[[1886]] - [[Χούγκο Μπαλ]], Γερμανός συγγραφέας\n*[[1892]] - [[Έντνα Βίνσεντ Μιλέυ]], Αμερικανίδα ποιήτρια\n*[[1900]] - [[Λουίς Μπουνιουέλ]], Ισπανός σκηνοθέτης\n*[[1921]] - [[Μοχαμάντ Νουρ Αχμάντ Ετεμαντί]], Αφγανός πολιτικός\n*[[1922]] - [[Λάκης Σάντας]], Έλληνας αντιστασιακός\n*[[1925]] - [[Έντουαρντ Γκόρι]], Αμερικανός εικονογράφος\n*[[1928]] - [[Γρηγόρης Αυξεντίου]], αγωνιστής της ΕΟΚΑ\n*[[1932]] - [[Τεντ Κένεντι]], Αμερικανός πολιτικός\n*[[1937]] - [[Γιώργος Πάντζας]], Έλληνας ηθοποιός\n*[[1938]] - [[Κάριν Ντορ]], Γερμανίδα ηθοποιός\n*[[1941]] - [[Γιώργος Αρβανίτης]], Έλληνας κινηματογραφιστής\n*[[1943]] - [[Χορστ Κέλερ]], Γερμανός πολιτικός \n*[[1944]] - [[Βασίλης Μπουγιουκλάκης]], Έλληνας ηθοποιός\n*[[1944]] - [[Τζόναθαν Ντέμι]], Αμερικανός σκηνοθέτης\n*[[1949]] - [[Νίκι Λάουντα]], Αυστριακός οδηγός αγώνων και επιχειρηματίας\n*[[1950]] - [[Τζούλιους Έρβινγκ]], Αμερικανός καλαθοσφαιριστής\n*[[1959]] - [[Κάιλ ΜακΛάχλαν]], Αμερικανός ηθοποιός\n*[[1962]] - [[Στιβ Άιρβιν]], Αυστραλός φυσιοδίφης και τηλεοπτικός παρουσιαστής\n*[[1974]] - [[Τζέιμς Μπλαντ]], Άγγλος τραγουδοποιός\n*[[1975]] - [[Ντρου Μπάριμορ]], Αμερικανή ηθοποιός\n*[[1979]] - [[Μπρετ Έμερτον]], Αυστραλός ποδοσφαιριστής\n*[[1982]] - [[Τζίνα Χέιζ]], Αμερικανίδα πορνογραφική ηθοποιός\n*[[1984]] - [[Μπράνισλαβ Ιβάνοβιτς]], Σέρβος ποδοσφαιριστής\n*[[1985]] - [[Γιώργος Πρίντεζης]], Έλληνας καλαθοσφαιριστής\n*[[1987]] - [[Σέρχιο Ρομέρο]], Αργεντινός ποδοσφαιριστής\n*[[1988]] - [[Κεβίν Μπορλέ]], Βέλγος αθλητής\n*[[2000]] - [[Λευτέρης Λύρατζης]], Έλληνας ποδοσφαιριστής\n\n== Θάνατοι ==\n*[[970]] - [[Γκαρθία Σάντσεθ Α΄ της Παμπλόνα|Γκαρθία Σάντσεθ Α΄]], βασιλιάς της Παμπλόνα\n*[[1071]] - [[Αρνούλφος Γ΄ της Φλάνδρας|Αρνούλφος Γ΄]], κόμης της Φλάνδρας\n*[[1111]] - [[Ρογήρος Α΄ της Απουλίας|Ρογήρος Α΄]], δούκας της Απουλίας\n*[[1371]] - [[Δαυίδ Β΄ της Σκωτίας|Δαυίδ Β΄]], βασιλιάς της Σκωτίας\n*[[1512]] - [[Αμέριγκο Βεσπούτσι]], Ιταλός εξερευνητής \n*[[1687]] - [[Φραντσέσκο Λάνα ντε Τέρτσι]], Ιταλός μαθηματικός και μηχανικός\n*[[1797]] - [[Κάρολος Φρειδερίκος Ιερώνυμος φον Μινχάουζεν]], Γερμανός ευγενής\n*[[1875]] - [[Ζαν-Μπατίστ Καμίλ Κορό]], Γάλλος ζωγράφος\n*[[1875]] - [[Κάρολος Λάιελ]], Σκωτσέζος γεωλόγος\n*[[1903]] - [[Χούγκο Βολφ]], Αυστριακός συνθέτης\n*[[1913]] - [[Φερντινάντ ντε Σωσσύρ]], Ελβετός γλωσσολόγος\n*[[1939]] - [[Αντόνιο Ματσάδο]], Ισπανός ποιητής\n*[[1942]] - [[Άουγκουστ φον Πάρσεβαλ]], Γερμανός μηχανικός\n*[[1943]] - [[Σόφι Σολ]], Γερμανίδα αντιστασιακή\n*[[1949]] - [[Δημήτρης Παπαρήγας]], Έλληνας συνδικαλιστής\n*[[1956]] - [[Αλέξανδρος Σβώλος]], Έλληνας νομικός και πολιτικός\n*[[1957]] - [[Κυριάκος Βαρβαρέσος]], Έλληνας πολιτικός\n*[[1966]] - [[Δημήτριος Παππάς]], Έλληνας πολιτικός\n*[[1973]] - [[Κατίνα Παξινού]], Ελληνίδα ηθοποιός\n*[[1980]] - [[Όσκαρ Κοκόσκα]], Αυστριακός καλλιτέχνης\n*[[1981]] - [[Γεώργιος Οικονομόπουλος]], Έλληνας νομικός\n*[[1984]] - [[Ιπποκράτης Ταυλάριος]], Έλληνας πολιτικός\n*[[1985]] - [[Λουκάς Γ. Καρρέρ]], Έλληνας πολιτικός\n*[[1985]] - [[Δημήτριος Γ. Τσαούσης]], Έλληνας πολιτικός\n*[[1987]] - [[Άντι Γουόρχολ]], Αμερικανός καλλιτέχνης\n*[[1992]] - [[Μάρκος Βαφειάδης]], Έλληνας πολιτικός\n*[[1999]] - [[Ντίνος Εγκολφόπουλος]], Έλληνας βαρύτονος\n*[[2001]] - [[Δημήτριος Κελτεμλίδης]], Έλληνας πολιτικός\n*[[2004]] - [[Ιρίνα Πρες]], Σοβιετική αθλήτρια\n*[[2017]] - [[Νίκος Κούνδουρος]], Έλληνας σκηνοθέτης\n*[[2017]] - [[Θέμης Μάνεσης]], Έλληνας ηθοποιός\n*[[2020]] - [[Κική Δημουλά]], Ελληνίδα ποιήτρια\n\n== Αργίες και εορτές ==\n=== Κόσμος ===\n* [[Ημέρα Σκέψης]] ([[Προσκοπισμός]])\n* {{LCA}} - Ημέρα ανεξαρτησίας (από το [[Ηνωμένο Βασίλειο]] το [[1979]])\n* {{USA}} - Γενέθλια του [[Τζορτζ Ουάσινγκτον]] (γιορτάζονται ως αργία την τρίτη Δευτέρα του Φεβρουαρίου)\n\n=== [[Ορθόδοξη Εκκλησία]] ===\n{{Πύλη:Ορθοδοξία/Εορτολόγιο/22 Φεβρουαρίου}}\n\n{{Μήνες}}\n\n[[Κατηγορία:Ημέρες του έτους]]"}}}]}]}}