{"batchcomplete":true,"query":{"normalized":[{"fromencoded":false,"from":"22_Απριλίου","to":"22 Απριλίου"}],"pages":[{"pageid":7129,"ns":0,"title":"22 Απριλίου","revisions":[{"slots":{"main":{"contentmodel":"wikitext","contentformat":"text/x-wiki","content":"{{Μήνες Απριλίου}}\n<center>[[21 Απριλίου]] | '''22 Απριλίου''' | [[23 Απριλίου]]</center>\n\n----\nΗ '''22η Απριλίου''' είναι η 112η ημέρα του έτους (113η σε δίσεκτα έτη) κατά το [[Γρηγοριανό ημερολόγιο]].  Υπολείπονται 253 ημέρες.\n\n{{ΗμερολόγιοΣεΠίνακα|4}}\n\n== Γεγονότα ==\n*[[238]] - Η [[Ρωμαϊκή σύγκλητος]] θέτει εκτός νόμου τον αυτοκράτορα [[Μαξιμίνος Θραξ|Μαξιμίνο Θραξ]] και διορίζει στο θρόνο δύο μέλη της: τον [[Πουπιηνός|Πουπιηνό]] και τον [[Βαλβίνος|Βαλβίνο]].\n*[[1500]] - Ο [[Πορτογαλία|Πορτογάλος]] εξερευνητής [[Πέδρο Άλβαρες Καμπράλ]] φτάνει στη [[Βραζιλία]].\n*[[1519]] - Ο [[Ισπανία|Ισπανός]] κατακτητής [[Ερνάν Κορτές]] ιδρύει οικισμό στη Βερακρούζ ([[Μεξικό]]).\n*[[1529]] - Η συνθήκη της [[Σαραγόσα]] χωρίζει το ανατολικό ημισφαίριο ανάμεσα στην [[Ισπανία]] και την [[Πορτογαλία]].\n*[[1622]] - Η κατάληψη του Ορμούζ από την [[Αγγλική Εταιρεία Ανατολικών Ινδιών]] τερματίζει τον [[Πορτογαλία|πορτογαλικό]] έλεγχο στη νήσο Ορμούζ.\n*[[1809]] - Τη δεύτερη ημέρα της μάχης του Έγκμουλ, ο στρατός της [[Πρώτη Γαλλική Αυτοκρατορία|Πρώτης Γαλλικής Αυτοκρατορίας]] με επικεφαλής τον [[Ναπολέων Α΄ της Γαλλίας|Ναπολέοντα Α΄ της Γαλλίας]] νικά τον [[Αυστριακή Αυτοκρατορία|αυστριακό]] στρατό, ο οποίος υποχωρεί πέρα από τον [[Δούναβης|Δούναβη]] στο [[Ρέγκενσμπουρκ]]. \n*[[1821]] - Λαμβάνει χώρα η [[μάχη της Αλαμάνας]].\n*[[1827]] - Τραυματίζεται σε μικροσυμπλοκή ο Γεώργιος Καραϊσκάκης κοντά στην Ακρόπολη, όπου και στρατοπέδευε, με αποτέλεσμα να πεθάνει μία ημέρα αργότερα, ανήμερα της εορτής του. \n*[[1836]] - [[Επανάσταση του Τέξας]]: Μία μέρα μετά τη μάχη του Σαν Χασίντο, οι δυνάμεις του [[Δημοκρατία του Τέξας|Τεξανού]] στρατηγού [[Σαμ Χιούστον]] εντοπίζουν ανάμεσα στους αιχμαλώτους τον [[Μεξικό|Μεξικανό]] στρατηγό Αντόνιο Λόπες δε Σάντα Άννα, όταν ένας από τους αιχμαλώτους φανερώνει κατά λάθος την ταυτότητά του. \n*[[1864]] - Το [[Κογκρέσο των Ηνωμένων Πολιτειών]] περνά νόμο περί εκδόσεως νομίσματος, με τον οποίο ορίζει ότι η επιγραφή ''In God We Trust'' θα τοποθετείται σε όλα τα νομίσματα των [[Η.Π.Α.]] \n*[[1866]] - Ο [[Γεώργιος Σκούφος]] γίνεται [[Κατάλογος δημάρχων Αθηναίων|δήμαρχος Αθηναίων]].\n*[[1889]] - Ιδρύεται η [[Οκλαχόμα Σίτι]], η οποία μέσα σε λίγες ώρες αποκτά πληθυσμό περίπου 10.000 κατοίκων. \n*\n*[[1898]] - [[Ισπανοαμερικανικός πόλεμος]]: Το USS ''Nashville'' αιχμαλωτίζει ένα [[Ισπανία|ισπανικό]] εμπορικό πλοίο.\n*[[1906]] - Αρχίζουν στην [[Αθήνα]] οι [[Θερινοί Ολυμπιακοί Αγώνες 1906|Θερινοί Ολυμπιακοί Αγώνες του 1906]], οι οποίοι δεν αναγνωρίζονται πλέον ως μέρος των επίσημων [[Ολυμπιακοί Αγώνες|Ολυμπιακών Αγώνων]]. \n*[[1915]] - Η χρήση [[Χημικά όπλα στον Α΄ Παγκόσμιο Πόλεμο|χημικών όπλων στον Α΄ Παγκόσμιο Πόλεμο]] κλιμακώνεται όταν απελευθερώνεται [[χλώριο]] ως χημικό όπλο στη δεύτερη μάχη του [[Υπρ]].\n*[[1915]] - Ο [[Βασίλειο της Ελλάδας|βασιλιάς της Ελλάδος]] [[Κωνσταντίνος Α' της Ελλάδας|Κωνσταντίνος Α']] προσβάλλεται από οξεία γρίπη, εκ της οποίας αναρρώνει κατά τη διάρκεια του καλοκαιριού, με μόνιμες συνέπειες πλέον να τον ταλαιπωρούν εξ αιτίας αυτής, μέχρι το τέλος της ζωής του το [[1923]].\n*[[1928]] - Στις 22:14 εκδηλώνεται στην Κόρινθο [[Σεισμός της Κορίνθου το 1928|ισχυρότατος σεισμός]] 6,3 βαθμών της κλίμακας Ρίχτερ, με αποτέλεσμα να χάσουν τη ζωή τους 20 άνθρωποι, να τραυματιστούν 30 και να καταστραφούν σχεδόν τα 2000 κτίρια της πόλεως. \n*[[1930]] - Το [[Ηνωμένο Βασίλειο]], η [[Ιαπωνία]], οι [[Η.Π.Α.]], η [[Γαλλία]] και η [[Ιταλία]] υπογράφουν τη Ναυτική Συνθήκη του Λονδίνου, ρυθμίζοντας τον [[Υποβρύχιο|υποβρυχιακό]] πόλεμο και περιορίζοντας τη [[ναυπήγηση]].\n*[[1931]] - Εγκαινιάζεται στην [[Αθήνα]] το [[Μουσείο Μπενάκη]].\n*[[1941]] - [[Β΄ Παγκόσμιος Πόλεμος]]: Βυθίζεται έξω από τις Λαγούσες νήσους το [[αντιτορπιλικό]] [[Ύδρα IV (αντιτορπιλικό)|Ύδρα IV]].\n\n== Γεννήσεις ==\n*[[571]] - [[Μωάμεθ]], ιδρυτής του Ισλάμ\n*[[1451]] - [[Ισαβέλλα Α΄ της Καστίλλης|Ισαβέλλα Α΄]], βασίλισσα της Καστίλης\n*[[1518]] - [[Αντώνιος της Ναβάρρας|Αντώνιος]], βασιλιάς της Ναβάρρας\n*[[1610]] - [[Πάπας Αλέξανδρος Η΄]]\n*[[1658]] - [[Τζουζέπε Τορέλλι]], Ιταλός συνθέτης\n*[[1707]] - [[Χένρυ Φήλντινγκ]], Άγγλος συγγραφέας\n*[[1724]] - [[Ιμμάνουελ Καντ]], Γερμανός φιλόσοφος\n*[[1800]] - [[Μαρία Φραγκίσκη της Μπραγκάνσα]], ινφάντη της Πορτογαλίας\n*[[1816]] - [[Σαρλ Ντενί Μπουρμπακί]], Γάλλος στρατιωτικός\n*[[1852]] - [[Γουλιέλμος Δ΄ του Λουξεμβούργου|Γουλιέλμος Δ΄]], μέγας δούκας του Λουξεμβούργου\n*[[1870]] - [[Βλαντιμίρ Λένιν]], Ρώσος επαναστάτης\n*[[1899]] - [[Βλαντίμιρ Ναμπόκοφ]], Ρώσος συγγραφέας\n*[[1904]] - [[Μαρία Θαμπράνο]], Ισπανίδα συγγραφέας\n*[[1904]] - [[Ρόμπερτ Οπενχάιμερ]], Αμερικανός φυσικός\n*[[1909]] - [[Ρίτα Λέβι Μονταλτσίνι]], Ιταλίδα νευρολόγος\n*[[1914]] - [[Μίχαελ Βίττμαν]], Γερμανός στρατιώτης\n*[[1916]] - [[Γεχούντι Μενουχίν]], Αμερικανός βιολιστής\n*[[1927]] - [[Γιάννης Μιχαλόπουλος]], Έλληνας ηθοποιός\n*[[1929]] - [[Δημήτρης Μαρωνίτης]], Έλληνας φιλόλογος\n*[[1937]] - [[Τζακ Νίκολσον]], Αμερικανός ηθοποιός\n*[[1943]] - [[Χρήστος Ζερεφός]], Έλληνας φυσικός\n*[[1945]] - [[Ευστράτιος Δημητρίου]], Έλληνας τραγουδοποιός\n*[[1955]] - [[Ζεράρ Πέιπ]], Αμερικανός συνθέτης\n*[[1957]] - [[Ντόναλντ Τουσκ]], Πολωνός πολιτικός\n*[[1966]] - [[Τσαρλς Σάκλεφορντ]], Αμερικανός καλαθοσφαιριστής\n*[[1967]] - [[Σέρυλ Λη]], Αμερικανίδα ηθοποιός\n*[[1976]] - [[Μίχαλ Ζεβλάκοφ]], Πολωνός ποδοσφαιριστής\n*[[1977]] - [[Μαρκ Φαν Μπόμελ]], Ολλανδός ποδοσφαιριστής\n*[[1978]] - [[Ιζέκιελ Τζάκσον]], παλαιστής από τη Γουιάνα\n*[[1980]] - [[Κόρα Καρβούνη]], Ελληνίδα ηθοποιός\n*[[1982]] - [[Κακά]], Βραζιλιάνος ποδοσφαιριστής\n*[[1983]] - [[Βαγγέλης Μάντζιος]], Έλληνας ποδοσφαιριστής\n*[[1985]] - [[Απόστολος Τασκούδης]], Έλληνας ολυμπιονίκης παλαιστής\n*[[1986]] - [[Ντούσαν Σάκοτα]], Έλληνας καλαθοσφαιριστής\n*[[1986]] - [[Άμπερ Χερντ]], Αμερικανίδα ηθοποιός\n*[[1987]] - [[Νταβίντ Λουίζ]], Βραζιλιάνος ποδοσφαιριστής\n*[[1987]] - [[Τζον Όμπι Μίκελ]], Νιγηριανός ποδοσφαιριστής\n*[[1994]] - [[Τάμι Χέμπροου]], Αυστραλή YouTuber\n\n== Θάνατοι ==\n*[[296]] - [[Πάπας Γάιος]]\n*[[455]] - [[Πετρόνιος Μάξιμος]], Ρωμαίος αυτοκράτορας\n*[[536]] - [[Πάπας Αγαπητός Α΄]]\n*[[1459]] - [[Ιωάννης Δ΄ Μέγας Κομνηνός]], αυτοκράτορας της Τραπεζούντας\n*[[1545]] - [[Λουδοβίκος Ι΄ της Βαυαρίας|Λουδοβίκος Ι΄]], δούκας της Βαυαρίας\n*[[1616]] - [[Μιγκέλ ντε Θερβάντες]], Ισπανός συγγραφέας\n*[[1725]] - [[Μαχμούντ Χοτάκ]], Εμίρης του Αφγανιστάν\n*[[1821]] - [[Κύριλλος ΣΤ΄]], Πατριάρχης Κωνσταντινουπόλεως\n*[[1892]] - [[Εντουάρ Λαλό]], Γάλλος συνθέτης\n*[[1937]] - [[Γεώργιος Δοκουμετζίδης]], Έλληνας πολιτικός\n*[[1939]] - [[Γεώργιος Κατεχάκης]], Έλληνας στρατιωτικός\n*[[1941]] - [[Θεόδωρος Πεζόπουλος]], Έλληνας στρατιωτικός\n*[[1955]] - [[Κοσμάς Αλεξανδρίδης]], Έλληνας πολιτικός\n*[[1969]] - [[Νικόλαος Μπακόπουλος (πολιτικός)|Νικόλαος Μπακόπουλος]], Έλληνας πολιτικός\n*[[1983]] - [[Ερλ Χάινς]], Αμερικανός πιανίστας\n*[[1984]] - [[Άνσελ Άνταμς]], Αμερικανός φωτογράφος\n*[[1985]] - [[Γιώργος Οικονομίδης]], Έλληνας παρουσιαστής και στιχουργός\n*[[1985]] - [[Ζακ Φερρόν]], Καναδός συγγραφέας\n*[[1986]] - [[Μίρτσεα Ελιάντε]], Ρουμάνος συγγραφέας\n*[[1989]] - [[Εμίλιο Τζίνο Σεγκρέ]], Ιταλός φυσικός\n*[[1992]] - [[Νεβαρέ Χανιμεφέντι]], Οθωμανή σουλτάνα\n*[[1994]] - [[Ρίτσαρντ Νίξον]], 37ος πρόεδρος των Η.Π.Α.\n*[[1998]] - [[Θανάσης Σκορδαλός]], Έλληνας μουσικός\n*[[2014]] - [[Αμπντούλ Καντίρ]], Αφγανός πολιτικόςο και στρατιωτικός\n*[[2014]] - [[Γιόβαν Κρικομπάμπιτς]], Σέρβος πολιτικός\n\n== Αργίες και εορτές ==\n* Παγκόσμια Ημέρα της Γης\n\n=== [[Ορθόδοξη Εκκλησία]] ===\n{{Πύλη:Ορθοδοξία/Εορτολόγιο/22 Απριλίου}}\n\n==Παραπομπές==\n<references />\n\n{{Μήνες}}\n\n[[Κατηγορία:Ημέρες του έτους]]"}}}]}]}}