{"batchcomplete":true,"query":{"normalized":[{"fromencoded":false,"from":"22_Ιουνίου","to":"22 Ιουνίου"}],"pages":[{"pageid":1947,"ns":0,"title":"22 Ιουνίου","revisions":[{"slots":{"main":{"contentmodel":"wikitext","contentformat":"text/x-wiki","content":"{{Μήνες Ιουνίου}}\n\n<center>[[21 Ιουνίου]] | [[22 Ιουνίου]] | [[23 Ιουνίου]]</center>\n\n----\nΗ '''22α Ιουνίου''' είναι η 173η ημέρα του έτους κατά το [[Γρηγοριανό ημερολόγιο]] (174η σε δίσεκτα έτη). Υπολείπονται 192 ημέρες.\n\n{{ΗμερολόγιοΣεΠίνακα|6}}\n\n== Γεγονότα ==\n*[[217 π.Χ.]] - [[Μάχη της Ραφίας]]: Ο φαραώ της [[Αίγυπτος|Αιγύπτου]], [[Πτολεμαίος Δ΄ Φιλοπάτωρ]], νικά τον [[Αντίοχος Γ΄ ο Μέγας|Αντίοχο Γ΄]] της [[Αυτοκρατορία των Σελευκιδών|αυτοκρατορίας των Σελευκιδών]].\n*[[168 π.Χ.]] - [[Μάχη της Πύδνας]]: Οι [[Ρωμαϊκή Δημοκρατία|Ρωμαίοι]] υπό τον [[Λεύκιος Αιμίλιος Παύλος Μακεδονικός|Λεύκιο Αιμίλιο Παύλο]] νικούν τον [[Μακεδονία (αρχαίο βασίλειο)|Μακεδόνα βασιλιά]] [[Περσέας της Μακεδονίας|Περσέα]], δίνοντας τέλος στον [[Τρίτος Μακεδονικός Πόλεμος|Τρίτο Μακεδονικό Πόλεμο]].\n*[[813]] - Οι [[Βούλγαροι]] υπό την ηγεσία του [[Κρούμος|Κρούμου]] νικούν τον [[Βυζαντινή Αυτοκρατορία|βυζαντινό]] στρατό στη μάχη της Βερσινικίας κοντά στην [[Αδριανούπολη]]. Ο αυτοκράτορας [[Μιχαήλ Α΄]] αναγκάζεται να παραιτηθεί υπέρ του [[Λέων Ε΄|Λέοντα Ε΄]].\n*[[910]] - Οι [[Ούγγροι]] νικούν τον στρατό της [[Ανατολική Φραγκία|Ανατολικής Φραγκίας]] σκοτώνοντας τον ηγέτη του, [[Γκέμπχαρντ της Λωρραίνης|Γκέμπχαρντ]], δούκα της [[Λοθαριγγία|Λοθαριγγίας]] (Λωρραίνης).\n*[[1527]] - Ιδρύεται η [[Τζακάρτα]].\n*[[1593]] - Τα συμμαχικά χριστιανικά στρατεύματα νικούν τους [[Οθωμανική Αυτοκρατορία|Οθωμανούς]] στη μάχη του [[Σίσακ]].\n*[[1622]] - Οι [[Αυτοκρατορία της Πορτογαλίας|πορτογαλικές]] δυνάμεις αποκρούουν [[Ολλανδική Δημοκρατία|ολλανδική]] εισβολή στη μάχη του [[Μακάου]].\n*[[1633]] - Μετά από έντονες αντιπαραθέσεις, το Ιεροδικείο της [[Ρώμη]]ς αναγκάζει τον [[Γαλιλαίος Γαλιλέι|Γαλιλαίο Γαλιλέι]] να αποκηρύξει την άποψή του ότι ο [[Ήλιος]], και όχι η [[Γη]], είναι το κέντρο του [[Σύμπαν]]τος. \n*[[1774]] - Οι [[Μεγάλη Βρετανία|Βρετανοί]] ψηφίζουν την Πράξη του Κεμπέκ, καθορίζοντας τους κανόνες διακυβέρνησης για την αποικία του [[Κεμπέκ (επαρχία)|Κεμπέκ]] στη [[Βόρεια Αμερική]].\n*[[1783]] - Ένα δηλητηριώδες σύννεφο που προκλήθηκε από την έκρηξη του ηφαιστείου [[Λάκι]] στην [[Ισλανδία]] φτάνει στη [[Χάβρη]] της [[Γαλλία]]ς.\n*[[1825]] - Το [[Κοινοβούλιο του Ηνωμένου Βασιλείου]] καταργεί τη [[φεουδαρχία]] στη βρετανική [[Βόρεια Αμερική]].\n*[[1897]] - Δύο [[Βρετανικά Υπερπόντια Εδάφη|Βρετανοί]] αξιωματικοί δολοφονούνται στην [[Πούνε]], [[Μαχαράστρα]], από [[Ινδία|Ινδούς]], οι οποίοι αργότερα συνελήφθησαν και απαγχονίστηκαν.  \n*[[1898]] - [[Ισπανοαμερικανικός πόλεμος]]: [[Σώμα Πεζοναυτών των ΗΠΑ|Αμερικανοί πεζοναύτες]] αποβιβάζονται στην [[Κούβα]].\n*[[1911]] - Ο [[Γεώργιος Ε΄ του Ηνωμένου Βασιλείου|Γεώργιος Ε΄]] και η [[Μαίρη του Τεκ]] στέφονται [[Κατάλογος μοναρχών της Βρετανίας|βασιλιάς]] και [[Κατάλογος Βρετανικών βασιλικών συζύγων|βασίλισσα]] του [[Ηνωμένο Βασίλειο της Μεγάλης Βρετανίας και της Ιρλανδίας|Ηνωμένου Βασιλείου της Μεγάλης Βρετανίας και της Ιρλανδίας]].\n*[[1940]] - [[Β΄ Παγκόσμιος Πόλεμος]]: Η [[Γαλλία]] αναγκάζεται να υπογράψει [[ανακωχή]] με τη [[ναζιστική Γερμανία]].\n*[[1941]] - [[Ανατολικό μέτωπο (Β΄ Παγκόσμιος Πόλεμος)]]: Οι [[Ναζιστική Γερμανία|Γερμανοί]] εισβάλλουν στη [[Ένωση Σοβιετικών Σοσιαλιστικών Δημοκρατιών|Σοβιετική Ένωση]].\n*[[1963]] - Δίδεται στη δημοσιότητα το πόρισμα του εισαγγελέα του [[Άρειος Πάγος|Αρείου Πάγου]] Α. Γεωργίου για τη δολοφονία του [[Γρηγόρης Λαμπράκης|Γρηγόρη Λαμπράκη]], το οποίο επιρρίπτει την ευθύνη στον αστυνομικό διευθυντή [[Θεσσαλονίκη|Θεσσαλονίκης]] Ευθύμιο Καμουτσή και τους αξιωματικούς που επιτηρούσαν τη φύλαξη της συγκέντρωσης.\n*[[1986]] - Ο [[Ντιέγκο Μαραντόνα]] σκοράρει με «[[το χέρι του Θεού]]» στον αγώνα μεταξύ της [[Εθνική Αργεντινής (ποδόσφαιρο ανδρών)|Αργεντινής]] και της [[Εθνική Αγγλίας (ποδόσφαιρο ανδρών)|Αγγλίας]] για τα προημιτελικά του [[Παγκόσμιο Κύπελλο Ποδοσφαίρου 1986|Παγκοσμίου Κυπέλλου Ποδοσφαίρου]]. Αργότερα ακολούθησε το «γκολ του αιώνα» επίσης από τον Μαραντόνα. Η Αργεντινή κερδίζει με 2-1 και στη συνέχεια θα κατακτήσει το παγκόσμιο κύπελλο.\n== Γεννήσεις ==\n*[[916]] - [[Σαΐφ αλ-Ντάουλα]], εμίρης του Χαλεπίου\n*[[1370]] - [[Ιωάννης του Γκέρλιτς|Ιωάννης]], δούκας του Γκέρλιτς\n*[[1767]] - [[Βίλχελμ φον Χούμπολτ]], Γερμανός φιλόσοφος και πολιτικός\n*[[1837]] - [[Ερνστ Τσίλλερ]], Γερμανός αρχιτέκτονας\n*[[1844]] - [[Όσκαρ φον Γκέμπχαρντ]], Γερμανός θεολόγος και βιβλιοθηκονόμος\n*[[1856]] - [[Χένρυ Ράιντερ Χάγκαρντ]], Άγγλος συγγραφέας\n*[[1874]] - [[Βίγκο Γιένσεν]], Δανός αθλητής\n*[[1895]] - [[Αρχιεπίσκοπος Ιάκωβος|Ιάκωβος]], Αρχιεπίσκοπος Αθηνών και πάσης Ελλάδος\n*[[1898]] - [[Έριχ Μαρία Ρεμάρκ]], Γερμανός συγγραφέας\n*[[1903]] - [[Τζίρο Χορικόσι]], Ιάπωνας σχεδιαστής αεροσκαφών\n*[[1905]] - [[Κώστας Βικελίδης]], Έλληνας ποδοσφαιριστής\n*[[1906]] - [[Μπίλι Γουάιλντερ]], Αυστριακός σκηνοθέτης\n*[[1910]] - [[Κόνραντ Τσούζε]], Γερμανός μηχανικός και εφευρέτης\n*[[1924]] - [[Γιώργης Παυλόπουλος]], Έλληνας ποιητής\n*[[1930]] - [[Βάλτερ Μπονάττι]], Ιταλός ορειβάτης\n*[[1940]] - [[Έγκον Χένινγκερ]], Γερμανός κολυμβητής\n*[[1949]] - [[Μέριλ Στριπ]], Αμερικανίδα ηθοποιός\n*[[1953]] - [[Σίντι Λόπερ|Cyndi Lauper]], Αμερικανίδα τραγουδίστρια, στιχουργός, ηθοποιός και ακτιβίστρια\n*[[1964]] - [[Νταν Μπράουν]], Αμερικανός συγγραφέας\n*[[1965]] - [[Ναταλία Γερμανού]], Ελληνίδα δημοσιογράφος και στιχουργός\n*[[1969]] - [[Ξενοφών Γήττας]], Έλληνας ποδοσφαιριστής\n*[[1974]] - [[Τζο Κοξ]], Αγγλίδα πολιτικός\n*[[1984]] - [[Γιώργος Αποστολίδης]], Έλληνας καλαθοσφαιριστής\n*[[1985]] - [[Σοφοκλής Σχορτσιανίτης]], Έλληνας καλαθοσφαιριστής\n*[[1993]] - [[Λορίς Κάριους]], Γερμανός ποδοσφαιριστής\n\n== Θάνατοι ==\n*[[910]] - [[Γκέμπχαρντ της Λωρραίνης|Γκέμπχαρντ]], δούκας της Λωρραίνης\n*[[1276]] - [[Πάπας Ιννοκέντιος Ε΄]]\n*[[1695]] - [[Σουλεϊμάν Β΄]], Οθωμανός σουλτάνος\n*[[1727]] - [[Γεώργιος Α΄ της Μεγάλης Βρετανίας|Γεώργιος Α΄]], βασιλιάς της Μεγάλης Βρετανίας\n*[[1937]] - [[Ζαν-Ζοζέφ Ραμπεαριβέλο]], Μαλαγάσιος ποιητής\n*[[1965]] - [[Ντέιβιντ Ο. Σέλζνικ]], Αμερικανός κινηματογραφικός παραγωγός\n*[[1969]] - [[Τζούντι Γκάρλαντ]], Αμερικανίδα ηθοποιός\n*[[1980]] - [[Δημήτρης Παρτσαλίδης]], Έλληνας πολιτικός\n*[[1981]] - [[Απόστολος Γκρόζος]], Έλληνας πολιτικός\n*[[1987]] - [[Φρεντ Ασταίρ]], Αμερικανός τραγουδιστής, χορευτής και ηθοποιός\n*[[1990]] - [[Ιλιά Φρανκ]], Ρώσος φυσικός\n*[[1993]] - [[Πατ Νίξον]], Αμερικανίδα οικονομολόγος\n*[[1994]] - [[Ισίδωρος Μαυριδόγλου]], Έλληνας πολιτικός\n*[[1996]] - [[Νώντας Σαμαρτζίδης]], Έλληνας υδατοσφαιριστής\n*[[1997]] - [[Γιώργος Κατσαρός (ρεμπέτης)|Γιώργος Κατσαρός]], Έλληνας ρεμπέτης\n*[[2003]] - [[Βασίλι Μπικόφ]], Λευκορώσος συγγραφέας\n*[[2015]] - [[Λάουρα Αντονέλι]], Ιταλίδα ηθοποιός\n*[[2017]] - [[Κετουμίλε Μασίρε]], πρόεδρος της Μποτσουάνας\n\n== Αργίες και εορτές ==\n\n=== [[Ορθόδοξη Εκκλησία]] ===\n{{Πύλη:Ορθοδοξία/Εορτολόγιο/22 Ιουνίου}}\n\n{{Μήνες}}\n\n[[Κατηγορία:Ημέρες του έτους]]"}}}]}]}}