{"batchcomplete":true,"query":{"normalized":[{"fromencoded":false,"from":"22_Νοεμβρίου","to":"22 Νοεμβρίου"}],"pages":[{"pageid":3576,"ns":0,"title":"22 Νοεμβρίου","revisions":[{"slots":{"main":{"contentmodel":"wikitext","contentformat":"text/x-wiki","content":"{{Μήνες Νοεμβρίου}}\n\n<center>[[21 Νοεμβρίου]] | '''22 Νοεμβρίου''' | [[23 Νοεμβρίου]]</center>\n\n----\nΗ '''22α Νοεμβρίου''' είναι η 326η ημέρα του έτους κατά το [[Γρηγοριανό ημερολόγιο]] (327η σε δίσεκτα έτη). Υπολείπονται 39 ημέρες.\n\n{{ΗμερολόγιοΣεΠίνακα|11}}\n\n== Γεγονότα ==\n*[[498]] - Μετά το θάνατο του [[Πάπας Αναστάσιος Β΄|Πάπα Αναστάσιου Β΄]], ο [[Πάπας Σύμμαχος]] εκλέγεται στο ανάκτορο του Λατερανού, ενώ στη Σάντα Μαρία Ματζόρε εκλέγεται ο [[Αντίπαπας Λαυρέντιος]].\n*[[1307]] - Ο [[Πάπας Κλήμης Ε΄]] εκδίδει την παπική βούλα ''Pastoralis Praeeminentiae'', με την οποία δίνει την εντολή στους Χριστιανούς μονάρχες στην [[Ευρώπη]] να συλλάβουν όλους τους [[Ναΐτες Ιππότες]] και να κατάσχουν τα περιουσιακά τους στοιχεία.\n*[[1574]] - Ανακαλύπτεται το [[αρχιπέλαγος Χουάν Φερνάντες]] στα ανοικτά της [[Χιλή]]ς.\n*[[1718]] - Ο [[Μεγάλη Βρετανία|Βρετανός]] πειρατής Έντουαρντ Τιτς (γνωστός ως \"[[Μαυρογένης (πειρατής)|Μαυρογένης]]\") σκοτώνεται σε μάχη έξω από τις ακτές της [[Βόρεια Καρολίνα|Βόρειας Καρολίνας]] από μία δύναμη του [[Βασιλικό Ναυτικό|Βασιλικού Ναυτικού]] υπό τον υποπλοίαρχο Ρόμπερτ Μέιναρντ.\n*[[1869]] - Καθελκύεται στο Νταμπάρτον της [[Σκωτία|Σκωτίας]] το ιστιοφόρο [[Κάτυ Σαρκ (ιστιοφόρο)|Κάτυ Σαρκ]], ένα από τα τελευταία που κατασκευάστηκαν ποτέ και το μόνο που σώζεται σήμερα.\n*[[1928]] - Λαμβάνει χώρα στο [[Παρίσι]] η πρώτη παρουσίαση του ''Μπολερό'' του [[Μωρίς Ραβέλ]].\n*[[1940]] - [[Β΄ Παγκόσμιος Πόλεμος]]: Μετά την αρχική [[Ελληνοϊταλικός Πόλεμος|ιταλική εισβολή]], τα [[Βασίλειο της Ελλάδας|ελληνικά]] στρατεύματα αντεπιτίθενται στην υπό ιταλική κατοχή [[Βασίλειο της Αλβανίας (1939-1943)|Αλβανία]] και καταλαμβάνουν την [[Κορυτσά]].\n*[[1942]] - [[Β΄ Παγκόσμιος Πόλεμος]]: [[Μάχη του Στάλινγκραντ]]. Ο στρατηγός [[Φρίντριχ Πάουλους]] στέλνει [[Τηλεγραφία|τηλεγράφημα]] στον [[Αδόλφος Χίτλερ|Αδόλφο Χίτλερ]] λέγοντάς του ότι η 6η Στρατιά είναι περικυκλωμένη. \n*[[1943]] - [[Β΄ Παγκόσμιος Πόλεμος]]: [[Διάσκεψη του Καΐρου]]. Ο [[Ηνωμένες Πολιτείες Αμερικής|Αμερικανός]] πρόεδρος [[Φραγκλίνος Ρούζβελτ]], ο [[Μεγάλη Βρετανία|Βρετανός]] πρωθυπουργός [[Ουίνστον Τσώρτσιλ]] και ο [[Δημοκρατία της Κίνας|Κινέζος]] πρωθυπουργός [[Τσιανγκ Κάι Σεκ]] συναντώνται στο [[Κάιρο]] για να συζητήσουν τρόπους για να νικήσουν την [[Ιαπωνία]].\n*[[1943]] - Ο [[Λίβανος]] αποκτά την ανεξαρτησία του από τη [[Γαλλία]].\n*[[1956]] - Αρχίζουν στη [[Μελβούρνη]] της [[Αυστραλία|Αυστραλίας]] οι [[Θερινοί Ολυμπιακοί Αγώνες 1956|Θερινοί Ολυμπιακοί Αγώνες]]. \n*[[1963]] - Στο [[Ντάλας]] του [[Τέξας]], [[Δολοφονία του Τζον Φιτζέραλντ Κένεντι|δολοφονείται ο πρόεδρος των Η.Π.Α. Τζον Φιτζέραλντ Κένεντι]] και τραυματίζεται σοβαρά ο κυβερνήτης του Τέξας Τζον Κόναλι. Αργότερα συλλαμβάνεται ως ύποπτος ο [[Λη Χάρβεϊ Όσβαλντ]] και κατηγορείται για τη δολοφονία τόσο του Αμερικανού προέδρου όσο και του αστυνομικού Τζ. Ντ. Τίπιτ. \n*[[1963]] - Ο [[Ηνωμένες Πολιτείες Αμερικής|Αμερικανός]] αντιπρόεδρος [[Λύντον Τζόνσον]] ορκίζεται ως ο 36ος [[πρόεδρος των Ηνωμένων Πολιτειών]] μετά τη [[δολοφονία του Τζον Φιτζέραλντ Κένεντι]]. \n*[[1963]] - Πεθαίνουν οι συγγραφείς [[Άλντους Χάξλεϋ]] και [[Κλάιβ Στέιπλς Λιούις]]. \n*[[1963]] - Οι [[The Beatles|Beatles]] κυκλοφορούν τον δίσκο ''[[With The Beatles]]''.\n*[[1968]] - Οι [[The Beatles|Beatles]] κυκλοφορούν τον δίσκο ''[[The Beatles (άλμπουμ)|The Beatles]]'' (γνωστό ευρέως ως ''The White Album'').\n*[[1974]] - Η [[Γενική Συνέλευση του Οργανισμού Ηνωμένων Εθνών]] παρέχει το καθεστώς του παρατηρητή στην [[Οργάνωση για την Απελευθέρωση της Παλαιστίνης]].\n*[[1975]] - Ο [[Χουάν Κάρλος Α΄ της Ισπανίας|Χουάν Κάρλος]] ανακηρύσσεται [[Κατάλογος μοναρχών της Ισπανίας|βασιλιάς της Ισπανίας]] μετά το θάνατο του [[Φρανθίσκο Φράνκο]]. \n*[[1977]] - Η [[British Airways]] εγκαινιάζει κανονική υπερηχητική πτήση με [[Κονκόρντ]] από το [[Λονδίνο]] προς τη [[Νέα Υόρκη]].\n*[[1986]] - Ο [[Μάικ Τάισον]] από το [[Μπρούκλιν]] γίνεται σε ηλικία 20 ετών ο νεαρότερος πρωταθλητής βαρέων βαρών στην ιστορία της [[Πυγμαχία|πυγμαχίας]].\n* [[2004]] - Στην [[Ουκρανία]] ξεκινά η [[Πορτοκαλί Επανάσταση]].\n* [[2005]] - Το γερμανικό κοινοβούλιο εκλέγει την [[Άνγκελα Μέρκελ]] στο αξίωμα του καγκελάριου της [[Γερμανία]]ς. Είναι η πρώτη γυναίκα καγκελάριος της Γερμανίας, και πρώτος πρώην πολίτης της [[Λαϊκή Δημοκρατία της Γερμανίας|Γερμανικής Λαϊκής Δημοκρατίας]] που υπήρξε καγκελάριος της επανενωμένης Γερμανίας.\n\n== Γεννήσεις ==\n*[[1515]] - [[Μαρία του Γκιζ]], βασίλισσα της Σκωτίας\n*[[1532]] - [[Άννα της Δανίας, Εκλέκτορας της Σαξονίας|Άννα της Σαξονίας]], Εκλέκτορας της Σαξονίας, ιατρός, φαρμακοποιός, αλχημίστρια\n*[[1744]] - [[Άμπιγκεϊλ Άνταμς]], Αμερικανή πολιτικός\n*[[1767]] - [[Αντρέας Χόφερ]], Αυστριακός πανδοχέας και αγωνιστής\n*[[1819]] - [[Τζορτζ Έλιοτ]], Αγγλίδα συγγραφέας\n*[[1869]] - [[Αντρέ Ζιντ]], Γάλλος συγγραφέας\n*[[1877]] - [[Έντρε Όντυ]], Ούγγρος ποιητής\n*[[1890]] - [[Ελ Λισίτσκι]], Ρώσος φωτογράφος και αρχιτέκτονας\n*[[1890]] - [[Σαρλ ντε Γκωλ]], Γάλλος στρατηγός και πολιτικός\n*[[1892]] - [[Έμμα Τίλμαν]], Αμερικανίδα υπεραιωνόβια\n*[[1898]] - [[Χοσέ Μαρία Χιλ Ρόμπλες ι Κινιόνες]], Ισπανός πολιτικός\n*[[1901]] - [[Χοακίν Ροδρίγο]], Ισπανός συνθέτης\n*[[1904]] - [[Λουί Νεέλ]], Γάλλος φυσικός\n*[[1913]] - [[Μπέντζαμιν Μπρίτεν]], Άγγλος συνθέτης, διευθυντής ορχήστρας και πιανίστας\n*[[1924]] - [[Τζέραλντιν Πέιτζ]], Αμερικανίδα ηθοποιός\n*[[1930]] - [[Κώστας Ρηγόπουλος]], Έλληνας ηθοποιός\n*[[1932]] - [[Ρόμπερτ Βον]], Αμερικανός ηθοποιός\n*[[1934]] - [[Ρίτα Σακελλαρίου]], Ελληνίδα τραγουδίστρια\n*[[1940]] - [[Αντρέι Ζουλάφσκι]], Πολωνός σκηνοθέτης\n*[[1943]] - [[Μπίλυ Τζιν Κινγκ]], Αμερικανίδα αντισφαιρίστρια\n*[[1958]] - [[Τζέιμι Λι Κέρτις]], Αμερικανίδα ηθοποιός\n*[[1965]] - [[Μαντς Μίκελσεν]], Δανός ηθοποιός\n*[[1967]] - [[Μαρκ Ράφαλο]], Αμερικανός ηθοποιός\n*[[1976]] - [[Βίλε Βάλο]], Φινλανδός τραγουδιστής ([[HIM]])\n*[[1984]] - [[Σκάρλετ Τζοχάνσον]], Αμερικανίδα ηθοποιός\n*[[1986]] - [[Όσκαρ Πιστόριους]], Νοτιοαφρικανός δρομέας\n*[[1987]] - [[Μαρουάν Φελαϊνί]], Βέλγος ποδοσφαιριστής\n*[[1988]] - [[Γιώργος Γεροντιδάκης]], Έλληνας ηθοποιός\n\n== Θάνατοι ==\n*[[365]] - [[Αντίπαπας Φήλιξ Β΄]]\n*[[950]] - [[Λοθάριος Β΄ της Ιταλίας|Λοθάριος Β΄]], βασιλιάς της Ιταλίας\n*[[1233]] - [[Ελένη της Δανίας]], δούκισσα του Λύνεμπουργκ\n*[[1617]] - [[Αχμέτ Α΄]], Οθωμανός σουλτάνος\n*[[1718]] - [[Μαυρογένης (πειρατής)|Μαυρογένης]], Άγγλος πειρατής\n*[[1824]] - [[Θεόδωρος Νέγρης (πολιτικός)|Θεόδωρος Νέγρης]], Έλληνας πολιτικός\n*[[1828]] - [[Τζωρτζ Άιζαρντ]], Αμερικανός στρατηγός\n*[[1900]] - [[Άρθουρ Σάλιβαν]], Άγγλος συνθέτης\n*[[1907]] - [[Έιζαφ Χωλ]], Αμερικανός αστρονόμος\n*[[1916]] - [[Τζακ Λόντον]], Αμερικανός δημοσιογράφος και συγγραφέας\n*[[1921]] - [[Εμίλ Μπουτρού]], Γάλλος φιλόσοφος\n*[[1930]] - [[Αύγουστος Χάιζενμπεργκ]], Γερμανός βυζαντινολόγος\n*[[1933]] - [[Λάζαρος Τσάμης]], Έλληνας αγωνιστής\n*[[1944]] - [[Άρθουρ Στάνλεϋ Έντινγκτον]], Άγγλος αστροφυσικός\n*[[1954]] - [[Μορόνι Όλσεν]], Αμερικανός ηθοποιός\n*[[1963]] - [[Τζον Φιτζέραλντ Κένεντι]], 35ος πρόεδρος των Η.Π.Α.\n*[[1963]] - [[Άλντους Χάξλεϋ]], Άγγλος συγγραφέας\n*[[1963]] - [[Κλάιβ Στέιπλς Λιούις]], Βρετανός συγγραφέας\n*[[1971]] - [[Ζεζ Κόνφρεϋ]], Αμερικανός συνθέτης και ερμηνευτής\n*[[1982]] - [[Τζιν Μπάτεν]], Νεοζηλανδή αεροπόρος\n*[[1988]] - [[Λουίς Μπαραγάν]], Μεξικανός αρχιτέκτονας\n*[[1995]] - [[Μάριος Αγγελόπουλος]], Έλληνας καλλιτέχνης\n*[[2007]] - [[Μωρίς Μπεζάρ]], Γάλλος χορογράφος\n*[[2008]] - [[Ιμπραχίμ Ναζίρ]], πρόεδρος των Μαλδίβων\n*[[2011]] - [[Αργύρης Κουνάδης]], Έλληνας συνθέτης\n*[[2015]] - [[Κιμ Γιόνγκ-σαμ]], Νοτιοκορεάτης πολιτικός\n*[[2016]] - [[Θωμάς Κουτσομπίνας]], Έλληνας γιατρός και πολιτικός\n\n== Αργίες και εορτές ==\n=== [[Ορθόδοξη Εκκλησία]] ===\n{{Πύλη:Ορθοδοξία/Εορτολόγιο/22 Νοεμβρίου}}\n\n\n{{Μήνες}}\n\n[[Κατηγορία:Ημέρες του έτους]]"}}}]}]}}