{"batchcomplete":true,"query":{"normalized":[{"fromencoded":false,"from":"22_Δεκεμβρίου","to":"22 Δεκεμβρίου"}],"pages":[{"pageid":3750,"ns":0,"title":"22 Δεκεμβρίου","revisions":[{"slots":{"main":{"contentmodel":"wikitext","contentformat":"text/x-wiki","content":"{{Μήνες Δεκεμβρίου}}\n\n<center>[[21 Δεκεμβρίου]] | '''22 Δεκεμβρίου''' | [[23 Δεκεμβρίου]]</center>\n\n----\nΗ '''22α Δεκεμβρίου''' είναι η 356η ημέρα του έτους κατά το [[Γρηγοριανό ημερολόγιο]] (357η σε δίσεκτα έτη). Υπολείπονται 9 ημέρες.\n\n{{ΗμερολόγιοΣεΠίνακα|12}}\n\n==Γεγονότα==\n*[[69]] - Ο αυτοκράτορας [[Βιτέλλιος]] συλλαμβάνεται και δολοφονείται στη [[Αρχαία Ρώμη|Ρώμη]].\n*[[401]] - Εκλέγεται ο [[Πάπας Ιννοκέντιος Α΄]].\n*[[856]] - [[Σεισμός]] στην περιοχή Νταμγκάν της [[Ιράν|Περσίας]] σκοτώνει περίπου 200.000 άτομα. Πρόκειται για τον έκτο πιο θανατηφόρο σεισμό στην καταγεγραμμένη ιστορία. \n*[[1135]] - Ο [[Στέφανος της Αγγλίας|Στέφανος]] γίνεται [[Κατάλογος Άγγλων μοναρχών|βασιλιάς της Αγγλίας]].\n*[[1216]] - Ο [[Πάπας Ονώριος Γ΄]] εγκρίνει με παπική βούλα το [[Τάγμα των Δομινικανών]].\n*[[1790]] - Ο [[Αλεξάντερ Βασίλιεβιτς Σουβόροφ]] και τα [[Ρωσία|ρωσικά]] στρατεύματά του εισβάλουν και καταλαμβάνουν το [[Οθωμανική Αυτοκρατορία|οθωμανικό]] οχυρό του [[Πολιορκία του Ισμαηλίου (1790)|Ισμαηλίου]].\n*[[1807]] - Με την προτροπή του [[Πρόεδρος των Ηνωμένων Πολιτειών|προέδρου των Η.Π.Α.]], [[Τόμας Τζέφερσον]], το [[Κογκρέσο των Ηνωμένων Πολιτειών]] εγκρίνει εμπάργκο, με το οποίο απαγορεύονται οι εμπορικές συναλλαγές με όλες τις χώρες του εξωτερικού.\n*[[1808]] - Ο [[Λούντβιχ βαν Μπετόβεν]] παρουσιάζει στη [[Βιέννη]] για πρώτη φορά την [[5η Συμφωνία (Μπετόβεν)|5η Συμφωνία]], την [[6η Συμφωνία (Μπετόβεν)|6η Συμφωνία]], το Κοντσέρτο αρ. 4 για πιάνο (εκτελεσμένο από τον ίδιο τον Μπετόβεν) και τη Φαντασία για πιάνο, χορωδία και ορχήστρα (με τον Μπετόβεν στο πιάνο).\n*[[1885]] - Ο [[σαμουράι]] [[Ιτό Χιρομπούμι]] γίνεται ο πρώτος [[πρωθυπουργός της Ιαπωνίας]].\n*[[1891]] - Η [[323 Μπρούσια]] είναι ο πρώτος αστεροειδής που ανακαλύπτεται από φωτογραφία.\n*[[1894]] - Αρχίζει η [[υπόθεση Ντρέιφους]] στη [[Γαλλία]], όταν ο Άλφρεντ Ντρέιφους καταδικάζεται εσφαλμένα για [[προδοσία]].\n*[[1920]] - Το 8ο [[Συνέδριο των Σοβιέτ]] υιοθετεί το [[σχέδιο GOELRO]].\n*[[1940]] - [[Β΄ Παγκόσμιος Πόλεμος]]: [[Μάχη της Χειμάρρας]]. Ο [[Ελλάδα|ελληνικός]] στρατός καταλαμβάνει τη [[Χειμάρρα]]. \n*[[1940]] – Το [[Παπανικολής Ι (υποβρύχιο)|υποβρύχιο ''Παπανικολής'']] βυθίζει το [[Ιταλία|ιταλικό]] ιστιοφόρο ''Antonietta''.\n*[[1944]] - [[Β΄ Παγκόσμιος Πόλεμος]]: [[Μάχη των Αρδεννών]]. Τα [[Ναζιστική Γερμανία|γερμανικά]] στρατεύματα απαιτούν την παράδοση των [[Ηνωμένες Πολιτείες Αμερικής|αμερικανικών]] στρατευμάτων στη [[Μπαστόν]] του [[Βέλγιο|Βελγίου]].\n*[[1963]] - Το [[κρουαζιερόπλοιο]] ''Λακωνία'' φλέγεται σε απόσταση 290 χιλιομέτρων βόρεια της [[Μαδέρα]] στην [[Πορτογαλία]] με απολογισμό 128 νεκρούς.\n*[[1964]] - Πραγματοποιείται στην [[Καλιφόρνια]] η πρώτη δοκιμαστική πτήση του [[Lockheed SR-71 Blackbird]]. \n*[[1964]] - [[Γαλλία|Γαλλική]] αρχαιολογική αποστολή ανακαλύπτει [[Αρχαία Ελλάδα|αρχαία ελληνική]] πόλη στο βόρειο [[Αφγανιστάν]], κοντά στον [[Παντζ (ποταμός)|ποταμό Παντζ]].\n*[[1966]] - Ύστερα από διαβουλεύσεις με όλα τα κόμματα, ο βασιλιάς [[Κωνσταντίνος Β΄ της Ελλάδας|Κωνσταντίνος]] αναθέτει εντολή σχηματισμού μεταβατικής κυβέρνησης στο διοικητή της [[Εθνική Τράπεζα της Ελλάδος|Εθνικής Τράπεζας]] [[Ιωάννης Π. Παρασκευόπουλος|Ιωάννη Παρασκευόπουλο]]. Τη νέα [[Κυβέρνηση Ιωάννη Παρασκευόπουλου 1966|κυβέρνηση]] στηρίζουν, με δηλώσεις τους, οι αρχηγοί της [[Εθνική Ριζοσπαστική Ένωσις|Ε.Ρ.Ε.]], [[Παναγιώτης Κανελλόπουλος]], και της [[Ένωσις Κέντρου|Ένωσης Κέντρου]], [[Γεώργιος Παπανδρέου]], ενώ η [[Ενιαία Δημοκρατική Αριστερά|Ε.Δ.Α.]] κατηγορεί τον τελευταίο για συνθηκολόγηση με το παλάτι και τη Δεξιά.\n*[[1974]] - Η [[Μεγάλη Κομόρα]], το [[Ανζουάν]] και το [[Μοελί]] ψηφίζουν υπέρ της ανεξαρτητοποίησής τους ως [[Κομόρες]]. Η [[Μαγιότ]] παρεμένει υπό [[Γαλλία|γαλλική]] διοίκηση.\n*[[1978]] - Πραγματοποιείται στο [[Πεκίνο]] η Τρίτη Ολομέλεια του 11ου Εθνικού Συνεδρίου του [[Κομμουνιστικό Κόμμα Κίνας|Κομμουνιστικού Κόμματος της Κίνας]], με τον [[Τενγκ Σιαοπίνγκ]] να αναστρέφει την πολιτική του [[Μάο Τσετούνγκ]] για να ακολουθήσει ένα πρόγραμμα για την οικονομική μεταρρύθμιση της [[Κίνα|Κίνας]].  \n*[[1989]] - Ο [[Κομμουνισμός|κομμουνιστής]] [[πρόεδρος της Ρουμανίας]] [[Νικολάε Τσαουσέσκου]] ανατρέπεται από τον [[Ιόν Ιλιέσκου]]. Ο Τσαουσέσκου και η σύζυγός του εγκαταλείπουν το [[Βουκουρέστι]] με ελικόπτερο.\n*[[1989]] - Ανοίγει ξανά μετά από σχεδόν 30 χρόνια η [[Πύλη του Βρανδεμβούργου]] στο [[Βερολίνο]], δίνοντας τέλος ουσιαστικά στη διαίρεση της [[Λαοκρατική Δημοκρατία της Γερμανίας|Ανατολικής]] και [[Δυτική Γερμανία|Δυτικής Γερμανίας]].\n*[[1990]] - Ο [[Λεχ Βαλέσα]] εκλέγεται πρόεδρος της [[Πολωνία]]ς.\n*[[1990]] - Λήγει η [[Συμβούλιο Κηδεμονίας του Οργανισμού Ηνωμένων Εθνών|κηδεμονία]] των [[Νήσοι Μάρσαλ|Νήσων Μάρσαλ]] και των [[Ομόσπονδες Πολιτείες της Μικρονησίας|Ομόσπονδων Πολιτειών της Μικρονησίας]].\n*[[1997]] - Παραστρατιωτικές δυνάμεις σφάζουν [[Καθολική Εκκλησία|Καθολικούς]] ακτιβιστές σ' ένα μικρό χωριό στην πολιτεία [[Τσιάπας]] του [[Μεξικό|Μεξικού]]. \n*[[2001]] - Ο [[Χαμίντ Καρζάι]] γίνεται πρόεδρος του [[Αφγανιστάν]].\n\n==Γεννήσεις==\n*[[244]] - [[Διοκλητιανός]], Ρωμαίος αυτοκράτορας\n*[[1095]] - [[Ρογήρος Β΄ της Σικελίας|Ρογήρος Β΄]], βασιλιάς της Σικελίας\n*[[1459]] - [[Τζεμ Σουλτάν]], Οθωμανός πρίγκιπας\n*[[1639]] - [[Ρακίνας]], Γάλλος θεατρικός συγγραφέας\n*[[1723]] - [[Καρλ Φρίντριχ Άμπελ]], Γερμανός συνθέτης\n*[[1799]] - [[Κάρολος Β΄ της Πάρμας|Κάρολος Β΄]], δούκας της Πάρμας\n*[[1844]] - [[Τσαρλς Φράνσις Ρίτσελ]], Αμερικανός εφευρέτης\n*[[1858]] - [[Τζάκομο Πουτσίνι]], Ιταλός συνθέτης\n*[[1859]] - [[Εμμανουήλ Χ. Ζυμβρακάκης]], Έλληνας στρατιωτικός\n*[[1875]] - [[Αλέξανδρος Διομήδης]], Έλληνας τραπεζίτης και πολιτικός\n*[[1876]] - [[Φιλίππο Τομάζο Μαρινέττι]], Ιταλός ποιητής\n*[[1882]] - [[Ευγένιος Ευγενίδης]], Έλληνας εφοπλιστής και μεγάλος Εθνικός Ευεργέτης\n*[[1884]] - [[Άλμπιν Γκράου]], Γερμανός κινηματογραφικός παραγωγός\n*[[1887]] - [[Σρινιβάσα Ραμανούτζαν]], Ινδός μαθηματικός\n*[[1894]] - [[Πέτρος Επιτροπάκης]], Έλληνας τενόρος\n*[[1908]] - [[Μαξ Μπιλ]], Ελβετός αρχιτέκτονας\n*[[1915]] - [[Νίκος Μπελογιάννης]], Έλληνας πολιτικός\n*[[1917]] - [[Φράνκι Ντάρο]], Αμερικανός ηθοποιός\n*[[1921]] - [[Δημήτρης Φάμπας]], Έλληνας κιθαρίστας\n*[[1925]] - [[Λευτέρης Αντωνιάδης]], Έλληνας ποδοσφαιριστής\n*[[1933]] - [[Χρύσανθος Θεοδωρίδης]], Έλληνας τραγουδιστής\n*[[1934]] - [[Αντρέι Ιορντάν]], πρωθυπουργός της Κιργιζίας\n*[[1947]] - [[Πορφίριο Λόμπο]], πρόεδρος της Ονδούρας\n*[[1959]] - [[Νουρεντίν Μπεντουί]], Αλγερινός πολιτικός\n*[[1960]] - [[Ζαν Μισέλ Μπασκιά]], Αμερικανός καλλιτέχνης\n*[[1962]] - [[Ρέιφ Φάινς]], Άγγλος ηθοποιός\n*[[1970]] - [[Τεντ Κρουζ]], Αμερικανός πολιτικός\n*[[1978]] - [[Εμμάνουελ Ολισαντέμπε]], Νιγηριανός ποδοσφαιριστής\n*[[1984]] - [[Basshunter]], Σουηδός τραγουδιστής\n\n==Θάνατοι==\n*[[69]] - [[Βιτέλλιος]], Ρωμαίος αυτοκράτορας\n*[[1397]] - [[Γκυ Β΄ του Μπλουά|Γκυ Β']], κόμης του Μπλουά\n*[[1419]] - [[Αντίπαπας Ιωάννης ΚΓ΄]]\n*[[1666]] - [[Γκουερτσίνο]], Ιταλός ζωγράφος\n*[[1707]] - [[Πάολο Καζάτι]], Ιταλός μαθηματικός\n*[[1867]] - [[Ζαν Βικτόρ Πονσελέ]], Γάλλος μαθηματικός\n*[[1880]] - [[Τζορτζ Έλιοτ]], Αγγλίδα συγγραφέας και δημοσιογράφος\n*[[1918]] - [[Αριστείδης Μωραϊτίνης (αεροπόρος)|Αριστείδης Μωραϊτίνης]], Έλληνας αεροπόρος\n*[[1919]] - [[Χέρμαν Βάινγκερτνερ]], Γερμανός αθλητής της γυμναστικής\n*[[1939]] - [[Μα Ρέινι]], Αμερικανίδα τραγουδίστρια\n*[[1966]] - [[Θωμάς Ε. Υψηλάντης]], Έλληνας πολιτικός\n*[[1985]] - [[Μήτση Κωνσταντάρα]], Ελληνίδα ηθοποιός\n*[[1989]] - [[Σάμιουελ Μπέκετ]], Ιρλανδός συγγραφέας\n*[[1991]] - [[Ευάγγελος Κανόναρχος]], Έλληνας πολιτικός\n*[[1992]] - [[Φρέντερικ Φρανς]], Αμερικανός θρησκευτικός ηγέτης\n*[[1996]] - [[Ραφαήλ Ντενόγιας]], Έλληνας ηθοποιός και τενόρος\n*[[2005]] - [[Γιώργος Μαρμαρίδης]], Έλληνας σκοπευτής, δημοσιογράφος και συγγραφέας\n*[[2006]] - [[Γιελένα Μούχινα]], Ρωσίδα αθλήτρια της γυμναστικής\n*[[2007]] - [[Αρχιεπίσκοπος Κύπρου Χρυσόστομος Α΄]]\n*[[2008]] - [[Λανσάνα Κοντέ]], πρόεδρος της Γουινέας\n*[[2013]] - [[Βίκτωρ Σαριγιαννίδης]], Ρώσος αρχαιολόγος\n*[[2014]] - [[Τζο Κόκερ]], Άγγλος τραγουδιστής\n\n==Αργίες και εορτές==\n=== [[Ορθόδοξη Εκκλησία]] ===\n{{Πύλη:Ορθοδοξία/Εορτολόγιο/22 Δεκεμβρίου}}\n{{commonscat|22 December}}\n== Βλέπε επίσης ==  \n[[22 Νοεμβρίου]] - [[22 Ιανουαρίου]]\n\n{{Μήνες}}\n\n[[Κατηγορία:Ημέρες του έτους]]"}}}]}]}}