{"batchcomplete":true,"query":{"normalized":[{"fromencoded":false,"from":"22_Ιουλίου","to":"22 Ιουλίου"}],"pages":[{"pageid":2869,"ns":0,"title":"22 Ιουλίου","revisions":[{"slots":{"main":{"contentmodel":"wikitext","contentformat":"text/x-wiki","content":"{{χωρίς παραπομπές|15|01|2022}}\n\n{{Μήνες Ιουλίου}}\n\n<center>[[21 Ιουλίου]] | '''22 Ιουλίου''' | [[23 Ιουλίου]]</center>\n\n----\nΗ '''22α Ιουλίου''' είναι η 203η ημέρα του έτους κατά το [[Γρηγοριανό ημερολόγιο]] (204η σε δίσεκτα έτη). Υπολείπονται 162 ημέρες.\n\n{{ΗμερολόγιοΣεΠίνακα|7}}\n\n== Γεγονότα ==\n*[[838]] - Ο [[Βυζαντινή Αυτοκρατορία|Βυζαντινός αυτοκράτορας]] [[Θεόφιλος (αυτοκράτορας)|Θεόφιλος]] ηττάται από τους [[Χαλιφάτο των Αββασιδών|Αββασίδες]] στη [[μάχη του Δαζιμώνος]].\n*[[1099]] - [[Α΄ Σταυροφορία]]: ο [[Γοδεφρείδος του Μπουιγιόν]] εκλέγεται προστάτης του [[Ναός της Αναστάσεως|Παναγίου Τάφου]] στο [[Βασίλειο της Ιερουσαλήμ]].\n*[[1209]] - Πραγματοποιείται η σφαγή της [[Μπεζιέ]], η πρώτη σημαντική στρατιωτική δράση της [[Σταυροφορία των Αλβιγηνών|σταυροφορίας των Αλβιγηνών]].\n*[[1456]] - Πολιορκία του [[Βελιγράδι|Βελιγραδίου]]: ο [[Ιωάννης Ουνιάδης]], αντιβασιλιάς του Βασιλείου της [[Ουγγαρία]]ς, νικά τον [[Μωάμεθ Β΄ ο Πορθητής|Μωάμεθ Β΄]] της [[Οθωμανική Αυτοκρατορία|Οθωμανικής αυτοκρατορίας]].  \n*[[1484]] - Μάχη του Λοχμάμπεν: μία ομάδα 500 ανδρών με επικεφαλής τον [[Αλέξανδρος Στιούαρτ, δούκας του Όλμπανυ|Αλέξανδρο Στιούαρτ, δούκα του Όλμπανυ]], και τον Ιάκωβο Ντάγκλας, 9ο κόμη του Ντάγκλας, ηττάται από [[Σκωτία|σκωτσέζικες]] δυνάμεις πιστές στον αδελφό του Όλμπανυ, [[Ιάκωβος Γ΄ της Σκωτίας|Ιάκωβο Γ΄ της Σκωτίας]]. Ο Ντάγκλας αιχμαλωτίζεται.\n*[[1686]] - Το [[Όλμπανι (Νέα Υόρκη)]] αποκτά επίσημα καταστατικό χάρτη ως δήμος.\n*[[1706]] - Οι επίτροποι από το [[Βασίλειο της Αγγλίας]] και το Βασίλειο της [[Σκωτία]]ς συμφωνούν στις [[Πράξεις της Ένωσης 1707|Πράξεις της Ένωσης του 1707]], οι οποίες αφού περάσουν από τα κοινοβούλια κάθε χώρας θα οδηγήσουν στη δημιουργία του [[Βασίλειο της Μεγάλης Βρετανίας|Βασιλείου της Μεγάλης Βρετανίας]].\n*[[1796]] - Ιδρύεται το [[Κλίβελαντ]] στο [[Οχάιο]].\n*[[1797]] - Ναυμαχία της [[Σάντα Κρουθ ντε Τενερίφε]]: [[Ισπανία|ισπανικές]] και [[Μεγάλη Βρετανία|βρετανικές]] ναυτικές δυνάμεις συγκρούονται κατά τη διάρκεια των [[Πόλεμοι της Γαλλικής Επανάστασης|Πολέμων της Γαλλικής Επανάστασης]]. Κατά τη διάρκεια της ναυμαχίας, ο υποναύαρχος [[Οράτιος Νέλσον]] τραυματίζεται στο χέρι, το οποίο εν μέρει θα ακρωτηριαστεί.  \n*[[1812]] - [[Ναπολεόντειοι Πόλεμοι]]: [[Ιβηρικός πόλεμος]]. Οι [[Ηνωμένο Βασίλειο|βρετανικές]] δυνάμεις νικούν τα [[Γαλλία|γαλλικά]] στρατεύματα κοντά στη [[Σαλαμάνκα]] της [[Ισπανία]]ς.\n*[[1864]] - [[Αμερικανικός Εμφύλιος Πόλεμος]]: μάχη της [[Ατλάντα]]. Δυνάμεις των [[Συνομόσπονδες Πολιτείες της Αμερικής|Συνομόσπονδων Πολιτειών της Αμερικής]] πραγματοποιούν αποτυχημένη επίθεση κατά των στρατευμάτων της [[Ένωση (Αμερικανικός Εμφύλιος Πόλεμος)|Ένωσης]]. \n*[[1916]] - Στο [[Σαν Φρανσίσκο]], εκρήγνυται βόμβα κατά τη διάρκεια παρέλασης σκοτώνοντας 10 άτομα και τραυματίζοντας 40. \n*[[1937]] - [[New Deal]]: η [[Γερουσία (ΗΠΑ)|Γερουσία των Η.Π.Α.]] καταψηφίζει την πρόταση του προέδρου [[Φραγκλίνος Ρούζβελτ|Φραγκλίνου Ρούζβελτ]] να προσθέσει περισσότερους δικαστές στο Ανώτατο Δικαστήριο των Ηνωμένων Πολιτειών.\n*[[1942]] - [[Ολοκαύτωμα]]: Αρχίζει η συστηματική μεταφορά [[Εβραίοι|Εβραίων]] από το γκέτο της [[Βαρσοβία]]ς.\n*[[1943]] - [[Β΄ Παγκόσμιος Πόλεμος]]: Οι [[Συμμαχικές δυνάμεις (Β' Παγκόσμιος Πόλεμος)|συμμαχικές δυνάμεις]] καταλαμβάνουν την [[Ιταλία|ιταλική]] πόλη [[Παλέρμο]].\n*[[1943]] - [[Β΄ Παγκόσμιος Πόλεμος]]: στην [[Κατοχή της Ελλάδας 1941-1944|κατεχόμενη]] [[Αθήνα]] πραγματοποιείται [[Γενική απεργία και διαδήλωση της 22ας Ιουλίου 1943 (Αθήνα)|μεγάλο συλλαλητήριο]] κατά της απόφασης επέκτασης της [[Βουλγαρική κατοχή ελληνικών εδαφών (1941-44)|βουλγαρικής κατοχής]] στη [[Μακεδονία (διαμέρισμα)|Μακεδονία]]. 30 διαδηλωτές χάνουν τη ζωή τους, 300 τραυματίζονται και 500 συλλαμβάνονται.\n*[[1944]] - Η Πολωνική Επιτροπή Εθνικής Απελεύθερωσης δημοσιεύει το μανιφέστο της. Αρχίζει η περίοδος [[Λαϊκή Δημοκρατία της Πολωνίας|κομμουνιστικής διακυβέρνησης στην Πολωνία]].\n*[[1962]] - [[Πρόγραμμα Μάρινερ]]: Το διαστημικό σκάφος ''[[Μάρινερ 1]]'' καταστρέφεται μετά από ασταθή πτήση αρκετών λεπτών μετά την εκτόξευσή του.\n*[[1963]] - Υπογράφονται στην [[Ιαπωνία]] τα συμβόλαια για την ναυπήγηση δύο γιγαντιαίων πετρελαιοφόρων μεταξύ εκπροσώπου του [[Αριστοτέλης Ωνάσης|Αριστοτέλη Ωνάση]] και της ιαπωνικής εταιρίας Ισικαβατζίμα-Χαρίμα.\n*[[1970]] - Αεροπειρατία σε [[Boeing 727]] της [[Ολυμπιακές Αερογραμμές|Ολυμπιακής]] που πραγματοποιεί την πτήση [[Βηρυτός|Βηρυτού]]-[[Αθήνα|Αθήνας]], από έξι [[Παλαιστίνιοι|Παλαιστίνιους]] κομάντος που ζητούν την απελευθέρωση επτά συμπατριωτών τους κρατουμένων στην [[Ελλάδα]]. Το αεροσκάφος παραμένει για οκτώ ώρες στο [[Διεθνές Αεροδρόμιο Ελληνικού]], με τους αεροπειρατές να απειλούν ότι θα το ανατινάξουν και τις διαπραγματεύσεις σε εξέλιξη. Τελικά οι αεροπειρατές αναχωρούν μόνοι τους, αφού ελευθερώνουν τους 55 ομήρους τους με τη διαβεβαίωση ότι οι επτά κρατούμενοι θα απελευθερωθούν στο άμεσο μέλλον. \n*[[1991]] - Ο [[Τζέφρυ Ντάμερ]] συλαμβάνεται για απόπειρα φόνου καθώς ανακαλύπτουν στο διαμέρισμα του αλλά 15 πτώματα ή κόκαλα νεαρών ανδρών.\n*[[2011]] - Η [[Νορβηγία]] είναι το θύμα [[Τρομοκρατικές επιθέσεις στην Νορβηγία το 2011|διπλής τρομοκρατικής επίθεσης]]: Η πρώτη είναι μία έκρηξη βόμβας με στόχο κυβερνητικά κτήρια στο κέντρο του [[Όσλο]] και η δεύτερη είναι η σφαγή σε κατασκήνωση νεολαίας στο νησί Ουτόγια.\n\n== Γεννήσεις ==\n*[[1210]] - [[Ιωάννα της Σκωτίας|Ιωάννα]], βασίλισσα της Σκωτίας\n*[[1596]] - [[Μιχαήλ Α΄ της Ρωσίας|Μιχαήλ Α΄]], τσάρος της Ρωσίας\n*[[1784]] - [[Φρίντριχ Βίλχελμ Μπέσελ]], Γερμανός μαθηματικός και αστρονόμος\n*[[1862]] - [[Τόμας Μπαλ Μπάρατ]], Άγγλος πάστορας\n*[[1878]] - [[Γιάνους Κόρτσακ]], Πολωνός συγγραφέας και γιατρός\n*[[1887]] - [[Γκούσταβ Χερτς]], Γερμανός φυσικός\n*[[1890]] - [[Ρόουζ Κένεντι]], Αμερικανίδα κοσμική\n*[[1892]] - [[Άρτουρ Ζάις-Ίνκβαρτ]], Αυστριακός πολιτικός\n*[[1898]] - [[Αλεξάντερ Κάλντερ]], Αμερικανός γλύπτης\n*[[1923]] - [[Φάμπιουλους Μούλαχ]], Αμερικανίδα παλαιστής\n*[[1928]] - [[Κέτερ Μπετς]], Αμερικανός μπασίστας\n*[[1928]] - [[Τζίμι Χιλ]], Άγγλος ποδοσφαιριστής και προπονητής\n*[[1932]] - [[Όσκαρ ντε λα Ρέντα]], Δομινικανός σχεδιαστής μόδας\n*[[1932]] - [[Τομ Ρόμπινς]], Αμερικανός συγγραφέας\n*[[1938]] - [[Μητροπολίτης Καλαβρύτων και Αιγιαλείας Αμβρόσιος Λενής]]\n*[[1938]] - [[Τέρενς Σταμπ]], Άγγλος ηθοποιός\n*[[1944]] - [[Άναντ Σατιανάντ]], Νεοζηλανδός πολιτικός\n*[[1946]] - [[Τζόνσον Τοριμπιόνγκ]], πρόεδρος του Παλάου\n*[[1948]] - [[Αλφόνσο Κάνο]], Κολομβιανός αντάρτης\n*[[1949]] - [[Λάσε Βίρεν]], Φινλανδός δρομέας\n*[[1951]] - [[Πατριάρχης Βουκουρεστίου Δανιήλ]]\n*[[1955]] - [[Γουίλεμ Νταφόε]], Αμερικανός ηθοποιός\n*[[1961]] - [[Πατριάρχης Σερβίας Πορφύριος|Πορφύριος]], Πατριάρχης Σερβίας\n*[[1965]] - [[Σον Μάικλς]], Αμερικανός παλαιστής\n*[[1969]] - [[Δέσποινα Βανδή]], Ελληνίδα τραγουδίστρια\n*[[1972]] - [[Άντριου Χόλνες]], Τζαμαϊκανός πολιτικός\n*[[1974]] - [[Φράνκα Ποτέντε]], Γερμανίδα ηθοποιός\n*[[1978]] - [[Ντένις Ρόμενταλ]], Δανός ποδοσφαιριστής\n*[[1981]] - [[Τζόνι Κέρτις]], Αμερικανός παλαιστής\n*[[1983]] - [[Νίκος Γκάνος]], Έλληνας τραγουδιστής\n*[[1992]] - [[Σελίνα Γκόμεζ]], Αμερικανίδα ηθοποιός και τραγουδίστρια\n*[[1993]] - [[Τζοχάρ Τσαρνάεφ]], τρομοκράτης από το Κιργιστάν\n*[[2013]] - [[Πρίγκιπας Γεώργιος του Κέιμπριτζ]]\n\n== Θάνατοι ==\n*[[1035]] - [[Ροβέρτος Α΄ της Νορμανδίας|Ροβέρτος Α΄]], δούκας της Νορμανδίας\n*[[1274]] - [[Ερρίκος Α΄ της Ναβάρρας|Ερρίκος Α΄]], βασιλιάς της Ναβάρρας\n*[[1322]] - [[Λουδοβίκος Α΄ του Νεβέρ]]\n*[[1362]] - [[Λουδοβίκος της Γκραβίνα]], Ιταλός στρατιωτικός\n*[[1454]] - [[Ιωάννης Β΄ της Καστίλης|Ιωάννης Β΄]], βασιλιάς της Καστίλης\n*[[1461]] - [[Κάρολος Ζ΄ της Γαλλίας|Κάρολος Ζ΄]], βασιλιάς της Γαλλίας\n*[[1550]] - [[Γεώργιος ντε Λενκάστρε της Κοΐμπρα|Γεώργιος ντε Λενκάστρε]], δούκας της Κοΐμπρα\n*[[1591]] - [[Βερόνικα Φράνκο]], Ιταλίδα ποιήτρια και εταίρα\n*[[1658]] - [[Φρειδερίκος του Σλέσβιχ-Χόλσταϊν-Σόντερμπουργκ-Νόρμπουργκ|Φρειδερίκος]], δούκας του Σλέσβιχ-Χόλσταϊν-Σόνντερμπουρκ-Νόρμπουρκ\n*[[1789]] - [[Ζοζέφ Φρανσουά Φουλόν]], Γάλλος πολιτικός\n*[[1826]] - [[Τζιουζέπε Πιάτσι]], Ιταλός αστρονόμος\n*[[1832]] - [[Ναπολέων Β΄ της Γαλλίας]]\n*[[1915]] - [[Σάντφορντ Φλέµινγκ]], Σκωτσέζος μηχανικός\n*[[1932]] - [[Ερρίκο Μαλατέστα]], Ιταλός ακτιβιστής και συγγραφέας\n*[[1953]] - [[Βικέντιος Λοπρέστης]], Έλληνας αξιωματικός του Ναυτικού\n*[[1966]] - [[Ευστάθιος Μαλαμίδας]], Έλληνας πολιτικός\n*[[1967]] - [[Καρλ Σάντμπεργκ]], Αμερικανός ποιητής\n*[[1974]] - [[Νικόλαος Κατούντας]], Έλληνας στρατιωτικός\n*[[1974]] - [[Στέργιος Συμεωνίδης]], Έλληνας αξιωματικός αεροπορίας\n*[[1976]] - [[Μόρτιμερ Γουίλερ]], Βρετανός αρχαιολόγος\n*[[1986]] - [[Φλόιντ Γκόντφρεντσον]], Αμερικανός σκιτσογράφος\n*[[1987]] - [[Κώστας Κοφινιώτης]], Έλληνας στιχουργός\n*[[1987]] - [[Δημήτριος Οπρόπουλος]], Έλληνας στρατιωτικός και αντιστασιακός\n*[[1988]] - [[Τώνης Μαρούδας]], Έλληνας τραγουδιστής\n*[[1992]] - [[Πρωτοπρεσβύτερος Ιωάννης Μάγεντορφ]], Γάλλος θεολόγος\n*[[1993]] - [[Γιάννης Αργύρης]], Έλληνας ηθοποιός\n*[[2003]] - [[Ουντάι Χουσεΐν]], Ιρακινός παραστρατιωτικός ηγέτης\n*[[2012]] - [[Γιώργος Κάρτερ]], Έλληνας συγγραφέας\n*[[2018]] - [[Μάνος Ελευθερίου]], Έλληνας ποιητής, στιχουργός και πεζογράφος\n\n== Αργίες και εορτές ==\n=== [[Ορθόδοξη Εκκλησία]] ===\n{{Πύλη:Ορθοδοξία/Εορτολόγιο/22 Ιουλίου}}\nΟσίου Μενελαου\n{{Μήνες}}\n\n[[Κατηγορία:Ημέρες του έτους]]"}}}]}]}}