{"batchcomplete":true,"query":{"normalized":[{"fromencoded":false,"from":"22_Αυγούστου","to":"22 Αυγούστου"}],"pages":[{"pageid":3019,"ns":0,"title":"22 Αυγούστου","revisions":[{"slots":{"main":{"contentmodel":"wikitext","contentformat":"text/x-wiki","content":"{{Μήνες Αυγούστου}}\n<center>[[21 Αυγούστου]] | '''22 Αυγούστου''' | [[23 Αυγούστου]]</center>\n\n----\n{{ΗμερολόγιοΣεΠίνακα|8}}\nΗ '''22α Αυγούστου''' είναι η 234η ημέρα του έτους κατά το [[Γρηγοριανό ημερολόγιο]] (235η σε δίσεκτα έτη). Υπολείπονται 131 ημέρες.\n\n== Γεγονότα ==\n*[[392]] - Με την υποστήριξη του στρατηγού Αρβογάστη, ο Φλάβιος Ευγένιος κηρύσσεται αυτοκράτορας της Δυτικής Ρωμαϊκής Αυτοκρατορίας.\n*[[1485]] - Ο [[Ριχάρδος Γ΄ της Αγγλίας]] σκοτώνεται στη [[Μάχη του Μπόσγουορθ]]. Τέλος του Οίκου των Πλανταγενετών.\n*[[1639]] - Ιδρύεται στην [[Ινδία]] η σημερινή πόλη [[Τσεννάι]] από την [[Αγγλική Εταιρεία Ανατολικών Ινδιών]].  \n*[[1642]] - Αρχίζει ο [[Αγγλικός εμφύλιος πόλεμος]] μεταξύ βασιλοφρόνων και κοινοβουλευτικών.\n*[[1645]] - Οι [[Γαληνοτάτη Δημοκρατία της Βενετίας|Ενετοί]] παραδίδουν τα [[Χανιά]] στους [[Οθωμανική Αυτοκρατορία|Οθωμανούς]].\n*[[1686]] - Ο [[Φραντσέσκο Μοροζίνι]] καταλαμβάνει από τους [[Οθωμανική Αυτοκρατορία|Οθωμανούς]] το [[Ναύπλιο]].\n*[[1770]] - Ο [[Τζέιμς Κουκ]] φτάνει στο [[Κουίνσλαντ]] και ονομάζει την ανατολική ακτή της [[Αυστραλία]]ς, [[Νέα Νότια Ουαλία]], την οποία και διεκδικεί εν ονόματι του βασιλιά Γεώργιου Γ΄.\n*[[1791]] - Ξεσπά επανάσταση στην [[Αϊτή]].\n*[[1851]] - Το σκάφος ''America'' κερδίζει το πρώτο [[Κύπελλο Αμερικής (ιστιοπλοΐα)]].\n*[[1864]] - Δώδεκα [[Έθνος (κοινωνιολογία)|κράτη]] υπογράφουν την [[Πρώτη Σύμβαση της Γενεύης]].  \n*[[1902]] - Ιδρύεται η [[Cadillac]].\n*[[1902]] - Ο [[Θεόδωρος Ρούζβελτ]] γίνεται ο πρώτος πρόεδρος των [[Η.Π.Α.]] που οδηγεί αυτοκίνητο.\n*[[1910]] - Η Κορέα προσαρτάται από την [[Ιαπωνία]], ξεκινώντας μία περίοδο ιαπωνικής κυριαρχίας στην Κορέα, που κράτησε μέχρι το τέλος του [[Β΄ Παγκόσμιος Πόλεμος|Β΄ Παγκοσμίου Πολέμου]]. \n*[[1920]] - [[Μικρασιατική Εκστρατεία]]: ο [[Ελληνικός Στρατός Ξηράς|Ελληνικός Στρατός]] καταλαμβάνει το Τσεντίζ.\n*[[1926]] - [[Κίνημα Γεωργίου Κονδύλη 22ης Αυγούστου 1926|Κίνημα Κονδύλη (1926)]] - Στις 03.00 ρίχτηκαν δύο κανονιοβολισμοί από τον Λυκαβηττό που ήταν το σύνθημα της εκδήλωσης των μυημένων οι οποίοι στις επόμενες τρεις ώρες κατέλαβαν όλα τα επίκαιρα κτίρια, στρατόπεδα γύρω από την Αθήνα καθώς και τα αεροδρόμια Φαλήρου και Τατοΐου. Τις πρωινές ώρες το κίνημα πλέον είχε επικρατήσει αναίμακτα. Το βράδυ της ίδιας ημέρας μετά από περιπετειώδη καταδίωξη συνελήφθη ο Δικτάτορας [[Θεόδωρος Πάγκαλος (στρατιωτικός)|Θεόδωρος Πάγκαλος]].\n* [[1942]] - [[Β΄ Παγκόσμιος Πόλεμος]]: Η [[Βραζιλία]] κηρύσσει πόλεμο στις [[Δυνάμεις του Άξονα]], ([[Γερμανία]] και [[Ιταλία]], όχι όμως [[Ιαπωνία]]).\n*[[1944]] - [[Β΄ Παγκόσμιος Πόλεμος]]: Οι [[Ναζιστική Γερμανία|Γερμανοί]] αρχίζουν το ολοκαύτωμα των χωριών του Κέδρους στην [[Κρήτη]].\n* [[1953]] - Κλείνουν οι φυλακές στο Νησί του Διαβόλου.\n*[[1962]] - Αποτυγχάνει απόπειρα δολοφονίας του [[Γαλλία|Γάλλου]] προέδρου [[Σαρλ ντε Γκωλ]].\n*[[1968]] - Ο [[Πάπας Παύλος ΣΤ΄]] φτάνει στην [[Μπογκοτά]], [[Κολομβία]]. Είναι η πρώτη επίσκεψη [[Πάπας|Πάπα]] στη [[Λατινική Αμερική]].\n* [[1971]] - Πραξικόπημα στη [[Βολιβία]]. Ανατρέπεται η κυβέρνηση από χούντα. Την εξουσία καταλαμβάνει ο Ούγκο Μπανζέρ Σουάρεζ.\n* [[1975]] - Αποτυχημένη απόπειρα δολοφονίας κατά του [[Πρόεδρος των Ηνωμένων Πολιτειών|Προέδρου]] των [[ΗΠΑ]] [[Τζέραλντ Φορντ]].\n* [[1985]] - Από συντριβή [[Μπόινγκ 737]] της \"Airtours\" στο αεροδρόμιο του [[Μάντσεστερ]] σκοτώνονται 55 άνθρωποι.\n* [[1988]] - Κυκλοφορεί το πρώτο [[Νόμισμα (Κέρμα)|νόμισμα]] από [[λευκόχρυσος|λευκόχρυσο]] στην [[Αυστραλία]], το κοάλα.\n* [[1989]] - Ανακαλύπτεται ο πρώτος ολοκληρωμένος δακτύλιος γύρω από τον [[Ποσειδώνας (πλανήτης)|Ποσειδώνα]].\n* [[1995]] - Έπειτα από τις πρώτες πολυκομματικές εκλογές στην [[Αιθιοπία]], Πρόεδρος αναλαμβάνει ο [[Νεγκάσο Γκιντάντα]] και στις [[23 Αυγούστου]] ανέλαβε Πρωθυπουργός ο [[Μέλες Ζενάουι]]. Η χώρα κηρύσσεται Ομόσπονδη Λαοκρατική Δημοκρατία.\n* [[2004]] - Ένα ιστορικό ρεκόρ ισοφαρίζει η [[Άρσεναλ]], νικώντας τη Μίντλεσμπρο με 5-3. Οι «κανονιέρηδες» συμπλήρωσαν 42 αγώνες αήττητοι, όσες και η ομάδα της Νότιγχαμ Φόρεστ από τον Νοέμβριο του 1977 έως το Δεκέμβριο του 1978.\n* [[2004]] - Άγνωστοι εισβάλλουν στο Μουσείο του [[Όσλο]] και αφαιρούν δύο πίνακες του [[Έντβαρτ Μουνκ]], ανάμεσά τους τον πασίγνωστο πίνακα \"[[Η Κραυγή]]\"\n* [[2005]] - Εκλέγεται νέος Πατριάρχης Ιεροσολύμων ο Θεόφιλος.\n\n== Γεννήσεις ==\n*[[1412]] - [[Φρειδερίκος Β΄ της Σαξονίας|Φρειδερίκος Β΄]], εκλέκτορας της Σαξονίας\n*[[1647]] - [[Ντενί Παπέν]], Γάλλος φυσικός, μαθηματικός και εφευρέτης\n*[[1834]] - [[Σάμιουελ Πίρποντ Λάνγκλεϊ]], Αμερικανός αστρονόμος\n*[[1844]] - [[Τζορτζ Ντε Λονγκ]], Αμερικανός στρατιωτικός και εξερευνητής\n*[[1854]] - [[Μίλαν Γ΄ Ομπρένοβιτς]], βασιλιάς της Σερβίας\n*[[1862]] - [[Κλωντ Ντεμπυσί]], Γάλλος συνθέτης\n*[[1882]] - [[Δημήτρης Γληνός]], Έλληνας εκπαιδευτικός και συγγραφέας\n*[[1882]] - [[Θεμιστοκλής Διακίδης]], Έλληνας αθλητής\n*[[1887]] - [[Γιόχαν Λούντβιχ Γκραφ Σβερίν φον Κρόσιγκ]], Γερμανός πολιτικός\n*[[1887]] - [[Τσαζίμ Κοτσούλι]], Αλβανός πολιτικός\n*[[1891]] - [[Ζακ Λιπσίτζ]], Λιθουανός γλύπτης\n*[[1893]] - [[Ντόροθι Πάρκερ]], Αμερικανίδα συγγραφέας\n*[[1902]] - [[Λένι Ρίφενσταλ]], Γερμανίδα σκηνοθέτης\n*[[1904]] - [[Τενγκ Σιαοπίνγκ]], Κινέζος πολιτικός\n*[[1908]] - [[Ανρί Καρτιέ-Μπρεσόν]], Γάλλος φωτογράφος\n*[[1909]] - [[Τζούλιους Έπσταϊν]], Αμερικανός σεναριογράφος\n*[[1909]] - [[Φίλιπ Έπσταϊν]], Αμερικανός σεναριογράφος\n*[[1917]] - [[Τζον Λη Χούκερ]], Αμερικανός τραγουδιστής και κιθαρίστας\n*[[1918]] - [[Σαΐντ Μοχάμεντ Τζοχάρ]], πολιτικός από τις Κομόρες\n*[[1920]] - [[Ντέντον Κούλεϊ]], Αμερικανός χειρουργός\n*\n*[[1920]] - [[Ρέι Μπράντμπερι]], Αμερικανός συγγραφέας\n*[[1921]] - [[Ντίνος Δημόπουλος]], Έλληνας σκηνοθέτης και συγγραφέας\n*1921 - [[Σωτηρία Μπέλλου]] , Ελληνίδα τραγουδίστρια\n*[[1922]] - [[Θεώνη Βαχλιώτη-Όλντριτζ]], Ελληνίδα ενδυματολόγος\n*[[1922]] - [[Γιώργος Σαββάκης]], Έλληνας ζωγράφος\n*[[1932]] - [[Ανδρέας Βουτσινάς]], Έλληνας σκηνοθέτης\n*[[1943]] - [[Ναχάς Άνγκουλα]], πρωθυπουργός της Ναμίμπια\n*[[1963]] - [[Τόρι Έιμος]], Αμερικανίδα τραγουδίστρια\n*[[1967]] - [[Αντεουάλε Ακινουόγιε-Αγκμπάζε]], Άγγλος ηθοποιός\n*[[1968]] - [[Χορστ Σκοφ]], Αυστριακός αντισφαιριστής\n*[[1971]] - [[Μπενουά Βιολιέ]], Γάλλος σεφ\n*[[1973]] - [[Κρίστεν Γουίγκ]], Αμερικανίδα ηθοποιός\n*[[1978]] - [[Γιάννης Γκαγκαλούδης]], Έλληνας καλαθοσφαιριστής\n*[[1979]] - [[Ναταλία Μπάρμπου]], Μολδαβή τραγουδίστρια\n*[[1986]] - [[Πακ (παλαιστής)|Πακ]], Άγγλος παλαιστής\n*[[1990]] - [[Josephine (τραγουδίστρια)|Ζόζεφιν]], Ελληνίδα τραγουδίστρια \n*[[1995]] - [[Ντούα Λίπα]], Αλβανίδα τραγουδίστρια\n\n== Θάνατοι ==\n*[[408]] - [[Στιλίχων]], Ρωμαίος στρατηγός\n*[[1241]] - [[Πάπας Γρηγόριος Θ΄]]\n*[[1280]] - [[Πάπας Νικόλαος Γ΄]]\n*[[1304]] - [[Ιωάννης Β΄ του Αινώ|Ιωάννης Β΄]], κόμης του Αινώ\n*[[1338]] - [[Γουλιέλμος B' των Αθηνών|Γουλιέλμος Β΄]], δούκας των Αθηνών\n*[[1350]] - [[Φίλιππος ΣΤ΄ της Γαλλίας|Φίλιππος ΣΤ΄]], βασιλιάς της Γαλλίας \n*[[1358]] - [[Ισαβέλλα της Γαλλίας]], βασίλισσα της Αγγλίας\n*[[1485]] - [[Ριχάρδος Γ΄ της Αγγλίας|Ριχάρδος Γ΄]], βασιλιάς της Αγγλίας\n*[[1584]] - [[Γιαν Κοχανόφσκι]], Πολωνός ποιητής\n*[[1806]] - [[Ζαν Ονορέ Φραγκονάρ]], Γάλλος ζωγράφος\n*[[1891]] - [[Γιαν Νερούντα]], Τσέχος συγγραφέας\n*[[1899]] - [[Πατριάρχης Σωφρόνιος Γ΄]]\n*[[1920]] - [[Άντερς Ζορν]], Σουηδός ζωγράφος\n*[[1929]] - [[Όθων Λίμαν φον Σάντερς]], Γερμανός στρατηγός\n*[[1933]] - [[Αλέξανδρος Κοντούλης]], Έλληνας στρατιωτικός\n*[[1935]] - [[Παύλος Κουντουριώτης]], Έλληνας στρατιωτικός και πολιτικός\n*[[1976]] - [[Τζίνα Μπαχάουερ]], Ελληνίδα πιανίστρια\n*[[1978]] - [[Γιόμο Κενυάτα]], Κενυάτης πολιτικός\n*[[1979]] - [[Χένρι Τάσκα]], Αμερικανός διπλωμάτης\n*[[1986]] - [[Τζελάλ Μπαγιάρ]], Τούρκος πολιτικός\n*[[1996]] - [[Μιρέιγ Φλερύ]], Ελληνίδα υψίφωνος\n*[[2010]] - [[Στέφαν Μπόμπεκ]], Γιουγκοσλάβος ποδοσφαιριστής και προπονητής\n*[[2014]] - [[Εμμανουήλ Κριαράς]], Έλληνας φιλόλογος\n*[[2015]] - [[Δημήτρης Παρίδης]], Έλληνας ποδοσφαιριστής\n*[[2016]] - [[Σελαπάν Ραμανάθαν]], Σιγκαπουριανός πολιτικός\n\n== Αργίες και εορτές ==\n\n=== [[Ορθόδοξη Εκκλησία]] ===\n{{Πύλη:Ορθοδοξία/Εορτολόγιο/22 Αυγούστου}}\n\n{{Μήνες}}\n\n[[Κατηγορία:Ημέρες του έτους]]"}}}]}]}}