{"batchcomplete":true,"query":{"normalized":[{"fromencoded":false,"from":"22_Μαΐου","to":"22 Μαΐου"}],"pages":[{"pageid":1855,"ns":0,"title":"22 Μαΐου","revisions":[{"slots":{"main":{"contentmodel":"wikitext","contentformat":"text/x-wiki","content":"{{Μήνες Μαΐου}}\n\n<center>[[21 Μαΐου]] | '''22 Μαΐου''' | [[23 Μαΐου]]</center>\n\n----\nΗ 22η Μαΐου είναι η 142η ημέρα του έτους κατά το [[Γρηγοριανό ημερολόγιο]] (143η σε δίσεκτα έτη).  Υπολείπονται 223 ημέρες.\n\n{{ΗμερολόγιοΣεΠίνακα|5}}\n\n== Γεγονότα ==\n*[[334 π.Χ.]] - Ο [[Μακεδονία (αρχαίο βασίλειο)|μακεδονικός]] στρατός του [[Αλέξανδρος ο Μέγας|Μεγάλου Αλεξάνδρου]] νικά τον [[Δαρείος Γ΄ της Περσίας|Δαρείο Γ΄ της Περσίας]] στη [[μάχη του Γρανικού]].\n*[[1176]] - Οι [[Ασασίνοι]] πραγματοποιούν απόπειρα δολοφονίας του [[Σαλαντίν]] κοντά στο [[Χαλέπι]].\n*[[1377]] - Ο [[Πάπας Γρηγόριος ΙΑ΄]] εκδίδει πέντε παπικές βούλες για να καταγγείλει τα δόγματα του [[Αγγλία|Άγγλου]] [[Θεολογία|θεολόγου]] Τζον Ουίκλιφ.\n*[[1455]] - Έναρξη του [[Πόλεμος των Ρόδων|Πολέμου των Ρόδων]]: στην πρώτη μάχη του Σεντ Όλμπανς, ο [[Ριχάρδος της Υόρκης]] νικά και αιχμαλωτίζει τον βασιλιά [[Ερρίκος ΣΤ΄ της Αγγλίας|Ερρίκο ΣΤ΄ της Αγγλίας]].\n*[[1629]] - Ο [[αυτοκράτορας της Αγίας Ρωμαϊκής Αυτοκρατορίας|αυτοκράτορας]] [[Φερδινάνδος Β΄ της Αγίας Ρωμαϊκής Αυτοκρατορίας]] και ο [[Κατάλογος μοναρχών της Δανίας|βασιλιάς]] [[Χριστιανός Δ΄ της Δανίας]] υπογράφουν τη συνθήκη του [[Λίμπεκ]] δίνοντας τέλος στην ανάμειξη των [[Δανία|Δανών]] στον [[Τριακονταετής Πόλεμος|Τριακονταετή Πόλεμο]].\n*[[1762]] - Η [[Σουηδία]] και η [[Πρωσία]] υπογράφουν τη Συνθήκη του [[Αμβούργο]]υ.\n*[[1762]] - Ολοκληρώνεται επίσημα η [[Φοντάνα ντι Τρέβι]] στη [[Ρώμη]] και εγκαινιάζεται από τον [[Πάπας Κλήμης ΙΓ΄|Πάπα Κλήμη ΙΓ΄]].\n*[[1809]] - Τη δεύτερη και τελευταία μέρα της [[Μάχη του Άσπερν-Έσσλινγκ|μάχης του Άσπερν-Έσσλινγκ]] (κοντά στη [[Βιέννη]] της [[Αυστρία|Αυστρίας]]), ο [[Ναπολέων Α΄ της Γαλλίας]] απωθείται από εχθρικό στρατό για πρώτη φορά.\n*[[1848]] - Καταργείται η δουλεία στη [[Μαρτινίκα]].\n*[[1849]] - Ο μελλοντικός [[πρόεδρος των Ηνωμένων Πολιτειών]] [[Αβραάμ Λίνκολν]] λαμβάνει δίπλωμα [[ευρεσιτεχνία]]ς για την ανύψωση σκαφών πάνω από τα εμπόδια ενός ποταμού, καθιστώντας τον το μοναδικό [[Ηνωμένες Πολιτείες Αμερικής|Αμερικανό]] πρόεδρο που είχε ποτέ δίπλωμα ευρεσιτεχνίας. \n*[[1864]] - [[Αμερικανικός Εμφύλιος Πόλεμος]]: μετά από δέκα εβδομάδες τερματίζεται από τον [[Στρατός της Ένωσης|στρατό της Ένωσης]] η εκστρατεία στον Ερυθρό Ποταμό με την [[Ένωση (Αμερικανικός Εμφύλιος Πόλεμος)|Ένωση]] να μην πετυχαίνει κανέναν από τους στόχους της.\n*[[1885]] - Πριν από την ταφή στο [[Πάνθεον (Παρίσι)]], το σώμα του [[Βίκτωρ Ουγκώ|Βίκτωρος Ουγκώ]] εκτίθεται κάτω από την [[Αψίδα του Θριάμβου]] κατά τη διάρκεια της νύχτας. \n*[[1906]] - Οι [[αδελφοί Ράιτ]] λαμβάνουν δίπλωμα ευρεσιτεχνίας για την «[[Αεροπλάνο|ιπτάμενη μηχανή]]» τους.\n*[[1915]] - Τρία τρένα συγκρούονται σε σιδηροδρομικό δυστύχημα στη [[Σκωτία]], σκοτώνοντας 226 ανθρώπους και τραυματίζοντας 246. Το δυστύχημα φέρεται να ήταν αποτέλεσμα των μη τυποποιημένων πρακτικών λειτουργίας κατά τη διάρκεια της αλλαγής βάρδιας σε πολυσύχναστη διασταύρωση.   \n*[[1939]] - Η [[Ναζιστική Γερμανία|Γερμανία]] και η [[Ιταλία]] υπογράφουν το [[Χαλύβδινο Σύμφωνο]].\n*[[1941]] - Τα [[Μεγάλη Βρετανία|βρετανικά]] στρατεύματα καταλαμβάνουν τη [[Φαλούτζα]].\n*[[1942]] - Το [[Μεξικό]] μπαίνει στον [[Β΄ Παγκόσμιος Πόλεμος|Β΄ Παγκόσμιο Πόλεμο]] στο πλευρό των [[Συμμαχικές δυνάμεις (Β΄ Παγκόσμιος Πόλεμος)|συμμάχων]].\n*[[1947]] - [[Ψυχρός πόλεμος]]: Σε μία προσπάθεια να καταπολεμήσει την εξάπλωση του [[Κομμουνισμός|κομμουνισμού]], ο πρόεδρος των [[Ηνωμένες Πολιτείες Αμερικής|Η.Π.Α.]] [[Χάρυ Τρούμαν]] υπογράφει νόμο, μετά την έγκριση του [[Κογκρέσο των Ηνωμένων Πολιτειών|Κογκρέσου]], που αργότερα θα ονομαστεί [[Δόγμα Τρούμαν]]. Ο νόμος χορηγεί στρατιωτική και οικονομική βοήθεια ύψους 400 εκατομμυρίων [[Δολάριο ΗΠΑ|$]] στην [[Ελλάδα]] και την [[Τουρκία]], που αμφότερες μάχονται τις εσωτερικές κομμουνιστικές εξεγέρσεις.\n*[[1958]] - Ταραχές στη [[Σρι Λάνκα]]. Ο συνολικός αριθμός των θυμάτων εκτιμάται ότι είναι 300 άτομα, ως επί το πλείστον [[Ταμίλ (λαός)|Ταμίλ]].\n*[[1960]] - [[Σεισμός]] μεγέθους 9,5 βαθμών της κλίμακας μεγέθους ροπής, γνωστός ως [[Μεγάλος σεισμός της Βαλδίβια (1960)|Μεγάλος Σεισμός της Χιλής]], πλήττει τη νότια [[Χιλή]]. Είναι ο ισχυρότερος σεισμός που έχει καταγραφεί ποτέ. \n*[[1963]] - Τη δημιουργία της διασυμμαχικής πυρηνικής δύναμης κρούσης εγκρίνουν στην [[Οττάβα]] οι υπουργοί Εξωτερικών των κρατών-μελών του [[ΝΑΤΟ]].\n*[[1963]] - Δολοφονική επίθεση στη [[Θεσσαλονίκη]] κατά του βουλευτή της [[Ενιαία Δημοκρατική Αριστερά|Ε.Δ.Α.]] [[Γρηγόρης Λαμπράκης|Γρηγόρη Λαμπράκη]] από τους παρακρατικούς Σπύρο Γκοτζαμάνη και Εμμανουήλ Εμμανουηλίδη. Ο άτυχος βουλευτής χαροπαλεύει, έχοντας πέσει σε κώμα.\n*[[1967]] - Σε παραλία της [[Ρόδος|Ρόδου]] ανακαλύπτεται νεκρός ο καταζητούμενος από την Ασφάλεια [[Νικηφόρος Μανδηλαράς]], συνήγορος υπεράσπισης στη δίκη του [[Υπόθεση ΑΣΠΙΔΑ|ΑΣΠΙΔΑ]]. Αν και οι αρχές κάνουν λόγο για πνιγμό, θεωρείται βέβαιη η δολοφονία του από όργανα του [[Χούντα των Συνταγματαρχών|καθεστώτος]].\n*[[1968]] - Το πυρηνοκίνητο [[υποβρύχιο]] USS ''Σκορπιός'' βυθίζεται με πλήρωμα 99 ανδρών, 400 μίλια νοτιοδυτικά των [[Αζόρες|Αζορών]]. \n* [[1973]] - Αθήνα - Δικτατορία: Συλλαμβάνεται ο αξιωματικός [[Σπύρος Μουστακλής]] και θα υποστεί άγριους βασανισμούς στο ΕΑΤ/ΕΣΑ.\n* [[2017]] - Βομβιστική επίθεση στη συναυλία της [[Αριάνα Γκράντε]] στο [[Μάντσεστερ]] με 22 νεκρούς και αρκετούς τραυματίες. Την ευθύνη ανέλαβε το [[Ισλαμικό Κράτος]].\n\n== Γεννήσεις ==\n*[[1813]] - [[Ρίχαρντ Βάγκνερ]], Γερμανός συνθέτης\n*[[1859]] - [[Άρθουρ Κόναν Ντόυλ]], Βρετανός συγγραφέας\n*[[1860]] - [[Μπέιντεν Μπέιντεν-Πάουελ]], Βρετανός αεροπόρος\n*[[1882]] - [[Δημήτριος Γαλάνης]], Έλληνας χαράκτης\n*[[1885]] - [[Τζάκομο Ματτεόττι]], Ιταλός πολιτικός\n*[[1907]] - [[Ερζέ]], Βέλγος συγγραφέας και καλλιτέχνης\n*[[1907]] - [[Λόρενς Ολίβιε]], Άγγλος ηθοποιός\n*[[1917]] - [[Στέλιος Ανεμοδουράς]], Έλληνας συγγραφέας\n*[[1919]] - [[Δημήτριος Φαρμακόπουλος]], Έλληνας ζωγράφος\n*[[1924]] - [[Σαρλ Αζναβούρ]], Γάλλος τραγουδιστής και ηθοποιός\n*[[1930]] - [[Χάρβεϊ Μιλκ]], Αμερικανός πολιτικός\n*[[1935]] - [[Σουλτάν Αλί Κεστμάντ]], Αφγανός πολιτικός\n*[[1943]] - [[Κουρτ Μπεντλίν]], Γερμανός δεκαθλητής\n*[[1943]] - [[Μπέτι Ουίλιαμς]], Βορειοϊρλανδή ακτιβίστρια\n*[[1946]] - [[Χάουαρντ Κένταλ]], Άγγλος ποδοσφαιριστής και προπονητής \n*[[1946]] - [[Τζορτζ Μπεστ]], Βορειοϊρλανδός ποδοσφαιριστής\n*[[1947]] - [[Ανδρέας Μιχαλιτσιάνος]], Έλληνας αστροφυσικός\n*[[1950]] - [[Αλέκος Αλαβάνος]], Έλληνας πολιτικός\n*[[1959]] - [[Ντέιβιντ Μπλατ]], Αμερικανός καλαθοσφαιριστής και προπονητής\n*1959 - [[Morrissey|Steven Petrick Morrisey]] Βρετανός τραγουδιστής \n*[[1964]] - [[Ραμούνας Μπουτάουτας]], Λιθουανός προπονητής καλαθοσφαίρισης\n*[[1965]] - [[Φάνης Χριστοδούλου]], Έλληνας καλαθοσφαιριστής\n*[[1979]] - [[Μάγκι Κιου]], Αμερικανίδα ηθοποιός και μοντέλο\n*[[1980]] - [[Κώστας Στιβαχτής]], Έλληνας πετοσφαιριστής\n*[[1981]] - [[Μπράιαν Ντάνιελσον]], Αμερικανός παλαιστής\n*[[1982]] - [[Χονγκ Γιονγκ Ζο]], Βορειοκορεάτης ποδοσφαιριστής\n*[[1987]] - [[Αρτούρο Βιδάλ]], Χιλιανός ποδοσφαιριστής\n*[[1987]] - [[Βλαντίμιρ Γκρανάτ]], Ρώσος ποδοσφαιριστής\n*[[1987]] - [[Νόβακ Τζόκοβιτς]], Σέρβος αντισφαιριστής\n\n== Θάνατοι ==\n*[[337]] - [[Κωνσταντίνος Α΄]], Ρωμαίος αυτοκράτορας\n*[[1067]] - [[Κωνσταντίνος Ι΄ Δούκας]], Βυζαντινός αυτοκράτορας\n*[[1112]] - [[Ερρίκος της Βουργουνδίας (Κόμης της Πορτογαλίας)]]\n*[[1540]] - [[Φραντσέσκο Γκουιτσαρντίνι]], Ιταλός ιστορικός\n*[[1667]] - [[Πάπας Αλέξανδρος Ζ΄]]\n*[[1735]] - [[Γιόχαν Αρνόλντι]], Γερμανός παιδαγωγός\n*[[1825]] - [[Λασκαρίνα Μπουμπουλίνα]], Ελληνίδα υποναύαρχος\n*[[1859]] - [[Φερδινάνδος Β΄ των Δύο Σικελιών|Φερδινάνδος Β΄]], βασιλιάς των Δύο Σικελιών\n*[[1885]] - [[Βικτόρ Ουγκώ]], Γάλλος συγγραφέας\n*[[1948]] - [[Γεώργιος Τσολάκογλου]], Έλληνας στρατιωτικός και πολιτικός\n*[[1949]] - [[Τζέιμς Φόρεσταλ]], Αμερικανός πολιτικός\n*[[1960]] - [[Γεώργιος Ρουμάνης]], Έλληνας λογοτέχνης και πολιτικός\n*[[1967]] - [[Λάνγκστον Χιουζ]], Αμερικανός συγγραφέας\n*[[1984]] - [[Γεώργιος Πεσμαζόγλου]], Έλληνας οικονομολόγος και πολιτικός\n*[[1985]] - [[Βόλφγκανγκ Ράιτερμαν]], Γερμανός εικονογράφος\n*[[1997]] - [[Άλφρεντ Χέρσεϊ]], Αμερικανός βιοχημικός \n*[[1999]] - [[Νίκος Δενδραμής]], Έλληνας ηθοποιός\n*[[2004]] - [[Μιχαήλ Βορόνιν]], Ρώσος αθλητής της γυμναστικής\n*[[2005]] - [[Χαρίλαος Φλωράκης]], Έλληνας πολιτικός\n*[[2009]] - [[Αλέξανδρος Αργυρίου]], Έλληνας κριτικός λογοτεχνίας\n\n== Αργίες και εορτές ==\n* Παγκόσμια Ημέρα Βιοποικιλότητας\n\n=== [[Ορθόδοξη Εκκλησία]] ===\n{{Πύλη:Ορθοδοξία/Εορτολόγιο/22 Μαΐου}}\n\n{{Μήνες}}\n\n[[Κατηγορία:Ημέρες του έτους]]"}}}]}]}}