{"batchcomplete":true,"query":{"normalized":[{"fromencoded":false,"from":"23_Αυγούστου","to":"23 Αυγούστου"}],"pages":[{"pageid":3020,"ns":0,"title":"23 Αυγούστου","revisions":[{"slots":{"main":{"contentmodel":"wikitext","contentformat":"text/x-wiki","content":"{{Μήνες Αυγούστου}}\n\n<center>[[22 Αυγούστου]] | '''23 Αυγούστου''' | [[24 Αυγούστου]]</center>\n\n----\n{{ΗμερολόγιοΣεΠίνακα|8}}\nΗ '''23η Αυγούστου''' είναι η 235η ημέρα του έτους κατά το [[Γρηγοριανό ημερολόγιο]] (236η σε δίσεκτα έτη). Υπολείπονται 130 ημέρες. \n\n== Γεγονότα ==\n*[[30 π.Χ.]] - Μετά την επιτυχημένη εισβολή στην [[Αρχαία Αίγυπτος|Αίγυπτο]], ο [[Οκταβιανός Αύγουστος|Οκταβιανός]] εκτελεί τον Μάρκο Αντώνιο Αντύλλο, μεγαλύτερο γιο του [[Μάρκος Αντώνιος|Μάρκου Αντώνιου]], και τον [[Πτολεμαίος ΙΕ΄ Καισαρίων|Πτολεμαίο ΙΕ΄ Καισαρίωνα]], τελευταίο βασιλιά της [[Δυναστεία των Πτολεμαίων|δυναστείας των Πτολεμαίων]] στην Αίγυπτο και μοναδικό παιδί του [[Ιούλιος Καίσαρ|Ιούλιου Καίσαρα]] και της [[Κλεοπάτρα Ζ΄ της Αιγύπτου|Κλεοπάτρας]].\n*[[406]] - Ο [[Γότθοι|Γότθος]] βασιλιάς Ραδάγαισος εκτελείται μετά την [[Πολιορκία της Φλωρεντίας (405)|ήττα]] του από τον Ρωμαίο στρατηγό [[Στιλίχων]]α ενώ 12.000 «βάρβαροι» ενσωματώνονται στον ρωμαϊκό στρατό ή πωλούνται ως [[Δουλεία|σκλάβοι]].\n*[[476]] - Ο [[Οδόακρος]], αρχηγός των [[Γερμανικά φύλα|γερμανικών φύλων]], ανακηρύσσεται από τα στρατεύματά του [[Κατάλογος βασιλέων της Ιταλίας|βασιλιάς της Ιταλίας]].  \n*[[634]] - Πεθαίνει στη [[Μεδίνα]] ο [[Αμπού Μπακρ]]. Τον διαδέχεται ο [[Ουμάρ ιμπν αλ-Χαττάμπ]], ο οποίος γίνεται ο δεύτερος [[χαλίφης]] του [[Χαλιφάτο Ρασιντούν|Χαλιφάτου Ρασιντούν]].\n*[[1268]] - Ο [[Κάρολος ο Ανδεγαυός]] νικά στη μάχη του Ταλιακότσο τους [[Γουέλφοι και Γιβελλίνοι|Γιβελίνους]] οπαδούς του [[Κορραδίνος|Κορραδίνου]] των Χοενστάουφεν, σηματοδοτώντας την πτώση του [[Οίκος των Χοενστάουφεν|Οίκου των Χοενστάουφεν]] από τους θρόνους της [[Αγία Ρωμαϊκή Αυτοκρατορία|Αγίας Ρωμαϊκής Αυτοκρατορίας]] και της [[Βασίλειο της Σικελίας|Σικελίας]] και οδηγώντας στο νέο κεφάλαιο κυριαρχίας των [[Οίκος των Καπετιδών-Ανζού|Καπετιδών]] στη νότια [[Ιταλία]].\n*[[1305]] - Ο [[Σκωτία|Σκωτσέζος]] επαναστάτης [[Γουίλιαμ Γουάλας]] εκτελείται στο [[Λονδίνο]] για εσχάτη προδοσία. \n*[[1328]] - Μάχη του Κασέλ: Ο [[Βασίλειο της Γαλλίας|γαλλικός]] στρατός τερματίζει εξέγερση των [[Φλάνδρα|Φλαμανδών]] αγροτών.\n*[[1382]] - Πολιορκία της [[Μόσχα]]ς: Η [[Χρυσή Ορδή]] με επικεφαλής τον Τοχταμίς πολιορκεί την πρωτεύουσα του [[Μοσχοβία|Μεγάλου Δουκάτου της Μόσχας]].\n*[[1514]] - Ο σουλτάνος της [[Οθωμανική Αυτοκρατορία|Οθωμανικής Αυτοκρατορίας]], [[Σελίμ Α΄]], νικά στη [[μάχη του Τσαλντιράν]] το σάχη Ισμαήλ Α΄, ιδρυτή της [[Σαφαβίδες|δυναστείας των Σαφαβιδών]].\n*[[1521]] - Ο [[Χριστιανός Β΄ της Δανίας]] καθαιρείται από βασιλιάς της [[Σουηδία]]ς και ο [[Γουσταύος Α΄ της Σουηδίας|Γουσταύος Βάσα]] εκλέγεται αντιβασιλιάς.\n*[[1595]] - Ο πρίγκιπας της [[Βλαχία]]ς [[Μιχαήλ ο Γενναίος]] αντιμετωπίζει τον [[Οθωμανική Αυτοκρατορία|οθωμανικό]] στρατό στη μάχη του Τσιλουγκιρένι και επιτυγχάνει τακτική νίκη.\n*[[1614]] - Εκδιώχνονται από τη [[Φραγκφούρτη]] οι [[Εβραίοι]].\n*[[1614]] - Εγκαινιάζεται το [[Πανεπιστήμιο του Χρόνινγκεν]] στην [[Ολλανδική Δημοκρατία|Ολλανδία]]. \n* [[1817]] - Σεισμός 6,5 [[Ρίχτερ]] στο [[Αίγιο]] σκοτώνει 65 άτομα.\n* [[1821]] - Μετά από δεκαετή αγώνα κατά των [[Ισπανία|Ισπανών]] αποικιοκρατών, το [[Μεξικό]] κηρύσσεται ανεξάρτητο κράτος με τη [[συνθήκη της Κόρντοβα]].\n* [[1825]] - [[Ελληνική Επανάσταση του 1821]]: Η φρουρά του Μεσολογγίου ανατινάζει τα χαρακώματα του Κιουταχή. Οι Έλληνες αγωνιστές νικούν τους Τούρκους σε μάχη στα Σκούρτα Βοιωτίας.\n* [[1833]] - Καταργείται η [[δουλεία]] στις αποικίες της Βρετανίας.\n* [[1839]] - Η [[Βρετανία]] καταλαμβάνει το [[Χονγκ Κονγκ]].\n* [[1866]] - Λήγει ο [[Αυστρο-πρωσικός πόλεμος]] με τη [[συνθήκη της Πράγας]].\n* [[1872]] - Ανακάλυψη του αστεροειδή [[124 Άλκηστις]] από τον [[Κρίστιαν Χάινριχ Φρήντριχ Πέτερς]].\n* [[1889]] - Λαμβάνεται το πρώτο ασύρματο μήνυμα από πλοίο σε ακτή.\n* [[1906]] - [[Μακεδονικός Αγώνας]] Ο Μακεδονομάχος [[Κωνσταντίνος Γαρέφης]] σκοτώνεται επιτιθέμενος εναντίον κομιτατζήδων στα Καλύβια, κοντά στο [[Γαρέφειο Πέλλας|Τσερνέσοβο (Γαρέφη)]].\n* [[1910]] - Η [[Κορέα (περιοχή)|Κορέα]] προσαρτάται υπό την [[Ιαπωνία]].\n* [[1910]] - Σε πανηγυρική συγκέντρωση ανακοινώνεται η ίδρυση του νέου κόμματος του [[Ελευθέριος Βενιζέλος|Ελευθέριου Βενιζέλου]], με το όνομα «[[Κόμμα Φιλελευθέρων (Ελλάδα)|Κόμμα Φιλελευθέρων]]».\n* [[1914]] - Η [[Ιαπωνία]] εξέρχεται της ουδετερότητος παρά το πλευρό της [[Αντάντ]] (Αγγλίας, Γαλλίας, Ρωσίας) και κηρύσσει το πόλεμο κατά της [[Γερμανία]]ς.\n* [[1914]] - [[Α΄ Παγκόσμιος Πόλεμος]]. Αρχίζει η μεγάλη [[Μάχη του Τάνενμπεργκ (1914)|μάχη του Τάνενμπεργκ]] όπου οι [[Γερμανία|Γερμανοί]] υπό τον Χίντεμπουργκ επιφέρουν αποφασιστική νίκη κατά των [[Ρωσία|Ρώσων]], ο στρατηγός των οποίων, Σανσόνωφ, αυτοκτονεί. Η μάχη τελικά θα λήξει στις [[31 Αυγούστου]].\n* [[1916]] - [[Α΄ Παγκόσμιος Πόλεμος]]. Η [[Ρουμανία]] κηρύσσει τον πόλεμο κατά της [[Αυστροουγγαρία]]ς.\n* [[1922]] - [[Μικρασιατική Εκστρατεία]]: Τμήμα εκ των υποχωρούντων στη Μικρά Ασία ελληνικών  στρατευμάτων αποκρούει επίθεση των Τούρκων για την κατάληψη του σταθμού Σαλιχλή.\n* [[1923]] - Αρχίζει η εκκένωση της [[Κωνσταντινούπολη]]ς από τα συμμαχικά στρατεύματα, μετά την επικύρωση της [[Συνθήκη της Λωζάνης|Συνθήκης της Λωζάνης]] από την Εθνοσυνέλευση της Άγκυρας. Επίσης, αρχίζει η εκκένωση των νησιών [[Ίμβρος|Ίμβρου]] και [[Τένεδος|Τενέδου]].\n* [[1933]] - Στην [[Ινδία]] αποφυλακίζεται κάτισχνος μετά από 8 ημέρες απεργίας πείνας ο [[Μαχάτμα Γκάντι]], ο οποίος είχε ξεκινήσει την απεργία, διαμαρτυρόμενος για τη νέα σύλληψή του από τις βρετανικές αρχές.\n* [[1939]] - Υπογραφή [[Γερμανοσοβιετικό Σύμφωνο μη Επίθεσης|Συμφώνου μη Επίθεσης]] μεταξύ [[Γερμανία]]ς και [[Σοβιετική Ένωση|Σοβιετικής Ένωσης]]. Σε μυστική ρήτρα του συμφώνου, οι [[βαλτικές χώρες]], η [[Φινλανδία]] και η [[Πολωνία]] μοιράζονται στις δύο χώρες\n* [[1942]] - Αρχίζει η [[Μάχη του Στάλινγκραντ]]. Οι [[Γερμανία|Γερμανοί]] ισοπεδώνουν με βομβαρδισμούς την πόλη, ωστόσο οι [[ΕΣΣΔ|Σοβιετικοί]] ανταποδίδουν στις επιθέσεις και μετά από έξι μήνες οι Γερμανοί παραδίνονται.\n* [[1943]] - Ολοκληρώνεται η [[μάχη του Κουρσκ]], η μεγαλύτερη αρματομαχία στην ιστορία του Β΄ Παγκοσμίου Πολέμου.\n* [[1944]] - [[Β΄ Παγκόσμιος Πόλεμος]]. Ο Βασιλιάς της [[Ρουμανία]]ς Μιχαήλ συνθηκολογεί άνευ όρων προς τους Συμμάχους και διατάζει κατάπαυση του πυρός.\n* [[1944]] - Πτώση [[ΗΠΑ|αμερικανικού]] στρατιωτικού αεροσκάφους σε σχολείο στο [[Φρέκελτον]] της [[Αγγλία]]ς, με 76 νεκρούς.\n* [[1948]] - Ίδρυση του [[Παγκόσμιο Συμβούλιο των Εκκλησιών|Παγκοσμίου Συμβουλίου των Εκκλησιών]], από 147 Εκκλησίες 44 χωρών.\n* [[1966]] - Λαμβάνεται από τον τεχνητό δορυφόρο της Σελήνης ''[[Lunar Orbiter 1]]'' η πρώτη φωτογραφία της [[Σελήνη]]ς.\n* [[1969]] - Πρώτες ελεύθερες εκλογές στην [[Γκάνα]].\n* [[1975]] - Πραγματοποιείται [[κομμουνισμός|κομμουνιστικό]] πραξικόπημα στο [[Λάος]].\n* [[1976]] - Χιλιάδες άνθρωποι χάνουν τη ζωή τους σε μεγάλο [[σεισμός|σεισμό]] στην [[Κίνα]].\n* [[1989]] - Η ''Επανάσταση του Τραγουδιού'' λαμβάνει χώρα στις [[Βαλτικές Δημοκρατίες|βαλτικές χώρες]]. Δύο εκατομμύρια άνθρωποι από την [[Εσθονία]], τη [[Λετονία]] και τη [[Λιθουανία]] στέκονται πιασμένοι χέρι χέρι στο δρόμο από το [[Βίλνιους]] ως το [[Τάλιν]], ζητώντας απόσχιση των κρατών τους από τη [[Σοβιετική Ένωση]].\n* [[1990]] - Η [[Αρμενία]] ζητά την ανεξαρτησία της από την [[ΕΣΣΔ]].\n* [[1991]] - Ο Πρόεδρος της [[Ρωσική Ομοσπονδία|Ρωσικής Ομοσπονδίας]] [[Μπόρις Γέλτσιν]] εγκρίνει το διάταγμα αναστολής των δραστηριοτήτων του Κομμουνιστικού Κόμματος, παρά την αντίδραση του προέδρου της [[ΕΣΣΔ]], [[Μιχαήλ Γκορμπατσόφ]].\n* [[1999]] - Εγκαθίσταται μόνιμα στο [[Βερολίνο]] η κυβέρνηση της [[Γερμανία]]ς.\n* [[2000]] - Συντριβή αεροσκάφους [[Airbus 320]], με νεκρούς και τους 143 επιβαίνοντες στο [[Μπαχρέιν]].\n* [[2004]] - Απαλλάσσεται  από γερμανικό δικαστήριο ο Γιοχάνες Βάινριχ, ο θεωρούμενος ως δεξί χέρι του θρυλικού τρομοκράτη Kάρλος. Εναντίον του Βάινριχ εκκρεμούσαν κατηγορίες για βομβιστικές επιθέσεις και ανθρωποκτονία στη Γαλλία πριν από είκοσι χρόνια. \n\n== Γεννήσεις ==\n*[[1517]] - [[Φραγκίσκος Α΄ της Λωρραίνης|Φραγκίσκος Α΄]], δούκας της Λωρραίνης\n*[[1740]] - [[Ιβάν ΣΤ΄ της Ρωσίας|Ιβάν ΣΤ΄]], τσάρος της Ρωσίας\n*[[1754]] - [[Λουδοβίκος ΙΣΤ΄ της Γαλλίας|Λουδοβίκος ΙΣΤ΄]], βασιλιάς της Γαλλίας\n*[[1800]] - [[Ευάγγελος Ζάππας]], Έλληνας επιχειρηματίας\n*[[1864]] - [[Ελευθέριος Βενιζέλος]], Έλληνας πολιτικός\n*[[1900]] - [[Γιώργος Θέμελης]], Έλληνας συγγραφέας\n*[[1908]] - [[Άρθουρ Αντάμοβ]], Ρώσος θεατρικός συγγραφέας\n*[[1910]] - [[Τζιουζέπε Μεάτσα]], Ιταλός ποδοσφαιριστής\n*[[1911]] - [[Φώτιος Κατσιάμπας]], Έλληνας πολιτικός\n*[[1912]] - [[Τζιν Κέλι]], Αμερικανός ηθοποιός και χορευτής\n*[[1912]] - [[Χένρι Τάσκα]], Αμερικανός διπλωμάτης\n*[[1924]] - [[Εφραίμ Κισόν]], Ισραηλινός συγγραφέας\n*[[1924]] - [[Ρόμπερτ Σόλοου]], Αμερικανός οικονομολόγος\n*[[1926]] - [[Κλίφορντ Γκερτζ]], Αμερικανός ανθρωπολόγος\n*[[1926]] - [[Λέανδρος Παπαθανασίου]], Έλληνας συνθέτης\n*[[1932]] - [[Χουαρί Μπουμεντιέν]], Αλγερινός πολιτικός\n*[[1943]] - [[Ντόναλντ Καλπόκας]], πρωθυπουργός του Βανουάτου\n*[[1946]] - [[Κιθ Μουν]], Άγγλος ντράμερ ([[The Who]])\n*[[1948]] - [[Κώστας Γεωργάκης]], Έλληνας αγωνιστής\n*[[1949]] - [[Βίκυ Λέανδρος]], Ελληνίδα τραγουδίστρια\n*[[1950]] - [[Ρόζα Οτουνμπάγιεβα]], πρόεδρος της Κιργιζίας\n*[[1952]] - [[Γιώργος Παράσχος]], Έλληνας ποδοσφαιριστής\n*[[1957]] - [[Τάσος Μητρόπουλος]], Έλληνας ποδοσφαιριστής\n*[[1964]] - [[Μάκης Βορίδης]], Έλληνας πολιτικός\n*[[1969]] - [[Τόνυ Δημητρίου]], Κύπριος ηθοποιός \n*[[1970]] - [[Ρίβερ Φίνιξ]], Αμερικανός ηθοποιός\n*[[1978]] - [[Κόμπι Μπράιαντ]], Αμερικανός καλαθοσφαιριστής\n*[[1981]] - [[Κάρμεν Λουβάνα]], Αμερικανίδα πορνογραφική ηθοποιός\n*[[1994]] - [[Όγκαστ Έιμς]], Καναδή πορνογραφική ηθοποιός\n\n== Θάνατοι ==\n*[[30 π.Χ.]] - [[Πτολεμαίος ΙΕ΄ Καισαρίων]], φαραώ της Αιγύπτου\n*[[634]] - [[Αμπού Μπακρ]], Άραβας χαλίφης\n*[[1305]] - [[Γουίλιαμ Γουάλας]], Σκωτσέζος αγωνιστής\n*[[1528]] - [[Λουδοβίκος του Βωντεμόν|Λουδοβίκος]], κόμης του Βωντεμόν\n*[[1806]] - [[Σαρλ Ωγκυστέν ντε Κουλόμπ]], Γάλλος φυσικός\n*[[1873]] - [[Καρλ Χοπφ]], Γερμανός ιστορικός\n*[[1892]] - [[Ντεοντόρο ντα Φονσέκα]], Πορτογάλος στρατιωτικός και πολιτικός\n*[[1900]] - [[Κουρόντα Κιγιοτάκα]], Ιάπωνας πολιτικός\n*[[1908]] - [[Γεώργιος Παπαδιαμαντόπουλος]], Έλληνας στρατιωτικός και πολιτικός \n*[[1933]] - [[Άντολφ Λως]], Αυστριακός αρχιτέκτονας\n*[[1936]] - [[Φρανκ Μπάρτλεμαν]], Αμερικανός ιερέας\n*[[1939]] - [[Εζέν Ανρί Γκραβελότ]], Γάλλος ξιφομάχος\n*[[1944]] - [[Αμπντούλ Μετζίτ Β΄]], Οθωμανός χαλίφης\n*[[1957]] - [[Παναγιώτης Σφακιανάκης]], Έλληνας πολιτικός\n*[[1974]] - [[Ρομπέρτο Ασσατζιόλι]], Ιταλός ψυχίατρος\n*[[1974]] - [[Κωνσταντίνος Μπέλλας]], Έλληνας γεωπόνος και πολιτικός\n*[[1982]] - [[Στυλιανός Κρητικάς]], Έλληνας πολιτικός\n*[[1989]] - [[Ρόναλντ Ντέιβιντ Λέινγκ]], Σκωτσέζος ψυχίατρος και συγγραφέας\n*[[2016]] - [[Ράινχαρντ Ζέλτεν]], Γερμανός οικονομολόγος\n*[[2016]] - [[Ανδρέας Μπάρκουλης]], Έλληνας ηθοποιός\n*[[2020]] - [[Γιάννης Πουλόπουλος]], Έλληνας τραγουδιστής\n\n== Αργίες και εορτές ==\n* Διεθνής Ημέρα κατά του Δουλεμπορίου\n* [[Ευρωπαϊκή ημέρα μνήμης των θυμάτων του Σταλινισμού και του Ναζισμού]]\n\n=== [[Ορθόδοξη Εκκλησία]] ===\n{{Πύλη:Ορθοδοξία/Εορτολόγιο/23 Αυγούστου}}\n\n{{Μήνες}}\n\n[[Κατηγορία:Ημέρες του έτους]]"}}}]}]}}