{"batchcomplete":true,"query":{"normalized":[{"fromencoded":false,"from":"23_Δεκεμβρίου","to":"23 Δεκεμβρίου"}],"pages":[{"pageid":3751,"ns":0,"title":"23 Δεκεμβρίου","revisions":[{"slots":{"main":{"contentmodel":"wikitext","contentformat":"text/x-wiki","content":"{{Μήνες Δεκεμβρίου}}\n\n<center>[[22 Δεκεμβρίου]] | [[23 Δεκεμβρίου]] | [[24 Δεκεμβρίου]]</center>\n\n----\nΗ '''23η Δεκεμβρίου''' είναι η 357η ημέρα του έτους κατά το [[Γρηγοριανό ημερολόγιο]] (358η σε δίσεκτα έτη). Υπολείπονται 8 ημέρες.\n\n{{ΗμερολόγιοΣεΠίνακα|12}}\n\n== Γεγονότα ==\n*[[484]] - Ο Χουνέρικ πεθαίνει και τον διαδέχεται ο ανιψιός του, Γκούνθαμουντ, ο οποίος γίνεται βασιλιάς των [[Βάνδαλοι|Βανδάλων]]. Κατά τη διάρκεια της βασιλείας του, οι χριστιανοί προστατεύονται από τις διώξεις.\n*[[558]] - Ο [[Χλωτάριος Α΄]] γίνεται βασιλιάς των [[Φράγκοι|Φράγκων]].\n*[[679]] - Δολοφονείται ο βασιλιάς [[Δαγοβέρτος Β΄]] κατά τη διάρκεια [[Κυνήγι|κυνηγιού]].\n*[[962]] - [[Αραβοβυζαντινοί Πόλεμοι]]: Υπό τη διοίκηση του μετέπειτα [[Κατάλογος Βυζαντινών αυτοκρατόρων|αυτοκράτορα]] [[Νικηφόρος Β´ Φωκάς|Νικηφόρου Β΄ Φωκά]], τα [[Βυζαντινός στρατός|βυζαντινά στρατεύματα]] εισβάλουν στο [[Χαλέπι]].\n*[[1688]] - [[Ένδοξη Επανάσταση]]: Ο βασιλιάς [[Ιάκωβος Β΄ της Αγγλίας]] διαφεύγει από την [[Αγγλία]] στο [[Παρίσι]] της [[Γαλλία]]ς, αφού καθαιρέθηκε υπέρ του ανιψιού του, [[Γουλιέλμος Γ΄ της Αγγλίας|Γουλιέλμου Γ' της Αγγλίας]], και της κόρης του, [[Μαρία Β΄ της Αγγλίας|Μαρίας Β΄ της Αγγλίας]]. \n*[[1783]] - Ο [[Τζορτζ Ουάσινγκτον]] παραιτείται από διοικητής του Ηπειρωτικού Στρατού στην [[Αννάπολις]].\n*[[1793]] - Μάχη του Σαβενέ: Οι [[Οίκος των Βουρβόνων|βασιλικοί]] αντεπαναστάτες γνωρίζουν την ήττα στον [[Πόλεμος της Βανδέας|πόλεμο της Βανδέας]] κατά τη διάρκεια της [[Γαλλική Επανάσταση|Γαλλικής Επανάστασης]].\n*[[1815]] - Δημοσιεύεται για πρώτη φορά το μυθιστόρημα ''[[Έμμα]]'' της [[Τζέιν Όστεν]].\n*[[1876]] - Πρώτη ημέρα της [[Διάσκεψη της Κωνσταντινούπολης (1876)|Διάσκεψης της Κωνσταντινούπολης]] για τις πολιτικές μεταρρυθμίσεις στα [[Βαλκάνια]].\n*[[1893]] - Παρουσιάζεται για πρώτη φορά η όπερα ''Χάνσελ και Γκρέτελ'' του [[Ένγκελμπερτ Χούμπερντινκ]].\n*[[1913]] - Ο [[πρόεδρος των Ηνωμένων Πολιτειών]] [[Γούντροου Ουίλσον]] υπογράφει νόμο με τον οποίο ιδρύεται η [[Ομοσπονδιακή Τράπεζα των ΗΠΑ]].\n*[[1941]] - [[Β΄ Παγκόσμιος Πόλεμος]]: Μετά από 15 ημέρες συγκρούσεων, ο [[Αυτοκρατορικός Ιαπωνικός Στρατός]] καταλαμβάνει τη [[Νήσος Ουέηκ|νήσο Ουέηκ]]. \n*[[1948]] - Επτά [[Ιαπωνία|Ιάπωνες]] στρατιωτικοί και πολιτικοί ηγέτες που καταδικάστηκαν για εγκλήματα πολέμου εκτελούνται στο [[Τόκιο]] από τις συμμαχικές αρχές κατοχής.\n*[[1960]] - Εκατό μέλη της Εθνικής Κοινωνικής Οργάνωσης Φοιτητών (ΕΚΟΦ) καταστρέφουν τα γραφεία της [[Μακεδονία (εφημερίδα)|εφημερίδας Μακεδονία]] στη [[Θεσσαλονίκη]].\n*[[1967]] - Παραδίδεται το σχέδιο Συντάγματος του [[Γεώργιος Παπαδόπουλος|Γεωργίου Παπαδόπουλου]]. Το σχετικό [[Ελληνικό δημοψήφισμα του 1968|δημοψήφισμα]] θα διεξαχθεί μεταξύ της [[21 Απριλίου|21ης Απριλίου]] και της [[15 Σεπτεμβρίου|15ης Σεπτεμβρίου]] [[1968]].\n*[[1968]] - Οι 82 ναύτες του [[Ηνωμένες Πολιτείες Αμερικής|αμερικανικού]] πλοίου ''[[USS Pueblo (AGER-2)|Pueblo]]'' απελευθερώνονται μετά από έντεκα μήνες εγκλεισμού στη [[Βόρεια Κορέα]].\n*[[1970]] - Ο Βόρειος Πύργος του [[Παγκόσμιο Κέντρο Εμπορίου|Παγκόσμιου Κέντρου Εμπορίου]] στο [[Μανχάταν]] της [[Νέα Υόρκη|Νέας Υόρκης]] φτάνει σε ύψος τα 417 μέτρα και γίνεται το ψηλότερο κτίριο στον κόσμο.\n*[[1972]] - [[Σεισμός]] μεγέθους 6,2 βαθμών της κλίμακας Ρίχτερ χτυπά την πρωτεύουσα της [[Νικαράγουα|Νικαράγουας]] [[Μανάγουα]] σκοτώνοντας περίπου 20.000 κατοίκους.\n*[[1975]] - Η [[Επαναστατική Οργάνωση 17 Νοέμβρη]] δολοφονεί τον σταθμάρχη της [[CIA]] στην [[Αθήνα]] [[Ρίτσαρντ Γουέλς]].\n*[[1990]] - Σε δημοψήφισμα στη [[Σλοβενία]], το 88,5% του συνολικού εκλογικού σώματος της Σλοβενίας ψηφίζει υπέρ της ανεξαρτησίας από τη [[Γιουγκοσλαβία]].\n*[[2002]] - Ένα [[Ηνωμένες Πολιτείες Αμερικής|αμερικανικό]] MQ-1 Predator καταρρίπτεται από ένα [[Ιράκ|ιρακινό]] [[Mikoyan-Gurevich MiG-25]] στην πρώτη μάχη μεταξύ ενός μη επανδρωμένου και ενός συμβατικού αεροσκάφους.\n\n== Γεννήσεις ==\n*[[1525]] - [[Ιωάννης Αλβέρτος Α΄ του Μεκλεμβούργου|Ιωάννης Αλβέρτος Α΄]], δούκας του Μεκλεμβούργου\n*[[1634]] - [[Μαριάννα της Αυστρίας]], βασίλισσα της Ισπανίας\n*[[1732]] - [[Ρίτσαρντ Άρκραϊτ]], Άγγλος βιομήχανος\n*[[1750]] - [[Φρειδερίκος-Αύγουστος Α΄ της Σαξωνίας|Φρειδερίκος-Αύγουστος Α΄]], βασιλιάς της Σαξωνίας\n*[[1777]] - [[Αλέξανδρος Α΄ της Ρωσίας|Αλέξανδρος Α΄]], τσάρος της Ρωσίας\n*[[1790]] - [[Ζαν-Φρανσουά Σαμπολιόν]], Γάλλος λόγιος και φιλόλογος\n*[[1793]] - [[Ντοστ Μοχαμάντ Χαν (Εμίρης του Αφγανιστάν)|Ντοστ Μοχαμάντ Χαν]], Εμίρης του Αφγανιστάν\n*[[1805]] - [[Τζόζεφ Σμιθ]], Αμερικανός θρησκευτικός ηγέτης\n*[[1887]] - [[Τζον Κρόμγουελ (σκηνοθέτης)|Τζον Κρόμγουελ]], Αμερικανός σκηνοθέτης\n*[[1887]] - [[Αναστάσιος Ορλάνδος]], Έλληνας αρχιτέκτονας\n*[[1896]] - [[Τζουζέππε Τομάζι ντι Λαμπεντούζα]], Ιταλός συγγραφέας\n*[[1901]] - [[Θράσος Καστανάκης]], Έλληνας συγγραφέας\n*[[1902]] - [[Αντίοχος Ευαγγελάτος]], Έλληνας συνθέτης\n*[[1908]] - [[Παντελής Ζερβός]], Έλληνας ηθοποιός\n*[[1908]] - [[Γιουσούφ Καρς]], Αρμένιος φωτογράφος\n*[[1910]] - [[Μαρία δε λας Μερθέδες των Βουρβόνων-Δύο Σικελιών]], ινφάντα της Ισπανίας\n*[[1918]] - [[Χέλμουτ Σμιτ]], Γερμανός πολιτικός\n*[[1928]] - [[Χρόνης Αηδονίδης]], Έλληνας τραγουδιστής\n*[[1929]] - [[Τσετ Μπέικερ]], Αμερικανός τρομπετίστας και τραγουδιστής\n*[[1933]] - [[Ακιχίτο]], αυτοκράτορας της Ιαπωνίας\n*[[1933]] - [[Ιωάννης Κουτσογιάννης]], Έλληνας στρατιωτικός\n*[[1942]] - [[Κουέντιν Μπράις]], Αυστραλή πολιτικός\n*[[1947]] - [[Γκράχαμ Μπονέτ]], Άγγλος τραγουδιστής ([[Rainbow]])\n*[[1956]] - [[Ντέιβ Μάρεϊ]], Άγγλος κιθαρίστας ([[Iron Maiden]])\n*[[1958]] - [[Πόλα-Μέι Γουίκς]], πολιτικός από το Τρινιντάντ και Τομπάγκο\n*[[1962]] - [[Μπερτράν Γκασό]], Βελγο - Γάλλος παλαίμαχος οδηγός αγώνων\n*[[1967]] - [[Κάρλα Μπρούνι]], Ιταλίδα τραγουδίστρια και μοντέλο\n*[[1975]] - [[Χριστόφορος Παπακαλιάτης]], Έλληνας ηθοποιός \n*[[1975]] - [[Θανάσης Σεντεμέντες]], Έλληνας ποδοσφαιριστής\n*[[1976]] - [[Τζέιμι Νομπλ]], Αμερικανός παλαιστής\n*[[1988]] - [[Θωμαή Απέργη]], Ελληνίδα τραγουδίστρια\n\n== Θάνατοι ==\n*[[558]] - [[Χιλδεβέρτος Α΄]], βασιλιάς των Φράγκων\n*[[679]] - [[Δαγοβέρτος Β΄]], βασιλιάς της Αυστρασίας\n*[[918]] - [[Κορράδος Α΄ της Γερμανίας]], βασιλιάς της ανατολικής Φραγκίας\n*[[1332]] - [[Φίλιππος Α΄ του Τάραντα|Φίλιππος Α΄]], πρίγκιπας του Τάραντα\n*[[1383]] - [[Βεατρίκη των Βουρβόνων, βασίλισσα της Βοημίας]]\n*[[1384]] - [[Θωμάς Β΄ Πρελούμπος]], δεσπότης της Ηπείρου\n*[[1392]] - [[Ισαβέλλα της Καστίλης, δούκισσα της Υόρκης]]\n*[[1588]] - [[Ερρίκος Α΄ του Γκιζ|Ερρίκος Α΄]], δούκας του Γκιζ\n*[[1709]] - [[Αλέξανδρος Μαυροκορδάτος (ο εξ απορρήτων)]], Έλληνας διπλωμάτης\n*[[1931]] - [[Γουίλσον Μπέντλεϊ]], Αμερικανός φωτογράφος\n*[[1943]] - [[Δημήτρης Γληνός]], Έλληνας εκπαιδευτικός και συγγραφέας\n*[[1948]] - [[Τότζο Χιντέκι]], Ιάπωνας στρατιωτικός και πολιτικός\n*[[1953]] - [[Λαβρέντι Μπέρια]], Σοβιετικός πολιτικός\n*[[1973]] - [[Γκέραρντ Κάιπερ]], Ολλανδός αστρονόμος\n*[[1975]] - [[Ρίτσαρντ Γουέλς]], Αμερικανός στέλεχος της CIA\n*[[1976]] - [[Ντουάρτε Β΄ της Μπραγκάνσα|Ντουάρτε Β΄]], δούκας της Μπραγκάνσα\n*[[1997]] - [[Στάνλι Κορτέζ]], Αμερικανός κινηματογραφιστής\n*[[2001]] - [[Δημήτριος Ομπολένσκυ]], Ρώσος ιστορικός\n*[[2013]] - [[Χρύσα (γλύπτρια)|Χρύσα]], Ελληνίδα γλύπτρια\n*[[2013]] - [[Μιχαήλ Καλάσνικοφ]], Ρώσος στρατιωτικός και σχεδιαστής όπλων\n*[[2015]] - [[Μπουλέντ Ουλουσού]], Τούρκος ναύαρχος και πολιτικός\n\n== Αργίες και εορτές ==\n* [[Ιαπωνία]] - Γενέθλια του Αυτοκράτορα - Γενέθλια του [[Ακιχίτο]], τωρινού Αυτοκράτορα της Ιαπωνίας \n* [[Σουηδία]] - Γενέθλια της Βασίλισσας Σίλβια, επίσημη γιορτή της σημαίας.\n\n=== [[Ορθόδοξη Εκκλησία]] ===\n{{Πύλη:Ορθοδοξία/Εορτολόγιο/23 Δεκεμβρίου}}\n{{commonscat|23 December}}\n== Βλέπε επίσης == \n[[23 Νοεμβρίου]] - [[23 Ιανουαρίου]]\n\n{{Μήνες}}\n\n[[Κατηγορία:Ημέρες του έτους]]"}}}]}]}}