{"batchcomplete":true,"query":{"normalized":[{"fromencoded":false,"from":"23_Σεπτεμβρίου","to":"23 Σεπτεμβρίου"}],"pages":[{"pageid":8048,"ns":0,"title":"23 Σεπτεμβρίου","revisions":[{"slots":{"main":{"contentmodel":"wikitext","contentformat":"text/x-wiki","content":"{{Μήνες Σεπτεμβρίου}}\n\n<center>[[22 Σεπτεμβρίου]] | '''23 Σεπτεμβρίου''' | [[24 Σεπτεμβρίου]]</center>\n\n----\n{{ΗμερολόγιοΣεΠίνακα|9}}\nΗ '''23η Σεπτεμβρίου''' είναι η 266η ημέρα του έτους κατά το [[Γρηγοριανό ημερολόγιο]] (267η σε δίσεκτα έτη). Υπολείπονται 99 ημέρες.\n\n== Γεγονότα ==\n*[[1122]] - Ο [[Πάπας Κάλλιστος Β΄]] και ο [[Ερρίκος Ε΄ της Αγίας Ρωμαϊκής Αυτοκρατορίας]] καταλήγουν σε συμφωνία, γνωστή ως το Κονκορδάτο της Βορμς, βάζοντας τέλος στη διαμάχη τους.\n*[[1459]] - Λαμβάνει χώρα η μάχη του Μπλορ Χιθ, η πρώτη μεγάλη μάχη του [[Πόλεμος των Ρόδων|Πολέμου των Ρόδων]].\n*[[1568]] - Οι [[Ισπανική Αυτοκρατορία|ισπανικές]] ναυτικές δυνάμεις κατατροπώνουν τον [[Βασίλειο της Αγγλίας|αγγλικό]] στόλο του [[Τζον Χοκινς]] κοντά στη [[Βερακρούς]].\n*[[1779]] - [[Αμερικανική Επανάσταση]]: Ο [[Τζον Πωλ Τζόουνς]], έχοντας τη διοίκηση του USS ''Bonhomme Richard'', κερδίζει στη ναυμαχία του Φλάμπορο. \n*[[1821]] - [[Ελληνική Επανάσταση του 1821]]: Οι [[Έλληνες]] επαναστάτες [[Άλωση της Τριπολιτσάς|καταλαμβάνουν την Τριπολιτσά]].\n*[[1845]] - Ιδρύεται στη [[Νέα Υόρκη]] η ομάδα Knickerbockers, η πρώτη ομάδα [[μπέιζμπολ]] που παίζει με τους σύγχρονους κανόνες.\n*[[1846]] - Οι αστρονόμοι [[Ουρμπέν Λεβεριέ]], Τζον Κουτς Άνταμς και [[Γιόχαν Γκότφριντ Γκάλε]] ανακαλύπτουν τον [[Ποσειδώνας (πλανήτης)|πλανήτη Ποσειδώνα]].\n*[[1889]] - Ο Φουσατζίρο Γιαμαούτσι ιδρύει τη [[Nintendo]].\n*[[1905]] - Η [[Νορβηγία]] και η [[Σουηδία]] καταλήγουν σε συμφωνία στο Κάρλσταντ για την ειρηνική διάλυση της [[Ένωση Σουηδίας–Νορβηγίας|ένωσης μεταξύ των δύο χωρών]].\n*[[1907]] - Πραγματοποιείται η ορκωμοσία Θρακών Ελλήνων αγωνιστών στη Μονή Αγίων Κωνσταντίνου και Ελένης του [[Ορτάκιοϊ Βόρειας Θράκης]], με στόχο την απελευθέρωση της περιοχής της Θράκης και την ενσωμάτωσή της στον εθνικό κορμό της Ελλάδας.\n*[[1913]] - Ο [[Γαλλία|Γάλλος]] αεροπόρος [[Ρολάν Γκαρός (αεροπόρος)|Ρολάν Γκαρός]] γίνεται ο πρώτος άνθρωπος που διασχίζει με αεροπλάνο τη [[Μεσόγειος Θάλασσα|Μεσόγειο Θάλασσα]] (από τη Γαλλία στην [[Τυνησία]]).\n*[[1932]] - Η [[Χετζάζ]] και η [[Νατζντ]] μετονομάζονται σε [[Σαουδική Αραβία]].\n*[[1938]] - Κινητοποίηση του [[Τσεχοσλοβακία|τσεχοσλοβακικού]] στρατού ως απάντηση στη [[Συμφωνία του Μονάχου]].\n*[[1943]] - [[Β΄ Παγκόσμιος Πόλεμος]]: Ιδρύεται το [[Ναζιστική Γερμανία|ναζιστικό]] κράτος-μαριονέτα γνωστό ως [[Ιταλική Κοινωνική Δημοκρατία]].\n*[[1973]] - Ο [[Χουάν Περόν]] επιστρέφει στην εξουσία της [[Αργεντινή]]ς.\n*[[1974]] - Με νομοθετικό διάταγμα της [[Κυβέρνηση Εθνικής Ενότητας 1974|κυβέρνησης εθνικής ενότητας]] υπό τον [[Κωνσταντίνος Καραμανλής|Κωνσταντίνο Καραμανλή]], νομιμοποιείται το [[Κομμουνιστικό Κόμμα Ελλάδας]].\n*[[1980]] - Ο [[Μπομπ Μάρλεϊ]] δίνει την τελευταία του συναυλία στο [[Πίτσμπεργκ]].\n*[[1983]] - Ο [[Άγιος Χριστόφορος και Νέβις]] γίνεται μέλος του [[Οργανισμός Ηνωμένων Εθνών|Οργανισμού Ηνωμένων Εθνών]].\n* [[1983]] - Ο [[Γκέρι Κοέτζι]] από τη [[Νότια Αφρική]] γίνεται ο πρώτος Αφρικανός παγκόσμιος πρωταθλητής βαρέων βαρών στην πυγμαχία.\n* [[1991]] - Το Κοινοβούλιο της Αρμενίας κηρύσσει την ανεξαρτησία της Δημοκρατίας από τη Μόσχα.\n* [[1993]] - Το [[Σίδνεϊ]] αναλαμβάνει την διοργάνωση των [[Θερινοί Ολυμπιακοί Αγώνες 2000|Ολυμπιακών Αγώνων του 2000]] .\n* [[1994]] - Έκρηξη του ηφαιστείου [[Πινατούμπο]] στις Φιλιππίνες, με τουλάχιστον 14 νεκρούς.\n* [[1999]] - Επανεκλέγεται Πρόεδρος της Υεμένης με 96,3% ο [[Αλί Αμπντουλάχ Σαλέχ]].\n* 1999 - Εξαφανίζεται πριν φτάσει στον Άρη η διαστημική συσκευή ''Mars Climate Observer'' .\n* [[2001]] - Στις βουλευτικές εκλογές στην Πολωνία καταποντίζεται η «Αλληλεγγύη», που δεν εκλέγει ούτε έναν βουλευτή στο Κοινοβούλιο. Αντίθετα, μεγάλη νίκη σημειώνει η Δημοκρατική Αριστερή Συμμαχία (πρώην κομμουνιστές).\n* 2001 - Στο [[Μακάο]] (υπό κινεζικό έλεγχο), στις πρώτες εκλογές από τότε που τέθηκε υπό τον έλεγχο της Κίνας (1999), την πλειοψηφία στις άμεσα επιλεγόμενες έδρες της Νομοθετικής Συνέλευσης κερδίζουν οι υποψήφιοι υπέρ της Κίνας.\n* [[2002]] - Το [[Βέλγιο]] γίνεται η δεύτερη χώρα του κόσμου που νομιμοποιεί την ευθανασία (ως υποβοηθούμενη αυτοκτονία-υπό προϋποθέσεις).\n* 2002 - Μις Υφήλιος 2002 γίνεται η Μις Παναμάς Τζάστιν Πασέκ, 22, , μετά την παραίτηση της μις Ρωσίας, Οξάνας Φεντόροβας, για να παντρευτεί. Για πρώτη φορά στα 52 χρόνια του θεσμού, η [[Μις Υφήλιος]] παραιτείται από τον τίτλο της.\n* 2002 - Πρεμιέρα του φυλλομετρητή ιστοσελίδων [[Mozilla Firefox]] (Phoenix), έκδοση 0.1.\n\n== Γεννήσεις ==\n*[[63 π.Χ.]] - [[Οκταβιανός Αύγουστος]], Ρωμαίος αυτοκράτορας\n*[[1158]] - [[Γοδεφρείδος Β΄ της Βρετάνης|Γοδεφρείδος Β΄]], δούκας της Βρετάνης\n*[[1215]] - [[Κουμπλάι Χαν]], Μογγόλος αυτοκράτορας\n*[[1371]] - [[Τσενκ Χι]], Κινέζος θαλασσοπόρος\n*[[1491]] - [[Ζακ Καρτιέ]], Γάλλος εξερευνητής\n*[[1519]] - [[Φραγκίσκος του Ανγκιάν]], Γάλλος στρατιωτικός\n*[[1713]] - [[Φερδινάνδος ΣΤ΄ της Ισπανίας|Φερδινάνδος ΣΤ΄]], βασιλιάς της Ισπανίας\n*[[1791]] - [[Γιόχαν Ένκε]], Γερμανός αστρονόμος\n*[[1791]] - [[Λάμπρος Ζαβός]], Έλληνας αρχιτέκτονας και πολιτικός μηχανικός\n*[[1819]] - [[Ιππόλυτος Φιζώ]], Γάλλος φυσικός\n*[[1838]] - [[Βικτόρια Γούντχαλ]], Αμερικανίδα δημοσιογράφος και ακτιβίστρια\n*[[1883]] - [[Γκριγκόρι Ζινόβιεφ]], Σοβιετικός πολιτικός\n*[[1890]] - [[Φρίντριχ Πάουλους]], Γερμανός στρατηγός\n*[[1899]] - [[Λουίζ Νίβελσον]], Ρωσίδα γλύπτρια\n*[[1901]] - [[Χρήστος Βασματζίδης]], Έλληνας πολιτικός\n*[[1901]] - [[Γιάροσλαβ Σάιφερτ]], Τσέχος συγγραφέας\n*[[1907]] - [[Ντουάρτε Β΄ της Μπραγκάνσα|Ντουάρτε Β΄]], δούκας της Μπραγκάνσα\n*[[1913]] - [[Σαντόρ Τάριτς]], Ούγγρος υδατοσφαιριστής\n*[[1916]] - [[Άλντο Μόρο]], Ιταλός πολιτικός\n*[[1922]] - [[Ιωάννης Αβραμίδης]], Έλληνας γλύπτης\n*[[1926]] - [[Τζον Κολτρέιν]], Αμερικανός σαξοφωνίστας και συνθέτης\n*[[1929]] - [[Βίκτωρ Σαριγιαννίδης]], Ρώσος αρχαιολόγος\n*[[1930]] - [[Ρέι Τσαρλς]], Αμερικανός τραγουδιστής και πιανίστας\n*[[1938]] - [[Ρόμι Σνάιντερ]], Αυστριακή ηθοποιός \n*[[1939]] - [[Ρόυ Μπιουκάναν]], Αμερικανός κιθαρίστας\n*[[1943]] - [[Χούλιο Ιγκλέσιας]], Ισπανός τραγουδιστής\n*[[1948]] - [[Βέρα Νίκολιτς]], Σέρβα αθλήτρια\n*[[1949]] - [[Μπρους Σπρίνγκστιν]], Αμερικανός τραγουδοποιός\n*[[1949]] - [[Κώστας Τουρνάς]], Έλληνας τραγουδοποιός\n*[[1956]] - [[Πάολο Ρόσι]], Ιταλός ποδοσφαιριστής\n*[[1963]] - [[Άλεξ Πρόγιας]], Αυστραλός σκηνοθέτης\n*[[1969]] - [[Πατρίκ Φιορί]], Γάλλος τραγουδιστής\n*[[1970]] - [[Γιώργος Κολτσίδας]], Έλληνας ποδοσφαιριστής\n*[[1971]] - [[Χρήστος Μικές]], Έλληνας ποδοσφαιριστής\n*[[1974]] - [[Ματ Χάρντι]], Αμερικανός παλαιστής\n*[[1978]] - [[Άντονι Μακί]], Αμερικανός ηθοποιός\n*[[1982]] - [[Σάιλα Στάιλζ]], Καναδέζα πορνογραφική ηθοποιός\n\n== Θάνατοι ==\n*[[76]] - [[Πάπας Λίνος]]\n*[[788]] - [[Έλφβαλντ Α΄ της Νορθουμβρίας|Έλφβαλντ Α΄]], βασιλιάς της Νορθουμβρίας\n*[[867]] - [[Μιχαήλ Γ΄]], Βυζαντινός αυτοκράτορας\n*[[1241]] - [[Σνόρρι Στούρλουσον]], Ισλανός ιστορικός, ποιητής και πολιτικός\n*[[1253]] - [[Βεγκέσλαος Α΄ της Βοημίας|Βεγκέσλαος Α΄]], βασιλιάς της Βοημίας\n*[[1390]] - [[Ιωάννης Α΄ της Λωρραίνης|Ιωάννης Α΄]], δούκας της Λωρραίνης\n*[[1463]] - [[Τζοβάνι του Κόζιμο των Μεδίκων]], Ιταλός ευγενής\n*[[1582]] - [[Λουδοβίκος του Μονπανσιέ|Λουδοβίκος]], δούκας του Μονπανσιέ\n*[[1696]] - [[Διονύσιος Δ΄ Μουσελίμης]], Πατριάρχης Κωνσταντινουπόλεως\n*[[1728]] - [[Κρίστιαν Τομάσιους]], Γερμανός νομικός και φιλόσοφος\n*[[1835]] - [[Βιντσέντζο Μπελίνι]], Ιταλός συνθέτης\n*[[1870]] - [[Προσπέρ Μεριμέ]], Γάλλος συγγραφέας\n*[[1877]] - [[Ουρμπέν Λεβεριέ]], Γάλλος αστρονόμος και μαθηματικός\n*[[1915]] - [[Κωνσταντίνος Δαμιανός]], Έλληνας στρατιωτικός\n*[[1917]] - [[Βέρνερ Φος]], Γερμανός πιλότος\n*[[1939]] - [[Σίγκμουντ Φρόυντ]], Αυστριακός ψυχίατρος\n*[[1970]] - [[Μπουρβίλ]], Γάλλος ηθοποιός\n*[[1971]] - [[Μπίλι Γκίλμπερτ]], Αμερικανός ηθοποιός\n*[[1973]] - [[Πάμπλο Νερούδα]], Χιλιανός ποιητής\n*[[1993]] - [[Δημήτριος Άρχος]], Έλληνας πολιτικός\n*[[2002]] - [[Φίλιππος Χατζήμπεης]], Έλληνας πολιτικός\n*[[2004]] - [[Διδώ Σωτηρίου]], Ελληνίδα συγγραφέας και δημοσιογράφος\n*[[2006]] - [[Τόμι Ολιβένσια]], Πορτορικανός μουσικός\n*[[2008]] - [[Ρούντολφ Ιλόφσκι]], Ούγγρος ποδοσφαιριστής και προπονητής\n*[[2009]] - [[Ερτουγρούλ Οσμάν]], Οθωμανός πρίγκιπας\n*2021-[[wikidata:Q108674578|Λάζαρος Τσολαρίδης]] Έλληνας εικαστικός\n*2022-Ρομπέρ Κόρμιερ  Καναδός ηθοποιός\n\n== Αργίες και εορτές ==\n\n* Παγκόσμια Ημέρα [[Αμφισεξουαλικότητα]]ς.\n\n=== [[Ορθόδοξη Εκκλησία]] ===\n{{Πύλη:Ορθοδοξία/Εορτολόγιο/23 Σεπτεμβρίου}}\n\n{{Μήνες}}\n\n[[Κατηγορία:Ημέρες του έτους]]"}}}]}]}}