{"batchcomplete":true,"query":{"normalized":[{"fromencoded":false,"from":"23_Ιουνίου","to":"23 Ιουνίου"}],"pages":[{"pageid":1948,"ns":0,"title":"23 Ιουνίου","revisions":[{"slots":{"main":{"contentmodel":"wikitext","contentformat":"text/x-wiki","content":"{{Μήνες Ιουνίου}}\n\n<center>[[22 Ιουνίου]] | '''23 Ιουνίου''' | [[24 Ιουνίου]]</center>\n\n----\nΗ '''23η Ιουνίου''' είναι η 174η ημέρα του έτους κατά το [[Γρηγοριανό ημερολόγιο]] (175η σε δίσεκτα έτη). Υπολείπονται 191 ημέρες.\n\n{{ΗμερολόγιοΣεΠίνακα|6}}\n\n==Γεγονότα==\n*[[1305]] - Υπογράφεται συνθήκη ειρήνης μεταξύ των [[Φλάνδρα|Φλαμανδών]] και των [[Γαλλία|Γάλλων]].\n*[[1713]] - Δίνεται προθεσμία ενός έτους στους [[Γαλλία|Γάλλους]] κατοίκους της [[Ακαδία]]ς για να δηλώσουν υποταγή στη [[Μεγάλη Βρετανία]] ή να εγκαταλείψουν τη [[Νέα Σκωτία]] του [[Καναδάς|Καναδά]].\n*[[1758]] - [[Επταετής Πόλεμος]]: Μάχη του Κρέφελντ. Οι συμμαχικές δυνάμεις ([[Βασίλειο της Μεγάλης Βρετανίας]], [[Οίκος του Αννόβερου]] και [[Βασίλειο της Πρωσίας]]) νικούν τα [[Βασίλειο της Γαλλίας|γαλλικά]] στρατεύματα στο [[Κρέφελντ]] της [[Γερμανία]]ς.\n*[[1812]] - [[Αγγλοαμερικανικός πόλεμος του 1812]]: Η [[Μεγάλη Βρετανία]] ανακαλεί τους περιορισμούς στο [[Αμερική|αμερικανικό]] εμπόριο, εξαλείφοντας έτσι έναν από τους κύριους λόγους του πολέμου. \n*[[1822]] - Ξεκινά η [[Πολιορκία της Πάτρας (1822)|Πολιορκία της Πάτρας]]\n*[[1868]] - Ο Κρίστοφερ Σολς λαμβάνει δίπλωμα [[ευρεσιτεχνία]]ς για μία εφεύρεση που ονόμασε «[[γραφομηχανή]]».\n*[[1894]] - Με πρωτοβουλία του [[Πιερ ντε Κουμπερτέν]], ιδρύεται στο [[Παρίσι]] η [[Διεθνής Ολυμπιακή Επιτροπή]].\n*[[1913]] - [[Β΄ Βαλκανικός Πόλεμος]]: Οι [[Έλληνες]] νικούν τους [[Βούλγαροι|Βούλγαρους]] στη [[Μάχη της Δοϊράνης (1913)|μάχη της Δοϊράνης]].\n*[[1914]] - Μεξικανική Επανάσταση: Ο [[Πάντσο Βίγια]] καταλαμβάνει το [[Σακατέκας]].\n*[[1940]] - Ο [[Αδόλφος Χίτλερ]] πραγματοποιεί μία τρίωρη περιήγηση στο [[Παρίσι]] με τον αρχιτέκτονα [[Άλμπερτ Σπέερ]] και τον γλύπτη Άρνο Μπρέκερ στη μοναδική του επίσκεψη στην πόλη.\n*[[1942]] - [[Β΄ Παγκόσμιος Πόλεμος]]: Το τελευταίο [[μαχητικό αεροσκάφος]] της [[Ναζιστική Γερμανία|Γερμανίας]], ένα [[Focke Wulf Fw 190]], αιχμαλωτίζεται ανέπαφο όταν προσγειώνεται κατά λάθος σε βάση της [[Βασιλική Πολεμική Αεροπορία (Βρετανία)|βρετανικής Βασιλικής Πολεμικής Αεροπορίας]] στην [[Ουαλία]].\n*[[1946]] - Ισχυρός [[σεισμός]] χτυπά τη [[Νήσος Βανκούβερ|νήσο Βανκούβερ]] στη [[Βρετανική Κολομβία]] του [[Καναδάς|Καναδά]].\n*[[1961]] - [[Ψυχρός Πόλεμος]]: Τίθεται σε ισχύ η [[Συνθήκη της Ανταρκτικής]], η οποία απαγορεύει τη στρατιωτική δραστηριότητα στην [[Ήπειροι|ήπειρο]] και επιτρέπει την επιστημονική έρευνα. \n*[[1963]] - Η [[Αθλητική Ένωση Κωνσταντινουπόλεως (ποδόσφαιρο)|ΑΕΚ]] στέφεται [[Α΄ Εθνική ποδοσφαίρου ανδρών 1962-1963|πρωταθλήτρια Ελλάδος]], παρά την ισοπαλία 3-3 που παραχωρεί στον [[Παναθηναϊκός (ποδόσφαιρο)|Παναθηναϊκό]].\n*[[1967]] - [[Ψυχρός Πόλεμος]]: Ο [[Ηνωμένες Πολιτείες Αμερικής|Αμερικανός]] πρόεδρος [[Λύντον Τζόνσον]] συναντιέται με τον [[Ένωση Σοβιετικών Σοσιαλιστικών Δημοκρατιών|Σοβιετικό]] ηγέτη Αλεξέι Κοσίγκιν στο Γκλάσμπορο του [[Νιου Τζέρσεϊ]].\n*[[1996]] - Πεθαίνει ο πρώην Πρωθυπουργός της [[Ελλάδα|Ελλάδας]], [[Ανδρέας Παπανδρέου]] σε ηλικία 77 ετών.\n*[[2001]] - Ισχυρός [[σεισμός]] συγκλονίζει το [[Περού]]. Ακολούθησε ένα καταστροφικό τσουνάμι, αφήνοντας 102 νεκρούς και 70 αγνοούμενους. \n*[[2012]] - Ο [[Άστον Ήτον]] σπάει το παγκόσμιο ρεκόρ στο [[δέκαθλο]].\n\n==Γεννήσεις==\n*[[47 π.Χ.]] - [[Πτολεμαίος ΙΕ΄ Καισαρίων]], φαραώ της Αιγύπτου\n*[[1406]] - [[Φιλίππο Λίππι]], Ιταλός ζωγράφος\n*[[1435]] - [[Φραγκίσκος Β΄ της Βρετάνης|Φραγκίσκος Β΄]], δούκας της Βρετάνης\n*[[1456]] - [[Μαργαρίτα της Δανίας, βασίλισσα της Σκωτίας]], βασίλισσα της Σκωτίας\n*[[1478]] - [[Φίλιππος Α΄ της Καστίλης|Φίλιππος Α΄]], βασιλιάς της Καστίλης\n*[[1488]] - [[Κάρολος Β΄ της Σαβοΐας|Κάρολος Β΄]], δούκας της Σαβοΐας\n*[[1534]] - [[Όντα Νομπουνάγκα]], Ιάπωνας πολέμαρχος\n*[[1703]] - [[Μαρία Λεστσίνσκα]], βασίλισσα της Γαλλίας\n*[[1889]] - [[Άννα Αχμάτοβα]], Ρωσίδα ποιήτρια\n*[[1894]] - [[Εδουάρδος Η΄ του Ηνωμένου Βασιλείου|Εδουάρδος Η΄]], βασιλιάς του Ηνωμένου Βασιλείου\n*[[1894]] - [[Άλφρεντ Κίνσεϊ]], Αμερικανός εντομολόγος και σεξολόγος\n*[[1894]] - [[Νόρμαν Ράιλι Ρέιν]], Αμερικανός σεναριογράφος\n*[[1908]] - [[Μ. Καραγάτσης]], Έλληνας συγγραφέας\n*[[1910]] - [[Ζαν Ανούιγ]], Γάλλος δραματουργός\n*[[1912]] - [[Άλαν Τιούρινγκ]], Άγγλος μαθηματικός\n*[[1919]] - [[Μοχάμεντ Μπουντιάφ]], Αλγερινός πολιτικός\n*[[1924]] - [[Βαγιαζίτ Οσμάν]], Τούρκος ευγενής\n*[[1928]] - [[Σπύρος Ζαγοραίος]], Έλληνας τραγουδιστής\n*[[1936]] - [[Κωνσταντίνος Σημίτης]], Έλληνας πολιτικός\n*[[1937]] - [[Μάρτι Αχτισάαρι]], Φινλανδός πολιτικός\n*[[1940]] - [[Γουίλμα Ρούντολφ]], Αμερικανίδα αθλήτρια\n*[[1943]] - [[Αλμπέρτ Πιντάτ]], πρωθυπουργός της Ανδόρρας\n*[[1950]] - [[Γιάννης Μηλιώκας]], Έλληνας τραγουδοποιός\n*[[1957]] - [[Φράνσις ΜακΝτόρμαντ]], Αμερικανίδα ηθοποιός\n*[[1967]] - [[Γιάννης Ξανθόπουλος (ποδοσφαιριστής)|Γιάννης Ξανθόπουλος]], Έλληνας ποδοσφαιριστής\n*[[1970]] - [[Γιαν Τιρσέν]], Γάλλος μουσικός και συνθέτης\n*[[1972]] - [[Ζινεντίν Ζιντάν]], Γάλλος ποδοσφαιριστής\n*[[1973]] - [[Marie N]], Λετονή τραγουδίστρια\n*[[1976]] - [[Πατρίκ Βιεϊρά]], Γάλλος ποδοσφαιριστής\n*[[1976]] - [[Σάββας Πουρσαϊτίδης]], Έλληνας ποδοσφαιριστής\n*[[1980]] - [[Σαντζάι Γκάντι]], Ινδός πολιτικός\n*[[1980]] - [[Φραντσέσκα Σκιαβόνε]], Ιταλίδα αντισφαιρίστρια\n*[[1982]] - [[Ελένη Βουγιουκλή]], Ελληνίδα τραγουδίστρια\n*[[1984]] - [[Ντάφυ]], Ουαλή τραγουδίστρια\n\n==Θάνατοι==\n*[[79]] - [[Βεσπασιανός]], Ρωμαίος αυτοκράτορας\n*[[1821]] - [[Λουίζα Μαρία Αδελαΐδα των Βουρβόνων]], δούκισσα της Ορλεάνης\n*[[1891]] - [[Βίλχελμ Βέμπερ]], Γερμανός φυσικός\n*[[1945]] - [[Σάιμον Λέικ]], Αμερικανός μηχανικός και ναυπηγός\n*[[1949]] - [[Αριστείδης Στεργιάδης]], Έλληνας πολιτικός\n*[[1959]] - [[Μπορίς Βιάν]], Γάλλος συγγραφέας και μουσικός\n*[[1975]] - [[Γεώργιος Τζηρίδης]], Έλληνας πολιτικός\n*[[1975]] - [[Γεώργιος Φουντουλάκης]], Έλληνας στρατιωτικός\n*[[1986]] - [[Παναγιώτης Γυιόκας]], Έλληνας πολιτικός\n*[[1992]] - [[Νιμέτ Νεβζάντ Χανιμεφέντι]], Οθωμανή σουλτάνα\n*[[1995]] - [[Τζόνας Σολκ]], Αμερικανός βιολόγος και ιατρός\n*[[1996]] - [[Πασκουαλίνο Ντε Σάντις]], Ιταλός κινηματογραφιστής\n*[[1996]] - [[Ανδρέας Παπανδρέου]], Έλληνας πολιτικός\n*[[1997]] - [[Αρχέλαος Ιακωβίδης]], Έλληνας πολιτικός\n*[[1998]] - [[Μορίν Ο'Σάλιβαν]], Ιρλανδή ηθοποιός\n*[[2003]] - [[Μάρκος Ζέρβας]], Έλληνας σκηνογράφος\n*[[2004]] - [[Ιωάννης Π. Μελάς]], Έλληνας πολιτικός\n*[[2005]] - [[Μανόλης Αναγνωστάκης]], Έλληνας ποιητής\n*[[2008]] - [[Άρθουρ Τσουνγκ]], πρόεδρος της Γουιάνας\n*[[2013]] - [[Μπόμπι Μπλου Μπλαντ]], Αμερικανός τραγουδιστής\n*[[2013]] - [[Σάρον Στούντερ]], Αμερικανίδα κολυμβήτρια\n*[[2020]] - [[Νίκος Αλέφαντος]], Έλληνας ποδοσφαιριστής, προπονητής και συντελεστής αθλητικών εκπομπών\n\n==Αργίες και εορτές==\n*Παγκόσμια Ολυμπιακή ημέρα\n\n===[[Ορθόδοξη Εκκλησία]]===\n{{Πύλη:Ορθοδοξία/Εορτολόγιο/23 Ιουνίου}}\n\n{{Μήνες}}\n\n[[Κατηγορία:Ημέρες του έτους]]"}}}]}]}}