{"batchcomplete":true,"query":{"normalized":[{"fromencoded":false,"from":"23_Ιουλίου","to":"23 Ιουλίου"}],"pages":[{"pageid":2870,"ns":0,"title":"23 Ιουλίου","revisions":[{"slots":{"main":{"contentmodel":"wikitext","contentformat":"text/x-wiki","content":"{{χωρίς παραπομπές|16|01|2022}}\n\n{{Μήνες Ιουλίου}}\n\n<center>[[22 Ιουλίου]] | '''23 Ιουλίου''' | [[24 Ιουλίου]]</center>\n\n----\nΗ '''23η Ιουλίου''' είναι η 204η ημέρα του έτους κατά το [[Γρηγοριανό ημερολόγιο]] (205η σε δίσεκτα έτη). Υπολείπονται 161 ημέρες.\n\n{{ΗμερολόγιοΣεΠίνακα|7}}\n\n== Γεγονότα ==\n*[[811]] - Ο [[Βυζαντινή Αυτοκρατορία|Βυζαντινός αυτοκράτορας]] [[Νικηφόρος Α´]] καταλαμβάνει τη [[Πρώτη Βουλγαρική Αυτοκρατορία|βουλγαρική]] πρωτεύουσα Πλίσκα και το ταμείο του χάνου [[Κρούμος|Κρούμου]].\n*[[1632]] - Πάνω από 300 άποικοι αναχωρούν για τη [[Νέα Γαλλία]] από τη [[Διέππη]].\n*[[1793]] - Το [[Βασίλειο της Πρωσίας]] ξανακατακτά το [[Μάιντς]] από τη [[Γαλλία]].\n*[[1821]] - [[Ελληνική Επανάσταση του 1821]]: οι [[Έλληνες]] καταλαμβάνουν τη [[Μονεμβασιά]]. Οι [[Οθωμανική Αυτοκρατορία|Οθωμανοί]] στρατιώτες και πολίτες μεταφέρονται στις ακτές της [[Μικρά Ασία|Μικράς Ασίας]].\n*[[1829]] - Στις [[Ηνωμένες Πολιτείες Αμερικής]], ο Γουίλιαμ Όστιν Μπαρτ λαμβάνει δίπλωμα [[ευρεσιτεχνία]]ς για τον τυπογράφο, πρόδρομο της [[γραφομηχανή]]ς.\n*[[1903]] - Η [[Ford Motor Company]] πουλά το πρώτο της αυτοκίνητο.\n*[[1914]] - Η [[Αυστροουγγαρία]] εκδίδει μία σειρά αιτημάτων σε ένα τελεσίγραφο προς το [[Βασίλειο της Σερβίας]] με αφορμή τη [[δολοφονία του Αρχιδούκα Φραγκίσκου Φερδινάνδου της Αυστρίας]]. Η Σερβία αποδέχεται όλα τα αιτήματα εκτός από ένα και η Αυστρία θα κηρύξει τον πόλεμο στις [[28 Ιουλίου]].\n*[[1926]] - Η [[20th Century Fox|Fox Film]] αγοράζει τις πατέντες του συστήματος ήχου Movietone για την εγγραφή ήχου σε [[Κινηματογράφος|φιλμ]].\n*[[1929]] - Η φασιστική κυβέρνηση στην [[Βασίλειο της Ιταλίας|Ιταλία]] απαγορεύει τη χρήση ξένων λέξεων.\n*[[1942]] - [[Ολοκαύτωμα]]: Αρχίζει η λειτουργία του [[Στρατόπεδο εξόντωσης Τρεμπλίνκα|στρατόπεδου εξόντωσης Τρεμπλίνκα]].\n*[[1945]] - Αρχίζουν οι μεταπολεμικές νομικές διαδικασίες εναντίον του [[Φιλίπ Πεταίν]].\n*[[1952]] - Ιδρύεται η [[Ευρωπαϊκή Κοινότητα Άνθρακα και Χάλυβα]].\n* [[1952]] - Αιγυπτιακό πραξικόπημα. Ομάδα νεαρών αξιωματικών στρατού και αεροπορίας κατέλαβαν το Κάιρο και μεγάλες πόλεις. Τρεις ημέρες αργότερα το πραξικόπημα χαρακτηρίζεται επανάσταση, (Ιουλιανή επανάσταση), και ο Βασιλεύς Φαρούκ υποχρεώθηκε σε παραίτηση υπέρ του διαδόχου και να εγκαταλείψει την Αίγυπτο.\n*[[1968]] - Ανταλλαγή πυροβολισμών λαμβάνει χώρα στο [[Κλίβελαντ]], μεταξύ μίας μαχητικής οργάνωσης μαύρων και της αστυνομίας του Κλίβελαντ. Κατά τη διάρκεια της ανταλλαγής των πυροβολισμών, αρχίζουν ταραχές που θα διαρκέσουν πέντε ημέρες.\n*[[1974]] - Καταρρέει η [[χούντα του Ιωαννίδη]] και καλείται ο πρώην πρωθυπουργός [[Κωνσταντίνος Καραμανλής]] να ηγηθεί της νέας [[Κυβέρνηση Εθνικής Ενότητας 1974|κυβέρνησης]], ξεκινώντας η εποχή της [[Μεταπολίτευση|μεταπολίτευσης]] στην [[Ελλάδα]].    \n* [[2007]] - Πτώση αεροσκάφους [[CL-415]] κατά τη διάρκεια πυρόσβεσης, στα Στύρα Ευβοίας.\n* [[2018]] - Φονικές [[Πυρκαγιές στην Αττική το 2018|πυρκαγιές ξεσπούν στην Αττική]] τόσο στην [[Κινέτα Αττικής|Κινέτα]] όσο κυρίως στο [[Μάτι Αττικής|Μάτι]] της Ραφήνας.\n\n== Γεννήσεις ==\n*[[1301]] - [[Όθων της Αυστρίας|Όθων]], δούκας της Αυστρίας\n*[[1339]] - [[Λουδοβίκος Α΄ του Ανζού|Λουδοβίκος Α΄]], δούκας του Ανζού\n*[[1401]] - [[Φραγκίσκος Α΄ Σφόρτσα]], δούκας του Μιλάνου\n*[[1503]] - [[Άννα της Βοημίας και της Ουγγαρίας|Άννα]], βασίλισσα της Βοημίας και της Ουγγαρίας\n*[[1649]] - [[Πάπας Κλήμης ΙΑ΄]]\n*[[1684]] - [[Ιωάννης Μαυροκορδάτος]], πρίγκιπας της Βλαχίας\n*[[1796]] - [[Φραντς Μπέρβαλντ]], Σουηδός συνθέτης\n*[[1884]] - [[Εμίλ Γιάνινγκς]], Ελβετός ηθοποιός\n*[[1892]] - [[Χαϊλέ Σελασιέ Α΄]], αυτοκράτορας της Αιθιοπίας\n*[[1910]] - [[Πατριάρχης Μόσχας Ποιμήν]]\n*[[1911]] - [[Φιατάου Πενιτάλα Τίο]], γενικός κυβερνήτης του Τουβαλού\n*[[1911]] - [[Στρατής Τσίρκας]], Έλληνας συγγραφέας\n*[[1925]] - [[Κετουμίλε Μασίρε]], πρόεδρος της Μποτσουάνας\n*[[1928]] - [[Βέρα Ρούμπιν]], Αμερικανίδα αστρονόμος\n*[[1931]] - [[Τε Αταϊρανγκικαάχου]], βασίλισσα των Μαορί\n*[[1940]] - [[Τομάσο Πάντοα - Σκιόππα]], Ιταλός τραπεζίτης και οικονομολόγος\n*[[1941]] - [[Σέρτζιο Ματαρέλα]], Ιταλός νομικός και πολιτικός\n*[[1942]] - [[Δημήτρης Λιαντίνης]], Έλληνας φιλόσοφος\n*[[1943]] - [[Τάνυα Ράινχαρτ]], Ισραηλινή γλωσσολόγος\n*[[1944]] - [[Δημήτρης Λάρδας]], Έλληνας ποδοσφαιριστής\n*[[1953]] - [[Νατζίμπ Ραζάκ]], Μαλαισιανός πολιτικός\n*[[1957]] - [[Νίκος Γκάλης]], Έλληνας καλαθοσφαιριστής\n*[[1961]] - [[Γούντι Χάρελσον]], Αμερικανός ηθοποιός\n*[[1964]] - [[Νικ Μένζα]], Αμερικανός ντράμερ\n*[[1965]] - [[Slash (μουσικός)|Slash]], Άγγλος κιθαρίστας ([[Guns N' Roses]])\n*[[1967]] - [[Φίλιπ Σέιμουρ Χόφμαν]], Αμερικανός ηθοποιός και σκηνοθέτης\n*[[1969]] - [[Σωτήρης Καλυβάτσης]], Έλληνας παρουσιαστής και ηθοποιός\n*[[1973]] - [[Φραν Χίλι]], Σκωτσέζος τραγουδιστής ([[Travis]])\n*[[1979]] - [[Σωτήρης Κυργιάκος]], Έλληνας ποδοσφαιριστής\n*[[1979]] - [[Άντα Λιβιτσάνου]], Ελληνίδα ηθοποιός \n*[[1982]] - [[Πολ Γουέσλι]], Αμερικανός ηθοποιός\n*[[1985]] - [[Ρενάλντας Σεϊμπούτις]], Λιθουανός καλαθοσφαιριστής\n*[[1986]] - [[Tus (ράπερ)|Tus]], Έλληνας ράπερ\n*[[1989]] - [[Ντάνιελ Ράντκλιφ]], Άγγλος ηθοποιός\n\n== Θάνατοι ==\n*[[1562]] - [[Γκετς φον Μπέρλιχινγκεν]], Γερμανός ιππότης\n*[[1645]] - [[Μιχαήλ Α΄ της Ρωσίας|Μιχαήλ Α΄]], τσάρος της Ρωσίας\n*[[1757]] - [[Ντομένικο Σκαρλάττι]], Ιταλός συνθέτης\n*[[1885]] - [[Οδυσσεύς Γκραντ]], 18ος πρόεδρος των Η.Π.Α.\n*[[1916]] - [[Ουίλιαμ Ράμσεϊ]], Σκωτσέζος χημικός\n*[[1919]] - [[Σπυρίδων Λάμπρος]], Έλληνας ιστορικός και πολιτικός\n*[[1925]] - [[Γρηγόριος Καλλίδης]], Έλληνας Μητροπολίτης Ηρακλείας Θράκης και άγιος της Ορθόδοξης Εκκλησίας\n*[[1932]] - [[Αλμπέρτου Σάντους-Ντουμό]], Βραζιλιάνος αεροπόρος\n*[[1951]] - [[Φιλίπ Πεταίν]], Γάλλος στρατιωτικός και πολιτικός\n*[[1955]] - [[Γεώργιος Μαντζαβίνος]], Έλληνας οικονομολόγος, τραπεζίτης και πολιτικός\n*[[1957]] - [[Τζουζέππε Τομάζι ντι Λαμπεντούζα]], Ιταλός συγγραφέας\n*[[1960]] - [[Ιωάννης Αποστόλου (πολιτικός)|Ιωάννης Αποστόλου]], Έλληνας πολιτικός\n*[[1961]] - [[Περικλής Αντωνόπουλος]], Έλληνας αξιωματικός του Ναυτικού\n*[[1966]] - [[Μοντγκόμερι Κλιφτ]], Αμερικανός ηθοποιός\n*[[1971]] - [[Βαν Χέφλιν]], Αμερικανός ηθοποιός\n*[[1977]] - [[Αρσένιο Ερίκο]], Παραγουανός ποδοσφαιριστής\n*[[1982]] - [[Γιώργος Γαβριηλίδης]], Έλληνας ηθοποιός\n*[[1982]] - [[Βικ Μόροου]], Αμερικανός ηθοποιός\n*[[1984]] - [[Αντώνιος Πυλιώτης|Αντώνιος Ν. Πυλιώτης]], Έλληνας πολιτικός\n*[[1996]] - [[Αλίκη Βουγιουκλάκη]], Ελληνίδα ηθοποιός\n*[[1996]] - [[Διαλεχτή Ζευγώλη-Γλέζου]], Ελληνίδα ποιήτρια\n*[[1996]] - [[Παρθένιος Γ΄ Αλεξανδρείας|Παρθένιος Γ΄]], Πατριάρχης Αλεξανδρείας\n*[[2003]] - [[Υβόν Σανσόν]], Ελληνίδα ηθοποιός\n*[[2004]] - [[Μήτσος Σαχίνης]], Έλληνας πολιτικός\n*[[2007]] - [[Μοχάμεντ Ζαχίρ Σαχ]], Βασιλιάς του Αφγανιστάν\n*[[2011]] - [[Έιμι Γουάινχαουζ]], Αγγλίδα τραγουδίστρια\n\n== Αργίες και εορτές ==\n=== [[Ορθόδοξη Εκκλησία]] ===\n{{Πύλη:Ορθοδοξία/Εορτολόγιο/23 Ιουλίου}}\n\n{{Μήνες}}\n\n[[Κατηγορία:Ημέρες του έτους]]"}}}]}]}}