{"batchcomplete":true,"query":{"normalized":[{"fromencoded":false,"from":"23_Ιανουαρίου","to":"23 Ιανουαρίου"}],"pages":[{"pageid":1118,"ns":0,"title":"23 Ιανουαρίου","revisions":[{"slots":{"main":{"contentmodel":"wikitext","contentformat":"text/x-wiki","content":"{{5μήνες|μ=1}}\n\n<center>[[22 Ιανουαρίου]] | '''23 Ιανουαρίου''' | [[24 Ιανουαρίου]]</center>\n\n----\nΗ '''23η Ιανουαρίου''' είναι η 23η ημέρα του έτους κατά το [[Γρηγοριανό ημερολόγιο]]. Υπολείπονται 342 ημέρες (343 σε δίσεκτα έτη).\n\n{|width=100%\n| __TOC__\n| {{ΗμερολόγιοΣεΠίνακα|1}}\n|}\n\n== Γεγονότα ==\n*[[393]] - Ο [[Κατάλογος Ρωμαίων Αυτοκρατόρων|Ρωμαίος αυτοκράτορας]] [[Θεοδόσιος Α΄]] ανακηρύσσει συναυτοκράτορά του τον οκτάχρονο γιο του, [[Φλάβιος Ονώριος|Ονώριο]].\n*[[1264]] - Κατά τη σύγκρουση μεταξύ του βασιλιά [[Ερρίκος Γ΄ της Αγγλίας|Ερρίκου Γ΄ της Αγγλίας]] και των επαναστατημένων βαρόνων του με επικεφαλής τον Σιμόν ντε Μονφόρ, ο βασιλιάς [[Λουδοβίκος Θ΄ της Γαλλίας]] εκδίδει τη Ρύθμιση της [[Αμιάν|Αμιένης]], μία μονόπλευρη απόφαση υπέρ του Ερρίκου που αργότερα θα οδηγήσει στον [[Δεύτερος πόλεμος των βαρώνων|Δεύτερο πόλεμο των βαρώνων]].  \n*[[1368]] - Ο Τσου Γιουαντσάνγκ στέφεται αυτοκράτορας της [[Λαϊκή Δημοκρατία της Κίνας|Κίνας]] με το όνομα Χονγκγού, ξεκινώντας τη [[δυναστεία Μινγκ]] που κυβέρνησε την Κίνα για τρεις αιώνες.\n*[[1556]] - Ο πιο φονικός [[σεισμός]] της ιστορίας χτυπά την επαρχία Σαανσί της [[Λαϊκή Δημοκρατία της Κίνας|Κίνας]]. Ο αριθμός των νεκρών ανέρχεται σε 830.000 άτομα.\n*[[1571]] - Ανοίγει το Βασιλικό Χρηματιστήριο στο [[Λονδίνο]].\n*[[1656]] - Ο [[Μπλεζ Πασκάλ]] δημοσιεύει την πρώτη από τις ''Επαρχιακές επιστολές'' του.\n*[[1719]] - Δημιουργείται το [[πριγκιπάτο]] του [[Λίχτενσταϊν]] εντός της [[Αγία Ρωμαϊκή Αυτοκρατορία|Αγίας Ρωμαϊκής Αυτοκρατορίας]].\n*[[1846]] - Καταργείται το δουλεμπόριο στην [[Τυνησία]].\n*[[1879]] - Πόλεμος Βρετανίας-Ζουλού: Λήγει η [[μάχη του Ρορκς Ντριφτ]].\n*[[1904]] - Η παράκτια [[Νορβηγία|νορβηγική]] πόλη [[Ώλεσουντ]] καταστρέφεται από φωτιά, αφήνοντας έναν νεκρό και 10.000 άστεγους. Ο [[κάιζερ]] [[Γουλιέλμος Β΄ της Γερμανίας]] χρηματοδοτεί την ανοικοδόμηση της πόλης σε στυλ [[Αρ Νουβό]].\n*[[1941]] - Ο [[Τσαρλς Λίντμπεργκ]] καταθέτει ενώπιον του [[Κογκρέσο των Ηνωμένων Πολιτειών|Κογκρέσου των Ηνωμένων Πολιτειών]] και προτείνει οι [[Ηνωμένες Πολιτείες Αμερικής]] να διαπραγματευθούν μία συμφωνία ουδετερότητας με τον [[Αδόλφος Χίτλερ|Αδόλφο Χίτλερ]]. \n*[[1943]] - [[Β΄ Παγκόσμιος Πόλεμος]]: Η Όγδοη Στρατιά του [[Μπέρναρντ Μοντγκόμερυ]] καταλαμβάνει την [[Τρίπολη (Λιβύη)]] από τα [[Ναζιστική Γερμανία|γερμανο]]-[[Ιταλία|ιταλικά]] στρατεύματα.\n*[[1957]] - Ο [[Ηνωμένες Πολιτείες Αμερικής|Αμερικανός]] εφευρέτης [[Γουόλτερ Φρέντερικ Μόρισον]] πωλεί τα δικαιώματα του ιπτάμενου δίσκου του στην εταιρεία παιχνιδιών Wham-O, η οποία αργότερα θα τον μετονομάσει σε φρίσμπι.\n*[[1958]] - Μετά από μία γενική εξέγερση και ταραχές στους δρόμους, ο πρόεδρος της [[Βενεζουέλα]]ς Μάρκος Πέρες Χιμένες αποχωρεί από τη χώρα.   \n*[[1960]] - Το [[βαθυσκάφος]] USS ''Trieste'' καταρρίπτει ρεκόρ βάθους κατεβαίνοντας στα 10.911 μέτρα στον [[Ειρηνικός Ωκεανός|Ειρηνικό ωκεανό]].\n*[[1961]] - Το [[Πορτογαλία|πορτογαλικό]] πολυτελές [[κρουαζιερόπλοιο]] ''Σάντα Μαρία'' καταλαμβάνεται από αντιπάλους του δικτάτορα [[Αντόνιο ντι Ολιβέιρα Σαλαζάρ]], οι οποίοι απαιτούν την ανατροπή του. \n*[[1961]] - Επτά μέλη του πληρώματος του [[Ηνωμένες Πολιτείες Αμερικής|αμερικανικού]] [[αεροπλανοφόρο]]υ ''[[Σαρατόγκα (αεροπλανοφόρο)|Σαρατόγκα]]'' χάνουν τη ζωή τους από πυρκαγιά που ξεσπά στο πλοίο, ενώ ναυλοχεί στο Φάληρο.\n*[[1964]] - Για τρίτη φορά σε ισάριθμα έτη ανατινάζεται ο μιναρές του τεμένους Μπαϊρακτάρ στην ελληνική συνοικία της [[Λευκωσία]]ς. \n*[[1986]] - Το [[Rock and Roll Hall of Fame]] εισάγει τα πρώτα του μέλη: [[Λιτλ Ρίτσαρντ]], [[Τσακ Μπέρι]], [[Τζέιμς Μπράουν]], [[Ρέι Τσαρλς]], Φατς Ντόμινο, Everly Brothers, Μπάντι Χόλι, Τζέρι Λι Λιούις και [[Έλβις Πρίσλεϊ]].\n* [[1992]] - Αεροσκάφος [[HU-16 Albatross]] της [[Ελληνική Πολεμική Αεροπορία|Ελληνικής Πολεμικής Αεροπορίας]] συντρίβεται σε κατοικημένη περιοχή της [[Ελευσίνα]]ς, σκοτώνοντας τα τρία μέλη του πληρώματος.\n*[[2018]] - Καταστροφικός σεισμός 8,2 ρίχτερ στην Αλάσκα.\n\n== Γεννήσεις ==\n*[[1378]] - [[Λουδοβίκος Γ΄ του Παλατινάτου|Λουδοβίκος Γ΄]], εκλέκτορας του Παλατινάτου\n*[[1595]] - [[Ερμάνος Φορτουνάτος της Βάδης-Ρόντεμαχερν|Χέρμαν Φορτουνάτος]], μάργραβος του Μπάντεν-Ρόντεμαχερν\n*[[1752]] - [[Μούτσιο Κλεμέντι]], Ιταλός συνθέτης και πιανίστας\n*[[1782]] - [[Γεώργιος Καραϊσκάκης]], Έλληνας στρατηγός\n*[[1783]] - [[Σταντάλ]], Γάλλος συγγραφέας\n*[[1828]] - [[Σάιγκο Τακαμόρι]], Ιάπωνας σαμουράι\n*[[1832]] - [[Εντουάρ Μανέ]], Γάλλος ζωγραφος\n*[[1857]] - [[Άντριγια Μοχορόβιτσιτς]], Κροάτης σεισμολόγος\n*[[1862]] - [[Ντάβιντ Χίλμπερτ]], Γερμανός μαθηματικός\n*[[1872]] - [[Πολ Λανζεβέν]], Γάλλος φυσικός\n*[[1900]] - [[Αδαμάντιος Διαμαντής]], Κύπριος ζωγράφος\n*[[1907]] - [[Χιντέκι Γιουκάβα]], Ιάπωνας φυσικός\n*[[1910]] - [[Τζάνγκο Ράινχαρντ]], Βέλγος κιθαρίστας\n*[[1914]] - [[Γιάννης Φύριος]], Έλληνας ηθοποιός\n*[[1920]] - [[Γουόλτερ Φρέντερικ Μόρισον]], Αμερικανός εφευρέτης\n*[[1921]] - [[Μαρίγια Γκιμπούτας]], Λιθουανή αρχαιολόγος\n*[[1928]] - [[Ζαν Μορό]], Γαλλίδα ηθοποιός\n*[[1928]] - [[Άλεν Στακ]], Αμερικανός κολυμβητής\n*[[1929]] - [[Αλέκος Ζαρταλούδης]], Έλληνας ηθοποιός\n*[[1930]] - [[Ντέρεκ Γουόλκοτ]], συγγραφέας από την Αγία Λουκία\n*[[1943]] - [[Σόλομον Μαμαλόνι]], πρωθυπουργός των νήσων Σολομώντα\n*[[1944]] - [[Σεργκέι Μπέλοφ]], Ρώσος καλαθοσφαιριστής και προπονητής\n*[[1949]] - [[Ανδρέας Μιχαλόπουλος (ποδοσφαιριστής)|Ανδρέας Μιχαλόπουλος]], Έλληνας ποδοσφαιριστής\n*[[1957]] - [[Καρολίνα του Μονακό|Καρολίνα]], πριγκίπισσα του Μονακό\n*[[1961]] - [[Πέτρος Δουρδουμπάκης]], Έλληνας τραγουδοποιός\n*[[1964]] - [[Μπάρατ Τζάγκντεο]], πρόεδρος της Γουιάνας\n*[[1967]] - [[Ναΐμ Σουλεϊμάνογλου]], Τούρκος αρσιβαρίστας\n*[[1970]] - [[Άριαν Κόμαζετς]], Κροάτης καλαθοσφαιριστής\n*[[1974]] - [[Τίφανι Θίσεν]], Αμερικανίδα ηθοποιός\n*[[1982]] - [[Μύρωνας Στρατής]], Έλληνας τραγουδιστής\n*[[1984]] - [[Άριεν Ρόμπεν]], Ολλανδός ποδοσφαιριστής\n*[[1986]] - [[Χοσέ Ενρίκε (ποδοσφαιριστής)|Χοσέ Ενρίκε]], Ισπανός ποδοσφαιριστής\n*[[1989]] - [[Γιάνι Τσενγκ]], γκόλφερ από την Ταϊβάν\n*[[1998]] - [[XXXTentacion]], Αμερικανός τραγουδιστής\n\n== Θάνατοι ==\n*[[619]] - [[Ιωάννης ο Ελεήμων]], Πατριάρχης Αλεξανδρείας\n*[[1002]] - [[Όθων Γ΄ της Αγίας Ρωμαϊκής Αυτοκρατορίας|Όθων Γ΄]], αυτοκράτορας της Αγίας Ρωμαϊκής Αυτοκρατορίας\n*[[1297]] - [[Φλωρέντιος της Αχαΐας|Φλωρέντιος]], πρίγκιπας της Αχαΐας\n*[[1312]] - [[Ισαβέλλα Α΄ της Αχαΐας|Ισαβέλλα Α΄]], πριγκίπισσα της Αχαΐας\n*[[1348]] - [[Κάρολος του Δυρραχίου|Κάρολος]], δούκας του Δυρραχίου\n*[[1516]] - [[Φερδινάνδος Β΄ της Αραγωνίας|Φερδινάνδος Β΄]], βασιλιάς της Αραγωνίας\n*[[1698]] - [[Ερνέστος Αύγουστος του Μπράουνσβαϊγκ|Ερνέστος Αύγουστος]], εκλέκτορας του Μπράουνσβαϊγκ-Λύνεμπουργκ\n*[[1806]] - [[Ουίλιαμ Πιτ ο νεότερος]], Άγγλος πολιτικός\n*[[1893]] - [[Χοσέ Θορρίγια]], Ισπανός συγγραφέας\n*[[1939]] - [[Ματίας Ζίντελαρ]], Αυστριακός ποδοσφαιριστής\n*[[1944]] - [[Έντβαρτ Μουνκ]], Νορβηγός ζωγράφος\n*[[1948]] - [[Ξενοφών Σγουρός]], Έλληνας γιατρός και πολιτικός\n*[[1958]] - [[Φρεντ Φράνσις Μπόσγουορθ]], Αμερικανός ευαγγελιστής\n*[[1973]] - [[Αλέξανδρος Ωνάσης]], γιος του Έλληνα μεγιστάνα [[Αριστοτέλης Ωνάσης|Αριστοτέλη Ωνάση]]\n*[[1980]] - [[Λιλ Ντάγκοβερ]], Γερμανίδα ηθοποιός\n*[[1986]] - [[Γιόζεφ Μπόις]], Γερμανός καλλιτέχνης\n*[[1989]] - [[Αναστάσιος Βερνάρδος]], Έλληνας νομικός και φιλόσοφος\n*[[1989]] - [[Σαλβαδόρ Νταλί]], Ισπανός ζωγράφος\n*[[1990]] - [[Άλεν Κόλινς]], Αμερικανός μουσικός ([[Lynyrd Skynyrd]])\n*[[1992]] - [[Γεώργιος Μπακατσέλος]], Έλληνας πολιτικός\n*[[1992]] - [[Φρέντι Μπαρθόλομιου]], Άγγλος ηθοποιός\n*[[1998]] - [[Μοχαμάντ Γιουσούφ (πολιτικός)|Μοχαμάντ Γιουσούφ]], Πρωθυπουργός του Αφγανιστάν\n*[[1999]] - [[Τζο Ντ'Αμάτο]], Ιταλός σκηνοθέτης\n*[[2002]] - [[Πιερ Μπουρντιέ]], Γάλλος κοινωνιολόγος\n*[[2002]] - [[Ρόμπερτ Νόζικ]], Αμερικανός φιλόσοφος\n*[[2004]] - [[Χέλμουτ Νιούτον]], Γερμανός φωτογράφος\n*[[2006]] - [[Σαβίνο Γκουλιελμέτι]], Ιταλός γυμναστής\n*[[2007]] - [[Χάουαρντ Χαντ]], Αμερικανός πράκτορας\n*[[2007]] - [[Τατιάνα Μαμάκη]], Ελληνίδα χορογράφος\n*[[2009]] - [[Μιχάλης Ροζάκης]], Έλληνας συνθέτης και τραγουδιστής\n*[[2015]] - [[Αμπντουλάχ της Σαουδικής Αραβίας|Αμπντουλάχ]], βασιλιάς της Σαουδικής Αραβίας\n*[[2016]] - [[Τζίμι Μπέην]], Σκωτσέζος μπασίστας ([[Rainbow]], [[Dio (συγκρότημα)|Dio]])\n*[[2017]] - [[Βαγγέλης Πανάκης]], Έλληνας ποδοσφαιριστής\n*[[2021]] - [[Λάρι Κινγκ]], Αμερικάνος τηλεοπτικός παρουσιαστής και ραδιοφωνικός παραγωγός\n*[[2022]]- [[Τιερί Μιγκλέρ]] Γάλλος σχεδιαστής μόδας,\n\n== Αργίες και εορτές ==\n=== [[Ορθόδοξη Εκκλησία]] ===\n{{Commonscat}}\n\n{{Πύλη:Ορθοδοξία/Εορτολόγιο/23 Ιανουαρίου}}\n\n{{Μήνες}}\n\n[[Κατηγορία:Ημέρες του έτους]]"}}}]}]}}