{"batchcomplete":true,"query":{"normalized":[{"fromencoded":false,"from":"23_Φεβρουαρίου","to":"23 Φεβρουαρίου"}],"pages":[{"pageid":1329,"ns":0,"title":"23 Φεβρουαρίου","revisions":[{"slots":{"main":{"contentmodel":"wikitext","contentformat":"text/x-wiki","content":"{{χωρίς παραπομπές|07|03|2004}}\n\n{{Μήνες Φεβρουαρίου}}\n\n<center>[[22 Φεβρουαρίου]] | '''23 Φεβρουαρίου''' | [[24 Φεβρουαρίου]]</center>\n\n----\nΗ '''23η Φεβρουαρίου''' είναι η 54η ημέρα του έτους κατά το [[Γρηγοριανό ημερολόγιο]]. Υπολείπονται 311 ημέρες (312 σε δίσεκτα έτη).\n\n{{ΗμερολόγιοΣεΠίνακα|2}}\n\n== Γεγονότα ==\n{{Commonscat|23 February}}\n*[[303]] - Ο [[Ρωμαϊκή Αυτοκρατορία|Ρωμαίος αυτοκράτορας]] [[Διοκλητιανός]] διατάσσει την καταστροφή της [[Χριστιανισμός|χριστιανικής]] εκκλησίας στη [[Νικομήδεια]], αρχίζοντας τον οκταετή διωγμό κατά των Χριστιανών. \n*[[532]] - Ο [[Κατάλογος Βυζαντινών αυτοκρατόρων|Βυζαντινός αυτοκράτορας]] [[Ιουστινιανός Α΄]] δίνει την εντολή για την οικοδόμηση του νέου [[Ορθόδοξη Εκκλησία|ορθόδοξου]] [[Βασιλική (αρχιτεκτονική)|ναού]] της [[Αγία Σοφία (Κωνσταντινούπολη)|Αγίας Σοφίας]] στην [[Κωνσταντινούπολη]], μετά την καταστροφή του παλαιότερου κατά τη [[Στάση του Νίκα]].\n*[[1836]] - [[Επανάσταση του Τέξας]]: Αρχίζει η [[μάχη του Άλαμο]] στο [[Σαν Αντόνιο]] του [[Τέξας]]. \n*[[1847]] - [[Αμερικανομεξικανικός πόλεμος]]: Τα [[Η.Π.Α.|αμερικανικά]] στρατεύματα του στρατηγού και μελλοντικού προέδρου [[Ζαχαρίας Τέιλορ|Ζαχαρία Τέιλορ]] νικούν το [[Μεξικό|μεξικανικό]] στρατό στη μάχη του Μπουένα Βίστα.\n*[[1861]] - Ο εκλεγμένος [[πρόεδρος των Ηνωμένων Πολιτειών]] [[Αβραάμ Λίνκολν]] φτάνει μυστικά στην [[Ουάσινγκτον]], μετά τη ματαίωση του φερόμενου σχεδίου δολοφονίας στη [[Βαλτιμόρη]] του [[Μέριλαντ]].\n*[[1870]] - Εποχή ανασυγκρότησης: τελειώνει ο μετά τον [[Αμερικανικός Εμφύλιος Πόλεμος|Αμερικανικό Εμφύλιο Πόλεμο]] στρατιωτικός έλεγχος του [[Μισισίπι]] και η πολιτεία επανεντάσσεται στην [[Ένωση (Αμερικανικός Εμφύλιος Πόλεμος)|Ένωση]].\n*[[1887]] - Η [[Κυανή Ακτή]] πλήττεται από ισχυρό [[Σεισμός|σεισμό]], σκοτώνοντας 644 άτομα.\n*[[1898]] - Στη [[Γαλλία]], ο [[Εμίλ Ζολά]] καταδικάζεται σε φυλάκιση μετά τη δημοσίευση του «Κατηγορώ», μίας επιστολής με την οποία κατηγορούσε τη γαλλική κυβέρνηση για [[Αντισημιτισμός|αντισημιτισμό]] και για την άδικη φυλάκιση του [[Λοχαγός|λοχαγού]] Άλφρεντ Ντρέιφους. \n*[[1903]] - Η [[Κούβα]] παραχωρεί στις [[Η.Π.Α.]], έναντι μισθώματος, τον κόλπο του [[Γκουαντάναμο]] «εις το διηνεκές».\n*[[1905]] - Ο δικηγόρος του [[Σικάγο|Σικάγου]] Πωλ Χάρρις και τρεις άλλοι επιχειρηματίες συναντιούνται για μεσημεριανό γεύμα και ιδρύουν το [[Διεθνές Ρόταρυ|Ρόταρυ]], την πρώτη λέσχη υπηρεσιών στον κόσμο.\n*[[1934]] - Ο [[Λεοπόλδος Γ΄ του Βελγίου|Λεοπόλδος Γ΄]] γίνεται βασιλιάς του [[Βέλγιο|Βελγίου]].\n*[[1941]] - Το [[πλουτώνιο]] παράγεται και απομονώνεται για πρώτη φορά από τον [[Γκλεν Θ. Σίμποργκ]].\n*[[1942]] - [[Β΄ Παγκόσμιος Πόλεμος]]: [[Ιαπωνία|ιαπωνικό]] υποβρύχιο βάλλει κατά της ακτογραμμής της [[Καλιφόρνια]] κοντά στη [[Σάντα Μπάρμπαρα (Καλιφόρνια)|Σάντα Μπάρμπαρα]].\n*[[1943]] - [[Εθνική Αντίσταση (Ελλάδα)]]: ιδρύεται η [[Ενιαία Πανελλαδική Οργάνωση Νέων]].\n*[[1945]] - [[Β΄ Παγκόσμιος Πόλεμος]]: συνθηκολόγηση της [[Ναζιστική Γερμανία|γερμανικής]] φρουράς στο [[Πόζναν]]. Η πόλη απελευθερώνεται από τις [[Ένωση Σοβιετικών Σοσιαλιστικών Δημοκρατιών|σοβιετικές]] και [[Πολωνία|πολωνικές]] δυνάμεις.\n*[[1945]] - [[Β΄ Παγκόσμιος Πόλεμος]]: η [[Γερμανία|γερμανική]] πόλη [[Πφόρτσχαϊμ]] ισοπεδώνεται σε μία επιδρομή 379 [[Μεγάλη Βρετανία|βρετανικών]] βομβαρδιστικών.\n*[[1947]] - Ιδρύεται ο [[Διεθνής Οργανισμός Τυποποίησης]]. \n*[[1958]] - [[Κούβα|Κουβανοί]] αντάρτες απαγάγουν τον 5 φορές παγκόσμιο πρωταθλητή της [[Φόρμουλα 1]] [[Χουάν Μανουέλ Φάντζιο]].\n*[[1966]] - Στη [[Συρία]], ο Σαλάχ Τζαντίντ, μέλος του [[Κόμμα Μπάαθ|κόμματος Μπάαθ]], ηγείται ενός εσωκομματικού στρατιωτικού [[Πραξικόπημα|πραξικοπήματος]] που αντικαθιστά την προηγούμενη κυβέρνηση του στρατηγού Αλ Χαφέζ, επίσης μέλος του κόμματος Μπάαθ.\n*[[1966]] - Πραγματοποιείται η πρώτη δοκιμαστική τηλεοπτική εκπομπή του [[Εθνικό Ίδρυμα Ραδιοφωνίας|Ε.Ι.Ρ.]] με δίωρο πρόγραμμα που περιλαμβάνει διεθνείς ειδήσεις, καλλιτεχνικά θέματα και ντοκιμαντέρ.\n*[[1969]] - Πεθαίνει στην [[Αθήνα]] ο τέως [[βασιλιάς της Σαουδικής Αραβίας]], [[Σαούντ της Σαουδικής Αραβίας|Σαούντ]]. Ο Σαούντ, ο οποίος έπασχε από καρδιακή ανεπάρκεια και αναιμία, άφησε την τελευταία του πνοή στο ξενοδοχείο Καβούρι όπου διέμενε σχεδόν ανελλιπώς μετά την ανατροπή του από τον αδελφό του, πρίγκιπα Φαϊζάλ το [[1964]].\n*[[1969]] - Πεθαίνει στο [[Λονδίνο]] ο στρατηγός [[Ρόναλντ Σκόμπι]], διοικητής των [[Μεγάλη Βρετανία|βρετανικών]] δυνάμεων στην [[Ελλάδα]] μετά την [[Κατοχή της Ελλάδας 1941-1944|κατοχή]] και εκ των πρωταγωνιστών των [[Δεκεμβριανά|Δεκεμβριανών]] του [[1944]]. \n*[[1983]] - Το μικρό επιβατηγό-οχηματαγωγό ''[[Χρυσή Αυγή (πλοίο)|Χρυσή Αυγή]]'' της εταιρείας Πολέμη ναυαγεί μεταξύ [[Εύβοια]]ς και [[Άνδρος|Άνδρου]] λόγω θαλασσοταραχής και κακής φόρτωσης των οχημάτων που μεταφέρει. 28 από τους 42 επιβάτες και μέλη του πληρώματος χάνουν τη ζωή τους, ενώ οι υπόλοιποι περισυλλέγονται από άλλα σκάφη.\n* [[1987]] - Οι επιστήμονες παρατηρούν ένα σουπερνόβα στο Μεγάλο Μαγγελανικό Νέφος.\n*[[1989]] - Η [[Μαντόνα]] κυκλοφορεί το βίντεο του [[Like a Prayer (τραγούδι)|Like a Prayer]]. Πυροδοτεί τεράστιες αντιδράσεις και διαμαρτυρίες από θρησκευτικές ομάδες ανά τον κόρμο, συμπεριλαμβανομένου του [[Βατικανό|Βατικανού]] και του [[Πάπας Ιωάννης Παύλος Β΄|Πάπα]]. Ενθάρρυναν τους οπαδούς του να μποϊκοτάρουν το άλμπουμ της και τα προϊόντα της [[Pepsi]] που το προωθούσαν. Η περίοδος χαρακτηρίστηκε ως μία από τις πιο αμφιλεγόμενες στην ιστορία της μουσικής.\n\n== Γεννήσεις ==\n*[[1417]] - [[Πάπας Παύλος Β΄]]\n*[[1443]] - [[Ματθαίος Κορβίνος]], βασιλιάς της Ουγγαρίας\n*[[1817]] - [[Τζωρτζ Φρέντερικ Ουώτς]], Άγγλος ζωγράφος και γλύπτης\n*[[1879]] - [[Καζιμίρ Μαλέβιτς]], Ρώσος ζωγράφος\n*[[1883]] - [[Καρλ Γιάσπερς]], Γερμανός ψυχίατρος και φιλόσοφος\n*[[1884]] - [[Κάζιμιρ Φουνκ]], Πολωνός βιοχημικός\n*[[1889]] - [[Βίκτορ Φλέμινγκ]], Αμερικανός σκηνοθέτης\n*[[1899]] - [[Έριχ Κέστνερ]], Γερμανός συγγραφέας\n*[[1899]] - [[Νόρμαν Τόρογκ]], Αμερικανός σκηνοθέτης\n*[[1907]] - [[Πολυχρόνης Πολυχρονίδης]], Έλληνας πολιτικός*[[1923]] - [[Ιωάννης Γρίβας]], Έλληνας πολιτικός\n*[[1929]] - [[Πατριάρχης Μόσχας Αλέξιος Β΄]]\n*[[1929]] - [[Γεώργιος Ρωμοσιός]], Έλληνας αστυνομικός\n*[[1915]] - [[Πολ Τίμπετς]], Αμερικανός πιλότος\n*[[1920]] - [[Μπενγιουσέφ Μπενχεντά]], Αλγερινός πολιτικός\n*[[1940]] - [[Πίτερ Φόντα]], Αμερικανός ηθοποιός\n*[[1944]] - [[Δώρος Λοΐζου]], Κύπριος ποιητής\n*[[1945]] - [[Λίνος Κόκοτος]], Έλληνας συνθέτης\n*[[1945]] - [[Πίτσα Μπουρνόζου]], Ελληνίδα ηθοποιός\n*[[1953]] - [[Σατόρου Νακατζίμα]], Ιάπωνας παλαίμαχος οδηγός αγώνων\n*[[1954]] - [[Βίκτορ Γιούστσενκο]], Ουκρανός πολιτικός\n*[[1974]] - [[Δημήτρης Γεωργαλής]], Έλληνας ποδηλάτης\n*[[1976]] - [[Βίκτορ Σάντσεθ]], Ισπανός ποδοσφαιριστής\n*[[1983]] - [[Έμιλι Μπλαντ]], Αγγλίδα ηθοποιός\n*[[1992]] - [[Κυριάκος Παπαδόπουλος (ποδοσφαιριστής, 1992)|Κυριάκος Παπαδόπουλος]], Έλληνας ποδοσφαιριστής\n*[[2012]] - [[Στέλλα της Σουηδίας|Στέλλα]], πριγκίπισσα της Σουηδίας\n\n== Θάνατοι ==\n*[[167]] - [[Πολύκαρπος Σμύρνης|Πολύκαρπος]], επίσκοπος Σμύρνης\n*[[715]] - [[Ουαλίντ Α΄]], Άραβας χαλίφης\n*[[965]] - [[Όθων της Βουργουνδίας|Όθων]], δούκας της Βουργουνδίας\n*[[1270]] - [[Αγία Ισαβέλλα της Γαλλίας]]\n*[[1447]] - [[Πάπας Ευγένιος Δ΄]]\n*[[1447]] - [[Χάμφρεϊ, δούκας του Γκλόστερ]]\n*[[1546]] - [[Φραγκίσκος του Ανγκιάν]], Γάλλος στρατιωτικός\n*[[1603]] - [[Φρανσουά Βιέτ]], Γάλλος μαθηματικός\n*[[1704]] - [[Γκέοργκ Μούφατ]], Γερμανός συνθέτης\n*[[1821]] - [[Τζον Κητς]], Άγγλος ποιητής\n*[[1848]] - [[Τζον Κουίνσι Άνταμς]], 6ος πρόεδρος των Η.Π.Α.\n*[[1855]] - [[Καρλ Φρίντριχ Γκάους]], Γερμανός μαθηματικός, αστρονόμος και φυσικός\n*[[1927]] - [[Σβάινμπγιερν Σβάινμπγιερνσσον]], Ισλανδός συνθέτης\n*[[1930]] - [[Χορστ Βέσελ]], Γερμανός εθνικοσοσιαλιστής\n*[[1934]] - [[Έντουαρντ Έλγκαρ]], Άγγλος συνθέτης\n*[[1942]] - [[Στέφαν Τσβάιχ]], Αυστριακός συγγραφέας\n*[[1943]] - [[Αιμίλιος Ξανθόπουλος]], Έλληνας πολιτικός\n*[[1947]] - [[Δημήτριος Καθενιώτης]], Έλληνας στρατιωτικός\n*[[1957]] - [[Μαρίκα Νίνου]], Ελληνίδα τραγουδίστρια\n*[[1965]] - [[Σταν Λόρελ]], Άγγλος ηθοποιός\n*[[1966]] - [[Κωνσταντίνος Χωρέμης]], Έλληνας γιατρός και ακαδημαϊκός\n*[[1968]] - [[Δημήτριος Αδ. Τσαούσης]], Έλληνας πολιτικός\n*[[1969]] - [[Μαντουμπάλα]], Ινδή ηθοποιός\n*[[1969]] - [[Σαούντ της Σαουδικής Αραβίας|Σαούντ]], βασιλιάς της Σαουδικής Αραβίας\n*[[1969]] - [[Ρόναλντ Σκόμπι]], Βρετανός στρατιωτικός\n*[[1974]] - [[Κοσμάς Πολίτης]], Έλληνας συγγραφέας \n*[[1976]] - [[Γεράσιμος Αλιβιζάτος]], Έλληνας ιατρός\n*[[1977]] - [[Γεώργιος Σπηλιόπουλος]], Έλληνας πολιτικός\n*[[1986]] - [[Μαρτ Σταμ]], Ολλανδός αρχιτέκτονας\n*[[1987]] - [[Κωνσταντίνος Σ. Σπηλιόπουλος]], Έλληνας πολιτικός\n*[[2000]] - [[Στάνλεϊ Μάθιους]], Άγγλος ποδοσφαιριστής\n*[[2000]] - [[Όφρα Χάζα]], Ισραηλινή τραγουδίστρια\n*[[2003]] - [[Τίτος Βανδής]], Έλληνας ηθοποιός\n*[[2004]] - [[Ιωάννης Ξηροτύρης]], Έλληνας συγγραφέας\n*[[2006]] - [[Τέλμο Θάρρα]], Ισπανός ποδοσφαιριστής\n*[[2006]] - [[Σαΐντ Μοχάμεντ Τζοχάρ]], πολιτικός από τις Κομόρες\n*[[2008]] - [[Γιάνεζ Ντρνόβσεκ]], Σλοβένος πολιτικός\n*[[2014]] - [[Τσάρλι Πόρτερ]], Αμερικανός ορειβάτης\n\n== Αργίες και εορτές ==\n=== Κόσμος ===\n* {{GUY}} - Mashramani, ημέρα της Δημοκρατίας\n* {{BRN}} - Εθνική εορτή\n* ως συνέχεια της πρώην [[ΕΣΣΔ|σοβιετικής]] εορτής του [[Κόκκινος Στρατός|Κόκκινου Στρατού]], εορτάζονται:\n** {{BLR}} - Ημέρα των υπερασπιστών της πατρικής γης\n** {{UKR}} - Ημέρα των υπερασπιστών της πατρικής γης\n** {{RUS}} - Ημέρα των υπερασπιστών της πατρικής γης\n** {{TJK}} - Ημέρα του Στρατού\n\n=== [[Ορθόδοξη Εκκλησία]] ===\n{{Πύλη:Ορθοδοξία/Εορτολόγιο/23 Φεβρουαρίου}}\n\n{{Μήνες}}\n\n[[Κατηγορία:Ημέρες του έτους]]"}}}]}]}}