{"batchcomplete":true,"query":{"normalized":[{"fromencoded":false,"from":"23_Οκτωβρίου","to":"23 Οκτωβρίου"}],"pages":[{"pageid":3368,"ns":0,"title":"23 Οκτωβρίου","revisions":[{"slots":{"main":{"contentmodel":"wikitext","contentformat":"text/x-wiki","content":"{{Μήνες Οκτωβρίου}}\n\n<center>[[22 Οκτωβρίου]] | '''23 Οκτωβρίου''' | [[24 Οκτωβρίου]]</center>\n\n----\n{{ΗμερολόγιοΣεΠίνακα|10}}\nΗ '''23η Οκτωβρίου''' είναι η 296η ημέρα του έτους κατά το [[Γρηγοριανό ημερολόγιο]] (297η σε δίσεκτα έτη). Υπολείπονται 69 ημέρες.\n\n== Γεγονότα ==\n*[[42 π.Χ.]] - [[Μάχη των Φιλίππων]]: Ο [[Μάρκος Αντώνιος]] και ο [[Οκταβιανός Αύγουστος|Οκταβιανός]] νικούν το στρατό του [[Βρούτος|Βρούτου]]. Ο Βρούτος [[Αυτοκτονία|αυτοκτονεί]].\n*[[425]] - Ο [[Ουαλεντινιανός Γ΄]] γίνεται Ρωμαίος αυτοκράτορας σε ηλικία 6 ετών.\n*[[501]] - Η Σύνοδος Παλμάρις, η οποία συγκλήθηκε από τον [[Γότθοι|Γότθο]] βασιλιά [[Θεοδώριχος ο Μέγας|Θεοδώριχο]], απαλλάσσει τον [[Πάπας Σύμμαχος|Πάπα Σύμμαχο]] από όλες τις κατηγορίες, τερματίζοντας έτσι το σχίσμα του [[Αντίπαπας Λαυρέντιος|Αντίπαπα Λαυρέντιου]].\n*[[1157]] - Η μάχη του Γκραθ Χιθ τερματίζει τον [[εμφύλιος πόλεμος|εμφύλιο πόλεμο]] στη [[Δανία]]. Ο βασιλιάς [[Σβεν Γ΄ της Δανίας]] σκοτώνεται και ο [[Βάλντεμαρ Α΄ της Δανίας|Βάλντεμαρ Α΄]] γίνεται βασιλιάς της Δανίας.  \n*[[1295]] - Η [[Σκωτία]] και η [[Γαλλία]] υπογράφουν στο [[Παρίσι]] συνθήκη, με την οποία συνάπτουν συμμαχία εναντίον της [[Βασίλειο της Αγγλίας|Αγγλίας]].\n*[[1641]] - Ξεσπά η [[Ιρλανδία|Ιρλανδική]] Επανάσταση του 1641. \n*[[1707]] - Συνεδριάζει για πρώτη φορά το Κοινοβούλιο της [[Μεγάλη Βρετανία|Μεγάλης Βρετανίας]].\n*[[1739]] - Η [[Βασίλειο της Μεγάλης Βρετανίας|Μεγάλη Βρετανία]] κηρύσσει πόλεμο στην [[Ισπανία]].\n*[[1812]] - Ο [[Γαλλία|Γάλλος]] στρατηγός Κλοντ-Φρανσουά ντε Μαλέ αρχίζει μία συνωμοσία για την ανατροπή του [[Ναπολέων Α΄ της Γαλλίας|Ναπολέοντα Α' της Γαλλίας]], υποστηρίζοντας ότι ο αυτοκράτορας πέθανε στη [[Ρωσία]].\n*[[1906]] - Ο [[Αλμπέρτου Σάντους-Ντουμό]] πραγματοποιεί στο [[Παρίσι]] την πρώτη πτήση στην [[Ευρώπη]] [[αεροσκάφος|αεροσκάφους]] βαρύτερου από τον αέρα.\n*[[1911]] - Πρώτη χρήση [[Αεροσκάφος|αεροσκάφους]] σε πόλεμο. Κατά τη διάρκεια του [[Ιταλοτουρκικός πόλεμος|ιταλοτουρκικού πολέμου]], ένας [[Ιταλία|Ιταλός]] πιλότος απογειώνεται από τη [[Λιβύη]] για να παρατηρήσει τις γραμμές του [[Τουρκία|τουρκικού]] στρατού.   \n*[[1912]] - [[Α΄ Βαλκανικός πόλεμος]]: αρχίζει η μάχη του [[Κουμάνοβο]] μεταξύ των [[Βασίλειο της Σερβίας|σερβικών]] και των [[Οθωμανική Αυτοκρατορία|οθωμανικών]] στρατευμάτων.\n*[[1942]] - [[Β΄ Παγκόσμιος Πόλεμος]]: [[Δεύτερη μάχη του Ελ Αλαμέιν]]. Στο [[Ελ Αλαμέιν]] στη βόρεια [[Αίγυπτος|Αίγυπτο]], η [[Μεγάλη Βρετανία|βρετανική]] Όγδοη Στρατιά υπό τον στρατάρχη [[Μπέρναρντ Μοντγκόμερυ]] ξεκινά μία κρίσιμη επίθεση για να εκδιώξει τα στρατεύματα του [[Άξονας Βερολίνου - Ρώμης|Άξονα]] από την Αίγυπτο. \n*[[1956]] - Αρχίζει η αντικομουνιστική εξέγερση στην [[Ουγγαρία]]. Θα κατασταλεί από τα σοβιετικά τανκς στις 4 Νοεμβρίου.\n* [[1973]] - Με παρέμβαση των Ηνωμένων Εθνών επέρχεται κατάπαυση του πυρός με επίσημη λήξη του πολέμου Γιομ Κιπούρ μεταξύ Ισραήλ και Συρίας.\n* [[1989]] - Ανατροπή της κομουνιστικής λαϊκής δημοκρατίας της Ουγγαρίας.\n* [[2002]] - Τσετσένοι τρομοκράτες καταλαμβάνουν το θέατρο Μόσχας κρατώντας 700 ομήρους.\n\n== Γεννήσεις ==\n*[[14 π.Χ.]] - [[Αγριππίνα η Πρεσβύτερη]], Ρωμαία ευγενής\n*[[1491]] - [[Ιγνάτιος Λογιόλα]], Ισπανός θεολόγος\n*[[1715]] - [[Πέτρος Β΄ της Ρωσίας|Πέτρος Β΄]], τσάρος της Ρωσίας\n*[[1766]] - [[Εμανουέλ ντε Γκρουσί]], Γάλλος στρατηγός\n*[[1801]] - [[Άλμπερτ Λόρτσινγκ]], Γερμανός συνθέτης\n*[[1817]] - [[Πιερ Λαρούς]], Γάλλος λεξικογράφος\n*[[1875]] - [[Γκίλμπερτ Λιούις]], Αμερικανός χημικός\n*[[1876]] - [[Φραντς Σλέγκελμπεργκερ]], Γερμανός πολιτικός\n*[[1890]] - [[Στέφανος Σαράφης]], Έλληνας στρατιωτικός\n*[[1893]] - [[Ερνστ Έπικ]], Εσθονός αστρονόμος\n*[[1901]] - [[Ι.Μ. Παναγιωτόπουλος]], Έλληνας συγγραφέας\n*[[1905]] - [[Γερτρούδη Έντερλε]], Αμερικανίδα κολυμβήτρια\n*[[1905]] - [[Φέλιξ Μπλοχ]], Ελβετός φυσικός\n*[[1908]] - [[Ιλιά Φρανκ]], Ρώσος φυσικός\n*[[1911]] - [[Αντώνης Μηγιάκης]], Έλληνας ποδοσφαιριστής και προπονητής\n*[[1916]] - [[Κλεάνθης Βικελίδης]], Έλληνας ποδοσφαιριστής και προπονητής\n*[[1919]] - [[Μανόλης Ανδρόνικος]], Έλληνας αρχαιολόγος\n*[[1920]] - [[Δημήτριος Νασίκας]], Έλληνας πολιτικός\n*[[1925]] - [[Μάνος Χατζιδάκις]], Έλληνας συνθέτης\n*[[1927]] - [[Λέζεκ Κολακόφσκι]], Πολωνός φιλόσοφος\n*[[1940]] - [[Παντελής Βούλγαρης]], Έλληνας σκηνοθέτης\n*[[1940]] - [[Πελέ]], Βραζιλιάνος ποδοσφαιριστής\n*[[1941]] - [[Ιγκόρ Σμιρνόφ]], Μολδαβός πολιτικός\n*[[1946]] - [[Γιάννης Μυστακόπουλος]], Έλληνας πολιτικός\n*[[1951]] - [[Φατμίρ Σεϊντίου]], Κοσοβάρος πολιτικός\n*[[1954]] - [[Ανγκ Λι]], Ταϊβανέζος σκηνοθέτης\n*[[1957]] - [[Πολ Καγκάμε]], πρόεδρος της Ρουάντα\n*[[1963]] - [[Ρασίντ Γιεκινί]], Νιγηριανός ποδοσφαιριστής\n*[[1971]] - [[Μπόχουσλαβ Σομπότκα]], Τσέχος πολιτικός\n*[[1974]] - [[Αραβίντ Αντίγκα]], Ινδός συγγραφέας και δημοσιογράφος\n*[[1976]] - [[Ράιαν Ρέινολντς]], Καναδός ηθοποιός\n*[[1979]] - [[Λιν Γκριρ]], Αμερικανός καλαθοσφαιριστής\n*[[1983]] - [[Φίλιππος Δάρλας]], Έλληνας ποδοσφαιριστής\n*[[1986]] - [[Εμίλια Κλαρκ]], Αγγλίδα ηθοποιός\n*[[1992]] - [[Άλβαρο Μοράτα]], Ισπανός ποδοσφαιριστής\n\n== Θάνατοι ==\n*[[42 π.Χ.]] - [[Μάρκος Ιούνιος Βρούτος]], Ρωμαίος συγκλητικός\n*[[877]] - [[Πατριάρχης Ιγνάτιος|Ιγνάτιος]], Πατριάρχης Κωνσταντινουπόλεως\n*[[1595]] - [[Λουδοβίκος του Νεβέρ|Λουδοβίκος]], δούκας του Νεβέρ\n*[[1638]] - [[Ιωάννης Ερνέστος της Σαξονίας-Άιζεναχ|Ιωάννης Ερνέστος]], δούκας της Σαξονίας-Άιζεναχ\n*[[1688]] - [[Δουκάγγιος]], Γάλλος φιλόλογος\n*[[1872]] - [[Θεόφιλος Γκωτιέ]], Γάλλος δημοσιογράφος και συγγραφέας\n*[[1944]] - [[Τσαρλς Γκλόβερ Μπάρκλα]], Άγγλος φυσικός\n*[[1946]] - [[Έρνεστ Τόμπσον Σέτον]], Άγγλος συγγραφέας\n*[[1956]] - [[Αντώνιος Σβώκος]], Έλληνας δημοσιογράφος και πολιτικός\n*[[1957]] - [[Στυλιανός Τυπάλδος]], Έλληνας πολιτικός\n*[[1959]] - [[Γιώργος Μπουζιάνης]], Έλληνας ζωγράφος\n*[[1979]] - [[Πρόδρομος Τσαουσάκης]], Έλληνας τραγουδιστής\n*[[1983]] - [[Δήμος Σταρένιος]], Έλληνας ηθοποιός\n*[[2000]] - [[Γιοκοζούνα]], Αμερικανός παλαιστής\n*[[2004]] - [[Μπιλ Νίκολσον]], Άγγλος ποδοσφαιριστής\n*[[2007]] - [[Μιχάλης Παπαγιάννης]], Έλληνας πολιτικός\n*[[2012]] - [[Βίλχελμ Μπράσε]], Πολωνός φωτογράφος\n*[[2014]] - [[Αντρέ Πίτερς]], Βέλγος ποδοσφαιριστής\n*[[2015]] - [[Τάκης Παπαγεωργόπουλος]], Έλληνας στρατιωτικός\n*[[2017]] - [[Γουόλτερ Λάσαλι]], Γερμανός κινηματογραφιστής\n*2021-Μινού Μουμτάζ  Ινδή ηθοποιός\n\n== Αργίες και εορτές ==\n\n=== [[Ορθόδοξη Εκκλησία]] ===\n{{Πύλη:Ορθοδοξία/Εορτολόγιο/23 Οκτωβρίου}}\n\n{{Μήνες}}\n\n[[Κατηγορία:Ημέρες του έτους]]"}}}]}]}}