{"batchcomplete":true,"query":{"normalized":[{"fromencoded":false,"from":"23_Νοεμβρίου","to":"23 Νοεμβρίου"}],"pages":[{"pageid":3575,"ns":0,"title":"23 Νοεμβρίου","revisions":[{"slots":{"main":{"contentmodel":"wikitext","contentformat":"text/x-wiki","content":"{{Μήνες Νοεμβρίου}}\n\n<center>[[22 Νοεμβρίου]] | '''23 Νοεμβρίου''' | [[24 Νοεμβρίου]]</center>\n\n----\nΗ '''23η Νοεμβρίου''' είναι η 327η ημέρα του έτους κατά το [[Γρηγοριανό ημερολόγιο]] (328 σε δίσεκτα έτη).  Υπολείπονται 38 ημέρες.\n\n{{ΗμερολόγιοΣεΠίνακα|11}}\n\n== Γεγονότα ==\n*[[1248]] - Τα χριστιανικά στρατεύματα με επικεφαλής τον [[Φερδινάνδος Γ΄ της Καστίλης|Φερδινάνδο Γ΄ της Καστίλης]] καταλαμβάνουν τη [[Σεβίλλη]].\n*[[1499]] - Ο διεκδικητής του αγγλικού θρόνου Πέρκιν Γουόρμπεκ απαγχονίζεται επειδή λέγεται ότι προσπάθησε να αποδράσει από τον [[Πύργος του Λονδίνου|Πύργο του Λονδίνου]]. Ο Γουόρμπεκ είχε εισβάλλει στην [[Αγγλία]] το [[1497]], ισχυριζόμενος ότι ήταν ο χαμένος γιος του βασιλιά [[Εδουάρδος Δ΄ της Αγγλίας|Εδουάρδου Δ΄]].  \n*[[1510]] - Εκστρατεία της [[Οθωμανική Αυτοκρατορία|Οθωμανικής Αυτοκρατορίας]] κατά του βασιλείου του Ιμερέτι. Τα οθωμανικά στρατεύματα λεηλατούν την πρωτεύουσα [[Κουτάισι]] και καίνε το μοναστήρι Γκελάτι.\n*[[1644]] - Ο [[Τζον Μίλτον]] δημοσιεύει τα ''[[Αρεοπαγιτικά]]'', ένα φυλλάδιο που στηλιτεύει τη [[λογοκρισία]]. \n*[[1828]] - Δύναμη από 3000 περίπου [[Έλληνες]], υπό τον [[Κίτσος Τζαβέλας|Κίτσο Τζαβέλα]], απελευθερώνει το [[Καρπενήσι]].\n*[[1863]] - [[Αμερικανικός Εμφύλιος Πόλεμος]]: Οι δυνάμεις της [[Ηνωμένες Πολιτείες Αμερικής|Ένωσης]] με επικεφαλής τον στρατηγό [[Οδυσσεύς Γκραντ|Οδυσσέα Γκραντ]] ενισχύουν τα στρατεύματα στην [[Τσαττανούγκα (Τενεσσί)]] και αντεπιτίθενται στα [[Συνομόσπονδες Πολιτείες της Αμερικής|συνομόσπονδα]] στρατεύματα.\n*[[1890]] - Ο βασιλιάς [[Γουλιέλμος Γ΄ των Κάτω Χωρών]] πεθαίνει χωρίς αρσενικό διάδοχο και ψηφίζεται ειδικός νόμος για να τον διαδεχθεί η κόρη του, [[Βιλελμίνη της Ολλανδίας]].\n*[[1924]] - Δημοσιεύεται για πρώτη φορά στην ''[[The New York Times|New York Times]]'' η ανακάλυψη του [[Έντγουιν Χαμπλ]] ότι το [[Γαλαξίας της Ανδρομέδας|νεφέλωμα της Ανδρομέδας]] είναι στην πραγματικότητα ένας [[Γαλαξίες|γαλαξίας]] πολύ μακριά από τον [[Γαλαξίας|δικό μας]].\n*[[1940]] - [[Β΄ Παγκόσμιος Πόλεμος]]: Το [[Βασίλειο της Ρουμανίας]] υπογράφει το [[Τριμερές Σύμφωνο του Άξονα]] και εντάσσεται επίσημα στις [[Άξονας Βερολίνου - Ρώμης|δυνάμεις του Άξονα]].\n*[[1943]] - [[Β΄ Παγκόσμιος Πόλεμος]]: Οι [[Ηνωμένες Πολιτείες Αμερικής|αμερικανικές]] δυνάμεις καταλαμβάνουν τις [[Ατόλλη|ατόλλες]] [[Ταράουα]] και [[Μπουταριτάρι]]. \n*[[1946]] - Το [[Εθνικό Ναυτικό (Γαλλία)|γαλλικό ναυτικό]] βομβαρδίζει το [[Χάι Φονγκ]] στο [[Βιετνάμ]], σκοτώνοντας χιλιάδες πολίτες.\n* [[1976]] - Ένα NAMC YS-11A της [[Ολυμπιακές Αερογραμμές|Ολυμπιακής Αεροπορίας]], που εκτελούσε δρομολόγιο [[Αθήνα]] - [[Λάρισα]] - [[Κοζάνη]],  συνετρίβη κοντά στην Κοζάνη. 50 επιβαίνοντες νεκροί.\n* [[1980]] - Σεισμός μεγέθους 7,3 βαθμών της κλίμακας Ρίχτερ ισοπεδώνει την πόλη [[Έμπολι (Καμπανία)|Έμπολι]] της [[Ιταλία]]ς αφήνοντας πίσω του 4500 νεκρούς και πάνω από 9000 χιλιάδες τραυματίες. Πρόκειται για τον δεύτερο καταστροφικότερο σεισμό της Ιταλίας μετά από αυτόν που ισοπέδωσε την [[Τοσκάνη]] στις αρχές του προηγούμενου αιώνα με πάνω από 30000 χιλιάδες νεκρούς.\n* [[1996]] - Το μοντέλο [[Ειρήνη Σκλήβα]] κατακτά τον παγκόσμιο τίτλο ομορφιάς [[Μις κόσμος]] στην [[Ινδία]]. Αντιδρασεις από τον Ινδικό λαό για την διοργάνωση των καλλιστείων.\n* [[2006]] - Απόλυση των τελευταίων μη επαγγελματιών [[Στρατιώτης|στρατιωτών]] του [[Στρατός|στρατού]] της [[Λετονία]]ς.\n*[[2015|2015-]]  Ισοπέδωση της [[Καμπούλ]] από καταστροφικό σεισμό 6,9 ρίχτερ, αφήνωντας πίσω 80,000 άστεγους και 7,540 νεκρούς.\n\n== Γεννήσεις ==\n*[[872]] - [[Αλέξανδρος (Βυζαντινός αυτοκράτορας)|Αλέξανδρος]], Βυζαντινός αυτοκράτορας\n*[[912]] - [[Όθων Α΄ της Αγίας Ρωμαϊκής Αυτοκρατορίας|Όθων Α΄]], αυτοκράτορας της Αγίας Ρωμαϊκής Αυτοκρατορίας\n*[[1190]] - [[Πάπας Κλήμης Δ΄]]\n*[[1221]] - [[Αλφόνσος Ι΄ της Καστίλης]], βασιλιάς της Καστίλης\n*[[1496]] - [[Κλεμάν Μαρό]], Γάλλος ποιητής\n*[[1542]] - [[Ακμπάρ ο Μέγας]], αυτοκράτορας των Μογγόλων\n*[[1760]] - [[Φρανσουά-Νοέλ Μπαμπέφ]], Γάλλος δημοσιογράφος και ακτιβιστής\n*[[1804]] - [[Φράνκλιν Πιρς]], 14ος πρόεδρος των Η.Π.Α.\n*[[1837]] - [[Γιοχάννες φαν Ντερ Βάαλς]], Ολλανδός φυσικός\n*[[1838]] - [[Στέφανος Σκουλούδης]], Έλληνας τραπεζίτης και πολιτικός\n*[[1847]] - [[Σαρλ Ρενάρ]], Γάλλος μηχανικός\n*[[1881]] - [[Ισμαήλ Εμβέρ]], Οθωμανός στρατιωτικός\n*[[1883]] - [[Χοσέ Κλεμέντε Ορόσκο]], Μεξικανός ζωγράφος\n*[[1887]] - [[Μπόρις Καρλόφ]], Άγγλος ηθοποιός\n*[[1916]] - [[Λεωνίδας Βελιαρούτης]], Έλληνας συγγραφέας\n*[[1922]] - [[Μανουέλ Φράγα Ιριβάρνε]], Ισπανός πολιτικός\n*[[1926]] - [[Σάθια Σάι Μπάμπα]], Ινδός γκουρού και φιλόσοφος\n*[[1931]] - [[Τοσίγουο Νακαγιάμα]], πρόεδρος της Μικρονησίας\n*[[1943]] - [[Άντριου Γκούντμαν]], Αμερικανός ακτιβιστής\n*[[1943]] - [[Ντενί Σασού Νγκουέσσο]], Κονγκολέζος πολιτικός\n*[[1946]] - [[Γιώργος Κούδας]], Έλληνας ποδοσφαιριστής\n*[[1949]] - [[Άλκης Αλκαίος]], Έλληνας ποιητής και στιχουργός\n*[[1950]] - [[Σταύρος Σαράφης]], Έλληνας ποδοσφαιριστής\n*[[1951]] - [[Μάικ Γαλάκος]], Έλληνας ποδοσφαιριστής\n*[[1954]] - [[Ρος Μπρον]], Άγγλος μηχανικός\n*[[1962]] - [[Νικολάς Μαδούρο]], πρόεδρος της Βενεζουέλας\n*[[1966]] - [[Βενσάν Κασέλ]], Γάλλος ηθοποιός\n*[[1979]] - [[Κέλι Μπρουκ]], Αγγλίδα ηθοποιός και μοντέλο\n*[[1982]] - [[Ασάφα Πάουελ]], Τζαμαϊκανός αθλητής\n*[[1983]] - [[Παντελής Παντελίδης]], Έλληνας τραγουδιστής\n*[[1987]] - [[Βασίλης Κακαρίκος]], Έλληνας αθλητής του kick boxing\n*[[1992]] - [[Μάιλι Σάιρους]], Αμερικανίδα τραγουδίστρια και ηθοποιός\n\n== Θάνατοι ==\n*[[955]] - [[Έντρεντ της Αγγλίας|Έντρεντ]], βασιλιάς της Αγγλίας\n*[[1407]] - [[Λουδοβίκος Α΄ της Ορλεάνης|Λουδοβίκος Α΄]], δούκας της Ορλεάνης\n*[[1503]] - [[Μαργαρίτα της Υόρκης]], δούκισσα της Βουργουνδίας\n*[[1572]] - [[Άνιολο Μπροντσίνο]], Ιταλός ζωγράφος\n*[[1604]] - [[Φραγκίσκος Μπαρόκιος]], Ιταλός μαθηματικός και αστρονόμος\n*[[1682]] - [[Κλωντ Λορραίν]], Γάλλος ζωγράφος\n*[[1719]] - [[Ιωάννης Μαυροκορδάτος]], πρίγκιπας της Βλαχίας\n*[[1769]] - [[Κωνσταντίνος Μαυροκορδάτος]], πρίγκιπας της Βλαχίας και της Μολδαβίας\n*[[1844]] - [[Τόμας Χέντερσον]], Σκωτσέζος αστρονόμος\n*[[1890]] - [[Γουλιέλμος Γ΄ των Κάτω Χωρών|Γουλιέλμος Γ΄]], βασιλιάς των Κάτω Χωρών\n*[[1901]] - [[Γιάννης Καμπύσης]], Έλληνας συγγραφέας\n*[[1919]] - [[Χένρι Γκαντ]], Αμερικανός μηχανικός\n*[[1938]] - [[Έντουαρντ Ένγκελ]], Γερμανός γλωσσολόγος\n*[[1958]] - [[Νικόλαος Γεωργαντάς]], Έλληνας δισκοβόλος\n*[[1976]] - [[Αντρέ Μαλρώ]], Γάλλος συγγραφέας και πολιτικός\n*[[1980]] - [[Ιάκωβος Κουμής]], Κύπριος αγωνιστής\n*[[1983]] - [[Άρης Βλαχόπουλος]], Έλληνας ηθοποιός\n*[[1990]] - [[Ρόαλντ Νταλ]], Ουαλός συγγραφέας\n*[[1998]] - [[Νταν Όζμαν]], Αμερικανός αναρριχητής\n*[[2005]] - [[Στέλιος Παπαδημητρίου]], Έλληνας επιχειρηματίας\n*[[2006]] - [[Αλεξάντερ Λιτβινένκο]], Ρώσος κατάσκοπος\n*[[2006]] - [[Φιλίπ Νουαρέ]], Γάλλος ηθοποιός\n*[[2010]] - [[Χρήστος Μαυρομμάτης]], Έλληνας πολιτικός\n*[[2015]] - [[Πιέρ Μπερνάρ (γραφίστας)|Πιέρ Μπερνάρ]], Γάλλος γραφίστας\n*[[2016]] - [[Ρίτα Μπαρβερά]], Ισπανίδα πολιτικός\n*[[2019]] - [[Κατίνα Φαρασοπούλου]], Ελληνίδα τραγουδίστρια\n\n== Αργίες και εορτές ==\n\n=== [[Ορθόδοξη Εκκλησία]] ===\n{{Πύλη:Ορθοδοξία/Εορτολόγιο/23 Νοεμβρίου}}\n\n{{Μήνες}}\n\n[[Κατηγορία:Ημέρες του έτους]]"}}}]}]}}