{"batchcomplete":true,"query":{"normalized":[{"fromencoded":false,"from":"23_Μαΐου","to":"23 Μαΐου"}],"pages":[{"pageid":1856,"ns":0,"title":"23 Μαΐου","revisions":[{"slots":{"main":{"contentmodel":"wikitext","contentformat":"text/x-wiki","content":"{{χωρίς παραπομπές|16|02|2022}}\n\n{{Μήνες Μαΐου}}\n\n<center>[[22 Μαΐου]] | '''23 Μαΐου''' | [[24 Μαΐου]]</center>\n\n----\nΗ '''23η Μαΐου''' είναι η 143η ημέρα του έτους κατά το [[Γρηγοριανό ημερολόγιο]] (144η σε δίσεκτα έτη).  Υπολείπονται 222 ημέρες.\n\n{{ΗμερολόγιοΣεΠίνακα|5}}\n\n== Γεγονότα ==\n*[[844]] - Μάχη του Κλαβίχο: Λέγεται ότι ο [[Απόστολος Ιάκωβος]] εμφανίζεται ως εκ θαύματος σε μία δύναμη [[Βασίλειο των Αστουριών|Αστουριών]] και τους βοηθάει να αντιμετωπίσουν τις δυνάμεις του [[Εμιράτο της Κόρδοβας|εμίρη της Κόρδοβας]].\n*[[1430]] - Πολιορκία της Κομπιένης: Η [[Ιωάννα της Λωραίνης]] συλλαμβάνεται από τους [[Βουργουνδία|Βουργουνδούς]].\n*[[1498]] - Ο [[Τζιρόλαμο Σαβοναρόλα]] εκτελείται στην πυρά στη [[Φλωρεντία]] της [[Ιταλία]]ς.\n*[[1533]] - Ο γάμος του [[Κατάλογος Άγγλων μοναρχών|βασιλιά]] [[Ερρίκος Η΄ της Αγγλίας|Ερρίκου Η΄ της Αγγλίας]] και της [[Αικατερίνη της Αραγονίας|Αικατερίνης της Αραγονίας]] κηρύσσεται άκυρος. \n*[[1618]] - Λαμβάνει χώρα η [[Εκπαραθύρωση της Πράγας (1618)|δεύτερη εκπαραθύρωση της Πράγας]], γεγονός που επισπεύδει τον [[Τριακονταετής Πόλεμος|Τριακονταετή Πόλεμο]]. \n*[[1788]] - Η [[Νότια Καρολίνα]] γίνεται η 8η αμερικανική πολιτεία η οποία επικυρώνει το Σύνταγμα των [[Ηνωμένες Πολιτείες Αμερικής|Ηνωμένων Πολιτειών]].  \n*[[1829]] - Ο Κίριλ Ντέμιαν λαμβάνει δίπλωμα [[ευρεσιτεχνία]]ς για το [[ακορντεόν]] στη [[Βιέννη]] της [[Αυστριακή Αυτοκρατορία|Αυστριακής αυτοκρατορίας]].\n*[[1844]] - Διακήρυξη του Μπαμπ: Ένας έμπορος στο Σιράζ ανακοινώνει ότι είναι προφήτης και ιδρύει ένα θρησκευτικό κίνημα που αργότερα θα συντριβεί βάναυσα από την [[Ιράν|περσική]] κυβέρνηση. Θεωρείται ότι είναι ο πρόδρομος της [[Μπαχάι Πίστη|Μπαχάι Πίστης]].\n*[[1846]] - [[Αμερικανικό-Μεξικανικός πόλεμος]]: Το [[Μεξικό]] κηρύσσει ανεπίσημα τον πόλεμο στις [[Ηνωμένες Πολιτείες Αμερικής]].\n*[[1893]] - Ιδρύεται ο [[Εθνικός Γυμναστικός Σύλλογος]].\n*[[1893]] - Ισχυρός [[Σεισμός στη Θήβα (1893)|σεισμός]] μεγέθους 6,5 Ρίχτερ σημειώθηκε στην περιοχή της [[Θήβα|Θήβας]] με τις ζημιές να είναι ανυπολόγιστες σε χωριά του [[Ελικώνας|Ελικώνα]] και τις συνοικίες της [[Θήβα|Θήβας]] Πυρί και Αγίους Θεοδώρους ενώ σκοτώνονται δύο άνθρωποι.\n*[[1911]] - Εγκαινιάζεται η [[Δημόσια Βιβλιοθήκη της Νέας Υόρκης]].\n*[[1934]] - Οι περίφημοι [[Ηνωμένες Πολιτείες Αμερικής|Αμερικανοί]] ληστές τραπεζών [[Μπόνι και Κλάιντ]] πέφτουν σε ενέδρα της αστυνομίας στη [[Λουιζιάνα]] και σκοτώνονται.\n*[[1939]] - Το [[υποβρύχιο]] ''Squalus'' του [[Πολεμικό Ναυτικό των ΗΠΑ|Πολεμικού Ναυτικού των Η.Π.Α.]] βυθίζεται ανοικτά των ακτών του [[Νιου Χάμσαϊρ]] κατά τη διάρκεια δοκιμής κατάδυσης, προκαλώντας το θάνατο 24 ναυτών και δύο τεχνικών. Οι υπόλοιποι 32 ναύτες και ένας ναυπηγός διασώθηκαν την επόμενη ημέρα. \n*[[1945]] - [[Β΄ Παγκόσμιος Πόλεμος]]: ο επικεφαλής της [[Σουτσστάφφελ]], [[Χάινριχ Χίμλερ]], αυτοκτονεί ενώ τελούσε υπό κράτηση από τους [[Συμμαχικές δυνάμεις (Β' Παγκόσμιος Πόλεμος)|συμμάχους]].\n*[[1945]] - [[Β΄ Παγκόσμιος Πόλεμος]]: η κυβέρνηση του [[Φλένσμπουργκ]] υπό τον [[Καρλ Νταίνιτς]] διαλύεται και τα μέλη της συλλαμβάνονται από [[Μεγάλη Βρετανία|βρετανικές]] δυνάμεις.\n*[[1949]] - Ιδρύεται η [[Δυτική Γερμανία]] και τίθεται σε ισχύ ο [[Σύνταγμα της Ομοσπονδιακής Δημοκρατίας της Γερμανίας]].\n*[[1973]] - [[Κίνημα του Ναυτικού 23ης Μαΐου 1973|Κίνημα του Ναυτικού]] για την ανατροπή της [[Χούντα των Συνταγματαρχών|δικτατορίας]] στην [[Ελλάδα]].\n* [[1993]] - Στην [[Καμπότζη]], περισσότεροι από 1,5 εκατομμύριο άνθρωποι αγνοούν τις απειλές των [[Ερυθροί Χμερ|Ερυθρών Χμερ]] και ψηφίζουν στις πρώτες ελεύθερες εκλογές, που είχαν να διεξαχθούν στη χώρα περισσότερο από δυο δεκαετίες.\n* [[1994]] - Στο [[Φεστιβάλ Κινηματογράφου των Καννών]], ο Χρυσός Φοίνικας απονέμεται στην ταινία ''[[Pulp Fiction]]'', του [[Κουέντιν Ταραντίνο]].\n* [[1995]] - Ανακοινώνεται επίσημα η κυκλοφορία της γλώσσας προγραμματισμού [[Java]].\n* [[1995]] - Στην [[Τουρκία]], ένοπλοι δολοφονούν τον εκδότη της εφημερίδας «Γενί Γκιουναϊντίν», Μπεκίρ Κουτμανγκίλ.\n* [[2003]] - Ο 25χρονος [[Νεπάλ|Νεπαλέζος]] [[Πέμπα Ντόρζι Σέρπα]] ανεβαίνει σε χρόνο ρεκόρ στην κορυφή του [[Έβερεστ]], σε 12 ώρες και 45 λεπτά.\n* [[2004]] - Μεγάλος νικητής του 57ου Κινηματογραφικού [[Φεστιβάλ Κινηματογράφου των Καννών|Φεστιβάλ των Καννών]] αναδεικνύεται το πολιτικό ντοκιμαντέρ «Φαρενάιτ 9/11» του Αμερικανού σκηνοθέτη [[Μάικλ Μουρ]]. Η αναγγελία της απονομής γίνεται δεκτή μέσω καταιγιστικών χειροκροτημάτων, ενώ ο σκηνοθέτης αφιερώνει την ταινία ''«στα παιδιά του [[Ιράκ]] και της [[Ηνωμένες Πολιτείες|Αμερικής]]»'' και ''«σε όλους όσοι υποφέρουν εξαιτίας μας»''. Το Μεγάλο Βραβείο της Επιτροπής αποσπά το \"Old Boy\" του Παρκ Τσαν -γουκ ([[Νότια Κορέα]]).\n* [[2005]] - Οι [[Coldplay]] κυκλοφορούν τον τρίτο τους δίσκο, με τίτλο ''X&Y''.\n* [[2007]] - Διεξάγεται στην [[Αθήνα]] ο 16ος τελικός του [[Champions League]] μεταξύ Μίλαν και [[Λίβερπουλ Φ.Κ.|Λίβερπουλ]]\n* [[2017]] - Το Ισλαμικό Κράτος κατέλαβε τη Νήσο Μιντανάο στις νότιες Φιλιππίνες. Ο Πρόεδρος [[Ροντρίγκο Ντουτέρτε]] επέβαλε στρατιωτικό νόμο\n\n== Γεννήσεις ==\n*[[1254]] - [[Μαρία της Βραβάντης, βασίλισσα της Γαλλίας]]\n*[[1450]] - [[Τζοβάννι Καμπότο]], Ιταλός εξερευνητής\n*[[1629]] - [[Γουλιέλμος ΣΤ΄ της Έσσης-Κάσσελ|Γουλιέλμος ΣΤ΄]], λάντγκραβος της Έσσης-Κάσσελ\n*[[1707]] - [[Κάρολος Λινναίος]], Σουηδός βοτανολόγος\n*[[1734]] - [[Φραντς Άντον Μέσμερ]], Γερμανός ιατρός\n*[[1741]] - [[Αντρέα Λουκέσι]], Ιταλός συνθέτης\n*[[1848]] - [[Ότο Λίλιενταλ]], Γερμανός αεροπόρος και μηχανικός\n*[[1890]] - [[Χέρμπερτ Μάρσαλ]], Άγγλος ηθοποιός\n*[[1891]] - [[Παίρ Λάγκερκβιστ]], Σουηδός συγγραφέας\n*[[1899]] - [[Τζεραλίν Τάλι]], Αμερικανίδα υπεραιωνόβια\n*[[1900]] - [[Χανς Φρανκ]], Γερμανός δικηγόρος και αξιωματούχος των Ναζί\n*[[1905]] - [[Ραμίρο Λεντέσμα]], Ισπανός πολιτικός\n*[[1908]] - [[Τζον Μπαρντίν]], Αμερικανός φυσικός\n*[[1918]] - [[Μέντης Μποσταντζόγλου]], Έλληνας σκιτσογράφος, γελοιογράοφς, θεατρικός συγγραφέας, στιχουργός και ζωγράφος\n*[[1921]] - [[Έλσα Βεργή]], Ελληνίδα ηθοποιός\n*[[1925]] - [[Ζωρζ Σαρή]], Ελληνίδα συγγραφέας και ηθοποιός\n*[[1943]] - [[Πίτερ Κενιλορέα]], πρωθυπουργός των Νήσων Σολομώντα\n*[[1949]] - [[Άλαν Γκαρσία]], Περουβιανός πολιτικός\n*[[1950]] - [[Μάρτιν Μακγκίνες]], Βορειοϊρλανδός πολιτικός\n*[[1951]] - [[Ανατόλι Κάρποφ]], Ρώσος σκακιστής\n*[[1951]] - [[Αντώνης Σαμαράς]], Έλληνας πολιτικός\n*[[1956]] - [[Αντρέα Πατσιέντζα]], Ιταλός εικονογράφος\n*[[1958]] - [[Γιάννης Βαλαώρας]], Έλληνας ποδοσφαιριστής\n*[[1958]] - [[Ντρου Κάρεϊ]], Αμερικανός ηθοποιός\n*[[1965]] - [[Θανάσης Σκουρτόπουλος]], Έλληνας καλαθοσφαιριστής και προπονητής\n*[[1971]] - [[Τζορτζ Όσμπορν]], Άγγλος πολιτικός\n*[[1972]] - [[Ρούμπενς Μπαρικέλο]], Βραζιλιάνος οδηγός αγώνων\n*[[1977]] - [[Ευγένιος Ροντιόνωφ]], Ρώσος στρατιώτης\n*[[1979]] - [[Σάββας Καρυπίδης]], Έλληνας χειροσφαιριστής\n*[[1980]] - [[Φάνης Γκέκας]], Έλληνας ποδοσφαιριστής\n*[[1983]] - [[Άλεξ Σέλεϊ]], Αμερικανός παλαιστής\n*[[1990]] - [[Κωνσταντίνος Χαραμής]],έλληνας φαρμακοποίος \n*[[1991]] - [[Λένα Μάιερ-Λάντρουτ]], Γερμανίδα τραγουδίστρια\n\n== Θάνατοι ==\n*[[230]] - [[Πάπας Ουρβανός Α΄]]\n*[[1125]] - [[Ερρίκος Ε΄ της Αγίας Ρωμαϊκής Αυτοκρατορίας|Ερρίκος Ε΄]], αυτοκράτορας της Αγίας Ρωμαϊκής Αυτοκρατορίας \n*[[1498]] - [[Τζιρόλαμο Σαβοναρόλα]], πολιτικός και θρησκευτικός ηγέτης της Φλωρεντίας\n*[[1670]] - [[Φερδινάνδος Β΄ των Μεδίκων]], μέγας δούκας της Τοσκάνης\n*[[1857]] - [[Ωγκυστέν-Λουί Κωσύ]], Γάλλος μαθηματικός\n*[[1868]] - [[Κιτ Κάρσον]], Αμερικανός στρατιωτικός\n*[[1886]] - [[Λέοπολντ φον Ράνκε]], Γερμανός ιστορικός\n*[[1906]] - [[Ερρίκος Ίψεν]], Νορβηγός συγγραφέας\n*[[1934]] - [[Χαράλαμπος Άννινος]], Έλληνας δημοσιογράφος και συγγραφέας\n*[[1937]] - [[Τζον Ντ. Ροκφέλερ]], Αμερικανός βιομήχανος\n*[[1942]] - [[Παναγιώτης Τούντας]], Έλληνας συνθέτης\n*[[1945]] - [[Χάινριχ Χίμλερ]], Γερμανός στρατάρχης των SS\n*[[1984]] - [[Ηλίας Λυμπερόπουλος]], Έλληνας στιχουργός\n*[[1992]] - [[Κώστας Δαβουρλής]], `Ελληνας ποδοσφαιριστής\n*[[1992]] - [[Τζιοβάνι Φαλκόνε]], Ιταλός δικαστής\n*[[1996]] - [[Ευγένιος Ροντιόνωφ]], Ρώσος στρατιώτης\n*[[1999]] - [[Όουεν Χαρτ]], Καναδός παλαιστής\n*[[2006]] - [[Κάζιμιρ Γκόρσκι]], Πολωνός ποδοσφαιριστής\n*[[2006]] - [[Κωνσταντίνος Ηλιάκης]], Έλληνας πιλότος\n*[[2009]] - [[Ρο Μού-χιον]], Νοτιοκορεάτης πολιτικός\n*[[2013]] - [[Ζωρζ Μουστακί]], Γάλλος τραγουδοποιός\n*[[2013]] - [[Μπράιαν Στέρνμπεργκ]], Αμερικανός αθλητής\n*[[2014]] - [[Παναγιώτης Ποικιλίδης]], Έλληνας παλαιστής\n*[[2015]] - [[Τζων Φορμπς Νας]], Αμερικανός μαθηματικός\n*[[2017]] - [[Ρότζερ Μουρ]], Άγγλος ηθοποιός\n\n== Αργίες και εορτές ==\n\n=== [[Ορθόδοξη Εκκλησία]] ===\n{{Πύλη:Ορθοδοξία/Εορτολόγιο/23 Μαΐου}}\n\n{{Μήνες}}\n\n[[Κατηγορία:Ημέρες του έτους]]"}}}]}]}}