{"batchcomplete":true,"query":{"normalized":[{"fromencoded":false,"from":"24_Νοεμβρίου","to":"24 Νοεμβρίου"}],"pages":[{"pageid":3577,"ns":0,"title":"24 Νοεμβρίου","revisions":[{"slots":{"main":{"contentmodel":"wikitext","contentformat":"text/x-wiki","content":"{{Μήνες Νοεμβρίου}}\n\n<center>[[23 Νοεμβρίου]] | '''24 Νοεμβρίου''' | [[25 Νοεμβρίου]]</center>\n\n----\nΗ '''24η Νοεμβρίου''' είναι η 328η ημέρα του έτους κατά το [[Γρηγοριανό ημερολόγιο]] (329η σε δίσεκτα έτη). Υπολείπονται 37 ημέρες.\n\n{{ΗμερολόγιοΣεΠίνακα|11}}\n\n== Γεγονότα ==\n*[[380]] - Μετά την επιτυχημένη αντιμετώπιση των [[Γότθοι|Γότθων]], ο [[Θεοδόσιος Α΄]] επιστρέφει θριαμβευτής στην [[Βυζαντινή Κωνσταντινούπολη|Κωνσταντινούπολη]].\n*[[1429]] - [[Εκατονταετής Πόλεμος]]: Η [[Ιωάννα της Λωραίνης]] πολιορκεί ανεπιτυχώς τη Λα Σαριτέ-σιρ-Λουάρ.\n*[[1642]] - Ο [[Άμπελ Τάσμαν]] γίνεται ο πρώτος [[Ευρώπη|Ευρωπαίος]] που ανακαλύπτει το νησί Γη του Βαν Ντίμεν (αργότερα μετονομάστηκε σε [[Τασμανία]]). \n*[[1859]] - Ο [[Κάρολος Δαρβίνος]] δημοσιεύει την ''[[Η καταγωγή των ειδών|Καταγωγή των Ειδών]]''.\n*[[1917]] - Στο [[Μιλγουόκι]], εννέα αστυνομικοί σκοτώνονται από βόμβα. Πρόκειται για το πιο θανατηφόρο σε αστυνομικούς χτύπημα στην [[Ηνωμένες Πολιτείες Αμερικής|αμερικανική]] ιστορία μέχρι τις [[επιθέσεις της 11ης Σεπτεμβρίου 2001]].\n*[[1940]] - [[Β΄ Παγκόσμιος Πόλεμος]]: Η [[Σλοβακία]] υπογράφει το [[Τριμερές Σύμφωνο του Άξονα]], προσχωρώντας επίσημα στις [[Άξονας Βερολίνου - Ρώμης|δυνάμεις του Άξονα]]. \n*[[1963]] - Στην πρώτη δολοφονία που προβλήθηκε ζωντανά από την τηλεόραση, ο [[Λη Χάρβεϊ Όσβαλντ]], δολοφόνος του [[Ηνωμένες Πολιτείες Αμερικής|Αμερικανού]] προέδρου [[Τζον Φιτζέραλντ Κένεντι]], δολοφονείται από τον [[Τζακ Ρούμπι]], ιδιοκτήτη νυχτερικών κέντρων, στο υπόγειο της έδρας του αστυνομικού τμήματος του [[Ντάλας]], δύο ημέρες μετά τη [[δολοφονία του Τζον Φιτζέραλντ Κένεντι]]. Ο Όσβαλντ οδηγούνταν από δύο ντετέκτιβς σε ένα τεθωρακισμένο αυτοκίνητο για να μεταφερθεί σε κοντινή φυλακή.\n*[[1965]] - Ο [[Μομπούτου Σέσε Σέκο]] καταλαμβάνει την εξουσία στη [[Λαϊκή Δημοκρατία του Κονγκό]] και γίνεται πρόεδρος, κυβερνώντας τη χώρα (την οποία μετονομάζει σε [[Ζαΐρ]] το [[1971]]) για πάνω από 30 χρόνια, μέχρι να ανατραπεί από τους αντάρτες το [[1997]]. \n*[[1966]] - Η πτήση 101 της [[Βουλγαρία|βουλγαρικής]] TABSO συντρίβεται κοντά στη [[Μπρατισλάβα]] της [[Σοσιαλιστική Δημοκρατία της Τσεχοσλοβακίας|Τσεχοσλοβακίας]], σκοτώνοντας και τους 82 επιβαίνοντες.\n*[[1969]] - [[Απόλλων (διαστημικό πρόγραμμα)|Πρόγραμμα Απόλλων]]: Το όχημα διακυβέρνησης του [[Απόλλων 12]] προσθαλασσώνεται με ασφάλεια στον [[Ειρηνικός Ωκεανός|Ειρηνικό Ωκεανό]], ολοκληρώνοντας τη δεύτερη επανδρωμένη αποστολή στη [[Σελήνη]].\n*[[2012]] - Πυρκαγιά σε εργοστάσιο ενδυμάτων στη [[Ντάκα]] του [[Μπανγκλαντές]] σκοτώνει τουλάχιστον 112 άτομα.\n* [[2015]] - [[Τουρκική κατάρριψη ρωσικού Sukhoi Su-24]] στα σύνορα με τη Συρία στην οποία σκοτώθηκε ο ένας από τους δύο πιλότους καθώς και ένας Ρώσος στρατιωτικός ομάδας διάσωσης. Το γεγονός προκάλεσε έντονες διεθνείς παραθέσεις και αντιπαραθέσεις.\n* [[2017]] - Τρομοκρατική επίθεση σε τέμενος στο Βόρειο Σινά από το [[Ισλαμικό Κράτος]], όπου 235 άνθρωποι έχασαν την ζωή τους.\n\n== Γεννήσεις ==\n*[[1273]] - [[Αλφόνσος, κόμης του Τσέστερ]]\n*[[1394]] - [[Κάρολος Α΄ της Ορλεάνης|Κάρολος Α΄]], δούκας της Ορλεάνης\n*[[1632]] - [[Μπαρούχ Σπινόζα]], Ολλανδός φιλόσοφος\n*[[1655]] - [[Κάρολος ΙΑ΄ της Σουηδίας|Κάρολος ΙΑ΄]], βασιλιάς της Σουηδίας\n*[[1713]] - [[Λώρενς Στερν]], Ιρλανδός συγγραφέας\n*[[1724]] - [[Μαρία Αμαλία της Σαξονίας (1724-1760)]], βασίλισσα της Ισπανίας\n*[[1730]] - [[Αλεξάντερ Βασίλιεβιτς Σουβόροφ]], Ρώσος στρατηγός\n*[[1745]] - [[Μαρία Λουίζα της Ισπανίας (1745 - 1792)|Μαρία Λουίζα]], αυτοκράτειρα της Αγίας Ρωμαϊκής Αυτοκρατορίας\n*[[1784]] - [[Ζαχαρίας Τέιλορ]], 12ος πρόεδρος των Η.Π.Α.\n*[[1826]] - [[Κάρλο Κολόντι]], Ιταλός συγγραφέας\n*[[1864]] - [[Ανρί ντε Τουλούζ-Λωτρέκ]], Γάλλος ζωγράφος\n*[[1869]] - [[Όσκαρ Καρμόνα]], Πορτογάλος πολιτικός\n*[[1876]] - [[Γουόλτερ Μπάρλεϊ Γκρίφιν]], Αμερικανός αρχιτέκτονας\n*[[1885]] - [[Κρίστιαν Βιρτ]], Γερμανός αξιωματικός των SS\n*[[1887]] - [[Έριχ φον Μάνσταϊν]], Γερμανός στρατιωτικός\n*[[1897]] - [[Λάκι Λουτσιάνο]], Ιταλός μαφιόζος\n*[[1917]] - [[Έντμοντ Άντριου Χάρτζο]], Αμερικανός κρυπτογράφος\n*[[1922]] - [[Άρης Αλεξάνδρου]], Έλληνας συγγραφέας\n*[[1926]] - [[Τσουνγκ Ντάο Λι]], Κινέζος φυσικός\n*[[1935]] - [[Σεΐχης Χαλίφα ιμπν Σαλμάν αλ Χαλίφα]], πρωθυπουργός του Μπαχρέιν\n*[[1941]] - [[Αμπντελκαντέρ Μπενσαλάχ]], Αλγερινός πολιτικός\n*[[1943]] - [[Κουνίβο Νακαμούρα]], πρόεδρος του Παλάου\n*[[1946]] - [[Τεντ Μπάντι]], Αμερικανός κατά συρροήν δολοφόνος\n*[[1950]] - [[Λιόνπο Χαντού Βαντσούκ]], πρωθυπουργός του Μπουτάν\n*[[1951]] - [[Μίμης Ανδρουλάκης]], Έλληνας πολιτικός και συγγραφέας\n*[[1954]] - [[Εμίρ Κουστουρίτσα]], Σέρβος ηθοποιός, σκηνοθέτης και σεναριογράφος\n*[[1962]] - [[Ιωάννης Τοπαλίδης]], Έλληνας ποδοσφαιριστής\n*[[1978]] - [[Κάθριν Χάιγκλ]], Αμερικανίδα ηθοποιός\n*[[1986]] - [[Τζούλια Αλεξανδράτου]], Ελληνίδα μοντέλο\n*[[1993]] - [[Ήβη Αδάμου]], Κύπρια τραγουδίστρια\n*[[1999]] - [[Rack (ράπερ)|RACK]] (Ηρακλής Μαρνέζος), Έλληνας Ράπερ\n*\n\n== Θάνατοι ==\n*[[1531]] - [[Γιοχάνες Οικολαμπάντιους]], Γερμανός θρησκευτικός μεταρρυθμιστής\n*[[1572]] - [[Τζον Νοξ]], Σκωτσέζος κληρικός\n*[[1722]] - [[Γιόχαν Άνταμ Ράινκεν]], Ολλανδός μουσικός και συνθέτης\n*[[1870]] - [[Λωτρεαμόν]], Γάλλος ποιητής\n*[[1916]] - [[Χάιραμ Μάξιμ]], Άγγλος εφευρέτης\n*[[1929]] - [[Ζωρζ Κλεμανσώ]], Γάλλος πολιτικός\n*[[1940]] - [[Σαϊόντζι Κιμμότι]], Ιάπωνας πολιτικός\n*[[1957]] - [[Ντιέγκο Ριβέρα]], Μεξικανός ζωγράφος\n*[[1963]] - [[Λη Χάρβεϊ Όσβαλντ]], Αμερικανός δολοφόνος\n*[[1966]] - [[Αντώνιος Δελένδας]], Έλληνας τενόρος\n*[[1980]] - [[Δημήτριος Νότη Μπότσαρης]], Έλληνας στρατιωτικός και πολιτικός\n*[[1981]] - [[Λεωνίδας Ροζάκης]], Έλληνας πολιτικός\n*[[1990]] - [[Ντόντι Σμιθ]], Αγγλίδα συγγραφέας\n*[[1991]] - [[Φρέντι Μέρκιουρι]], Βρετανός τραγουδιστής ([[Queen]])\n*[[1993]] - [[Μαντάμ Γκρε]], Γαλλίδα σχεδιάστρια μόδας\n*[[1996]] - [[Τουπούα Λεουπένα]], γενικός κυβερνήτης του Τουβαλού\n*[[2001]] - [[Μέλανι Θόρντον]], Αμερικανίδα τραγουδίστρια\n*[[2002]] - [[Τζον Ρωλς]], Αμερικανός φιλόσοφος\n*[[2006]] - [[Δημήτριος Γερμίδης]], Έλληνας οικονομολόγος\n*[[2009]] - [[Σαμάκ Σουνταραβέτζ]], Ταϊλανδός πολιτικός\n\n== Αργίες και εορτές ==\n{{commonscat|24 November}}\n=== [[Ορθόδοξη Εκκλησία]] ===\n{{Πύλη:Ορθοδοξία/Εορτολόγιο/24 Νοεμβρίου}}\n\n{{Μήνες}}\n\n[[Κατηγορία:Ημέρες του έτους]]"}}}]}]}}