{"batchcomplete":true,"query":{"normalized":[{"fromencoded":false,"from":"24_Φεβρουαρίου","to":"24 Φεβρουαρίου"}],"pages":[{"pageid":1330,"ns":0,"title":"24 Φεβρουαρίου","revisions":[{"slots":{"main":{"contentmodel":"wikitext","contentformat":"text/x-wiki","content":"{{χωρίς παραπομπές|07|03|2004}}\n\n{{Μήνες Φεβρουαρίου}}\n\n<center>[[23 Φεβρουαρίου]] | '''24 Φεβρουαρίου''' | [[25 Φεβρουαρίου]]</center>\n\n----\nΗ '''24η Φεβρουαρίου''' είναι η 55η ημέρα του έτους κατά το [[Γρηγοριανό ημερολόγιο]]. Υπολείπονται 310 ημέρες (311 σε δίσεκτα έτη).\n\n{{ΗμερολόγιοΣεΠίνακα|2}}\n\n== Γεγονότα ==\n{{Commonscat|24 February}}\n*[[303]] - Ο [[Γαλέριος]] εκδίδει διάταγμα με το οποίο ξεκινά το διωγμό εναντίον των [[Χριστιανισμός|Χριστιανών]] στις υπό τον δικό του έλεγχο επαρχίες της [[Ρωμαϊκή Αυτοκρατορία|Ρωμαϊκής αυτοκρατορίας]].\n*[[1303]] - Κατά τη διάρκεια του Πρώτου Πολέμου της Σκωτζέζικης Ανεξαρτησίας, οι [[Σκωτία|Σκωτσέζοι]] νικούν τους [[Αγγλία|Άγγλους]] στη μάχη του Ρόσλιν.\n*[[1386]] - Δολοφονείται στη Βούδα ο βασιλιάς [[Κάρολος Γ΄ της Νεαπόλεως]].\n*[[1525]] - Οι ενωμένες δυνάμεις της [[Ισπανική Αποικιακή Αυτοκρατορία|Ισπανίας]] και της [[Αγία Ρωμαϊκή Αυτοκρατορία|Αγίας Ρωμαϊκής Αυτοκρατορίας]] νικούν το [[Γαλλία|γαλλικό]] στρατό στη μάχη της [[Παβία]]. \n*[[1582]] - Με την παπική βούλα ''Inter gravissimas'', ο [[Πάπας Γρηγόριος ΙΓ΄]] ανακοινώνει το [[γρηγοριανό ημερολόγιο]].\n*[[1607]] - Κάνει πρεμιέρα στη [[Μάντοβα]] ο ''Ορφέας'' του [[Κλαούντιο Μοντεβέρντι]], ένα από τα πρώτα έργα που αναγνωρίζονται ως [[όπερα]].\n*[[1711]] - Κάνει πρεμιέρα στο [[Λονδίνο]] η [[όπερα]] ''[[Ρινάλντο]]'' του [[Γκέοργκ Φρήντριχ Χαίντελ]], η πρώτη [[Ιταλία|ιταλική]] όπερα που γράφτηκε για τη λονδρέζικη σκηνή.\n*[[1739]] - Μάχη της Καρνάλ: Ο στρατός του [[Ιράν|Ιρανού]] ηγεμόνα Ναντέρ Σαχ νικά τις δυνάμεις της [[Μογγολική αυτοκρατορία της Ινδίας|Μογγόλου αυτοκράτορα της Ινδίας]], Μωάμεθ Σαχ.\n*[[1821]] - [[Ελληνική Επανάσταση του 1821|Ελληνική Επανάσταση]]: Ο [[Αλέξανδρος Υψηλάντης (Φιλικός)|Αλέξανδρος Υψηλάντης]] υψώνει επαναστατική σημαία στο [[Ιάσιο]] της [[Μολδοβλαχία]]ς.\n*[[1848]] - Ο [[Κατάλογος μοναρχών της Γαλλίας|βασιλιάς]] [[Λουδοβίκος Φίλιππος της Γαλλίας]] παραιτείται από το θρόνο.\n*[[1868]] - Ο [[Άντριου Τζόνσον]] γίνεται ο πρώτος [[πρόεδρος των Ηνωμένων Πολιτειών]] στον οποίο απαγγέλλονται κατηγορίες από τη [[Βουλή των Αντιπροσώπων (ΗΠΑ)|Βουλή των Αντιπροσώπων]]. Αργότερα θα αθωωθεί στη [[Γερουσία (ΗΠΑ)|Γερουσία]].\n*[[1881]] - Η [[Δυναστεία Τσινγκ|Κίνα]] και η [[Ρωσική Αυτοκρατορία]] υπογράφουν τη συνθήκη της [[Αγία Πετρούπολη|Αγίας Πετρούπολης]].\n*[[1895]] - Ξεσπά [[επανάσταση]] κοντά στο [[Σαντιάγο ντε Κούβα]], ξεκινώντας τον Κουβανικό Πόλεμο Ανεξαρτησίας, ο οποίος θα λάβει τέλος με τον [[Ισπανοαμερικανικός πόλεμος|Ισπανοαμερικανικό πόλεμο]] του [[1898]].\n*[[1918]] - Η [[Εσθονία]] ανακηρύσσει την ανεξαρτησία της. \n*[[1920]] - Ιδρύεται το [[Εθνικοσοσιαλιστικό Γερμανικό Εργατικό Κόμμα]].\n*[[1942]] - Η μάχη του [[Λος Άντζελες]]: Ένας λανθασμένος συναγερμός οδηγεί σε μπαράζ αντιαεροπορικών πυρών που κράτησε μέχρι τις πρώτες πρωινές ώρες της 25ης Φεβρουαρίου.\n*[[1946]] - Ο συνταγματάρχης [[Χουάν Περόν]], ιδρυτής του πολιτικού κινήματος που έγινε γνωστό ως Περονισμός, εκλέγεται για πρώτη φορά πρόεδρος της [[Αργεντινή]]ς.\n*[[1968]] - [[Πόλεμος του Βιετνάμ]]: Οι Νοτιοβιετναμέζοι ανακαταλαμβάνουν το [[Χουέ]].\n*[[1976]] - Υιοθετείται νέο σύνταγμα στην [[Κούβα]].\n*[[1981]] - [[Σεισμοί στις Αλκυονίδες το 1981|Σεισμός]] μεγέθους 6,7 βαθμών της κλίμακας Ρίχτερ, με επίκεντρο τις [[Αλκυονίδες νήσοι|Αλκυονίδες νήσους]] στον [[Κορινθιακός κόλπος|Κορινθιακό κόλπο]], [[Κατάλογος φονικών σεισμών στην Ελλάδα|πλήττει]] την [[Κεντρική Ελλάδα]] με απολογισμό 20 νεκρούς.\n*[[1983]] - Ειδική επιτροπή του [[Κογκρέσο των Ηνωμένων Πολιτειών|Κογκρέσου των Ηνωμένων Πολιτειών]] καταδικάζει τον [[Εγκλεισμός των Ιαπώνων Αμερικανών|εγκλεισμό των Ιαπώνων Αμερικανών]] κατά τη διάρκεια του [[Β΄ Παγκόσμιος Πόλεμος|Β΄ Παγκοσμίου Πολέμου]].\n* [[1994]] - Η [[Βουλή των Ελλήνων]] με ομόφωνο ψήφισμα αναγνωρίζει, μετά από 70 χρόνια, την [[Γενοκτονία των Ποντίων]], ορίζοντας την 19η Μαΐου ως «Ημέρα Μνήμης για τη Γενοκτονία των Ελλήνων στο Μικρασιατικό Πόντο»\n* [[2022]] - Ξεκινάει στις 05.00 ώρα [[Ρωσία|Ρωσίας]] η [[Ρωσική εισβολή στην Ουκρανία (2022)|Ρωσική εισβολή στην Ουκρανία]].\n\n== Γεννήσεις ==\n*[[1304]] - [[Ιμπν Μπατούτα]], Μαροκινός εξερευνητής\n*[[1360]] - [[Αμεδαίος Ζ΄ της Σαβοΐας|Αμεδαίος Ζ΄]], κόμης της Σαβοΐας\n*[[1413]] - [[Λουδοβίκος της Σαβοΐας|Λουδοβίκος]], δούκας της Σαβοΐας\n*[[1500]] - [[Κάρολος Κουίντος]], αυτοκράτορας της Αγίας Ρωμαϊκής Αυτοκρατορίας\n*[[1536]] - [[Πάπας Κλήμης Η΄]]\n*[[1547]] - [[Δον Χουάν της Αυστρίας|Δον Χουάν]], Αυστριακός στρατιωτικός\n*[[1557]] - [[Ματθίας της Αγίας Ρωμαϊκής Αυτοκρατορίας|Ματθίας]], αυτοκράτορας της Αγίας Ρωμαϊκής Αυτοκρατορίας\n*[[1808]] - [[Τζον Γουάις (αεροναυτικός)|Τζον Γουάις]], Αμερικανός εφευρέτης\n*[[1831]] - [[Λέο φον Καπρίβι]], καγκελάριος της Γερμανίας\n*[[1837]] - [[Ροσαλία δε Κάστρο]], Ισπανίδα συγγραφέας\n*[[1842]] - [[Αρρίγκο Μπόιτο]], Ιταλός ποιητής και συνθέτης\n*[[1878]] - [[Αμπντέλ Αζίζ]], σουλτάνος του Μαρόκου\n*[[1882]] - [[Εκρέμ Λιμποχόβα]], Αλβανός πολιτικός\n*[[1885]] - [[Στανισλάβ Ιγκνάσυ Βίτκιεβιτς]], Πολωνός συγγραφέας και ζωγράφος\n*[[1898]] - [[Κουρτ Τανκ]], Γερμανός μηχανικός αεροναυπηγικής\n*[[1914]] - [[Ραλφ Έρσκαϊν]], Άγγλος αρχιτέκτονας\n*[[1919]] - [[Νέλι Κόναλι]], πρώτη κυρία του Τέξας\n*[[1927]] - [[Εμανουέλ Ριβά]], Γαλλίδα ηθοποιός\n*[[1934]] - [[Χρήστος Λαμπράκης]], Έλληνας εκδότης\n*[[1934]] - [[Γιώτα Λύδια]], Ελληνίδα τραγουδίστρια\n*[[1934]] - [[Μπίνγκου γουά Μουταρίκα]], πρόεδρος του Μαλάουι\n*[[1943]] - [[Πάμπλο Μιλανές]], Κουβανός τραγουδοποιός\n*[[1949]] - [[Πασχάλης Τερζής]], Έλληνας τραγουδιστής\n*[[1951]] - [[Λαϊμντότα Στραουγιούμα]], Λετονή πολιτικός\n*[[1954]] - [[Σιντ Μάιερ]], Καναδός προγραμματιστής και σχεδιαστής παιχνιδιών\n*[[1955]] - [[Αλέν Προστ]], Γάλλος οδηγός αγώνων\n*[[1955]] - [[Στηβ Τζομπς]], Αμερικανός επιχειρηματίας\n*[[1956]] - [[Τζούντιθ Μπάτλερ]], Αμερικανίδα φιλόσοφος\n*[[1972]] - [[Θεόδωρος Κουρεντζής]], Έλληνας διευθυντής ορχήστρας, συνθέτης και ποιητής\n*[[1977]] - [[Φλόιντ Μεϊγουέδερ Τζ.]], Αμερικανός επαγγελματίας πυγμάχος\n*[[1989]] - [[Κώστας Κουφός]], Έλληνας καλαθοσφαιριστής\n*[[1992]] - [[Νίκος Καρέλης]], Έλληνας ποδοσφαιριστής\n\n== Θάνατοι ==\n*[[1102]] - [[Κωνσταντίνος Α΄ της Αρμενίας|Κωνσταντίνος Α΄]], πρίγκιπας της Αρμενίας\n*[[1386]] - [[Κάρολος Γ΄ της Νεαπόλεως|Κάρολος Γ΄]], βασιλιάς της Νάπολης\n*[[1475]] - [[Κάρολος Α΄ της Βάδης|Κάρολος Α΄]], μάργραβος του Μπάντεν-Μπάντεν\n*[[1563]] - [[Φραγκίσκος του Γκιζ|Φραγκίσκος]], δούκας του Γκιζ\n*[[1704]] - [[Μαρκ-Αντουάν Σαρπαντιέ]], Γάλλος συνθέτης\n*[[1777]] - [[Ιωσήφ Α΄ της Πορτογαλίας|Ιωσήφ Α΄]], βασιλιάς της Πορτογαλίας\n*[[1810]] - [[Χένρι Κάβεντις]], Άγγλος επιστήμονας\n*[[1815]] - [[Ρόμπερτ Φούλτον]], Αμερικανός εφευρέτης\n*[[1942]] - [[Άντον Ντρέξλερ]], Γερμανός πολιτικός\n*[[1953]] - [[Γκερτ φον Ρούντστετ]], Γερμανός στρατάρχης\n*[[1967]] - [[Φραντς Γουάξμαν]], Γερμανός συνθέτης\n*[[1975]] - [[Δημοσθένης Στεφανίδης]], Έλληνας νομικός και πανεπιστημιακός\n*[[1980]] - [[Γεώργιος Ανδριανόπουλος]], Έλληνας ποδοσφαιριστής\n*[[1984]] - [[Κούλης Στολίγκας]], Έλληνας ηθοποιός\n*[[1985]] - [[Γιώργος Γιάμαλης]], Έλληνας ποδοσφαιριστής\n*[[1986]] - [[Απόστολος Τσιτσάρας]], Έλληνας πολιτικός\n*[[1993]] - [[Μπόμπι Μουρ]], Άγγλος ποδοσφαιριστής\n*[[1998]] - [[Νίκος Καλούδης]], Έλληνας πολιτικός\n*[[2000]] - [[Μιχαήλ Ρουφογάλης]], Έλληνας στρατιωτικός\n*[[2001]] - [[Ρηνιώ Παπανικόλα]], Ελληνίδα ραδιοφωνική παραγωγός\n*[[2001]] - [[Κλοντ Σάνον]], Αμερικανός μαθηματικός\n*[[2002]] - [[Μάρτιν Έσλιν]], Ούγγρος θεατρικός συγγραφέας\n*[[2003]] - [[Αλμπέρτο Σόρντι]], Ιταλός ηθοποιός\n*[[2016]] - [[Πίτερ Κενιλορέα]], πρωθυπουργός των νήσων Σολομώντα\n\n== Αργίες και εορτές ==\n=== Κόσμος ===\n* {{EST}} - Ημέρα ανεξαρτησίας ([[1918]])\n* {{MEX}} - Ημέρα της [[Σημαία του Μεξικού|σημαίας]]\n* {{ROU}} - Dragobete, γιορτή της άνοιξης\n* {{THA}} - Ημέρα του εθνικού καλλιτέχνη\n\n=== [[Ορθόδοξη Εκκλησία]] ===\n{{Πύλη:Ορθοδοξία/Εορτολόγιο/24 Φεβρουαρίου}}\n\n{{Μήνες}}\n\n[[Κατηγορία:Ημέρες του έτους]]"}}}]}]}}