{"batchcomplete":true,"query":{"normalized":[{"fromencoded":false,"from":"24_Ιανουαρίου","to":"24 Ιανουαρίου"}],"pages":[{"pageid":1119,"ns":0,"title":"24 Ιανουαρίου","revisions":[{"slots":{"main":{"contentmodel":"wikitext","contentformat":"text/x-wiki","content":"{{χωρίς παραπομπές|16|01|2022}}\n\n{{5μήνες|μ=1}}\n\n<center>[[23 Ιανουαρίου]] | '''24 Ιανουαρίου''' | [[25 Ιανουαρίου]]</center>\n\n----\nΗ '''24η Ιανουαρίου''' είναι η 24η ημέρα του έτους κατά το [[Γρηγοριανό ημερολόγιο]]. Υπολείπονται 341 ημέρες (342 σε δίσεκτα έτη).\n\n{|width=100%\n| __TOC__\n| {{ΗμερολόγιοΣεΠίνακα|1}}\n|}\n\n== Γεγονότα ==\n*[[41]] - Ο [[Ρωμαϊκή Αυτοκρατορία|Ρωμαίος αυτοκράτορας]] [[Καλιγούλας]], γνωστός για την εκκεντρικότητά του και τον σαδιστικό [[Δεσποτισμός|δεσποτισμό]] του, δολοφονείται από δυσαρεστημένους Πραιτωριανούς φρουρούς. Η φρουρά ανακηρύσσει αυτοκράτορα τον θείο του Καλιγούλα, [[Κλαύδιος|Κλαύδιο]].\n*[[1458]] - Ο [[Ματθίας Κορβίνος]] γίνεται βασιλιάς της [[Ουγγαρία]]ς.\n*[[1679]] - Ο βασιλιάς [[Κάρολος Β΄ της Αγγλίας]] διαλύει τη Βουλή.\n*[[1742]] -  Ο [[Κάρολος Ζ΄ της Αγίας Ρωμαϊκής Αυτοκρατορίας|Κάρολος Ζ΄]] γίνεται [[αυτοκράτορας της Αγίας Ρωμαϊκής Αυτοκρατορίας]].\n*[[1835]] - Σκλάβοι στο [[Σαλβαδόρ (Βραζιλία)]] πραγματοποιούν εξέγερση, η οποία θα παίξει καθοριστικό ρόλο στον τερματισμό της δουλείας 50 χρόνια αργότερα.\n*[[1862]] - Το [[Βουκουρέστι]] ανακηρύσσεται πρωτεύουσα της [[Ρουμανία]]ς.\n*[[1915]] - [[Α΄ Παγκόσμιος Πόλεμος]]: Ο [[Μεγάλη Βρετανία|βρετανικός]] στόλος νικά τον [[Γερμανική Αυτοκρατορία|γερμανικό]] στη ναυμαχία του [[Ντόγγερ Μπανκ]].\n*[[1942]] - [[Β΄ Παγκόσμιος Πόλεμος]]: Οι [[Συμμαχικές δυνάμεις (Β΄ Παγκόσμιος Πόλεμος)|συμμαχικές δυνάμεις]] βομβαρδίζουν τη [[Μπανγκόκ]], που τότε ήταν υπό [[Ιαπωνία|ιαπωνικό]] έλεγχο.\n*[[1943]] - [[Β΄ Παγκόσμιος Πόλεμος]]: ο [[Φραγκλίνος Ρούζβελτ]] και ο [[Ουίνστον Τσώρτσιλ]] ολοκληρώνουν τη [[Διάσκεψη της Καζαμπλάνκας]].\n*[[1947]] - Ο τραπεζίτης [[Δημήτριος Μάξιμος]] γίνεται [[πρωθυπουργός της Ελληνικής Δημοκρατίας|πρωθυπουργός της Ελλάδας]].\n*[[1960]] - [[Πόλεμος της Αλγερίας]]: ορισμένες μονάδες [[Ευρώπη|Ευρωπαίων]] εθελοντών εξεγείρονται στο [[Αλγέρι]], στην περίφημη «εβδομάδα των οδοφραγμάτων», κατά την οποία προβαίνουν σε καταλήψεις κυβερνητικών κτιρίων και σε συγκρούσεις με την τοπική αστυνομία.   \n*[[1963]] -  Ο διάδοχος [[Κωνσταντίνος Β΄ της Ελλάδας|Κωνσταντίνος]] και η πριγκίπισσα [[Άννα-Μαρία της Ελλάδας|Άννα Μαρία της Δανίας]] αρραβωνιάζονται στα [[ανάκτορα Αμάλιενμποργκ]] στην [[Κοπεγχάγη]].\n*[[1972]] - Ο [[Ιαπωνία|Ιάπωνας]] λοχίας Σοΐτσι Γιοκόι βρίσκεται σε μία ζούγκλα του [[Γκουάμ]], όπου ήταν κρυμμένος από το τέλος του [[Β΄ Παγκόσμιος Πόλεμος|Β΄ Παγκοσμίου Πολέμου]].\n*[[1977]] - Κατά τη διάρκεια της [[Ισπανική Μεταπολίτευση|ισπανικής μεταπολίτευσης]], λαμβάνει χώρα η σφαγή της Ατότσα στη [[Μαδρίτη]].  \n* [[1983]] - στην [[Ιταλία]] 32 μέλη των [[Ερυθρές Ταξιαρχίες|Ερυθρών Ταξιαρχιών]] φυλακίζονται για [[τρομοκρατία]]. Ανάμεσα τους και ο εκτελεστής του Χριστιανοδημοκράτη πρωθυπουργού [[Άλντο Μόρο]].\n* [[1984]] - Παρουσιάζεται στην αγορά ο υπολογιστής [[Macintosh]].\n* [[1986]] - Το διαστημόπλοιο ''[[Βόγιατζερ 2]]'' διέρχεται από τον [[πλανήτης|πλανήτη]] [[Ουρανός (πλανήτης)|Ουρανό]].\n* [[1989]] - Εκτελέστηκε στην ηλεκτρική καρέκλα ο μανιακός δολοφόνος [[Τεντ Μπάντι]], που κακοποίησε και σκότωσε τουλάχιστον 28 γυναίκες.\n* [[1992]] - Στη [[Μαυριτανία]], για πρώτη φορά μετά την ανεξαρτητοποίησή της από τη [[Γαλλία]], που έγινε το 1960, διεξάγονται εκλογές.\n*[[1994]] - Η «[[Επαναστατική Οργάνωση 17 Νοέμβρη|17 Νοέμβρη]]» δολοφονεί τον πρώην διοικητή της [[Εθνική Τράπεζα της Ελλάδος|Εθνικής Τραπέζης]] [[Μιχάλης Βρανόπουλος|Μιχάλη Βρανόπουλο]] και τραυματίζει τον οδηγό του Νικόλαο Γρίσπο.\n* [[2001]] -  Ο Πρόεδρος της Δημοκρατίας [[Κωνσταντίνος Στεφανόπουλος|Κωστής Στεφανόπουλος]] πραγματοποιεί επίσημη επίσκεψη στο [[Βατικανό]] και γίνεται δεκτός από τον [[πάπας Ιωάννης Παύλος Β΄|πάπα Ιωάννη Παύλο Β΄]].\n\n== Γεννήσεις ==\n*[[76]] - [[Αδριανός]], Ρωμαίος αυτοκράτορας\n*[[1444]] - [[Γκαλεάτσο Μαρία Σφόρτσα]], δούκας του Μιλάνου\n*[[1705]] - [[Φαρινέλλι]], Ιταλός καστράτο\n*[[1712]] - [[Φρειδερίκος Β΄ της Πρωσίας|Φρειδερίκος Β΄]], βασιλιάς της Πρωσίας\n*[[1732]] - [[Πιερ-Ωγκυστέν Καρόν ντε Μπωμαρσαί]], Γάλλος θεατρικός συγγραφέας\n*[[1746]] - [[Γουσταύος Γ΄ της Σουηδίας|Γουσταύος Γ΄]], βασιλιάς της Σουηδίας\n*[[1847]] - [[Ραντομίρ Πούτνικ]], Σέρβος στρατιωτικός\n*[[1889]] - [[Τσαρλς Μπόουρντμαν Χόις]], Αμερικανός συγγραφέας\n*[[1891]] - [[Βάλτερ Μόντελ]], Γερμανός στρατάρχης\n*[[1907]] - [[Ζακ Μορίς Κουβ ντε Μιρβίλ]], Γάλλος πολιτικός \n*[[1917]] - [[Έρνεστ Μποργκνάιν]], Αμερικανός ηθοποιός\n*[[1921]] - [[Σύμπιλ Κόνολυ]], Ιρλανδή σχεδιάστρια μόδας\n*[[1940]] - [[Γιοάχιμ Γκάουκ]], Γερμανός πολιτικός\n*[[1943]] - [[Σάρον Τέιτ]], Αμερικανίδα ηθοποιός\n*[[1944]] - [[Κλάους Νόμι]], Γερμανός τραγουδιστής\n*[[1946]] - [[Μιγκέλ Ρέινα Σάντος]], Ισπανός ποδοσφαιριστής\n*[[1948]] - [[Νόρα Βαλσάμη]], Ελληνίδα ηθοποιός\n*[[1949]] - [[Τζον Μπελούσι]], Αμερικανός ηθοποιός\n*[[1951]] - [[Αλέξης Κούγιας]], Έλληνας δικηγόρος\n*[[1957]] - [[Γιώτα Φώτου]], Ελληνίδα συγγραφέας \n*[[1959]] - [[Νεοκλής Συλικιώτης]], Κύπριος πολιτικός\n*[[1962]] - [[Αργύρης Καμπούρης]], Έλληνας καλαθοσφαιριστής\n*[[1965]] - [[Παγώνης Βακαλόπουλος]], Έλληνας ποδοσφαιριστής\n*[[1967]] - [[Φιλ Λαμάρ]], Αμερικανός ηθοποιός\n*[[1967]] - [[Τζον Μιανγκ]], Αμερικανός μουσικός\n*[[1968]] - [[Μίκαελ Κίσκε]], Γερμανός τραγουδιστής\n*[[1986]] - [[Αντελίνο Βιεϊρίνια]], Πορτογάλος ποδοσφαιριστής\n*[[1986]] - [[Μίσα Μπάρτον]], Αγγλίδα ηθοποιός\n*[[1987]] - [[Λουίς Σουάρες]], Ουρουγουανός ποδοσφαιριστής\n*[[1995]] - [[Yung Light]], Έλληνας τράπερ\n*[[2012]] - [[Αθηνά της Δανίας|Αθηνά]], πριγκίπισσα της Δανίας\n\n== Θάνατοι ==\n*[[41]] - [[Γάιος Καλιγούλας]], Ρωμαίος αυτοκράτορας\n*[[772]] - [[Πάπας Στέφανος Γ΄]]\n*[[1302]] - [[Τσιμαμπούε]], Ιταλός ζωγράφος\n*[[1595]] - [[Φερδινάνδος Β΄ της Αυστρίας|Φερδινάνδος Β΄]], αρχιδούκας της Αυστρίας\n*[[1822]] - [[Αλή πασάς]], Οθωμανός πασάς\n*[[1919]] - [[Ισμαήλ Κεμάλ]], Αλβανός πολιτικός\n*[[1920]] - [[Αμεντέο Μοντιλιάνι]], Ιταλός ζωγράφος και γλύπτης\n*[[1924]] - [[Μαρία Αδελαΐδα του Λουξεμβούργου|Μαρία Αδελαΐδα]], μεγάλη δούκισσα του Λουξεμβούργου\n*[[1930]] - [[Σταύρος Κουτόβας]], Έλληνας συνδικαλιστής\n*[[1960]] - [[Κωνσταντίνος Άμαντος]], Έλληνας πανεπιστημιακός και ακαδημαϊκός\n*[[1965]] - [[Ουίνστον Τσώρτσιλ]], Άγγλος πολιτικός\n*[[1978]] - [[Λεωνίδας Πυλόρωφ]], Έλληνας πολιτικός \n*[[1983]] - [[Τζορτζ Κιούκορ]], Αμερικανός σκηνοθέτης\n*[[1986]] - [[Ζαχαρίας Αργυρόπουλος]], Έλληνας τενίστας\n*[[1987]] - [[Νικόλαος Φωτιάς]], Έλληνας πανεπιστημιακός\n*[[1989]] - [[Τεντ Μπάντι|Τεντ Μπαντυ]], Αμερικανός κατά συρροήν δολοφόνος\n*[[1994]] - [[Μιχάλης Βρανόπουλος]], Έλληνας τραπεζίτης\n*[[1995]] - [[Ντέιβιντ Κολ]], Αμερικανός μουσικός παραγωγός\n*[[1995]] - [[Έντουαρντ Κόλμαν]], Αμερικανός κινηματογραφιστής\n*[[2003]] - [[Τζιάννι Ανιέλλι]], Ιταλός επιχειρηματίας\n*[[2004]] - [[Λεονίντας ντα Σίλβα]], Βραζιλιάνος ποδοσφαιριστής\n*[[2006]] - [[Σαφίκ Χαντάλ]], Σαλβαδοριανός πολιτικός\n*[[2007]] - [[Εμιλιάνο Μερκάδο ντελ Τόρο]], Πορτορικανός βετεράνος πολέμου\n*[[2007]] - [[Ισμαήλ Τζεμ]], Τούρκος πολιτικός\n*[[2007]] - [[Ιωάννης Φουντούλης]], Έλληνας θεολόγος\n*[[2012]] - [[Θόδωρος Αγγελόπουλος]], Έλληνας σκηνοθέτης\n*[[2017]] - [[Σπύρος Ευαγγελάτος]], Έλληνας σκηνοθέτης\n*[[2022]] - [[Γιώργος Τρομάρας]], Έλληνας παλαιστής\n*[[2023]] - [[Μητροπολίτης πρώην Βελγίου Παντελεήμων|Παντελεήμων]] ''Μητροπολίτης Βελγίου''\n\n== Αργίες και εορτές ==\n=== [[Ορθόδοξη Εκκλησία]] ===\n{{Commonscat}}\n\n{{Πύλη:Ορθοδοξία/Εορτολόγιο/24 Ιανουαρίου}}\n\n{{Μήνες}}\n\n[[Κατηγορία:Ημέρες του έτους]]"}}}]}]}}