{"batchcomplete":true,"query":{"normalized":[{"fromencoded":false,"from":"24_Αυγούστου","to":"24 Αυγούστου"}],"pages":[{"pageid":3021,"ns":0,"title":"24 Αυγούστου","revisions":[{"slots":{"main":{"contentmodel":"wikitext","contentformat":"text/x-wiki","content":"{{Μήνες Αυγούστου}}\n\n<center>[[23 Αυγούστου]] | '''24 Αυγούστου''' | [[25 Αυγούστου]]</center>\n\n----\n{{ΗμερολόγιοΣεΠίνακα|8}}\nΗ '''24η Αυγούστου''' είναι η 236η ημέρα του έτους κατά το [[Γρηγοριανό ημερολόγιο]] (237η σε δίσεκτα έτη). Υπολείπονται 129 ημέρες.\n\n== Γεγονότα ==\n*[[49 π.Χ.]] - Ο [[στρατηγός]] του [[Ιούλιος Καίσαρ|Ιουλίου Καίσαρα]], Γάιος Σκριμπόνιους Κούριος, ηττάται στον ποταμό Μπαγκράντας από τους [[Νουμιδία|Νουμίδες]] και [[Αυτοκτονία|αυτοκτονεί]] για να αποφύγει την αιχμαλωσία.\n*[[79]] - Ο [[Βεζούβιος]] εκρήγνυται. Η [[Πομπηία]], το Ηράκλειο και οι Σταβίες θάβονται στην ηφαιστειακή τέφρα (σημείωση: αυτή η παραδοσιακή ημερομηνία έχει αμφισβητηθεί και πολλοί μελετητές πιστεύουν ότι το γεγονός συνέβη στις [[24 Οκτωβρίου]]). \n*[[410]] - Οι [[Βησιγότθοι]] υπό τον βασιλιά [[Αλάριχος Α΄|Αλάριχο Α΄]] αρχίζουν να [[Άλωση της Ρώμης (410)|λεηλατούν τη Ρώμη]].\n*[[1185]] - Οι [[Νορμανδοί]] καταλαμβάνουν τη [[Θεσσαλονίκη]] παρά την ηρωική άμυνα των κατοίκων της, την λεηλατούν και κατασφάζουν 7.000 Θεσσαλονικείς.\n*[[1200]] - Ο βασιλιάς [[Ιωάννης της Αγγλίας]], ο οποίος υπέγραψε την πρώτη [[Μάγκνα Κάρτα]], παντρεύεται την [[Ισαβέλλα του Ανγκουλέμ]] στον καθεδρικό ναό του [[Μπορντό]]. \n*[[1215]] - Ο [[Πάπας Ιννοκέντιος Γ΄]] κηρύσσει άκυρη τη [[Μάγκνα Κάρτα]].\n*[[1349]] - [[Πογκρόμ]] κατά των [[Εβραίοι|Εβραίων]] στην [[Κολωνία]], θεωρώντας τους υπεύθυνους για την [[πανώλη]]. Η εβραϊκή συνοικία καίγεται από τον όχλο και χιλιάδες διώχνονται από την πόλη.\n*[[1516]] - Η [[Οθωμανική Αυτοκρατορία]] υπό τον [[Σελίμ Α΄]] νικά το σουλτανάτο των [[Μαμελούκοι|Μαμελούκων]] στη μάχη του Μαρτζ Νταμπίκ και καταλαμβάνει τη σημερινή [[Συρία]].\n*[[1561]] - Ο [[Γουλιέλμος Α΄ της Οράγγης]] παντρεύεται τη δούκισσα Άννα της Σαξωνίας.\n* [[1814]] - Κατά τους τελευταίους μήνες του «Πολέμου του 1812» όπως ονομάστηκε η πολεμική αντιπαράθεση ΗΠΑ-Βρετανίας, οι δυνάμεις των Βρετανών εισβάλουν στην Ουάσιγκτον: [[Καπιτώλιο των Ηνωμένων Πολιτειών|Καπιτώλιο]] και [[Λευκός Οίκος]] πυρπολούνται.\n* [[1821]] - Οι Ισπανοί αναγνωρίζουν στο [[Μεξικό]] την ανεξαρτησία του.\n* [[1821]] - Ξεκινά η [[Μάχη των Κομψάδων]] κατά την περίοδο της τουρκοκρατίας.\n* [[1831]] - Ο [[Κάρολος Δαρβίνος|Δαρβίνος]] σαλπάρει με το πλοίο ''[[HMS Beagle]]'' για ένα πενταετές ταξίδι σε όλο τον κόσμο. Οι πληροφορίες που θα συλλέξει και οι παρατηρήσεις του θα τον οδηγήσουν στη θεωρία ότι τα είδη εξελίσσονται προσαρμοζόμενα στο περιβάλλον τους.\n* [[1847]] - Η [[Σαρλότ Μπροντέ]] ολοκληρώνει το χειρόγραφο του έργου της «Τζέιν Έιρ».\n* [[1857]] - Ξεσπά μια από τις σοβαρότερες οικονομικές κρίσεις στην αμερικανική ιστορία, γνωστή ως ο «[[πανικός του 1857]]»\n* [[1891]] - Ο [[Τόμας Έντισον]] κατοχυρώνει τον κινηματογραφικό φακό.\n* [[1893]] - Χιλιάδες νεκροί από καταιγίδα στο [[Τσάρλεστον (Νότια Καρολίνα)|Τσάρλεστον]] και στην ακτή Σαβάνα.\n* [[1909]] - Αρχίζουν οι εργασίες διαμόρφωσης ανισόπεδου διαύλου στη [[Διώρυγα του Παναμά]].\n* [[1922]] - [[Μικρασιατική Εκστρατεία]]: Το Γ΄ Σώμα Στρατού μεταφέρεται από τον Πάνορμο στην Θράκη.\n* [[1991]]- Η [[Ουκρανία]] ανακηρύσσει την ανεξαρτησία της από την [[Ένωση Σοβιετικών Σοσιαλιστικών Δημοκρατιών|Ε.Σ.Σ.Δ.]]\n\n== Γεννήσεις ==\n*[[1113]] - [[Γοδεφρείδος Ε΄ του Ανζού|Γοδεφρείδος Ε΄]], κόμης του Ανζού\n*[[1198]] - [[Αλέξανδρος Β΄ της Σκωτίας|Αλέξανδρος Β΄]], βασιλιάς της Σκωτίας\n*[[1336]] - [[Ιάκωβος Δ΄ της Μαγιόρκας]], βασιλιάς της Νάπολης\n*[[1358]] - [[Ιωάννης Α΄ της Καστίλης|Ιωάννης Α΄]], βασιλιάς της Καστίλης\n*[[1393]] - [[Αρθούρος Γ΄ της Βρετάνης|Αρθούρος Γ΄]], δούκας της Βρετάνης\n*[[1495]] - [[Όθων Α΄ του Χάρμπουργκ|Όθων Α΄]], πρίγκιπας του Χάρμπουργκ\n*[[1754]] - [[Σερ Τσαρλς Νόουλς, 2ος Βαρονέτος|Τσαρλς Νόουλς]], Βρετανός ναύαρχος\n*[[1772]] - [[Γουλιέλμος Α΄ των Κάτω Χωρών|Γουλιέλμος Α΄]], βασιλιάς των Κάτω Χωρών\n*[[1899]] - [[Φερχάτ Αμπάς]], Αλγερινός πολιτικός\n*[[1899]] - [[Χόρχε Λουίς Μπόρχες]], Αργεντινός συγγραφέας\n*[[1902]] - [[Φερνάν Μπρωντέλ]], Γάλλος ιστορικός\n*[[1911]] - [[Μιχάλης Ράπτης]], Έλληνας τροτσκιστής\n*[[1924]] - [[Αχμαντού Αχιτζό]], Καμερουνέζος πολιτικός \n*[[1929]] - [[Γιάσερ Αραφάτ]], Παλαιστίνιος πολιτικός\n*[[1933]] - [[Πρίγκιπας Ρούπερτ Λεβενστάιν]], Γερμανός επιχειρηματίας\n*[[1944]] - [[Κριστίν Τσάμπακ]], Αμερικανίδα δημοσιογράφος\n*[[1945]] - [[Βινς Μακμάν]], Αμερικανός παλαιστής\n*[[1945]] - [[Κεν Χένσλι]], Άγγλος μουσικός ([[Uriah Heep]])\n*[[1946]] - [[Πασχάλης (τραγουδιστής)|Πασχάλης]], Έλληνας τραγουδιστής\n*[[1948]] - [[Ζαν-Μισέλ Ζαρ]], Γάλλος συνθέτης και παραγωγός\n*[[1948]] - [[Σάουλι Νιινίστο]], Φινλανδός πολιτικός\n*[[1951]] - [[Όρσον Σκοτ Καρντ]], Αμερικανός συγγραφέας\n*[[1957]] - [[Στίβεν Φράι]], Άγγλος ηθοποιός, δημοσιογράφος και συγγραφέας\n*[[1967]] - [[Μιχαήλ Ρωμανός]], Έλληνας καλλιτέχνης\n*[[1973]] - [[Γκρέι ΝτεΛάιλ]], Αμερικανίδα ηθοποιός\n*[[1976]] - [[Νορντίν Βότερ]], Ολλανδός ποδοσφαιριστής\n*[[1977]] - [[Γιούργκεν Μάχο]], Αυστριακός ποδοσφαιριστής\n*[[1981]] - [[Τσαντ Μάικλ Μάρεϊ]], Αμερικανός ηθοποιός\n*[[1982]] - [[Ζοσέ Μποσίνγκουα]], Πορτογάλος ποδοσφαιριστής\n*[[1982]] - [[Κιμ Σέλστρεμ]], Σουηδός ποδοσφαιριστής\n*[[1988]] - [[Ρούπερτ Γκριντ]], Άγγλος ηθοποιός\n\n== Θάνατοι ==\n*[[842]] - [[Αυτοκράτορας Σάγκα|Σάγκα]], αυτοκράτορας της Ιαπωνίας\n*[[1042]] - [[Μιχαήλ Ε΄]], Βυζαντινός αυτοκράτορας\n*[[1313]] - [[Ερρίκος Ζ΄ του Λουξεμβούργου]], αυτοκράτορας της Αγίας Ρωμαϊκής Αυτοκρατορίας\n*[[1540]] - [[Παρμιτζανίνο]], Ιταλός καλλιτέχνης\n*[[1779]] - [[Κοσμάς ο Αιτωλός]], Έλληνας μοναχός\n*[[1883]] - [[Ερρίκος Ε΄ της Γαλλίας|Ερρίκος Ε΄]], βασιλιάς της Γαλλίας\n*[[1888]] - [[Ρούντολφ Κλαούζιους]], Γερμανός φυσικός\n*[[1895]] - [[Άλμπερτ Μάμερι]], Άγγλος ορειβάτης και συγγραφέας\n*[[1943]] - [[Σιμόν Βέιλ (φιλόσοφος)|Σιμόν Βέιλ]], Γαλλίδα φιλόσοφος\n*[[1951]] - [[Σάββας Παπαγρηγοριάδης]], Έλληνας πολιτικός\n*[[1957]] - [[Ευριπίδης Παπαδόπουλος]], Έλληνας πολιτικός\n*[[1961]] - [[Γκύντερ Λίτφιν]], Γερμανός ράφτης, το πρώτο πρόσωπο που πυροβολήθηκε στο [[Τείχος του Βερολίνου]]\n*[[1971]] - [[Καρλ Μπλέγκεν]], Αμερικανός αρχαιολόγος \n*[[1979]] - [[Χάνα Ράιτς]], Γερμανίδα πιλότος\n*[[1994]] - [[Ιωάννης Κοντοβράκης]], Έλληνας πολιτικός\n*[[1997]] - [[Νίκος Κρανιδιώτης]], Κύπριος διπλωμάτης και λογοτέχνης\n*[[2006]] - [[Τζέιμς Τέννι]], Αμερικανός συνθέτης\n*[[2010]] - [[Ειρήνη Μάρκου|Ειρήνη Μάρκου (Βοντορήνη)]], λαϊκή ποιήτρια\n*[[2010]] - [[Σατόσι Κον]], Ιάπωνας σκηνοθέτης\n*[[2012]] - [[Χάρης Ατματζίδης]], Έλληνας πολιτικός\n*[[2012]] - [[Πάουλι Έλεφσεν]], πρωθυπουργός των νήσων Φερόε\n*[[2012]] - [[Φέλιξ Μιέλι Βενεράντο]], Βραζιλιάνος ποδοσφαιριστής\n*[[2014]] - [[Ρίτσαρντ Ατένμπορο]], Άγγλος ηθοποιός\n*[[2015]] - [[Τζάστιν Γουίλσον]], Άγγλος οδηγός αγώνων\n*[[2022]] - [[Κάλλιστος Γουέαρ]] , Άγγλος ορθόδοξος προκαθήμενος και θεολόγος, μητροπολίτης Διοκλέας Φρυγίας \n\n== Αργίες και εορτές ==\n\n=== [[Ορθόδοξη Εκκλησία]] ===\n{{Πύλη:Ορθοδοξία/Εορτολόγιο/24 Αυγούστου}}{{Μήνες}}\n\n[[Κατηγορία:Ημέρες του έτους]]"}}}]}]}}