{"batchcomplete":true,"query":{"normalized":[{"fromencoded":false,"from":"24_Οκτωβρίου","to":"24 Οκτωβρίου"}],"pages":[{"pageid":3367,"ns":0,"title":"24 Οκτωβρίου","revisions":[{"slots":{"main":{"contentmodel":"wikitext","contentformat":"text/x-wiki","content":"{{Μήνες Οκτωβρίου}}\n\n<center>[[23 Οκτωβρίου]] | '''24 Οκτωβρίου''' | [[25 Οκτωβρίου]]</center>\n\n----\n{{ΗμερολόγιοΣεΠίνακα|10}}\nΗ '''24η Οκτωβρίου''' είναι η 297η ημέρα του έτους κατά το [[Γρηγοριανό ημερολόγιο]] (298η σε δίσεκτα έτη). Υπολείπονται 68 ημέρες.\n\n== Γεγονότα ==\n*[[1260]] - Εγκαινιάζεται ο [[Καθεδρικός Ναός της Σαρτρ]] υπό την παρουσία του βασιλιά [[Λουδοβίκος Θ΄ της Γαλλίας|Λουδοβίκου Θ΄ της Γαλλίας]]. Σήμερα ο ναός αποτελεί [[Μνημείο Παγκόσμιας Κληρονομιάς]] της [[Εκπαιδευτική Επιστημονική και Πολιτιστική Οργάνωση των Ηνωμένων Εθνών|UNESCO]].\n*[[1260]] - Ο [[Μαμελούκοι|Μαμελούκος]] σουλτάνος της [[Αίγυπτος|Αιγύπτου]], Κουτούζ, δολοφονείται από τον [[Μπαϊμπάρ]], ο οποίος καταλαμβάνει την εξουσία.\n*[[1360]] - Επικυρώνεται στο [[Καλαί]] η Συνθήκη του Μπρετινί, σηματοδοτώντας το τέλος της πρώτης φάσης του [[Εκατονταετής Πόλεμος|Εκατονταετούς Πολέμου]].\n*[[1648]] - Υπογράφεται η [[Συνθήκη της Βεστφαλίας]], σηματοδοτώντας το τέλος του [[Τριακονταετής Πόλεμος|Τριακονταετούς Πολέμου]].\n*[[1795]] - Διαμελισμός της [[Πολωνία]]ς: η [[Πολωνο-Λιθουανική Κοινοπολιτεία]] κατανέμεται πλήρως μεταξύ της [[Αυστρία]]ς, της [[Πρωσία]]ς και της [[Ρωσία]]ς.\n*[[1812]] - [[Ναπολεόντειοι Πόλεμοι]]: Λαμβάνει χώρα η [[μάχη του Μαλογιαροσλάβετς]] κοντά στη [[Μόσχα]].\n*[[1851]] - Ο [[Ουίλιαμ Λάσελ]] ανακαλύπτει δύο δορυφόρους του πλανήτη [[Ουρανός (πλανήτης)|Ουρανού]]: τον [[Άριελ (δορυφόρος)|Άριελ]] και τον [[Ουμβριήλ (δορυφόρος)|Ουμβριήλ]].\n*[[1857]] - Ιδρύεται στο [[Σέφιλντ]] της [[Αγγλία]]ς η [[Σέφιλντ Φ.Κ.]], το παλαιότερο στον κόσμο ποδοσφαιρικό σωματείο που είναι ακόμα ενεργό.\n*[[1861]] - Ολοκληρώνεται η πρώτη διηπειρωτική τηλεγραφική γραμμή στις [[Η.Π.Α.]], σηματοδοτώντας το τέλος του Πόνυ Εξπρές.   \n*[[1912]] - [[Α΄ Βαλκανικός πόλεμος]]: η μάχη του [[Κουμάνοβο]] λήγει με νίκη του [[Βασίλειο της Σερβίας|σερβικού]] στρατού εναντίον της [[Οθωμανική Αυτοκρατορία|Οθωμανικής Αυτοκρατορίας]].\n*[[1917]] - Αρχίζει η [[μάχη του Καπορέττο]], στην οποία η [[Ιταλία]] θα υποστεί καταστροφική ήττα από τις δυνάμεις της [[Αυστροουγγαρία|Αυστροουγγαρίας]] και της [[Γερμανία]]ς στο αυστρο-ιταλικό μέτωπο του [[Α΄ Παγκόσμιος Πόλεμος|Α΄ Παγκοσμίου Πολέμου]].\n*[[1926]] - Ο [[Χάρρυ Χουντίνι]] πραγματοποιεί στο [[Ντιτρόιτ]] την τελευταία του παράσταση.\n*[[1929]] - [[Κραχ της Γουόλ Στριτ (1929)|«Μαύρη Πέμπτη»]]: Κραχ στο [[χρηματιστήριο της Νέας Υόρκης]]. \n*[[1944]] - [[Β΄ Παγκόσμιος Πόλεμος]]: Το [[Ιαπωνία|ιαπωνικό]] αεροπλανοφόρο ''Ζουικάκου'' και το ιαπωνικό θωρηκτό [[Μουσάσι (θωρηκτό)|''Μουσάσι'']] βυθίζονται από [[Ηνωμένες Πολιτείες Αμερικής|αμερικανικά]] αεροσκάφη στη ναυμαχία του κόλπου Λέυτε.\n*[[1945]] - Ιδρύεται ο [[Οργανισμός Ηνωμένων Εθνών]].\n*[[1960]] - [[Βαλλιστικός πύραυλος]] εκρήγνυται στην εξέδρα εκτόξευσης του [[Κοσμοδρόμιο του Μπαϊκονούρ|κοσμοδρομίου του Μπαϊκονούρ]] στη [[Ένωση Σοβιετικών Σοσιαλιστικών Δημοκρατιών|Σοβιετική Ένωση]], σκοτώνοντας 78 άτομα (σύμφωνα με άλλες πηγές 92-126 άτομα).  \n*[[1961]] - Επικυρώνεται στη [[Βόννη]] η ελληνογερμανική συμφωνία για τις γερμανικές αποζημιώσεις των θυμάτων των ναζί στην [[Ελλάδα]]. Το ποσό θα ανέλθει στα 28.700.000 δολάρια.\n*[[1963]] - Την παρασκευή συνθετικής ουσίας, συγγενούς προς την [[ινσουλίνη]], από ομάδα ερευνητών με επικεφαλής το δρα [[Παναγιώτης Κατσογιάννης|Παναγιώτη Κατσογιάννη]], υφηγητή της Βιοχημείας στην Ιατρική Σχολή του Πανεπιστημίου του Πίτσμπουργκ, ανακοινώνουν εκπρόσωποι του πανεπιστημίου.\n*[[1963]] - «Για το υπέροχο λυρικό ύφος του, που είναι εμπνευσμένο από ένα βαθύ αίσθημα για το ελληνικό πολιτιστικό ιδεώδες», η [[Σουηδική Ακαδημία]] τιμά τον [[Γιώργος Σεφέρης|Γιώργο Σεφέρη]] με το [[βραβείο Νόμπελ Λογοτεχνίας]].\n*[[1964]] - Η Βόρεια Ροδεσία αποκτά την ανεξαρτησία της από το [[Ηνωμένο Βασίλειο]] και μετονομάζεται σε [[Ζάμπια]]. Η Νότια Ροδεσία παρέμεινε αποικία μέχρι το επόμενο έτος οπότε και προέβη σε μονομερή δήλωση ανεξαρτησίας.\n*[[1970]] - Ο [[Έλληνες|Έλληνας]] πρωταθλητής του [[Άλμα επί κοντώ|άλματος επί κοντώ]] [[Χρήστος Παπανικολάου]] καταρρίπτει το παγκόσμιο ρεκόρ πηδώντας 5 μ. και 49 εκ. στο [[Στάδιο Γεώργιος Καραϊσκάκης]].\n*[[1990]] - Ο [[Ιταλία|Ιταλός]] πρωθυπουργός [[Τζούλιο Αντρεότι]] αποκαλύπτει στο ιταλικό κοινοβούλιο την ύπαρξη της [[Επιχείρηση Gladio|Gladio]], της μυστικής παραστρατιωτικής επιχείρησης του [[ΝΑΤΟ]], η οποία είχε εμπλακεί σε ψεύτικες τρομοκρατικές επιθέσεις ενοχοποιώντας κομμουνιστές και αναρχικούς, ως μέρος της στρατηγικής της έντασης από τα τέλη της δεκαετίας του 1960 έως τις αρχές της δεκαετίας του 1980.    \n\n== Γεννήσεις ==\n*[[51]] - [[Δομιτιανός]], Ρωμαίος αυτοκράτορας\n*[[1378]] - [[Δαυίδ Στιούαρτ]], δούκας του Ροδεσέι\n*[[1607]] - [[Γιαν Λίφενς]], Ολλανδός καλλιτέχνης\n*[[1632]] - [[Άντον φαν Λέβενχουκ]], Ολλανδός μικροβιολόγος\n*[[1633]] - [[Ιάκωβος Β΄ της Αγγλίας|Ιάκωβος Β΄]], βασιλιάς της Αγγλίας\n*[[1804]] - [[Βίλχελμ Βέμπερ]], Γερμανός φυσικός\n*[[1891]] - [[Άρθουρ Έντισον]], Αμερικανός κινηματογραφιστής\n*[[1897]] - [[Βίλεμ Σάντμπεργκ]], Ολλανδός τυπογράφος\n*[[1908]] - [[Τζων Τούζο Γουίλσον]], Καναδός γεωφυσικός\n*[[1912]] - [[Χέρμαν Γκραφ]], Γερμανός πιλότος\n*[[1932]] - [[Πιερ-Ζιλ ντε Ζεν]], Γάλλος φυσικός\n*[[1943]] - [[Τεοντόρ Στολόγιαν]], Ρουμάνος πολιτικός\n*[[1946]] - [[Καίτη Χωματά]], Ελληνίδα τραγουδίστρια\n*[[1956]] - [[Ντέιβιντ Στεργάκος]], Έλληνας καλαθοσφαιριστής\n*[[1963]] - [[Ροσάνα Αρμπέλο]], Ισπανίδα τραγουδοποιός\n*[[1970]] - [[Νατάσα Θεοδωρίδου]], Ελληνίδα τραγουδίστρια\n*[[1974]] - [[Γκάμπορ Μπάμπος]], Ούγγρος ποδοσφαιριστής\n*[[1977]] - [[Ιβάν Καβιέδες]], ποδοσφαιριστής από τον Ισημερινό\n*[[1985]] - [[Γουέιν Ρούνεϊ]], Άγγλος ποδοσφαιριστής\n*[[1986]] - [[Drake (Ράπερ)|Drake]], Καναδός ηθοποιός και ράπερ\n*[[1989]] - [[Σενέ Γκράιμς]], Καναδή ηθοποιός\n*[[1989]] - [[Φίλιξ Κέλμπεργκ]], Σουηδός κωμικός\n*[[1994]] - [[Άρης Τσάπης]], Έλληνας ηθοποιός\n*[[2000]] - [[Δημήτρης Εμμανουηλίδης (ποδοσφαιριστής)|Δημήτρης Εμμανουηλίδης]], Έλληνας ποδοσφαιριστής\n\n== Θάνατοι ==\n*[[996]] - [[Ούγος Καπέτος]], βασιλιάς της Γαλλίας\n*[[1375]] - [[Βάλντεμαρ Δ΄ της Δανίας|Βάλντεμαρ Δ']], βασιλιάς της Δανίας\n*[[1517]] - [[Μάρκος Μουσούρος]], Έλληνας εκδότης\n*[[1535]] - [[Φραγκίσκος Β΄ Σφόρτσα]], δούκας του Μιλάνου\n*[[1537]] - [[Τζέιν Σίμουρ]], βασίλισσα της Αγγλίας\n*[[1579]] - [[Αλβέρτος Ε΄ της Βαυαρίας|Αλβέρτος Ε΄]], δούκας της Βαυαρίας\n*[[1601]] - [[Τύχο Μπράχε]], Δανός αστρονόμος\n*[[1607]] - [[Γιαν Λίβενς]], Ολλανδός ζωγράφος\n*[[1655]] - [[Πιερ Γκασσεντί]], Γάλλος φιλόσοφος, μαθηματικός και επιστήμονας\n*[[1725]] - [[Αλεσσάντρο Σκαρλάττι]], Ιταλός συνθέτης\n*[[1842]] - [[Μπερνάρδο Ο' Χίγκινς]], Χιλιανός ηγέτης\n*[[1862]] - [[Θεόδωρος Γρίβας]], Έλληνας αγωνιστής\n*[[1866]] - [[Φερδινάνδος Έσσλιν]], Έλληνας αγωνιστής\n*[[1891]] - [[Ελένη Αρχιγένους]], Ελληνίδα λόγια\n*[[1922]] - [[Ανδρέας Καρκαβίτσας]], Έλληνας συγγραφέας\n*[[1945]] - [[Βίντκουν Κουίσλιγκ]], Νορβηγός στρατιωτικός και πολιτικός\n*[[1948]] - [[Φραντς Λέχαρ]], Αυστριακός συνθέτης\n*[[1957]] - [[Κριστιάν Ντιόρ]], Γάλλος σχεδιαστής μόδας\n*[[1974]] - [[Βασίλειος Ι. Βύζας]], Έλληνας πολιτικός\n*[[1976]] - [[Γεώργιος Οστρογκόρσκι]], Ρώσος βυζαντινολόγος\n*[[1979]] - [[Κρίτων Αθανασούλης]], Έλληνας ποιητής\n*[[1981]] - [[Ευριπίδης Πισιώτης]], Έλληνας πολιτικός\n*[[1991]] - [[Τζιν Ροντένμπερρι]], Αμερικανός τηλεοπτικός παραγωγός\n*[[1994]] - [[Ραούλ Τζούλια]], Πορτορικανός ηθοποιός\n*[[1995]] - [[Δημήτρης Μαρούδας]], Έλληνας δημοσιογράφος και πολιτικός\n*[[2001]] - [[Γιαρόμιλ Γιρίς]], Τσεχοσλοβάκος σκηνοθέτης\n*[[2004]] - [[Κωνσταντίνος Τούντας]], Έλληνας ιατρός\n*[[2005]] - [[Ρόζα Παρκς]], Αμερικανίδα ακτιβίστρια\n*[[2006]] - [[Μπρούνο Λάουζι]], Ιταλός τραγουδοποιός\n*[[2008]] - [[Χέλμουτ Τσιλκ]], Αυστριακός πολιτικός\n*[[2010]] - [[Καίτη Χωματά]], Ελληνίδα τραγουδίστρια\n*[[2016]] - [[Γεώργιος Λαμπρινάκος]], Έλληνας πολιτικός\n*[[2017]] - [[Ρόμπερτ Γκιγιόμ]], Αμερικανός ηθοποιός\n*2021-[[wikidata:Q471801|Τζέιμς Μάικλ Τάιλερ]] Αμερικανός ηθοποιός \n\n== Αργίες και εορτές ==\n* Ημέρα του [[Ο.Η.Ε.]]\n* Παγκόσμια Ημέρα Ακτών\n\n=== [[Ορθόδοξη Εκκλησία]] ===\n{{Πύλη:Ορθοδοξία/Εορτολόγιο/24 Οκτωβρίου}}\n\n{{Μήνες}}\n\n[[Κατηγορία:Ημέρες του έτους]]"}}}]}]}}