{"batchcomplete":true,"query":{"normalized":[{"fromencoded":false,"from":"24_Ιουνίου","to":"24 Ιουνίου"}],"pages":[{"pageid":1949,"ns":0,"title":"24 Ιουνίου","revisions":[{"slots":{"main":{"contentmodel":"wikitext","contentformat":"text/x-wiki","content":"{{Μήνες Ιουνίου}}\n\n<center>[[23 Ιουνίου]] | '''24 Ιουνίου''' | [[25 Ιουνίου]]</center>\n\n----\nΗ '''24η Ιουνίου''' είναι η 175η ημέρα του έτους κατά το [[Γρηγοριανό ημερολόγιο]] (176η σε δίσεκτα έτη). Υπολείπονται 190 ημέρες.\n\n{{ΗμερολόγιοΣεΠίνακα|6}}\n\n== Γεγονότα ==\n*[[217 π.Χ.]] - Οι [[Αρχαία Ρώμη|Ρωμαίοι]], με επικεφαλής τον [[Γάιος Φλαμίνιος Νέπος|Γάιο Φλαμίνιο Νέπο]], πέφτουν σε ενέδρα και ηττώνται από τον [[Αννίβας|Αννίβα]] στη [[μάχη της λίμνης Τρασιμένης]].  \n*[[109]] - Ο [[Ρωμαϊκή Αυτοκρατορία|Ρωμαίος αυτοκράτορας]] [[Τραϊανός]] εγκαινιάζει το υδραγωγείο Aqua Traiana, το οποίο μεταφέρει νερό από τη λίμνη Μπρατσιάνο, 40 χιλιόμετρα βορειοδυτικά της [[Αρχαία Ρώμη|Ρώμης]]. \n*[[972]] - Λαμβάνει χώρα η μάχη της Τσεντίνια, όπου καταγράφεται η πρώτη τεκμηριωμένη νίκη των [[Πολωνία|πολωνικών]] δυνάμεων.\n*[[1128]] - Μάχη του Σάο Μαμέντε, κοντά στη [[Γκιμαράες]]: Οι δυνάμεις του [[Αλφόνσος Α΄ της Πορτογαλίας|Αλφόνσου Α΄]] νικούν τις δυνάμεις της μητέρας του, [[Θηρεσία του Λεόν (1080-1130)|Θηρεσίας]]. Μετά τη μάχη, ο μελλοντικός βασιλιάς αποκαλεί τον εαυτό του «πρίγκιπα της Πορτογαλίας», γεγονός που αποτελεί το πρώτο βήμα προς την «επίσημη ανεξαρτησία» που θα λάβει χώρα το [[1139]] μετά τη [[μάχη του Ουνρίκε]].\n*[[1230]] - [[Χριστιανική ανακατάκτηση της Ιβηρικής χερσονήσου]]: Αρχίζει η πολιορκία της [[Χαέν]]. \n*[[1314]] - Ολοκληρώνεται η μάχη του Μπάνοκμπερν με αποφασιστική νίκη των [[Σκωτία|σκωτσέζικων]] δυνάμεων του [[Ροβέρτος Α΄ της Σκωτίας|Ροβέρτου Α΄]], αν και η [[Βασίλειο της Αγγλίας|Αγγλία]] δεν αναγνώρισε την ανεξαρτησία της Σκωτίας παρά το [[1328]].\n*[[1340]] - [[Εκατονταετής Πόλεμος]]: Ναυμαχία του Σλόιζ. Ο [[Γαλλία|γαλλικός]] στόλος καταστρέφεται σχεδόν ολοσχερώς από τον [[Αγγλία|αγγλικό]] στόλο που διοικεί αυτοπροσώπως ο βασιλιάς [[Εδουάρδος Γ΄ της Αγγλίας]].\n*[[1374]] - Ένα ξαφνικό ξέσπασμα χορευτικής μανίας κάνει τους ανθρώπους στους δρόμους του [[Άαχεν]] να βιώσουν παραισθήσεις και να αρχίσουν να πηδούν και να συσπώνται ανεξέλεγκτα μέχρι να καταρρεύσουν από εξάντληση.\n*[[1497]] - Ο [[Τζοβάννι Καμπότο]] αποβιβάζεται στη [[Βόρεια Αμερική]], στη [[Νέα Γη]], ηγούμενος της πρώτης [[Ευρώπη|ευρωπαϊκής]] εξερεύνησης της περιοχής από την εποχή των [[Βίκινγκ]].\n*[[1509]] - Ο [[Ερρίκος Η΄ της Αγγλίας|Ερρίκος Η΄]] και η [[Αικατερίνη της Αραγονίας]] στέφονται βασιλιάς και βασίλισσα της [[Αγγλία]]ς.\n*[[1571]] - Ο Μιγκέλ Λόπεθ ντε Λεγκάθπι ορίζει τη [[Μανίλα]] πρωτεύουσα των [[Φιλιππίνες|Φιλιππίνων]].\n*[[1717]] - Ιδρύεται στο [[Λονδίνο]] η Μεγάλη Στοά του Λονδίνου και του Γουεστμίνστερ, η πρώτη [[Ελευθεροτεκτονισμός|μασονική]] [[Μεγάλη Στοά]] στον κόσμο (σήμερα Ηνωμένη Μεγάλη Στοά της Αγγλίας).\n*[[1812]] - [[Ναπολεόντειοι Πόλεμοι]]: Η Μεγάλη Στρατιά του [[Ναπολέων Α΄ της Γαλλίας|Ναπολέοντα]] διασχίζει τον ποταμό Νιέμεν ξεκινώντας τη [[γαλλική εισβολή στη Ρωσία]].\n*[[1821]] - Λαμβάνει χώρα η μάχη του Καραμπομπό. Είναι η αποφασιστική μάχη στον πόλεμο της ανεξαρτησίας της [[Βενεζουέλα]]ς από την [[Ισπανία]]. \n*[[1827]] - [[Μάχη στο Μέγα Σπήλαιο (1827)|Μάχη στο Μέγα Σπήλαιο]]: Οι [[Έλληνες]] νικούν το στρατό του [[Ιμπραήμ Πασάς|Ιμπραήμ]] στη [[Μονή Μεγάλου Σπηλαίου]] στα [[Καλάβρυτα]].\n*[[1859]] - Μάχη του [[Σολφερίνο]]: Οι δυνάμεις της [[Σαρδηνία]]ς και της [[Γαλλία]]ς νικούν τους [[Αυστρία|Αυστριακούς]] στο Σολφερίνο, στη βόρεια [[Ιταλία]].\n*[[1880]] - Παρουσιάζεται για πρώτη φορά το ''[[Εθνικός ύμνος του Καναδά|Ο Canada]]'', το τραγούδι που θα γίνει αργότερα ο εθνικός ύμνος του [[Καναδάς|Καναδά]].\n*[[1902]] - Ο βασιλιάς [[Εδουάρδος Ζ΄ του Ηνωμένου Βασιλείου]] αναβάλλει τη στέψη του λόγω [[Σκωληκοειδίτιδα|σκωληκοειδίτιδας]]. \n*[[1916]] - Η [[Μαίρη Πίκφορντ]] γίνεται η πρώτη γυναίκα ηθοποιός του κινηματογράφου που υπογράφει συμβόλαιο ενός εκατομμυρίου δολαρίων. \n*[[1938]] - Προσγειώνονται στην [[Πενσυλβάνια]] κομμάτια ενός [[Μετεωρίτης|μετεωρίτη]], που εκτιμάται ότι ζύγιζε 450 [[Τόνος (μονάδα μέτρησης)|τόνους]] όταν μπήκε στην [[ατμόσφαιρα της Γης]] και εξερράγη. \n*[[1939]] - Το Σιάμ μετονομάζεται σε [[Ταϊλάνδη]].\n*[[1947]] - Ο [[Κένεθ Άρνολντ]] κάνει την πρώτη ευρέως αναφερόμενη μαρτυρία [[ΑΤΙΑ]] κοντά στο [[όρος Ρενιέρ]] στην [[Ουάσινγκτον (πολιτεία)|πολιτεία Ουάσινγκτον]].\n* [[2010]] - [[Ελλάδα]], τοπική ώρα 20:10, έκρηξη ταχυδρομικής βόμβας στο υπουργικό γραφείο του υπουργού Προστασίας του Πολίτη [[Μιχάλης Χρυσοχοΐδης|Μιχάλη Χρυσοχοΐδη]], στο Μέγαρο Κατεχάκη είχε θύμα τον εξ απορρήτων αξιωματικό υπασπιστή του 52χρονο Γ. Βασιλάκη.\n* [[2016]] - Ανακοίνωση της εξόδου της Βρετανίας από την [[Ευρωπαϊκή Ένωση]], καθώς το Brexit κέρδισε με διαφορά περίπου 1,3 εκατομμυρίων ψήφων σε δημοψήφισμα, προκαλώντας πτώση στα χρηματιστήρια.\n\n== Γεννήσεις ==\n*[[6 π.Χ.]]  - [[Ιωάννης ο Βαπτιστής]]\n*[[1242]] - [[Βεατρίκη της Αγγλίας]], κόμισσα του Ρίτσμοντ\n*[[1244]] - [[Ερρίκος Α΄ της Έσσης|Ερρίκος Α΄]], λάντγραβος της Έσσης\n*[[1293]] - [[Ιωάννα της Βουργουνδίας]], βασίλισσα της Γαλλίας\n*[[1314]] - [[Φιλίππη του Αινώ]], βασίλισσα της Αγγλίας\n*[[1340]] - [[Ιωάννης της Γάνδης]], 1ος δούκας του Λάνκαστερ\n*[[1532]] - [[Γουλιέλμος Δ΄ της Έσσης-Κάσσελ|Γουλιέλμος Δ΄]], λάντγκραβος της Έσσης-Κάσσελ\n*[[1532]] - [[Ρόμπερτ Ντάντλεϊ, 1ος Κόμης του Λέστερ]]\n*[[1616]] - [[Φέρντιναντ Μπολ]], Ολλανδός ζωγράφος\n*[[1694]] - [[Ζαν-Ζακ Μπουρλαμακί]], Ελβετός συγγραφέας\n*[[1745]] - [[Ιωάννης Βαρβάκης]], Έλληνας ευεργέτης\n*[[1770]] - [[Άλμπρεχτ Μπέρμπλινγκερ]], Γερμανός εφευρέτης\n*[[1850]] - [[Χέρμπερτ Κίτσενερ, 1ος κόμης Κίτσενερ]], Βρετανός στρατάρχης\n*[[1869]] - [[Γεώργιος της Ελλάδας|Γεώργιος]], πρίγκιπας της Ελλάδας\n*[[1883]] - [[Βίκτορ Φραντς Ες]], Αυστριακός φυσικός\n*[[1888]] - [[Γκέριτ Τόμας Ρίτβελντ]], Ολλανδός αρχιτέκτονας\n*[[1895]] - [[Τζακ Ντέμπσι]], Αμερικανός πυγμάχος\n*[[1898]] - [[Λέλα Καραγιάννη]], Ελληνίδα αντιστασιακός\n*[[1901]] - [[Χάρυ Παρτς]], Αμερικανός συνθέτης\n*[[1911]] - [[Ερνέστο Σάμπατο]], Αργεντινός συγγραφέας\n*[[1911]] - [[Χουάν Μανουέλ Φάντζιο]], Αργεντινός οδηγός αγώνων\n*[[1915]] - [[Φρεντ Χόυλ]], Άγγλος αστρονόμος και συγγραφέας\n*[[1916]] - [[Μητροπολίτης Νικαίας Γεώργιος]]\n*[[1924]] - [[Βιργινία Τσουδερού]], Ελληνίδα πολιτικός\n*[[1928]] - [[Θωμάς Υψηλάντης]], Αμερικανός φυσικός\n*[[1931]] - [[Γκαστόν Φλος]], πρόεδρος της Γαλλικής Πολυνησίας\n*[[1937]] - [[Ρέντζο Άρμπορε]], Ιταλός τραγουδιστής, σκηνοθέτης και ηθοποιός\n*[[1942]] - [[Κόλιν Γκρόουβς]], Άγγλος βιολόγος\n*[[1945]] - [[Τζορτζ Πατάκι]], Αμερικανός δικηγόρος και πολιτικός \n*[[1958]] - [[Ζαν Σαρέ]], Καναδός πολιτικός\n*[[1970]] - [[Γκλεν Μεντέιρος]], Αμερικανός τραγουδιστής \n*[[1977]] - [[Δήμος Ντικούδης]], Έλληνας καλαθοσφαιριστής\n*[[1978]] - [[Παντελής Καφές]], Έλληνας ποδοσφαιριστής\n*[[1978]] - [[Μίκαελ Νίλσον]], Σουηδός ποδοσφαιριστής\n*[[1982]] - [[Κέβιν Νόλαν]], Άγγλος ποδοσφαιριστής\n*[[1986]] - [[Βίλιγια Ματατσιουναϊτέ]], Λιθουανή τραγουδίστρια\n*[[1987]] - [[Λιονέλ Μέσι]], Αργεντινός ποδοσφαιριστής\n*[[1988]] - [[Κάντις Πάτον]], Αμερικανίδα ηθοποιός\n\n== Θάνατοι ==\n*[[217 π.Χ.]] - [[Γάιος Φλαμίνιος Νέπος]], Ρωμαίος ύπατος και στρατιωτικός\n*[[1241]] - [[Ιβάν Ασέν Β΄]], τσάρος της Βουλγαρίας\n*[[1253]] - [[Αμεδαίος Δ΄ της Σαβοΐας|Αμεδαίος Δ΄]], κόμης της Σαβοΐας\n*[[1407]] - [[Θεόδωρος Α΄ Παλαιολόγος]], δεσπότης του Μυστρά \n*[[1439]] - [[Φρειδερίκος Δ΄ της Αυστρίας|Φρειδερίκος Δ΄]], δούκας της Αυστρίας\n*[[1519]] - [[Λουκρητία Βοργία]], δούκισσα της Φερράρας\n*[[1640]] - [[Κύριλλος Β΄ Κονταρής]], Πατριάρχης Κωνσταντινουπόλεως\n*[[1768]] - [[Μαρία Λεστσίνσκα]], βασίλισσα της Γαλλίας\n*[[1798]] - [[Ιωάννης Εμμανουήλ]], Έλληνας αγωνιστής\n*[[1798]] - [[Ρήγας Φεραίος]], Έλληνας συγγραφέας και επαναστάτης\n*[[1908]] - [[Γκρόβερ Κλίβελαντ]], 22ος και 24ος πρόεδρος των Η.Π.Α.\n*[[1920]] - [[Γεώργιος Χρηστάκης - Ζωγράφος]], Έλληνας πολιτικός\n*[[1935]] - [[Κάρλος Γαρδέλ]], Αργεντινός τραγουδιστής και ηθοποιός\n*[[1949]] - [[Θεμιστοκλής Σοφούλης]], Έλληνας πολιτικός\n*[[2000]] - [[Ντέιβιντ Τόμλινσον]], Άγγλος ηθοποιός\n*[[2007]] - [[Κρις Μπενουά]], Καναδός παλαιστής\n*[[2012]] - [[Γκαντ Μπεκ]], Γερμανός συγγραφέας\n*[[2014]] - [[Ίλαϊ Γουάλας]], Αμερικανός ηθοποιός\n\n== Αργίες και εορτές ==\n\n=== [[Ορθόδοξη Εκκλησία]] ===\n{{Πύλη:Ορθοδοξία/Εορτολόγιο/24 Ιουνίου}}\n\n{{Μήνες}}\n\n[[Κατηγορία:Ημέρες του έτους]]"}}}]}]}}