{"batchcomplete":true,"query":{"normalized":[{"fromencoded":false,"from":"24_Μαρτίου","to":"24 Μαρτίου"}],"pages":[{"pageid":1546,"ns":0,"title":"24 Μαρτίου","revisions":[{"slots":{"main":{"contentmodel":"wikitext","contentformat":"text/x-wiki","content":"{{χωρίς παραπομπές|31|03|2004}}\n\n{{Μήνες Μαρτίου}}\n\n<center>[[23 Μαρτίου]] | '''24 Μαρτίου''' | [[25 Μαρτίου]]</center>\n\n----\nΗ '''24η Μαρτίου''' είναι η 83η ημέρα του έτους κατά το [[Γρηγοριανό ημερολόγιο]] (84η σε δίσεκτα έτη). Υπολείπονται 282 ημέρες.\n\n{{ΗμερολόγιοΣεΠίνακα|3}}\n\n== Γεγονότα ==\n*[[1401]] - Ο [[Ταμερλάνος]] καταλαμβάνει τη [[Δαμασκός|Δαμασκό]].\n*[[1603]] - Ο [[Ιάκωβος Α΄ και ΣΤ΄ της Αγγλίας και της Σκωτίας|Ιάκωβος ΣΤ΄ της Σκωτίας]] γίνεται ο βασιλιάς Ιάκωβος Α΄ της [[Αγγλία]]ς και της [[Ιρλανδία]]ς, μετά το θάνατο της [[Ελισάβετ Α΄ της Αγγλίας]].\n*[[1603]] - Ο [[Τοκουγκάβα Ιεγιάσου]] γίνεται [[σόγκουν]] από τον αυτοκράτορα Γκο-Γιοζέι και ιδρύει το [[Σογκουνάτο Τοκουγκάβα]] στο [[Έντο]], [[Ιαπωνία]].\n*[[1720]] - Ο [[Φρειδερίκος της Σουηδίας|Φρειδερίκος]] εκλέγεται βασιλιάς της [[Σουηδία]]ς.\n*[[1721]] - Ο [[Γιόχαν Σεμπάστιαν Μπαχ]] αφιερώνει έξι [[Κοντσέρτο|κοντσέρτα]] στον [[Μαργράβος|μαργράβο]] του [[Βρανδεμβούργο]]υ Κρίστιαν Λούντβιχ, τα οποία αποκαλούνται σήμερα [[Βρανδεμβούργια Κοντσέρτα]], BWV 1046–1051.\n*[[1765]] - Το [[Βασίλειο της Μεγάλης Βρετανίας]] εγκρίνει νομοσχέδιο, το οποίο απαιτεί από τις [[Δεκατρείς Αποικίες]] να στεγάσουν τα βρετανικά στρατεύματα.\n*[[1794]] - Στην [[Κρακοβία]], ο [[Ταντέους Κοσιούσκο]] αναγγέλλει [[Εξέγερση Κοσιούσκο|γενική εξέγερση]] εναντίον της [[Ρωσική Αυτοκρατορία|Ρωσικής Αυτοκρατορίας]] και του [[Βασίλειο της Πρωσίας|Βασιλείου της Πρωσίας]] και αναλαμβάνει τις εξουσίες του αρχηγού όλων των [[Πολωνία|πολωνικών]] δυνάμεων.\n*[[1832]] - Στο [[Οχάιο]], μία ομάδα ανδρών κτυπάει και αλείφει με πίσσα και φτερά τον ηγέτη των [[Μορμόνοι|Μορμόνων]] [[Τζόζεφ Σμιθ]].\n*[[1854]] - Καταργείται η δουλεία στη [[Βενεζουέλα]].\n*[[1882]] - Ο [[Ρόμπερτ Κοχ]] ανακοινώνει την ανακάλυψη του ''Mycobacterium tuberculosis'', του [[Βακτήριο|βακτήριου]] που είναι υπεύθυνο για τη [[φυματίωση]].\n*[[1896]] - Ο [[Αλέξανδρος Ποπόφ]] κάνει την πρώτη μετάδοση ραδιοφωνικών σημάτων στην ιστορία.\n*[[1900]] - Ξεκινάει η κατασκευή της νέας γραμμής του [[Μετρό Νέας Υόρκης|μετρό της Νέας Υόρκης]] που θα συνδέει το [[Μανχάταν]] με το [[Μπρούκλιν]].\n*[[1927]] - [[Μεγάλη Βρετανία|Βρετανικά]] και [[Ηνωμένες Πολιτείες Αμερικής|αμερικανικά]] πολεμικά πλοία βομβαρδίζουν τη [[Ναντσίνγκ]] στην [[Λαϊκή Δημοκρατία της Κίνας|Κίνα]], για να υπερασπιστούν τους ξένους πολίτες στο εσωτερικό της πόλης.\n*[[1934]] - Το [[Κογκρέσο των Ηνωμένων Πολιτειών]] ψηφίζει νόμο που επιτρέπει τις [[Φιλιππίνες]] να καταστούν αυτοδιοίκητη κοινοπολιτεία.\n*[[1944]] - [[Ναζιστική Γερμανία|Γερμανικά]] στρατεύματα δολοφονούν 335 [[Ιταλία|Ιταλούς]] αμάχους στη [[Ρώμη]].\n*[[1958]] - Ο [[Έλβις Πρίσλεϊ]] κατατάσσεται στον [[Ηνωμένες Πολιτείες Αμερικής|αμερικανικό]] στρατό.\n*[[1965]] - Το διαστημικό σκάφος της [[NASA]] [[Ranger 9]], που είναι εξοπλισμένο για να μετατρέψει τα σήματά του σε φόρμα κατάλληλη για προβολή στην τηλεόραση, μεταφέρει στα σπίτια εικόνες της [[Σελήνη]]ς πριν τη συντριβή του.\n*[[1973]] - Ο φοιτητής της στρατιωτικής σχολής [[Θεσσαλονίκη]]ς Γεώργιος Παπαγιάννης ρίπτεται από ταράτσα πολυκατοικίας από αγνώστους και σκοτώνεται ενώ οι δικτατορικές αρχές το παρουσίασαν ως αυτοκτονία.\n*[[1976]] - Στην [[Αργεντινή]], οι ένοπλες δυνάμεις ανατρέπουν τη συνταγματική κυβέρνηση της προέδρου [[Ισαμπέλ Περόν]] και αρχίζουν μία 7ετή δικτατορική περίοδο αυτοαποκαλούμενη ως Διαδικασία Εθνικής Αναδιοργάνωσης. Από το [[2006]], η ημέρα αυτή αποτελεί αργία ως Ημέρα Μνήμης για την Αλήθεια και τη Δικαιοσύνη. \n*[[1993]] - Ανακαλύπτεται ο κομήτης [[Σουμέηκερ-Λέβυ 9]].\n\n== Γεννήσεις ==\n*[[1441]] - [[Ερνέστος της Σαξονίας|Ερνέστος]], εκλέκτορας της Σαξονίας\n*[[1494]] - [[Γκεόργκιους Αγκρικόλα]], Γερμανός λόγιος και επιστήμονας\n*[[1579]] - [[Τίρσο δε Μολίνα]], Ισπανός συγγραφέας\n*[[1681]] - [[Γκέοργκ Φίλιπ Τέλεμαν]], Γερμανός συνθέτης\n*[[1733]] - [[Τζόζεφ Πρίστλυ]], Άγγλος θεολόγος\n*[[1809]] - [[Ζοζέφ Λιουβίλ]], Γάλλος μαθηματικός\n*[[1835]] - [[Γιόζεφ Στέφαν]], Σλοβένος φυσικός\n*[[1874]] - [[Χάρρυ Χουντίνι]], Ούγγρος μάγος\n*[[1893]] - [[Βάλτερ Μπάαντε]], Γερμανός αστρονόμος\n*[[1897]] - [[Βίλχελμ Ράιχ]], Αυστριακός ψυχαναλυτής\n*[[1915]] - [[Γκόρτζεους Τζορτζ]], Αμερικανός παλαιστής\n*[[1917]] - [[Κωνσταντίνος Ανδρέου]], Έλληνας καλλιτέχνης\n*[[1919]] - [[Λόρενς Φερλινγκέτι]], Αμερικανός συγγραφέας και εκδότης\n*[[1921]] - [[Βασίλι Σμισλόφ]], Ρώσος σκακιστής\n*[[1926]] - [[Ντάριο Φο]], Ιταλός συγγραφέας\n*[[1930]] - [[Στηβ ΜακΚουήν]], Αμερικανός ηθοποιός\n*[[1935]] - [[Άντζελα Ζήλεια]], Ελληνίδα ηθοποιός και τραγουδίστρια\n*[[1938]] - [[Ντέιβιντ Ίρβινγκ]], Βρετανός συγγραφέας\n*[[1944]] - [[Βόισλαβ Κοστούνιτσα]], Σέρβος πολιτικός\n*[[1945]] - [[Ρόμπερτ Μπάκερ]], Αμερικανός παλαιοντολόγος\n*[[1946]] - [[Κλάους Ντίνγκερ]], Γερμανός μουσικός ([[Neu!]] και [[Kraftwerk]])\n*[[1947]] - [[Μέικο Κάτζι]], Γιαπωνέζα τραγουδίστρια και ηθοποιός\n*[[1951]] - [[Τόμι Χιλφίγκερ]], Αμερικανός σχεδιαστής μόδας\n*[[1954]] - [[Έλλη Στάη]], Ελληνίδα δημοσιογράφος\n*[[1960]] - [[Nena]], Γερμανίδα τραγουδίστρια\n*[[1961]] - [[Γιάνης Βαρουφάκης]], Έλληνας οικονομολόγος και πολιτικός\n*[[1965]] - [[Αντερτέικερ (παλαιστής)|Αντερτέικερ]], Αμερικανός παλαιστής\n*[[1970]] - [[Κρίστοφερ Ντάνιελς]], Αμερικανός παλαιστής\n*[[1973]] - [[Τζιμ Πάρσονς]], Αμερικανός ηθοποιός\n*[[1976]] - [[Θανάσης Κωστούλας]], Έλληνας ποδοσφαιριστής\n*[[1977]] - [[Τζέσικα Τσάστεϊν]], Αμερικανίδα ηθοποιός\n*[[1979]] - [[Γκαϊτάνα]], Ουκρανή τραγουδίστρια\n*[[1979]] - [[Περικλής Ιακωβάκης]], Έλληνας αθλητής\n*[[1982]] - [[Ορλάντο Κολόν]], Πορτορικανός παλαιστής\n*[[1982]] - [[Τζακ Σουάγκερ]], Αμερικανός παλαιστής\n*[[1984]] - [[Κρις Μπος]], Αμερικανός καλαθοσφαιριστής\n\n== Θάνατοι ==\n*[[809]] - [[Χαρούν αλ Ρασίντ]], Άραβας χαλίφης\n*[[1275]] - [[Βεατρίκη της Αγγλίας]], κόμισσα του Ρίτσμοντ\n*[[1284]] - [[Ούγος Γ΄ της Κύπρου|Ούγος Γ΄]], βασιλιάς της Κύπρου\n*[[1381]] - [[Αγία Αικατερίνη (Σουηδίας)]]\n*[[1394]] - [[Κωνσταντία της Καστίλης, δούκισσα του Λάνκαστερ]]\n*[[1455]] - [[Πάπας Νικόλαος Ε΄]]\n*[[1548]] - [[Γκίσσουρ Άιναρσσον]], Ισλανδός επίσκοπος\n*[[1603]] - [[Ελισάβετ Α΄ της Αγγλίας|Ελισάβετ Α΄]], βασίλισσα της Αγγλίας\n*[[1657]] - [[Παρθένιος Γ΄]], Πατριάρχης Κωνσταντινουπόλεως\n*[[1684]] - [[Πίτερ ντε Χόοχ]], Ολλανδός ζωγράφος\n*[[1794]] - [[Ζακ Ρενέ Εμπέρ]], Γάλλoς δημοσιογράφος και πολιτικός\n*[[1844]] - [[Μπέρτελ Θόρβαλντσεν]], Δανός γλύπτης\n*[[1905]] - [[Ιούλιος Βερν]], Γάλλος συγγραφέας\n*[[1916]] - [[Ενρίκε Γκρανάδος]], Ισπανός συνθέτης\n*[[1934]] - [[Θεόφιλος Κεφαλάς - Χατζημιχαήλ]], Έλληνας ζωγράφος\n*[[1946]] - [[Αλεξάντρ Αλιέχιν]], Ρώσος σκακιστής\n*[[1946]] - [[Καρλ Σούμαν]], Γερμανός αθλητής\n*[[1948]] - [[Νικολάι Αλεξάντροβιτς Μπερντιάεφ]], Ρώσος φιλόσοφος\n*[[1950]] - [[Γεώργιος Αστερίου]], Έλληνας πολιτικός\n*[[1953]] - [[Μαίρη του Τεκ]], βασίλισσα του Ηνωμένου Βασιλείου\n*[[1962]] - [[Ωγκύστ Πικάρ]], Ελβετός φυσικός και εξερευνητής\n*[[1976]] - [[Μπέρναρντ Μοντγκόμερυ]], Άγγλος στρατάρχης\n*[[1978]] - [[Νικόλαος Τσίμπας]], Έλληνας πολιτικός\n*[[1986]] - [[Μιχαήλ του Μαυροβουνίου|Μιχαήλ]], πρίγκιπας του Μαυροβουνίου\n*[[1993]] - [[Τζον Χέρσυ]], Αμερικανός συγγραφέας\n*[[1999]] - [[Ισίδωρος Σιδηρόπουλος]], Έλληνας πολιτικός\n*[[2015]] - [[Γεράσιμος Λαβράνος]], Έλληνας συνθέτης\n*[[2016]] - [[Γιάννης Κανάκης]], Έλληνας ποδοσφαιριστής\n*[[2016]] - [[Γιόχαν Κρόιφ]], Ολλανδός ποδοσφαιριστής\n*[[2018]] - [[Λις Άσια]], Ελβετίδα τραγουδίστρια\n\n== Αργίες και εορτές ==\n=== Κόσμος ===\n* Παγκόσμια Ημέρα κατά της [[φυματίωση]]ς\n\n=== [[Ορθόδοξη Εκκλησία]] ===\n{{Πύλη:Ορθοδοξία/Εορτολόγιο/24 Μαρτίου}}\n\n{{Μήνες}}\n\n[[Κατηγορία:Ημέρες του έτους]]"}}}]}]}}