{"batchcomplete":true,"query":{"normalized":[{"fromencoded":false,"from":"24_Δεκεμβρίου","to":"24 Δεκεμβρίου"}],"pages":[{"pageid":3748,"ns":0,"title":"24 Δεκεμβρίου","revisions":[{"slots":{"main":{"contentmodel":"wikitext","contentformat":"text/x-wiki","content":"{{Μήνες Δεκεμβρίου}}\n\n<center>[[23 Δεκεμβρίου]] | '''24 Δεκεμβρίου''' | [[25 Δεκεμβρίου]]</center>\n\n----\nΗ '''24η Δεκεμβρίου''' είναι η 358η ημέρα του έτους κατά το [[Γρηγοριανό ημερολόγιο]] (360η σε δίσεκτα έτη). Υπολείπονται 7 ημέρες.\n\n{{ΗμερολόγιοΣεΠίνακα|12}}\n\n== Γεγονότα ==\n*[[563]] - Εγκαινιάζεται για δεύτερη φορά ο [[Αγία Σοφία (Κωνσταντινούπολη)|ναός της Αγίας Σοφίας]] στην [[Βυζαντινή Κωνσταντινούπολη|Κωνσταντινούπολη]], μετά τις ζημιές που είχε υποστεί από [[Σεισμός|σεισμό]].\n*[[640]] - Εκλέγεται ο [[Πάπας Ιωάννης Δ΄]].\n*[[759]] - Ο ποιητής [[Του Φου]] της [[Δυναστεία Τανγκ|δυναστείας των Τανγκ]] αναχωρεί για το [[Τσενγκτού]], όπου θα φιλοξενηθεί από συνάδελφό του ποιητή.\n*[[1144]] - Η πρωτεύουσα της [[Σταυροφορίες|σταυροφορικής]] [[Κομητεία της Έδεσσας|Κομητείας της Έδεσσας]] καταλαμβάνεται από τον [[Ιμαντεντίν Ζενγκί]], [[Ατάμπεης|ατάμπεη]] της [[Μοσούλη|Μοσούλης]] και του [[Χαλέπι|Χαλεπίου]].\n*[[1294]] - Εκλέγεται ο [[Πάπας Βονιφάτιος Η΄]], αντικαθιστώντας τον [[Πάπας Κελεστίνος Ε΄|Πάπα Κελεστίνο Ε΄]], ο οποίος παραιτήθηκε.\n*[[1500]] - Συμμαχικές δυνάμεις [[Βενετική Δημοκρατία|Βενετών]] και [[Ισπανία|Ισπανών]] καταλαμβάνουν το κάστρο του Αγίου Γεωργίου στην [[Κεφαλονιά]].\n*[[1737]] - Η [[Αυτοκρατορία των Μαράτα]] νικά τη [[Μογγολική αυτοκρατορία της Ινδίας]] στη μάχη του [[Μποπάλ]]. \n*[[1777]] - Ο [[Τζέιμς Κουκ]] ανακαλύπτει το [[Κιριτιμάτι]]. \n*[[1800]] - Πραγματοποιείται αποτυχημένη απόπειρα δολοφονίας του [[Ναπολέων Α΄|Ναπολέοντα Βοναπάρτη]].\n*[[1814]] - Υπογράφεται η Συνθήκη της [[Γάνδη]]ς, με την οποία τερματίζεται ο [[Αγγλοαμερικανικός πόλεμος του 1812]].\n*[[1818]] - Ακούγεται για πρώτη φορά η ''[[Άγια Νύχτα]]'' στην εκκλησία του Αγίου Νικολάου στο Όμπερντορφ της [[Αυστρία]]ς.\n*[[1851]] - Πυρκαγιά καταστρέφει μεγάλο μέρος της [[Βιβλιοθήκη του Κογκρέσου|Βιβλιοθήκης του Κογκρέσου των Ηνωμένων Πολιτειών]].\n*[[1865]] - Ιδρύεται η [[Κου-Κλουξ-Κλαν]].\n*[[1871]] - Κάνει πρεμιέρα στο [[Κάιρο]] της [[Αίγυπτος|Αιγύπτου]] η όπερα ''[[Αΐντα]]''.\n*[[1906]] - [[Ραδιόφωνο]]: Ο Ρέτζιναλντ Φέσεντεν μεταδίδει την πρώτη ραδιοφωνική εκπομπή. Η εκπομπή περιλαμβάνει μία ανάγνωση ποίησης, ένα σόλο [[βιολί]] και μία ομιλία. \n*[[1913]] - Στο [[Μίσιγκαν]], 73 άτομα (συμπεριλαμβανομένων 59 παιδιών) σκοτώνονται σε [[Χριστούγεννα|χριστουγεννιάτικο]] πάρτι όταν κάποιος φώναξε λανθασμένα «Φωτιά!».\n*[[1914]] - [[Α΄ Παγκόσμιος Πόλεμος]]: Αρχίζει η «[[Ανακωχή των Χριστουγέννων]]».\n*[[1924]] - Η [[Αλβανία]] γίνεται δημοκρατία.\n*[[1929]] - Απόπειρα δολοφονίας του προέδρου της [[Αργεντινή]]ς Ιπόλιτο Ιριγόγιεν.\n*[[1941]] - [[Β΄ Παγκόσμιος Πόλεμος]]: Οι [[Μεγάλη Βρετανία|βρετανικές]] δυνάμεις καταλαμβάνουν τη [[Βεγγάζη]]. \n*[[1942]] - [[Β΄ Παγκόσμιος Πόλεμος]]: Ο [[Γαλλία|Γάλλος]] αντιστασιακός Φερνάν Μπονιέ ντε λα Σαπέλ δολοφονεί στο [[Αλγέρι]] τον ναύαρχο [[Φρανσουά Ζαν Νταρλάν]]. \n*[[1947]] - [[Ελληνικός Εμφύλιος Πόλεμος 1946–1949]]: Ξεκινά η [[μάχη της Κόνιτσας]] μεταξύ του [[Δημοκρατικός Στρατός Ελλάδας|Δημοκρατικού Στρατού Ελλάδας (ΔΣΕ)]] και του [[Ελληνικός Στρατός Ξηράς |Εθνικού Στρατού]]. \n*[[1951]] - Η [[Λιβύη]] γίνεται ανεξάρτητη χώρα και ο Ιντρίς Α΄ ανακηρύσσεται βασιλιάς της. \n*[[1953]] - Σιδηροδρομική γέφυρα στο [[Βόρειο Νησί (Νέα Ζηλανδία)]] καταστρέφεται από [[λαχάρ]] και καταρρέει κάτω από επιβατική αμαξοστοιχία, σκοτώνοντας 151 ανθρώπους.\n*[[1960]] - Ο [[Μίκης Θεοδωράκης]] ολοκληρώνει τη μελοποίηση του ''Άξιον Εστί'' του [[Οδυσσέας Ελύτης|Οδυσσέα Ελύτη]].\n*[[1963]] - Την παραίτησή του υποβάλλει στον βασιλιά [[Παύλος Α΄ της Ελλάδας|Παύλο]] ο [[Γεώργιος Παπανδρέου]], ο οποίος εισηγείται τη διάλυση της [[Βουλή των Ελλήνων|Βουλής]] και την προκήρυξη εκλογών, μετά την αποτυχία του κόμματός του να εξασφαλίσει αυτοδύναμη πλειοψηφία. Η κυβέρνησή του έλαβε επί συνόλου 297 εδρών, 167 ψήφους, μεταξύ των οποίων 28 από βουλευτές της [[Ενιαία Δημοκρατική Αριστερά|Ε.Δ.Α.]] και δύο από τους αποχωρήσαντες από την [[Εθνική Ριζοσπαστική Ένωσις|Ε.Ρ.Ε.]] [[Χρήστος Γραμματίδης|Χρήστο Γραμματίδη]] και [[Φώτιος Κατσιάμπας|Φώτιο Κατσιάμπα]].\n*[[1964]] - [[Πόλεμος του Βιετνάμ]]: Οι [[Βιετκόνγκ]] βομβαρδίζουν ξενοδοχείο στη [[Χο Τσι Μιν (πόλη)|Σαϊγκόν]], στο [[Νότιο Βιετνάμ]], αποδεικνύοντας ότι μπορούν να χτυπήσουν μία [[Ηνωμένες Πολιτείες Αμερικής|αμερικανική]] εγκατάσταση στην αυστηρά φρουρούμενη πρωτεύουσα.\n*[[1966]] - Ένα Canadair CL-44 ναυλωμένο από τις [[Ένοπλες Δυνάμεις των ΗΠΑ]] συντρίβεται σ' ένα μικρό χωριό στο [[Νότιο Βιετνάμ]], σκοτώνοντας τους 4 επιβαίνοντες και 107 άτομα στο έδαφος.  \n*[[1968]] - [[Απόλλων (διαστημικό πρόγραμμα)|Πρόγραμμα Απόλλων]]: Το πλήρωμα του [[Απόλλων 8]] γίνεται το πρώτο που μπαίνει σε τροχιά γύρω από τη [[Σελήνη]]. Εκτέλεσε δέκα σεληνιακές τροχιές και μετέδωσε ζωντανές τηλεοπτικές εικόνες.\n*[[1974]] - Ο κυκλώνας Τράσυ καταστρέφει το [[Ντάργουιν]] στην [[Αυστραλία]]. \n*[[1994]] - Πραγματοποιείται στο [[Αλγέρι]] αεροπειρατεία στην πτήση 8969 της [[Air France]]. Κατά τη διάρκεια τριών ημερών, σκοτώνονται τρεις επιβάτες καθώς και οι τέσσερις τρομοκράτες.\n*[[1999]] - Πραγματοποιείται αεροπειρατεία στην πτήση 814 της Indian Airlines στον [[Ινδία|ινδικό]] εναέριο χώρο μεταξύ του [[Κατμαντού]], [[Νεπάλ]], και του [[Δελχί]], Ινδία. Το αεροσκάφος προσγειώθηκε στο [[Κανταχάρ]] του [[Αφγανιστάν]]. Το συμβάν έληξε στις [[31 Δεκεμβρίου]] με την απελευθέρωση 190 επιβαινόντων (ένας επιβάτης σκοτώθηκε).\n\n== Γεννήσεις ==\n*[[3 π.Χ.]] - [[Γάλβας]], Ρωμαίος αυτοκράτορας\n*[[1166]] - [[Ιωάννης της Αγγλίας|Ιωάννης]], βασιλιάς της Αγγλίας\n*[[1389]] - [[Ιωάννης Ε΄ της Βρετάνης|Ιωάννης Ε΄]], δούκας της Βρετάνης\n*[[1596]] - [[Λέονερτ Μπράμερ]], Ολλανδός ζωγράφος\n*[[1597]] - [[Ονώριος Β΄ του Μονακό|Ονώριος Β΄]], πρίγκιπας του Μονακό\n*[[1631]] - [[Βερνάρδος Γουσταύος της Βάδης-Ντούρλαχ]], Γερμανός στρατιωτικός\n*[[1754]] - [[Τζορτζ Κραμπ]], Άγγλος ποιητής, χειρουργός και κληρικός\n*[[1761]] - [[Ζαν-Λουί Πονς]], Γάλλος αστρονόμος\n*[[1761]] - [[Σελίμ Γ΄]], Οθωμανός σουλτάνος\n*[[1787]] - [[Γουλιέλμος της Έσσης-Κάσσελ|Γουλιέλμος]], πρίγκιπας της Έσσης-Κάσσελ\n*[[1798]] - [[Άνταμ Μιτσκιέβιτς]], Πολωνός ποιητής\n*[[1809]] - [[Κιτ Κάρσον]], Αμερικανός στρατιωτικός\n*[[1818]] - [[Τζέιμς Πρέσκοτ Τζάουλ]], Άγγλος φυσικός\n*[[1837]] - [[Ελισάβετ της Αυστρίας|Ελισάβετ]], αυτοκράτειρα της Αυστρίας\n*[[1845]] - [[Γεώργιος Α΄ της Ελλάδας|Γεώργιος Α΄]], βασιλιάς της Ελλάδας\n*[[1867]] - [[Τεβφίκ Φικρέτ]], Τούρκος ποιητής\n*[[1868]] - [[Εμάνουελ Λάσκερ]], Γερμανός σκακιστής\n*[[1879]] - [[Εμίλ Νελλιγκάν]], Καναδός ποιητής\n*[[1879]] - [[Αλεξανδρινή του Μεκλεμβούργου-Σβερίν]], βασίλισσα της Δανίας\n*[[1881]] - [[Χουάν Ραμόν Χιμένεθ]], Ισπανός ποιητής\n*[[1886]] - [[Μάικλ Κερτίζ]], Ούγγρος σκηνοθέτης\n*[[1905]] - [[Χάουαρντ Χιουζ]], Αμερικανός επιχειρηματίας\n*[[1906]] - [[Φραντς Γουάξμαν]], Γερμανός συνθέτης\n*[[1922]] - [[Άβα Γκάρντνερ]], Αμερικανίδα ηθοποιός\n*[[1928]] - [[Μάνφρεντ Ρόμμελ]], Γερμανός πολιτικός\n*[[1934]] - [[Στίπε Μέσιτς]], Κροάτης πολιτικός\n*[[1937]] - [[Φέλιξ Μιέλι Βενεράντο]], Βραζιλιάνος ποδοσφαιριστής\n*[[1940]] - [[Γιαν Στράσκι]], Τσέχος πολιτικός\n*[[1943]] - [[Τάρια Χάλονεν]], Φινλανδή πολιτικός\n*[[1945]] - [[Lemmy]], Άγγλος τραγουδιστής και μπασίστας ([[Motörhead]])\n*[[1957]] - [[Χαμίντ Καρζάι]], Αφγανός πολιτικός\n*[[1961]] - [[Ιλχάμ Αλίγιεφ]], πρόεδρος του Αζερμπαϊτζάν\n*[[1968]] - [[Μανώλης Φάμελλος]], Έλληνας τραγουδοποιός\n*[[1969]] - [[Εντ Μίλιμπαντ]], Άγγλος πολιτικός\n*[[1971]] - [[Γιώργος Αλκαίος]], Έλληνας τραγουδιστής\n*[[1971]] - [[Ρίκι Μάρτιν]], Πορτορικανός τραγουδιστής\n*[[1977]] - [[Αμέρικο]], Χιλιανός τραγουδιστής\n*[[1979]] - [[Κρις Χίροου]], Αμερικανός παλαιστής\n*[[1981]] - [[Ντίμα Μπιλάν]], Ρώσος τραγουδιστής\n*[[1986]] - [[Άνα Μπρέντα Κοντρέρας]], Μεξικανή ηθοποιός\n*[[1988]] - [[Στέφανος Αθανασιάδης]], Έλληνας ποδοσφαιριστής\n*[[1991]] - [[Λούις Τόμλινσον]], Άγγλος τραγουδιστής\n\n== Θάνατοι ==\n*[[427]] - [[Πατριάρχης Σισίνιος Α΄|Σισίνιος Α΄]], Πατριάρχης Κωνσταντινουπόλεως\n*[[1257]] - [[Ιωάννης Α΄ του Αινώ|Ιωάννης Α΄]], κόμης του Αινώ\n*[[1456]] - [[Γεώργιος Μπράνκοβιτς]], δεσπότης της Σερβίας\n*[[1524]] - [[Βάσκο ντα Γκάμα]], Πορτογάλος εξερευνητής\n*[[1850]] - [[Φρεντερίκ Μπαστιά]], Γάλλος συγγραφέας και οικονομολόγος\n*[[1863]] - [[Ουίλλιαμ Θάκερυ]], Βρετανός συγγραφέας\n*[[1872]] - [[Ουίλιαμ Ράνκιν]], Σκωτσέζος μηχανικός και φυσικός\n*[[1935]] - [[Άλμπαν Μπεργκ]], Αυστριακός συνθέτης\n*[[1938]] - [[Μπρούνο Ταούτ]], Γερμανός αρχιτέκτονας\n*[[1942]] - [[Ιωσήφ Κούνδουρος]], Έλληνας πολιτικός\n*[[1942]] - [[Φρανσουά Ζαν Νταρλάν]], Γάλλος ναύαρχος και πολιτικός\n*[[1959]] - [[Έντμουντ Γκούλντινγκ]], Άγγλος σκηνοθέτης\n*[[1976]] - [[Ντουάρτε Β΄ της Μπραγκάνσα|Ντουάρτε Β΄]], δούκας της Μπραγκάνσα\n*[[1977]] - [[Σαμαέλ Αούν Βεόρ]], Κολομβιανός συγγραφέας\n*[[1979]] - [[Ρούντι Ντούτσκε]], Γερμανός ακτιβιστής\n*[[1980]] - [[Καρλ Νταίνιτς]], Γερμανός ναύαρχος\n*[[1982]] - [[Λουί Αραγκόν]], Γάλλος συγγραφέας\n*[[1985]] - [[Φερχάτ Αμπάς]], Αλγερινός πολιτικός\n*[[1993]] - [[Νόρμαν Βίνσεντ Πήιλ]], Αμερικανός συγγραφέας\n*[[1997]] - [[Τοσίρο Μιφούνε]], Ιάπωνας ηθοποιός\n*[[1999]] - [[Ζακ Μορίς Κουβ ντε Μιρβίλ]], Γάλλος πολιτικός\n*[[2006]] - [[Κέννεθ Σίβερτσεν]], Νορβηγός μουσικός και ποιητής\n*[[2008]] - [[Χάρολντ Πίντερ]], Άγγλος συγγραφέας, σκηνοθέτης και ηθοποιός\n*[[2008]] - [[Σάμιουελ Χάντιγκτον]], Αμερικανός πολιτικός επιστήμονας\n*[[2011]] - [[Γιοχάνες Έεστερς]], Ολλανδός ηθοποιός και τραγουδιστής\n*[[2015]] - [[Ντάνος Λυγίζος]], Έλληνας ηθοποιός\n*[[2023]] - [[Βασίλης Καρράς]], Έλληνας τραγουδιστής\n\n== Αργίες και εορτές ==\n\n=== [[Ορθόδοξη Εκκλησία]] ===\n{{Πύλη:Ορθοδοξία/Εορτολόγιο/24 Δεκεμβρίου}}\n{{commonscat|24 December}}\n== Βλέπε επίσης ==\n[[24 Νοεμβρίου]] - [[24 Ιανουαρίου]]\n\n{{Μήνες}}\n\n[[Κατηγορία:Ημέρες του έτους]]"}}}]}]}}