{"batchcomplete":true,"query":{"normalized":[{"fromencoded":false,"from":"24_Σεπτεμβρίου","to":"24 Σεπτεμβρίου"}],"pages":[{"pageid":8049,"ns":0,"title":"24 Σεπτεμβρίου","revisions":[{"slots":{"main":{"contentmodel":"wikitext","contentformat":"text/x-wiki","content":"{{Μήνες Σεπτεμβρίου}}\n\n<center>[[23 Σεπτεμβρίου]] | '''24 Σεπτεμβρίου''' | [[25 Σεπτεμβρίου]]</center>\n\n----\n{{ΗμερολόγιοΣεΠίνακα|9}}\nΗ '''24η Σεπτεμβρίου''' είναι η 267η ημέρα του έτους κατά το [[Γρηγοριανό ημερολόγιο]] (268η σε δίσεκτα έτη). Υπολείπονται 98 ημέρες.\n\n== Γεγονότα ==\n*[[787]] - Ξεκινά τις εργασίες της η [[Δεύτερη Σύνοδος της Νίκαιας]].\n*[[1180]] - Πεθαίνει ο αυτοκράτορας [[Μανουήλ Α΄ Κομνηνός]]. \n*[[1664]] - Η [[Ολλανδική Δημοκρατία]] παραδίδει το Νέο Άμστερνταμ στους [[Αγγλία|Άγγλους]].\n*[[1806]] - Επανεκλέγεται [[Οικουμενικός Πατριάρχης Κωνσταντινουπόλεως|πατριάρχης Κωνσταντινουπόλεως]] ο εξόριστος στο [[Άγιο Όρος]] [[Πατριάρχης Γρηγόριος Ε΄]].\n*[[1830]] - [[Βελγική Επανάσταση]]: Μία επαναστατική επιτροπή σχηματίζει την Προσωρινή Κυβέρνηση του [[Βέλγιο|Βελγίου]].\n*[[1846]] - [[Αμερικανομεξικανικός πόλεμος]]: Ο στρατηγός [[Ζαχαρίας Τέιλορ]] καταλαμβάνει το [[Μοντερρέι]].\n*[[1852]] - Το πρώτο αερόπλοιο που τροφοδοτείται από κινητήρα, κατασκευασμένο από τον [[Ανρί Ζιφάρ]], ταξιδεύει 27 χιλιόμετρα από το [[Παρίσι]] μέχρι την [[Τραπ]].\n*[[1853]] - Η [[Νέα Καληδονία]] γίνεται επίσημα κτήση της [[Γαλλία]]ς.\n*[[1869]] - «[[Μαύρη Παρασκευή]]»: Οι τιμές του [[Χρυσός|χρυσού]] πέφτουν κατακόρυφα μετά την εντολή του [[Οδυσσεύς Γκραντ|Οδυσσέα Γκραντ]] στο Γενικό Λογιστήριο να πουλήσει μεγάλες ποσότητες χρυσού.\n*[[1908]] - Οι [[Κρητική Πολιτεία|Κρητικοί]] κηρύσσουν την ένωση της [[Κρήτη]]ς με την [[Ελλάδα]].\n*[[1915]] - Ορκίζεται η [[Κυβέρνηση Αλέξανδρου Ζαΐμη 1915|κυβέρνηση του Αλέξανδρου Ζαΐμη]].\n* [[1948]] - Ίδρυση της αυτοκινητοβιομηχανίας [[Honda]], στην Ιαπωνία.\n* [[1949]] - Στην [[Ουγγαρία]], μετά από μια παρωδία δίκης, καταδικάζεται σε θάνατο ο Λάζλο Ραζκ, πρώην βοηθός του γενικού γραμματέα του κομμουνιστικού κόμματος των εργαζομένων, υπουργός Εξωτερικών και Εσωτερικών, ο οποίος κατηγορήθηκε για «τιτοϊσμό».\n* [[1952]] - Στις ΗΠΑ, ο γερουσιαστής και μετέπειτα Πρόεδρος των ΗΠΑ [[Ρίτσαρντ Νίξον]] κατηγορείται για κακή χρήση των κομματικών συνεισφορών που προέρχονταν από πλούσιους επιχειρηματίες της Καλιφόρνιας.\n* [[1957]] - Εγκαινιάζεται στη [[Βαρκελόνη]] το στάδιο [[Καμπ Νου]], το μεγαλύτερο ποδοσφαιρικό γήπεδο της Ευρώπης.\n*[[1960]] - Καθελκύεται το ''USS Enterprise'', το πρώτο πυρηνοκίνητο [[αεροπλανοφόρο]] στον κόσμο.\n* [[1970]] - Το πρώτο αμερικανικό πυρηνοκίνητο μεταγωγικό αεροσκάφος πραγματοποιεί την πρώτη του πτήση.\n* [[1971]] - Η Παγκόσμια Ένωση Χόκεϊ ανακοινώνει τη δημιουργία της από 12 ομάδες.\n* [[1973]] - Η [[Γουινέα-Μπισσάου]] κηρύσσει μονομερώς την ανεξαρτησία της από την Πορτογαλία (εθνική εορτή).\n* [[1979]] - Μεταφέρεται στην [[Τύνιδα]] από το [[Κάιρο]] η έδρα του Αραβικού Συνδέσμου, σε ένδειξη διαμαρτυρίας για τη συμφωνία ειρήνευσης που υπογράφουν η [[Αίγυπτος]] και το [[Ισραήλ]].\n* [[1982]] - Αποσύρεται από την ενεργό δράση ο μεγάλος της αντισφαίρισης [[Μπιορν Μποργκ]] στα 26 του χρόνια.\n* [[1991]] - Το αμερικανικό συγκρότημα της ροκ [[Nirvana]] κυκλοφορούν το δεύτερο άλμπουμ τους, ''Nevermind'', το οποίο θα τους οδηγήσει στο να γίνουν αστέρια στο χώρο της εναλλακτικής ροκ.\n* [[1993]] - Ενθρονίζεται ο Πρίγκιπας [[Νοροντόμ Σιχανούκ]] στην [[Καμπότζη]]. Η χώρα αποκτά Σύνταγμα.\n* [[1995]] - Ισραηλινοί και Παλαιστίνιοι μονογράφουν συμφωνία για τη διεύρυνση της παλαιστινιακής αυτοδιοίκησης στη [[Δυτική Όχθη]].\n* [[1997]] - Ο Τραν Ντουκ Λουόνγκ αναλαμβάνει Πρόεδρος στο Βιετνάμ.\n* [[1998]] - Η [[Βουλή των Ελλήνων]] ψηφίζει ομόφωνα την ανακήρυξη της 14ης Σεπτεμβρίου ως ημέρας εθνικής μνήμης της [[Γενοκτονία των Ελλήνων|Γενοκτονίας των Ελλήνων της Μικράς Ασίας]] από το Τουρκικό Κράτος. \n* [[1998]] - Για πρώτη φορά στον κόσμο γίνεται στη Λιόν μεταφύτευση ανθρώπινου χεριού.\n* [[2000]] - Σε δημοψήφισμα στη [[Γαλλία]], οι ψηφοφόροι εγκρίνουν τη μείωση της θητείας του Προέδρου από 7 σε 5 έτη με 73,5% υπέρ.\n* 2000 - Στις προεδρικές και βουλευτικές εκλογές της Γιουγκοσλαβίας, κηρύσσεται νικήτρια  η Αντιπολίτευση, καταγγέλλοντας νοθεία από τον πρώτο γύρο (η Αντιπολίτευση κήρυξε νικητή των προεδρικών εκλογών το [[Βόγισλαβ Κοστούνιτσα]], με 52,5% έναντι 32% για το [[Σλόμπονταν Μιλόσεβιτς]]). Στις βουλευτικές, το Δημοκρατικό Κόμμα της Σερβίας κέρδισε 58 έδρες έναντι 44 του Σοσιαλιστικού).\n\n== Γεννήσεις ==\n*[[15]] - [[Βιτέλλιος]], Ρωμαίος αυτοκράτορας\n*[[1583]] - [[Άλμπρεχτ φον Βάλλενσταϊν]], Βοημός στρατιωτικός\n*[[1859]] - [[Ράντκο Δημητρίεφ]], Βούλγαρος στρατιωτικός\n*[[1878]] - [[Σπυρίδων Βικάτος]], Έλληνας ζωγράφος\n*[[1880]] - [[Σάρα Κνάους]], Αμερικανίδα υπεραιωνόβια\n*[[1882]] - [[Μαξ Ντεκουζί]], Γάλλος αντισφαιριστής\n*[[1883]] - [[Φράνκλιν Κλάρενς Μαρς]], Αμερικανός επιχειρηματίας\n*[[1884]] - [[Ισμέτ Ινονού]], Τούρκος στρατιωτικός και πολιτικός\n*[[1886]] - [[Έντουαρντ Μπαχ]], Άγγλος ιατρός\n*[[1893]] - [[Μπλάιντ Λέμον Τζέφερσον]], Αμερικανός τραγουδιστής και κιθαρίστας\n*[[1896]] - [[Φράνσις Σκοτ Φιτζέραλντ]], Αμερικανός συγγραφέας\n*[[1900]] - [[Ρουχολάχ Χομεϊνί]], Ιρανός ηγέτης\n*[[1911]] - [[Κονσταντίν Τσερνιένκο]], Σοβιετικός πολιτικός\n*[[1924]] - [[Βούλα Ζουμπουλάκη]], Ελληνίδα ηθοποιός\n*[[1932]] - [[Μάρκος Δράκος (αγωνιστής)|Μάρκος Δράκος]], Κύπριος αγωνιστής\n*[[1943]] - [[Αντόνιο Ταμπούκι]], Ιταλός συγγραφέας\n*[[1944]] - [[Αρχιεπίσκοπος Αμερικής Σπυρίδων]]\n*[[1949]] - [[Χρήστος Ιορδανίδης]], Έλληνας καλαθοσφαιριστής\n*[[1952]] - [[Νίκος Σεργιανόπουλος]], Έλληνας ηθοποιός\n*[[1957]] - [[Μπραντ Μπερντ]], Αμερικανός σκηνοθέτης\n*[[1962]] - [[Νία Βαρντάλος]], Καναδή ηθοποιός\n*[[1976]] - [[Στέφανι Μακμάν]], Αμερικανίδα παλαίστρια\n*[[1979]] - [[Γιώργος Γεωργίου (ποδοσφαιριστής)|Γιώργος Γεωργίου]], Έλληνας ποδοσφαιριστής\n*[[1988]] - [[Τάσος Παπάζογλου]], Έλληνας ποδοσφαιριστής\n\n== Θάνατοι ==\n*[[366]] - [[Πάπας Λιβέριος]]\n*[[768]] - [[Πιπίνος ο Βραχύς]], βασιλιάς των Φράγκων\n*[[911]] - [[Λουδοβίκος το Παιδί]], βασιλιάς των ανατολικών Φράγκων\n*[[1143]] - [[Πάπας Ιννοκέντιος Β΄]]\n*[[1180]] - [[Μανουήλ Α΄ Κομνηνός]], Βυζαντινός αυτοκράτορας\n*[[1230]] - [[Αλφόνσος Θ΄ του Λεόν|Αλφόνσος Θ΄]], βασιλιάς του Λεόν\n*[[1227]] - [[Στέφανος ο Πρωτόστεπτος]], βασιλιάς της Σερβίας\n*[[1435]] - [[Ισαβέλλα της Βαυαρίας]], βασίλισσα της Γαλλίας\n*[[1541]] - [[Παράκελσος]], Ελβετός ιατρός, βοτανολόγος και χημικός\n*[[1834]] - [[Πέτρος Α΄ της Βραζιλίας|Πέτρος Α΄]], αυτοκράτορας της Βραζιλίας\n*[[1845]] - [[Ανδρέας Σ. Λόντος]], Έλληνας πολιτικός\n*[[1877]] - [[Σάιγκο Τακαμόρι]], Ιάπωνας σαμουράι\n*[[1891]] - [[Πριγκίπισσα Αλεξάνδρα της Ελλάδας και της Δανίας]]\n*[[1920]] - [[Πέτερ Καρλ Φαμπερζέ]], Ρώσος κοσμηματοποιός\n*[[1950]] - [[Βικτώρια της Έσσης και του Ρήνου]]\n*[[1966]] - [[Αριστείδης Πρωτοπαπαδάκης]], Έλληνας πολιτικός\n*[[2000]] - [[Λέων Αυδής]], Έλληνας πολιτικός\n*[[2015]] - [[Θεόδωρος Θεοφιλογιαννάκος]], Έλληνας στρατιωτικός\n*2021-[[wikidata:Q60887824|Μιχάλης Γούναρης]] Έλληνας ηθοποιός\n\n== Αργίες και εορτές ==\n* Παγκόσμια Ημέρα Καρδιάς\n* Ανεύρεση της εικόνας της [[Παναγία η Μυρτιδιώτισσα|Παναγίας της Μυρτιδιώτισσας]]\n\n=== [[Ορθόδοξη Εκκλησία]] ===\n{{Πύλη:Ορθοδοξία/Εορτολόγιο/24 Σεπτεμβρίου}}\n\n{{Μήνες}}\n\n[[Κατηγορία:Ημέρες του έτους]]"}}}]}]}}