{"batchcomplete":true,"query":{"normalized":[{"fromencoded":false,"from":"24_Ιουλίου","to":"24 Ιουλίου"}],"pages":[{"pageid":2653,"ns":0,"title":"24 Ιουλίου","revisions":[{"slots":{"main":{"contentmodel":"wikitext","contentformat":"text/x-wiki","content":"{{χωρίς παραπομπές|16|01|2022}}\n\n{{Μήνες Ιουλίου}}\n\n<center>[[23 Ιουλίου]] | '''24 Ιουλίου''' | [[25 Ιουλίου]]</center>\n\n----\nΗ '''24η Ιουλίου''' είναι η 205η ημέρα του έτους κατά το [[Γρηγοριανό ημερολόγιο]] (206η σε δίσεκτα έτη). Υπολείπονται 160 ημέρες.\n\n{{ΗμερολόγιοΣεΠίνακα|7}}\n\n== Γεγονότα ==\n*[[1132]] - Ο Ρανούλφος Β΄ νικά τον [[Ρογήρος Β΄ της Σικελίας|Ρογήρο Β΄ της Σικελίας]] στη μάχη της Νόκερα.\n*[[1148]] - [[Β΄ Σταυροφορία]]: Ο [[Λουδοβίκος Ζ´ της Γαλλίας]] ξεκινά την πολιορκία της [[Δαμασκός|Δαμασκού]].\n*[[1567]] - Η [[Μαρία Α΄ της Σκωτίας]] αναγκάζεται να παραιτηθεί και αντικαθίσταται από τον μόλις ενός έτους γιο της, [[Ιάκωβος Α΄ της Αγγλίας|Ιάκωβο Α΄]].\n*[[1701]] - Ο Αντουάν ντε λα Μοτ Καντιλάκ ιδρύει το Φορτ Ποντσαρτράν, το οποίο αργότερα θα γίνει η πόλη του [[Ντιτρόιτ]]. \n*[[1823]] - Καταργείται η [[δουλεία]] στη [[Χιλή]].\n*[[1823]] - Στο [[Μαρακαΐμπο]] της [[Βενεζουέλα]]ς λαμβάνει χώρα η ναυμαχία της ομώνυμης λίμνης, όπου οι κολομβιανές δυνάμεις νικούν το [[Ισπανία|ισπανικό]] ναυτικό.\n*[[1847]] - Μετά από 17 μήνες ταξιδιού, ο Μπρίγκαμ Γιανγκ οδηγεί 148 Μορμόνους στην Κοιλάδα Σολτ Λέικ, με αποτέλεσμα την ίδρυση του [[Σολτ Λέικ Σίτι]]. \n*[[1864]] - [[Αμερικανικός Εμφύλιος Πόλεμος]]: ο [[στρατηγός]] των [[Συνομόσπονδες Πολιτείες της Αμερικής|Συνομόσπονδων Πολιτειών Αμερικής]] [[Τζάμπαλ Άντερσον Ήρλυ]] νικά τα στρατεύματα της [[Ένωση (Αμερικανικός Εμφύλιος Πόλεμος)|Ένωσης]] σε μία προσπάθεια να τα κρατήσει έξω από την κοιλάδα Σεναντόα. \n*[[1866]] - Ανασυγκρότηση: το [[Τενεσί]] γίνεται η πρώτη [[Πολιτείες των ΗΠΑ|Πολιτεία των Η.Π.Α.]] που επιστρέφει στην [[Ένωση (Αμερικανικός Εμφύλιος Πόλεμος)|Ένωση]] μετά τον [[Αμερικανικός Εμφύλιος Πόλεμος|Αμερικανικό Εμφύλιο Πόλεμο]].\n*[[1910]] - Η [[Οθωμανική Αυτοκρατορία]] καταλαμβάνει τη [[Σκόδρα]] δίνοντας τέλος στην αλβανική εξέγερση του 1910.\n*[[1911]] - Ο Χίραμ Μπίνγκαμ Γ΄ ανακαλύπτει το [[Μάτσου Πίτσου]], τη «Χαμένη Πόλη των [[Ίνκα]]ς».\n*[[1922]] - Το σχέδιο της [[Η Παλαιστίνη υπό Βρετανική Εντολή|Βρετανικής Εντολής στην Παλαιστίνη]] επικυρώνεται επίσημα από το Συμβούλιο της [[Κοινωνία των Εθνών|Κοινωνίας των Εθνών]].\n*[[1923]] - Η [[Ελλάδα]], η [[Βουλγαρία]] και άλλες χώρες που πολέμησαν στον [[Α΄ Παγκόσμιος Πόλεμος|Α΄ Παγκόσμιο Πόλεμο]] υπογράφουν στην [[Ελβετία]] τη [[Συνθήκη της Λωζάνης]], η οποία ορίζει τα σύνορα της σύγχρονης [[Τουρκία]]ς.\n*[[1924]] - Ο [[Θεμιστοκλής Σοφούλης]] γίνεται [[πρωθυπουργός της Ελληνικής Δημοκρατίας]].\n*[[1938]] - Πρώτη ανάβαση στη βόρεια όψη του [[Άιγκερ]].\n*[[1941]] - Η Ιαπωνία καταλαμβάνει την [[Γαλλική Ινδοκίνα]] με την συγκατάθεση της [[Γαλλία του Βισύ | Γαλλίας του Βυσί]].\n*[[1943]] - [[Β΄ Παγκόσμιος Πόλεμος]]: Αρχίζει η [[Επιχείρηση Γόμορρα]]. Το [[Αμβούργο]] βομβαρδίζεται από [[Ηνωμένες Πολιτείες Αμερικής|αμερικανικά]] αεροπλάνα την ημέρα και από [[Μεγάλη Βρετανία|βρετανικά]] και [[Καναδάς|καναδικά]] αεροπλάνα τη νύχτα. Μέχρι το τέλος της επιχείρησης, 9.000 τόνοι εκρηκτικών θα σκοτώσουν περισσότερους από 30.000 ανθρώπους και θα καταστρέψουν 280.000 κτίρια.\n*[[1950]] - Η [[Κέιπ Κανάβεραλ (πολεμική αεροπορική βάση)|πολεμική αεροπορική βάση στο Κέιπ Κανάβεραλ]] πραγματοποιεί την πρώτη της εκτόξευση πυραύλου.  \n*[[1967]] - Κατά τη διάρκεια επίσημης επίσκεψης στον [[Καναδάς|Καναδά]], ο [[Γαλλία|Γάλλος]] πρόεδρος [[Σαρλ ντε Γκωλ]] δηλώνει σ' ένα πλήθος πάνω από 100.000 ατόμων στο [[Μόντρεαλ]]: ''Vive le Québec libre!'' («[[Ζήτω το ελεύθερο Κεμπέκ!]]»). Η δήλωση, η οποία ερμηνεύτηκε ως υποστήριξη της ανεξαρτησίας του [[Κεμπέκ (επαρχία)|Κεμπέκ]], ενθουσίασε πολλούς κατοίκους του Κεμπέκ αλλά εξόργισε την κυβέρνηση του Καναδά και πολλούς Αγγλοκαναδούς.\n* [[1974]] - Άφιξη στην Αθήνα του [[Κωνσταντίνος Γ. Καραμανλής|Κωνσταντίνου Καραμανλή]] με το αεροπλάνο της γαλλικής προεδρίας που διέθεσε ο πρόεδρος [[Βαλερί Ζισκάρ ντ' Εσταίν]], στενός προσωπικός του φίλος, κατόπιν  πρόσκλησης του Προέδρου στρατηγού [[Φαίδων Γκιζίκης|Φαίδωνα Γκιζίκη]], όπως έτσι δηλώθηκε. Η άφιξη του Κωνσταντίνου Καραμανλή σήμανε και το τέλος της [[Χούντα των Συνταγματαρχών|7ετούς στρατιωτικής χούντας]] στην Ελλάδα, αν και η τότε στρατιωτική ηγεσία διατηρήθηκε στη θέση της, ενώ ο [[Ανδρέας Παπανδρέου]] μέχρι το επόμενο καλοκαίρι του 1975 δήλωνε «Η χούντα δεν έπεσε».\n* [[2013]] - Εκτροχιάστηκε τρένο στην [[Γαλικία (Ισπανία)|Γαλικία]] από ανθρώπινο λάθος. 79 ήταν οι νεκροί και 95 οι τραυματίες. Ο πρόεδρος της χώρας [[Μαριάνο Ραχόι]] κήρυξε τριήμερο πένθος. Είναι το χειρότερο σιδηροδρομικό δυστύχημα τα τελευταία 70 χρόνια στην [[Ισπανία]]\n* [[2014]] - Αεροσκάφος της Ισπανικής Swiftair, [[Πτήση 5017 της Air Algérie]] από την Μπουρκίνα Φάσο προς το Αλγέρι συνετρίβη.\n\n== Γεννήσεις ==\n*[[1686]] - [[Μπενεντέτο Μαρτσέλο]], Ιταλός συνθέτης\n*[[1783]] - [[Σιμόν Μπολίβαρ]], Βενεζουελανός ηγέτης\n*[[1802]] - [[Αλέξανδρος Δουμάς (πατέρας)]], Γάλλος συγγραφέας\n*[[1860]] - [[Άλφονς Μούχα]], Τσέχος καλλιτέχνης\n*[[1864]] - [[Φρανκ Βέντεκιντ]], Γερμανός συγγραφέας\n*[[1895]] - [[Ρόμπερτ Γκρέιβς]], Άγγλος συγγραφέας\n*[[1897]] - [[Αμέλια Έρχαρτ]], Αμερικανίδα πιλότος και συγγραφέας\n*[[1904]] - [[Ντέλμερ Ντέιβς]], Αμερικανός σκηνοθέτης\n*[[1923]] - [[Τζορτζ Μόλετ]], γενικός κυβερνήτης της Αγίας Λουκίας\n*[[1924]] - [[Άρης Πουλιανός]], Έλληνας ανθρωπολόγος\n*[[1938]] - [[Χορστ-Γκούντερ Γκρέγκορ]], Γερμανός κολυμβητής\n*[[1944]] - [[Γιαν-Καρλ Ράσπε]], Γερμανός τρομοκράτης\n*[[1949]] - [[Ζοάν Ενρίκ Βίβες Σισίλια]], Ισπανός αρχιεπίσκοπος\n*[[1950]] - [[Γιαντράνκα Στογιάκοβιτς]], Βόσνια τραγουδίστρια\n*[[1956]] - [[Τσάρλι Κριστ]], Αμερικανός πολιτικός\n*[[1957]] - [[Σαβκάτ Μιρζιγιάγιεφ]], Ουζμπέκος πολιτικός\n*[[1963]] - [[Καρλ Μαλόουν]], Αμερικανός καλαθοσφαιριστής\n*[[1964]] - [[Πέδρο Πάσους Κοέλιου]], Πορτογάλος πολιτικός\n*[[1966]] - [[Αλέκος Ζαζόπουλος]], Έλληνας τραγουδιστής\n*[[1969]] - [[Τζένιφερ Λόπεζ]], Αμερικανίδα τραγουδίστρια, ηθοποιός και επιχειρηματίας\n*[[1970]] - [[Έλλη Κοκκίνου]], Ελληνίδα τραγουδίστρια\n*[[1970]] - [[Κωνσταντίνος Μαρκουλάκης]], Έλληνας ηθοποιός\n*[[1976]] - [[Τιάγκο Μοντέιρο]], Πορτογάλος οδηγός αγώνων\n*[[1982]] - [[Άννα Πάκουιν]], Καναδή ηθοποιός\n*[[1983]] - [[Ντανιέλε Ντε Ρόσι]], Ιταλός ποδοσφαιριστής\n*[[1985]] - [[Τίγκαν Πρίσλεϊ]], Αμερικανίδα πορνογραφική ηθοποιός\n*[[1991]] - [[Έμιλι Μπετ Ρίκαρντς]], Καναδή ηθοποιός\n\n== Θάνατοι ==\n*[[969]] - [[Αγία Όλγα]]\n*[[1115]] - [[Ματθίλδη της Κανόσα]], Ιταλίδα ευγενής\n*[[1568]] - [[Κάρολος των Αστουριών|Κάρολος]], πρίγκιπας των Αστουριών\n*[[1739]] - [[Μπενεντέτο Μαρτσέλο]], Ιταλός συνθέτης\n*[[1837]] - [[Ρόμπερτ Κόκινγκ]], Άγγλος εφευρέτης\n*[[1862]] - [[Μάρτιν Βαν Μπιούρεν]], 8ος πρόεδρος των Η.Π.Α.\n*[[1864]] - [[Κωνσταντίνος Τάττης]], Έλληνας έμπορος και αγωνιστής\n*[[1901]] - [[Ανδρέας Λασκαράτος]], Έλληνας συγγραφέας\n*[[1916]] - [[Εμμανουήλ Μανουσογιαννάκης]], Έλληνας στρατιωτικός\n*[[1927]] - [[Ρυουνοσούκε Ακουταγκάβα]], Ιάπωνας συγγραφέας\n*[[1930]] - [[Σάτριγιος Ραγκάνα]], Λιθουανή συγγραφέας\n*[[1960]] - [[Χανς Άλμπερς]], Γερμανός ηθοποιός και τραγουδιστής\n*[[1968]] - [[Δημήτριος Μερλόπουλος]], Έλληνας πολιτικός\n*[[1969]] - [[Βίτολντ Γκομπρόβιτς]], Πολωνός συγγραφέας\n*[[1973]] - [[Κωνσταντίνος Δόβας]], Έλληνας στρατιωτικός και πολιτικός\n*[[1974]] - [[Τζέιμς Τσάντγουικ]], Άγγλος φυσικός\n*[[1977]] - [[Σπυρίδων Τετενές]], Έλληνας διπλωμάτης\n*[[1980]] - [[Πίτερ Σέλλερς]], Άγγλος ηθοποιός\n*[[1991]] - [[Ισαάκ Μπάσεβις Σίνγκερ]], Πολωνός συγγραφέας\n*[[1995]] - [[Σαδίκ Αχμέτ]], Έλληνας πολιτικός\n*[[1997]] - [[Χαράλαμπος Ερμείδης]], Έλληνας πολιτικός\n*[[2002]] - [[Ταρσή Μπουγά]], Ελληνίδα πολιτικός\n*[[2007]] - [[Νίκος Ζαχαρίου]], Έλληνας βαθύφωνος\n*[[2008]] - [[Αλεξάνδρα Κανελλοπούλου]], Ελληνίδα ιδρύτρια μουσείου\n*[[2012]] - [[Τζον Άτα Μιλς]], Γκανέζος πολιτικός\n*[[2013]] - [[Νίκος Μαμαγκάκης]], Έλληνας συνθέτης\n*[[2017]] - [[Ζωή Φυτούση]], Ελληνίδα ηθοποιός\n*[[2023]] -[[Μαριάννα Βαρδινογιάννη]],Ελληνίδα ευεργέτης και ακτιβίστρια \n\n== Αργίες και εορτές ==\n=== [[Ορθόδοξη Εκκλησία]] ===\n{{Πύλη:Ορθοδοξία/Εορτολόγιο/24 Ιουλίου}}\n\n{{Μήνες}}\n\n[[Κατηγορία:Ημέρες του έτους]]"}}}]}]}}