{"batchcomplete":true,"query":{"normalized":[{"fromencoded":false,"from":"24_Μαΐου","to":"24 Μαΐου"}],"pages":[{"pageid":1857,"ns":0,"title":"24 Μαΐου","revisions":[{"slots":{"main":{"contentmodel":"wikitext","contentformat":"text/x-wiki","content":"{{Μήνες Μαΐου}}\n\n<center>[[23 Μαΐου]] | '''24 Μαΐου''' | [[25 Μαΐου]]</center>\n\n----\nΗ '''24η Μαΐου''' είναι η 144η ημέρα του έτους κατά το [[Γρηγοριανό ημερολόγιο]] (145η σε δίσεκτα έτη).  Υπολείπονται 221 ημέρες.\n\n{{ΗμερολόγιοΣεΠίνακα|5}}\n\n== Γεγονότα ==\n*[[919]] - Οι ευγενείς της [[Φραγκονία]]ς και της [[Σαξονία]]ς εκλέγουν τον [[Ερρίκος Α΄ ο Ορνιθοθήρας|Ερρίκο Α΄ τον Ορνιθοθήρα]] ως αυτοκράτορα της [[Ανατολική Φραγκία|Ανατολικής Φραγκίας]].\n*[[1218]] - Η [[Ε΄ Σταυροφορία]] αφήνει την [[Άκρα (πόλη)|Άκρα]] και κατευθύνεται στην [[Αίγυπτος|Αίγυπτο]].\n*[[1276]] - Ο [[Μάγκνους Γ΄ της Σουηδίας|Μάγκνους Λαδούλας]] στέφεται βασιλιάς της [[Σουηδία]]ς στον καθεδρικό της [[Ουψάλα]].\n*[[1567]] - Ο [[Ερρίκος ΙΔ΄ της Σουηδίας]] και οι φύλακές του δολοφονούν πέντε φυλακισμένους [[Σουηδία|Σουηδούς]] ευγενείς.\n*[[1626]] - Ο Πίτερ Μίνουιτ αγοράζει το [[Μανχάταν]].\n*[[1667]] - Ο [[Βασίλειο της Γαλλίας|γαλλικός]] βασιλικός στρατός διασχίζει τα σύνορα με τις [[ισπανικές Κάτω Χώρες]], αρχίζοντας τον [[Πόλεμος της Επανάκτησης|Πόλεμο της Επανάκτησης]]. \n*[[1683]] - Ανοίγει στην [[Οξφόρδη]] το [[Ασμόλειο μουσείο]], το πρώτο πανεπιστημιακό μουσείο στον κόσμο.\n*[[1689]] - Το [[Αγγλία|αγγλικό]] Κοινοβούλιο εγκρίνει την Πράξη Ανοχής, η οποία προστατεύει τους [[Προτεσταντισμός|Προτεστάντες]] αλλά αποκλείει τους [[Καθολική Εκκλησία|Ρωμαιοκαθολικούς]].\n*[[1738]] - Ο [[Τζον Γουέσλεϋ]] ιδρύει το [[Μεθοδισμός|Μεθοδιστικό κίνημα]].\n*[[1798]] - Αρχίζει η [[Ιρλανδία|Ιρλανδική]] Εξέγερση του 1798 κατά της [[Βασίλειο της Μεγάλης Βρετανίας|βρετανικής]] κυριαρχίας.\n*[[1844]] - Ο [[Σάμιουελ Μορς]] στέλνει το μήνυμα \"What hath God wrought\" («Τι κατόρθωσε ο Θεός!», απόσπασμα από την [[Αγία Γραφή]], [[Αριθμοί (βιβλίο)|Αριθμοί]] 23:23) από το [[Καπιτώλιο των Ηνωμένων Πολιτειών]] στο βοηθό του στη [[Βαλτιμόρη]] ([[Μέριλαντ]]), για να εγκαινιάσει την πρώτη [[Τηλεγραφία|τηλεγραφική γραμμή]].\n*[[1883]] - Μετά από 14 χρόνια κατασκευής παραδίδεται στην κυκλοφορία η [[Γέφυρα του Μπρούκλιν]].\n*[[1915]] - [[Α΄ Παγκόσμιος Πόλεμος]]: Το [[Βασίλειο της Ιταλίας]] κηρύσσει τον πόλεμο στην [[Αυστροουγγαρία]] και μπαίνει στη σύγκρουση στο πλευρό των συμμάχων.\n*[[1940]] - Πραγματοποιείται στο [[Μεξικό]] αποτυχημένη απόπειρα δολοφονίας του επαναστάτη [[Λέων Τρότσκι]], ενορχηστρωμένη από πράκτορα του [[Λαϊκό Κομισαριάτο Εσωτερικών Υποθέσεων|Λαϊκού Κομισαριάτου Εσωτερικών Υποθέσεων]], ενεργώντας υπό τις διαταγές του [[Ένωση Σοβιετικών Σοσιαλιστικών Δημοκρατιών|Σοβιετικού]] ηγέτη [[Ιωσήφ Στάλιν]].\n*[[1941]] - [[Β΄ Παγκόσμιος Πόλεμος]]: Στη ναυμαχία του [[Πορθμός της Δανίας|Πορθμού της Δανίας]], το [[Ναζιστική Γερμανία|γερμανικό]] [[Μπίσμαρκ (θωρηκτό)|θωρηκτό ''Bismark'']] βυθίζει το καμάρι του [[Βασιλικό Ναυτικό|Βασιλικού Ναυτικού]] ''Hood'', σκοτώνοντας όλα τα μέλη του πληρώματος εκτός από τρία.\n*[[1956]] - Πραγματοποιείται στο [[Λουγκάνο]] της [[Ελβετία]]ς ο πρώτος [[Διαγωνισμός Τραγουδιού Eurovision]].\n*[[1960]] - Μετά τον [[Μεγάλος σεισμός της Βαλδίβια (1960)|μεγάλο σεισμό της Βαλδίβια]], τον μεγαλύτερο [[Σεισμός|σεισμό]] που έχει καταγραφεί ποτέ, αρχίζει να εκρήγνυται το [[Πουγέγουε-Κορντόν Κάουγε]]. \n*[[1961]] - [[Ηνωμένες Πολιτείες Αμερικής|Αμερικανικό]] κίνημα για τα πολιτικά δικαιώματα: Οι [[Επιβάτες για την Ελευθερία]] συλλαμβάνονται στο [[Τζάκσον (Μισισίπι)]] μετά την αποβίβαση από το λεωφορείο τους.\n*[[1962]] - [[Πρόγραμμα Μέρκιουρι]]: ο [[Ηνωμένες Πολιτείες Αμερικής|Αμερικανός]] [[αστροναύτης]] [[Σκοτ Κάρπεντερ]] πραγματοποιεί τρεις περιστροφές στην τροχιά της [[Γη]]ς μέσα στο θαλαμίσκο Ορόρα 7.\n* [[1964]] - Οι πιο αιματηρές ταραχές, που ξεσπούν ποτέ κατά τη διάρκεια ποδοσφαιρικού αγώνα, γίνονται στη [[Λίμα]] μεταξύ του ματς [[Αργεντινή]]ς και [[Περού]] για τα προκριματικά του Ολυμπιακού Τουρνουά, όταν ο διαιτητής ακυρώνει γκολ της ομάδας του Περού. Οι νεκροί ανέρχονται στους 300 και οι τραυματίες τους 650.\n* [[1968]] - Φοιτητές βάζουν φωτιά στο [[Χρηματιστήριο]] του Παρισιού.\n* [[1981]] - Τα αποτελέσματα των κυπριακών εκλογών είναι: [[ΑΚΕΛ]] 32,86%, [[Δημοκρατικός Συναγερμός|ΔΗΣΥ]] 31,85%, [[ΔΗΚΟ]] 19,69%.\n* [[1982]] - Τα ιρακινά στρατεύματα υποχρεώνονται να εγκαταλείψουν το λιμάνι Χοραμσάρ, στα νότια του Ιράν, το οποίο είχαν καταλάβει πριν από 20 μήνες.\n* [[1990]] - Η [[ΑΚ Μίλαν|Μίλαν]] κατακτά το τέταρτό της [[Κύπελλο Πρωταθλητριών Ευρώπης]] νικώντας τη [[Μπενφίκα]] με 1-0.          \n* [[1991]] - Στην [[Ινδία]], αποτεφρώνεται η σορός του δολοφονηθέντος πρωθυπουργού [[Ρατζίβ Γκάντι]].\n* [[1991]] - Στην [[Ιταλία]], σε σύσκεψη που πραγματοποιείται μεταξύ υπουργών, αποφασίζεται να διωχθούν οι [[Αλβανία|Αλβανοί]] φυγάδες, που δεν βρίσκουν δουλειά.\n* [[1992]] - Στην [[Ταϊλάνδη]], ο πρωθυπουργός [[Κραπραγιούν]] ανακοινώνει την παραίτησή του, βάζοντας τέρμα στη σύντομη αλλά αιματηρή του θητεία.\n* [[1993]] - Δυο χρόνια μετά το τέλος του πολέμου με την [[Αιθιοπία]], η Δημοκρατία της Ερυθραίας κηρύσσει και επίσημα την ανεξαρτησία της.\n* [[1993]] - Στο Φεστιβάλ Κινηματογράφου των Κανών, το Χρυσό Φοίνικα μοιράζονται εξίσου το «Πιάνο» της Τζέιν Κάμπιον και το «Αντίο Παλλακίδα μου» του Τσεν Κεγκ.\n* [[1995]] - Ο Πρόεδρος της [[Γιουγκοσλαβία]]ς [[Σλόμπονταν Μιλόσεβιτς]] απορρίπτει την πρόταση να αναγνωρίσει τη Βοσνία-Ερζεγοβίνη με αντάλλαγμα την άρση των κυρώσεων, που είχαν επιβληθεί από τον ΟΗΕ στη χώρα του.\n* [[1995]] - Στη Βρετανία, πεθαίνει σε ηλικία 79 ετών ο Χάρολντ Ουίλσον, πρώην ηγέτης των Εργατικών, που κέρδισε τέσσερις εκλογικές αναμετρήσεις και ισάριθμες πρωθυπουργίες έως το [[1976]].\n* [[1998]] - Ο [[ΚΑΕ Παναθηναϊκός Α.Ο.|ΠΑΟ]] ανακηρύσσεται πρωταθλητής Ελλάδος στο μπάσκετ μετά από 14 χρόνια νικώντας τον [[ΠΑΟΚ]] με 68-58 στον 5ο τελικό των playoffs.\n* [[2000]] - Η [[Ρεάλ Μαδρίτης]] νικά την [[Βαλένθια]] με 3-0 στον ''ισπανικό'' τελικό του Champions League και κατακτά τον 8ο ευρωπαϊκό της τίτλο.\n* [[2001]] - Ο 15χρονος Τεμπα Τσχέρι, οδηγός ορειβατικής αποστολής, γίνεται ο νεότερος άνθρωπος, που πατά την κορυφή [[Έβερεστ]].\n\n== Γεννήσεις ==\n*[[15 π.Χ.]] - [[Γερμανικός]], Ρωμαίος στρατηγός\n*[[1494]] - [[Τζάκοπο Ποντόρμο]], Ιταλός ζωγράφος\n*[[1686]] - [[Ντάνιελ Γκάμπριελ Φαρενάιτ]], Γερμανός φυσικός και εφευρέτης\n*[[1743]] - [[Ζαν Πολ Μαρά]], Γάλλος επαναστάτης\n*[[1803]] - [[Σαρλ Λουσιέν Βοναπάρτης]], Γάλλος φυσιοδίφης και ορνιθολόγος\n*[[1819]] - [[Βασίλισσα Βικτώρια|Βικτώρια]], βασίλισσα του Ηνωμένου Βασιλείου\n*[[1854]] - [[Πρίγκιπας Λουδοβίκος του Μπάττενμπεργκ]]\n*[[1874]] - [[Μαρία της Έσσης και του Ρήνου]]\n*[[1875]] - [[Ρόμπερτ Γκάρετ]], Αμερικανός αθλητής\n*[[1883]] - [[Έλσα Μάξγουελ]], Αμερικανίδα δημοσιογράφος\n*[[1899]] - [[Ανρί Μισώ]], Γάλλος συγγραφέας και ζωγράφος \n*[[1900]] - [[Εντουάρντο Ντε Φιλίππο]], Ιταλός ηθοποιός και σεναριογράφος\n*[[1905]] - [[Μιχαήλ Σόλοχοφ]], Ρώσος συγγραφέας\n*[[1906]] - [[Χάρρυ Χ. Χες]], Αμερικανός γεωλόγος\n*[[1907]] - [[Αλεξάντερ Γκιράρντ]], Αμερικανός αρχιτέκτονας και σχεδιαστής εσωτερικών χώρων\n*[[1924]] - [[Αλέξης Πάρνης]], Έλληνας συγγραφέας\n*[[1928]] - [[Άντριαν Φρούτιγκερ]], Ελβετός σχεδιαστής γραμματοσειρών\n*[[1931]] - [[Γιάνι Μπάσο]], Ιταλός σαξοφωνίστας\n*[[1938]] - [[Μαξ Ρόμαν]], Έλληνας κινηματογραφικός παραγωγός\n*[[1940]] - [[Γιόζεφ Μπρόντσκι]], Ρώσος ποιητής\n*[[1941]] - [[Μπομπ Ντίλαν]], Αμερικανός τραγουδοποιός\n*[[1942]] - [[Χάνου Μίκολα]], Φινλανδός οδηγός αγώνων\n*[[1945]] - [[Ντρις Ζετού]], Μαροκινός πολιτικός\n*[[1945]] - [[Πρισίλα Πρίσλεϋ]], Αμερικανίδα ηθοποιός και επιχειρηματίας\n*[[1946]] - [[Ιρένα Σεβίνσκα]], Πολωνέζα αθλήτρια\n*[[1946]] - [[Τανσού Τσιλέρ]], Τουρκάλα πολιτικός\n*[[1960]] - [[Κριστίν Σκοτ Τόμας]], Αγγλίδα ηθοποιός\n*[[1966]] - [[Ερίκ Καντονά]], Γάλλος ποδοσφαιριστής\n*[[1967]] - [[Ντέινα Άσμπρουκ]], Αμερικανός ηθοποιός\n*[[1973]] - [[Ρουσλάνα]], Ουκρανή τραγουδίστρια\n*[[1975]] - [[Γιάννης Γκούμας]], Έλληνας ποδοσφαιριστής\n*[[1978]] - [[Ντ' Άντζελο Ντινέρο]], Αμερικανός παλαιστής\n*[[1979]] - [[Τρέισι Μακ Γκρέιντι]], Αμερικανός καλαθοσφαιριστής\n*[[1979]] - [[Λευτέρης Ελευθερίου]], Έλληνας ηθοποιός \n*[[1979]] - [[Πάνος Μουζουράκης]], Έλληνας τραγουδιστής \n*[[1986]] - [[Γιάννης Κοντοές]], Έλληνας ποδοσφαιριστής\n*[[1988]] - [[Νικηφόρος (τραγουδιστής)|Νικηφόρος]], Έλληνας τραγουδιστής\n\n== Θάνατοι ==\n*[[1107]] - [[Ραϋμόνδος της Βουργουνδίας]], κόμης της Γαλικίας\n*[[1153]] - [[Δαυίδ Α' της Σκωτίας|Δαυίδ Α΄]], βασιλιάς της Σκωτίας\n*[[1413]] - [[Χέρμαν Β΄ της Έσσης|Χέρμαν Β΄]], λάντγκραβος της Έσσης\n*[[1543]] - [[Νικόλαος Κοπέρνικος]], Πολωνός αστρονόμος\n*[[1632]] - [[Ρόμπερτ Χιουζ]], Άγγλος μαθηματικός και γεωγράφος\n*[[1924]] - [[Τσαρλς Τάουνσεντ]], Άγγλος στρατηγός\n*[[1949]] - [[Αλεξέι Σιούσεφ]], Ρώσος αρχιτέκτονας\n*[[1963]] - [[Έλμορ Τζέιμς]], Αμερικανός τραγουδοποιός και κιθαρίστας\n*[[1964]] - [[Τάσος Κουλαμπάς]], Έλληνας συνδικαλιστής και πολιτικός\n*[[1969]] - [[Παντελεήμων Αργυροκάστρου|Παντελεήμων]], επίσκοπος Αργυροκάστρου \n*[[1974]] - [[Ντιουκ Έλινγκτον]], Αμερικανός συνθέτης και πιανίστας\n*[[1980]] - [[Ιωάννης Σ. Αλεξάκης]], Έλληνας στρατιωτικός\n*[[1984]] - [[Βινς Μακμάν Sr.]], Αμερικανός επιχειρηματίας\n*[[1995]] - [[Χάρολντ Ουίλσον]], Άγγλος πολιτικός\n*[[2005]] - [[Μιχάλης Κούσης]], Έλληνας αθλητής\n\n== Αργίες και εορτές ==\n\n=== [[Ορθόδοξη Εκκλησία]] ===\n{{Πύλη:Ορθοδοξία/Εορτολόγιο/24 Μαΐου}}\n\n{{Μήνες}}\n\n[[Κατηγορία:Ημέρες του έτους]]"}}}]}]}}