{"batchcomplete":true,"query":{"normalized":[{"fromencoded":false,"from":"25_Σεπτεμβρίου","to":"25 Σεπτεμβρίου"}],"pages":[{"pageid":8050,"ns":0,"title":"25 Σεπτεμβρίου","revisions":[{"slots":{"main":{"contentmodel":"wikitext","contentformat":"text/x-wiki","content":"{{Μήνες Σεπτεμβρίου}}\n\n<center>[[24 Σεπτεμβρίου]] | '''25 Σεπτεμβρίου''' | [[26 Σεπτεμβρίου]]</center>\n\n----\nΗ '''25η Σεπτεμβρίου''' είναι η 268η ημέρα του έτους κατά το [[Γρηγοριανό ημερολόγιο]] (269η σε δίσεκτα έτη). Υπολείπονται 97 ημέρες.\n{{ΗμερολόγιοΣεΠίνακα|9}}\n\n== Γεγονότα ==\n*[[1066]] - Η [[μάχη του Στάμφορντ Μπριτζ]] σηματοδοτεί το τέλος των επιδρομών των [[Βίκινγκ]] στην [[Αγγλία]].\n*[[1237]] - Η [[Βασίλειο της Αγγλίας|Αγγλία]] και η [[Σκωτία]] υπογράφουν στο [[Γιορκ]] συνθήκη, με την οποία καθορίζουν τη θέση των κοινών συνόρων τους.\n*[[1396]] - Ο [[Οθωμανική Δυναστεία|Οθωμανός αυτοκράτορας]] [[Βαγιαζήτ Α΄]] νικά έναν χριστιανικό στρατό στη μάχη της Νικόπολης.\n*[[1513]] - Ο [[Ισπανία|Ισπανός]] εξερευνητής [[Βάσκο Νούνιες ντε Μπαλμπόα]] φτάνει στον [[Ειρηνικός Ωκεανός|Ειρηνικό Ωκεανό]].\n*[[1555]] - Ο [[Κάρολος Κουίντος]] και οι πρίγκιπες της [[Ένωση του Σμαλκάλντεν|Ένωσης του Σμαλκάλντεν]] υπογράφουν στο [[Άουγκσμπουργκ]] την Ειρήνη του Άουγκσμπουργκ.\n*[[1789]] - Το [[Κογκρέσο των Ηνωμένων Πολιτειών]] εγκρίνει δώδεκα τροποποιήσεις στο Σύνταγμα των [[Ηνωμένες Πολιτείες Αμερικής|Η.Π.Α.]], μεταξύ των οποίων και οι δέκα που είναι γνωστές ως [[Διακήρυξη των Ανθρωπίνων Δικαιωμάτων (1791)|Διακήρυξη των Ανθρωπίνων Δικαιωμάτων]].\n*[[1846]] - Οι [[Ηνωμένες Πολιτείες Αμερικής|αμερικανικές]] δυνάμεις υπό την ηγεσία του [[Ζαχαρίας Τέιλορ|Ζαχαρία Τέιλορ]] καταλαμβάνουν τη [[Μεξικό|μεξικανική]] πόλη [[Μοντερρέι]].\n*[[1915]] - [[Α΄ Παγκόσμιος Πόλεμος]]: Αρχίζει η δεύτερη μάχη της [[Καμπανία (επαρχία)|Καμπανίας]].\n*[[1932]] - [[Ελληνικές βουλευτικές εκλογές 1932|Ελληνικές βουλευτικές εκλογές]]: Κανένα κόμμα δεν κερδίζει την αυτοδυναμία. Πρώτο αναδεικνύεται το [[Λαϊκό Κόμμα]] του [[Παναγής Τσαλδάρης|Παναγή Τσαλδάρη]] με ποσοστό 33,80%. Το [[Κόμμα Φιλελευθέρων]] του [[Ελευθέριος Βενιζέλος|Ελευθερίου Βενιζέλου]] έλαβε 33,42%. Και τα δύο κόμματα κερδίζουν από 84 έδρες.  \n*[[1962]] - Η [[Αλγερία]] ανακηρύσεται επίσημα σε Λαϊκή Δημοκρατία.\n*[[1978]] - [[Boeing 727]] συγκρούεται με Cessna στο [[Σαν Ντιέγκο]], σκοτώνοντας 144 άτομα.\n*[[1992]] - Η Ρωσία ολοκληρώνει την αποχώρηση των πρώην σοβιετικών στρατευμάτων από τη [[Μογγολία]].\n* [[1997]]-Ο [[Φαν Βαν Κάι]] αναλαμβάνει Πρωθυπουργός στο Βιετνάμ.\n* [[2001]]- Στο νησί [[Ανζουάν]] των [[Κομόρες|Κομορών]], ο στρατός καταστέλλει απόπειρα πραξικοπήματος, που επιχειρήθηκε από στρατιώτες προσκείμενους στον πρώην κυβερνήτη το νησιού, Σ. Αχμέτ.\n* [[2003]] - Σεισμός μεγέθους 8,0 βαθμών Ρίχτερ στα ανοικτά της Ιαπωνίας.\n* [[2005]] - Η Εθνική ομάδα της Ελλάδος στο μπάσκετ κατακτά το [[Ευρωμπάσκετ 2005|Πανευρωπαϊκό πρωτάθλημα]] για δεύτερη φορά στην ιστορία της κερδίζοντας στον τελικό στο Βελιγράδι τη Γερμανία.\n* 2005- Ο Ισπανός πιλότος της Φόρμουλα 1 [[Φερνάντο Αλόνσο]], γίνεται ο νεαρότερος πρωταθλητής στην ιστορία του θεσμού, σε ηλικία 24 ετών, ενός μήνα και 26 ημερών με τη Renault σπάζοντας το σερί τίτλων του [[Μίχαελ Σουμάχερ]] και του [[Έμερσον Φιτιπάλντι]]. \n* 2005- Το δεξιό Κόμμα του Νόμου και της Δικαιοσύνης (PiS) κερδίζει τις βουλευτικές εκλογές της Πολωνίας.\n\n== Γεννήσεις ==\n*[[1216]] - [[Ροβέρτος Α΄ του Αρτουά|Ροβέρτος Α΄]], κόμης του Αρτουά\n*[[1403]] - [[Λουδοβίκος Γ΄ του Ανζού]], βασιλιάς της Νάπολης\n*[[1528]] - [[Όθων Β΄ του Χάρμπουργκ|Όθων Β΄]], δούκας του Μπράουνσβαϊχ-Χάρμπουργκ\n*[[1644]] - [[Όλε Ρέμερ]], Δανός αστρονόμος\n*[[1683]] - [[Ζαν Φιλίπ Ραμώ]], Γάλλος συνθέτης\n*[[1726]] - [[Άντζελο Μαρία Μπαντίνι]], Ιταλός βιβλιοθηκάριος\n*[[1771]] - [[Νικολάι Νικολάεβιτς Ραέφσκι]], Ρώσος στρατηγός\n*[[1881]] - [[Λου Σιουν]], Κινέζος συγγραφέας\n*[[1897]] - [[Γουίλιαμ Φώκνερ]], Αμερικανός συγγραφέας\n*[[1903]] - [[Αμπούλ Αλά Μαουντούντι]], Πακιστανός δημοσιογράφος και φιλόσοφος\n*[[1903]] - [[Μαρκ Ρόθκο]], Λετονός ζωγράφος\n*[[1906]] - [[Ντμίτρι Σοστακόβιτς]], Ρώσος συνθέτης\n*[[1918]] - [[Χρυσόστομος Θέμελης]], Έλληνας μητροπολίτης\n*[[1920]] - [[Σεργκέι Μπονταρτσούκ]], Σοβιετικός σκηνοθέτης\n*[[1922]] - [[Χάμερ ντε Ρομπίρτ]], πρόεδρος του Ναουρού\n*[[1932]] - [[Γκλεν Γκουλντ]], Καναδός πιανίστας και συνθέτης\n*[[1935]] - [[Γεώργιος Αναστασόπουλος (ευρωβουλευτής)|Γεώργιος Αναστασόπουλος]], Έλληνας πολιτικός\n*[[1937]] - [[Τάκης Λουκανίδης]], Έλληνας ποδοσφαιριστής\n*[[1944]] - [[Μάικλ Ντάγκλας]], Αμερικανός ηθοποιός\n*[[1947]] - [[Γιάννος Κρανιδιώτης]], Κύπριος διπλωμάτης και πολιτικός\n*[[1949]] - [[Πέδρο Αλμοδόβαρ]], Ισπανός σκηνοθέτης\n*[[1951]] - [[Μαρκ Χάμιλλ]], Αμερικανός ηθοποιός\n*[[1952]] - [[Κρίστοφερ Ριβ]], Αμερικανός ηθοποιός\n*[[1952]] - [[Μπελλ Χουκς]], Αμερικανίδα συγγραφέας και ακτιβίστρια\n*[[1955]] - [[Καρλ-Χάινς Ρουμενίγκε]], Γερμανός ποδοσφαιριστής\n*[[1955]] - [[Τσούκερο]], Ιταλός τραγουδιστής\n*[[1964]] - [[Δημήτρης Λιγνάδης]], Έλληνας ηθοποιός και σκηνοθέτης \n*[[1965]] - [[Γιώργης Ξυλούρης]], Έλληνας τραγουδιστής\n*[[1965]] - [[Σκότι Πίπεν]], Αμερικανός καλαθοσφαιριστής\n*[[1968]] - [[Γουίλ Σμιθ]], Αμερικανός ηθοποιός και ράπερ (DJ Jazzy Jeff & The Fresh Prince)\n*[[1969]] - [[Κάθριν Ζέτα-Τζόουνς]], Ουαλή ηθοποιός\n*[[1971]] - [[Νίκος Μπουντούρης]], Έλληνας καλαθοσφαιριστής\n*[[1971]] - [[Νίκος Ψαρράς]], Έλληνας ηθοποιός \n*[[1976]] - [[Ζε Ελίας]], Βραζιλιάνος ποδοσφαιριστής\n*[[1980]] - [[Ηλίας Χαραλάμπους]], Κύπριος ποδοσφαιριστής\n*[[1983]] - [[Ντόναλντ Γκλόβερ]], Αμερικανός ηθοποιός\n*[[1984]] - [[Λεξ (ράπερ)|ΛΕΞ]], Έλληνας ράπερ\n*[[1991]] - [[Αλεξάντερ Ρόσι]], Αμερικανός οδηγός αγώνων\n\n== Θάνατοι ==\n*[[275]] - [[Αυρηλιανός]], Ρωμαίος αυτοκράτορας\n*[[1066]] - [[Τόστικ Γκόντουινσον]], κόμης της Νορθουμβρίας\n*[[1066]] - [[Χάραλντ Γ΄ της Νορβηγίας|Χάραλντ Γ΄]], βασιλιάς της Νορβηγίας \n*[[1086]] - [[Γουλιέλμος Η΄ της Ακουιτανίας|Γουλιέλμος Η΄]], δούκας της Ακουιτανίας\n*[[1334]] - [[Φίλιππος Α΄ του Πεδεμοντίου|Φίλιππος Α΄]], κόμης του Πεδεμόντιου\n*[[1491]] - [[Ιωάννης Β΄ του Νεβέρ|Ιωάννης Β΄]], κόμης του Νεβέρ\n*[[1506]] - [[Φίλιππος Α΄ της Καστίλης|Φίλιππος Α΄]], βασιλιάς της Καστίλης\n*[[1534]] - [[Πάπας Κλήμης Ζ΄]]\n*[[1544]] - [[Βαλέριους Κόρντους]], Γερμανός βοτανολόγος\n*[[1777]] - [[Γιόχαν Χάινριχ Λάμπερτ]], Ελβετός μαθηματικός, φυσικός, φιλόσοφος και αστρονόμος\n*[[1849]] - [[Νικηταράς]], Έλληνας οπλαρχηγός\n*[[1928]] - [[Ρίτσαρντ Άουτκολτ]], Αμερικανός δημιουργός κόμικς\n*[[1933]] - [[Πάουλ Έρενφεστ]], Αυστριακός φυσικός\n*[[1949]] - [[Πολυχρόνης Πολυχρονιάδης]], Έλληνας πολιτικός\n*[[1958]] - [[Τζον Γουάτσον (ψυχολόγος)|Τζον Γουάτσον]], Αμερικανός ψυχολόγος\n*[[1965]] - [[Γεώργιος Στανωτάς]], Έλληνας στρατιωτικός\n*[[1970]] - [[Έριχ Μαρία Ρεμάρκ]], Γερμανός συγγραφέας\n*[[1980]] - [[Λιούις Μάιλστοουν]], Ρώσος σκηνοθέτης\n*[[1980]] - [[Τζον Μπόναμ]], Άγγλος ντράμερ ([[Led Zeppelin]])\n*[[1980]] - [[Μάριε Ούντερ]], Εσθονή ποιήτρια\n*[[1983]] - [[Λεοπόλδος Γ΄ του Βελγίου|Λεοπόλδος Γ΄]], βασιλιάς του Βελγίου\n*[[1986]] - [[Νικολάι Σιμιόνοφ]], Ρώσος χημικός\n*[[1991]] - [[Κλάους Μπάρμπι]], Γερμανός στρατιωτικός\n*[[2002]] - [[Ζακ Μπορέλ]], Γάλλος συγγραφέας\n*[[2003]] - [[Φράνκο Μοντιλιάνι]], Ιταλός οικονομολόγος\n*[[2003]] - [[Ντόναλντ Νίκολ]], Άγγλος βυζαντινολόγος \n*[[2008]] - [[Ντέρογκ Γκιούρα]], πρόεδρος του Ναουρού\n*[[2012]] - [[Νίκη Λινάρδου]], Ελληνίδα ηθοποιός\n*[[2012]] - [[Αλέξης Σολομός]], Έλληνας σκηνοθέτης\n*[[2014]] - [[Σουλεϊμάν Τίχιτς]], Βόσνιος πολιτικός\n*[[2015]] - [[Κλαούντιο Μπαγκίνι]], Ιταλός επίσκοπος\n*[[2016]] - [[Ρενέ Μαρσιγκλιά]], Γάλλος ποδοσφαιριστής και προπονητής\n*[[2016]] - [[Ναχίντ Χατάρ]], Ιορδανός συγγραφέας\n*[[2017]] - [[Σοφία Ολυμπίου]], Ελληνίδα ηθοποιός\n\n== Αργίες και εορτές ==\nΠαγκόσμια ημέρα περιββαλοντικής δράσης.\n\n=== [[Ορθόδοξη Εκκλησία]] ===\n{{Πύλη:Ορθοδοξία/Εορτολόγιο/25 Σεπτεμβρίου}}\n\n{{commonscat|25 September}}\n\n{{Μήνες}}\n\n[[Κατηγορία:Ημέρες του έτους]]"}}}]}]}}