{"batchcomplete":true,"query":{"normalized":[{"fromencoded":false,"from":"25_Ιανουαρίου","to":"25 Ιανουαρίου"}],"pages":[{"pageid":1120,"ns":0,"title":"25 Ιανουαρίου","revisions":[{"slots":{"main":{"contentmodel":"wikitext","contentformat":"text/x-wiki","content":"{{5μήνες|μ=1}}\n\n<center>[[24 Ιανουαρίου]] | '''25 Ιανουαρίου''' | [[26 Ιανουαρίου]]</center>\n\n----\nΗ '''25η Ιανουαρίου''' είναι η 25η ημέρα του έτους κατά το [[Γρηγοριανό ημερολόγιο]]. Υπολείπονται 340 ημέρες (341 σε δίσεκτα έτη).\n\n{|width=100%\n| __TOC__\n| {{ΗμερολόγιοΣεΠίνακα|1}}\n|}\n\n== Γεγονότα ==\n*[[750]] - Οι εξεγερμένοι [[Χαλιφάτο των Αββασιδών|Αββασίδες]] νικούν τους [[Χαλιφάτο των Ομεϋαδών|Ομεϋάδες]] στη μάχη του Ζαμπ, οδηγώντας στην ανατροπή της δυναστείας.\n*[[1204]] - Η συνεχιζόμενη οικονομική εξάντληση του πληθυσμού για την εξασφάλιση των χρημάτων που ο [[Βυζαντινή αυτοκρατορία|αυτοκράτορας]] [[Αλέξιος Δ΄ Άγγελος]] είχε υποσχεθεί στους [[σταυροφορίες|σταυροφόρους]], οδηγούν λαό και μοναχούς σε εξέγερση.\n*[[1348]] - Ισχυρός σεισμός χτυπά την περιοχή του Φρίουλι στην [[Ιταλία]] προκαλώντας μεγάλες καταστροφές κτιρίων μέχρι τη [[Ρώμη]]. \n*[[1494]] - Ο [[Αλφόνσος Β΄ της Νάπολης|Αλφόνσος Β΄]] γίνεται βασιλιάς της [[Νάπολη]]ς.\n*[[1515]] - Ο [[Φραγκίσκος Α΄ της Γαλλίας|Φραγκίσκος Α΄]] στέφεται βασιλιάς της [[Γαλλία]]ς.\n*[[1533]] - Ο [[Ερρίκος Η΄ της Αγγλίας]] παντρεύεται μυστικά τη δεύτερη σύζυγό του [[Άννα Μπολέυν]].\n*[[1554]] - Ιδρύεται η πόλη [[Σάο Πάολο]] στη [[Βραζιλία]]. \n*[[1573]] - Ο Τακέντα Σίνγκεν νικά τον [[Τοκουγκάβα Ιεγιάσου]] στη μάχη της Μικαταγκαχάρα.\n*[[1575]] - Ιδρύεται η [[Λουάντα]], πρωτεύουσα της [[Ανγκόλα]]ς.\n*[[1755]] - Ιδρύεται το [[Κρατικό Πανεπιστήμιο της Μόσχας]].\n*[[1833]] - Άφιξη του βασιλιά [[Όθων της Ελλάδας|Όθωνα]] στο [[Ναύπλιο]].\n*[[1847]] - [[Μουσουρικά]]: ο [[Κωνσταντίνος Μουσούρος]], πρέσβης της [[Οθωμανική Αυτοκρατορία|Οθωμανικής αυτοκρατορίας]] στην [[Αθήνα]], αρνείται να χορηγήσει διαβατήριο στον υπασπιστή του βασιλιά [[Όθων της Ελλάδας|Όθωνα]], [[Δημήτριος Καρατάσος|Δημήτριο Καρατάσο]], γεγονός που θα οδηγήσει σε διακοπή των διπλωματικών σχέσεων μεταξύ των δύο χωρών.\n*[[1858]] - Στο γάμο της [[Βικτωρία Αυγούστα|Βικτωρίας Αυγούστας]], κόρης της [[Βασίλισσα Βικτωρία|βασίλισσας Βικτωρίας]], με τον [[Φρειδερίκος Γ΄ της Γερμανίας|Φρειδερίκο Γ΄ της Γερμανίας]] παίζεται το ''Γαμήλιο Εμβατήριο'' του [[Φέλιξ Μέντελσον-Μπαρτόλντυ]] και γίνεται δημοφιλές απολυτίκιο γάμου.\n*[[1909]] - Η όπερα ''Ηλέκτρα'' του [[Ρίχαρντ Στράους]] κάνει πρεμιέρα στην Κρατική Όπερα της [[Δρέσδη]]ς.\n*[[1932]] - [[Δεύτερος Σινοϊαπωνικός Πόλεμος]]: Ο [[Δημοκρατία της Κίνας (1912–49)|κινεζικός]] Εθνικός Επαναστατικός Στρατός αρχίζει την άμυνα του [[Χαρμπίν]].\n*[[1935]] - Ο ποιητής [[Ανδρέας Εμπειρίκος]] δίνει μία ιστορικά σημαντική διάλεξη «Περί σουρρεαλισμού» στη Λέσχη Καλλιτεχνών, εισάγοντας ουσιαστικά τον [[Υπερρεαλισμός|υπερρεαλισμό]] στην [[Ελλάδα]].\n*[[1942]] - [[Β΄ Παγκόσμιος Πόλεμος]]: η [[Ταϊλάνδη]] κηρύσσει τον πόλεμο στις [[Ηνωμένες Πολιτείες Αμερικής]] και το [[Ηνωμένο Βασίλειο]]. \n*[[1945]] - [[Β΄ Παγκόσμιος Πόλεμος]]: Λήγει η [[μάχη των Αρδεννών]].\n*[[1949]] - Απονέμονται τα πρώτα [[βραβεία Έμμυ]].\n*[[1955]] - Η [[Ένωση Σοβιετικών Σοσιαλιστικών Δημοκρατιών|Σοβιετική Ένωση]] δίνει τέλος στην κατάσταση πολέμου με τη [[Γερμανία]].\n*[[1962]] - Ο [[αρχιεπίσκοπος Ιάκωβος]] παραιτείται κατόπιν ισχυρότατων πιέσεων από την [[Κυβέρνηση Κωνσταντίνου Γ. Καραμανλή 1961|κυβέρνηση]], αλλά και μεγάλου αριθμού μητροπολιτών.\n*[[1964]] - Ιδρύεται η Blue Ribbon Sports, η οποία αργότερα θα μετονομαστεί σε [[Nike]].\n*[[1971]] - Ο [[Ιντί Αμίν]] πραγματοποιεί πραξικόπημα με το οποίο καθαιρεί τον Μίλτον Ομπότε και γίνεται πρόεδρος της [[Ουγκάντα]]ς.\n*[[2015]] - [[Ελληνικές βουλευτικές εκλογές Ιανουαρίου 2015|Ελληνικές βουλευτικές εκλογές]]: Ο [[Συνασπισμός Ριζοσπαστικής Αριστεράς|ΣΥ.ΡΙΖ.Α]] κερδίζει με ποσοστό 36,34%. έναντι της [[Νέα Δημοκρατία|Νέας Δημοκρατίας]] με 27,81%.\n\n== Γεννήσεις ==\n*[[750]] - [[Λέων Δ΄]], Βυζαντινός αυτοκράτορας\n*[[1477]] - [[Άννα της Βρετάνης]], βασίλισσα της Γαλλίας\n*[[1493]] - [[Μαξιμιλιανός Σφόρτσα]], δούκας του Μιλάνου\n*[[1615]] - [[Χόφερτ Φλινκ]], Ολλανδός ζωγράφος\n*[[1627]] - [[Ρόμπερτ Μπόιλ]], Ιρλανδός χημικός\n*[[1736]] - [[Ζοζέφ Λουί Λαγκράνζ]], Ιταλός μαθηματικός\n*[[1759]] - [[Ρόμπερτ Μπερνς]], Σκωτσέζος ποιητής\n*[[1874]] - [[Ουίλιαμ Σόμερσετ Μομ]], Άγγλος συγγραφέας\n*[[1875]] - [[Σωτήριος Βεζανής]], Έλληνας νομικός και βιομήχανος\n*[[1882]] - [[Βιρτζίνια Γουλφ]], Αγγλίδα συγγραφέας\n*[[1886]] - [[Βίλχελμ Φούρτβενγκλερ]], Γερμανός διευθυντής ορχήστρας\n*[[1917]] - [[Ιλιά Πριγκόζιν]], Ρώσος επιστήμονας\n*[[1925]] - [[Γιώργος Ζαμπέτας]], Έλληνας συνθέτης\n*[[1925]] - [[Έντουαρντ Κόλμαν]], Αμερικανός κινηματογραφιστής\n*[[1928]] - [[Έντβαρντ Σεβαρντνάτζε]], Γεωργιανός πολιτικός\n*[[1929]] - [[Ρομπέρ Φωρισόν]], Γάλλος ακαδημαϊκός\n*[[1933]] - [[Κορασόν Ακίνο]], Φιλιππινέζα πολιτικός\n*[[1938]] - [[Βλαντίμιρ Βισότσκι]], Ρώσος ηθοποιός, μουσικός και ποιητής\n*[[1938]] - [[Έτα Τζέιμς]], Αμερικανίδα τραγουδίστρια\n*[[1939]] - [[Τζόρτζιο Γκάμπερ]], Ιταλός τραγουδοποιός\n*[[1942]] - [[Εουσέμπιο]], Πορτογάλος ποδοσφαιριστής\n*[[1943]] - [[Τόμπι Χούπερ]], Αμερικανός σκηνοθέτης\n*[[1948]] - [[Χαλίφα μπιν Ζαγέντ αλ Ναχαγιάν]], πρόεδρος των Ηνωμένων Αραβικών Εμιράτων\n*[[1954]] - [[Ρικάρδο Μποτσίνι]], Αργεντινός ποδοσφαιριστής\n*[[1954]] - [[Κώστας Τσίκας]], Έλληνας ποδοσφαιριστής\n*[[1971]] - [[Λούκα Μπαντοέρ]], Ιταλός παλαίμαχος οδηγός αγώνων\n*[[1974]] - [[Αδάμ Μπουσδούκος]], Έλληνας ηθοποιός\n*[[1975]] - [[Τιμ Μοντγκόμερι]], Αμερικανός αθλητής\n*[[1976]] - [[Δημήτρης Ναλιτζής]], Έλληνας ποδοσφαιριστής\n*[[1978]] - [[Βολοντίμιρ Ζελένσκι]], Ουκρανός ηθοποιός και πολιτικός\n*[[1979]] - [[Κατερίνα Παπουτσάκη]], Ελληνίδα ηθοποιός\n*[[1980]] - [[Τσάβι Ερνάντεθ]], Ισπανός ποδοσφαιριστής \n*[[1980]] - [[Μισέλ ΜακΚουλ]], Αμερικανίδα παλαιστής\n*[[1980]] - [[Στάθης Ταυλαρίδης]], Έλληνας ποδοσφαιριστής\n*[[1981]] - [[Τόσε Πρόεσκι]], Σλαβομακεδόνας τραγουδιστής\n*[[1981]] - [[Ντιόγκο Ροντρίγκες Σιστόν]], Βραζιλιάνος ποδοσφαιριστής\n*[[1984]] - [[Στέφαν Κίσλινγκ]], Γερμανός ποδοσφαιριστής\n*[[1984]] - [[Ρομπίνιο]], Βραζιλιάνος ποδοσφαιριστής\n*[[1985]] - [[Τίνα Κάρολ]], Ουκρανή τραγουδίστρια\n\n== Θάνατοι ==\n*[[390]] - [[Γρηγόριος Ναζιανζηνός]], Πατριάρχης Κωνσταντινουπόλεως\n*[[477]] - [[Γιζέριχος]], βασιλιάς των Βανδάλων\n*[[750]] - [[Ιμπραήμ ιμπν αλ-Ουαλίντ]], Άραβας χαλίφης\n*[[844]] - [[Πάπας Γρηγόριος Δ΄]]\n*[[863]] - [[Κάρολος της Προβηγκίας|Κάρολος]], βασιλιάς της Προβηγκίας\n*[[1138]] - [[Αντίπαπας Ανάκλητος Β΄]]\n*[[1139]] - [[Γοδεφρείδος Α΄ του Λουβαίν|Γοδεφρείδος Α΄]], κόμης του Λουβαίν\n*[[1431]] - [[Κάρολος Β΄ της Λωρραίνης|Κάρολος Β΄]], δούκας της Λωρραίνης\n*[[1494]] - [[Φερδινάνδος Α΄ της Νάπολης|Φερδινάνδος Α΄]], βασιλιάς της Νάπολης\n*[[1559]] - [[Χριστιανός Β΄ της Δανίας|Χριστιανός Β΄]], βασιλιάς της Δανίας\n*[[1578]] - [[Μιχριμάχ Σουλτάνα|Μιχριμάχ]], Οθωμανή σουλτάνα\n*[[1670]] - [[Νικόλαος Φραγκίσκος της Λωρραίνης]] δούκας της Λωρραίνης\n*[[1884]] - [[Περικλής Πανταζής]], Έλληνας ζωγράφος\n*[[1907]] - [[Δημήτριος Βερναρδάκης]], Έλληνας συγγραφέας\n*[[1908]] - [[Ουίντα]], Αγγλίδα συγγραφέας\n*[[1916]] - [[Γεώργιος Θεοτόκης]], Έλληνας πολιτικός\n*[[1956]] - [[Γρηγόριος Παπαμιχαήλ]], Έλληνας θεολόγος και ακαδημαϊκός\n*[[1960]] - [[Μπένο Γκούτενμπεργκ]], Γερμανός σεισμολόγος\n*[[1967]] - [[Φατμά Ουλβιγιέ Σουλτάνα]], Οθωμανή πριγκίπισσα\n*[[1972]] - [[Έρχαρντ Μιλχ]], Γερμανός στρατάρχης\n*[[1972]] - [[Σοφία Αντωνιάδη]], Ελληνίδα βυζαντινολόγος\n*[[1985]] - [[Ηλίας Ηλιού]], Έλληνας πολιτικός\n*[[1990]] - [[Ντάμασο Αλόνσο]], Ισπανός ποιητής\n*[[1990]] - [[Άβα Γκάρντνερ]], Αμερικανίδα ηθοποιός\n*[[1990]] - [[Γεώργιος Μ. Παπαγεωργίου]], Έλληνας πολιτικός\n*[[1994]] - [[Στίβεν Κλέινι]], Αμερικανός μαθηματικός\n*[[2004]] - [[Φάνι Μπλάνκερς-Κοέν]], Ολλανδή αθλήτρια\n*[[2005]] - [[Φίλιπ Τζόνσον]], Αμερικανός αρχιτέκτονας\n*[[2008]] - [[Λίτσα Φωκίδου]], Ελληνίδα δημοσιογράφος\n*[[2009]] - [[Μαμαντού Ντιά]], Σενεγαλέζος πολιτικός\n*[[2010]] - [[Σέφης Αναστασάκος]], Έλληνας δικηγόρος, πολιτικός και συγγραφέας\n*[[2013]] - [[Ειρήνη Κουμαριανού]], Ελληνίδα ηθοποιός\n*[[2015]] - [[Ντέμης Ρούσσος]], Έλληνας τραγουδιστής\n*[[2017]] - [[Τζον Χερτ]], Άγγλος ηθοποιός\n\n== Αργίες και εορτές ==\n* {{RUS}} - Ημέρα της Τατιάνας, γιορτάζεται ως Ημέρα των Ρώσων φοιτητών από την ίδρυση του Πανεπιστημίου της [[Μόσχα]]ς το [[1755]].\n\n=== [[Ορθόδοξη Εκκλησία]] ===\n{{Commonscat}}\n\n{{Πύλη:Ορθοδοξία/Εορτολόγιο/25 Ιανουαρίου}}\n\n{{Μήνες}}\n\n[[Κατηγορία:Ημέρες του έτους]]"}}}]}]}}