{"batchcomplete":true,"query":{"normalized":[{"fromencoded":false,"from":"25_Απριλίου","to":"25 Απριλίου"}],"pages":[{"pageid":7259,"ns":0,"title":"25 Απριλίου","revisions":[{"slots":{"main":{"contentmodel":"wikitext","contentformat":"text/x-wiki","content":"{{Μήνες Απριλίου}}\n<center>[[24 Απριλίου]] | '''25 Απριλίου''' | [[26 Απριλίου]]</center>\n\n----\nΗ '''25η Απριλίου''' είναι η 115η ημέρα του έτους κατά το [[Γρηγοριανό ημερολόγιο]].  Υπολείπονται 250 ημέρες.\n\n{{ΗμερολόγιοΣεΠίνακα|4}}\n\n== Γεγονότα ==\n*[[404 π.Χ.]] - Τερματίζεται ο [[Πελοποννησιακός Πόλεμος]] με τη νίκη των [[Αρχαία Σπάρτη|Σπαρτιατών]] του [[Λύσανδρος|Λύσανδρου]] εναντίον των [[Αρχαία Αθήνα|Αθηναίων]].\n*[[799]] - Μετά τον ξυλοδαρμό του από τους πολίτες της [[Ρώμη]]ς, ο [[Πάπας Λέων Γ΄]] διαφεύγει στην αυλή του [[Φραγκία|Φράγκου]] βασιλιά [[Καρλομάγνος|Καρλομάγνου]] για να προστατευτεί.\n*[[1607]] - [[Ογδοηκονταετής Πόλεμος]]: Ο [[Ολλανδική Δημοκρατία|ολλανδικός]] στόλος καταστρέφει τον αγκυροβολημένο [[Ισπανική Αποικιακή Αυτοκρατορία|ισπανικό]] στόλο στο [[Γιβραλτάρ]].\n*[[1792]] - Ο ληστής Νικολά Ζακ Πελετιέ γίνεται ο πρώτος άνθρωπος που εκτελείται στη [[γκιλοτίνα]].  \n*[[1792]] - Ο [[Κλοντ Ζοζέφ Ρουζέ ντε Λιλ]] συνθέτει τη ''[[Η Μασσαλιώτιδα|Μασσαλιώτιδα]]'' (τον [[Εθνικός ύμνος|εθνικό ύμνο]] της [[Γαλλία]]ς).\n*[[1846]] - Ανοικτή σύγκρουση στα αμφισβητούμενα σύνορα του [[Τέξας]] προκαλεί την έναρξη του [[Αμερικανικό-Μεξικανικός πόλεμος|Αμερικανικο-μεξικανικού πολέμου]].\n*[[1859]] - Οι [[Μεγάλη Βρετανία|Βρετανοί]] και οι [[Γαλλία|Γάλλοι]] μηχανικοί ολοκληρώνουν τη διάνοιξη της [[Διώρυγα Σουέζ|Διώρυγας του Σουέζ]].\n*[[1862]] - [[Αμερικανικός Εμφύλιος Πόλεμος]]: Οι δυνάμεις της [[Ένωση (Αμερικανικός Εμφύλιος Πόλεμος)|Ένωσης]] υπό τον [[Ναύαρχος|ναύαρχο]] Ντέιβιντ Φάραγκατ ζητούν την παράδοση της [[Νέα Ορλεάνη|Νέας Ορλεάνης]] από τις [[Συνομόσπονδες Πολιτείες της Αμερικής]]. \n*[[1882]] - [[Γαλλία|Γαλλικά]] και [[Βιετνάμ|βιετναμέζικα]] στρατεύματα συγκρούονται στο [[Τονκίνο]].\n*[[1898]] - [[Ισπανοαμερικανικός πόλεμος]]: Οι [[Ηνωμένες Πολιτείες Αμερικής]] κηρύσσουν τον πόλεμο στην [[Ισπανία]].\n*[[1901]] - Η [[Νέα Υόρκη (πολιτεία)|Νέα Υόρκη]] γίνεται η πρώτη πολιτεία των [[Ηνωμένες Πολιτείες Αμερικής|Η.Π.Α.]] που καθιερώνει τις [[Πινακίδα κυκλοφορίας|πινακίδες κυκλοφορίας]].\n*[[1915]] - [[Α΄ Παγκόσμιος Πόλεμος]]: Αρχίζει η [[εκστρατεία της Καλλίπολης]]. [[Μεγάλη Βρετανία|Βρετανικά]], [[Γαλλία|γαλλικά]], [[Ινδία|ινδικά]], [[Αυστραλία|αυστραλέζικα]] και [[Νέα Ζηλανδία|νεοζηλανδικά]] στρατεύματα εισβάλλουν στην [[Τουρκία|τουρκική]] [[Χερσόνησος της Καλλίπολης|χερσόνησο της Καλλίπολης]].\n*[[1916]] - Τιμάται για πρώτη φορά η [[Ημέρα ANZAC]] προς τιμήν του [[ANZAK]] που μετείχε στην [[εκστρατεία της Καλλίπολης]].\n*[[1940]] - Εγκρίνεται από τη [[Μεγάλη Βρετανία|βρετανική]] κατοχική κυβέρνηση η [[σημαία των Νήσων Φερόες]].  \n*[[1944]] - Πραγματοποιούνται μυστικές εκλογές στην κατεχόμενη [[Ελλάδα]] για την ανάδειξη εκλεκτόρων στο [[Εθνικό Συμβούλιο (ΠΕΕΑ)]].\n*[[1945]] - Οι [[Ένοπλες Δυνάμεις των ΗΠΑ]] και οι [[Σοβιετικές Ένοπλες Δυνάμεις]] συναντώνται κατά μήκος του ποταμού [[Έλβας|Έλβα]] περικόπτοντας στα δύο τη [[Βέρμαχτ]] της [[Ναζιστική Γερμανία|Ναζιστικής Γερμανίας]]. \n*[[1945]] - Ημέρα της Απελευθέρωσης ([[Ιταλία]]): Ο [[Ναζιστική Γερμανία|ναζιστικός]] στρατός κατοχής παραδίδεται και αφήνει τη βόρεια Ιταλία. Η [[Ιταλική Κοινωνική Δημοκρατία]] διαλύεται και ο [[Μπενίτο Μουσολίνι]] συλλαμβάνεται έπειτα από απόπειρα διαφυγής. Αυτή η ημέρα ορίστηκε ως δημόσια αργία για τον εορτασμό της απελευθέρωσης της Ιταλίας.  \n*[[1945]] - [[Διάσκεψη του Σαν Φρανσίσκο]]: Ξεκινούν οι διαπραγματεύσεις για τα [[Οργανισμός Ηνωμένων Εθνών|Ηνωμένα Έθνη]] στο [[Σαν Φρανσίσκο]]. \n*[[1953]] - Ο [[Φράνσις Κρικ]] και ο [[Τζέιμς Γουάτσον]] δημοσιεύουν τη ''Μοριακή Δομή των Νουκλεϊκών Οξέων'' περιγράφοντας τη δομή διπλού έλικα του [[DNA]].\n*[[1960]] - Το [[Ηνωμένες Πολιτείες Αμερικής|αμερικανικό]] υποβρύχιο [[USS Triton (SSRN-586)]] ολοκληρώνει τον πρώτο εν καταδύσει περίπλου της Γης. \n*[[1961]] - Ο [[Ρόμπερτ Νόις]] λαμβάνει [[ευρεσιτεχνία]] για το [[ολοκληρωμένο κύκλωμα]].\n*[[1974]] - [[Επανάσταση των Γαρυφάλλων]]: Ένα στρατιωτικό [[πραξικόπημα]] αριστερών στην [[Πορτογαλία]] ανατρέπει το αυταρχικό συντηρητικό καθεστώς του ''Νέου Κράτους'' και εγκαθιδρύει μία δημοκρατική κυβέρνηση.\n*[[1982]] - Το [[Ισραήλ]] ολοκληρώνει την αποχώρησή του από τη [[Χερσόνησος του Σινά|Χερσόνησο του Σινά]].\n*[[1983]] - Το [[Πάιονηρ 10]] ταξιδεύει πέρα από την τροχιά του [[Πλούτωνας (πλανήτης νάνος)|Πλούτωνα]].\n*[[1986]] - Ο [[Μσουάτι Γ΄]] στέφεται βασιλιάς του [[Εσουατίνι]], διαδεχόμενος τον πατέρα του, Σομπούζα Β΄.\n* [[1993]] - Ο [[Μπόρις Γιέλτσιν]] εκλέγεται Πρόεδρος της Ρωσίας.\n* [[2001]] - Ειδικοί του [[ΟΗΕ]] αναφέρουν ότι για πρώτη φορά έπειτα από χρόνια, το προστατευτικό στρώμα όζοντος πάνω από το Βόρειο Πόλο φαίνεται ότι έχει σταθεροποιηθεί (ταυτόχρονα προειδοποιούν ότι το φαινόμενο είναι προσωρινό)\n* [[2004]] - Ο [[Χάιντς Φίσερ]] εκλέγεται πρόεδρος της [[Αυστρία]]ς με 52,4%.\n* [[2005]] - [[Βουλγαρία]] και [[Ρουμανία]] υπογράφουν τη συνθήκη σύνδεσης με την [[Ευρωπαϊκή Ένωση]].\n* [[2005]] - Ο [[Γίρι Πάρουμπεκ]] αναλαμβάνει την πρωθυπουργία της [[Τσεχία]]ς, για να αποχωρήσει το [[2006]].\n\n== Γεννήσεις ==\n*[[1214]] - [[Λουδοβίκος Θ' της Γαλλίας|Λουδοβίκος Θ΄]], βασιλιάς της Γαλλίας\n*[[1284]] - [[Εδουάρδος Β΄ της Αγγλίας|Εδουάρδος Β΄]], βασιλιάς της Αγγλίας\n*[[1503]] - [[Ερρίκος Β΄ της Ναβάρρας|Ερρίκος Β΄]], βασιλιάς της Ναβάρρας\n*[[1599]] - [[Όλιβερ Κρόμγουελ]], Άγγλος στρατιωτικός και πολιτικός\n*[[1775]] - [[Καρλόττα της Ισπανίας]], βασίλισσα της Πορτογαλίας\n*[[1823]] - [[Αμπντούλ Μετζίτ Α΄]], Οθωμανός σουλτάνος\n*[[1852]] - [[Γεώργιος Σωτηριάδης]], Έλληνας αρχαιολόγος\n*[[1862]] - [[Έντουαρντ Γκρέι]], Άγγλος πολιτικός\n*[[1874]] - [[Γουλιέλμο Μαρκόνι]], Ιταλός εφευρέτης\n*[[1897]] - [[Μαίρη του Ηνωμένου Βασιλείου (1897-1965)|Μαίρη]], πριγκίπισσα του Ηνωμένου Βασιλείου\n*[[1900]] - [[Βόλφγκανγκ Πάουλι]], Αυστριακός φυσικός\n*[[1902]] - [[Βέρνερ Χάιντε]], Γερμανός ψυχίατρος\n*[[1903]] - [[Καμίλα Χορν]], Γερμανίδα χορεύτρια και ηθοποιός\n*[[1917]] - [[Έλλα Φιτζέραλντ]], Αμερικανίδα τραγουδίστρια\n*[[1927]] - [[Αλμπέρ Ουντερζό]], Γάλλος δημιουργός κόμικς\n*[[1929]] - [[Ευγενία Κλειδαρά|Ηγουμένη Ευγενία Κλειδαρά]], Ελληνίδα μοναχή και λογοτέχνιδα\n*[[1932]] - [[Νικολάι Καρντάσεφ]], Ρώσος αστροφυσικός\n*[[1932]] - [[Λία Μανολίου]], Ρουμάνα αθλήτρια\n*[[1940]] - [[Αλ Πατσίνο]], Αμερικανός ηθοποιός\n*[[1946]] - [[Βλαντιμίρ Ζιρινόφσκι]], Ρώσος πολιτικός\n*[[1946]] - [[Τάλια Σάιρ]], Αμερικανίδα ηθοποιός\n*[[1946]] - [[Γιάννης Σμαραγδής]], Έλληνας σκηνοθέτης\n*[[1947]] - [[Γιόχαν Κρόιφ]], Ολλανδός ποδοσφαιριστής\n*[[1949]] - [[Ντομινίκ Στρος-Καν]], Γάλλος οικονομολόγος, δικηγόρος και πολιτικός\n*[[1958]] - [[Λουίς Γκιγέρμο Σολίς]], Κοστορικανός πολιτικός\n*[[1960]] - [[Πωλ Μπέιλοφ]], Αμερικανός τραγουδιστής ([[Exodus (συγκρότημα)|Exodus]])\n*[[1961]] - [[Γιούχα Σίπιλα]], Φινλανδός πολιτικός\n*[[1963]] - [[Ντέιβιντ Μόγιες]], Σκωτσέζος ποδοσφαιριστής\n*[[1966]] - [[Έρικ Πάππας]], Αμερικανός αθλητής του μπέιζμπολ\n*[[1969]] - [[Ρενέ Ζελβέγκερ]], Αμερικανίδα ηθοποιός\n*[[1969]] - [[Κωνσταντίνος Καζάκος]], Έλληνας ηθοποιός\n*[[1970]] - [[Αννίτα Πάνια]], Ελληνίδα τηλεπαρουσιάστρια\n*[[1976]] - [[Τιμ Ντάνκαν]], Αμερικανός καλαθοσφαιριστής\n*[[1977]] - [[Ηλίας Κώτσιος]], Έλληνας ποδοσφαιριστής\n*[[1977]] - [[Κωνσταντίνος Χριστοφόρου]], Κύπριος τραγουδιστής\n*[[1981]] - [[Φελίπε Μάσα]], Βραζιλιάνος οδηγός αγώνων\n*[[1985]] - [[Γκιέντο Βαν Ντερ Γκάρντε]], Ολλανδός οδηγός αγώνων\n*[[1989]] - [[Αϊσέλ Τεϊμουρζαντέ]], τραγουδίστρια από το Αζερμπαϊτζάν\n*[[1989]] - [[Δημήτρης Τζούριτς]], Σέρβος πετοσφαιριστής\n*[[1990]] - [[Ζαν-Ερίκ Βερν]], Γάλλος οδηγός αγώνων\n*[[1993]] - [[Ραφαέλ Βαράν]], Γάλλος ποδοσφαιριστής\n\n== Θάνατοι ==\n*[[1074]] - [[Ερμάνος Α΄ της Βάδης|Χέρμαν Α΄]], μάργραβος του Μπάντεν\n*[[1077]] - [[Γκέζα Α΄ της Ουγγαρίας|Γκέζα Α΄]], βασιλιάς της Ουγγαρίας\n*[[1228]] - [[Ισαβέλλα Β΄ της Ιερουσαλήμ|Ισαβέλλα Β΄]], βασίλισσα της Ιερουσαλήμ\n*[[1295]] - [[Σάντσο Δ΄ της Καστίλης|Σάντσο Δ΄]], βασιλιάς της Καστίλης\n*[[1342]] - [[Πάπας Βενέδικτος ΙΒ΄]]\n*[[1472]] - [[Λέον Μπαττίστα Αλμπέρτι]], Ιταλός ζωγράφος, ποιητής και φιλόσοφος\n*[[1566]] - [[Λουίζ Λαμπέ]], Γαλλίδα ποιήτρια\n*[[1591]] - [[Ιωάννης Αλβάνης]], Ιταλός καρδινάλιος\n*[[1595]] - [[Τορκουάτο Τάσσο]], Ιταλός ποιητής\n*[[1667]] - [[Πέδρο ντε Μπετανκούρ]], Ισπανός ιεραπόστολος\n*[[1690]] - [[Ντάβιτ Τένιερς ο νεότερος]], Φλαμανδός καλλιτέχνης\n*[[1744]] - [[Άντερς Κέλσιος]], Σουηδός αστρονόμος\n*[[1878]] - [[Άννα Σιούελ]], Αγγλίδα συγγραφέας\n*[[1940]] - [[Βίλελμ Ντέρπφελντ]], Γερμανός αρχιτέκτονας\n*[[1941]] - [[Νίκος Μητσάκης]], Έλληνας αρχιτέκτονας\n*[[1960]] - [[Αμανουλάχ Χαν]], εμίρης του Αφγανιστάν\n*[[1961]] - [[Ρόμπερτ Γκάρετ]], Αμερικανός αθλητής\n*[[1972]] - [[Τζορτζ Σάντερς]], Βρετανός ηθοποιός\n*[[1973]] - [[Φρανκ Φλέτσερ]], Αμερικανός ναύαρχος\n*[[1976]] - [[Κάρολ Ριντ]], Άγγλος παραγωγός και σκηνοθέτης\n*[[1980]] - [[Μάριο Μπάβα]], Ιταλός σκηνοθέτης\n*[[1981]] - [[Τάκης Σινόπουλος]], Έλληνας συγγραφέας\n*[[1984]] - [[Κέβιν Λιντς]], Αμερικανός πολεοδόμος και συγγραφέας\n*[[1984]] - [[Λόρο Μπορίτσι]], Αλβανός ποδοσφαιριστής\n*[[1985]] - [[Ρίτσαρντ Χάιντεν]], Άγγλος ηθοποιός\n*[[1989]] - [[Τζορτζ Κουλούρις]], Άγγλος ηθοποιός\n*[[1994]] - [[Γεώργιος Γεννηματάς]], Έλληνας πολιτικός\n*[[1995]] - [[Χορστ-Γκούντερ Γκρέγκορ]], Γερμανός κολυμβητής\n*[[1995]] - [[Τζίντζερ Ρότζερς]], Αμερικανίδα ηθοποιός και χορεύτρια\n*[[1996]] - [[Σολ Μπας]], Αμερικανός σχεδιαστής γραφικών\n*[[2002]] - [[Αθανάσιος Παπούλης]], Έλληνας μηχανικός και μαθηματικός\n*[[2006]] - [[Μίσσας Πανταζόπουλος]], Έλληνας καλαθοσφαιριστής και προπονητής\n*[[2007]] - [[Άλαν Μπολ]], Άγγλος ποδοσφαιριστής\n*[[2013]] - [[Φανή Παρτσαφυλλίδου]], Ελληνίδα πολιτικός\n*[[2014]] - [[Τίτο Βιλανόβα]], Ισπανός ποδοσφαιριστής και προπονητής\n\n== Αργίες και εορτές ==\n* Ημέρα της Σημαίας στο [[Εσουατίνι]] και στις [[Νήσοι Φερόες|Νήσους Φερόες]]\n\n=== [[Ορθόδοξη Εκκλησία]] ===\n{{Πύλη:Ορθοδοξία/Εορτολόγιο/25 Απριλίου}}\n\n{{Μήνες}}\n\n[[Κατηγορία:Ημέρες του έτους]]"}}}]}]}}