{"batchcomplete":true,"query":{"normalized":[{"fromencoded":false,"from":"25_Αυγούστου","to":"25 Αυγούστου"}],"pages":[{"pageid":3022,"ns":0,"title":"25 Αυγούστου","revisions":[{"slots":{"main":{"contentmodel":"wikitext","contentformat":"text/x-wiki","content":"{{Μήνες Αυγούστου}}\n\n<center>[[24 Αυγούστου]] | '''25 Αυγούστου''' | [[26 Αυγούστου]]</center>\n\n----\n{{ΗμερολόγιοΣεΠίνακα|8}}\nΗ '''25η Αυγούστου''' είναι η 237η ημέρα του έτους κατά το [[Γρηγοριανό ημερολόγιο]] (238η σε δίσεκτα έτη). Υπολείπονται 128 ημέρες.\n\n== Γεγονότα ==\n*[[357]] - Μάχη του Στρασβούργου: Ο [[Ιουλιανός]], [[καίσαρας]] (αναπληρωτής αυτοκράτορας) και ανώτατος διοικητής του ρωμαϊκού στρατού στη [[Γαλατία]], επιτυγχάνει σημαντική νίκη εναντίον των [[Αλαμαννοί|Αλαμαννών]] στο [[Στρασβούργο]].\n*[[766]] - Ο αυτοκράτορας [[Κωνσταντίνος Ε΄]] ταπεινώνει 19 υψηλόβαθμους αξιωματούχους, αφού ανακάλυψε συνωμοσία εναντίον του, και εκτελεί τους ηγέτες Κωνσταντίνο Ποδοπάγουρο και τον αδελφό του, Στρατήγιο Ποδοπάγουρο. \n*[[1258]] - Ο αντιβασιλιάς [[Γεώργιος Μουζάλων]] και τα αδέλφια του σκοτώνονται από τον όχλο, τον οποίο υποδαύλισε ο μετέπειτα αυτοκράτορας [[Μιχαήλ Η´ Παλαιολόγος]] προκειμένου να σφετεριστεί το θρόνο της [[Αυτοκρατορία της Νίκαιας|Αυτοκρατορίας της Νίκαιας]].\n*[[1270]] - Ο βασιλιάς [[Λουδοβίκος Θ΄ της Γαλλίας]] πεθαίνει στην [[Τύνιδα]] κατά τη διάρκεια της [[Η΄ Σταυροφορία|Η΄ Σταυροφορίας]].\n*[[1609]] - Ο [[Γαλιλαίος Γαλιλέι]] παρουσιάζει το πρώτο του τηλεσκόπιο στους [[Βενετική Δημοκρατία|Βενετούς]] νομοθέτες.\n*[[1758]] - [[Επταετής Πόλεμος]]: Ο [[Φρειδερίκος Β΄ της Πρωσίας]] νικά τον [[Ρωσική Αυτοκρατορία|ρωσικό]] στρατό στη μάχη του Τσόρνντορφ.\n*[[1825]] - Η [[Ουρουγουάη]] κηρύσσει την ανεξαρτησία της από τη [[Βραζιλία]].\n*[[1830]] - Ξεκινά η [[Βελγική Επανάσταση]].\n*[[1898]] - [[Κρητική Επανάσταση (1895-1898)]]: 700 [[Έλληνες]] πολίτες, 17 [[Μεγάλη Βρετανία|Βρετανοί]] φρουροί και ο Βρετανός πρόξενος στην [[Κρήτη]] σκοτώνονται από τον [[Οθωμανική Αυτοκρατορία|οθωμανικό]] όχλο στο [[Ηράκλειο Κρήτης]].\n*[[1920]] - [[Πολωνο-Σοβιετικός Πόλεμος]]: Η μάχη της [[Βαρσοβία]]ς, η οποία ξεκίνησε στις [[13 Αυγούστου]], λήγει με ήττα του [[Κόκκινος Στρατός|Κόκκινου Στρατού]].\n*[[1933]] - [[Σεισμός]] πλήττει την επαρχία [[Σετσουάν]] της [[Κίνα]]ς σκοτώνοντας 9.000 ανθρώπους.\n*[[1939]] - Το [[Ηνωμένο Βασίλειο]] και η [[Πολωνία]] σχηματίζουν στρατιωτική συμμαχία στην οποία το Ηνωμένο Βασίλειο υπόσχεται να υπερασπιστεί την Πολωνία σε περίπτωση εισβολής από ξένη δύναμη.\n*[[1940]] - [[Β΄ Παγκόσμιος Πόλεμος]]: Η [[Ηνωμένο Βασίλειο|βρετανική]] [[Βασιλική Πολεμική Αεροπορία (Βρετανία)|Βασιλική Πολεμική Αεροπορία]] βομβαρδίζει για πρώτη φορά το [[Βερολίνο]].\n*[[1944]] - [[Β΄ Παγκόσμιος Πόλεμος]]: Οι [[Συμμαχικές δυνάμεις (Β΄ Παγκόσμιος Πόλεμος)|συμμαχικές δυνάμεις]] απελευθερώνουν το [[Παρίσι]]. \n*[[1967]] - Ο [[Τζορτζ Λίνκολν Ρόκγουελ]], ιδρυτής του [[Αμερικανικό Ναζιστικό Κόμμα|Αμερικανικού Ναζιστικού Κόμματος]], δολοφονείται από πρώην μέλος του κόμματος.\n*[[1980]] - Η [[Ζιμπάμπουε]] γίνεται μέλος του [[Οργανισμός Ηνωμένων Εθνών|Οργανισμού Ηνωμένων Εθνών]].\n*[[1989]] - Το διαστημικό σκάφος [[Βόγιατζερ 2]] πραγματοποιεί την πλησιέστερη προσέγγισή του στον [[Ποσειδώνας (πλανήτης)|Ποσειδώνα]]. \n*[[1991]] – Η [[Λευκορωσία]] αποκτά την ανεξαρτησία της από τη [[Ένωση Σοβιετικών Σοσιαλιστικών Δημοκρατιών|Σοβιετική Ένωση]].\n*[[1991]] - Αρχίζει η [[μάχη του Βούκοβαρ]], μία πολιορκία 87 ημερών του Βούκοβαρ από τον [[Γιουγκοσλαβικός λαϊκός στρατός|Γιουγκοσλαβικό Λαϊκό Στρατό]] (JNA), που υποστηρίχθηκε από διάφορες [[Σερβία|σερβικές]] παραστρατιωτικές δυνάμεις, από τον Αύγουστο έως το Νοέμβριο του 1991, κατά τη διάρκεια του [[Πόλεμος της Κροατίας|Πολέμου της Κροατίας]].\n*[[1991]] - Ο [[Λίνους Τόρβαλντς]] ανακοινώνει την πρώτη έκδοση του [[Linux]].\n*[[2001]] - Η [[Ηνωμένες Πολιτείες Αμερικής|Αμερικανίδα]] τραγουδίστρια [[Aaliyah]] και αρκετά μέλη της δισκογραφικής της εταιρείας σκοτώνονται καθώς το υπερφορτωμένο αεροσκάφος τους συντρίβεται λίγο μετά την απογείωσή του από το αεροδρόμιο του Μαρς Χάρμπουρ στις [[Μπαχάμες]].\n*[[2012]] - Το διαστημικό σκάφος [[Βόγιατζερ 1]] γίνεται το πρώτο τεχνητό αντικείμενο που εισέρχεται στον διαστρικό χώρο. \n\n== Γεννήσεις ==\n*[[1707]] - [[Λουδοβίκος Α΄ της Ισπανίας|Λουδοβίκος Α΄]], βασιλιάς της Ισπανίας\n*[[1744]] - [[Γιόχαν Γκότφριντ Χέρντερ]], Γερμανός συγγραφέας\n*[[1767]] - [[Λουί Αντουάν Λεόν ντε Σαιν Ζυστ]], Γάλλος στρατιωτικός και πολιτικός\n*[[1786]] - [[Λουδοβίκος Α΄ της Βαυαρίας|Λουδοβίκος Α΄]], βασιλιάς της Βαυαρίας\n*[[1845]] - [[Λουδοβίκος Β´ της Βαυαρίας|Λουδοβίκος Β΄]], βασιλιάς της Βαυαρίας\n*[[1862]] - [[Λουί Μπαρτού]], Γάλλος πολιτικός\n*[[1868]] - [[Νικόλαος Λεβίδης]], Έλληνας πολιτικός\n*[[1871]] - [[Ενρίκο Τελλίνι]], Ιταλός στρατιωτικός\n*[[1880]] - [[Γκυγιώμ Απολλιναίρ]], Γάλλος ποιητής και κριτικός\n*[[1885]] - [[Γκέοργκ Βίλχελμ Παμπστ]], Αυστριακός σκηνοθέτης\n*[[1903]] - [[Άρπαντ Έλο]], Ούγγρος σκακιστής\n*[[1908]] - [[Ρέι Χάιντορφ]], Αμερικανός συνθέτης\n*[[1912]] - [[Έριχ Χόνεκερ]], Γερμανός πολιτικός\n*[[1918]] - [[Λέοναρντ Μπερνστάιν]], Αμερικανός συνθέτης και διευθυντής ορχήστρας\n*[[1924]] - [[Ζούζα Κορμότσι]], Ουγγαρέζα αντισφαιρίστρια\n*[[1930]] - [[Σον Κόνερι]], Σκωτσέζος ηθοποιός και παραγωγός\n*[[1942]] - [[Ιβάν Κόλοφ]], Καναδός παλαιστής\n*[[1947]] - [[Πάουλο Κοέλιο]], Βραζιλιάνος συγγραφέας\n*[[1949]] - [[Σαλίφ Κεϊτά]], τραγουδιστής από το Μάλι\n*[[1951]] - [[Ρομπ Χάλφορντ]], Άγγλος τραγουδιστής\n*[[1958]] - [[Τιμ Μπάρτον]], Αμερικανός σκηνοθέτης\n*[[1962]] - [[Βίβιαν Κάμπελ]], Βορειοϊρλανδός κιθαρίστας ([[Def Leppard]], [[Whitesnake]], [[Dio (συγκρότημα)|Dio]] και [[Thin Lizzy]])\n*[[1963]] - [[Μίρο Τσεράρ]], Σλοβένος πολιτικός\n*[[1964]] - [[Βασίλειος Κοτρωνιάς]], Έλληνας σκακιστής\n*[[1965]] - [[Πέτρος Ίμβριος]], Έλληνας τραγουδιστής\n*[[1970]] - [[Κλάουντια Σίφερ]], Γερμανίδα μοντέλο\n*[[1970]] - [[NiVo]], Έλληνας ράπερ \n*[[1973]] - [[Φατίχ Ακίν]], Γερμανός σκηνοθέτης\n*[[1976]] - [[Αλεξάντερ Σκάρσγκορντ]], Σουηδός ηθοποιός\n*[[1977]] - [[Ντιέγκο Κοράλες]], Αμερικανός πυγμάχος\n*[[1981]] - [[Ρέιτσελ Μπίλσον]], Αμερικανίδα ηθοποιός\n*[[1986]] - [[Καρολίνα Πελενδρίτου]], Κύπρια κολυμβήτρια\n*[[1987]] - [[Μπλέικ Λάιβλι]], Αμερικανίδα ηθοποιός\n*[[1998]] - [[Τσάινα Αν ΜακΚλέιν]], Αμερικανίδα ηθοποιός\n\n== Θάνατοι ==\n*[[79]] - [[Πλίνιος ο Πρεσβύτερος]], Ρωμαίος στρατιωτικός, συγγραφέας και φιλόσοφος\n*[[383]] - [[Γρατιανός]], Ρωμαίος αυτοκράτορας\n*[[552]] - [[Πατριάρχης Μηνάς|Μηνάς]], Πατριάρχης Κωνσταντινουπόλεως\n*[[1192]] - [[Ούγος Γ΄ της Βουργουνδίας|Ούγος Γ΄]], δούκας της Βουργουνδίας\n*[[1258]] - [[Γεώργιος Μουζάλων]], Βυζαντινός αξιωματούχος\n*[[1270]] - [[Αλφόνσος του Μπριέν]], Γάλλος ευγενής\n*[[1270]] - [[Λουδοβίκος Θ΄ της Γαλλίας|Λουδοβίκος Θ΄]], βασιλιάς της Γαλλίας\n*[[1592]] - [[Γουλιέλμος Δ΄ της Έσσης-Κάσσελ|Γουλιέλμος Δ΄]], λάντγκραβος της Έσσης-Κάσσελ\n*[[1699]] - [[Χριστιανός Ε΄ της Δανίας|Χριστιανός Ε΄]], βασιλιάς της Δανίας\n*[[1774]] - [[Νικολό Τζομμέλλι]], Ιταλός συνθέτης\n*[[1776]] - [[Ντέιβιντ Χιουμ]], Σκωτσέζος φιλόσοφος και ιστορικός\n*[[1819]] - [[Τζέιμς Βατ]], Σκωτσέζος εφευρέτης και μηχανικός\n*[[1822]] - [[Ουίλιαμ Χέρσελ]], Γερμανός αστρονόμος\n*[[1867]] - [[Μάικλ Φαραντέι]], Άγγλος επιστήμονας\n*[[1886]] - [[Ζηνόβιος Βάλβης]], Έλληνας πολιτικός\n*[[1891]] - [[Πατριάρχης Διονύσιος Ε΄]]\n*[[1900]] - [[Φρίντριχ Νίτσε]], Γερμανός φιλόσοφος\n*[[1908]] - [[Ανρί Μπεκερέλ]], Γάλλος φυσικός\n*[[1936]] - [[Γκριγκόρι Ζινόβιεφ]], Σοβιετικός πολιτικός\n*[[1936]] - [[Λεφ Κάμενεφ]], Σοβιετικός πολιτικός\n*[[1956]] - [[Άλφρεντ Κίνσεϊ]], Αμερικανός βιολόγος\n*[[1967]] - [[Πολ Μιούνι]], Αμερικανός ηθοποιός\n*[[1967]] - [[Τζορτζ Λίνκολν Ρόκγουελ]], Αμερικανός πολιτικός\n*[[1969]] - [[Χάρρυ Χ. Χες]], Αμερικανός γεωλόγος\n*[[1972]] - [[Βασίλης Λυμπέρης]], Έλληνας δολοφόνος\n*[[1981]] - [[Νάσος Κεδράκας]], Έλληνας ηθοποιός\n*[[1984]] - [[Τρούμαν Καπότε]], Αμερικανός συγγραφέας\n*[[1985]] - [[Σαμάνθα Σμιθ]], Αμερικανίδα ηθοποιός και ακτιβίστρια\n*[[1988]] - [[Κώστας Ταχτσής]], Έλληνας συγγραφέας\n*[[1992]] - [[Ευάγγελος Δεβλέτογλου]], Έλληνας πολιτικός\n*[[2000]] - [[Καρλ Μπαρκς]], Αμερικανός εικονογράφος και σεναριογράφος\n*[[2001]] - [[Aaliyah]], Αμερικανίδα τραγουδίστρια\n*[[2002]] - [[Γιάννης Γκιωνάκης]], Έλληνας ηθοποιός\n*[[2006]] - [[Νουρ Χασαναλί]], πρόεδρος του Τρινιντάντ και Τομπάγκο\n*[[2009]] - [[Τεντ Κένεντι]], Αμερικανός πολιτικός\n*[[2012]] - [[Νηλ Άρμστρονγκ]], Αμερικανός αστροναύτης\n*[[2017]] - [[Τάκης Εμμανουήλ]], Έλληνας ηθοποιός\n*[[2023]] - [[Ανδρέας Αντωνάτος]], Έλληνας διεθνής ποδοσφαιριστής\n\n== Αργίες και εορτές ==\n\n=== [[Ορθόδοξη Εκκλησία]] ===\n{{Πύλη:Ορθοδοξία/Εορτολόγιο/25 Αυγούστου}}\n\n{{Μήνες}}\n\n[[Κατηγορία:Ημέρες του έτους]]"}}}]}]}}