{"batchcomplete":true,"query":{"normalized":[{"fromencoded":false,"from":"25_Μαρτίου","to":"25 Μαρτίου"}],"pages":[{"pageid":861,"ns":0,"title":"25 Μαρτίου","revisions":[{"slots":{"main":{"contentmodel":"wikitext","contentformat":"text/x-wiki","content":"{{Μήνες Μαρτίου}}\n\n<center>[[24 Μαρτίου]] | '''25 Μαρτίου''' | [[26 Μαρτίου]]</center>\n\n----\nΗ '''25η Μαρτίου''' είναι η 84η ημέρα του έτους κατά το [[Γρηγοριανό ημερολόγιο]] (85η σε δίσεκτα έτη). Υπολείπονται 281 ημέρες.<br />\n\nΓια πολλά χριστιανικά δόγματα είναι η θεομητορική εορτή του [[Ευαγγελισμός της Θεοτόκου|Ευαγγελισμού της Θεοτόκου]]. Για το λόγο αυτό σε διάφορα ημερολόγια θεωρήθηκε ως ημέρα κτίσεως κόσμου και ως πρωτοχρονιά.<ref>[https://books.google.gr/books?id=0umDqPOf2L8C&pg=PA363&lpg=PA363&dq=beginning+of+year+25+march&source=bl&ots=jC0VAE4Ykz&sig=I5QyoeDme9b1vqt56xj2NhVwmtQ&hl=el&sa=X&ved=0ahUKEwjpjcTsoM3ZAhUGlSwKHY_NBg4Q6AEIbTAI#v=onepage&q=beginning%20of%20year%2025%20march&f=false Alden A. Mosshammer, The Easter Computus and the Origins of the Christian Era, OUP Oxford, 16 Οκτ 2008, σ. 361, 363 κ.ε.]</ref><ref>[https://www.bostonglobe.com/ideas/2014/03/22/march-happy-colonial-new-year/L0MrkQc47SiUu1OHVJt1lI/story.html \"March 25? Happy Colonial New Year!\". Boston Globe, 23-3-2014]</ref> Στη Βρετανία ήταν μία από τις Quarter Days που διαιρούσαν το έτος σε τέσσερα μέρη. Χρησιμοποιείται ακόμη και σήμερα ως έναρξη του φορολογικού έτους για τους ιδιώτες, αφού έχει γίνει η προσαρμογή στο Γρηγοριανό Ημερολόγια με μετακίνησή της στην 6η Απριλίου.<ref>{{citation |url=https://www.gov.uk/topic/business-tax/self-employed | publisher=HM Revenue & Customs |title=Business tax: Self-employment|accessdate=17 May 2017}}</ref>\n\nΗ 25η Μαρτίου είναι Εθνική Εορτή της Ελλάδας, κατά την οποία τιμάται ο [[Εορτασμός της Ελληνικής Επανάστασης του 1821]].\n\n\n\n{{ΗμερολόγιοΣεΠίνακα|3}}\n\n== Γεγονότα ==\n*[[421]] - Παραδοσιακή ημερομηνία ίδρυσης της [[Βενετία]]ς.\n*[[708]] - Ο [[Πάπας Κωνσταντίνος]] διαδέχεται τον [[Πάπας Σισίνιος|Πάπα Σισίνιο]].\n*[[717]] - Ο [[Θεοδόσιος Γ´]] παραιτείται από το θρόνο της [[Βυζαντινή αυτοκρατορία|Βυζαντινής αυτοκρατορίας]] για να εισέλθει στην ιεροσύνη.\n*[[919]] - Ο [[Βυζαντινή αυτοκρατορία|Βυζαντινός]] αρχιναύαρχος [[Ρωμανός Α´|Ρωμανός ο Λεκαπηνός]] ορκίζεται πίστη και αφοσίωση στον αυτοκράτορα [[Κωνσταντίνος Ζ΄|Κωνσταντίνο Ζ΄]] και διορίζεται [[μάγιστρος]] και [[εταιρειάρχης]].\n*[[1306]] - Ο [[Ροβέρτος Α΄ της Σκωτίας|Ροβέρτος Μπρους]] γίνεται [[Κατάλογος μοναρχών της Σκωτίας|βασιλιάς της Σκωτίας]].\n*[[1409]] - Συνέρχεται το Συμβούλιο της [[Πίζα]]ς.\n*[[1584]] - Ο [[Ουόλτερ Ράλεϊ]] λαμβάνει άδεια για τον αποικισμό της [[Βιρτζίνια]].\n*[[1634]] - Φτάνουν οι πρώτοι άποικοι στο [[Μέριλαντ]].\n*[[1655]] - Ο [[Κρίστιαν Χόιχενς]] ανακαλύπτει τον [[Τιτάνας (δορυφόρος)|Τιτάνα]], τον μεγαλύτερο δορυφόρο του [[Κρόνος (πλανήτης)|Κρόνου]].\n*[[1770]] - Ο [[Δασκαλογιάννης]] επικεφαλής [[Σφακιά|Σφακιανών]] κηρύσσει την επανάσταση στον [[Επαρχία Αποκορώνου|Αποκόρωνα]] της [[Κρήτη]]ς. \n*[[1770]] - Κηρύσσεται η επανάσταση στην περιοχή [[Σφακιά|Σφακίων]], στην Ανώπολη. \n*[[1802]] - Η [[Γαλλία]], η [[Ολλανδία]], η [[Ισπανία]] και η [[Αγγλία]] υπογράφουν τη [[Συνθήκη της Αμιένης]].\n*[[1807]] - Καταργείται το δουλεμπόριο στη [[Βρετανική Αυτοκρατορία]].\n*[[1811]] - Η [[Πέρσι Σέλλεϋ]] αποβάλλεται από το [[Πανεπιστήμιο της Οξφόρδης]] λόγω της έκδοσης του φυλλαδίου «''Η αναγκαιότητα του Αθεϊσμού''».\n*[[1821]] - Παραδοσιακή ημερομηνία έναρξης της [[Ελληνική Επανάσταση του 1821|Ελληνικής Επανάστασης του 1821]].\n*[[1838]] - Πρώτος επίσημος εορτασμός της [[Ελληνική Επανάσταση του 1821|Ελληνικής Επανάστασης του 1821]].\n*[[1881]] - Ο βασιλιάς [[Γεώργιος Α΄ της Ελλάδας]] θέτει το θεμέλιο λίθο του [[Νοσοκομείο Ευαγγελισμός|νοσοκομείου Ευαγγελισμός]].\n*[[1884]] - Πραγματοποιούνται τα εγκαίνια του [[Νοσοκομείο Ευαγγελισμός|νοσοκομείου Ευαγγελισμός]].  \n*[[1905]] - Ιδρύεται ο [[Γ.Σ. Διαγόρας Ρόδου|Γυμναστικός Σύλλογος Διαγόρας Ρόδου]].\n*[[1911]] - Στη [[Νέα Υόρκη]], [[Φωτιά στο εργοστάσιο Triangle Shirtwaist (Νέα Υόρκη)|φωτιά στο εργοστάσιο Triangle Shirtwaist]] προκαλεί το θάνατο σε 146 εργαζόμενους. \n*[[1914]] - Ιδρύεται ο [[Α.Σ. Άρης|αθλητικός σύλλογος Άρης]] στη [[Θεσσαλονίκη]].\n*[[1918]] - Ιδρύεται η Λαϊκή Δημοκρατία της [[Λευκορωσία]]ς.\n*[[1924]] - Στην επέτειο της [[Ελληνική Επανάσταση του 1821|Ελληνικής Επανάστασης του 1821]], ο [[Αλέξανδρος Παπαναστασίου]] ανακηρύσσει τη [[Δεύτερη Ελληνική Δημοκρατία]].\n*[[1932]] - Γίνονται τα αποκαλυπτήρια του [[Μνημείο του άγνωστου στρατιώτη (Ελλάδα)|μνημείου του άγνωστου στρατιώτη]] στην [[Αθήνα]].\n* [[1938]] - Η πιο βαριά ήττα της [[Εθνική Ελλάδος (ποδόσφαιρο ανδρών)|Εθνικής Ελλάδας]] από την [[Ουγγαρία]] με 11-1 στη [[Βουδαπέστη]] για τα προκριματικά του [[Παγκόσμιο Κύπελλο Ποδοσφαίρου 1938|Παγκοσμίου Κυπέλλου]].\n* [[1941]] - Ο Πρωθυπουργός της Νοτιοσλαβίας [[Ζβέτκοβιτς]] και ο υπουργός των Εξωτερικών [[Μάρκοβιτς]] υπογράφουν στη [[Βιέννη]] τη προσχώρηση της χώρας τους στον [[Άξονα]]. Οι ελπίδες των Ελλήνων κράτησης του μετώπου αρχίζουν να κλονίζονται. \n* [[1946]] - Εγκαινιάζεται ο [[Ραδιοφωνικός Σταθμός Θεσσαλονίκης]] με πομπό φορητό πάνω σε αυτοκίνητο. Μετά από λίγο καιρό διακόπτει τη λειτουργία του για να εγκατασταθεί μόνιμα το Μάρτιο του [[1947]].\n* [[1947]] - Η [[Ολλανδία]] και η [[Ινδονησία]] υπογράφουν Συμφωνία αναγνώρισης [[ντε φάκτο]] της ανεξαρτησίας της δεύτερης. Έκτοτε η Ινδονησία υφίσταται ως ανεξάρτητη δημοκρατία. \n* [[1954]] - Κατασκευάζεται η πρώτη έγχρωμη [[τηλεόραση]] από την RCA (12 ιντσών).\n* [[1955]] - Γερμανός αρχαιολόγος ανακαλύπτει στην [[Ολυμπία]] το καλούπι που χρησιμοποιήθηκε για την κατασκευή του τεράστιου [[Άγαλμα του Ολυμπίου Διός|αγάλματος του Ολυμπίου Διός]].\n* [[1957]] - Ιδρύεται η [[Ευρωπαϊκή Οικονομική Κοινότητα]] - ΕΟΚ σημερινή [[ΕΕ]].\n*[[1965]] - Αγωνιστές πολιτικών δικαιωμάτων με επικεφαλής τον [[Μάρτιν Λούθερ Κινγκ]] ολοκληρώνουν επιτυχώς την τετραήμερη [[Πορείες από τη Σέλμα στο Μοντγκόμερι|πορεία τους από τη Σέλμα]] προς το καπιτώλιο στο [[Μοντγκόμερι (Αλαμπάμα)]].\n* [[1969]] - Υπογράφεται το [[Σύμφωνο των Άνδεων]].\n* [[1972]] - Στο [[Εδιμβούργο]], το [[Λουξεμβούργο]] κερδίζει τον 17ο διαγωνισμό τραγουδιού της [[Διαγωνισμός Τραγουδιού Eurovision|Γιουροβίζιον]], με την [[Βίκυ Λέανδρος]] να τραγουδάει  ''Apres toi''.\n* [[1979]] - Ο [[Κρις Φορντ]] των [[Boston Celtics]] σκοράρει το πρώτο τρίποντο στην ιστορία του [[ΝΒΑ]] εναντίον των [[Huston Rockets]]. \n* [[1979]] - Υπογράφεται από τους [[Ανουάρ Σαντάτ]] και [[Μεναχέμ Μπεγκίν]] η [[ισραηλινοαιγυπτιακή συμφωνία]] στην [[Ουάσιγκτον]].\n* [[1982]] - Στη [[Νικαράγουα]], οι Σαντινίστας αναστέλλουν όλα τα πολιτικά δικαιώματα.\n* [[1983]] - Στο [[Ολυμπιακό Στάδιο Αθήνας|Ολυμπιακό Στάδιο της Αθήνα]] διεξάγεται ο τελικός του [[Κύπελλο Πρωταθλητριών Ομάδων Ευρώπης|Κυπέλλου Πρωταθλητριών]] και το [[Αμβούργο Σ.Β.|Αμβούργο]] κερδίζει τη [[Γιουβέντους]] με 1-0 με γκολ-φάουλ του [[Φέλιξ Μάγκατ|Μάγκατ]] στα πρώτα λεπτά.\n* [[1983]] - Ο πρόεδρος των [[ΗΠΑ]] [[Ρόναλντ Ρίγκαν]] διατάσσει την εισβολή στη [[Γρενάδα]].\n* [[1990]] - Από πυρκαγιά σε παράνομο κοινωνικό όμιλο, με την ονομασία «Ευτυχισμένη Γη», στη [[Νέα Υόρκη]], χάνουν τη ζωή τους 87 άτομα.\n* [[1992]] - Βρετανοί επιστήμονες βρίσκουν το μεγαλύτερο τέλειο αριθμό (2 756839 -1 * 2 756839).\n* [[1995]]- Αφήνεται ελεύθερος ο [[Μάικ Τάισον]] μετά από 3 χρόνια φυλάκισης εξαιτίας σεξουαλικής παρενόχλησης.\n* [[1997]] - Η [[Πάμελα Γκόρντον]] διορίζεται πρώτη γυναίκα Πρωθυπουργός στις [[Βερμούδες]].\n* [[1999]] - Ανακάλυψη (από Αυστραλούς) των παλαιοτέρων ιχνών ζωής σε βράχο στη Δυτική [[Αυστραλία]] (βακτήρια-ηλικίας 3,5 δισ. ετών).\n* [[2002]] - Σεισμική δόνηση μεγέθους 6,2 βαθμών της [[κλίμακα Ρίχτερ|κλίμακας Ρίχτερ]] (5,9 σύμφωνα με το Κέντρο Γεωλογικών Ερευνών στο [[Κολοράντο]] των [[ΗΠΑ]]) πλήττει το βορειοανατολικό [[Αφγανιστάν]], με αποτέλεσμα να σκοτωθούν τουλάχιστον 2.000 άτομα, άλλα 4.000 να τραυματιστούν και περίπου 20.000 σπίτια να καταστραφούν.\n* [[2004]] - Αρχίζουν συνομιλίες για το Κυπριακό, στην [[Λουκέρνη]] της [[Ελβετία]]ς.\n* [[2004]] - Σε ιδιαίτερα θερμό κλίμα πραγματοποιείται η πρώτη ύστερα από 24 χρόνια επίσκεψη [[Ηνωμένο Βασίλειο|Βρετανού]] πρωθυπουργού [[Τόνι Μπλερ]] στη [[Λιβύη]].\n\n== Γεννήσεις ==\n*[[1252]] - [[Κορραδίνος]], βασιλιάς της Ιερουσαλήμ\n*[[1259]] - [[Ανδρόνικος Β΄ Παλαιολόγος]], Βυζαντινός αυτοκράτορας\n*[[1297]] - [[Ανδρόνικος Γ΄ Παλαιολόγος]], Βυζαντινός αυτοκράτορας\n*[[1479]] - [[Βασίλειος Γ΄ της Ρωσίας]], μέγας πρίγκιπας της Μόσχας\n*[[1490]] - [[Φραντσέσκο Μαρία Α΄ ντελλα Ρόβερε]], Ιταλός στρατιωτικός\n*[[1510]] - [[Γκιγιόμ Ποστέλ]], Γάλλος γλωσσολόγος\n*[[1541]] - [[Φραγκίσκος Α΄ των Μεδίκων]], μέγας δούκας της Τοσκάνης\n*[[1767]] - [[Ζοακίμ Μυρά]], βασιλιάς της Νάπολης\n*[[1771]] - [[Παλαιών Πατρών Γερμανός Γ΄]], μητροπολίτης Πάτρας\n*[[1778]] - [[Σοφί Μπλανσάρ]], Γαλλίδα αεροναυτικός\n*[[1817]] - [[Ζαν-Μαρί Λε Μπρι]], Γάλλος αεροπόρος και εφευρέτης\n*[[1838]] - [[Άγγελος Βλάχος (1838-1920)|Άγγελος Βλάχος]], Έλληνας πολιτικός και συγγραφέας\n*[[1881]] - [[Μπέλα Μπάρτοκ]], Ούγγρος συνθέτης\n*[[1907]] - [[Αλέξανδρος Ιόλας]], Έλληνας συλλέκτης έργων τέχνης\n*[[1908]] - [[Ντέιβιντ Λην]], Άγγλος σκηνοθέτης\n*[[1911]] - [[Τζακ Ρούμπι]], Αμερικανός δολοφόνος του [[Λη Χάρβεϊ Όσβαλντ]]\n*[[1914]] - [[Τάσσος (χαράκτης)|Τάσσος]], Έλληνας χαράκτης\n*[[1915]] - [[Γεώργιος Γουλιέλμος του Αννοβέρου (1915-2006)|Γεώργιος Γουλιέλμος]], πρίγκιπας του Αννοβέρου\n*[[1915]] - [[Αρχιεπίσκοπος Κρήτης Τιμόθεος]]\n*[[1921]] - [[Αλεξάνδρα της Ελλάδας (Βασίλισσα της Γιουγκοσλαβίας)]]\n*[[1921]] - [[Σιμόν Σινιορέ]], Γαλλίδα ηθοποιός\n*[[1942]] - [[Κιμ Γούντμπαμ]], Αγγλίδα παρουσιάστρια\n*[[1942]] - [[Αρίθα Φράνκλιν]], Αμερικανίδα τραγουδίστρια\n*[[1944]] - [[Θεόδωρος Νιτσιάκος]], Έλληνας επιχειρηματίας\n*[[1945]] - [[Γιώργος Μαργαρίτης]], Έλληνας τραγουδιστής \n*[[1946]] - [[Αθανάσιος Αγγελής]], Έλληνας ποδοσφαιριστής \n*[[1947]] - [[Πάνος Καπώνης]], Έλληνας συγγραφέας\n*[[1947]] - [[Έλτον Τζον]], Άγγλος τραγουδοποιός\n*[[1953]] - [[Χρήστος Αρδίζογλου]], Έλληνας ποδοσφαιριστής\n*[[1957]] - [[Κανέλλος Κανελλόπουλος]], Έλληνας ποδηλάτης\n*[[1965]] - [[Στέφκα Κοσταντίνοβα]], Βουλγάρα αθλήτρια\n*[[1971]] - [[Εβελίνα Παπούλια]], Ελληνίδα ηθοποιός\n*[[1973]] - [[Λάμπρος Βασιλόπουλος]], Έλληνας ποδηλάτης\n*[[1976]] - [[Βλαντίμιρ Κλιτσκό]], Ουκρανός πυγμάχος\n*[[1978]] - [[Τζορτζ Γκάτις]], Έλληνας αθλητής του ράγκμπι\n*[[1978]] - [[Τίνα Κάι]], Αμερικανίδα πορνογραφική ηθοποιός\n*[[1991]] - [[Σέισελλ Γκάμπριελ]], Αμερικανίδα ηθοποιός\n\n== Θάνατοι ==\n*[[1223]] - [[Αλφόνσος Β΄ της Πορτογαλίας|Αλφόνσος Β΄]], βασιλιάς της Πορτογαλίας\n*[[1323]] - [[Μαρία της Ουγγαρίας, βασίλισσα της Νάπολης]]\n*[[1537]] - [[Κάρολος του Βαντόμ|Κάρολος των Βουρβόνων]], δούκας του Βαντόμ.\n*[[1801]] - [[Νοβάλις]], Γερμανός ποιητής \n*[[1914]] - [[Φρεντερίκ Μιστράλ]], Γάλλος ποιητής\n*[[1918]] - [[Κλωντ Ντεμπυσί]], Γάλλος συνθέτης\n*[[1939]] - [[Καρλ Ρίκαρντ Νίμπεργκ]], Σουηδός εφευρέτης\n*[[1950]] - [[Φρανκ Μπακ]], Αμερικανός κυνηγός\n*[[1967]] - [[Γιοχάνες Ίττεν]], Ελβετός ζωγράφος\n*[[1976]] - [[Γιόζεφ Άλμπερς]], Γερμανός καλλιτέχνης\n*[[1987]] - [[Τάσος Καψιδέλης]], Έλληνας φιλόλογος και συγγραφέας\n*[[2006]] - [[Επαμεινώνδας Γονατάς]], Έλληνας συγγραφέας\n*[[2007]] - [[Αντρανίκ Μαρκαριάν]], Αρμένιος πολιτικός\n*[[2008]] - [[Άμπι Μαν]], Αμερικανός σεναριογράφος\n*[[2012]] - [[Αντόνιο Ταμπούκι]], Ιταλός συγγραφέας\n*[[2017]] - [[Κάθμπερτ Σεμπάστιαν]], γενικός κυβερνήτης του Αγίου Χριστοφόρου και Νέβις\n*[[2019]] - [[Αρχιεπίσκοπος Αυστραλίας Στυλιανός]], Έλληνας επίσκοπος\n\n== Αργίες και εορτές ==\n=== Ελλάδα ===\n* Εθνική επέτειος Ελλάδας. Επίσημη αργία. Εορτασμός της [[Ελληνική Επανάσταση του 1821|Επανάστασης]] του [[1821]] για την ανεξαρτησία από την [[Οθωμανική αυτοκρατορία]].\n\n=== [[Ορθόδοξη Εκκλησία]] ===\n{{Πύλη:Ορθοδοξία/Εορτολόγιο/25 Μαρτίου}}\n\n==Παραπομπές==\n<references/>\n\n{{Μήνες}}\n\n[[Κατηγορία:Αργίες]]\n[[Κατηγορία:Ημέρες του έτους]]"}}}]}]}}