{"batchcomplete":true,"query":{"normalized":[{"fromencoded":false,"from":"25_Ιουνίου","to":"25 Ιουνίου"}],"pages":[{"pageid":1950,"ns":0,"title":"25 Ιουνίου","revisions":[{"slots":{"main":{"contentmodel":"wikitext","contentformat":"text/x-wiki","content":"{{χωρίς παραπομπές|12|11|2022}}\n{{Μήνες Ιουνίου}}\n\n<center>[[24 Ιουνίου]] | '''25 Ιουνίου''' | [[26 Ιουνίου]]</center>\n\n----\nΗ '''25η Ιουνίου''' είναι η 176η ημέρα του έτους κατά το [[Γρηγοριανό ημερολόγιο]] (177η σε δίσεκτα έτη). Υπολείπονται 189 ημέρες.\n\n{{ΗμερολόγιοΣεΠίνακα|6}}\n\n==Γεγονότα==\n*[[524]] - Οι [[Φράγκοι]] νικούν τους [[Βουργουνδοί|Βουργουνδούς]] στη μάχη του Βεζερόνς.\n*[[841]] - Δυνάμεις υπό την ηγεσία του [[Κάρολος ο Φαλακρός|Κάρολου του Φαλακρού]] και του [[Λουδοβίκος ο Γερμανικός|Λουδοβίκου του Γερμανικού]] νικούν τους στρατούς του [[Λοθάριος Α΄|Λοθάριου Α΄]] και του [[Πεπίνος Β΄ της Ακουιτανίας|Πεπίνου Β΄ της Ακουιτανίας]] στη μάχη του Φοντενέ-αν-Πουισέ.\n*[[1530]] - Στη Δίαιτα της Αυγούστας, [[Λουθηρανισμός|Λουθηρανοί]] πρίγκιπες και εκλέκτορες της [[Γερμανία]]ς παρουσιάζουν στον [[Αυτοκράτορας της Αγίας Ρωμαϊκής Αυτοκρατορίας|αυτοκράτορα της Αγίας Ρωμαϊκής Αυτοκρατορίας]] την [[Ομολογία της Αυγούστας]]. \n*[[1741]] - Η [[Μαρία Θηρεσία]] στέφεται βασίλισσα της [[Ουγγαρία]]ς.\n*[[1788]] - Η [[Βιρτζίνια]] γίνεται η δέκατη πολιτεία που επικυρώνει το Σύνταγμα των [[Ηνωμένες Πολιτείες Αμερικής|Ηνωμένων Πολιτειών]].\n*[[1876]] - Αρχίζει η [[μάχη του Λιτλ Μπίγκχορν]], στην οποία σκοτώνεται ο αντισυνταγματάρχης Τζωρτζ Άμστρονγκ Κάστερ.\n*[[1910]] - Κάνει πρεμιέρα στο [[Παρίσι]] το μπαλέτο του [[Ιγκόρ Στραβίνσκι]] ''Το Πουλί της Φωτιάς'', φέρνοντάς τον στο προσκήνιο ως συνθέτη.  \n*[[1913]] - Δολοφονείται ο [[Μητροπολίτης Μελενίκου Κωνσταντίνος Ασημιάδης]] στο [[Σιδηρόκαστρο Σερρών|Ντεμίρ Ισάρ]] από [[Βούλγαροι|Βούλγαρους]] στρατιώτες.\n*[[1925]] - [[Κίνημα Παγκάλου 25ης Ιουνίου 1925|Κίνημα Πάγκαλου]]: Ο στρατηγός [[Θεόδωρος Πάγκαλος (στρατιωτικός)|Θεόδωρος Πάγκαλος]] πραγματοποεί κίνημα καταλαμβάνοντας την εξουσία.\n*[[1947]] - Εκδίδεται το ''[[Το ημερολόγιο της Άννας Φρανκ|Ημερολόγιο της Άννας Φρανκ]]''.\n*[[1950]] - Αρχίζει ο [[Πόλεμος της Κορέας]] με την εισβολή των [[Βόρεια Κορέα|βορειοκορεατικών]] δυνάμεων στη [[Νότια Κορέα]].\n*[[1975]] - Η [[Μοζαμβίκη]] γίνεται ανεξάρτητη χώρα.\n*[[1978]] - Η [[σημαία των ΛΟΑΤ]] που αντιπροσωπεύει την ομοφυλοφιλική υπερηφάνεια εμφανίζεται για πρώτη φορά στο [[Σαν Φρανσίσκο]]. \n* [[1991]] - Η [[Γιουγκοσλαβία]] διασπάται. [[Σλοβενία]] και [[Κροατία]] κηρύσσουν την ανεξαρτησία τους.\n* [[1998]] - Διατίθενται στο εμπόριο τα ''[[Windows 98]]'' της [[Microsoft]].\n* [[2023]] - Πραγματοποιούνται στην [[Ελλάδα]] οι δεύτερες εθνικές εκλογές της χρονιάς, καθώς από τις πρώτες (στις 21 Μάη) στάθηκε αδύνατο να σχηματιστεί κυβέρνηση.\n\n==Γεννήσεις==\n*[[1715]] - [[Ζοζέφ Φρανσουά Φουλόν]], Γάλλος πολιτικός\n*[[1852]] - [[Αντόνι Γκαουντί]], Ισπανός αρχιτέκτονας\n*[[1864]] - [[Βάλτερ Νερνστ]], Γερμανός χημικός\n*[[1900]] - [[Λούις Μαουντμπάττεν]], Άγγλος πολιτικός και ναύαρχος \n*[[1903]] - [[Τζωρτζ Όργουελ]], Βρετανός συγγραφέας\n*[[1907]] - [[Γιοχάνες Χανς Ντάνιελ Γιένσεν]], Γερμανός φυσικός\n*[[1922]] - [[Γεώργιος - Αλέξανδρος Μαγκάκης]], Έλληνας πολιτικός\n*[[1924]] - [[Σίντνεϊ Λουμέτ]], Αμερικανός σκηνοθέτης\n*[[1926]] - [[Ίνγκεμποργκ Μπάχμαν]], Αυστριακή συγγραφέας\n*[[1928]] - [[Αλεξέι Αλεξέγιεβιτς Αμπρικόσοφ]], Ρώσος φυσικός\n*[[1933]] - [[Τζέιμς Μέρεντιθ]], Αμερικανός ακτιβιστής\n*[[1941]] - [[Ντενύ Αρκάν]], Καναδός σκηνοθέτης\n*[[1942]] - [[Νικηφόρος Διαμαντούρος]], Έλληνας ακαδημαϊκός\n*[[1942]] - [[Μισέλ Τραμπλαί]], Καναδός θεατρικός συγγραφέας\n*[[1948]] - [[Μανουέλ Μπέντο]], Πορτογάλος ποδοσφαιριστής\n*[[1963]] - [[Τζορτζ Μάικλ]], Άγγλος τραγουδιστής\n*[[1964]] - [[Τζόνι Χέρμπερτ]], Βρετανός οδηγός αγώνων\n*[[1968]] - [[Βάιος Καραγιάννης]], Έλληνας ποδοσφαιριστής\n*[[1968]] - [[Κλάουντιο Κολντεμπέλα]], Ιταλός καλαθοσφαιριστής\n*[[1973]] - [[Τζέιμι Ρέντναπ]], Άγγλος ποδοσφαιριστής\n*[[1975]] - [[Βλαντίμιρ Κράμνικ]], Ρώσος σκακιστής\n*[[1977]] - [[Λέιλα Ελ]], Αγγλίδα παλαιστής, μοντέλο και χορεύτρια\n*[[1982]] - [[Πάολα Φωκά]], Ελληνίδα τραγουδίστρια\n*[[1993]] - [[Αλέξανδρος Γρηγορόπουλος]], Έλληνας μαθητής\n\n==Θάνατοι==\n*[[841]] - [[Γεράρδος της Ωβέρνης|Γεράρδος]], κόμης της Ωβέρνης\n*[[965]] - [[Γκυ της Ιβρέας|Γκυ]], μάργραβος της Ιβρέας\n*[[1134]] - [[Νιλς της Δανίας|Νιλς]], βασιλιάς της Δανίας\n*[[1291]] - [[Ελεονώρα της Προβηγκίας]], βασίλισσα της Αγγλίας\n*[[1337]] - [[Φρειδερίκος Β΄ της Σικελίας|Φρειδερίκος Β΄]], βασιλιάς της Σικελίας\n*[[1348]] - [[Ροδόλφος Δ΄ του Μπάντεν-Πφόρτσχαϊμ|Ροδόλφος Δ΄]], μάργραβος του Μπάντεν-Πφόρτσχαϊμ\n*[[1533]] - [[Μαρία της Αγγλίας (1496-1533)|Μαρία Τυδώρ]], βασίλισσα της Γαλλίας\n*[[1671]] - [[Τζοβάνι Ριτσιόλι]], Ιταλός αστρονόμος\n*[[1767]] - [[Γκέοργκ Φίλιπ Τέλεμαν]], Γερμανός συνθέτης\n*[[1796]] - [[Γιόχαν Φίλιππ Ζίμπενκέες]], Γερμανός φιλόλογος\n*[[1856]] - [[Μαξ Στίρνερ]], Γερμανός φιλόσοφος\n*[[1912]] - [[Λώρενς Άλμα-Τάντεμα]], Ολλανδός ζωγράφος\n*[[1913]] - [[Μητροπολίτης Μελενίκου Κωνσταντίνος Ασημιάδης|Κωνσταντίνος Ασημιάδης]], Μητροπολίτης Μελενίκου\n*[[1945]] - [[Κωνσταντίνος Λυκουρέζος]], Έλληνας νομικός και πολιτικός\n*[[1960]] - [[Βάλτερ Μπάαντε]], Γερμανός αστρονόμος\n*[[1964]] - [[Γκέριτ Τόμας Ρίτβελντ]], Ολλανδός αρχιτέκτονας και σχεδιαστής\n*[[1976]] - [[Τζόνι Μέρσερ]], Αμερικανός τραγουδοποιός\n*[[1984]] - [[Μισέλ Φουκώ]], Γάλλος φιλόσοφος\n*[[1988]] - [[Μίλντρεντ Γκίλλαρς]], Αμερικανίδα εκφωνήτρια\n*[[1988]] - [[Χίλελ Σλόβακ]], Ισραηλινός κιθαρίστας ([[Red Hot Chili Peppers]])\n*[[1989]] - [[Έλσα Βεργή]], Ελληνίδα ηθοποιός\n*[[1995]] - [[Έρνεστ Τόμας Σάιντον Γουόλτον]], Ιρλανδός φυσικός\n*[[1997]] - [[Ζακ-Υβ Κουστώ]], Γάλλος ωκεανογράφος και εξερευνητής\n*[[1998]] - [[Ρένα Παγκράτη]], Ελληνίδα ηθοποιός\n*[[2000]] - [[Αντώνιος Κωβαίος]], Έλληνας δικηγόρος\n*[[2009]] - [[Μάικλ Τζάκσον]], Αμερικανός τραγουδιστής\n*[[2009]] - [[Φάρα Φόσετ]], Αμερικανίδα ηθοποιός\n\n==Αργίες και εορτές==\n* [[Μοζαμβίκη]] - Ημέρα Ανεξαρτησίας\n\n===[[Ορθόδοξη Εκκλησία]]===\n{{Πύλη:Ορθοδοξία/Εορτολόγιο/25 Ιουνίου}}\n\n{{Μήνες}}\n\n[[Κατηγορία:Ημέρες του έτους]]"}}}]}]}}