{"batchcomplete":true,"query":{"normalized":[{"fromencoded":false,"from":"25_Οκτωβρίου","to":"25 Οκτωβρίου"}],"pages":[{"pageid":3369,"ns":0,"title":"25 Οκτωβρίου","revisions":[{"slots":{"main":{"contentmodel":"wikitext","contentformat":"text/x-wiki","content":"{{Μήνες Οκτωβρίου}}\n\n<center>[[24 Οκτωβρίου]] | '''25 Οκτωβρίου''' | [[26 Οκτωβρίου]]</center>\n\n----\n{{ΗμερολόγιοΣεΠίνακα|10}}\nΗ '''25η Οκτωβρίου''' είναι η 298η ημέρα του έτους κατά το [[Γρηγοριανό ημερολόγιο]] (299η σε δίσεκτα έτη). Υπολείπονται 67 ημέρες.\n\n== Γεγονότα ==\n*[[473]] - Ο αυτοκράτορας [[Λέων Α΄]] αναγορεύει τον εγγονό του, [[Λέων Β΄|Λέοντα Β΄]], [[Καίσαρας|καίσαρα]] της [[Βυζαντινή Αυτοκρατορία|Βυζαντινής Αυτοκρατορίας]].\n*[[1147]] - Οι [[Σελτζούκοι]] εξολοθρεύουν πλήρως τους [[Γερμανία|Γερμανούς]] σταυροφόρους του [[Κορράδος Γ΄ της Γερμανίας|Κορράδου Γ΄]] στη Μάχη του Δορυλαίου.\n*[[1154]] - Ο [[Ερρίκος Β΄ της Αγγλίας|Ερρίκος Β΄]] γίνεται [[Κατάλογος Άγγλων μοναρχών|βασιλιάς της Αγγλίας]]. \n*[[1415]] - Ο στρατός του [[Ερρίκος Ε΄ της Αγγλίας|Ερρίκου Ε΄ της Αγγλίας]] νικά το [[Γαλλία|γαλλικό]] στρατό στη Μάχη του Αζινκούρ.\n*[[1760]] - Ο [[Γεώργιος Γ΄ του Ηνωμένου Βασιλείου|Γεώργιος Γ΄]] γίνεται [[Μοναρχία του Ηνωμένου Βασιλείου|βασιλιάς του Ηνωμένου Βασιλείου]].\n*[[1822]] - [[Ελληνική Επανάσταση του 1821]]: αρχίζει η [[Πρώτη πολιορκία του Μεσολογγίου]].\n*[[1854]] - Κατά τη διάρκεια του [[Κριμαϊκός Πόλεμος|Κριμαϊκού πολέμου]] διεξάγεται η Μάχη της Μπαλακλάβας (Επέλαση της Ελαφράς Ταξιαρχίας).\n*[[1861]] - Ιδρύεται το Χρηματιστήριο του [[Τορόντο]].\n*[[1889]] - Ισχυρός [[σεισμός]] μεγέθους 6,7 Ρίχτερ χτυπά τη [[Λέσβος|Λέσβο]], [[Κατάλογος φονικών σεισμών στην Ελλάδα|με απολογισμό 36 νεκρούς]].\n* [[1900]] - Το [[Ηνωμένο Βασίλειο]] προσαρτά το Τρανσβάαλ.\n* [[1914]] - Η [[Μεγάλη Βρετανία]] προσαρτά την [[Κύπρος|Κύπρο]].\n* [[1917]] - (Στις 7 Νοεμβρίου με το νέο ημερολόγιο) Ξεσπά η Επανάσταση των Μπολσεβίκων στη Ρωσία. [[Οκτωβριανή Επανάσταση]].\n* [[1918]] - Το καναδικό ατμόπλοιο «Πριγκίπισσα Σοφία» προσκρούει σε ύφαλο στα ανοιχτά της [[Αλάσκα]]ς, με 398 νεκρούς.\n* [[1922]] - Εγκρίνεται επίσημα το ιρλανδικό Σύνταγμα.\n* 1922 - Η ανακριτική επιτροπή των φυγάδων της μικρασιατικής εκστρατείας του [[Θεόδωρος Δ. Πάγκαλος|Θ. Πάγκαλου]] παραπέμπει στο στρατοδικείο για εσχάτη προδοσία πολιτικούς και στρατιωτικούς, ως υπεύθυνους της μικρασιατικής καταστροφής.\n* [[1925]] - Στην Ελλάδα διενεργούνται δημοτικές εκλογές. Πρώτες πρωινές ώρες συλλαμβάνεται στην Αθήνα ο καταζητούμενος πρώην αρχηγός της Επανάστασης [[Νικόλαος Πλαστήρας]] όπου και οδηγήθηκε αρχικά στον Ναυστάθμου Σαλαμίνας, απ' όπου κατ' εντολή του δικτάτορα [[Θεόδωρος Δ. Πάγκαλος|Θ. Πάγκαλου]] απελάθηκε εντός της ημέτας στην Ιταλία. Η τουρκική κυβέρνηση του Ισμέτ Πασά σε αντίποινα της μη εισέτι επικύρωσης εκ μέρους της Ελλάδας των ελληνοτουρκικών συμφωνιών διέταξε τη δήμευση των περιουσιών των απουσιαζόντων Ελλήνων.\n* [[1929]] - Ο Αμερικανός υπουργός Εξωτερικών Αλμπερτ Φολ καταδικάζεται για δωροδοκία και γίνεται το πρώτο κατάδικο μέλος υπουργικού συμβουλίου.\n* [[1931]] - Ο [[Εμμανουήλ Τσουδερός]] εκλέγεται διοικητής της [[Τράπεζα της Ελλάδος|Τράπεζας της Ελλάδος]].\n* [[1936]] - [[Χίτλερ]] και [[Μουσολίνι]] συνάπτουν τον [[Άξονας Βερολίνου - Ρώμης|Άξονα Ρώμης- Βερολίνου]]. Η συμφωνία παρέμεινε μυστική έως την 1η Νοεμβρίου.\n* [[1938]] - Ο Μπενίτο Μουσολίνι ανακηρύσσει επίσημα τη Λιβύη ιταλικό έδαφος\n* [[1940]] - Οι ελεύθεροι Γάλλοι καταλαμβάνουν την [[Γκαμπόν]].\n* [[1942]] - Ο Μοντγκόμερι αντιμετωπίζει τον Ρόμελ στη Μάχη του Ελ Αλαμέιν.\n* [[1944]] - Οι Γερμανοί εκκενώνουν την Ελασσόνα.\n* 1944 - Η [[Ιαπωνία]] εξαπολύει τις πρώτες επιθέσεις αυτοκτονίας από πιλότους (καμικάζι).\n* [[1945]] - Η [[Κίνα]] αναλαμβάνει τη διοίκηση της [[Ταϊβάν]].\n* [[1946]] - Ξεκινά η [[Δίκη της Νυρεμβέργης]], η πρώτη δίκη Ναζιστών εγκληματιών πολέμου.\n* [[1949]] - Αποχωρούν από την Ελλάδα τα βρετανικά στρατεύματα.\n* [[1951]] - Ο 77χρονος [[Ουίνστον Τσώρτσιλ|Τσόρτσιλ]] αναλαμβάνει την πρωθυπουργία στη Βρετανία.\n* [[1952]] - Η Γενική Συνέλευση του ΟΗΕ αποκλείει για τρίτη φορά την κομμουνιστική Κίνα\n* [[1955]] - Πωλείται από την «Ταπάν» ο πρώτος οικιακός φούρνος μικροκυμάτων\n* 1955 - Η [[Αυστρία]] ανακτά για πρώτη φορά την κυριαρχία της από τη γερμανική κατοχή του 1938 μετά την αποχώρηση και των τελευταίων συμμαχικών δυνάμεων.\n* [[1958]] - Τα τελευταία αμερικανικά στρατεύματα εγκαταλείπουν το [[Λίβανος|Λίβανο]].\n* [[1959]] - Ξεκινάει επίσημα η Α΄ Εθνική της Ελλάδας κατηγορία ποδοσφαίρου με 16 ομάδες. \n* [[1959]] - Στη Φαιστό της Κρήτης, η Ιταλική Αρχαιολογική Σχολή ανακαλύπτει σπουδαίες παραστάσεις θρησκευτικών μινωικών τελετών.\n* [[1971]] - Ο ΟΗΕ κάνει δεκτή την Κίνα και αποπέμπει την Ταϊβάν από τους κόλπους του.\n* [[1979]] - Στην [[Ισπανία]], το 85% ψηφίζει υπέρ της αυτονομίας της [[Καταλονία]]ς και των εδαφών των Βάσκων.\n* [[1983]] - Απόβαση Αμερικανών πεζοναυτών (περισσότερων από 1.200) στη [[Γρενάδα]], με πρόσχημα την προστασία Αμερικανών πολιτών από το νέο μαρξιστικό και φιλοκουβανέζικο κατά αυτούς, καθεστώς Αποχώρησαν στις [[6 Νοεμβρίου]], αφού κάμφθηκε η αντίσταση των πραξικοπηματιών και αντικαταστάθηκαν από μονάδες τήρησης της τάξης από Καναδά και Νέα Ζηλανδία.\n* [[1984]] - Εντοπίζεται ο ιός της [[ηπατίτιδα]]ς στις [[ΗΠΑ]].\n* [[1990]] - Το [[Καζακστάν]] κηρύσσει την ανεξαρτησία του.\n* 1990 - Πραγματοποιείται η πρώτη μεταμόσχευση πνεύμονα από ζώντα δότη, τον Dr. Vaughn A. Starnes, στην [[Καλιφόρνια]]. Δότρια ήταν μια μητέρα και λήπτρια η 12χρονη κόρη της.\n* [[1991]] - Επανένωση του συγκροτήματος «Στίλι Νταν». \n* [[1997]] - Πρόεδρος στο Κονγκό (Μπραζαβίλ) ορκίζεται ο [[Ντενί Σασού Νγκουέσσο]], έπειτα από ολιγοήμερο εμφύλιο πόλεμο με τον αντίπαλό του, πρώην Πρόεδρο, Πασκάλ Λισούμπα.\n* [[1999]] - Προσωρινή διοίκηση υπό την εντολή του ΟΗΕ αναλαμβάνει στο [[Ανατολικό Τιμόρ]]. Ο Βραζιλιάνος Σέργκιο Βιέιρα ντε Μέγιο αναλαμβάνει Διοικητής (τοποτηρητής).\n* [[2000]] - Με λαϊκή εξέγερση στην [[Ακτή του Ελεφαντοστού]], εγκαταλείπει την εξουσία ο δικτάτορας [[Ρομπέρ Γκουέι]].\n* 2000 - Από συντριβή στρατιωτικού αεροσκάφους Ιλιούσιν στη [[Γεωργία]], χάνουν τη ζωή τους 82 άτομα.\n* [[2001]] - Κυκλοφορούν από τη [[Microsoft]] τα [[Windows XP]].\n* [[2003]] - Η χιονοδρόμος  [[Σιμέν Άλκοτ]] γράφει ιστορία στο αλπικό σκι καθώς γίνεται η πρώτη Βρετανίδα που προκρίνεται στο δεύτερο γύρο στο Παγκόσμιο Κύπελλο στο γιγάντιο σλάλομ, σε αγώνα στο Σόελντεν της Αυστρίας.\n* 2003 - Θετικό είναι το αποτέλεσμα του δημοψηφίσματος στην [[Κολομβία]] με σκοπό οι πολίτες να εγκρίνουν την πολιτική της κυβέρνησης για την αντιμετώπιση της διαφθοράς.\n* [[2004]] - Για σεξουαλικά αδικήματα (βιασμούς γυναικών και 12χρονων κοριτσιών) καταδικάζονται 6 άνδρες από το απομακρυσμένο [[νησί Πίτκερν]] (απόγονοι των πρωταγωνιστών της «ανταρσίας του Μπάουντι»).\n* [[2008]] - Στην [[Υεμένη]] πλημμύρες προκαλούν τον θάνατο περίπου 200 ατόμων, ενώ περί τους 20.000 εγκαταλείπουν τα σπίτια τους.\n\n== Γεννήσεις ==\n*[[1102]] - [[Γουλιέλμος Κλίτο]], κόμης της Φλάνδρας\n*[[1692]] - [[Ελισάβετ Φαρνέζε]], βασίλισσα της Ισπανίας\n*[[1757]] - [[Χάινριχ Φρίντριχ Καρλ φομ Στάιν]], Πρώσος πολιτικός\n*[[1800]] - [[Ζακ Πολ Μιν]], Γάλλος ιερέας και εκδότης\n*[[1806]] - [[Μαξ Στίρνερ]], Γερμανός φιλόσοφος\n*[[1811]] - [[Εβαρίστ Γκαλουά]], Γάλλος μαθηματικός\n*[[1825]] - [[Γιόχαν Στράους ο νεότερος]], Αυστριακός συνθέτης\n*[[1827]] - [[Μαρσελέν Μπερτελό]], Γάλλος χημικός\n*[[1838]] - [[Ζωρζ Μπιζέ]], Γάλλος συνθέτης\n*[[1881]] - [[Πάμπλο Πικάσο]], Ισπανός ζωγράφος και γλύπτης\n*[[1884]] - [[Έιβιντ Μπέργκραβ]], Νορβηγός επίσκοπος\n*[[1885]] - [[Ιωάννης Πασαλίδης]], Έλληνας πολιτικός\n*[[1903]] - [[Γεώργιος Ανδριανόπουλος]], Έλληνας ποδοσφαιριστής και πολιτικός\n*[[1913]] - [[Κλάους Μπάρμπι]], Γερμανός αξιωματικός των SS\n*[[1925]] - [[Τάκις]], Έλληνας γλύπτης\n*[[1934]] - [[Τρύφων Κουταλίδης]], Έλληνας δικηγόρος\n*[[1939]] - [[Νίκος Νικολαΐδης (σκηνοθέτης)|Νίκος Νικολαΐδης]], Έλληνας σκηνοθέτης και σεναριογράφος\n*[[1940]] - [[Νάκυ Αγάθου]], Ελληνίδα τηλεπαρουσιάστρια\n*[[1941]] - [[Αν Τάιλερ]], Αμερικανίδα συγγραφέας\n*[[1947]] - [[Θανάσης Γκαϊφύλλιας]], Έλληνας τραγουδοποιός\n*[[1947]] - [[Γκλεν Τίπτον]], Άγγλος κιθαρίστας\n*[[1952]] - [[Γιάννης Κυράστας]], Έλληνας ποδοσφαιριστής και προπονητής\n*[[1955]] - [[Ματίας Γιαμπς]], Γερμανός κιθαρίστας ([[Scorpions]])\n*[[1955]] - [[Γκλίνις Μπάρμπερ]], Νοτιοαφρικανή ηθοποιός\n*[[1975]] - [[Γιώργος Τσαλίκης]], Έλληνας τραγουδιστής\n*[[1977]] - [[Μπίργκιτ Πρινς]], Γερμανίδα ποδοσφαιρίστρια\n*[[1984]] - [[Κέιτι Πέρι]], Αμερικανίδα τραγουδίστρια και ηθοποιός\n*[[1987]] - [[Μπλακ Αντζέλικα]], Ρουμάνα πορνογραφική ηθοποιός\n*[[1987]] - [[Ντάρον Γκίμπσον]], Ιρλανδός ποδοσφαιριστής\n*\n*[[2001]] - [[Ελισάβετ του Βελγίου|Ελισάβετ]], πριγκίπισσα του Βελγίου\n\n== Θάνατοι ==\n*[[625]] - [[Πάπας Βονιφάτιος Ε΄]]\n*[[1047]] - [[Μάγκνους ο Καλός]], βασιλιάς της Νορβηγίας\n*[[1154]] - [[Στέφανος της Αγγλίας|Στέφανος]], βασιλιάς της Αγγλίας\n*[[1349]] - [[Ιάκωβος Γ΄ της Μαγιόρκας|Ιάκωβος Γ΄]], βασιλιάς της Μαγιόρκας\n*[[1400]] - [[Τζόφρι Σώσερ]], Άγγλος ποιητής\n*[[1415]] - [[Αντώνιος της Βραβάντης|Αντώνιος]], δούκας της Βραβάντης\n*[[1415]] - [[Εδουάρδος του Νόργουιτς]], 2ος δούκας της Υόρκης\n*[[1415]] - [[Φίλιππος Β΄ του Νεβέρ|Φίλιππος Β΄]], κόμης του Νεβέρ\n*[[1415]] - [[Φρειδερίκος Α΄ του Βωντεμόν|Φρειδερίκος Α΄]], κόμης του Βωντεμόν\n*[[1495]] - [[Ιωάννης Β΄ της Πορτογαλίας|Ιωάννης Β΄]], βασιλιάς της Πορτογαλίας\n*[[1647]] - [[Ευαντζελίστα Τοριτσέλι]], Ιταλός φυσικός και μαθηματικός\n*[[1733]] - [[Τζοβάνι Τζιρόλαμο Σακέρι]], Ιταλός μαθηματικός\n*[[1826]] - [[Φιλίπ Πινέλ]], Γάλλος ψυχίατρος\n*[[1836]] - [[Αντώνιος Μιαούλης]], Έλληνας πολιτικός και αγωνιστής\n*[[1851]] - [[Παναγιώτης Γιατράκος]], Έλληνας πολιτικός και αγωνιστής\n*[[1875]] - [[Ζακ Πολ Μιν]], Γάλλος ιερέας και εκδότης\n*[[1905]] - [[Δημοσθένης Δόγκας]], Έλληνας πολιτικός\n*[[1920]] - [[Αλέξανδρος Α΄ των Ελλήνων|Αλέξανδρος Α΄]], βασιλιάς της Ελλάδας\n*[[1945]] - [[Ρόμπερτ Λάι]], Γερμανός πολιτικός\n*[[1955]] - [[Σαντάκο Σασάκι]], Ιαπωνέζα σύμβολο των αθώων θυμάτων πολέμου\n*[[1962]] - [[Κωνσταντίνος Αδαμόπουλος]], Έλληνας πολιτικός\n*[[1973]] - [[Αμπέμπε Μπικίλα]], Αιθίοπας μαραθωνοδρόμος\n*[[1976]] - [[Ρεϊμόν Κενώ]], Γάλλος συγγραφέας\n*[[1980]] - [[Φίλιππος της Έσσης|Φίλιππος]], εκλέκτορας της Έσσης\n*[[1984]] - [[Αρχιεπίσκοπος Ιάκωβος|Ιάκωβος]], Αρχιεπίσκοπος Αθηνών και πάσης Ελλάδος\n*[[1993]] - [[Βίνσεντ Πράις]], Αμερικανός ηθοποιός\n*[[1999]] - [[Βίκτορ Σαούντε Μαρία]], πρωθυπουργός της Γουινέας-Μπισσάου\n*[[2004]] - [[Τζον Πιλ]], Άγγλος DJ και ραδιοφωνικός παρουσιαστής\n*[[2006]] - [[Κούλα Αγαγιώτου]], Ελληνίδα ηθοποιός\n*[[2007]] - [[Πουντσαγκίν Τζασράι]], Μογγόλος πολιτικός\n*[[2011]] - [[Λεωνίδας Ανδριανόπουλος]], Έλληνας ποδοσφαιριστής\n*[[2012]] - [[Δημήτρης Μπέης]], Έλληνας πολιτικός\n*[[2014]] - [[Τζακ Μπρους]], Σκωτσέζος μουσικός\n*[[2016]] - [[Κάρλος Αλμπέρτο Τόρες]], Βραζιλιάνος ποδοσφαιριστής και προπονητής\n*[[2021]] - [[Φώφη Γεννηματά]], Ελληνίδα πολιτικός\n*2021-[[wikidata:Q109243865|Νικηφόρος Αντωνόπουλος]] Έλληνας δημοσιογράφος\n*2021-[[wikidata:Q3165004|Ζαν-Κλοντ Γκιμπάλ]]  Γάλλος πολιτικός \n*2021-Πάτρικ Ρεϊντιενς  Βρετανός Καλλιτέχνης\n\n== Αργίες και εορτές ==\n\n*Παγκόσμια Ημέρα Ζυμαρικών.\n\n=== [[Ορθόδοξη Εκκλησία]] ===\n{{Πύλη:Ορθοδοξία/Εορτολόγιο/25 Οκτωβρίου}}\n\n{{Μήνες}}\n\n[[Κατηγορία:Ημέρες του έτους]]"}}}]}]}}