{"batchcomplete":true,"query":{"normalized":[{"fromencoded":false,"from":"25_Ιουλίου","to":"25 Ιουλίου"}],"pages":[{"pageid":2871,"ns":0,"title":"25 Ιουλίου","revisions":[{"slots":{"main":{"contentmodel":"wikitext","contentformat":"text/x-wiki","content":"{{χωρίς παραπομπές|16|01|2022}}\n\n{{Μήνες Ιουλίου}}\n\n<center>[[24 Ιουλίου]] | '''25 Ιουλίου''' | [[26 Ιουλίου]]</center>\n\n----\nΗ '''25η Ιουλίου''' είναι η 206η ημέρα του έτους κατά το [[Γρηγοριανό ημερολόγιο]] (207η σε δίσεκτα έτη). Υπολείπονται 159 ημέρες.\n\n{{ΗμερολόγιοΣεΠίνακα|7}}\n\n== Γεγονότα ==\n*[[306]] - Ο [[Κωνσταντίνος Α΄]] ανακηρύσσεται [[Ρωμαίος αυτοκράτορας]] από τον στρατό του.\n*[[315]] - Εγκαινιάζεται επίσημα η Αψίδα του Κωνσταντίνου κοντά στο [[Κολοσσαίο]] στη [[Αρχαία Ρώμη|Ρώμη]], για να τιμηθεί η νίκη του [[Κωνσταντίνος Α΄|Κωνσταντίνου Α΄]] επί του [[Μαξέντιος|Μαξέντιου]] στη Μιλβία γέφυρα.\n*[[864]] - Ο [[Κάρολος ο Φαλακρός]] εκδίδει το Έδικτο του Πιστρ με το οποίο λαμβάνονται αμυντικά μέτρα κατά των [[Βίκινγκ]].\n*[[1137]] - Η [[Ελεονώρα της Ακουιτανίας]] παντρεύεται τον πρίγκιπα Λουδοβίκο, μετέπειτα βασιλιά [[Λουδοβίκος Ζ´ της Γαλλίας|Λουδοβίκο Ζ΄ της Γαλλίας]], στον Καθεδρικό Ναό του Αγίου Ανδρέα στο [[Μπορντό]].\n*[[1139]] - [[Μάχη του Ουνρίκε]]: Ο πρίγκιπας της [[Πορτογαλία]]ς [[Αλφόνσος Α΄ της Πορτογαλίας|Αφόνσο Ενρίκες]] νικά τους [[Αλμοραβίδες]] υπό τον [[Αλί ιμπν Γιουσούφ]].  \n*[[1261]] - Οι δυνάμεις της [[Αυτοκρατορία της Νίκαιας|αυτοκρατορίας της Νίκαιας]] υπό τη διοίκηση του [[Αλέξιος Στρατηγόπουλος|Αλέξιου Στρατηγόπουλου]] ανακαταλαμβάνουν την [[Βυζαντινή Κωνσταντινούπολη|Κωνσταντινούπολη]], εγκαθιστώντας ξανά τη [[Βυζαντινή Αυτοκρατορία]].\n*[[1536]] - Ο Σεμπαστιάν δε Μπελαλκάθαρ αναζητώντας το [[Ελ Ντοράντο]] ιδρύει το [[Κάλι (Κολομβία)]].\n*[[1538]] - Ο [[Ισπανία|Ισπανός]] κατακτητής [[Φρανθίσκο ντε Ορεγιάνα]] ιδρύει το [[Γουαγιακίλ]].\n*[[1554]] - Η [[Μαρία Α΄ της Αγγλίας]] παντρεύεται τον [[Φίλιππος Β΄ της Ισπανίας|Φίλιππο Β΄ της Ισπανίας]].\n*[[1567]] - Ο Ντον Ντιέγο ντε Λοσάδα ιδρύει την πόλη Σαντιάγκο ντε Λεόν ντε Καράκας, το σημερινό [[Καράκας]], πρωτεύουσα της [[Βενεζουέλα]]ς.\n*[[1593]] - Ο [[Ερρίκος Δ΄ της Γαλλίας]] αποκηρύσσει τον [[Προτεσταντισμός|Προτεσταντισμό]] και ασπάζεται το [[Καθολική Εκκλησία|Ρωμαιοκαθολικισμό]].\n*[[1603]] - Ο Ιάκωβος ΣΤ΄ της Σκωτίας στέφεται [[Κατάλογος Άγγλων μοναρχών|βασιλιάς της Αγγλίας]] (ως [[Ιάκωβος Α΄ της Αγγλίας]]), φέρνοντας το [[Βασίλειο της Αγγλίας]] και το Βασίλειο της Σκωτίας σε [[προσωπική ένωση]]. Η πολιτική ένωση θα συμβεί το [[Πράξεις της Ένωσης 1707|1707]].\n*[[1609]] - Το [[Αγγλία|αγγλικό]] πλοίο ''Sea Venture'', κατευθυνόμενο προς τη [[Βιρτζίνια]], οδηγείται σκόπιμα στην ξηρά κατά τη διάρκεια καταιγίδας στις [[Βερμούδες]] προκειμένου να αποτραπεί η βύθισή του. Οι επιζώντες αποφασίζουν να ιδρύσουν εκεί μία νέα αποικία.  \n*[[1788]] - Ο [[Βόλφγκανγκ Αμαντέους Μότσαρτ]] ολοκληρώνει τη ''Συμφωνία αρ. 40 σε Σολ ελάσσονα'' (Κ550). \n*[[1797]] - Ο [[Οράτιος Νέλσον]] χάνει περισσότερους από 300 άνδρες και το δεξί του χέρι κατά τη διάρκεια της αποτυχημένης προσπάθειας κατάκτησης της [[Τενερίφη]]ς ([[Ισπανία]]).\n*[[1799]] - Ο [[Ναπολέων Α΄ της Γαλλίας]] νικά τους [[Οθωμανική Αυτοκρατορία|Οθωμανούς]] στο Αμπουκίρ της [[Αίγυπτος|Αιγύπτου]]. \n*[[1824]] - Η [[Κόστα Ρίκα]] προσαρτά την [[επαρχία Γκουανακάστε]] από τη [[Νικαράγουα]].\n*[[1866]] - Το [[Κογκρέσο των Ηνωμένων Πολιτειών]] ψηφίζει νόμο που επιτρέπει το βαθμό του Στρατηγού του Στρατού. Ο [[Οδυσσεύς Γκραντ]] γίνεται ο πρώτος που προάγεται σ' αυτό το βαθμό.\n*[[1868]] - Το [[Ουαϊόμινγκ]] γίνεται περιοχή των [[Ηνωμένες Πολιτείες Αμερικής|Η.Π.Α.]]   \n*[[1893]] - Εγκαινιάζεται η [[Διώρυγα της Κορίνθου]].\n*[[1894]] - Αρχίζει ο [[Α΄ Σινοϊαπωνικός Πόλεμος]] όταν οι [[Ιαπωνία|Ιάπωνες]] ανοίγουν πυρ εναντίον [[Δυναστεία Τσινγκ|κινεζικού]] πολεμικού πλοίου.\n*[[1898]] - Τα [[Ηνωμένες Πολιτείες Αμερικής|αμερικανικά]] στρατεύματα εισβάλλουν στο [[Πουέρτο Ρίκο]].\n*[[1943]] - [[Β΄ Παγκόσμιος Πόλεμος]]: Ο [[Μπενίτο Μουσολίνι]] εξαναγκάζεται σε παραίτηση από το Μεγάλο Φασιστικό Συμβούλιο και αντικαθίσταται από τον [[Πιέτρο Μπαντόλιο]].\n* [[1983]] - Ο [[Λουκιανός Κηλαηδόνης]] διοργανώνει στην πλαζ του [[ΕΟΤ]] στη [[Βουλιαγμένη Αττικής|Βουλιαγμένη]] συναυλία η οποία έμεινε γνωστή ως το «[[Πάρτυ στη Βουλιαγμένη]]».\n* [[1984]] - Η Σοβιετική κοσμοναύτης [[Σβετλάνα Σαβίτσκαγια]] (''Светлана Савицкая'') γίνεται η πρώτη γυναίκα που «περπάτησε» στο διάστημα.\n* [[2000]] - Μεγάλο αεροπορικό δυστύχημα της Air France Concorde. Υπερηχητικό [[Κονκόρντ]] αμέσως μετά την απογείωσή του από το [[Παρίσι]] κατέπεσε καιόμενο παρασύροντας σε θάνατο και τους 109 επιβαίνοντες καθώς και 4 κατοίκους στο σημείο της πτώσης.\n\n== Γεννήσεις ==\n*[[1016]] - [[Καζιμίρ Α΄ ο Αποκαταστάτης]], δούκας της Πολωνίας\n*[[1109]] - [[Αλφόνσος Α΄ της Πορτογαλίας|Αλφόνσος Α΄]], βασιλιάς της Πορτογαλίας\n*[[1261]] - [[Αρθούρος Β΄ της Βρετάνης|Αρθούρος Β΄]], δούκας της Βρετάνης\n*[[1394]] - [[Ιάκωβος Α΄ της Σκωτίας|Ιάκωβος Α΄]], βασιλιάς της Σκωτίας\n*[[1404]] - [[Φίλιππος του Σαιν-Πολ]], δούκας της Βραβάντης\n*[[1486]] - [[Αλβέρτος Ζ΄ του Μεκλεμβούργου|Αλβέρτος Ζ΄]], δούκας του Μεκλεμβούργου\n*[[1573]] - [[Κριστόφ Σάινερ]], Γερμανός αστρονόμος και ιησουίτης\n*[[1642]] - [[Λουδοβίκος Α΄ του Μονακό|Λουδοβίκος Α΄]], πρίγκιπας του Μονακό\n*[[1727]] - [[Λουδοβίκος Αντώνιος των Βουρβόνων]], ινφάντης της Ισπανίας\n*[[1786]] - [[Όττο Μάγκνους φον Στάκελμπεργκ (αρχαιολόγος)]], Εσθονός αρχαιολόγος\n*[[1831]] - [[Γρηγόριος Μαρασλής]], Έλληνας ευεργέτης\n*[[1841]] - [[Νελί Ζακεμάρ]], Γαλλίδα ζωγράφος και συλλέκτρια έργων τέχνης\n*[[1893]] - [[Κωνσταντίνος Μανιαδάκης]], Έλληνας στρατιωτικός και πολιτικός\n*[[1894]] - [[Γουόλτερ Μπρέναν]], Αμερικανός ηθοποιός\n*[[1894]] - [[Γκαβρίλο Πρίντσιπ]], Βόσνιος δολοφόνος του [[Φραγκίσκος Φερδινάνδος της Αυστρίας|Φραγκίσκου Φερδινάνδου της Αυστρίας]]\n*[[1905]] - [[Ελίας Κανέττι]], Βούλγαρος συγγραφέας\n*[[1911]] - [[Τόσι Γιοσίντα]], Ιάπωνας ξυλογράφος\n*[[1920]] - [[Ρόζαλιντ Φράνκλιν]], Αγγλίδα κρυσταλλογράφος\n*[[1924]] - [[Γέροντας Παΐσιος]], Έλληνας μοναχός\n*[[1940]] - [[Τζον Πένελ]], Αμερικανός αθλητής\n*[[1941]] - [[Ραούλ Ρουίς]], Χιλιανός σκηνοθέτης\n*[[1967]] - [[Ματ ΛεΜπλάνκ]], Αμερικανός ηθοποιός\n*[[1969]] - [[Αναστάζια Παλασέι]], Αυστραλή πολιτικός\n*[[1981]] - [[Κωνσταντίνος Χαραλαμπίδης (ποδοσφαιριστής)|Κωνσταντίνος Χαραλαμπίδης]], Κύπριος ποδοσφαιριστής\n*[[1982]] - [[Μπραντ Ρένφρο]], Αμερικανός ηθοποιός\n*[[1984]] - [[Λουκάς Μαυροκεφαλίδης]], Έλληνας καλαθοσφαιριστής\n*[[1985]] - [[Τζέιμς Λάφερτι]], Αμερικανός ηθοποιός\n*[[1986]] - [[Χουλκ (ποδοσφαιριστής)|Χουλκ]], Βραζιλιάνος ποδοσφαιριστής\n*[[1988]] - [[Ζοζέ Πάουλο Μπεζέρα Μασιέλ Ζούνιορ]], Βραζιλιάνος ποδοσφαιριστής\n\n== Θάνατοι ==\n*[[306]] - [[Κωνστάντιος Α΄ Χλωρός]], Ρωμαίος αυτοκράτορας\n*[[1032]] - [[Κωνσταντία της Αρλ]], βασίλισσα της Γαλλίας\n*[[1195]] - [[Χέραντ του Λάντσμπεργκ]], Αλσατή ηγουμένη\n*[[1261]] - [[Νικηφόρος Β΄ (πατριάρχης)|Νικηφόρος Β΄]], Πατριάρχης Κωνσταντινουπόλεως\n*[[1409]] - [[Μαρτίνος Α΄ της Σικελίας|Μαρτίνος Α΄]], βασιλιάς της Σικελίας\n*[[1471]] - [[Θωμάς ο Κεμπήσιος]], Γερμανός ιερέας\n*[[1492]] - [[Πάπας Ιννοκέντιος Η΄]]\n*[[1564]] - [[Φερδινάνδος Α΄ της Αγίας Ρωμαϊκής Αυτοκρατορίας|Φερδινάνδος Α΄]], αυτοκράτορας της Αγίας Ρωμαϊκής Αυτοκρατορίας\n*[[1694]] - [[Χισικάουα Μορονόμπου]], Ιάπωνας καλλιτέχνης\n*[[1790]] - [[Γιόχαν Μπάζεντοβ]], Γερμανός εκπαιδευτικός μεταρρυθμιστής\n*[[1794]] - [[Αντρέ Σενιέ]], Γάλλος συγγραφέας\n*[[1920]] - [[Ιωάννης Κονδυλάκης]], Έλληνας λογοτέχνης\n*[[1923]] - [[Αργύρης Εφταλιώτης]], Έλληνας συγγραφέας\n*[[1934]] - [[Ένγκελμπερτ Ντόλφους]], Αυστριακός πολιτικός\n*[[1963]] - [[Ούγκο Τσερλέτι]], Ιταλός νευρολόγος\n*[[1966]] - [[Μιχαήλ Αιλιανός]], Έλληνας οικονομολόγος και πολιτικός\n*[[1967]] - [[Κωνσταντίνος Παρθένης]], Έλληνας ζωγράφος\n*[[1969]] - [[Ότο Ντιξ]], Γερμανός ζωγράφος και χαράκτης\n*[[1974]] - [[Ιωάννης Παπαηλιάκης]], Έλληνας δικηγόρος και πολιτικός\n*[[1978]] - [[Γιώργος Κατσίμπαλης]], Έλληνας διανοούμενος και συγγραφέας\n*[[1980]] - [[Βλαντίμιρ Βισότσκι]] Ρώσος τραγουδιστής, κιθαρίστας και ηθοποιός\n*[[1995]] - [[Αλίκη Γεωργούλη]], Ελληνίδα ηθοποιός\n*[[2003]] - [[Τζον Σλέσιντζερ]], Άγγλος σκηνοθέτης\n*[[2011]] - [[Θεόδωρος Βγενόπουλος]], Έλληνας πολιτικός\n*[[2011]] - [[Μιχάλης Κακογιάννης]], Κύπριος σκηνοθέτης\n*[[2020]] - [[Θανάσης Ιντζόγλου]], Έλληνας ποδοσφαιριστής\n\n== Αργίες και εορτές ==\n=== [[Ορθόδοξη Εκκλησία]] ===\n{{Πύλη:Ορθοδοξία/Εορτολόγιο/25 Ιουλίου}}\n\n\n{{Μήνες}}\n\n[[Κατηγορία:Ημέρες του έτους]]"}}}]}]}}