{"batchcomplete":true,"query":{"normalized":[{"fromencoded":false,"from":"25_Δεκεμβρίου","to":"25 Δεκεμβρίου"}],"pages":[{"pageid":3749,"ns":0,"title":"25 Δεκεμβρίου","revisions":[{"slots":{"main":{"contentmodel":"wikitext","contentformat":"text/x-wiki","content":"{{Μήνες Δεκεμβρίου}}\n\n<center>[[24 Δεκεμβρίου]] | [[25 Δεκεμβρίου]] | [[26 Δεκεμβρίου]]</center>\n\n----\nΗ '''25η Δεκεμβρίου''' είναι η 359η ημέρα του έτους κατά το [[Γρηγοριανό ημερολόγιο]] (360η σε δίσεκτα έτη). Υπολείπονται 6 ημέρες.\n\n{{ΗμερολόγιοΣεΠίνακα|12}}\n\n== Γεγονότα ==\n*[[333]] - Ο [[Ρωμαίος αυτοκράτορας]] [[Κωνσταντίνος Α΄]] αναγορεύει [[Καίσαρας|καίσαρα]] τον μικρότερο γιο του, [[Κώνστας|Κώνστα]].\n*[[336]] - Πρώτη καταγεγραμμένη αναφορά εορτασμού των [[Χριστούγεννα|Χριστουγέννων]] στην [[Αρχαία Ρώμη]].\n*[[350]] - Ο [[Βετρανίων]] συναντά τον [[Κωνστάντιος Β´|Κωνστάντιο Β΄]] στη [[Νις (Σερβία)|Ναϊσσό]] ([[Σερβία]]) και αναγκάζεται να παραιτηθεί από τον τίτλο του καίσαρα. Ο Κωνστάντιος του επιτρέπει να ζήσει ως απλός πολίτης με μία κρατική σύνταξη.\n*[[800]] - Ο [[Καρλομάγνος]] στέφεται [[αυτοκράτορας της Αγίας Ρωμαϊκής Αυτοκρατορίας]] στη [[Ρώμη]].\n*[[1013]] - Ο [[Σβεν Α΄ της Δανίας]] ανακηρύσσεται [[Βασίλειο της Αγγλίας|βασιλιάς της Αγγλίας]].\n*[[1025]] - Ο [[Μιέσκο Β΄ Λάμπερτ]] στέφεται βασιλιάς της [[Πολωνία|Πολωνίας]].\n*[[1066]] - Ο [[Δουκάτο της Νορμανδίας|δούκας της Νορμανδίας]] [[Γουλιέλμος Α΄ της Αγγλίας|Γουλιέλμος ο Κατακτητής]] στέφεται βασιλιάς της [[Αγγλία]]ς στο [[Αββαείο του Ουέστμινστερ]] στο [[Λονδίνο]].\n*[[1076]] - Ο [[Μπολέσλαφ Β΄ ο Γενναιόδωρος]] στέφεται βασιλιάς της [[Πολωνία|Πολωνίας]]. \n*[[1100]] - Ο [[Βαλδουίνος Α΄ της Ιερουσαλήμ|Βαλδουίνος Α΄ της Βουλώνης]] στέφεται [[Βασίλειο της Ιερουσαλήμ|βασιλιάς της Ιερουσαλήμ]] στη [[Βασιλική της Γεννήσεως]] στη [[Βηθλεέμ]].\n*[[1130]] - Ο [[Ρογήρος Β΄ της Σικελίας|Ρογήρος Β΄]] στέφεται [[Βασίλειο της Σικελίας|βασιλιάς της Σικελίας]].\n*[[1261]] - Ο 11χρονος [[Βυζαντινή Αυτοκρατορία|Βυζαντινός αυτοκράτορας]] [[Ιωάννης Δ΄ Λάσκαρης]] καθαιρείται και τυφλώνεται κατόπιν διαταγής του συναυτοκράτορα [[Μιχαήλ Η´ Παλαιολόγος|Μιχαήλ Η΄ Παλαιολόγου]].\n*[[1553]] - Οι εξεγερμένοι [[Μαπούτσε]] νικούν τους [[Ισπανία|Ισπανούς]] κατακτητές και εκτελούν τον κυβερνήτη της [[Χιλή|Χιλής]] [[Πέδρο ντε Βαλδίβια]].\n*[[1559]] - Εκλέγεται ο [[Πάπας Πίος Δ΄]].\n*[[1758]] - Παρατηρείται ο [[κομήτης του Χάλεϋ]], επιβεβαιώνοντας την πρόβλεψη του [[Έντμουντ Χάλλεϋ]] για το πέρασμά του. Αυτό ήταν το πρώτο πέρασμα του κομήτη που είχε προβλεφθεί.\n*[[1776]] - Ο [[Τζορτζ Ουάσινγκτον]] και ο Ηπειρωτικός Στρατός διασχίζουν τον [[Ποταμός Ντέλαγουερ|ποταμό Ντέλαγουερ]] για να επιτεθούν την επόμενη μέρα στις δυνάμεις των [[Έσση|Εσσιανών]] στο [[Τρέντον (Νιου Τζέρσεϊ)]]. \n*[[1868]] - Ο [[Ηνωμένες Πολιτείες Αμερικής|Αμερικανός]] πρόεδρος [[Άντριου Τζόνσον]] χορηγεί άνευ όρων [[χάρη]] σε όλους τους Συνομόσπονδους βετεράνους.  \n*[[1914]] - Μία [[Ανακωχή των Χριστουγέννων|σειρά ανεπίσημων εκεχειριών]] λαμβάνει χώρα στο δυτικό μέτωπο για να εορταστούν τα Χριστούγεννα. \n*[[1932]] - [[Σεισμός]] μεγέθους 7,6 [[Κλίμακα Ρίχτερ|βαθμών Ρίχτερ]] χτυπά την επαρχία [[Κανσού (επαρχία)|Κανσού]] στην [[Κίνα]].\n*[[1941]] - [[Β΄ Παγκόσμιος Πόλεμος]]: Αρχίζει η [[Ιαπωνία|ιαπωνική]] κατοχή του [[Χονγκ Κονγκ]].\n*[[1977]] - Ο [[Ισραήλ|Ισραηλινός]] πρωθυπουργός [[Μεναχέμ Μπέγκιν]] συναντιέται στην [[Αίγυπτος|Αίγυπτο]] με τον πρόεδρο [[Ανουάρ Σαντάτ]].\n*[[1989]] - [[Ρουμανική Επανάσταση]]: Ο πρώην [[πρόεδρος της Ρουμανίας]] [[Νικολάε Τσαουσέσκου]] και η γυναίκα του, Έλενα, καταδικάζονται σε θάνατο και εκτελούνται μετά από συνοπτική δίκη.\n*[[1991]] - Ο [[Μιχαήλ Γκορμπατσώφ]] παραιτείται από [[πρόεδρος της Σοβιετικής Ένωσης]] (η ίδια η [[Διάλυση της Σοβιετικής Ένωσης|Σοβιετική Ένωση διαλύεται]] την επόμενη ημέρα).\n*[[2003]] - [[Boeing 727]] συντρίβεται στο αεροδρόμιο της [[Κοτονού]] στο [[Μπενίν]], σκοτώνοντας 141 άτομα.\n\n== Γεννήσεις ==\n*[[867]] - [[Πατριάρχης Στέφανος Β΄|Στέφανος Β΄]], Πατριάρχης Κωνσταντινουπόλεως\n*[[1250]] - [[Ιωάννης Δ΄ Λάσκαρης]], Βυζαντινός αυτοκράτορας\n*[[1424]] - [[Μαργαρίτα της Σκωτίας, Δελφίνη της Γαλλίας]]\n*[[1461]] - [[Χριστίνα της Σαξονίας, βασίλισσα της Δανίας|Χριστίνα της Σαξονίας]], βασίλισσα της Σουηδίας, της Νορβηγίας και της Δανίας\n*[[1494]] - [[Αντουανέτα των Βουρβόνων]], δούκισσα του Γκιζ\n*[[1642]] - [[Ισαάκ Νεύτων]], Άγγλος φυσικός, μαθηματικός, αστρονόμος, φιλόσοφος και θεολόγος\n*[[1711]] - [[Ζαν-Ζοζέφ ντε Μοντονβίλ]], Γάλλος συνθέτης\n*[[1717]] - [[Πάπας Πίος ΣΤ΄]]\n*[[1869]] - [[Γεώργιος Καντακουζηνός-Grănicerul]], Ρουμάνος στρατιωτικός\n*[[1876]] - [[Μοχάμεντ Αλί Τζίνα]], Πακιστανός πολιτικός\n*[[1886]] - [[Γκόταρντ Χάινριτσι]], Γερμανός στρατιωτικός\n*[[1887]] - [[Κόνραντ Χίλτον]], Αμερικανός επιχειρηματίας\n*[[1891]] - [[Κέννεθ Άρθουρ Άντερσον]], Βρετανός στρατηγός\n*[[1899]] - [[Χάμφρεϊ Μπόγκαρτ]], Αμερικανός ηθοποιός\n*[[1904]] - [[Γιάννης Κουτσοχέρας]], Έλληνας πολιτικός\n*[[1907]] - [[Καμπ Κάλογουεϊ]], Αμερικανός τραγουδιστής\n*[[1916]] - [[Αχμέντ Μπεν Μπελά]], Αλγερινός στρατιωτικός και πολιτικός\n*[[1918]] - [[Ανουάρ Σαντάτ]], Αιγύπτιος πολιτικός\n*[[1922]] - [[Χρήστος Κολοκοτρώνης]], Έλληνας στιχουργός\n*[[1924]] - [[Μοκτάρ Ουλντ Ντάντα]], Μαυριτανός πολιτικός\n*[[1925]] - [[Κάρλος Καστανιέδα]], Περουβιανός συγγραφέας\n*[[1927]] - [[Ραμ Νάραγιαν]], Ινδός μουσικός\n*[[1929]] - [[Τσίνα Ματσάδο]], Κινέζα μοντέλο\n*[[1935]] - [[Γεώργιος Παγιωτέλης]], Έλληνας δημοσιογράφος\n*[[1936]] - [[Αλεξάνδρα του Κεντ]], πριγκίπισσα της Μεγάλης Βρετανίας \n*[[1945]] - [[Νόελ Ρέντινγκ]], Άγγλος μουσικός\n*[[1948]] - [[Μάνι Μόρι]], πρόεδρος της Μικρονησίας\n*[[1948]] - [[Τάκης Συνετόπουλος]], Έλληνας ποδοσφαιριστής\n*[[1949]] - [[Ναγουάζ Σαρίφ]], Πακιστανός πολιτικός\n*[[1949]] - [[Σίσι Σπέισεκ]], Αμερικανίδα ηθοποιός\n*[[1955]] - [[Σταμάτης Κραουνάκης]], Έλληνας τραγουδοποιός\n*[[1958]] - [[Αλάνα Μάιλς]], Καναδή τραγουδίστρια\n*[[1971]] - [[Ντάιντο]], Αγγλίδα τραγουδίστρια\n*[[1971]] - [[Τζάστιν Τρυντώ]], Καναδός πολιτικός\n*[[1976]] - [[Άρμιν βαν Μπιούρεν]], Ολλανδός DJ και παραγωγός\n*[[1976]] - [[Τουόμας Χολοπάινεν]], Φινλανδός μουσικός ([[Nightwish]])\n*[[1981]] - [[Κρίστιαν Χολστ]], Δανός ποδοσφαιριστής\n*[[1984]] - [[Τζόρτζια Μόφετ]], Αγγλίδα ηθοποιός\n\n== Θάνατοι ==\n*[[317 π.Χ.]] - [[Φίλιππος Γ΄ της Μακεδονίας|Φίλιππος Γ']], βασιλιάς της Μακεδονίας\n*[[304]] - [[Αγία Αναστασία η Φαρμακολύτρια]]\n*[[795]] - [[Πάπας Αδριανός Α΄]]\n*[[820]] - [[Λέων Ε΄]], Βυζαντινός αυτοκράτορας\n*[[1406]] - [[Ερρίκος Γ΄ της Καστίλης|Ερρίκος Γ']], βασιλιάς της Καστίλης\n*[[1553]] - [[Πέδρο ντε Βαλδίβια]], Ισπανός κατακτητής\n*[[1635]] - [[Σαμουέλ ντε Σαμπλαίν]], Γάλλος γεωγράφος και εξερευνητής\n*[[1930]] - [[Ευγένιος Γκολντστάιν]], Γερμανός φυσικός\n*[[1938]] - [[Κάρελ Τσάπεκ]], Τσέχος συγγραφέας\n*[[1951]] - [[Γεώργιος Βλάχος (δημοσιογράφος)|Γεώργιος Βλάχος]], Έλληνας δημοσιογράφος, εκδότης και θεατρικός συγγραφέας\n*[[1963]] - [[Τριστάν Τζαρά]], Ρουμάνος ποιητής\n*[[1966]] - [[Νικ δε Γκρηκ|Νίκος Δάνδολος]], Έλληνας χαρτοπαίκτης\n*[[1973]] - [[Ισμέτ Ινονού]], Τούρκος στρατηγός και πολιτικός\n*[[1975]] - [[Γκαστόν Γκαλιμάρ]], Γάλλος εκδότης\n*[[1976]] - [[Φράνκι Ντάρο]], Αμερικανός ηθοποιός\n*[[1977]] - [[Τσάρλι Τσάπλιν]], Άγγλος ηθοποιός και σκηνοθέτης\n*[[1979]] - [[Θρασύβουλος Σταύρου]], Έλληνας συγγραφέας\n*[[1983]] - [[Ζουάν Μιρό]], Καταλανός ζωγράφος\n*[[1989]] - [[Νικολάε Τσαουσέσκου]], Ρουμάνος πολιτικός\n*[[1995]] - [[Ντιν Μάρτιν]], Αμερικανός τραγουδιστής και ηθοποιός\n*[[2008]] - [[Χρήστος Ευθυμίου (νεότερος)|Χρήστος Ευθυμίου]] Έλληνας ηθοποιός\n*[[2016]] - [[Γεώργιος Γεωργαλάς (δημοσιογράφος)|Γεώργιος Γεωργαλάς]], Έλληνας δημοσιογράφος\n*[[2016]] - [[Βέρα Ρούμπιν]], Αμερικανίδα αστρονόμος\n*[[2016]] - [[Τζορτζ Μάικλ]], Άγγλος τραγουδιστής\n*[[2019]] - [[Γιώτα Φώτου]], Ελληνίδα συγγραφέας\n\n== Αργίες και εορτές ==\n* [[Χριστούγεννα]] - [[Χριστιανισμός|Χριστιανική]] γιορτή, και αργία σε όλες τις χριστιανικές χώρες.\n\n=== [[Ορθόδοξη Εκκλησία]] ===\n{{Πύλη:Ορθοδοξία/Εορτολόγιο/25 Δεκεμβρίου}}\n{{commonscat|25 December}}\n\n== Βλέπε επίσης ==\n\n[[25 Νοεμβρίου]] - [[25 Ιανουαρίου]]\n\n{{Μήνες}}\n\n[[Κατηγορία:Ημέρες του έτους]]\n[[Κατηγορία:Αργίες]]"}}}]}]}}