{"batchcomplete":true,"query":{"normalized":[{"fromencoded":false,"from":"25_Μαΐου","to":"25 Μαΐου"}],"pages":[{"pageid":1858,"ns":0,"title":"25 Μαΐου","revisions":[{"slots":{"main":{"contentmodel":"wikitext","contentformat":"text/x-wiki","content":"{{Μήνες Μαΐου}}\n\n<center>[[24 Μαΐου]] | '''25 Μαΐου''' | [[26 Μαΐου]]</center>\n\n----\nΗ '''25η Μαΐου''' είναι η 145η ημέρα του έτους κατά το [[Γρηγοριανό ημερολόγιο]] (146η σε δίσεκτα έτη).  Υπολείπονται 220 ημέρες.\n\n{{ΗμερολόγιοΣεΠίνακα|5}}\n\n== Γεγονότα ==\n*[[240 π.Χ.]] - Καταγράφεται για πρώτη φορά το πέρασμα του [[Κομήτης του Χάλεϋ|Κομήτη του Χάλεϋ]].\n*[[1085]] - Ο [[Αλφόνσος ΣΤ΄ του Λεόν και Καστίλης]] παίρνει πίσω το [[Τολέδο]] από τους [[Μαυριτανία|Μαυριτανούς]].\n*[[1420]] - Ο [[Ερρίκος ο Θαλασσοπόρος]] διορίζεται μέγας μάγιστρος του Τάγματος του Χριστού.\n*[[1659]] - Ο [[Ρίτσαρντ Κρόμγουελ]] παραιτείται ως Λόρδος Προστάτης της [[Αγγλία]]ς, ξεκινώντας μία δεύτερη σύντομη περίοδος [[Ρεπουμπλικανισμός|δημοκρατικής]] [[Κυβέρνηση|διακυβέρνησης]] της Κοινοπολιτείας της Αγγλίας.\n*[[1738]] - Η [[Πενσυλβάνια]] και το [[Μέριλαντ]] υπογράφουν συνθήκη με την οποία επιλύεται η μεταξύ τους συνοριακή διαμάχη και προβλέπεται η ανταλλαγή [[Αιχμάλωτος πολέμου|αιχμαλώτων]].  \n*[[1809]] - Στην πόλη Τσουκισάκα (σημερινή [[Σούκρε]]) ξεσπά επανάσταση  κατά της [[Ισπανική Αυτοκρατορία|Ισπανικής Αυτοκρατορίας]], πυροδοτώντας τους [[Λατινοαμερικανικοί πόλεμοι ανεξαρτησίας|λατινοαμερικανικούς πολέμους ανεξαρτησίας]]. \n*[[1810]] - Οι πολίτες του [[Μπουένος Άιρες]] ξεκινούν τον [[Πόλεμος της Ανεξαρτησίας της Αργεντινής|Πόλεμο της Ανεξαρτησίας της Αργεντινής]].\n*[[1895]] - Ο συγγραφέας [[Όσκαρ Ουάιλντ]] καταδικάζεται σε δύο χρόνια φυλάκιση για «διάπραξη άσεμνων πράξεων με [[Ομοφυλοφιλία|άλλα αρσενικά άτομα]]». \n*[[1895]] - Ιδρύεται η [[Δημοκρατία της Ταϊβάν (1895)|Δημοκρατία της Ταϊβάν]]. \n*[[1925]] - Στο [[Τενεσί]], ο Τζον Σκόουπς παραπέμπεται σε δίκη επειδή δίδασκε τη θεωρία της [[εξέλιξη]]ς του [[Κάρολος Δαρβίνος|Κάρολου Δαρβίνου]].\n*[[1935]] - Ο [[Τζέσε Όουενς]] σπάει τρία παγκόσμια ρεκόρ και ισοφαρίζει ένα τέταρτο στο [[Ανν Άρμπορ]].\n*[[1938]] - [[Ισπανικός εμφύλιος πόλεμος]]: Ο βομβαρδισμός του [[Αλικάντε]] σκοτώνει 313 άτομα.\n*[[1940]] - [[Β΄ Παγκόσμιος Πόλεμος]]: Οι [[Γερμανοί]] καταλαμβάνουν το λιμάνι της [[Βουλώνη]]ς. Η παράδοση των τελευταίων [[Γαλλία|γαλλικών]] και [[Μεγάλη Βρετανία|βρετανικών]] στρατευμάτων σηματοδοτούν το τέλος της μάχης της Βουλώνης.\n*[[1953]] - [[Δοκιμή πυρηνικών όπλων]]: Οι [[Ηνωμένες Πολιτείες Αμερικής]] πραγματοποιούν στη [[Νεβάδα]] την πρώτη δοκιμή πυρηνικού πυροβολικού.\n*[[1955]] - [[Μεγάλη Βρετανία|Βρετανική]] αποστολή με επικεφαλής τους Τσαρλς Έβανς, [[Τζο Μπράουν]] και [[Τζορτζ Μπαντ]] πραγματοποιεί την πρώτη ανάβαση στο [[Κανγκτσενγιούνγκα]] (8.586 μ.), το τρίτο ψηλότερο βουνό στον κόσμο.\n* [[1973]] - Το αντιτορπιλικό [[Βέλος ΙΙ (Αντιτορπιλικό)|Βέλος ΙΙ]] ενώ συμμετείχε σε άσκηση του NATO, για να αντισταθεί στην [[Δικτατορία των Συνταγματαρχών|στρατιωτική δικτατορία]] της [[Ελλάδα]]ς στασίασε και αγκυροβόλησε στο Φιουμιτσίνο της [[Ιταλία]]ς, αρνούμενο να επιστρέψει στην Ελλάδα.\n*[[1974]] - Οι αντιδικτατορικοί αγωνιστές, διάκονος [[Τιμόθεος Λαγουδάκης]] και ιερέας Παντελεήμων Κατσούλης, δολοφονούνται από τη Δικτατορία σε προσχεδιασμένο τροχαίο στην εθνική οδό Αθηνών-Κορίνθου.\n* [[1977]] - Κάνει πρεμιέρα στους κινηματογράφους [[Ο Πόλεμος των Άστρων]].\n* [[2004]] - Διοργανώθηκε για πρώτη φορά, στις 25 Μαΐου, η [[Συναυλία Θερινής Νυκτός]].\n* [[2017]] - Βομβιστική έκρηξη στο αυτοκίνητο του πρώην πρωθυπουργού [[Λουκάς Παπαδήμος|Λουκά Παπαδήμου]] που έγινε στη συμβολή των οδών Μάρνης και 3ης Σεπτεμβρίου. Ο [[Λουκάς Παπαδήμος]] τραυματίστηκε και μεταφέρθηκε στο νοσοκομείο Ευαγγελισμός.\n* [[2020]] - Ο 46χρονος [[Αφροαμερικανοί|Αφροαμερικανός]] [[Ανθρωποκτονία του Τζορτζ Φλόιντ|Τζορτζ Φλόιντ]] χάνει τη ζωή του στη [[Μινεάπολη]] της [[Μινεσότα]] των [[Ηνωμένες Πολιτείες Αμερικής|ΗΠΑ]] όταν ο λευκός αστυνομικός Ντέρεκ Σόβιν διατήρησε το γόνατό του στη δεξιά πλευρά του λαιμού του Φλόιντ επί 8 λεπτά και 45 δευτερόλεπτα κατά τη διάρκεια σύλληψής του και ενώ εκείνος ήταν δεμένος με χειροπέδες και με το κεφάλι στο έδαφος. Ακολούθως προκαλούνται μαζικές διαμαρτυρίες στις ΗΠΑ και σε όλο τον κόσμο ως κίνημα ''[[Black Lives Matter]]''<ref>{{Cite web|url=https://www.cnn.gr/news/kosmos/story/221383/tzortz-floint-sokarei-neo-vinteo-tis-dolofonias-treis-astynomikoi-gonatismenoi-pano-toy|title=Τζορτζ Φλόιντ: Σοκάρει νέο βίντεο της δολοφονίας - Τρεις αστυνομικοί γονατισμένοι πάνω του|last=Newsroom|ημερομηνία=2020-05-30|website=CNN.gr|language=el|accessdate=2020-06-02}}</ref><ref>{{Cite web|url=https://www.news247.gr/kosmos/dolofonia-tzortz-floint-nekros-apo-astynomika-pyra-sto-kentaki.7653138.html|title=Δολοφονία Τζορτζ Φλόιντ: Νεκρός από αστυνομικά πυρά στο Κεντάκι|website=www.news247.gr|language=el|accessdate=2020-06-02}}</ref>\n\n== Γεννήσεις ==\n*[[1572]] - [[Μαυρίκιος της Έσσης-Κάσσελ|Μαυρίκιος]], λάντγκραβος της Έσσης-Κάσσελ\n*[[1616]] - [[Κάρλο Ντόλτσι]], Ιταλός ζωγράφος\n*[[1757]] - [[Λουί-Σεμπαστιάν Λενορμάν]], Γάλλος φυσικός\n*[[1803]] - [[Έντουαρντ Μπούλβερ-Λύττον]], Άγγλος συγγραφέας\n*[[1865]] - [[Πιέτερ Ζέεμαν]], Ολλανδός φυσικός\n*[[1922]] - [[Ενρίκο Μπερλινγκουέρ]], Ιταλός πολιτικός\n*[[1931]] - [[Ίρβιν Γουίνκλερ]], Αμερικανός σκηνοθέτης και παραγωγός\n*[[1939]] - [[Ίαν ΜακΚέλεν]], Άγγλος ηθοποιός\n*[[1941]] - [[Βλαντιμίρ Βορόνιν]], Μολδαβός πολιτικός\n*[[1948]] - [[Κλάους Μάινε]], Γερμανός τραγουδιστής ([[Scorpions]])\n*[[1948]] - [[Όσκαρ Άλβαρες]], Αργεντινός ποδοσφαιριστής\n*[[1948]] - [[Ουλί Μπούφι]], Πρωθυπουργός της Αλβανίας\n*[[1951]] - [[Φρανσουά Μπαϊρού]], Γάλλος πολιτικός\n*[[1956]] - [[Σταύρος Αρναουτάκης]], Έλληνας πολιτικός\n*[[1958]] - [[Κατερίνα Μπατζελή]], Ελληνίδα πολιτικός\n*[[1965]] - [[Γιαγιά Τζαμέ]], πρόεδρος της Γκάμπια\n*[[1971]] - [[Κριστίνα Ορμπακάιτε]], Ρωσίδα τραγουδίστρια και ηθοποιός\n*[[1976]] - [[Κίλιαν Μέρφι]], Ιρλανδός ηθοποιός\n*[[1977]] - [[Αλμπέρτο Ντελ Ρίο]], Μεξικανός παλαιστής\n*[[1978]] - [[Άνταμ Γκόντιερ]], Καναδός τραγουδιστής\n*[[1978]] - [[Παντελής Δημητριάδης]], Έλληνας τραγουδοποιός\n*[[1981]] - [[Μιχάλης Πελεκάνος]], Έλληνας καλαθοσφαιριστής\n*[[1982]] - [[Ρότζερ Γκερέιρο]], Βραζιλιάνος ποδοσφαιριστής\n*[[1984]] - [[Κώστας Μαρτάκης]], Έλληνας τραγουδιστής\n*[[1985]] - [[Ρόμαν Ρέινς]], Αμερικανός παλαιστής\n*[[1985]] - [[Αλέξις Τέξας]], Αμερικανίδα πορνογραφική ηθοποιός\n*[[1987]] - [[MadClip]], Έλληνας ράπερ\n*[[1988]] - [[Γιάννης Φουντούλης]], Έλληνας υδατοσφαιριστής\n\n== Θάνατοι ==\n*[[992]] - [[Μιέσκο Α΄ της Πολωνίας|Μιέσκο Α΄]], δούκας της Πολωνίας\n*[[1045]] - [[Όθων του Βερμαντουά]], Γάλλος ευγενής\n*[[1261]] - [[Πάπας Αλέξανδρος Δ΄]]\n*[[1291]] - [[Βενέδικτος, δούκας της Φινλανδίας]]\n*[[1395]] - [[Κονσταντίν Ντράγκας Ντεγιάνοβιτς]], Σέρβος ηγεμόνας\n*[[1401]] - [[Μαρία της Σικελίας|Μαρία]], βασίλισσα της Σικελίας\n*[[1555]] - [[Ερρίκος Β΄ της Ναβάρρας|Ερρίκος Β΄]], βασιλιάς της Ναβάρρας\n*[[1681]] - [[Πέδρο Καλντερόν δε λα Μπάρκα]], Ισπανός θεατρικός συγγραφέας\n*[[1693]] - [[Μαντάμ ντε Λαφαγέτ]], Γαλλίδα συγγραφέας\n*[[1786]] - [[Πέτρος Γ΄ της Πορτογαλίας|Πέτρος Γ΄]], βασιλιάς της Πορτογαλίας\n*[[1822]] - [[Αλέξιος Νούτσος]], Έλληνας αγωνιστής\n*[[1822]] - [[Χρήστος Παλάσκας]], Έλληνας οπλαρχηγός\n*[[1824]] - [[Τόμας Χάρις (αεροπόρος)|Τόμας Χάρις]], Άγγλος εφευρέτης\n*[[1850]] - [[Λυκούργος Λογοθέτης]], Έλληνας αγωνιστής\n*[[1889]] - [[Κλεάνθης Τριαντάφυλλος]], Έλληνας ποιητής και δημοσιογράφος\n*[[1934]] - [[Γκούσταβ Χολστ]], Άγγλος συνθέτης\n*[[1941]] - [[Λεωνίδας Τσιόκος]], Έλληνας χημικός, κτηματίας και πολιτικός\n*[[1954]] - [[Ρόμπερτ Κάπα]], Ούγγρος φωτορεπόρτερ\n*[[1961]] - [[Γεώργιος Ρεμπάκος]], Έλληνας πολιτικός\n*[[1963]] - [[Μέχντι Φράσερι]], Αλβανός πολιτικός\n*[[1968]] - [[Γκέοργκ φον Κύχλερ]], Γερμανός στρατάρχης\n*[[1970]] - [[Νίκος Καχτίτσης]], Έλληνας συγγραφέας\n*[[1972]] - [[Ρούντολφ Ντράικωρς]], Αυστριακός ψυχοφυσιολόγος Αμερικανικής καταγωγής\n*[[1974]] - [[Τιμόθεος Λαγουδάκης]], Έλληνας θεολόγος, διάκονος και αντιδικτατορικός αγωνιστής\n*[[1974]] - [[Ντόναλντ Κρισπ]], Άγγλος ηθοποιός\n*[[1975]] - [[Νίκος Καλλιανέσης]], Έλληνας εκδότης\n*[[1987]] - [[Χρήστος Χονδροματίδης]], Έλληνας πολιτικός\n*[[1989]] - [[Λιλίκα Νάκου]], Ελληνίδα συγγραφέας\n*[[1993]] - [[Μέμος Μακρής]], Έλληνας γλύπτης\n*[[2003]] - [[Ντέιβιντ Χάφλερ]], Αμερικανός μηχανικός ήχου\n*[[2007]] - [[Γκολφίνος Αν. Πετιμεζάς]], Έλληνας στρατιωτικός\n*[[2011]] - [[Τάκης Ταλιαδώρος]], Έλληνας καλαθοσφαιριστής\n*[[2014]] - [[Βόιτσεχ Γιαρουζέλσκι]], Πολωνός πολιτικός\n*[[2014]] - [[Τοαρίπι Λαούτι]], πολιτικός από το Τουβαλού\n\n== Αργίες και εορτές ==\n{{Commonscat|25 May}}\n\n=== [[Ορθόδοξη Εκκλησία]] ===\n{{Πύλη:Ορθοδοξία/Εορτολόγιο/25 Μαΐου}}\n\n== Παραπομπές ==\n<references />\n\n{{Μήνες}}\n\n[[Κατηγορία:Ημέρες του έτους]]"}}}]}]}}