{"batchcomplete":true,"query":{"normalized":[{"fromencoded":false,"from":"26_Αυγούστου","to":"26 Αυγούστου"}],"pages":[{"pageid":3023,"ns":0,"title":"26 Αυγούστου","revisions":[{"slots":{"main":{"contentmodel":"wikitext","contentformat":"text/x-wiki","content":"{{Μήνες Αυγούστου}}\n\n<center>[[25 Αυγούστου]] | '''26 Αυγούστου''' | [[27 Αυγούστου]]</center>\n\n----\n{{ΗμερολόγιοΣεΠίνακα|8}}\nΗ '''26η Αυγούστου''' είναι η 238η ημέρα του έτους κατά το [[Γρηγοριανό ημερολόγιο]] (239η σε δίσεκτα έτη). Υπολείπονται 127 ημέρες ως το τέλος του έτους.\n\n== Γεγονότα ==\n*[[1071]] - Οι [[Σελτζούκοι]] νικούν τον [[Βυζαντινός στρατός|βυζαντινό στρατό]] στη [[μάχη του Μαντζικέρτ]].\n*[[1278]] - Ο [[Λαδίσλαος Δ΄ της Ουγγαρίας]] και ο [[Ροδόλφος Α΄ της Γερμανίας]] νικούν τον [[Ότακαρ Β΄ της Βοημίας]] στη μάχη του Μάρσφελντ στη [[Μοραβία]].\n*[[1303]] - Ο Αλαουντίν Κχίλζι καταλαμβάνει το [[Τσιτόργκαρθ]]. \n*[[1346]] - [[Εκατονταετής Πόλεμος]]: Οι [[Αγγλία|Άγγλοι]] νικούν τους [[Γαλλία|Γάλλους]] στη μάχη του Κρεσύ. \n*[[1444]] - Μάχη του Ζανκτ Γιάκομπ: Ο [[Γαλλία|γαλλικός]] στρατός με επικεφαλής τον Δελφίνο Λουδοβίκο (μετέπειτα [[Λουδοβίκος ΙΑ΄ της Γαλλίας|Λουδοβίκο ΙΑ΄ της Γαλλίας]]) νικά τον πολύ μικρότερο σε αριθμό στρατό της [[Ελβετία|Ελβετικής Ομοσπονδίας]] στον Άγιο Ιάκωβο, στον ποταμό Μπιρς, κοντά στη [[Βασιλεία (Ελβετία)|Βασιλεία]].\n*[[1542]] - Ο [[Φρανθίσκο ντε Ορεγιάνα]] πλέοντας στον ποταμό [[Αμαζόνιος|Αμαζόνιο]] φτάνει στον [[Ατλαντικός Ωκεανός|Ατλαντικό Ωκεανό]].\n*[[1768]] - Ο [[Τζέιμς Κουκ]] σαλπάρει από την [[Αγγλία]] με το HMS ''Endeavour''.\n*[[1778]] - Πρώτη καταγεγραμμένη ανάβαση στο [[όρος Τρίγκλαβ]], το υψηλότερο βουνό της [[Σλοβενία]]ς.\n*[[1789]] - Η Εθνική Συντακτική Συνέλευση της [[Γαλλία]]ς εγκρίνει τη [[Διακήρυξη των Δικαιωμάτων του Ανθρώπου και του Πολίτη]].\n*[[1821]] - [[Ελληνική Επανάσταση του 1821]]: Ο [[Πανουργιάς]] και ο [[Γιάννης Γκούρας]] με 2.000 άνδρες νικούν τους 8.000 άνδρες του [[Μπεϋράμ Πασάς|Μπεϋράμ Πασά]] στη [[μάχη των Βασιλικών Φθιώτιδας]].\n*[[1883]] - [[Έκρηξη του Κρακατόα το 1883|Έκρηξη του Κρακατόα]].\n*[[1922]] - [[Μικρασιατική εκστρατεία]]: Οι [[Τουρκικές Ένοπλες Δυνάμεις]] εξαπολύουν μεγάλη επίθεση εναντίον των [[Ελληνικές Ένοπλες Δυνάμεις|ελληνικών]] αμυντικών θέσεων.\n*[[1922]] - [[Μικρασιατική Καταστροφή]]: Τρόμος για τους Έλληνες της [[Σμύρνη]]ς που αναζητά καταφύγιο σε εκκλησίες. Ο Ναός της Αγίας Φωτεινής κατακλύζεται από Σμυρνιούς και πρόσφυγες του εσωτερικού της Μικράς Ασίας. Ο [[Χρυσόστομος Σμύρνης]] τους περιθάλπει και προσπαθεί να τονώσει το ηθικό τους.\n*[[1940]] - Το [[Τσαντ]] γίνεται η πρώτη [[Γαλλία|γαλλική]] [[αποικία]] που προσχωρά τους συμμάχους.\n*[[1944]] - [[Β΄ Παγκόσμιος Πόλεμος]]: Ο [[Σαρλ ντε Γκωλ]] εισέρχεται στο [[Παρίσι]].\n*[[1978]] - Ο Αλμπίνο Λουτσιάνι εκλέγεται ως [[Πάπας Ιωάννης Παύλος Α΄]]. \n*[[2015]] - Δύο [[Ηνωμένες Πολιτείες Αμερικής|Αμερικανοί]] δημοσιογράφοι πυροβολούνται και σκοτώνονται από έναν δυσαρεστημένο πρώην συνεργάτη τους, ενώ πραγματοποιούσαν ζωντανό ρεπορτάζ στη [[Βιρτζίνια]].\n\n== Γεννήσεις ==\n*[[1596]] - [[Φρειδερίκος Ε΄ του Παλατινάτου|Φρειδερίκος Ε΄]], εκλέκτορας του Παλατινάτου\n*[[1728]] - [[Γιόχαν Χάινριχ Λάμπερτ]], Ελβετός επιστήμονας\n*[[1740]] - [[Αδελφοί Μονγκολφιέ|Ζοζέφ-Μισέλ Μονγκολφιέ]], Γάλλος εφευρέτης\n*[[1743]] - [[Αντουάν Λωράν Λαβουαζιέ]], Γάλλος χημικός\n*[[1819]] - [[Αλβέρτος της Σαξονίας-Κόμπουργκ & Γκότα]], πριγκιπικός σύζυγος της Μεγάλης Βρετανίας\n*[[1850]] - [[Σαρλ Ρισέ]], Γάλλος φυσιολόγος\n*[[1873]] - [[Λη ντε Φόρεστ]], Αμερικανός εφευρέτης\n*[[1875]] - [[Τζων Μπάκαν]], Σκωτσέζος ιστορικός και πολιτικός\n*[[1882]] - [[Τζέιμς Φρανκ]], Γερμανός φυσικός\n*[[1897]] - [[Γιουν Μπό-σον]], Νοτιοκορεάτης πολιτικός\n*[[1910]] - [[Μητέρα Τερέζα]], Αλβανή ιεραπόστολος\n*[[1926]] - [[Καίτη Λαμπροπούλου]], Ελληνίδα ηθοποιός\n*[[1933]] - [[Ρόμπερτ Τσάρτοφ]], Αμερικανός κινηματογραφικός παραγωγός\n*[[1936]] - [[Τουλάγκα Μανουέλα]], γενικός κυβερνήτης του Τουβαλού\n*[[1938]] - [[Μαρτσέλλο Γκαντίνι]], Ιταλός σχεδιαστής αυτοκινήτων\n*[[1943]] - [[Ταντέους Ναλέπα]], Πολωνός συνθέτης\n*[[1943]] - [[Δάκης]], Έλληνας τραγουδιστής\n*[[1944]] - [[Νερόλι Φέρχολ]], Νεοζηλανδή τοξοβόλος\n*[[1947]] - [[Νικολάε Ντομπρίν]], Ρουμάνος ποδοσφαιριστής\n*[[1951]] - [[Έντουαρντ Βίτεν]], Αμερικανός μαθηματικός\n*[[1951]] - [[Τάκης Νικολούδης]], Έλληνας ποδοσφαιριστής\n*[[1953]] - [[Έντουαρντ Λογουάσα]], πρωθυπουργός της Τανζανίας\n*[[1957]] - [[Dr. Alban]], Νιγηριανός τραγουδιστής και παραγωγός\n*[[1964]] - [[Δάφνη Καρουάνα Γκαλιζία]], Μαλτέζα δημοσιογράφος\n*[[1971]] - [[Ταλία]], Μεξικανή τραγουδίστρια και ηθοποιός\n*[[1980]] - [[Μακόλεϊ Κάλκιν]], Αμερικανός ηθοποιός\n*[[1980]] - [[Κρις Πάιν]], Αμερικανός ηθοποιός\n*[[1980]] - [[Μανόλης Παπαμακάριος]], Έλληνας καλαθοσφαιριστής\n*[[1981]] - [[Ανδρέας Γλυνιαδάκης]], Έλληνας καλαθοσφαιριστής\n*[[1981]] - [[Πέτεϊ Γουίλιαμς]], Καναδός παλαιστής\n*[[1981]] - [[Βαγγέλης Μόρας]], Έλληνας ποδοσφαιριστής\n*[[1984]] - [[Δημήτρης Ριζόπουλος]], Έλληνας πετοσφαιριστής\n*[[1986]] - [[Κόλιν Καζίμ-Ρίτσαρντς]], Άγγλος ποδοσφαιριστής\n*[[1988]] - [[Τόρι Μπλακ]], Αμερικανίδα πορνογραφική ηθοποιός\n*[[1989]] - [[Τζέιμς Χάρντεν]], Αμερικανός καλαθοσφαιριστής\n\n== Θάνατοι ==\n*[[1212]] - [[Μιχαήλ Δ΄ Αυτωρειανός]], Πατριάρχης Κωνσταντινουπόλεως\n*[[1278]] - [[Ότακαρ Β΄ της Βοημίας|Ότακαρ Β΄]], βασιλιάς της Βοημίας\n*[[1346]] - [[Ιωάννης της Βοημίας|Ιωάννης]], βασιλιάς της Βοημίας\n*[[1346]] - [[Κάρολος Β΄ του Αλανσόν|Κάρολος Β΄]], κόμης του Αλανσόν\n*[[1346]] - [[Λουδοβίκος Α΄, κόμης της Φλάνδρας]]\n*[[1346]] - [[Λουδοβίκος Β΄ του Μπλουά|Λουδοβίκος Β΄]], κόμης του Μπλουά\n*[[1346]] - [[Ροδόλφος της Λωρραίνης|Ροδόλφος]], δούκας της Λωρραίνης\n*[[1399]] - [[Μιχαήλ Β΄ του Τβερ|Μιχαήλ Β΄]], μέγας πρίγκιπας του Τβερ\n*[[1462]] - [[Αικατερίνη Ζαχαρία]], δεσπότισσα του Μυστρά\n*[[1486]] - [[Ερνέστος της Σαξονίας|Ερνέστος]], εκλέκτορας της Σαξονίας\n*[[1595]] - [[Αντώνιος της Πορτογαλίας|Αντώνιος]], διεκδικητής του θρόνου της Πορτογαλίας\n*[[1666]] - [[Φρανς Χαλς]], Ολλανδός ζωγράφος\n*[[1723]] - [[Άντον φαν Λέβενχουκ]], Ολλανδός βιολόγος\n*[[1850]] - [[Λουδοβίκος Φίλιππος της Γαλλίας|Λουδοβίκος Φίλιππος]], βασιλιάς της Γαλλίας\n*[[1865]] - [[Γιόχαν Ένκε]], Γερμανός αστρονόμος\n*[[1910]] - [[Γουίλιαμ Τζέιμς]], Αμερικανός ψυχολόγος και φιλόσοφος \n*[[1919]] - [[Γεώργιος Σουρής]], Έλληνας ποιητής\n*[[1930]] - [[Λον Τσάνεϊ]], Αμερικανός ηθοποιός\n*[[1936]] - [[Νικόλαος Κανελλόπουλος]], Έλληνας βιομήχανος\n*[[1960]] - [[Σταυρούλα Γκουβούση]], Ελληνίδα δολοφόνος\n*[[1971]] - [[Ρουκιγιέ Σαμπιχά Σουλτάν]], Οθωμανή πριγκίπισσα\n*[[1974]] - [[Τσαρλς Λίντμπεργκ]], Αμερικανός πιλότος\n*[[1978]] - [[Σαρλ Μπουαγιέ]], Γάλλος ηθοποιός\n*[[2001]] - [[Ιωάννης Γιαμάς]], Έλληνας πολιτικός\n*[[2004]] - [[Λόρα Μπράνιγκαν]], Αμερικανίδα τραγουδίστρια\n*[[2006]] - [[Επαμεινώνδας Ζαφειρόπουλος]], Έλληνας πολιτικός\n*[[2006]] - [[Βλαντιμίρ Τρέτσικοφ]], Ρώσος ζωγράφος\n*[[2008]] - [[Βάιος Σταθόπουλος]], Έλληνας πολιτικός\n*[[2011]] - [[Τζορτζ Μπαντ]], Βρετανός ορειβάτης\n*[[2015]] - [[Στέφανος Μανίκας]], Έλληνας πολιτικός\n*[[2017]] - [[Τόμπι Χούπερ]], Αμερικανός σκηνοθέτης\n*[[2019]] - [[Μητροπολίτης Λήμνου και Αγίου Ευστρατίου Ιερόθεος Γαρύφαλλος]], Έλληνας Ορθόδοξος ιερέας και μητροπολίτης\n\n== Αργίες και εορτές ==\nΔεν υπήρχε καμία αργία/εορτή στις 26 Αυγούστου.\n\n=== [[Ορθόδοξη Εκκλησία]] ===\n{{Πύλη:Ορθοδοξία/Εορτολόγιο/26 Αυγούστου}}\n\n{{Μήνες}}\n\n[[Κατηγορία:Ημέρες του έτους]]"}}}]}]}}