{"batchcomplete":true,"query":{"normalized":[{"fromencoded":false,"from":"26_Ιουνίου","to":"26 Ιουνίου"}],"pages":[{"pageid":1951,"ns":0,"title":"26 Ιουνίου","revisions":[{"slots":{"main":{"contentmodel":"wikitext","contentformat":"text/x-wiki","content":"{{Μήνες Ιουνίου}}\n\n<center>[[25 Ιουνίου]] | '''26 Ιουνίου''' | [[27 Ιουνίου]]</center>\n\n----\nΗ '''26η Ιουνίου''' είναι η 177η ημέρα του έτους κατά το [[Γρηγοριανό ημερολόγιο]] (178η σε δίσεκτα έτη). Υπολείπονται 188 ημέρες.\n\n{{ΗμερολόγιοΣεΠίνακα|6}}\n\n== Γεγονότα ==\n*[[4]] - Ο [[Οκταβιανός Αύγουστος]] υιοθετεί τον [[Τιβέριος Καίσαρας Αύγουστος|Τιβέριο]].\n*[[221]] - Ο [[Ρωμαίος αυτοκράτορας]] [[Ηλιογάβαλος]] ορίζει κληρονόμο τον ξάδελφό του, [[Αλέξανδρος Σεβήρος|Αλέξανδρο Σεβήρο]], και του δίνει τον τίτλο του [[Καίσαρας|Καίσαρα]].\n*[[363]] - Ο [[Ρωμαίος αυτοκράτορας]] [[Ιουλιανός]] σκοτώνεται κατά την υποχώρησή του από την [[αυτοκρατορία των Σασσανιδών]].\n*[[684]] - Ενθρονίζεται ο [[Πάπας Βενέδικτος Β΄]].\n*[[1409]] - Δυτικό Σχίσμα: Η [[Καθολική Εκκλησία]] οδηγείται σε διπλό [[σχίσμα]] καθώς μετά τη Σύνοδο της [[Πίζα]]ς ο Πέτρος Φιλάργης στέφεται ως [[Αντίπαπας Αλέξανδρος Ε΄|Πάπας Αλέξανδρος Ε΄]], την περίοδο του [[Πάπας Γρηγόριος ΙΒ΄|Πάπα Γρηγορίου ΙΒ΄]] στη [[Ρώμη]] και του [[Πάπας Βενέδικτος ΙΒ΄|Πάπα Βενέδικτου ΙΒ΄]] στην [[Αβινιόν]]. \n*[[1460]] - Ο Ριχάρδος Νέβιλ, 16ος κόμης του Γουόρικ, και ο κόμης [[Εδουάρδος Δ΄ της Αγγλίας|Εδουάρδος]] αποβιβάζονται στην [[Αγγλία]] με έναν επαναστατικό στρατό και βαδίζουν προς το [[Λονδίνο]]. \n*[[1483]] - Ο [[Ριχάρδος Γ΄ της Αγγλίας|Ριχάρδος Γ΄]] γίνεται βασιλιάς της [[Αγγλία]]ς.\n*[[1541]] - Ο [[Φρανθίσκο Πιθάρρο]] δολοφονείται στη [[Λίμα]] από τον γιο του πρώην συντρόφου του και μετέπειτα ανταγωνιστή του, [[Ντιέγο ντε Αλμάγρο]].\n*[[1723]] - Μετά από πολιορκία και βομβαρδισμό με κανόνια, το [[Μπακού]] παραδίδεται στους [[Ρώσοι|Ρώσους]].\n*[[1794]] - [[Πόλεμοι της Γαλλικής Επανάστασης]]: Η [[μάχη του Φλερύς (1794)|μάχη του Φλερύς]] σηματοδοτεί την πρώτη επιτυχημένη στρατιωτική χρήση [[αερόστατο]]υ.\n*[[1830]] - Ο [[Γουλιέλμος Δ΄ του Ηνωμένου Βασιλείου|Γουλιέλμος Δ΄]] γίνεται βασιλιάς του [[Ηνωμένο Βασίλειο|Ηνωμένου Βασιλείου]].\n*[[1886]] - Ο [[Ανρί Μουασάν]] απομονώνει για πρώτη φορά το στοιχείο [[φθόριο]].\n*[[1889]] - Ιδρύεται το [[Μπανγκί]] στο Γαλλικό Κονγκό.\n*[[1913]] – [[Β΄ Βαλκανικός Πόλεμος]]: Αγήματα του [[Ελληνικό Πολεμικό Ναυτικό|Ελληνικού Πολεμικού Ναυτικού]] απελευθερώνουν την πόλη της [[Καβάλα]]ς.\n*[[1940]] - [[Β΄ Παγκόσμιος Πόλεμος]]: Στο πλαίσιο του [[Γερμανοσοβιετικό Σύμφωνο μη Επίθεσης|Γερμανοσοβιετικού Συμφώνου μη Επίθεσης]], η [[Ένωση Σοβιετικών Σοσιαλιστικών Δημοκρατιών|Σοβιετική Ένωση]] παρουσιάζει ένα τελεσίγραφο στη [[Ρουμανία]] απαιτώντας να παραχωρήσει τη [[Βεσσαραβία]] και το βόρειο τμήμα της [[Βουκοβίνα]]ς.\n*[[1941]] - [[Β΄ Παγκόσμιος Πόλεμος]]: [[Ένωση Σοβιετικών Σοσιαλιστικών Δημοκρατιών|Σοβιετικά]] αεροπλάνα βομβαρδίζουν το σημερινό [[Κόσιτσε]] στη [[Σλοβακία]] (τότε στην [[Ουγγαρία]]).\n*[[1942]] - Πραγματοποιείται η πρώτη πτήση του [[Grumman F6F Hellcat]].  \n*[[1944]] - [[Β΄ Παγκόσμιος Πόλεμος]]: Το ουδέτερο κράτος του [[Άγιος Μαρίνος|Αγίου Μαρίνου]] βομβαρδίζεται κατά λάθος από τη [[Βασιλική Πολεμική Αεροπορία (Βρετανία)|βρετανική Βασιλική Πολεμική Αεροπορία]], με αποτέλεσμα το θάνατο 35 πολιτών. \n*[[1945]] - Υπογράφεται στο [[Σαν Φρανσίσκο]] ο [[Καταστατικός Χάρτης των Ηνωμένων Εθνών]] από [[Συμμαχικές δυνάμεις (Β΄ Παγκόσμιος Πόλεμος)|50 συμμαχικές χώρες]].\n*[[1948]] - Το περιοδικό ''The New Yorker'' δημοσιεύει το [[διήγημα]] της [[Σίρλεϊ Τζάκσον]] ''Το Λαχείο''.\n*[[1953]] - Συλλαμβάνεται στη [[Μόσχα]] ο [[Λαβρέντι Μπέρια]], [[Υπουργείο Εσωτερικών Υποθέσεων (Ρωσία)|υπουργός Εσωτερικών της Σοβιετικής Ένωσης]].\n*[[1960]] - Το προτεκτοράτο της Βρετανικής Σομαλιλάνδης αποκτά την ανεξαρτησία του ως [[Σομαλιλάνδη]].\n*[[1960]] - Η [[Μαδαγασκάρη]] αποκτά την ανεξαρτησία της από τη [[Γαλλία]].\n*[[1963]] - Ο [[Ηνωμένες Πολιτείες Αμερικής|Αμερικανός]] πρόεδρος [[Τζον Φιτζέραλντ Κένεντι]] δηλώνει σε ομιλία του \"[[Ich bin ein Berliner]]\" («Είμαι Βερολινέζος»), υπογραμμίζοντας την υποστήριξη των Ηνωμένων Πολιτειών στη δημοκρατική [[Δυτική Γερμανία]] αμέσως μετά την ανέγερση του [[Τείχος του Βερολίνου|Τείχους του Βερολίνου]] από την υποστηριζόμενη από τη [[Ένωση Σοβιετικών Σοσιαλιστικών Δημοκρατιών|Σοβιετική Ένωση]] [[Λαοκρατική Δημοκρατία της Γερμανίας|Ανατολική Γερμανία]].\n*[[1963]] - Ψήφο εμπιστοσύνης λαμβάνει η [[Κυβέρνηση Παναγιώτη Πιπινέλη 1963|κυβέρνηση Πιπινέλη]], η οποία υποστηρίζεται τελικά μόνο από την [[Εθνική Ριζοσπαστική Ένωσις|Ε.Ρ.Ε.]]\n*[[1967]] - Ο Κάρολος Βοϊτίλα (αργότερα [[Πάπας Ιωάννης Παύλος Β΄]]) γίνεται καρδινάλιος από τον [[Πάπας Παύλος ΣΤ΄|Πάπα Παύλο ΣΤ΄]].\n*[[1977]] - Ο [[Έλβις Πρίσλεϊ]] δίνει στην [[Ινδιανάπολη]], [[Ιντιάνα]], την τελευταία του συναυλία.\n*[[1978]] - Η πτήση 189 της [[Air Canada]] βγαίνει εκτός διαδρόμου στο [[Διεθνές Αεροδρόμιο του Τορόντο]] και συντρίβεται σε [[Χαράδρα (μορφολογία)|χαράδρα]]. Δύο από τους 107 επιβαίνοντες χάνουν τη ζωή τους.\n*[[1995]] - Ο [[Χαμάντ μπιν Χαλίφα αλ Θανί]] ανατρέπει τον πατέρα του, Χαλίφα μπιν Χαμάντ αλ Θανί, και γίνεται [[εμίρης]] του [[Κατάρ]] με αναίμακτο [[πραξικόπημα]].\n*[[2000]] - Ο [[Πάπας Ιωάννης Παύλος Β΄]] αποκαλύπτει το τρίτο μυστικό της [[Φάτιμα]].\n*[[2004]] - Ο [[Όλαφουρ Ράγκναρ Γκρίμσον]] επανεκλέγεται πρόεδρος της [[Ισλανδία]]ς.\n*[[2015]] - Νομιμοποίηση των [[ομοφυλόφιλων]] γάμων στις 50 Πολιτείες της [[Αμερικής]].\n\n== Γεννήσεις ==\n*[[1644]] - [[Ερριέττα της Αγγλίας|Ερριέττα Στιούαρτ]], πριγκίπισσα της Αγγλίας\n*[[1726]] - [[Βίκτωρ Αμεδαίος Γ΄ της Σαρδηνίας|Βίκτωρ Αμεδαίος Γ΄]], βασιλιάς της Σαρδηνίας\n*[[1730]] - [[Σαρλ Μεσιέ]], Γάλλος αστρονόμος\n*[[1824]] - [[Ουίλιαμ Τόμσον]], Ιρλανδός φυσικός και μηχανικός\n*[[1892]] - [[Περλ Μπακ]], Αμερικανίδα συγγραφέας\n*[[1904]] - [[Πίτερ Λόρε]], Ούγγρος ηθοποιός\n*[[1908]] - [[Σαλβαδόρ Αλιέντε]], Χιλιανός πολιτικός\n*[[1909]] - [[Βόλφγκανγκ Ράιτερμαν]], Γερμανός εικονογράφος\n*[[1924]] - [[Κώστας Αξελός]], Έλληνας φιλόσοφος\n*[[1925]] - [[Πάβελ Μπελυάγιεφ]], Σοβιετικός πιλότος\n*[[1927]] - [[Ντιμιτάρ Ποπόφ]], Βούλγαρος πολιτικός\n*[[1928]] - [[Ηλίας Πετρόπουλος]], Έλληνας λαογράφος\n*[[1947]] - [[Γκουλμπουντίν Χεκματυάρ]], Αφγανός πολιτικόςο και αντάρτης\n*[[1962]] - [[Βλαδίμηρος Κυριακίδης]], Έλληνας ηθοποιός \n*[[1964]] - [[Τόμι Μάκινεν]], Φινλανδός οδηγός αγώνων\n*[[1968]] - [[Πάολο Μαλντίνι]], Ιταλός ποδοσφαιριστής\n*[[1970]] - [[Κρις Ο' Ντόνελ]], Αμερικανός ηθοποιός\n*[[1971]] - [[Μαξ Μπιάτζι]], Ιταλός μοτοσικλετιστής\n*[[1972]] - [[Γκαρού]], Καναδός τραγουδιστής\n*[[1977]] - [[Τίτε Κούμπο]], Ιάπωνας καλλιτέχνης\n*[[1977]] - [[Κώστας Χριστοφιδέλης]], Έλληνας πετοσφαιριστής\n*[[1979]] - [[Νιόγκου Ντεμπά Νιρέν]], ποδοσφαιριστής από την Γκάμπια\n*[[1984]] - [[Ντερόν Ουίλιαμς]], Αμερικανός καλαθοσφαιριστής\n*[[1987]] - [[Σαμίρ Νασρί]], Γάλλος ποδοσφαιριστής\n*[[1992]] - [[Τζενέτ ΜακΚέρντι]], Αμερικανίδα ηθοποιός και τραγουδίστρια\n*[[1993]] - [[Αριάνα Γκράντε]], Αμερικανίδα ηθοποιός και τραγουδίστρια\n*[[2005]] - [[Αλεξία της Ολλανδίας|Αλεξία]], πριγκίπισσα της Ολλανδίας\n\n== Θάνατοι ==\n*[[363]] - [[Ιουλιανός]], Ρωμαίος αυτοκράτορας\n*[[1487]] - [[Ιωάννης Αργυρόπουλος]], Βυζαντινός λόγιος\n*[[1541]] - [[Φρανθίσκο Πιθάρρο]], Ισπανός κατακτητής\n*[[1810]] - [[Αδελφοί Μονγκολφιέ|Ζοζέφ Μισέλ Μονγκολφιέ]], Γάλλος εφευρέτης\n*[[1830]] - [[Γεώργιος Δ΄ του Ηνωμένου Βασιλείου|Γεώργιος Δ΄]], βασιλιάς του Ηνωμένου Βασιλείου\n*[[1836]] - [[Κλοντ Ζοζέφ Ρουζέ ντε Λιλ]], Γάλλος συνθέτης\n*[[1861]] - [[Αμπντούλ Μετζίτ Α΄]], Οθωμανός σουλτάνος\n*[[1888]] - [[Παναγιώτης Ευστρατιάδης]], Έλληνας αρχαιολόγος\n*[[1917]] - [[Ντράγκουτιν Ντιμιτρίεβιτς]], Σέρβος στρατιωτικός\n*[[1922]] - [[Αλβέρτος Α΄ του Μονακό|Αλβέρτος Α΄]], πρίγκιπας του Μονακό\n*[[1943]] - [[Καρλ Λαντστάινερ]], Αυστριακός βιολόγος και ιατρός\n*[[1957]] - [[Άλφρεντ Ντέμπλιν]], Γερμανός συγγραφέας\n*[[1974]] - [[Πάνος Κόκκας]], Έλληνας δημοσιογράφος και εκδότης\n*[[1985]] - [[Γεώργιος Μαμιδάκης]], Έλληνας επιχειρηματίας\n*[[1992]] - [[Μπάντι Ρότζερς]], Αμερικανός παλαιστής\n*[[1997]] - [[Ισραήλ Καμακαγουιγουόλε]], Αμερικανός τραγουδιστής\n*[[2004]] - [[Τζορτζ Τσαρλς]], πολιτικός από την Αγία Λουκία\n*[[2014]] - [[Νικόλαος Κυριαζίδης]], Έλληνας πολιτικός\n*[[2015]] - [[Γεβγκένι Πριμακόφ]], Ρώσος πολιτικός\n*[[2018]] - [[Μητροπολίτης Λαρίσης και Τυρνάβου Ιγνάτιος]], Μητροπολίτης της Αυτοκέφαλης Εκκλησίας της Ελλάδος\n*[[2019]] - [[Χαρίλαος Μπούσιος]], Έλληνας πολιτικός\n\n== Αργίες και εορτές ==\n\n* Παγκόσμια Ημέρα κατά των Ναρκωτικών.\n* Ημέρα υπέρ των θυμάτων βασανισμού.\n\n=== [[Ορθόδοξη Εκκλησία]] ===\n{{Πύλη:Ορθοδοξία/Εορτολόγιο/26 Ιουνίου}}\n\n{{Μήνες}}\n\n[[Κατηγορία:Ημέρες του έτους]]"}}}]}]}}