{"batchcomplete":true,"query":{"normalized":[{"fromencoded":false,"from":"26_Φεβρουαρίου","to":"26 Φεβρουαρίου"}],"pages":[{"pageid":1332,"ns":0,"title":"26 Φεβρουαρίου","revisions":[{"slots":{"main":{"contentmodel":"wikitext","contentformat":"text/x-wiki","content":"{{χωρίς παραπομπές|07|03|2004}}\n\n{{Μήνες Φεβρουαρίου}}\n\n<center>[[25 Φεβρουαρίου]] | '''26 Φεβρουαρίου''' | [[27 Φεβρουαρίου]]</center>\n\n----\nΗ '''26η Φεβρουαρίου''' είναι η 57η ημέρα του έτους κατά το [[Γρηγοριανό ημερολόγιο]]. Υπολείπονται 308 ημέρες (309 σε δίσεκτα έτη).\n\n{{ΗμερολόγιοΣεΠίνακα|2}}\n\n== Γεγονότα ==\n{{Commonscat|26 February}}\n*[[364]] - Ο [[Ουαλεντινιανός Α΄]] ανακηρύσσεται [[Ρωμαϊκή Αυτοκρατορία|Ρωμαίος αυτοκράτορας]].\n*[[1266]] - Μάχη του [[Μπενεβέντο]]: ο στρατός του [[Κάρολος ο Ανδεγαυός|Καρόλου, κόμη του Ανζού]], νικά τις [[Γερμανία|γερμανικές]] και [[Σικελία|σικελικές]] δυνάμεις υπό τον βασιλιά [[Μανφρέδος της Σικελίας|Μανφρέδο της Σικελίας]]. Ο Μανφρέδος σκοτώνεται στη μάχη. \n*[[1815]] - Ο [[Ναπολέων Α΄ της Γαλλίας]] δραπετεύει από την [[Έλβα (νήσος)|Έλβα]].\n*[[1822]] - 2.000 [[Οθωμανική Αυτοκρατορία|Οθωμανοί]] λεηλατούν και πυρπολούν τη [[Χαλανδρίτσα Αχαΐας]].\n*[[1876]] - Η [[Ιαπωνία]] και η [[Κορέα]] υπογράφουν συνθήκη με την οποία οι Ιάπωνες υπήκοοι αποκτούν το δικαίωμα της [[ετεροδικία]]ς, ανοίγουν τρία λιμάνια στο ιαπωνικό εμπόριο και τερματίζεται το καθεστώς της Κορέας ως χώρα υποτελής στη [[δυναστεία Τσινγκ]] της [[Λαϊκή Δημοκρατία της Κίνας|Κίνας]]. \n*[[1914]] - Καθελκύεται στο [[Μπέλφαστ]] ο ''[[Βρεταννικός]]'', αδελφό πλοίο του ''[[Τιτανικός|Τιτανικού]]''.\n*[[1929]] - Ο [[Ηνωμένες Πολιτείες Αμερικής|Αμερικανός]] πρόεδρος [[Κάλβιν Κούλιτζ]] υπογράφει εκτελεστικό διάταγμα για την ίδρυση του εθνικού πάρκου Γκραντ Τέτον στο [[Ουαϊόμινγκ]].\n*[[1935]] - Ο Ρόμπερτ Ουάτσον-Ουάτ πραγματοποιεί μία επίδειξη που οδηγεί άμεσα στην ανάπτυξη των [[ραντάρ]] στο [[Ηνωμένο Βασίλειο]].\n*[[1936]] - Νεαροί [[Ιαπωνία|Ιάπωνες]] αξιωματικοί του [[Αυτοκρατορικός Ιαπωνικός Στρατός|στρατού]] επιχειρούν [[Στρατιωτικό κίνημα στην Ιαπωνία (1936)|πραξικόπημα]] εναντίον της ιαπωνικής κυβέρνησης.\n*[[1960]] - Αεροσκάφος της [[Alitalia Linee Aeree Italiane|Alitalia]] συντρίβεται, λίγο μετά την απογείωσή του, σε νεκροταφείο στην [[Ιρλανδία]], σκοτώνοντας τους 34 από τους 52 επιβαίνοντες.  \n*[[1966]] - [[Απόλλων (διαστημικό πρόγραμμα)|Πρόγραμμα Απόλλων]]: εκτοξεύεται η αποστολή AS-201, η πρώτη πτήση του πυραύλου Saturn IB. \n*[[1971]] - Ο [[Γενικός Γραμματέας των Ηνωμένων Εθνών]] [[Ου Θαντ]] υπογράφει την ανακήρυξη της εαρινής ισημερίας ως [[Ημέρα της Γης]].\n*[[1993]] - Βόμβα στο [[Παγκόσμιο Κέντρο Εμπορίου]]: Στη [[Νέα Υόρκη]], ένα παγιδευμένο με εκρηκτικά φορτηγό, σταθμευμένο κάτω από τον [[Παγκόσμιο Κέντρο Εμπορίου 1|βόρειο πύργο]], εκρήγνυται σκοτώνοντας έξι άτομα και τραυματίζοντας 1.042. \n* [[2014]]: Ελλάδα: Ιδρύθηκε το κόμμα [[Το Ποτάμι]] του [[Σταύρος Θεοδωράκης|Σταύρου Θεοδωράκη]].\n\n== Γεννήσεις ==\n*[[1361]] - [[Βεντσεσλάβος Δ΄ της Βοημίας|Βεντσεσλάβος Δ']], βασιλιάς της Βοημίας\n*[[1416]] - [[Χριστόφορος Γ΄ της Δανίας|Χριστόφορος Γ΄]], βασιλιάς της Δανίας\n*[[1619]] - [[Φραντσέσκο Μοροζίνι]], δόγης της Βενετίας\n*[[1622]] - [[Λουδοβίκος Μαρία Σινιστράρι]], Ιταλός ιερέας και συγγραφέας\n*[[1725]] - [[Νικολά-Ζοζέφ Κυνιό]], Γάλλος μηχανικός\n*[[1786]] - [[Φρανσουά Αραγκό]], Γάλλος μαθηματικός\n*[[1802]] - [[Βικτόρ Ουγκώ]], Γάλλος συγγραφέας\n*[[1808]] - [[Ονορέ Ντωμιέ]], Γάλλος ζωγράφος, εικονογράφος και γλύπτης\n*[[1829]] - [[Λίβαϊ Στρως]], Γερμανός επιχειρηματίας\n*[[1842]] - [[Καμίγ Φλαμμαριόν]], Γάλλος αστρονόμος \n*[[1861]] - [[Φερδινάνδος Α΄ της Βουλγαρίας|Φερδινάνδος Α΄]], βασιλιάς της Βουλγαρίας\n*[[1884]] - [[Κώστας Βάρναλης]], Έλληνας συγγραφέας\n*[[1906]] - [[Νίκος Χατζηκυριάκος - Γκίκας]], Έλληνας καλλιτέχνης\n*[[1920]] - [[Μίνως Αργυράκης]], Έλληνας ζωγράφος\n*[[1920]] - [[Ζιζέλ Πράσινος]], Γαλλίδα συγγραφέας\n*[[1926]] - [[Γκύντερ Άσσερ]], Γερμανός μαθηματικός\n*[[1926]] - [[Βερν Γκάνια]], Αμερικανός παλαιστής\n*[[1926]] - [[Νίκος Καχτίτσης]], Έλληνας συγγραφέας\n*[[1928]] - [[Αριέλ Σαρόν]], Ισραηλινός πολιτικός\n*[[1931]] - [[Κλωντ Πιρόν]], Ελβετός γλωσσολόγος\n*[[1932]] - [[Τζόνι Κας]], Αμερικανός τραγουδιστής\n*[[1935]] - [[Αρτούρ Ρασιζάντε]], πρωθυπουργός του Αζερμπαϊτζάν\n*[[1938]] - [[Ευαγόρας Παλληκαρίδης]], Κύπριος αγωνιστής\n*[[1945]] - [[Γιάννης Ιωαννίδης (προπονητής καλαθοσφαίρισης)|Γιάννης Ιωαννίδης]], Έλληνας προπονητής καλαθοσφαίρισης και πολιτικός\n*[[1945]] - [[Χριστιάνα Σουρβίνου-Ίνγουντ]], Ελληνίδα πανεπιστημιακός\n*[[1946]] - [[Μανώλης Μητσιάς]], Έλληνας τραγουδιστής\n*[[1946]] - [[Κόλιν Μπελ]], Άγγλος ποδοσφαιριστής\n*[[1950]] - [[Έλεν Κλαρκ]], Νεοζηλανδή πολιτικός \n*[[1953]] - [[Χριστιάνα]], Ελληνίδα τραγουδίστρια\n*[[1954]] - [[Ρετζέπ Ταγίπ Ερντογάν]], Τούρκος πολιτικός\n*[[1956]] - [[Μίλαν Μπάμπιτς]], Σέρβος πολιτικός\n*[[1956]] - [[Μισέλ Ουελμπέκ]], Γάλλος συγγραφέας\n*[[1958]] - [[Τιμ Κέιν]], Αμερικανός πολιτικός\n*[[1959]] - [[Αχμέτ Νταβούτογλου]], Τούρκος πολιτικός\n*[[1974]] - [[Σεμπαστιάν Λεμπ]], Γάλλος οδηγός αγώνων\n*[[1976]] - [[Νίκος Συρανίδης]], Έλληνας καταδύτης\n*[[1980]] - [[Ζούλιο Σέζαρ ντα Σίλβα ε Σόουζα]], Βραζιλιάνος ποδοσφαιριστής\n*[[1983]] - [[Πέπε]], Βραζιλιάνος ποδοσφαιριστής\n*[[1984]] - [[Μπερέν Σαάτ]], Τουρκάλα ηθοποιός\n*[[1985]] - [[Φερνάντο Γιορέντε]], Ισπανός ποδοσφαιριστής\n\n== Θάνατοι ==\n*[[1154]] - [[Ρογήρος Β΄ της Σικελίας|Ρογήρος Β΄]], βασιλιάς της Σικελίας\n*[[1266]] - [[Μανφρέδος της Σικελίας|Μανφρέδος]], βασιλιάς της Σικελίας\n*[[1275]] - [[Μαργαρίτα της Αγγλίας]], βασίλισσα της Σκωτίας\n*[[1577]] - [[Ερρίκος ΙΔ΄ της Σουηδίας|Ερρίκος ΙΔ']], βασιλιάς της Σουηδίας\n*[[1726]] - [[Μαξιμιλιανός Β΄ Εμμανουήλ της Βαυαρίας]]\n*[[1770]] - [[Τζουζέπε Ταρτίνι]], Ιταλός συνθέτης\n*[[1815]] - [[Ιωσίας της Σαξονίας-Κόμπουργκ-Ζάαλφελντ|Ιωσίας]], πρίγκιπας της Σαξονίας-Κόμπουργκ-Ζάαλφελντ\n*[[1821]] - [[Ζοσέφ Ντε Μεστρ]], Γάλλος φιλόσοφος\n*[[1883]] - [[Αλέξανδρος Κουμουνδούρος]], Έλληνας πολιτικός\n*[[1947]] - [[Αλεξάντερ Λερ]], Αυστριακός στρατιωτικός\n*[[1959]] - [[Αλεξάνδρα του Φάιφ]], Αγγλίδα πριγκίπισσα\n*[[1959]] - [[Εμμανουήλ Μαρινάκης]], Έλληνας πολιτικός\n*[[1969]] - [[Καρλ Γιάσπερς]], Γερμανός φιλόσοφος\n*[[1986]] - [[Αμαλία Φλέμινγκ]], Ελληνίδα ιατρός και πολιτικός\n*[[1987]] - [[Μίχος Κάρης]], Έλληνας συγγραφέας\n*[[1989]] - [[Ρόυ Έλντριτζ]], Αμερικανός μουσικός\n*[[1994]] - [[Μπιλ Χικς]], Αμερικανός κωμικός\n*[[2003]] - [[Δημήτρης Ποταμίτης]], Κύπριος ηθοποιός και συγγραφέας\n*[[2012]] - [[Ανδρέας Καραγκούνης]], Έλληνας πολιτικός\n*[[2014]] - [[Λάκης Μαραμενίδης]], Έλληνας ποδοσφαιριστής\n*[[2017]] - [[Αριστείδης Καλαντζάκος]], Έλληνας πολιτικός\n*[[2020]] - [[Κώστας Βουτσάς]], Έλληνας ηθοποιός\n\n== Αργίες και εορτές ==\n=== Κόσμος ===\n* {{KWT}} - Ημέρα απελευθέρωσης ([[1991]])\n\n=== [[Ορθόδοξη Εκκλησία]] ===\n{{Πύλη:Ορθοδοξία/Εορτολόγιο/26 Φεβρουαρίου}}\n\n{{Μήνες}}\n\n[[Κατηγορία:Ημέρες του έτους]]"}}}]}]}}