{"batchcomplete":true,"query":{"normalized":[{"fromencoded":false,"from":"26_Οκτωβρίου","to":"26 Οκτωβρίου"}],"pages":[{"pageid":3372,"ns":0,"title":"26 Οκτωβρίου","revisions":[{"slots":{"main":{"contentmodel":"wikitext","contentformat":"text/x-wiki","content":"{{Μήνες Οκτωβρίου}}\n\n<center>[[25 Οκτωβρίου]] | '''26 Οκτωβρίου''' | [[27 Οκτωβρίου]]</center>\n\n----\n{{ΗμερολόγιοΣεΠίνακα|10}}\nΗ '''26η Οκτωβρίου''' είναι η 299η ημέρα του έτους κατά το [[Γρηγοριανό ημερολόγιο]] (300ή σε δίσεκτα έτη). Υπολείπονται 66 ημέρες.\n\n== Γεγονότα ==\n*[[740]] - Ισχυρός [[σεισμός]] πλήττει την [[Βυζαντινή Κωνσταντινούπολη|Κωνσταντινούπολη]] και τη γύρω περιοχή, προκαλώντας καταστροφή στα τείχη και τα κτίρια της πόλης.\n*[[1185]] - Την ημέρα του [[Άγιος Δημήτριος|Αγίου Δημητρίου]] ξεσπά η [[εξέγερση των Ασέν και Πέτρου]], η οποία θα τερματιστεί με τη δημιουργία της Β΄ Βουλγαρικής Αυτοκρατορίας.  \n*[[1341]] - Ο [[Ιωάννης ΣΤ´ Καντακουζηνός]] ανακηρύσσεται στο [[Διδυμότειχο]] [[Κατάλογος Βυζαντινών αυτοκρατόρων|Βυζαντινός αυτοκράτορας]]. Έναρξη του [[Βυζαντινός εμφύλιος πόλεμος 1341-47|Βυζαντινού εμφύλιου πολέμου του 1341-1347]]. \n*[[1640]] - Υπογράφεται συνθήκη με την οποία αποκαθίσταται η ειρήνη μεταξύ της [[Σκωτία]]ς και του [[Κάρολος Α΄ της Αγγλίας|Καρόλου Α΄ της Αγγλίας]]. \n*[[1775]] - Ο βασιλιάς Γεώργιος Γ΄ της [[Μεγάλη Βρετανία|Μεγάλης Βρετανίας]] ανακοινώνει στο Κοινοβούλιο ότι οι [[Η.Π.Α.|αμερικανικές]] αποικίες βρίσκονται σε εξέγερση και υποστηρίζει τη στρατιωτική αντίδραση για την καταστολή της [[Αμερικανική Επανάσταση|Αμερικανικής Επανάστασης]]. \n*[[1811]] - Η κυβέρνηση της [[Αργεντινή]]ς εκδίδει διάταγμα υπέρ της ελευθερίας του [[Εφημερίδα|Τύπου]].\n*[[1823]] - Ο [[Ακροκόρινθος]] παραδίδεται στους [[Έλληνες]].\n*[[1825]] - Ολοκληρώνεται το Κανάλι Ήρι, το οποίο συνδέει το [[Όλμπανι (Νέα Υόρκη)]] με τη [[λίμνη Ήρι]].\n*[[1859]] - Το πλοίο ''Royal Charter'' ναυαγεί στις ακτές του [[Άνγκλεσι]] στη βόρεια [[Ουαλία]], με τραγικό απολογισμό πάνω από 450 νεκρούς. \n*[[1860]] - Ο [[Τζουζέπε Γκαριμπάλντι]] παραδίδει το [[Βασίλειο των Δύο Σικελιών]] στο βασιλιά [[Βίκτωρ Εμμανουήλ Β΄|Βίκτορα Εμμανουήλ Β΄]].\n*[[1861]] - Το Πόνυ Εξπρές παύει επίσημα τη λειτουργία του.\n*[[1863]] - Ιδρύεται στο [[Λονδίνο]] η [[Ποδοσφαιρική Ομοσπονδία Αγγλίας]], η παλαιότερη [[Ποδόσφαιρο|ποδοσφαιρική]] ομοσπονδία στον κόσμο.\n*[[1903]] - [[Βούλγαροι]] κομιτατζήδες εκτελούν στο [[Κάτω Νευροκόπι]] τον δάσκαλο Κωνσταντίνο Χριστίδη, τους εκκλησιαστικούς επιτρόπους Ιωάννη Ζαφειρίου και Νικόλαο Γερμανό και το γιο του, Γεώργιο Γερμανό. \n*[[1909]] - Ο [[Ιτό Χιρομπούμι]], τέσσερις φορές πρωθυπουργός της [[Ιαπωνία]]ς (1ος, 5ος, 7ος και 10ος), δολοφονείται από τον Αν Τσουνγκίν στο σιδηροδρομικό σταθμό του [[Χαρμπίν]] στη [[Μαντζουρία]]. \n*[[1912]] - [[Α΄ Βαλκανικός Πόλεμος]]: η κατεχόμενη από τους [[Οθωμανική Αυτοκρατορία|Οθωμανούς]] πόλη της [[Θεσσαλονίκη]]ς απελευθερώνεται από τον [[Ελλάδα|ελληνικό]] στρατό την ημέρα της [[Εορτολόγιο|εορτής]] του πολιούχου της, [[Άγιος Δημήτριος|Αγίου Δημητρίου]]. Την ίδια ημέρα, τα [[Βασίλειο της Σερβίας|σερβικά]] στρατεύματα καταλαμβάνουν τα [[Σκόπια]].\n*[[1917]] - [[Α΄ Παγκόσμιος Πόλεμος]]: η [[Βραζιλία]] κηρύσσει τον πόλεμο στις [[Κεντρικές Δυνάμεις]].\n*[[1918]] - Ο [[Έριχ Λούντεντορφ]], στρατηγός του αυτοκρατορικού [[Γερμανία|γερμανικού]] στρατού, απολύεται από τον [[κάιζερ]] [[Γουλιέλμος Β΄ της Γερμανίας|Γουλιέλμο Β΄ της Γερμανίας]] επειδή αρνήθηκε να συνεργαστεί στις ειρηνευτικές διαπραγματεύσεις.\n*[[1942]] - [[Β΄ Παγκόσμιος Πόλεμος]]: στην [[αεροναυμαχία της Σάντα Κρουζ]] κατά τη διάρκεια της εκστρατείας του Γκουανταλκανάλ, βυθίζεται το [[Η.Π.Α.|αμερικανικό]] αεροπλανοφόρο ''Hornet'' και ένα άλλο αεροπλανοφόρο, το ''Enterprise'', υφίσταται μεγάλες ζημιές.\n*[[1961]] - Ο [[Στέφανος Βελδεμίρης]], στέλεχος της νεολαίας της [[ΕΔΑ]], δολοφονείται από χωροφύλακα, λίγες μέρες πριν τις εκλογές του 1961, στη [[Θεσσαλονίκη]], που έμειναν στην ιστορία ως ''εκλογές βίας και νοθείας''.\n*[[1967]] - Ο [[Μοχάμεντ Ρεζά Παχλαβί]] στέφεται αυτοκράτορας του [[Ιράν]] και στη συνέχεια στέφει αυτοκράτειρα τη σύζυγό του, [[Φαράχ Παχλαβί|Φαράχ]].\n* [[1990]] - Τελευταία επίσημη συμμετοχή του κορυφαίου Έλληνα ποδοσφαιριστή [[Βασίλης Χατζηπαναγής|Βασίλη Χατζηπαναγή]], στον αγώνα [[Ηρακλής (ποδόσφαιρο)|Ηρακλής]]-[[ΦΚ Βαλένθια|Βαλένθια]], ανήμερα των γενεθλίων του.\n\n== Γεννήσεις ==\n*[[1431]] - [[Έρκολε Α΄ των Έστε]], Ιταλός πολιτικός\n*[[1673]] - [[Δημήτριος Καντεμίρης]], Μολδαβός λόγιος\n*[[1685]] - [[Ντομένικο Σκαρλάττι]], Ιταλός συνθέτης\n*[[1759]] - [[Ζωρζ Ζακ Νταντόν]], Γάλλος πολιτικός\n*[[1795]] - [[Νικόλαος Μάντζαρος]],  Έλληνας συνθέτης\n*[[1797]] - [[Τζουντίτα Πάστα]], Ιταλίδα υψίφωνος\n*[[1800]] - [[Χέλμουτ Καρλ φον Μόλτκε]], Πρώσος στρατάρχης\n*[[1802]] - [[Μιχαήλ Α΄ της Πορτογαλίας|Μιχαήλ Α΄]], βασιλιάς της Πορτογαλίας\n*[[1841]] - [[Τέοντορ φον Οππόλτσερ]], Αυστριακός αστρονόμος\n*[[1845]] - [[Αρχιεπίσκοπος Κύπρου Κύριλλος Β΄]]\n*[[1862]] - [[Αλεξάντρ Γκουτσκόφ]], Ρώσος πολιτικός\n*[[1897]] - [[Πατριάρχης Μάξιμος Ε΄|Μάξιμος Ε΄]], Πατριάρχης Κωνσταντινουπόλεως\n*[[1909]] - [[Άλεν Μοντγκόμερι Λιούις]], γενικός κυβερνήτης της Αγίας Λουκίας\n*[[1911]] - [[Μαχάλια Τζάκσον]], Αμερικανίδα τραγουδίστρια\n*[[1916]] - [[Φρανσουά Μιτεράν]], Γάλλος πολιτικός\n*[[1919]] - [[Μοχάμεντ Ρεζά Παχλαβί]], σάχης του Ιράν\n*[[1933]] - [[Τάκης Κανελλόπουλος]], Έλληνας σκηνοθέτης και σεναριογράφος\n*[[1936]] - [[Όσκαρ Ρίβας Ρετς]], πρόεδρος της Ανδόρρας\n*[[1942]] - [[Μπομπ Χόσκινς]], Άγγλος ηθοποιός\n*[[1945]] - [[Δημήτρης Θ. Γκότσης]], Έλληνας συγγραφέας\n*[[1947]] - [[Χίλαρι Κλίντον]], Αμερικανίδα πολιτικός\n*[[1954]] - [[Βασίλης Χατζηπαναγής]], Έλληνας ποδοσφαιριστής\n*[[1957]] - [[Κώστας Τρέντσιος]], Έλληνας φαρμακοποιός και πολιτικός\n*[[1959]] - [[Έβο Μοράλες]], Βολιβιανός πολιτικός\n*[[1970]] - [[Μιχάλης Μαρίνος]], Κύπριος ηθοποιός\n*[[1978]] - [[Σι Εμ Πανκ]], Αμερικανός παλαιστής\n*[[1993]] - [[Δημήτρης Πέλκας]], Έλληνας ποδοσφαιριστής\n\n== Θάνατοι ==\n*[[899]] - [[Αλφρέδος ο Μέγας]], βασιλιάς του Ουέσσεξ\n*[[1555]] - [[Ολυμπία Μοράτα]], Ιταλίδα λόγια\n*[[1576]] - [[Φρειδερίκος Γ΄ του Παλατινάτου|Φρειδερίκος Γ']], εκλέκτορας του Παλατινάτου\n*[[1580]] - [[Άννα της Αυστρίας (1549–1580)|Άννα της Αυστρίας]], βασίλισσα της Ισπανίας\n*[[1603]] - [[Όθων Β΄ του Χάρμπουργκ|Όθων Β΄]], δούκας του Μπράουνσβαϊχ-Χάρμπουργκ\n*[[1616]] - [[Μήτρος Κυνικόπουλος]], Έλληνας αγωνιστής\n*[[1764]] - [[Ουίλλιαμ Χόγκαρθ]], Άγγλος ζωγράφος\n*[[1822]] - [[Μαχμούτ Πασάς Δράμαλης]], Οθωμανός στρατιωτικός\n*[[1890]] - [[Κάρλο Κολόντι]], Ιταλός συγγραφέας\n*[[1909]] - [[Ιτό Χιρομπούμι]], Ιάπωνας πολιτικός\n*[[1933]] - [[Ζουζέ Μαλιόα]], Πορτογάλος ζωγράφος\n*[[1946]] - [[Ιωάννης Ράλλης]], Έλληνας πολιτικός\n*[[1952]] - [[Χάτι ΜακΝτάνιελ]], Αμερικανίδα ηθοποιός\n*[[1953]] - [[Μοχαμάντ Χασίμ Χαν]], Πρωθυπουργός του Αφγανιστάν\n*[[1957]] - [[Νίκος Καζαντζάκης]], Έλληνας συγγραφέας\n*[[1976]] - [[Χρυσόστομος Κανδυλιάρης]], Έλληνας πολιτικός\n*[[1978]] - [[Δημήτριος Γαρουφαλιάς]], Έλληνας πολιτικός\n*[[1979]] - [[Παρκ Τζονγκ-χούι]], Νοτιοκορεάτης πολιτικός\n*[[1980]] - [[Φρέντερικ Κλαρκ]], κυβερνήτης της Αγίας Λουκίας\n*[[1983]] - [[Μιχαήλ Πεσμαζόγλου]], Έλληνας πολιτικός\n*[[1983]] - [[Άλφρεντ Τάρσκι]], Πολωνός μαθηματικός\n*[[1987]]  - [[Αθανάσιος Ι. Σμπαρούνης]], Έλληνας οικονομολόγος\n*[[2007]] - [[Νικολάε Ντομπρίν]], Ρουμάνος ποδοσφαιριστής\n*[[2018]] - [[Ευάγγελος Πολύζος]], Έλληνας πολιτικός\n*2021[[Μορτ Σαλ|-Μορτ Σαλ]]  Αμερικανός δημοσιογράφος ηθοποιός\n*2021-[[wikidata:Q242651|Ρο Τάε-γου]] Νοτιοκορεάτης πολιτικός,\n*2021-[[wikidata:Q359387|Γουόλτερ Σμιθ]]  Σκωτσέζος ποδοσφαιριστής\n*2021- Εύα Διβάρη Ελληνίδα ζωγράφος \n\n== Αργίες και εορτές ==\n\n=== [[Ορθόδοξη Εκκλησία]] ===\n{{Πύλη:Ορθοδοξία/Εορτολόγιο/26 Οκτωβρίου}}\n\n{{Μήνες}}\n\n[[Κατηγορία:Ημέρες του έτους]]"}}}]}]}}