{"batchcomplete":true,"query":{"normalized":[{"fromencoded":false,"from":"26_Ιανουαρίου","to":"26 Ιανουαρίου"}],"pages":[{"pageid":1121,"ns":0,"title":"26 Ιανουαρίου","revisions":[{"slots":{"main":{"contentmodel":"wikitext","contentformat":"text/x-wiki","content":"{{χωρίς παραπομπές|16|01|2022}}\n\n{{5μήνες|μ=1}}\n\n<center>[[25 Ιανουαρίου]] | '''26 Ιανουαρίου''' | [[27 Ιανουαρίου]]</center>\n\n----\nΗ '''26η Ιανουαρίου''' είναι η 26η ημέρα του έτους κατά το [[Γρηγοριανό ημερολόγιο]]. Υπολείπονται 339 ημέρες (340 σε δίσεκτα έτη).\n\n{|width=100%\n| __TOC__\n| {{ΗμερολόγιοΣεΠίνακα|1}}\n|}\n\n== Γεγονότα ==\n*[[1500]] - Ο [[Βισέντε Γιάνιες Πινσόν]] γίνεται ο πρώτος Ευρωπαίος που αποβιβάζεται στη [[Βραζιλία]].\n*[[1531]] - [[Σεισμός]] στη [[Λισαβόνα]] σκοτώνει περίπου 30.000 άτομα.\n*[[1564]] - Η [[Σύνοδος του Τρέντο]] εκδίδει τα συμπεράσματά της θεσπίζοντας τη διάκριση μεταξύ του [[Καθολική Εκκλησία|Ρωμαιοκαθολικισμού]] και του [[Προτεσταντισμός|Προτεσταντισμού]].\n*[[1699]] - [[Συνθήκη του Κάρλοβιτς]]: Για πρώτη φορά η [[Οθωμανική Αυτοκρατορία]] παραχωρεί εδάφη στις χριστιανικές δυνάμεις.\n*[[1788]] - Ο [[Μεγάλη Βρετανία|βρετανικός]] Πρώτος Στόλος, με επικεφαλής τον Άρθουρ Φίλιπ, φτάνει στο Πορτ Τζάκσον για να ιδρύσει το [[Σίδνεϊ]], την πρώτη μόνιμη ευρωπαϊκή [[αποικία]] στην ήπειρο. Η ημέρα αυτή εορτάζεται ως [[Ημέρα της Αυστραλίας]].\n*[[1821]] - Αρχίζει η [[Συνέλευση της Βοστίτσας]].\n*[[1837]] - Το [[Μίσιγκαν]] γίνεται η 26η [[Πολιτείες των ΗΠΑ|πολιτεία των Η.Π.Α.]]\n*[[1841]] - Το [[Ηνωμένο Βασίλειο]] καταλαμβάνει το [[Χονγκ Κονγκ]].\n*[[1861]] - [[Αμερικανικός Εμφύλιος Πόλεμος]]: η πολιτεία της [[Λουιζιάνα]] αποσχίζεται από την [[Ένωση (Αμερικανικός Εμφύλιος Πόλεμος)|Ένωση]].\n*[[1870]] - [[Αμερικανικός Εμφύλιος Πόλεμος]]: η [[Βιρτζίνια]] επανεντάσσεται στην [[Ένωση (Αμερικανικός Εμφύλιος Πόλεμος)|Ένωση]].\n*[[1885]] - Στρατεύματα πιστά στον Μαχντί καταλαμβάνουν το [[Χαρτούμ]], σκοτώνοντας τον γενικό κυβερνήτη Τσαρλς Τζορτζ Γκόρντον.\n*[[1905]] - Ανακαλύπτεται το μεγαλύτερο [[διαμάντι]] του κόσμου, το Κάλιναν, που ζυγίζει 3.106,75 καράτια (0,621350 κιλά), κοντά στην [[Πρετόρια]] στη [[Νότια Αφρική]].\n*[[1926]] - Ο [[Τζον Λόγκι Μπερντ]] επιδεικνύει για πρώτη φορά την τηλεόραση.\n*[[1939]] - [[Ισπανικός Εμφύλιος]]: στρατεύματα πιστά στον εθνικιστή στρατηγό [[Φρανθίσκο Φράνκο]], και με τη βοήθεια της [[Βασίλειο της Ιταλίας|Ιταλίας]], καταλαμβάνουν τη [[Βαρκελώνη]].\n*[[1945]] - [[Β΄ Παγκόσμιος Πόλεμος]]: ο [[Κόκκινος Στρατός]] αρχίζει να περικυκλώνει τη [[Ναζιστική Γερμανία|γερμανική]] Τέταρτη Στρατιά στην [[Ανατολική Πρωσία]], γεγονός που θα καταλήξει στην καταστροφή της 4ης Στρατιάς δύο μήνες αργότερα. \n*[[1949]] - Το τηλεσκόπιο Χέιλ στο [[Αστεροσκοπείο του Πάλομαρ]] βλέπει το πρώτο φως υπό τη διεύθυνση του [[Έντγουιν Χαμπλ]]. Ήταν το μεγαλύτερο οπτικό τηλεσκόπιο μέχρι το 1976.\n*[[1950]] - Τίθεται σε ισχύ το Σύνταγμα της [[Ινδία]]ς, με το οποίο εγκαθιδρύεται η δημοκρατία. Η ημέρα αυτή θεωρείται ως Ημέρα της Δημοκρατίας στην Ινδία.\n*[[1952]] - Μαύρο Σάββατο στην [[Αίγυπτος|Αίγυπτο]]: Ταραξίες καίνε την κεντρική επιχειρηματική συνοικία του [[Κάιρο|Καΐρου]], στοχεύοντας τις [[Μεγάλη Βρετανία|βρετανικές]] και τις αιγυπτιακές επιχειρήσεις της άρχουσας τάξης.  \n*[[1962]] - Εκτοξεύεται το [[Ρέιντζερ 3]] για να μελετήσει τη [[Σελήνη]]. Αργότερα, το [[ρομποτικό διαστημόπλοιο]] αποκλίνει από την πορεία του και περνάει 35.400 χλμ. μακριά από τη Σελήνη. \n*[[1965]] - Τα [[Χίντι]] γίνονται η επίσημη γλώσσα της [[Ινδία]]ς.\n*[[1992]] - Ο [[Μπορίς Γιέλτσιν]] ανακοινώνει ότι η [[Ρωσία]] θα σταματήσει τη στόχευση των [[Ηνωμένες Πολιτείες Αμερικής|αμερικανικών]] πόλεων με [[Πυρηνικό όπλο|πυρηνικά όπλα]].\n* [[1993]] - Εκλέγεται πρόεδρος της [[Τσεχία]]ς ο [[Βάτσλαβ Χάβελ]].\n* [[1994]] - Η [[Ρουμανία]] είναι η πρώτη χώρα του πρώην [[Σύμφωνο της Βαρσοβίας|Συμφώνου της Βαρσοβίας]], που προσχωρεί στον «Συνεταιρισμό για την Ειρήνη» του [[ΝΑΤΟ]].\n* [[1994]] - Ο [[Κάρολος, Πρίγκιπας της Ουαλίας|πρίγκιπας Κάρολος]] της [[Αγγλία]]ς πέφτει θύμα αποτυχημένης δολοφονικής επίθεσης κατά τη διάρκεια επίσκεψης του στο [[Σίδνεϊ]] της [[Αυστραλία]]ς.\n* [[1994]] - Στις [[ΗΠΑ]] ο τραγουδιστής [[Μάικλ Τζάκσον]] επιτυγχάνει συμβιβασμό με την καταβολή υπέρογκης αποζημίωσης στην οικογένεια ενός 13χρονου, που τον κατηγόρησε για σεξουαλική παρενόχληση.\n* [[1995]] - Επτά άτομα χάνουν τη ζωή τους από εκρήξεις βομβών κατά τη διάρκεια εορτασμών στο [[Κασμίρ]] της [[Ινδία]]ς.\n* [[1996]] - Η [[Κροατο-Μουσουλμανική Ομοσπονδία]] και οι [[Σερβοβόσνιοι]] συμφωνούν να απελευθερώσουν όλους τους αιχμαλώτους.\n* [[1996]] - [[Κρίση των Ιμίων]]: Ο δήμαρχος της [[Κάλυμνος|Καλύμνου]] Δημήτρης Διακομιχάλης υψώνει την [[Σημαία της Ελλάδας|Ελληνική σημαία]] στις βραχονησίδες [[Ίμια]], συνοδευόμενος από τον αστυνομικό διευθυντή Καλύμνου, τον ιερέα και δύο κατοίκους του νησιού.\n* [[1997]] - Στο [[Περού]], οι [[Τουπάκ Αμάρου]] αφήνουν ελεύθερο τον στρατηγό [[Χοσέ Ρίβας Ροντρίγκες]] και συνέχιζουν να κρατούν 72 ομήρους στην ιαπωνική πρεσβεία.\n* [[1998]] - Εμφανιζόμενος σε τηλεοπτική εκπομπή ο αμερικανός πρόεδρος [[Μπιλ Κλίντον]] αρνείται τις εικαζόμενες σεξουαλικές σχέσεις με την πρώην υπάλληλο του [[Λευκός Οίκος|Λευκού Οίκου]], [[Μόνικα Λεβίνσκι]].\n* [[2001]] - Αεροσκάφος [[Douglas DC-3]] συντρίβεται κοντά στην περιοχή Κουιδάα Μπολιβάρ της [[Βενεζουέλα]]ς σκοτώνοντας 24 άτομα.\n* [[2001]] - Σεισμός συγκλονίζει το [[Γκουγιαράτ]] της [[Ινδία]]ς προκαλώντας πάνω από 20.0000 ανθρώπινες απώλειες.\n\n== Γεννήσεις ==\n*[[1582]] - [[Τζοβάνι Λανφράνκο]], Ιταλός ζωγράφος\n*[[1763]] - [[Κάρολος ΙΔ΄ Ιωάννης της Σουηδίας|Κάρολος ΙΔ΄ Ιωάννης]], βασιλιάς της Σουηδίας\n*[[1781]] - [[Λούντβιχ Άχιμ φον Άρνιμ]], Γερμανός συγγραφέας\n*[[1880]] - [[Ντάγκλας Μακάρθουρ]], Αμερικανός στρατηγός\n*[[1905]] - [[Τσαρλς Λέιν]], Αμερικανός ηθοποιός\n*[[1907]] - [[Δημήτριος Χολέβας]], Έλληνας ιερέας και αντιστασιακός\n*[[1911]] - [[Πόλυκαρπ Κους]], Γερμανός φυσικός\n*[[1918]] - [[Νικολάε Τσαουσέσκου]], Ρουμάνος πολιτικός\n*[[1919]] - [[Μπιλ Νίκολσον]], Άγγλος ποδοσφαιριστής και προπονητής\n*[[1921]] - [[Άκιο Μορίτα]], Ιάπωνας επιχειρηματίας\n*[[1922]] - [[Αντώνης Δροσογιάννης]], Έλληνας στρατιωτικός και πολιτικός\n*[[1924]] - [[Ραούφ Ντενκτάς]], Τουρκοκύπριος πολιτικός\n*[[1925]] - [[Τζόαν Λέσλι]], Αμερικανίδα ηθοποιός\n*[[1925]] - [[Πωλ Νιούμαν]], Αμερικανός ηθοποιός\n*[[1928]] - [[Ροζέ Βαντίμ]], Γάλλος ηθοποιός και σκηνοθέτης\n*[[1928]] - [[Αμπντελατίφ Φιλαλί]], Μαροκινός πολιτικός\n*[[1929]] - [[Γκόρντον Σόλι]], Αμερικανός σχολιαστής πάλης\n*[[1935]] - [[Μπομπ Ούκερ]], Αμερικανός παίκτης του μπέιζμπολ και σχολιαστής\n*[[1939]] - [[Φαίδων Γεωργίτσης]], Έλληνας ηθοποιός\n*[[1944]] - [[Άντζελα Ντέιβις]], Αμερικανίδα ακτιβίστρια\n*[[1946]] - [[Τζιν Σίσκελ]], Αμερικανός κριτικός κινηματογράφου\n*[[1949]] - [[Τζόναθαν Κάρολ]], Αμερικανός συγγραφέας\n*[[1950]] - [[Γεργκ Χάιντερ]], Αυστριακός πολιτικός\n*[[1953]] - [[Αλίκ Λ. Αλίκ]], αντιπρόεδρος των Ομόσπονδων Πολιτειών Μικρονησίας\n*[[1953]] - [[Άντερς Φογκ Ράσμουσεν]], Δανός πολιτικός και γενικός γραμματέας του ΝΑΤΟ\n*[[1958]] - [[Έλεν ΝτιΤζένερις]], Αμερικανίδα ηθοποιός\n*[[1963]] - [[Ζοζέ Μουρίνιο]], Πορτογάλος προπονητής ποδοσφαίρου\n*[[1969]] - [[Τζώρτζης Δικαιουλάκος]], Έλληνας προπονητής καλαθοσφαίρισης\n*[[1970]] - [[Ελένη Πέτα]], Ελληνίδα τραγουδίστρια\n*[[1971]] - [[Αϊγκιούν Καζίμοβα]], Αζέρα τραγουδίστρια\n*[[1977]] - [[Βινς Κάρτερ]], Αμερικανός καλαθοσφαιριστής\n*[[1988]] - [[Δημήτρης Χονδροκούκης]], Έλληνας αθλητής\n*[[1990]] - [[Σέρχιο Πέρες]], Μεξικανός οδηγός αγώνων\n*[[1992]] - [[Σάσα Μπανκς]], Αμερικανίδα παλαίστρια\n\n== Θάνατοι ==\n*[[724]] - [[Γιαζίντ Β΄]], χαλίφης των Ομεϋαδών\n*[[1003]] - [[Ροζάλα της Λομβαρδίας]], βασίλισσα της Γαλλίας\n*[[1080]] - [[Αμεδαίος Β΄ της Σαβοΐας|Αμεδαίος Β΄]], κόμης της Σαβοΐας\n*[[1143]] - [[Αλί ιμπν Γιουσούφ]], βασιλιάς των Αλμοραβίδων\n*[[1631]] - [[Λουδοβίκος Φρειδερίκος της Βυρτεμβέργης-Μονμπελιάρ|Λουδοβίκος Φρειδερίκος]], δούκας της Βυρτεμβέργης-Μονμπελιάρ\n*[[1721]] - [[Πιερ-Ντανιέλ Υέ]], Γάλλος επίσκοπος και λόγιος\n*[[1823]] - [[Έντουαρντ Τζέννερ]], Άγγλος ιατρός\n*[[1824]] - [[Τεοντόρ Ζερικώ]], Γάλλος ζωγράφος\n*[[1875]] - [[Ευστάθιος Καισαρείας]], Έλληνας μητροπολίτης\n*[[1875]] - [[Τζορτζ Φίνλεϊ]], Βρετανός ιστορικός\n*[[1891]] - [[Νίκολαους Όττο]], Γερμανός εφευρέτης\n*[[1895]] - [[Αχιλλέας Παράσχος]], Έλληνας ποιητής\n*[[1962]] - [[Λάκι Λουτσιάνο]], Ιταλός μαφιόζος\n*[[1969]] - [[Αθανάσιος Βασιλειάδης]], Έλληνας πολιτικός\n*[[1973]] - [[Έντουαρντ Τζ. Ρόμπινσον]], Ρουμάνος ηθοποιός\n*[[1977]] - [[Φιλοποίμην Φίνος]], Έλληνας κινηματογραφικός παραγωγός\n*[[1979]] - [[Νέλσον Ροκφέλερ]], Αμερικανός επιχειρηματίας και πολιτικός\n*[[1991]] - [[Κάρεν Γιανγκ]], Αμερικανίδα τραγουδίστρια\n*[[1992]] - [[Χοσέ Φερρέρ]], Πορτορικανός ηθοποιός\n*[[1999]] - [[Σίμων Καράς]], Έλληνας μουσικολόγος\n*[[1999]] - [[Γιάννης Φέρμης]], Έλληνας ηθοποιός\n*[[2010]] - [[Γιάννης Μαρδίτσης]], Έλληνας ποδοσφαιριστής\n*[[2020]] - [[Κόμπι Μπράιαντ]], Αμερικανός καλαθοσφαιριστής\n\n== Αργίες και εορτές ==\n* {{AUS}} - Ημέρα της Αυστραλίας, εθνική γιορτή\n* {{IND}} - Ημέρα της Δημοκρατίας, εθνική γιορτή\n* {{UGA}} - Ημέρα της Απελευθέρωσης ([[1986]])\n\n=== [[Ορθόδοξη Εκκλησία]] ===\n{{Commonscat|26 January}}\n\n{{Πύλη:Ορθοδοξία/Εορτολόγιο/26 Ιανουαρίου}}\n\n{{Μήνες}}\n\n[[Κατηγορία:Ημέρες του έτους]]"}}}]}]}}