{"batchcomplete":true,"query":{"normalized":[{"fromencoded":false,"from":"26_Μαρτίου","to":"26 Μαρτίου"}],"pages":[{"pageid":1547,"ns":0,"title":"26 Μαρτίου","revisions":[{"slots":{"main":{"contentmodel":"wikitext","contentformat":"text/x-wiki","content":"{{χωρίς παραπομπές|31|03|2004}}\n\n{{Μήνες Μαρτίου}}\n\n<center>[[25 Μαρτίου]] | '''26 Μαρτίου''' | [[27 Μαρτίου]]</center>\n\n----\nΗ '''26η Μαρτίου''' είναι η 85η ημέρα του έτους κατά το [[Γρηγοριανό ημερολόγιο]] (86η σε δίσεκτα έτη). Υπολείπονται 280 ημέρες .\n\n{{ΗμερολόγιοΣεΠίνακα|3}}\n\n== Γεγονότα ==\n*[[590]] - Ο αυτοκράτορας [[Μαυρίκιος (αυτοκράτορας)|Μαυρίκιος]] ανακηρύσσει το γιο του, Θεοδόσιο, συναυτοκράτορα της [[Βυζαντινή Αυτοκρατορία|Βυζαντινής Αυτοκρατορίας]].\n*[[1027]] - Ο [[Πάπας Ιωάννης ΙΘ΄]] στέφει τον [[Κορράδος Β΄ της Αγίας Ρωμαϊκής Αυτοκρατορίας|Κορράδο Β΄]] [[Αυτοκράτορας της Αγίας Ρωμαϊκής Αυτοκρατορίας|αυτοκράτορα της Αγίας Ρωμαϊκής Αυτοκρατορίας]].\n*[[1344]] - Τερματίζεται νικηφόρα η πολιορκία της [[Αλχεθίρας]], μία από τις πρώτες ευρωπαϊκές στρατιωτικές εμπλοκές όπου χρησιμοποιήθηκε πυρίτιδα.\n*[[1636]] - Ιδρύεται το Πανεπιστήμιο της [[Ουτρέχτη (πόλη)|Ουτρέχτης]] στην [[Ολλανδία]].\n*[[1812]] - Σεισμός καταστρέφει το [[Καράκας]] στη [[Βενεζουέλα]].\n*[[1830]] - Εκδίδεται στις [[Ηνωμένες Πολιτείες Αμερικής]] [[το Βιβλίο του Μόρμον]].\n*[[1871]] - Διεξάγονται οι εκλογές του συμβουλίου της [[Παρισινή Κομμούνα|Παρισινής Κομμούνας]].\n*[[1885]] - Οι [[Μετί]] της επαρχίας του [[Σασκάτσουαν]] υπό τον Λουί Ριέλ ξεκινούν τη Βορειοδυτική Επανάσταση εναντίον του [[Καναδάς|Καναδά]].\n*[[1913]] - [[Βαλκανικοί πόλεμοι]]: [[Βουλγαρία|Βουλγαρικές]] δυνάμεις καταλαμβάνουν την [[Αδριανούπολη]].\n*[[1917]] - [[Α΄ Παγκόσμιος Πόλεμος]]: 17.000 [[Τούρκοι (έθνος)|Τούρκοι]] εμποδίζουν την προέλαση των [[Ηνωμένο Βασίλειο|βρετανικών]] στρατευμάτων στην Πρώτη Μάχη της [[Γάζα]]ς.\n*[[1931]] - Ιδρύεται η Swissair, ως ο εθνικός αερομεταφορέας της [[Ελβετία]]ς.\n*[[1939]] - [[Ισπανικός Εμφύλιος]]: Οι [[Δικτατορία του Φρανθίσκο Φράνκο|Εθνικιστές]] αρχίζουν την τελική τους επίθεση.\n*[[1945]] - [[Β΄ Παγκόσμιος Πόλεμος]]: Η [[μάχη της Ίβο Τζίμα]] λήγει καθώς το νησί είναι επίσημα προστατευμένο από τις [[Αμερική|αμερικανικές]] δυνάμεις.  \n*[[1971]] - Το Ανατολικό Πακιστάν ανακηρύσσει την ανεξαρτησία του από το [[Πακιστάν]] για να σχηματίσει τη [[Μπανγκλαντές|Λαϊκή Δημοκρατία του Μπανγκλαντές]]. Αρχίζει ο απελευθερωτικός πόλεμος.\n*[[1979]] - Ο [[Ανουάρ Σαντάτ]], ο [[Μεναχέμ Μπέγκιν]] και ο [[Τζίμι Κάρτερ]] υπογράφουν στην [[Ουάσινγκτον]] τη Συνθήκη Ειρήνης Αιγύπτου-Ισραήλ.\n*[[1991]] - Η [[Αργεντινή]], η [[Βραζιλία]], η [[Ουρουγουάη]] και η [[Παραγουάη]] υπογράφουν τη Συνθήκη της [[Ασουνσιόν]], ιδρύοντας τη Μερκοσούρ. \n*[[2005]] - Το [[BBC]] προβάλει νέο επεισόδιο της σειράς ''[[Doctor Who]]'', μετά τη διακοπή της το [[1989]]. Σήμερα είναι το μακροβιότερο δράμα επιστημονικής φαντασίας στον κόσμο.\n* [[2007]] - Ο [[Σερζ Σαρκισιάν]] αναλαμβάνει προσωρινά την πρωθυπουργία της [[Αρμενία]]ς μετά τον ξαφνικό θάνατο του [[Αντρανίκ Μαρκαριάν]]. Ο διορισμός του εγκρίνεται από τη Βουλή στις [[4 Απριλίου]].\n* [[2007]] - Ζητάει συγγνώμη ο Πρωθυπουργός της [[Ιαπωνία]]ς [[Σίνζο Άμπε]] για τη χρήση γυναικών ως σεξουαλικών αντικειμένων σε [[οίκος ανοχής|οίκους ανοχής]] στα μέτωπα, τον καιρό του [[Β΄ Παγκόσμιος Πόλεμος|Δευτέρου Παγκοσμίου Πολέμου]].\n\n== Γεννήσεις ==\n*[[1554]] - [[Κάρολος Α΄ του Μαγιέν|Κάρολος Α΄]], δούκας του Μαγιέν\n*[[1836]] - [[Πάουλ Καρλ Μπάιερσντορφ]], Γερμανός επιχειρηματίας\n*[[1874]] - [[Ρόμπερτ Φροστ]], Αμερικανός ποιητής\n*[[1876]] - [[Γουλιέλμος του Βιντ]], πρίγκιπας της Αλβανίας\n*[[1881]] - [[Γκούτσιο Γκούτσι]], Ιταλός επιχειρηματίας\n*[[1884]] - [[Βίλχελμ Μπακχάουζ]], Γερμανός πιανίστας\n*[[1893]] - [[Παλμίρο Τολιάτι]], Ιταλός πολιτικός\n*[[1904]] - [[Τζόζεφ Κάμπελ]], Αμερικανός συγγραφέας\n*[[1904]] - [[Ξενοφών Ζολώτας]], Έλληνας οικονομολόγος και πολιτικός\n*[[1905]] - [[Ουίλιαμ Κάγκνεϊ]], Αμερικανός ηθοποιός\n*[[1907]] - [[Λι Χαρλάιν]], Αμερικανός συνθέτης\n*[[1908]] - [[Φραντς Στανγκλ]], Γερμανός στρατιωτικός\n*[[1911]] - [[Μπέρναρντ Κατς]], Γερμανός βιοφυσικός\n*[[1911]] - [[Τενεσί Ουίλιαμς]], Αμερικανός δραματουργός\n*[[1913]] - [[Πολ Έρντος]], Ούγγρος μαθηματικός\n*[[1913]] - [[Ζακλίν ντε Ρομιγί]], Γαλλίδα φιλόλογος\n*[[1914]] - [[Ουίλιαμ Ουέστμορλαντ]], Αμερικανός στρατιωτικός\n*[[1916]] - [[Κρίστιαν Άνφινσεν]], Αμερικανός χημικός\n*[[1931]] - [[Λέοναρντ Νίμοϊ]], Αμερικανός ηθοποιός\n*[[1933]] - [[Τίντο Μπρας]], Ιταλός σκηνοθέτης\n*[[1934]] - [[Άλαν Άρκιν]], Αμερικανός ηθοποιός\n*[[1935]] - [[Μαχμούντ Αμπάς]], Παλαιστίνιος πολιτικός\n*[[1941]] - [[Ρίτσαρντ Ντόκινς]], Βρετανός βιολόγος\n*[[1945]] - [[Μιχαήλ Βορόνιν]], Ρώσος αθλητής της γυμναστικής\n*[[1950]] - [[Τέντι Πέντεργκρας]], Αμερικανός τραγουδιστής (Harold Melvin & the Blue Notes)\n*[[1952]] - [[Ντιντιέ Πιρονί]], Γάλλος οδηγός αγώνων\n*[[1958]] - [[Έλιο ντε Άντζελις]], Ιταλός οδηγός αγώνων\n*[[1962]] - [[Τζον Στόκτον]], Αμερικανός καλαθοσφαιριστής\n*[[1970]] - [[Θωμάς Κυπαρίσσης]], Έλληνας ποδοσφαιριστής\n*[[1970]] - [[Μάρτιν Μακ Ντόνα]], Άγγλος θεατρικός συγγραφέας και σκηνοθέτης\n*[[1971]] - [[Έρικ Μορίλο]], Αμερικανός μουσικός παραγωγός\n*[[1973]] - [[Λάρρυ Πέιτζ]], Αμερικανός επιστήμονας υπολογιστών, συνιδρυτής της [[Google]]\n*[[1975]] - [[Χάρης Βαρθακούρης]], Έλληνας τραγουδιστής\n*[[1976]] - [[Νουργκιούλ Γεσιλτσάι]], Τουρκάλα ηθοποιός\n*[[1976]] - [[Έιμι Σμαρτ]], Αμερικανίδα ηθοποιός\n*[[1978]] - [[Αναστασία Κωστάκη]], Ελληνίδα καλαθοσφαιρίστρια\n*[[1982]] - [[Μικέλ Αρτέτα]], Ισπανός ποδοσφαιριστής\n*[[1985]] - [[Κίρα Νάιτλι]], Αγγλίδα ηθοποιός\n*[[1992]] - [[Στόφελ Φαντόρν]], Βέλγος οδηγός αγώνων\n*[[1999]] - Αθανασία Παντελίδη, Ελληνίδα ηθοποιός \n\n== Θάνατοι ==\n*[[908]] - [[Αυτοκράτορας Αϊτί των Τανγκ]]\n*[[1211]] - [[Σάντσο Α΄ της Πορτογαλίας|Σάντσο Α΄]], βασιλιάς της Πορτογαλίας\n*[[1350]] - [[Αλφόνσος ΙΑ΄ της Καστίλης|Αλφόνσος ΙΑ΄]], βασιλιάς της Καστίλης\n*[[1402]] - [[Δαυίδ Στιούαρτ]], δούκας του Ροδεσέι\n*[[1597]] - [[Θεοφάνης Α΄ Καρύκης]], Πατριάρχης Κωνσταντινουπόλεως\n*[[1814]] - [[Ζοζέφ Ινιάς Γκιγιοτέν]], Γάλλος γιατρός\n*[[1827]] - [[Λούντβιχ βαν Μπετόβεν]], Γερμανός συνθέτης\n*[[1870]] - [[Τσαρλς Γκριν (αεροναυτικός)|Τσαρλς Γκριν]], Άγγλος αεροστατιστής και εφευρέτης\n*[[1892]] - [[Ουώλτ Ουίτμαν]], Αμερικανός ποιητής\n*[[1910]] - [[Ωγκύστ Σαρλουά]], Γάλλος αστρονόμος\n*[[1923]] - [[Σαρά Μπερνάρ]], Γαλλίδα ηθοποιός\n*[[1940]] - [[Σπύρος Λούης]], Έλληνας μαραθωνοδρόμος\n*[[1952]] - [[Βάσος Στεφανόπουλος]] Έλληνας πολιτικός\n*[[1960]] - [[Βασίλειος Ρούφος]], Έλληνας πολιτικός\n*[[1973]] - [[Νόελ Κάουαρντ]], Άγγλος συνθέτης και θεατρικός συγγραφέας\n*[[1980]] - [[Ρολάν Μπαρτ]], Γάλλος λογοτεχνικός κριτικός και συγγραφέας\n*[[1984]] - [[Σεκού Τουρέ]], πρόεδρος της Γουινέας\n*[[1995]] - [[Eazy-E]], Αμερικάνος ράπερ\n*[[1998]] - [[Στράτος Ατταλίδης]], Έλληνας συνθέτης\n*[[2003]] - [[Ταουέζε Σούνια]], κυβερνήτης της Αμερικανικής Σαμόα\n*[[2005]] - [[Τζέιμς Κάλαχαν]], Άγγλος πολιτικός\n*[[2007]] - [[Μπάμπης Μπακάλης]], Έλληνας τραγουδοποιός\n*[[2014]] - [[Λάκης Παππάς]], Έλληνας τραγουδιστής\n*[[2015]] - [[Τούμας Τράνστρεμερ]], Σουηδός ποιητής\n\n== Αργίες και εορτές ==\n=== [[Ορθόδοξη Εκκλησία]] ===\n{{Πύλη:Ορθοδοξία/Εορτολόγιο/26 Μαρτίου}}\n\n=== [[Ζωροαστρισμός]] ===\n* Τα γενέθλια του προφήτη [[Ζαρατούστρα]]\n\n{{Μήνες}}\n\n[[Κατηγορία:Ημέρες του έτους]]"}}}]}]}}