{"batchcomplete":true,"query":{"normalized":[{"fromencoded":false,"from":"26_Σεπτεμβρίου","to":"26 Σεπτεμβρίου"}],"pages":[{"pageid":8051,"ns":0,"title":"26 Σεπτεμβρίου","revisions":[{"slots":{"main":{"contentmodel":"wikitext","contentformat":"text/x-wiki","content":"{{Μήνες Σεπτεμβρίου}}\n\n<center>[[25 Σεπτεμβρίου]] | '''26 Σεπτεμβρίου''' | [[27 Σεπτεμβρίου]]</center>\n\n----\n{{ΗμερολόγιοΣεΠίνακα|9}}\nΗ '''26η Σεπτεμβρίου''' είναι η 269η ημέρα του έτους κατά το [[Γρηγοριανό ημερολόγιο]] (270η σε δίσεκτα έτη). Υπολείπονται 96 ημέρες.\n\n== Γεγονότα ==\n*[[46 π.Χ.]] - Ο [[Ιούλιος Καίσαρ]] αφιερώνει έναν ναό στη μυθική του πρόγονο [[Βένους]] εκπληρώνοντας το τάμα που έκανε στη [[μάχη των Φαρσάλων]].\n*[[1087]] - Ο [[Γουλιέλμος Β΄ της Αγγλίας|Γουλιέλμος Β΄]] στέφεται [[Κατάλογος Άγγλων μοναρχών|βασιλιάς της Αγγλίας]].\n*[[1371]] - Οι δυνάμεις του [[Οθωμανική Αυτοκρατορία|Οθωμανού]] σουλτάνου [[Μουράτ Α΄]] νικούν το [[Σερβία|σερβικό]] στρατό στη [[μάχη του Έβρου]].\n*[[1580]] - Ο σερ [[Φράνσις Ντρέικ]] ολοκληρώνει τον περίπλου της [[Γη]]ς.\n*[[1687]] - Ο [[Παρθενώνας]] καταστρέφεται εν μέρει από έκρηξη που προκλήθηκε καθώς οι [[Γαληνοτάτη Δημοκρατία της Βενετίας|ενετικές]] δυνάμεις με επικεφαλής τον [[Φραντσέσκο Μοροζίνι]] πολιορκούν και βομβαρδίζουν τους [[Οθωμανική Αυτοκρατορία|Οθωμανούς]] στην [[Αθήνα]]. \n*[[1777]] - [[Αμερικανική Επανάσταση]]: τα [[Μεγάλη Βρετανία|βρετανικά]] στρατεύματα καταλαμβάνουν τη [[Φιλαδέλφεια (Πενσυλβάνια)]].\n*[[1810]] - Ο [[Κάρολος ΙΔ΄ Ιωάννης της Σουηδίας|Ζαν Μπατίστ Μπερναντότ]] γίνεται κληρονόμος του [[Σουηδία|σουηδικού]] θρόνου.\n*[[1907]] - Η [[Νέα Ζηλανδία]] και η [[Νέα Γη]] γίνονται [[Ντομίνιον|κτήσεις]] εντός της [[Βρετανική Αυτοκρατορία|Βρετανικής Αυτοκρατορίας]].\n*[[1943]] - [[Ναζιστική Γερμανία|Γερμανικά]] αεροπλάνα βυθίζουν στη [[Λέρος|Λέρο]] το [[αντιτορπιλικό Βασίλισσα Όλγα (D-15)]]. \n*[[1944]] - Υπογράφεται η [[Συμφωνία της Καζέρτας]], βάσει της οποίας οι τακτικές και ανταρτικές [[Ελλάδα|ελληνικές]] δυνάμεις τίθενται υπό τις διαταγές του [[Μεγάλη Βρετανία|Βρετανού]] στρατηγού [[Ρόναλντ Σκόμπι]]. \n*[[1954]] - [[Ιαπωνία|Γιαπωνέζικο]] [[πορθμείο σιδηροδρόμων]] βυθίζεται κατά τη διάρκεια ενός τυφώνα στον [[Πορθμός Τσουγκάρου|πορθμό Τσουγκάρου]], με αποτέλεσμα το θάνατο 1.155 ανθρώπων.\n* [[1957]] - Το μιούζικαλ ''[[West Side Story]]'' του [[Λέοναρντ Μπέρνσταϊν]] κάνει πρεμιέρα στο [[Μπρόντγουεϊ]].\n* [[1984]] - Υπογράφεται συμφωνία μεταξύ [[Λονδίνο]]υ και [[Πεκίνο]]υ που προβλέπει ότι μετά τις [[30 Ιουνίου]] [[1997]], ημερομηνία λήξης της συμφωνίας που υπογράφτηκε το [[1898]] μεταξύ Κίνας και Βρετανίας, ο κινεζικός στρατός θα επανακαταλάβει το [[Χονγκ Κονγκ]], που θα μετασχηματιστεί σε ειδική διοικητική ζώνη με μεγάλη αυτονομία.\n* [[1988]] - Ο Καναδός σπρίντερ [[Μπεν Τζόνσον (δρομέας)|Μπεν Τζόνσον]] βρίσκεται ντοπαρισμένος και του αφαιρείται το ολυμπιακό μετάλλιο.\n* [[1989]] - Ο [[Δημήτρης Κουφοντίνας]] δολοφονεί τον [[Παύλος Μπακογιάννης|Παύλο Μπακογιάννη]] έξω απο το γραφείο του.\n* [[1995]] - Στη Γερμανία, σε ισόβια δεσμά καταδικάζεται η [[Σιγκλίντε Χόφμαν]], μέλος της [[Φράξια Κόκκινος Στρατός|RAF]], ως ένοχη για πέντε δολοφονίες, μεταξύ αυτών και του επιχειρηματία Σλάγιερ.\n* [[1996]] - Στις πρώτες δημοκρατικές εκλογές στη [[Γκάμπια]], από το πραξικόπημα του 1994, νικητής αναδεικνύεται ο στρατιωτικός ηγέτης [[Γιαγιά Τζαμέ]].\n* [[1999]] - Επανεκλέγεται σε προεδρικό δημοψήφισμα χωρίς αντίπαλο με 93,8% ο Πρόεδρος [[Χόσνι Μουμπάρακ|Μουμπάρακ]] της Αιγύπτου.\n* [[2000]] - Το επιβατηγό πλοίο ''[[Εξπρές Σάμινα]]'' προσαράζει στις βραχονησίδες [[Πόρτες Πάρου]] και βυθίζεται με απολογισμό 79 νεκρούς.\n* [[2002]] - Ναυτική τραγωδία, η χειρότερη στη χώρα, πλήττει τη [[Σενεγάλη]]. Από ανατροπή του σενεγαλέζικου πλοίου ''[[Τζούλα]]'' στα ανοικτά των ακτών της  Γκάμπιας με τη Σενεγάλη, χάνουν τη ζωή τους 1.863 άνθρωποι και διασώζονται μόλις 64.\n\n== Γεννήσεις ==\n*[[1791]] - [[Τεοντόρ Ζερικώ]], Γάλλος ζωγράφος\n*[[1849]] - [[Ιβάν Πάβλοφ]], Ρώσος φυσιολόγος\n*[[1870]] - [[Χριστιανός Ι΄ της Δανίας|Χριστιανός Ι΄]], βασιλιάς της Δανίας\n*[[1877]] - [[Ούγκο Τσερλέτι]], Ιταλός νευρολόγος\n*[[1888]] - [[Τόμας Στερνς Έλιοτ]], Αμερικανός εκδότης, θεατρικός συγγραφέας και κριτικός\n*[[1889]] - [[Μάρτιν Χάιντεγκερ]], Γερμανός φιλόσοφος \n*[[1895]] - [[Γιούργκεν Στρόοπ]], Γερμανός στρατιωτικός των SS\n*[[1897]] - [[Πάπας Παύλος ΣΤ΄]]\n*[[1898]] - [[Τζορτζ Γκέρσουιν]], Αμερικανός συνθέτης\n*[[1902]] - [[Μίμης Βιτσώρης]], Έλληνας ζωγράφος\n*[[1914]] - [[Ακίλλε Κομπανιόνι]], Ιταλός ορειβάτης\n*[[1922]] - [[Τάκης Μηλιάδης]], Έλληνας ηθοποιός\n*[[1930]] - [[Τζο Μπράουν]], Άγγλος ορειβάτης\n*[[1932]] - [[Μανμοχάν Σινγκ]], Ινδός οικονομολόγος και πολιτικός\n*[[1939]] - [[Μαρία Γκόμερς]], Ολλανδέζα αθλήτρια\n*[[1940]] - [[Χέρμαν Φρανκ Μάγερ]], Γερμανός συγγραφέας\n*[[1943]] - [[Τιμ Σένκεν]], Αυστραλός οδηγός αγώνων\n*[[1946]] - [[Αντρέα Ντβόρκιν]], Αμερικανίδα ακτιβίστρια και συγγραφέας\n*[[1949]] - [[Ελόι Ίνος]], κυβερνήτης των Βορείων Μαριανών Νήσων\n*[[1953]] - [[Μπιλ Σκέιτ]], πρωθυπουργός της Παπούα Νέας Γουινέας\n*[[1962]] - [[Αλ Πιτρέλλι]], Αμερικανός κιθαρίστας\n*[[1965]] - [[Πέτρο Ποροσένκο]], Ουκρανός πολιτικός\n*[[1966]] - [[Χρήστος Δάντης]], Έλληνας τραγουδοποιός\n*[[1966]] - [[Μπέσυ Μάλφα]], Ελληνίδα ηθοποιός\n*[[1968]] - [[Τζιμ Καβίζελ]], Αμερικανός ηθοποιός\n*[[1973]] - [[Όλγα Βασδέκη]], Ελληνίδα αθλήτρια\n*[[1976]] - [[Μίχαελ Μπάλακ]], Γερμανός ποδοσφαιριστής\n*[[1976]] - [[Ολίβια Ο'Λάβλι]], Αμερικανίδα πορνογραφική ηθοποιός\n*[[1977]] - [[Κέιλιν]], Αμερικανίδα πορνογραφική ηθοποιός\n*[[1979]] - [[Τάαβι Ρούιβας]], Εσθονός πολιτικός\n*[[1980]] - [[Πάτρικ Φρισάχερ]], Αυστριακός οδηγός αγώνων\n*[[1981]] - [[Σερένα Ουίλιαμς]], Αμερικανίδα αντισφαιρίστρια\n*[[1984]] - [[Χριστίνα Αθανασοπούλου]], Ελληνίδα πυγμάχος\n*[[1984]] - [[Τόρε Σούλερμαν]], Γερμανός ηθοποιός\n*[[1985]] - [[M. Pokora]], Γάλλος τραγουδιστής\n*[[1988]] - [[Γιάννης Ποιμενίδης]], Έλληνας ηθοποιός\n\n== Θάνατοι ==\n*[[1023]] - [[Γοδεφρείδος Β΄ της Κάτω Λωρραίνης|Γοδεφρείδος Β΄]], δούκας της Κάτω Λωρραίνης\n*[[1290]] - [[Μαργαρίτα της Νορβηγίας]], βασίλισσα της Σκωτίας\n*[[1345]] - [[Ιωάννης του Μονφόρ|Ιωάννης]], κόμης του Μονφόρ\n*[[1902]] - [[Λίβαϊ Στρως]], Γερμανός επιχειρηματίας\n*[[1904]] - [[Λευκάδιος Χερν]], Έλληνας συγγραφέας\n*[[1914]] - [[Άουγκουστ Μάκε]], Γερμανός ζωγράφος\n*[[1932]] - [[Πιερ Ντε Γκεϋτέρ]], Βέλγος συνθέτης\n*[[1940]] - [[Βάλτερ Μπένγιαμιν]], Γερμανός φιλόσοφος\n*[[1943]] - [[Γεώργιος Μπλέσσας]], Έλληνας στρατιωτικός\n*[[1945]] - [[Μπέλα Μπάρτοκ]], Ούγγρος συνθέτης\n*[[1973]] - [[Άννα Μανιάνι]], Ιταλίδα ηθοποιός\n*[[1978]] - [[Καρλ Μάνε Σίγκμπαν]], Σουηδός φυσικός\n*[[1978]] - [[Κωνσταντίνος Ταλιαδούρης]], Έλληνας πολιτικός\n*[[1979]] - [[Τζον Κρόμγουελ (σκηνοθέτης)|Τζον Κρόμγουελ]], Αμερικανός σκηνοθέτης\n*[[1980]] - [[Βαγγέλης Χέλμης]], Έλληνας ποδοσφαιριστής\n*[[1985]] - [[Ρίτα Μουσούρη]], Ελληνίδα ηθοποιός\n*[[1989]] - [[Βασίλης Ανδριανόπουλος]], Έλληνας ποδοσφαιριστής\n*[[1989]] - [[Παύλος Μπακογιάννης]], Έλληνας πολιτικός\n*[[1989]] - [[Καγ Φρανκ]], Φινλανδός βιομηχανικός σχεδιαστής\n*[[1990]] - [[Βύρων Απτόσογλου]], Έλληνας εικονογράφος\n*[[1990]] - [[Αλμπέρτο Μοράβια]], Ιταλός  συγγραφέας\n*[[1993]] - [[Νίνα Μπερμπέροβα]], Ρωσίδα συγγραφέας\n*[[1993]] - [[Τζον Πένελ]], Αμερικανός αθλητής\n*[[2006]] - [[Μπάιρον Νέλσον]], Αμερικανός γκόλφερ\n*[[2008]] - [[Πωλ Νιούμαν]], Αμερικανός ηθοποιός\n*[[2010]] - [[Γκλόρια Στιούαρτ]], Αμερικανίδα ηθοποιός και ζωγράφος\n*2021-[[wikidata:Q108701366|Κώστας Καραμηνάς]] Έλληνας πολιτικός και ΝΔ\n\n== Αργίες και εορτές ==\n* [[Ευρωπαϊκή Ημέρα Γλωσσών]] ([[Συμβούλιο της Ευρώπης]] και [[Ευρωπαϊκή Ένωση]])\n* [[Παγκόσμια Ημέρα Ναυτιλίας]]\n\n=== [[Ορθόδοξη Εκκλησία]] ===\n{{Πύλη:Ορθοδοξία/Εορτολόγιο/26 Σεπτεμβρίου}}\n\n{{Μήνες}}\n\n[[Κατηγορία:Ημέρες του έτους]]"}}}]}]}}