{"batchcomplete":true,"query":{"normalized":[{"fromencoded":false,"from":"26_Ιουλίου","to":"26 Ιουλίου"}],"pages":[{"pageid":2872,"ns":0,"title":"26 Ιουλίου","revisions":[{"slots":{"main":{"contentmodel":"wikitext","contentformat":"text/x-wiki","content":"{{χωρίς παραπομπές|16|01|2022}}\n\n{{Μήνες Ιουλίου}}\n\n<center>[[25 Ιουλίου]] | '''26 Ιουλίου''' | [[27 Ιουλίου]]</center>\n\n----\nΗ '''26η Ιουλίου''' είναι η 207η ημέρα του έτους κατά το [[Γρηγοριανό ημερολόγιο]] (208η σε δίσεκτα έτη). Υπολείπονται 158 ημέρες.\n\n{{ΗμερολόγιοΣεΠίνακα|7}}\n\n== Γεγονότα ==\n*[[657]] - Στρατεύματα με επικεφαλής τον [[Αλί ιμπν Αμπού Τάλιμπ]] συγκρούονται με εκείνα του [[Μωαβίας Α΄|Μωαβία Α΄]] στη μάχη του Σιφίν.\n*[[811]] - Ο [[Βυζαντινή Αυτοκρατορία|Βυζαντινός αυτοκράτορας]] [[Νικηφόρος Α´]] σκοτώνεται και ο γιος του [[Σταυράκιος]] τραυματίζεται στη μάχη της Πλίσκας εναντίον των [[Βούλγαροι|Βουλγάρων]].\n*[[920]] - Μία συμμαχία χριστιανικών στρατευμάτων από τη [[Ναβάρρα]] και τη [[Λεόν (Ισπανία)]] κατατροπώνεται από τους μουσουλμάνους στη [[Παμπλόνα]].\n*[[1469]] - [[Πόλεμος των Ρόδων]]: Διεξάχεται η μάχη του Έντζκοτ Μουρ μεταξύ των δυνάμεων του Ρίτσαρντ Νέβιλ, 16ου κόμη του Γουόρικ, και εκείνων του [[Εδουάρδος Δ΄ της Αγγλίας|Εδουάρδου Δ΄ της Αγγλίας]].\n*[[1529]] - Ο [[Ισπανία|Ισπανός]] κατακτητής [[Φρανθίσκο Πιθάρρο]] ορίζεται κυβερνήτης του [[Περού]].\n*[[1581]] - Οι βόρειες [[Κάτω Χώρες (περιοχή)|Κάτω Χώρες]] κηρύσσουν την ανεξαρτησία τους από τον βασιλιά [[Φίλιππος Β΄ της Ισπανίας|Φίλιππο Β΄ της Ισπανίας]].\n*[[1703]] - Κατά τη διάρκεια του [[Πόλεμος της Ισπανικής Διαδοχής|πολέμου της Ισπανικής διαδοχής]], ο αγροτικός πληθυσμός του [[Τιρόλο (δήμος)|Τιρόλου]] απωθεί τον Βαυαρό πρίγκιπα-εκλέκτορα [[Μαξιμιλιανός Β΄ Εμμανουήλ της Βαυαρίας|Μαξιμιλιανό Β΄ Εμμανουήλ]] έξω από το βόρειο Τιρόλο και έτσι εμποδίζει τον βαυαρικό στρατό, ο οποίος ήταν σύμμαχος με τη [[Ιστορία της Γαλλίας|Γαλλία]], να κατευθυνθεί, όπως σχεδίαζε, προς τη [[Βιέννη]]. \n*[[1745]] - Λαμβάνει χώρα κοντά στο [[Γκίλντφορντ]] της [[Αγγλία]]ς ο πρώτος καταγεγραμμένος αγώνας [[κρίκετ]] γυναικών.\n*[[1775]] - Ο [[Βενιαμίν Φραγκλίνος]] γίνεται γενικός διευθυντής των ταχυδρομείων των [[Ηνωμένες Πολιτείες Αμερικής|Ηνωμένων Πολιτειών]].\n*[[1788]] - Η [[Νέα Υόρκη (πολιτεία)]] επικυρώνει το Σύνταγμα των Ηνωμένων Πολιτειών και γίνεται η 11η πολιτεία των [[Ηνωμένες Πολιτείες Αμερικής|Η.Π.Α.]]\n*[[1822]] - Ο [[Χοσέ ντε Σαν Μαρτίν]] φτάνει στο [[Γουαγιακίλ]], στον [[Ισημερινός (χώρα)|Ισημερινό]], για να συναντηθεί με τον [[Σιμόν Μπολίβαρ]]. \n*[[1822]] - [[Μάχη των Δερβενακίων]]: [[Ελληνική Επανάσταση του 1821|Ελληνική επαναστατική]] δύναμη με επικεφαλής τον [[Θεόδωρος Κολοκοτρώνης|Θεόδωρο Κολοκοτρώνη]] νικά τις [[Οθωμανική Αυτοκρατορία|οθωμανικές]]δυνάμεις του [[Μαχμούτ Πασάς Δράμαλης|Μαχμούτ Πασά Δράμαλη]].\n*[[1847]] - Η [[Λιβερία]] ανακηρύσσει την ανεξαρτησία της.\n*[[1861]] - [[Αμερικανικός Εμφύλιος Πόλεμος]]: Ο Τζορτζ Μακλέλαν αναλαμβάνει τη διοίκηση της στρατιάς του Ποτόμακ μετά την καταστροφική ήττα της [[Στρατός της Ένωσης|Ένωσης]] στην Πρώτη Μάχη του Μανάσας.\n*[[1882]] - Κάνει πρεμιέρα στο [[Μπαϊρόιτ]] η όπερα ''[[Πάρσιφαλ (όπερα)|Πάρσιφαλ]]'' του [[Ρίχαρντ Βάγκνερ]]. \n*[[1887]] - Εκδίδεται το ''[[Unua Libro]]'', ιδρύοντας το κίνημα Εσπεράντο.\n*[[1891]] - Η [[Γαλλία]] προσαρτά την [[Ταϊτή]].\n*[[1908]] - Ο Γενικός Εισαγγελέας των [[Ηνωμένες Πολιτείες Αμερικής|Ηνωμένων Πολιτειών]] [[Κάρολος Ιωσήφ Βοναπάρτης]] εκδίδει διαταγή για την άμεση στελέχωση του Γραφείου Ερευνών (που αργότερα μετονομάστηκε σε [[FBI]]).\n*[[1936]] - Οι [[Άξονας Βερολίνου - Ρώμης|δυνάμεις του Άξονα]] αποφασίζουν να παρέμβουν στον [[Ισπανικός Εμφύλιος|Ισπανικό Εμφύλιο Πόλεμο]]. \n* [[1944]] - Δολοφονείται από όργανα της Ειδικής Ασφάλειας η [[Ηλέκτρα Αποστόλου]], στέλεχος του ΚΚΕ και υπέρμαχος της γυναικείας χειραφέτησης.\n* [[1953]] - Το Ελληνικό Εκστρατευτικό Σώμα Κορέας αποκρούει ισχυρή κινεζική επίθεση στην τοποθεσία Πικέιομγ Νιόγκ.\n* [[1956]] - [[Αίγυπτος]]: Ο [[Νάσερ]] σε νυκτερινή ομιλία του στην Αλεξάνδρεια σ΄ ένα πλήθος 50.000 ατόμων αναγγέλλει την εθνικοποίηση της [[Διώρυγα του Σουέζ|Διώρυγας του Σουέζ]], γεγονός που θα σηματοδοτήσει την έναρξη της [[Κρίση του Σουέζ|Κρίσης του Σουέζ]].\n*[[1963]] - [[Σεισμός των Σκοπίων (1963)|Σεισμός στα Σκόπια]] ([[Γιουγκοσλαβία]]) με απολογισμό 1.100 νεκρούς.\n*[[1963]] - 23 άτομα χάνουν τη ζωή τους, όταν ανατρέπεται στη λίμνη [[Αμβρακία]] μηχανοκίνητη βάρκα με 35 προσκυνητές που μετέβαιναν σε πανηγύρι σε κοντινό ξωκλήσι.\n*[[2016]] - Ομηρία σε εκκλησία στη [[Νορμανδία]] της [[Γαλλία]]ς από τζιχαντιστές, στο χωριό Saint-Etienne-du Rouvray, κατά την διάρκεια της ομηρίας αποκεφάλισαν τον ιερέα.\n\n== Γεννήσεις ==\n*[[1439]] - [[Σιγισμούνδος της Βαυαρίας|Σιγισμούνδος]], δούκας της Βαυαρίας\n*[[1678]] - [[Ιωσήφ Α΄ της Αγίας Ρωμαϊκής Αυτοκρατορίας|Ιωσήφ]], αυτοκράτορας της Αγίας Ρωμαϊκής Αυτοκρατορίας\n*[[1856]] - [[Τζορτζ Μπέρναρντ Σω]], Ιρλανδός συγγραφέας\n*[[1865]] - [[Φίλιπ Σάιντεμαν]], Γερμανός πολιτικός\n*[[1875]] - [[Καρλ Γκούσταβ Γιουνγκ]], Ελβετός ψυχίατρος\n*[[1875]] - [[Αντόνιο Ματσάδο]], Ισπανός ποιητής\n*[[1885]] - [[Αντρέ Μωρουά]], Γάλλος συγγραφέας\n*[[1893]] - [[Τζορτζ Γκρος]], Γερμανός ζωγράφος\n*[[1894]] - [[Άλντους Χάξλεϋ]], Άγγλος συγγραφέας\n*[[1916]] - [[Χέρμπερτ Νόρκους]], Γερμανός μέλος της [[Νεολαία Χίτλερ|Νεολαίας Χίτλερ]]\n*[[1918]] - [[Τομάζι Κουλιμοετόκε Β΄]], βασιλιάς του Ουαλίς\n*[[1919]] - [[Τζέιμς Λάβλοκ]], Άγγλος επιστήμονας\n*[[1922]] - [[Τζέισον Ρόμπαρντς]], Αμερικανός ηθοποιός\n*[[1928]] - [[Φραντσέσκο Κοσίγκα]], Ιταλός πολιτικός\n*[[1928]] - [[Στάνλεϊ Κούμπρικ]], Αμερικανός σκηνοθέτης\n*[[1934]] - [[Γιάννης Σπανός]], Έλληνας συνθέτης\n*[[1936]] - [[Τσουτόμου Κογιάμα]], Ιάπωνας πετοσφαιριστής\n*[[1939]] - [[Τζον Χάουαρντ]], Αυστραλός πολιτικός\n*[[1940]] - [[Τόλης Βοσκόπουλος]], Έλληνας τραγουδιστής και ηθοποιός\n*[[1943]] - [[Μικ Τζάγκερ]], Άγγλος τραγουδιστής ([[The Rolling Stones]])\n*[[1944]] - [[Λουίζ Λέικ-Τακ]], γενική κυβερνήτρια των Αντίγκουα και Μπαρμπούντα\n*[[1945]] - [[Έλεν Μίρεν]], Αγγλίδα ηθοποιός\n*[[1945]] - [[Παναγιώτης Πικραμμένος]], Έλληνας δικαστικός\n*[[1947]] - [[Στήβεν Σόντερς]], Άγγλος διπλωμάτης\n*[[1949]] - [[Ρότζερ Τέιλορ]], Άγγλος μουσικός ([[Queen]])\n*[[1955]] - [[Ασίφ Αλί Ζαρντάρι]], Πακιστανός πολιτικός\n*[[1959]] - [[Κέβιν Σπέισι]], Αμερικανός ηθοποιός\n*[[1961]] - [[Δημήτρης Σαραβάκος]], Έλληνας ποδοσφαιριστής\n*[[1964]] - [[Σάντρα Μπούλοκ]], Αμερικανίδα ηθοποιός\n*[[1967]] - [[Τζέισον Στέιθαμ]], Άγγλος ηθοποιός\n*[[1974]] - [[Ντάνιελ Νεγκρεάνου]], Καναδός παίκτης του πόκερ\n*[[1983]] - [[Ρόντερικ Στρονγκ]], Αμερικανός παλαιστής\n*[[1984]] - [[Κυριάκος Ιωάννου]], Κύπριος αθλητής\n*[[1986]] - [[Μιχάλης Λεβεντογιάννης]], Έλληνας ηθοποιός\n*[[1987]] - [[Μαρίνος Κόνσολος]], Κύπριος ηθοποιός\n*[[1989]] - [[Αρετή Κετιμέ]], Ελληνίδα τραγουδίστρια και μουσικός\n*[[1993]] - [[Ελίζαμπεθ Γκίλλις]], Αμερικανίδα ηθοποιός\n*[[1993]] - [[Τέιλορ Μόμσεν]], Αμερικανίδα τραγουδίστρια και ηθοποιός\n\n== Θάνατοι ==\n*[[146]] - [[Αυτοκράτορας Τσίτι των Χαν]]\n*[[796]] - [[Όφα της Μερκίας|Όφα]], βασιλιάς της Μερκίας\n*[[811]] - [[Νικηφόρος Α´]], Βυζαντινός αυτοκράτορας\n*[[1330]] - [[Ευφημία της Πομερανίας]], βασίλισσα της Δανίας\n*[[1471]] - [[Πάπας Παύλος Β΄]]\n*[[1630]] - [[Κάρολος Εμμανουήλ Α΄ της Σαβοΐας|Κάρολος Εμμανουήλ Α΄]], δούκας της Σαβοΐας\n*[[1817]] - [[Καραγιώργης Πέτροβιτς]], Σέρβος επαναστάτης\n*[[1863]] - [[Σαμ Χιούστον]], Αμερικανός στρατιωτικός και πολιτικός\n*[[1867]] - [[Όθων Α΄ της Ελλάδας|Όθων Α΄]], βασιλιάς της Ελλάδας\n*[[1919]] - [[Έντουαρντ Πόυντερ]], Βρετανός ζωγράφος\n*[[1925]] - [[Γκότλομπ Φρέγκε]], Γερμανός μαθηματικός και φιλόσοφος\n*[[1930]] - [[Παύλος Καρολίδης]], Έλληνας ιστορικός\n*[[1937]] - [[Πολύβιος Κορύλλος]], Έλληνας ιατρός\n*[[1940]] - [[Γεώργιος Παπανδρέου (ιστορικός)|Γεώργιος Παπανδρέου]], Έλληνας ιστορικός\n*[[1952]] - [[Εβίτα Περόν]], Αργεντινή πολιτικός\n*[[1953]] - [[Νικόλαος Πλαστήρας]], Έλληνας στρατιωτικός και πολιτικός\n*[[1957]] - [[Αρχιεπίσκοπος Δωρόθεος|Δωρόθεος]], αρχιεπίσκοπος Αθηνών και πάσης Ελλάδος\n*[[1957]] - [[Ιωάννης Καλογεράς]], Έλληνας στρατιωτικός και πολιτικός\n*[[1960]] - [[Μωντ Μέντεν]], Καναδή βιοχημικός\n*[[1963]] - [[Πέτρος Ιακώβου]], Έλληνας πολιτικός\n*[[1971]] - [[Ντιάν Άρμπους]], Αμερικανίδα φωτογράφος\n*[[1973]] - [[Κωνσταντίνος Γεωργακόπουλος]], Έλληνας νομικός και πολιτικός\n*[[1976]] - [[Στέφανος Νάτσινας]], Έλληνας πολιτικός\n*[[1976]] - [[Τάκης Παπατσώνης]], Έλληνας ποιητής και ακαδημαϊκός\n*[[1978]] - [[Νίκος Κιτσίκης]], Έλληνας πολιτικός\n*[[1992]] - [[Τζένη Καρέζη]], Ελληνίδα ηθοποιός\n*[[1994]] - [[Τώνια Μαρκετάκη]], Ελληνίδα σκηνοθέτρια\n*[[1999]] - [[Φαίδων Γκιζίκης]], Έλληνας στρατιωτικός και πολιτικός\n*[[2006]] - [[Αρχιεπίσκοπος Κρήτης Τιμόθεος]]\n*[[2019]] - [[Χριστόφορος Λιοντάκης]], Έλληνας ποιητής\n\n== Αργίες και εορτές ==\n=== [[Ορθόδοξη Εκκλησία]] ===\n{{Πύλη:Ορθοδοξία/Εορτολόγιο/26 Ιουλίου}}\n\n{{Μήνες}}\n\n[[Κατηγορία:Ημέρες του έτους]]"}}}]}]}}