{"batchcomplete":true,"query":{"normalized":[{"fromencoded":false,"from":"26_Νοεμβρίου","to":"26 Νοεμβρίου"}],"pages":[{"pageid":3580,"ns":0,"title":"26 Νοεμβρίου","revisions":[{"slots":{"main":{"contentmodel":"wikitext","contentformat":"text/x-wiki","content":"{{Μήνες Νοεμβρίου}}\n\n<center>[[25 Νοεμβρίου]] | '''26 Νοεμβρίου''' | [[27 Νοεμβρίου]]</center>\n\n----\nΗ '''26η Νοεμβρίου''' είναι η 330η ημέρα του έτους κατά το [[Γρηγοριανό ημερολόγιο]] (331η σε δίσεκτα έτη). Υπολείπονται 35 ημέρες.\n\n{{ΗμερολόγιοΣεΠίνακα|11}}\n\n==Γεγονότα==\n*[[1778]] - Ο [[Τζέιμς Κουκ]] γίνεται ο πρώτος [[Ευρώπη|Ευρωπαίος]] που αντικρίζει το νησί [[Μάουι]] στη [[Χαβάη]].\n*[[1865]] - Μία [[Χιλή|χιλιανή]] κορβέτα νικά μία σκούνα του [[Ισπανία|ισπανικού]] ναυτικού βόρεια του [[Βαλπαραΐσο]] στη Χιλή.\n*[[1917]] - Η εφημερίδα ''[[The Guardian]]'' δημοσιεύει τη μυστική [[συμφωνία Σάικς–Πικό]] του [[1916]] μεταξύ του [[Ηνωμένο Βασίλειο|Ηνωμένου Βασιλείου]] και της [[Γαλλία]]ς. \n*[[1917]] - Οργανώνεται το [[National Hockey League]] με τη συμμετοχή των ομάδων [[Μόντρεαλ Κανάντιενς]], Montreal Wanderers, Ottawa Senators, Quebec Bulldogs και Toronto Arenas.\n*[[1918]] - Η Εθνοσυνέλευση της [[Ποντγκόριτσα]] αποφασίζει την ένωση του [[Μαυροβούνιο|Μαυροβουνίου]] με τη [[Σερβία]].\n*[[1922]] - Ο [[Χάουαρντ Κάρτερ]] γίνεται ο πρώτος άνθρωπος που εισέρχεται στον τάφο του [[φαραώ]] [[Τουταγχαμών]] μετά από 3.000 χρόνια.\n*[[1939]] - Βομβαρδισμός στο χωριό Μαϊνίλα: Ο [[Σοβιετικός Στρατός]] ενορχηστρώνει ένα περιστατικό, το οποίο χρησιμοποιείται για να δικαιολογήσει την έναρξη του [[Σοβιετοφινλανδικός πόλεμος του 1939|Χειμερινού πολέμου]] με τη [[Φινλανδία]] τέσσερις ημέρες αργότερα. \n*[[1942]] - Κάνει πρεμιέρα στη [[Νέα Υόρκη]] η ταινία ''[[Καζαμπλάνκα (ταινία)|Καζαμπλάνκα]]'', με τους [[Χάμφρεϊ Μπόγκαρτ]] και [[Ίνγκριντ Μπέργκμαν]].  \n*[[1943]] - Οι [[Ναζιστική Γερμανία|γερμανικές]] δυνάμεις κατοχής [[Εκτέλεση στο Μονοδένδρι Λακωνίας|εκτελούν]] 118 Έλληνες ομήρους στο Μονοδένδρι Λακωνίας.\n*[[1965]] - Η [[Γαλλία]] εκτοξεύει από το Χαμαγκίρ τον πύραυλο Diamant-A που φέρει τον πρώτο της [[Τεχνητός δορυφόρος|δορυφόρο]], [[Αστερίξ (δορυφόρος)|Αστερίξ]].\n*[[1970]] - Έκρηξη βόμβας στο άγαλμα του [[Χάρυ Τρούμαν]], στην [[Αθήνα]], ενώ δύο άλλες βόμβες, στους ραδιοθαλάμους του [[Εθνικό Ίδρυμα Ραδιοφωνίας|Εθνικού Ιδρύματος Ραδιοφωνίας]] (ΕΙΡ) και στο [[Ζάππειον Μέγαρο|Ζάππειο]], εξουδετερώνονται πριν εκραγούν. Οι βόμβες αποδίδονται στις αντιστασιακές οργανώσεις Δημοκρατική Άμυνα και [[Πανελλήνιο Απελευθερωτικό Κίνημα]] (ΠΑΚ), ενώ το καθεστώς απαντά με κύμα συλλήψεων. Μεταξύ των συλληφθέντων είναι οι [[Ευάγγελος Γιαννόπουλος]], Αναστάσιος Τάλμποτ Κεφαλληνός, [[Βασίλης Ιντζές]], [[Τάκης Παπαγεωργόπουλος]], Θεόδωρος και [[Νικόλαος Βγενόπουλος]], [[Δημήτρης Ραυτόπουλος]] κ.ά. \n*[[1976]] - Κυκλοφορεί το \"[[Anarchy in the U.K.]]\", το πρώτο single των [[Sex Pistols]].\n*[[1999]] - [[Σεισμός]] μεγέθους 7,4 βαθμών της κλίμακας Ρίχτερ χτυπά το [[Βανουάτου]] και ακολουθεί καταστροφικό τσουνάμι. Δέκα άνθρωποι σκοτώνονται και σαράντα τραυματίζονται.\n*[[2003]] - Το [[Κονκόρντ]] πραγματοποιεί την τελευταία του πτήση στο [[Μπρίστολ]] της [[Αγγλία]]ς.\n\n==Γεννήσεις==\n*[[1188]] - [[Γιούρι Β΄ του Βλαντίμιρ|Γιούρι Β΄]], μέγας πρίγκιπας του Βλαντίμιρ\n*[[1374]] - [[Γιούρι του Ζβενίγκοροντ]], μέγας πρίγκιπας της Μόσχας\n*[[1401]] - [[Ερρίκος Μπωφόρ, 2ος κόμης του Σόμερσετ]]\n*[[1581]] - [[Φρειδερίκος του Σλέσβιχ-Χόλσταϊν-Σόντερμπουργκ-Νόρμπουργκ|Φρειδερίκος]], δούκας του Σλέσβιχ-Χόλσταϊν-Σόνντερμπουρκ-Νόρμπουρκ\n*[[1609]] - [[Ερριέττα Μαρία της Γαλλίας]], βασίλισσα της Αγγλίας\n*[[1857]] - [[Φερντινάντ ντε Σωσσύρ]], Ελβετός γλωσσολόγος\n*[[1857]] - [[Μιχαήλ Σαβόφ]], Βούλγαρος στρατιωτικός\n*[[1861]] - [[Ιωάννης Βελισσαρίου]], Έλληνας στρατιωτικός\n*[[1885]] - [[Χάινριχ Μπρύνιγκ]], Γερμανός πολιτικός\n*[[1894]] - [[Νόρμπερτ Βίνερ]], Αμερικανός μαθηματικός\n*[[1904]] - [[Εμμανουήλ Κοθρής]], Έλληνας πολιτικός\n*[[1906]] - [[Μιχαήλ Χατζηκωνσταντής]], Έλληνας στρατιωτικός\n*[[1909]] - [[Ευγένιος Ιονέσκο]], Ρουμάνος θεατρικός συγγραφέας\n*[[1911]] - [[Σαβίνο Γκουλιελμέτι]], Ιταλός γυμναστής\n*[[1917]] - [[Κάσιο Ταντάο]], Ιάπωνας επιχειρηματίας\n*[[1926]] - [[Πάνος Γαβαλάς]], Έλληνας τραγουδιστής\n*[[1927]] - [[Νίκος Φώσκολος]], Έλληνας σκηνοθέτης και σεναριογράφος\n*[[1932]] - [[Γιώργος Χουρμουζιάδης]], Έλληνας αρχαιολόγος και ακαδημαϊκός\n*[[1933]] - [[Πουντσαγκίν Τζασράι]], Μογγόλος πολιτικός\n*[[1939]] - [[Αμπντουλάχ Αχμέτ Μπαντάουι]], Μαλαισιανός πολιτικός\n*[[1948]] - [[Γκαλίνα Προζουμεντσίκοβα]], Σοβιετική κολυμβήτρια\n*[[1948]] - [[Κρέζιμιρ Τσόσιτς]], Κροάτης καλαθοσφαιριστής\n*[[1951]] - [[Σουλεϊμάν Τίχιτς]], Βόσνιος πολιτικός\n*[[1951]] - [[Τσιτσιολίνα]], Ουγγαρέζα πορνογραφική ηθοποιός και πολιτικός\n*[[1954]] - [[Βελουπιλάι Πραμπακαράν]], ηγέτης των Ταμίλ\n*[[1970]] - [[Τζον Αμίτσι]], Άγγλος καλαθοσφαιριστής\n*[[1973]] - [[Γιώργος Καπελάκης]], Έλληνας κολυμβητής\n*[[1986]] - [[Κώστας Φιλιππίδης]], Έλληνας αθλητής\n*[[1987]] - [[Γιώργος Τζαβέλλας (ποδοσφαιριστής)|Γιώργος Τζαβέλλας]], Έλληνας ποδοσφαιριστής\n*[[1990]] - [[Ρίτα Όρα]], Βρετανή τραγουδίστρια\n\n==Θάνατοι==\n*[[399]] - [[Πάπας Σιρίκιος]]\n*[[998]] - [[Όσιος Νίκων ο «Μετανοείτε»]], Βυζαντινός μοναχός\n*[[1504]] - [[Ισαβέλλα Α΄ της Καστίλης|Ισαβέλλα Α΄]], βασίλισσα της Καστίλης\n*[[1516]] - [[Τζοβάνι Μπελλίνι]], Ιταλός ζωγράφος\n*[[1851]] - [[Ζαν Σουλτ]], Γάλλος στρατάρχης\n*[[1855]] - [[Άνταμ Μιτσκιέβιτς]], Πολωνός ποιητής\n*[[1857]] - [[Γιόζεφ φον Άιχεντορφ]], Γερμανός ποιητής\n*[[1912]] - [[Ιωακείμ Γ΄ Μεγαλοπρεπής]], Πατριάρχης Κωνσταντινουπόλεως\n*[[1928]] - [[Ράινχαρντ Σέερ]], Γερμανός ναύαρχος\n*[[1981]] - [[Μαξ Όυβε]], Ολλανδός σκακιστής\n*[[1982]] - [[Γιούχαν Άαβικ]], Εσθονός συνθέτης\n*[[1983]] - [[Στρατής Δούκας]], Έλληνας συγγραφέας και ζωγράφος\n*[[1987]] - [[Τζόι Πωλ Γκίλφορντ]], Αμερικανός ψυχολόγος\n*[[1989]] - [[Αχμέτ Αμπνταλά]], πολιτικός από τις Κομόρες\n*[[1990]] - [[Κωνσταντίνος Γκολφινόπουλος]], Έλληνας πολιτικός\n*[[1996]] - [[Πολ Ραντ (σχεδιαστής γραφικών)|Πολ Ραντ]], Αμερικανός σχεδιαστής γραφικών\n*[[2008]] - [[Έντνα Πάρκερ]], Αμερικανίδα υπεραιωνόβια\n*[[2008]] - [[Γιώργης Παυλόπουλος]], Έλληνας ποιητής\n*[[2009]] - [[Δημήτρης Βράσκος]], Έλληνας βιολιστής\n*[[2021]] -[[Παύλος Τούτουζας]] Έλληνας καρδιολόγος\n\n==Αργίες και εορτές==\n{{Πύλη:Ορθοδοξία/Εορτολόγιο/26 Νοεμβρίου}}\n\n[[Κατηγορία:Ημέρες του έτους]]"}}}]}]}}