{"batchcomplete":true,"query":{"normalized":[{"fromencoded":false,"from":"26_Μαΐου","to":"26 Μαΐου"}],"pages":[{"pageid":1859,"ns":0,"title":"26 Μαΐου","revisions":[{"slots":{"main":{"contentmodel":"wikitext","contentformat":"text/x-wiki","content":"{{Μήνες Μαΐου}}\n\n<center>[[25 Μαΐου]] | '''26 Μαΐου''' | [[27 Μαΐου]]</center>\n\n----\nΗ '''26η Μαΐου''' είναι η 146η ημέρα του έτους κατά το [[Γρηγοριανό ημερολόγιο]] (147η σε δίσεκτα έτη).  Υπολείπονται 219 ημέρες.\n\n{{ΗμερολόγιοΣεΠίνακα|5}}\n\n== Γεγονότα ==\n*[[17]] - Ο [[Γερμανικός]] επιστρέφει θριαμβευτικά στη [[Αρχαία Ρώμη|Ρώμη]] ως ήρωας, έπειτα από τη νίκη του εναντίον των [[Χερούσκοι|Χερούσκων]], των [[Χάττες|Χάττων]] και άλλων [[Γερμανικά φύλα|γερμανικών φύλων]] δυτικά του [[Έλβας|Έλβα]].\n*[[451]] - Λαμβάνει χώρα η μάχη του Βαρτανάντζ μεταξύ της [[Αυτοκρατορία των Σασσανιδών|αυτοκρατορίας των Σασσανιδών]] και των [[Αρμενία|Αρμένιων]] επαναστατών. Η αυτοκρατορία νικά στρατιωτικά τους Αρμένιους αλλά τους εγγυάται την ελευθερία να ασκούν ανοικτά το [[Χριστιανισμός|Χριστιανισμό]].  \n*[[946]] - Ο βασιλιάς [[Εδμόνδος Α΄ της Αγγλίας]] δολοφονείται από έναν ληστή.\n*[[961]] - Ο βασιλιάς [[Όθων Α΄ της Γερμανίας]] αναδεικνύει τον 6χρονο γιο του, [[Όθων Β΄ της Γερμανίας|Όθωνα Β΄]], ως κληρονόμο και συγκυβερνήτη της [[Ανατολική Φραγκία|Ανατολικής Φραγκίας]]. Στέφεται στο [[Άαχεν]] και τίθεται υπό την κηδεμονία της γιαγιάς του, Ματθίλδης. \n*[[1135]] - Ο [[Αλφόνσος Ζ΄ του Λεόν και της Καστίλης]] στέφεται στον καθεδρικό του [[Λεόν (Ισπανία)|Λεόν]] ως ''Imperator totius Hispaniae (αυτοκράτορας ολόκληρης της Ισπανίας)''.\n*[[1328]] - Ο [[Γουλιέλμος του Όκαμ]] και άλλοι [[Τάγμα των Φραγκισκανών|Φραγκισκανοί]] ηγέτες φεύγουν κρυφά από την [[Αβινιόν]], φοβούμενοι ότι θα καταδικαστούν σε θάνατο από τον [[Πάπας Ιωάννης ΚΒ΄|Πάπα Ιωάννη ΚΒ΄]]. \n*[[1805]] - Ο [[Ναπολέων Α΄]] στέφεται [[Κατάλογος βασιλέων της Ιταλίας|βασιλιάς της Ιταλίας]] στο [[Ντουόμο του Μιλάνου]].\n*[[1821]] - Ίδρυση της [[Πελοποννησιακή Γερουσία|Πελοποννησιακής Γερουσίας]] από τους [[Ελληνική Επανάσταση του 1821|Έλληνες επαναστάτες]].\n*[[1826]] - Ηρωική έξοδος [[Έλληνες|Ελλήνων]] [[Ελληνική Επανάσταση του 1821|αγωνιστών]] κατά την [[πολιορκία της Βαρνάκοβας]].\n*[[1830]] - Η [[Βουλή των Αντιπροσώπων (ΗΠΑ)|Βουλή των Αντιπροσώπων των Ηνωμένων Πολιτειών]] ψηφίζει νόμο για τη μετακίνηση των Ινδιάνων, ο οποίος υπογράφεται από τον [[Πρόεδρος των Ηνωμένων Πολιτειών|πρόεδρο των Η.Π.Α.]], [[Άντριου Τζάκσον]], δύο ημέρες αργότερα.\n*[[1864]] - Η [[Μοντάνα]] γίνεται περιοχή των [[Ηνωμένες Πολιτείες Αμερικής|Ηνωμένων Πολιτειών]].\n*[[1869]] - Υπογράφεται το ιδρυτικό καταστατικό του [[Πανεπιστήμιο της Βοστώνης|Πανεπιστημίου της Βοστώνης]] στη [[Μασαχουσέτη]].\n*[[1896]] - Ο [[Νικόλαος Β΄ της Ρωσίας|Νικόλαος Β΄]] στέφεται [[τσάρος]] της [[Ρωσική Αυτοκρατορία|Ρωσικής αυτοκρατορίας]].\n*[[1897]] - Εκδίδεται ο ''[[Δράκουλας (βιβλίο)|Δράκουλας]]'', μυθιστόρημα του [[Ιρλανδία|Ιρλανδού]] συγγραφέα [[Μπραμ Στόκερ]].\n*[[1916]] - Παραδίδεται αμαχητί η Ανατολική Μακεδονία στις γερμανο-βουλγαρικές δυνάμεις, με απόφαση της φιλοβασιλικής [[Κυβέρνηση Στέφανου Σκουλούδη 1915|Κυβέρνησης Σκουλούδη]], του αναπληρωτή επιτελάρχη Στρατού [[Ιωάννης Μεταξάς|Ιωάννη Μεταξά]], με τη σύμφωνη γνώμη του φιλογερμανού [[Κωνσταντίνος Α΄ της Ελλάδας|βασιλιά Κωνσταντίνου Α΄]] και έτσι ακολουθεί η [[Β΄ Βουλγαρική Κατοχή της Ανατολικής Μακεδονίας]] (1916-1918).\n*[[1938]] - Ιδρύεται στις [[Ηνωμένες Πολιτείες Αμερικής]] η [[Επιτροπή Αντιαμερικανικών Δραστηριοτήτων]].\n*[[2018]] - Η [[Ρεάλ Μαδρίτης]] νικά με 3-1 την [[Λίβερπουλ ΦΚ]]  στο [[Κίεβο]] και κατακτά το 13ο τρόπαιό της στο [[ΟΥΕΦΑ Τσάμπιονς Λιγκ]].\n\n== Γεννήσεις ==\n*[[1478]] - [[Πάπας Κλήμης Ζ΄]]\n*[[1566]] - [[Μωάμεθ Γ΄]], Οθωμανός σουλτάνος\n*[[1602]] - [[Φιλίπ ντε Σαμπέν]], Γάλλος ζωγράφος\n*[[1667]] - [[Αβραάμ ντε Μουάβρ]], Γάλλος μαθηματικός\n*[[1867]] - [[Μαίρη του Τεκ]], βασίλισσα του Ηνωμένου Βασιλείου\n*[[1874]] - [[Ανρί Φαρμάν]], Γάλλος αεροπόρος\n*[[1894]] - [[Πολ Λούκας]], Ούγγρος ηθοποιός\n*[[1907]] - [[Τζον Γουέιν]], Αμερικανός ηθοποιός\n*[[1909]] - [[Ματ Μπάσμπι]], Σκωτσέζος ποδοσφαιριστής και προπονητής\n*[[1910]] - [[Ίμι Λίχτενφελντ]], Ούγγρος αθλητής πολεμικών τεχνών\n*[[1914]] - [[Τζέφρι Άνσγουορθ]], Άγγλος κινηματογραφιστής\n*[[1917]] - [[Αντώνης Χριστοφορίδης]], Έλληνας πυγμάχος\n*[[1926]] - [[Μάιλς Ντέιβις]], Αμερικανός μουσικός\n*[[1947]] - [[Γιώργος Γεωργίου (αθλητικογράφος)|Γιώργος Γεωργίου]], Έλληνας αθλητικογράφος\n*[[1954]] - [[Άλαν Χόλινγκχερστ]], Άγγλος συγγραφέας\n*[[1959]] - [[Φάμπιο Μπεράρντι]], πολιτικός από τον Άγιο Μαρίνο\n*[[1964]] - [[Λέννυ Κράβιτζ]], Αμερικανός τραγουδοποιός\n*[[1964]] - [[Αργύρης Πεδουλάκης]], Έλληνας καλαθοσφαιριστής και προπονητής\n*[[1966]] - [[Έλενα Μπόναμ Κάρτερ]], Αγγλίδα ηθοποιός\n*[[1968]] - [[Πρίγκιπας Φρειδερίκος της Δανίας]]\n*[[1977]] - [[Λούκα Τόνι]], Ιταλός ποδοσφαιριστής\n*[[1977]] - [[Νίκος Χατζηβρέττας]], Έλληνας καλαθοσφαιριστής\n*[[1981]] - [[Ειρήνη Μερκούρη]], Ελληνίδα τραγουδίστρια\n*[[1985]] - [[Γιώργος Παπαδόπουλος (τραγουδιστής)|Γιώργος Παπαδόπουλος]], Κύπριος τραγουδιστής \n*[[1985]] - [[Μόνικα]], Ελληνίδα τραγουδοποιός\n\n== Θάνατοι ==\n*[[451]] - [[Βαρντάν Μαμικονιάν]], Αρμένιος στρατιωτικός\n*[[735]] - [[Βέδας]], Άγγλος ιστορικός και θεολόγος\n*[[946]] - [[Εδμόνδος Α΄ της Αγγλίας|Εδμόνδος Α΄]], βασιλιάς της Αγγλίας\n*[[1250]] - [[Πέτρος Α΄ της Βρετάνης|Πέτρος Α΄]], δούκας της Βρετάνης\n*[[1421]] - [[Μωάμεθ Α΄]], Οθωμανός σουλτάνος\n*[[1512]] - [[Βαγιαζίτ Β΄]], Οθωμανός σουλτάνος\n*[[1906]] - [[Καρλ Μπεργκ (βιομήχανος)|Καρλ Μπεργκ]], Γερμανός βιομήχανος\n*[[1934]] - [[Αλφόνσος των Βουρβόνων-Δύο Σικελιών (1841-1934)|Αλφόνσος]], κόμης της Καζέρτα\n*[[1944]] - [[Κρίστιαν Βιρτ]], Γερμανός αξιωματικός των SS\n*[[1955]] - [[Αλμπέρτο Ασκάρι]], Ιταλός οδηγός αγώνων\n*[[1958]] - [[Κονσταντίν Καντακουζηνός (πιλότος)|Κονσταντίν Καντακουζηνός]], Ρουμάνος αεροπόρος\n*[[1963]] - [[Κωνσταντίνος Βέης]], Έλληνας χημικός και ακαδημαϊκός\n*[[1973]] - [[Καρλ Λέβιτ]], Γερμανός φιλόσοφος\n*[[1976]] - [[Μάρτιν Χάιντεγκερ]], Γερμανός φιλόσοφος\n*[[1978]] - [[Κυβέλη (ηθοποιός)|Κυβέλη]], Ελληνίδα ηθοποιός\n*[[1979]] - [[Τζορτζ Μπρεντ]], Ιρλανδός ηθοποιός\n*[[1981]] - [[Τάκης Κατσικόπουλος]], Έλληνας δικηγόρος και πολιτικός\n*[[1982]] - [[Τζέιμς Πάρις]], Έλληνας κινηματογραφικός παραγωγός\n*[[1954]] - [[Ομέρ Νισάνι]], Αλβανός πολιτικός\n*[[1997]] - [[Χρήστος Κατσιγιάννης]], Έλληνας πολιτικός\n*[[1998]] - [[Μίνως Αργυράκης]], Έλληνας ζωγράφος\n*[[2005]] - [[Σανγκουλέ Λαμιζανά]], στρατιωτικός και πολιτικός από την Μπουρκίνα Φάσο\n*[[2006]] - [[Άννα Σικελιανού]], Ελληνίδα συγγραφέας\n*[[2006]] - [[Θεόφιλος Ζαφειρόπουλος]], Έλληνας πολιτικός\n*[[2008]] - [[Σίντνεϊ Πόλακ]], Αμερικανός σκηνοθέτης\n*[[2009]] - [[Μιχάλης Παπαγιαννάκης]], Έλληνας πολιτικός\n*[[2011]] - [[Στάνισλος Α. Τζέιμς]], γενικός κυβερνήτης της Αγίας Λουκίας\n*[[2015]] - [[Ρόμπερτ Κραφτ (αστρονόμος)|Ρόμπερτ Κραφτ]], Αμερικανός αστρονόμος\n*[[2021]] - Γιώργος Δρίζος Έλληνας ζωγράφος\n\n== Αργίες και εορτές ==\n=== [[Ορθόδοξη Εκκλησία]] ===\n{{Πύλη:Ορθοδοξία/Εορτολόγιο/26 Μαΐου}}\n\n{{Μήνες}}\n\n[[Κατηγορία:Ημέρες του έτους]]"}}}]}]}}