{"batchcomplete":true,"query":{"normalized":[{"fromencoded":false,"from":"27_Μαρτίου","to":"27 Μαρτίου"}],"pages":[{"pageid":1548,"ns":0,"title":"27 Μαρτίου","revisions":[{"slots":{"main":{"contentmodel":"wikitext","contentformat":"text/x-wiki","content":"{{χωρίς παραπομπές|31|03|2004}}\n\n{{Μήνες Μαρτίου}}\n\n<center>[[26 Μαρτίου]] | '''27 Μαρτίου''' | [[28 Μαρτίου]]</center>\n\n----\nΗ '''27η Μαρτίου''' είναι η 86η ημέρα του έτους κατά το [[Γρηγοριανό ημερολόγιο]]. Υπολείπονται 279 ημέρες.\n\n{{ΗμερολόγιοΣεΠίνακα|3}}\n\n== Γεγονότα ==\n*[[1309]] - Ο [[Πάπας Κλήμης Ε΄]] αφορίζει τη [[Βενετία]] και όλους τους κατοίκους της.\n*[[1513]] - Ο [[Ισπανία|Ισπανός]] εξερευνητής [[Χουάν Πόνθε ντε Λεόν]] φτάνει στις [[Μπαχάμες]] στο πρώτο του ταξίδι προς τη [[Φλόριντα]].\n*[[1625]] - Ο [[Κάρολος Α΄ της Αγγλίας|Κάρολος Α΄]] γίνεται βασιλιάς της [[Αγγλία]]ς, της [[Σκωτία]]ς και της [[Ιρλανδία]]ς, ενώ διεκδικεί και τον τίτλο του βασιλιά της [[Γαλλία]]ς.\n*[[1794]] - Η [[Ομοσπονδιακή κυβέρνηση των ΗΠΑ|κυβέρνηση των Ηνωμένων Πολιτειών]] θεσπίζει μόνιμο [[Πολεμικό Ναυτικό των ΗΠΑ|ναυτικό]] και εγκρίνει την κατασκευή έξι [[φρεγάτα|φρεγατών]].\n*[[1794]] - Η [[Δανία]] και η [[Σουηδία]] συνάπτουν συμφωνία ένοπλης [[ουδετερότητα]]ς για την προστασία του εμπορίου.\n*[[1809]] - [[Πόλεμος της Ιβηρικής Χερσονήσου]]: Μία [[Πρώτη Γαλλική Αυτοκρατορία|γαλλο]]-[[Πολωνία|πολωνική]] δύναμη νικά τους [[Ισπανία|Ισπανούς]] στη μάχη της Θιουδάδ Ρεάλ.\n*[[1814]] - [[Ηνωμένες Πολιτείες Αμερικής|Αμερικανικές]] δυνάμεις με επικεφαλής το στρατηγό [[Άντριου Τζάκσον]] νικούν τους Ινδιάνους στην κεντρική [[Αλαμπάμα]].\n*[[1821]] - Οι [[Έλληνες]] νικούν τους [[Οθωμανική Αυτοκρατορία|Οθωμανούς]] στη [[Μάχη του Αγίου Αθανασίου Καρύταινας]]. \n*[[1833]] - Ο [[Γεώργιος Λουδοβίκος φον Μάουρερ]], αρμόδιος για τα εκκλησιαστικά θέματα του Συμβουλίου της [[Αντιβασιλεία Όθωνα 1833|οθωνικής Αντιβασιλείας]], συγκροτεί κληρικολαϊκή νομοπαρασκευαστική επιτροπή υπό την προεδρία του [[Σπυρίδων Τρικούπης|Σπυρίδωνα Τρικούπη]] με σκοπό την εκπόνηση οριστικού σχεδίου διοίκησης της [[Εκκλησία της Ελλάδος|Εκκλησίας της Ελλάδος]].\n*[[1871]] - Πραγματοποιείται ο πρώτος διεθνής αγώνας [[ράγκμπι]], όταν η [[Σκωτία]] νικά την [[Εθνική Αγγλίας (ράγκμπι γιούνιον ανδρών)|Αγγλία]] στο [[Εδιμβούργο]].\n*[[1884]] - Ένας όχλος στο [[Σινσινάτι]] του [[Οχάιο]] επιτίθεται στους ενόρκους των οποίων η ετυμηγορία ήταν ανθρωποκτονία από αμέλεια σε μία σαφή περίπτωση δολοφονίας. Στη συνέχεια, κατά τη διάρκεια των επόμενων ημερών, ο όχλος θα δημιουργήσει ταραχές και θα καταστρέψει το Δικαστικό Μέγαρο. \n*[[1886]] - Ο [[Τζερόνιμο]], πολεμιστής των [[Απάτσι]], παραδίνεται στον [[Ηνωμένες Πολιτείες Αμερικής|αμερικανικό]] στρατό.\n*[[1941]] - [[Β΄ Παγκόσμιος Πόλεμος]]: Αξιωματικοί της πολεμικής αεροπορίας της [[Γιουγκοσλαβία]]ς ανατρέπουν την κυβέρνηση σ' ένα αναίμακτο πραξικόπημα.\n*[[1943]] - [[Β΄ Παγκόσμιος Πόλεμος]]: Αρχίζει ναυμαχία στις [[Αλεούτιες νήσοι|Αλεούτιες νήσους]] όταν οι δυνάμεις του [[Ηνωμένες Πολιτείες Αμερικής|αμερικανικού]] ναυτικού παρεμποδίζουν τους [[Ιαπωνία|Ιάπωνες]] να ενισχύσουν μία φρουρά στο Κίσκα.\n*[[1945]] - [[Β΄ Παγκόσμιος Πόλεμος]]: Η [[Αργεντινή]] κηρύσσει τον πόλεμο στις δυνάμεις του Άξονα.\n*[[1958]] - Ο [[Νικίτα Χρουστσόφ]] γίνεται πρόεδρος του Συμβουλίου των Υπουργών της [[Ένωση Σοβιετικών Σοσιαλιστικών Δημοκρατιών|Σοβιετικής Ένωσης]].\n*[[1961]] - Κλείνουν οι φυλακές [[Γυάρος|Γυάρου]] με τη μεταφορά σε άλλες φυλακές των τελευταίων 137 κρατουμένων, πολιτικών στη μεγάλη πλειοψηφία τους, που βρίσκονταν εκεί.\n*[[1964]] - Ο σεισμός της Μεγάλης Παρασκευής: Ο πιο ισχυρός σεισμός στην ιστορία των [[Ηνωμένες Πολιτείες Αμερικής|Η.Π.Α.]] χτυπά τη νοτιοκεντρική [[Αλάσκα]], σκοτώνοντας 139 ανθρώπους και προκαλώντας τεράστιες ζημιές στο [[Άνκορεϊτζ]]. \n*[[1977]] - Δύο αεροσκάφη [[Boeing 747]] συγκρούονται σε ομιχλώδη διάδρομο στο αεροδρόμιο της [[Τενερίφη]]ς στις [[Κανάριες Νήσοι|Κανάριες νήσους]], σκοτώνοντας 583 άτομα (όλοι οι 248 επιβαίνοντες της [[KLM]] και 335 της Pan Am). 61 άτομα επέζησαν από την πτήση της Pan Am. Αυτό είναι το χειρότερο αεροπορικό ατύχημα στην ιστορία.\n\n== Γεννήσεις ==\n*[[347]] - [[Ιερώνυμος|Άγιος Ιερώνυμος]]\n*[[972]] - [[Ροβέρτος Β΄ της Γαλλίας|Ροβέρτος Β΄]], βασιλιάς της Γαλλίας\n*[[1797]] - [[Αλφρέ ντε Βινύ]], Γάλλος συγγραφέας\n*[[1845]] - [[Βίλχελμ Κόνραντ Ρέντγκεν]], Γερμανός φυσικός\n*[[1883]] - [[Μάριε Ούντερ]], Εσθονή ποιήτρια\n*[[1886]] - [[Λούντβιχ Μις φαν ντερ Ρόε]], Γερμανός αρχιτέκτονας\n*[[1899]] - [[Γκλόρια Σουάνσον]], Αμερικανίδα ηθοποιός\n*[[1901]] - [[Καρλ Μπαρκς]], Αμερικανός σκιτσογράφος\n*[[1912]] - [[Τζέιμς Κάλαχαν]], Άγγλος πολιτικός\n*[[1917]] - [[Σάιρους Βανς]], Αμερικανός πολιτικός\n*[[1927]] - [[Μστισλάβ Ροστροπόβιτς]], Ρώσος τσελίστας και διευθυντής ορχήστρας\n*[[1931]] - [[Ντέιβιντ Γιάνσεν]], Αμερικανός ηθοποιός\n*[[1934]] - [[Ιωάννης Παλαιοκρασσάς]], Έλληνας πολιτικός\n*[[1941]] - [[Ιβάν Γκασπάροβιτς]], Σλοβάκος πολιτικός\n*[[1941]] - [[Λίζε Πρόκοπ]], Αυστριακή αθλήτρια και πολιτικός\n*[[1950]] - [[Πέτρος Ευθυμίου]], Έλληνας πολιτικός,\n*[[1955]] - [[Λευτέρης Πανταζής]], Έλληνας τραγουδιστής\n*[[1955]] - [[Μαριάνο Ραχόι]], Ισπανός πολιτικός\n*[[1957]] - [[Κώστας Βασιλακάκης]], Έλληνας ποδοσφαιριστής και προπονητής\n*[[1957]] - [[Μπίλι Μακένζι]], Σκωτσέζος τραγουδιστής\n*[[1959]] - [[Ιβάν Σαββίδης]], Ελληνοπόντιος επιχειρηματίας και πολιτικός\n*[[1963]] - [[Κουέντιν Ταραντίνο]], Αμερικανός σκηνοθέτης\n*[[1963]] - [[Γιώργος Κατρούγκαλος]], Έλληνας συνταγματολόγος και πολιτικός\n*[[1966]] - [[Ζάρκο Πάσπαλι]], Σέρβος καλαθοσφαιριστής\n*[[1969]] - [[Μαράια Κάρεϊ]], Αμερικανίδα τραγουδίστρια\n*[[1970]] - [[Γκάια Τζούκι]], Ιταλίδα ηθοποιός\n*[[1971]] - [[Ντέιβιντ Κούλθαρντ]], Βρετανός οδηγός αγώνων \n*[[1972]] - [[Τσάρλι Χάας]], Αμερικανός παλαιστής\n*[[1974]] - [[Γεώργιος Κουμανταράκης]], Έλληνας ποδοσφαιριστής\n*[[1975]] - [[Φέργκι (τραγουδίστρια)|Φέργκι]], Αμερικανίδα τραγουδίστρια\n*[[1977]] - [[Ιωάννης Μελισσανίδης]], Έλληνας γυμναστής\n*[[1981]] - [[Κακάου]], Βραζιλιάνος ποδοσφαιριστής\n*[[1986]] - [[Μάνουελ Νόιερ]], Γερμανός ποδοσφαιριστής\n*[[1987]] - [[Πωλίνα Γκαγκάρινα]], Ρωσίδα τραγουδίστρια, ηθοποιός και μοντέλο\n*[[1990]] - [[Κίμπρα]], Νεοζηλανδή τραγουδοποιός\n*[[1990]] - [[Νικολά Ν'Κουλού]], Καμερουνέζος ποδοσφαιριστής\n*[[1998]] - [[Γιάννης Μπουζούκης]], Έλληνας ποδοσφαιριστής\n*[[2004]] - [[Αμίρα Βιλιχάγκεν]], Ολλανδή τραγουδίστρια\n\n== Θάνατοι ==\n*[[965]] - [[Αρνούλφος Α΄ της Φλάνδρας|Αρνούλφος Α΄]], κόμης της Φλάνδρας\n*[[1221]] - [[Μπερενγκάρια της Πορτογαλίας]], βασίλισσα της Δανίας\n*[[1378]] - [[Πάπας Γρηγόριος ΙΑ΄]]\n*[[1462]] - [[Βασίλειος Β΄ της Μόσχας|Βασίλειος Β΄]], μέγας πρίγκιπας της Μόσχας\n*[[1564]] - [[Λουτφί Πασάς]], Οθωμανός πολιτικός\n*[[1615]] - [[Μαργαρίτα της Γαλλίας (1553–1615)|Μαργαρίτα]], βασίλισσα της Γαλλίας\n*[[1770]] - [[Τζανμπαττίστα Τιέπολο]], Ιταλός ζωγράφος\n*[[1837]] - [[Όττο Μάγκνους φον Στάκελμπεργκ (αρχαιολόγος)]], Εσθονός αρχαιολόγος\n*[[1897]] - [[Ανδρέας Αναγνωστάκης]], Έλληνας ιατρός\n*[[1952]] - [[Τογιόντα Κιιχίρο]], Ιάπωνας βιομήχανος\n*[[1958]] - [[Δημοσθένης Βουτυράς]], Έλληνας λογοτέχνης\n*[[1964]] - [[Φώτης Αγγουλές]], Έλληνας ποιητής\n*[[1968]] - [[Γιούρι Γκαγκάριν]], Σοβιετικός κοσμοναύτης\n*[[1972]] - [[Μαουρίτς Κορνέλις Έσερ]], Ολλανδός καλλιτέχνης\n*[[1989]] - [[Τζακ Στάριτ]], Αμερικανός ηθοποιός και σκηνοθέτης\n*[[2000]] - [[Γεώργιος Κατσίμπας]], Έλληνας αντιστασιακός και πολιτικός\n*[[2002]] - [[Μπίλι Γουάιλντερ]], Αμερικανός σκηνοθέτης\n*[[2006]] - [[Στάνισλαβ Λεμ]], Πολωνός συγγραφέας\n*[[2010]] - [[Βασίλι Σμισλόφ]], Ρώσος σκακιστής\n*[[2010]] - [[Καίσαρ Αλεξόπουλος]], Έλληνας φυσικός\n*[[2011]] - [[Κλέμεντ Άριντελ|Σερ Κλέμεντ Άριντελ]], πολιτικός από τον Άγιο Χριστόφορο και Νέβις\n*[[2023]] - [[wikidata:Q117315567|Κώστας Γ Μίσσιος]]  Έλληνας ποιητής και συγγραφέας\n\n== Αργίες και εορτές ==\n=== Κόσμος ===\n* Παγκόσμια Ημέρα Θεάτρου\n* Διεθνής Ημέρα Κοινωνικής Εργασίας\n* Ημέρα της Νίκης της Αγκόλα\n\n=== [[Ορθόδοξη Εκκλησία]] ===\n{{Πύλη:Ορθοδοξία/Εορτολόγιο/27 Μαρτίου}}\n\n{{Μήνες}}\n\n== Παραπομπές ==\n<references/>\n\n[[Κατηγορία:Ημέρες του έτους]]"}}}]}]}}