{"batchcomplete":true,"query":{"normalized":[{"fromencoded":false,"from":"27_Ιουνίου","to":"27 Ιουνίου"}],"pages":[{"pageid":1952,"ns":0,"title":"27 Ιουνίου","revisions":[{"slots":{"main":{"contentmodel":"wikitext","contentformat":"text/x-wiki","content":"{{Μήνες Ιουνίου}}\n\n<center>[[26 Ιουνίου]] | '''27 Ιουνίου''' | [[28 Ιουνίου]]</center>\n\n----\nΗ '''27η Ιουνίου''' είναι η 178η ημέρα του έτους κατά το [[Γρηγοριανό ημερολόγιο]] (179η σε δίσεκτα έτη). Υπολείπονται 187 ημέρες.\n\n{|width=100%\n| __TOC__\n| {{ΗμερολόγιοΣεΠίνακα|6}}\n|} 34\n\n==Γεγονότα==\n*[[1358]] - Ιδρύεται η [[Δημοκρατία της Ραγούσας]].\n*[[1556]] - Οι δεκατρείς μάρτυρες του Στράτφορντ καίγονται στην πυρά, κοντά στο [[Λονδίνο]], λόγω των [[Προτεσταντισμός|προτεσταντικών]] τους πεποιθήσεων. \n*[[1743]] - Στη μάχη του Ντέτινγκεν, ο [[Γεώργιος Β΄ της Μεγάλης Βρετανίας]] γίνεται ο τελευταίος εν ενεργεία [[Μεγάλη Βρετανία|Βρετανός]] μονάρχης που συμμετέχει σε μάχη. \n*[[1759]] – Ο [[Αγγλία|Άγγλος]] στρατηγός [[Τζέημς Γουλφ]] ξεκινά την πολιορκία του [[Κεμπέκ (πόλη)|Κεμπέκ]].\n*[[1806]] - [[Μεγάλη Βρετανία|Βρετανικές]] δυνάμεις καταλαμβάνουν το [[Μπουένος Άιρες]] κατά τη διάρκεια των πρώτων βρετανικών επιδρομών στο Ρίο ντε λα Πλάτα.\n*[[1821]] – [[Ελληνική Επανάσταση του 1821]]: Οι [[Οθωμανική Αυτοκρατορία|Οθωμανοί]] σφάζουν δώδεκα μοναχούς στη [[Μονή Τοπλού]].\n*[[1844]] – Ο [[Τζόζεφ Σμιθ]], ιδρυτής του κινήματος των Αγίων των Τελευταίων Ημερών, και ο αδελφός του, σκοτώνονται από τον όχλο σε φυλακή του [[Ιλινόι]]. \n*[[1905]] - Κατά τη διάρκεια του [[Ρωσοϊαπωνικός Πόλεμος|Ρωσοϊαπωνικού Πολέμου]], ξεσπά ανταρσία από τους ναύτες του [[Θωρηκτό Ποτέμκιν (πλοίο)|ρωσικού θωρηκτού Ποτέμκιν]].\n*[[1927]] - Ο [[πρωθυπουργός της Ιαπωνίας]] Τανάκα Γκιίσι συγκαλεί μία διάσκεψη 11 ημερών για να συζητήσει τη στρατηγική της [[Ιαπωνία]]ς στην [[Λαϊκή Δημοκρατία της Κίνας|Κίνα]]. \n*[[1941]] - Οι [[Ρουμανία|ρουμανικές]] αρχές αρχίζουν στο [[Ιάσιο]] ένα από τα πιο βίαια πογκρόμ στην εβραϊκή ιστορία, με αποτέλεσμα τη δολοφονία τουλάχιστον 13.266 [[Εβραίοι|Εβραίων]].\n*[[1941]] – Τα [[Ναζιστική Γερμανία|γερμανικά]] στρατεύματα καταλαμβάνουν το [[Μπιάλιστοκ]].\n*[[1950]] - Οι [[Ηνωμένες Πολιτείες Αμερικής]] αποφασίζουν να στείλουν στρατεύματα για να πολεμήσουν στον [[Πόλεμος της Κορέας|Πόλεμο της Κορέας]].\n*[[1954]] – Ανοίγει κοντά στη [[Μόσχα]] ο πρώτος πυρηνικός σταθμός της [[Ένωση Σοβιετικών Σοσιαλιστικών Δημοκρατιών|Σοβιετικής Ένωσης]].\n*[[1954]] - Ο προημιτελικός αγώνας του [[Παγκόσμιο Κύπελλο Ποδοσφαίρου 1954|Παγκοσμίου Κυπέλλου Ποδοσφαίρου]] μεταξύ της [[Εθνική Ουγγαρίας (ποδόσφαιρο ανδρών)|Ουγγαρίας]] και της [[Εθνική Βραζιλίας (ποδόσφαιρο ανδρών)|Βραζιλίας]], που αναμενόταν να είναι συναρπαστικός, μετατρέπεται σε βίαιος, με τρεις παίκτες να αποβάλλονται και οι αψιμαχίες να συνεχίζονται και μετά τον αγώνα.\n*[[1965]] - Προφυλακίζονται ως ενεχόμενοι στην [[υπόθεση ΑΣΠΙΔΑ]] οι αξιωματικοί Ι. Θεοδοσίου, Γ. Δαμηλάκος, [[Τάκης Παπαγεωργόπουλος]] και [[Θεοφάνης Τόμπρας]]. Την επομένη προφυλακίζεται ως πρωτοστατήσας στην ίδρυση, οργάνωση και επέκταση του ΑΣΠΙΔΑ ο λοχαγός Αριστείδης Μπουλούκος.\n*[[1974]] - Ο [[πρόεδρος των Ηνωμένων Πολιτειών]] [[Ρίτσαρντ Νίξον]] επισκέπτεται τη [[Ένωση Σοβιετικών Σοσιαλιστικών Δημοκρατιών|Σοβιετική Ένωση]]. \n*[[1976]] - Μέλη της [[Οργάνωση για την Απελευθέρωση της Παλαιστίνης|Οργάνωσης για την Απελευθέρωση της Παλαιστίνης]] πραγματοποιούν αεροπειρατεία στην πτήση 139 της [[Air France]] ([[Τελ Αβίβ]]-[[Αθήνα]]-[[Παρίσι]]), κατά την πορεία προς το Παρίσι και την ανακατευθύνεουν στην [[Ουγκάντα]].\n* [[1977]] – Η [[Γαλλία]] παραχωρεί ανεξαρτησία στο [[Τζιμπουτί]].\n\n==Γεννήσεις==\n*[[1350]] - [[Μανουήλ Β´ Παλαιολόγος]], Βυζαντινός αυτοκράτορας\n*[[1462]] – [[Λουδοβίκος ΙΒ΄ της Γαλλίας|Λουδοβίκος ΙΒ΄]], βασιλιάς της Γαλλίας\n*[[1550]] – [[Κάρολος Θ΄ της Γαλλίας|Κάρολος Θ΄]], βασιλιάς της Γαλλίας\n*[[1850]] – [[Λευκάδιος Χερν]], Έλληνας συγγραφέας\n*[[1869]] – [[Έμμα Γκόλντμαν]], Λιθουανή ακτιβίστρια και συγγραφέας\n*[[1880]] – [[Έλεν Κέλερ]], Αμερικανίδα ακτιβίστρια και συγγραφέας\n*[[1882]] - [[Έντουαρντ Σπράνγκερ]], Γερμανός φιλόσοφος και ψυχολόγος\n*[[1889]] - [[Μορόνι Όλσεν]], Αμερικανός ηθοποιός\n*[[1932]] – [[Άννα Μόφο]], Αμερικανίδα υψίφωνος\n*[[1941]] – [[Κριστόφ Κισλόφσκι]], Πολωνός σκηνοθέτης\n*[[1947]] - [[Βασίλης Παπαγεωργόπουλος]], Έλληνας πολιτικός\n*[[1951]] – [[Μαίρη Μακ Αλίς]], Ιρλανδή πολιτικός\n*[[1962]] - [[Τόνι Λιούνγκ Τσίου Γουάι]], ηθοποιός από το Χονγκ Κονγκ\n*[[1962]] - [[Ογιάντα Ουμάλα]], Περουβιανός πολιτικός\n*[[1966]] – [[Τζέφρεϊ Τζ. Άμπραμς]], Αμερικανός σκηνοθέτης\n*[[1966]] - [[Άιγκαρς Καλβίτις]], Λετονός πολιτικός\n*[[1967]] - [[Ελευθερία Καραδήμου]], Ελληνίδα ηθοποιός \n*[[1973]] - [[Abbath Doom Occulta]], Νορβηγός μουσικός\n*[[1975]] - [[Τόμπι Μαγκουάιρ]], Αμερικανός ηθοποιός\n*[[1977]] - [[Ραούλ Γκονθάλεθ]], Ισπανός ποδοσφαιριστής\n*[[1983]] - [[Αλσού (τραγουδίστρια)|Αλσού]], Ρωσίδα τραγουδίστρια\n*[[1984]] – [[Χοσέ Χολέμπας]], Έλληνας ποδοσφαιριστής\n*[[1985]] – [[Νίκο Ρόσμπεργκ]], Γερμανός οδηγός αγώνων\n*[[1986]] - [[Ντρέικ Μπελ]], Αμερικανός τραγουδοποιός και ηθοποιός\n*[[1987]] - [[Εντ Γουέστγουικ]], Άγγλος ηθοποιός\n*[[1993]] - [[Εμμανουήλ Φράγκος]], Έλληνας πολιτικός\n\n==Θάνατοι==\n*[[1162]] – [[Εύδης Β΄ της Βουργουνδίας|Εύδης Β΄]], δούκας της Βουργουνδίας\n*[[1194]] - [[Σάντσο ΣΤ΄ της Ναβάρρας|Σάντσο ΣΤ΄]], βασιλιάς της Ναβάρρας\n*[[1458]] - [[Αλφόνσος Ε΄ της Αραγωνίας|Αλφόνσος Ε΄]], βασιλιάς της Αραγωνίας\n*[[1574]] – [[Τζόρτζο Βαζάρι]], Ιταλός ζωγράφος και αρχιτέκτονας\n*[[1638]] – [[Κύριλλος Λούκαρις]], πατριάρχης Αλεξανδρείας και Κωνσταντινουπόλεως\n*[[1831]] - [[Σοφί Ζερμαίν]], Γαλλίδα μαθηματικός\n*[[1844]] - [[Τζόζεφ Σμιθ]], Αμερικανός θρησκευτικός ηγέτης\n*[[1941]] - [[Γεώργιος Χατζιδάκις]], Έλληνας φιλόλογος και γλωσσολόγος\n*[[1943]] - [[Βαγγέλης Παπάζογλου]], Έλληνας τραγουδοποιός\n*[[1944]] - [[Μίλαν Χότζα]], Σλοβάκος πολιτικός\n*[[1957]] - [[Χέρμαν Μπουλ]], Αυστριακός ορειβάτης\n*[[1972]] - [[Αχιλλέας Καλεύρας]], Έλληνας πολιτικός\n*[[1975]] - [[Αντώνιος Σώχος]], Έλληνας γλύπτης\n*[[1982]] - [[Ανδρέας Καραντώνης]], Έλληνας λογοτέχνης\n*[[1985]] - [[Κωνσταντίνος Μήτσου]], Έλληνας στρατιωτικός\n*[[1999]] – [[Γεώργιος Παπαδόπουλος]], Έλληνας δικτάτορας\n*[[2001]] - [[Τόβε Γιάνσον]], Φινλανδή συγγραφέας\n*[[2001]] – [[Τζακ Λέμον]], Αμερικανός ηθοποιός\n*[[2002]] - [[Τζον Εντουίστλ]], Άγγλος μπασίστας ([[The Who]])\n*[[2009]] – [[Σπύρος Καλογήρου]], Έλληνας ηθοποιός\n*[[2013]] - [[Αλέν Μιμούν]], Γάλλος δρομέας\n*[[2016]] - [[Μπαντ Σπένσερ]], Ιταλός ηθοποιός\n*[[2017]] - [[Πίτερ Μπέργκερ]], Αυστριακός κοινωνιολόγος\n*[[2017]] - [[Μίκαελ Νίκβιστ]], Σουηδός ηθοποιός\n*[[2020]] - [[Μπελαΐντ Αμπντεσαλάμ]], Αλγερινός πολιτικός\n\n==Αργίες, επέτειοι και εορτές==\n*[[Ημέρα της μιγάδος]] ([[Βραζιλία]])\n\n===[[Ορθόδοξη Εκκλησία]]===\n{{Πύλη:Ορθοδοξία/Εορτολόγιο/27 Ιουνίου}}\n\n\n{{Μήνες}}\n\n[[Κατηγορία:Ημέρες του έτους]]"}}}]}]}}