{"batchcomplete":true,"query":{"normalized":[{"fromencoded":false,"from":"27_Φεβρουαρίου","to":"27 Φεβρουαρίου"}],"pages":[{"pageid":1333,"ns":0,"title":"27 Φεβρουαρίου","revisions":[{"slots":{"main":{"contentmodel":"wikitext","contentformat":"text/x-wiki","content":"{{χωρίς παραπομπές|07|03|2004}}\n\n{{Μήνες Φεβρουαρίου}}\n\n<center>\n[[26 Φεβρουαρίου]] | [[27 Φεβρουαρίου]] | [[28 Φεβρουαρίου]] </center>\n\n----\nΗ '''27η Φεβρουαρίου''' είναι η 58η ημέρα του έτους κατά το [[Γρηγοριανό ημερολόγιο]]. Υπολείπονται 307 ημέρες (308 σε δίσεκτα έτη).\n\n{{ΗμερολόγιοΣεΠίνακα|2}}\n\n== Γεγονότα ==\n{{Commonscat|27 February}}\n*[[380]] - [[Έδικτο της Θεσσαλονίκης]]: Ο αυτοκράτορας [[Θεοδόσιος Α΄]] και οι συναυτοκράτορες [[Γρατιανός]] και [[Ουαλεντινιανός Β΄]] δηλώνουν την επιθυμία τους να ασπαστούν όλοι οι Ρωμαίοι πολίτες τον τριαδικό [[Χριστιανισμός|Χριστιανισμό]].\n*[[425]] - Ο αυτοκράτορας [[Θεοδόσιος Β´]] εκδίδει διάταγμα για την ίδρυση του [[Πανδιδακτήριο|Πανδιδακτηρίου]] στην [[Βυζαντινή Κωνσταντινούπολη|Κωνσταντινούπολη]], κατόπιν προτροπής της συζύγου του, [[Αιλία Ευδοκία|Αιλίας Ευδοκίας]].\n*[[1594]] - Ο [[Ερρίκος Δ΄ της Γαλλίας|Ερρίκος Δ΄]] στέφεται [[Μονάρχης|βασιλιάς]] της [[Γαλλία]]ς.\n*[[1700]] - Ανακαλύπτεται το [[νησί]] της [[Νέα Βρετανία|Νέας Βρετανίας]].\n*[[1801]] - Η [[Ουάσινγκτον]] τίθεται στη δικαιοδοσία του [[Κογκρέσο των Ηνωμένων Πολιτειών|Κογκρέσου των Ηνωμένων Πολιτειών]].\n*[[1812]] - [[Πόλεμος της Ανεξαρτησίας της Αργεντινής]]: Ο [[Μανουέλ Μπελγράνο]] υψώνει για πρώτη φορά τη [[σημαία της Αργεντινής]] στο [[Ροσάριο]].\n*[[1812]] - Ο ποιητής [[Λόρδος Βύρων]] δίνει την πρώτη ομιλία του ως μέλος της [[Βουλή των Λόρδων|Βουλής των Λόρδων]], υπερασπίζοντας τις βίαιες αντιδράσεις των [[Λουδισμός|Λουδιτών]] ενάντια στη [[Βιομηχανική επανάσταση|βιομηχανοποίηση]].   \n*[[1844]] - Η [[Δομινικανή Δημοκρατία]] αποκτά την ανεξαρτησία της από την [[Αϊτή]].\n*[[1860]] - Ο [[Αβραάμ Λίνκολν]] δίνει ομιλία στη [[Νέα Υόρκη]], η οποία θα επηρεάσει σε μεγάλο βαθμό την εκλογή του στην [[Πρόεδρος των Ηνωμένων Πολιτειών|προεδρία των Η.Π.Α.]]\n*[[1861]] - Στη [[Βαρσοβία]], [[Ρωσική Αυτοκρατορία|ρωσικά]] στρατεύματα ανοίγουν πυρ εναντίον πλήθους που διαμαρτυρόταν για τη ρωσική κυριαρχία επί της [[Πολωνία]]ς, σκοτώνοντας πέντε διαδηλωτές. \n*[[1870]] - Η σημερινή [[σημαία της Ιαπωνίας]] υιοθετείται για πρώτη φορά ως εθνική σημαία για τα [[Ιαπωνία|ιαπωνικά]] εμπορικά πλοία.  \n*[[1900]] - Ιδρύεται το [[Εργατικό Κόμμα (Ηνωμένο Βασίλειο)|Βρετανικό Εργατικό Κόμμα]].\n*[[1900]] - Ιδρύεται η [[Μπάγερν Μονάχου]].\n*[[1933]] - Πυρκαγιά στο [[κτήριο του Ράιχσταγκ]]: το [[Δημοκρατία της Βαϊμάρης|γερμανικό]] κοινοβούλιο στο [[Βερολίνο]] πυρπολείται.\n*[[1951]] - Επικυρώνεται η 22η τροποποίηση του συντάγματος των [[Ηνωμένες Πολιτείες Αμερικής|Ηνωμένων Πολιτειών]], η οποία περιορίζει σε δύο τις θητείες των [[Πρόεδρος των Ηνωμένων Πολιτειών|προέδρων των Ηνωμένων Πολιτειών]].\n*[[1966]] - Ιδρύεται η ΤΕΔ Τηλεόραση Ενόπλων Δυνάμεων.\n*[[1968]] - Κατά τη διάρκεια συνέντευξης Τύπου στη [[Στοκχόλμη]], ο [[Ανδρέας Παπανδρέου]] ανακοινώνει την ίδρυση του [[Πανελλήνιο Απελευθερωτικό Κίνημα|Π.Α.Κ.]], που έχουν ιδρύσει εν τω μεταξύ πολιτικοί του φίλοι.\n*[[1976]] - Το [[Μέτωπο Πολισάριο]] ανακηρύσσει ανεξάρτητη την πρώην [[Ισπανία|ισπανική]] περιοχή της [[Δυτική Σαχάρα|Δυτικής Σαχάρας]] ως Λαοκρατική Αραβική Δημοκρατία της Σαχάρας. \n* [[2010]] - Καταστρεπτικός [[σεισμός]] μεγέθους 8,8 [[Κλίμακα Ρίχτερ|Ρίχτερ]] στη νότια Χιλή, με επίκεντρο την [[Κονσεπσιόν]]. Δημιουργείται γιγαντιαίο [[τσουνάμι]].\n\n== Γεννήσεις ==\n*[[272]] - [[Κωνσταντίνος Α΄]], Ρωμαίος αυτοκράτορας\n*[[1572]] - [[Φραγκίσκος Β΄ της Λωρραίνης|Φραγκίσκος Β΄]], δούκας της Λωρραίνης\n*[[1711]] - [[Κωνσταντίνος Μαυροκορδάτος]], ηγεμόνας της Βλαχίας και της Μολδαβίας\n*[[1799]] - [[Έντουαρντ Μπέλτσερ]], Βρετανός ναύαρχος\n*[[1861]] - [[Ρούντολφ Στάινερ]], Αυστριακός φιλόσοφος\n*[[1862]] - [[Αναστάσιος Μεταξάς]], Έλληνας αρχιτέκτονας και σκοπευτής\n*[[1863]] - [[Τζορτζ Χέρμπερτ Μηντ]], Αμερικανός φιλόσοφος\n*[[1875]] - [[Τζωρτζ Ροδοκανάκης]], Έλληνας ιατρός\n*[[1888]] - [[Ρομπέρτο Ασσατζιόλι]], Ιταλός ψυχίατρος\n*[[1891]] - [[Δαβίδ Σαρνόφ]], Ρώσος επιχειρηματίας\n*[[1901]] - [[Μαρίνο Μαρίνι]], Ιταλός γλύπτης\n*[[1902]] - [[Γεώργιος Ιορδανίδης]], Έλληνας στρατιωτικός και πολιτικός\n*[[1902]] - [[Τζον Στάινμπεκ]], Αμερικανός συγγραφέας \n*[[1910]] - [[Γκένριχ Κασπαριάν]], Αρμένιος σκακιστής\n*[[1912]] - [[Λώρενς Ντάρελ]], Βρετανός συγγραφέας\n*[[1930]] - [[Τζοάν Γούντγουορντ]], Αμερικανίδα ηθοποιός\n*[[1930]] - [[Γιόβαν Κρικομπάμπιτς]], Σέρβος πολιτικός\n*[[1931]] [[2019|-]] [[Θανάσης Γιαννακόπουλος]], Έλληνας επιχειρηματίας\n*[[1932]] - [[Ελίζαμπεθ Τέιλορ]], Αμερικανίδα ηθοποιός\n*[[1948]] - [[Στάθης Ψάλτης]], Έλληνας ηθοποιός\n*[[1952]] - [[Φαίδων Σοφιανός]], Έλληνας ηθοποιός και τηλεοπτικός παραγωγός\n*[[1953]] - [[Ίαν Χάμα]], πρόεδρος της Μποτσουάνα\n*[[1957]] - [[Άντριαν Σμιθ]], Άγγλος κιθαρίστας\n*[[1961]] - [[Τζέιμς Ουόρθι]], Αμερικανός καλαθοσφαιριστής\n*[[1965]] - [[Παναγιώτης Ποικιλίδης]], Έλληνας αθλητής της πάλης\n*[[1970]] - [[Βάσω Γουλιελμάκη]], Ελληνίδα ηθοποιός\n*[[1973]] - [[Πήτερ Άντρε]], Άγγλος τραγουδιστής\n*[[1983]] - [[Ντούτσε Ντραγκάνια]], Κροάτης κολυμβητής\n*[[1985]] - [[Ντίνιαρ Μπιλιαλεντίνοφ]], Ρώσος ποδοσφαιριστής\n*[[1994]] - [[Χου Γιφάν]], Κινέζα σκακίστρια\n\n== Θάνατοι ==\n*[[906]] - [[Κορράδος της Θουριγγίας|Κορράδος]], δούκας της Θουριγγίας\n*[[956]] - [[Πατριάρχης Θεοφύλακτος|Θεοφύλακτος]], Πατριάρχης Κωνσταντινουπόλεως\n*[[1425]] - [[Βασίλειος Α΄ της Μόσχας|Βασίλειος Α΄]], μέγας πρίγκιπας της Μόσχας\n*[[1483]] - [[Γουλιέλμος Η΄ του Μομφερρράτου|Γουλιέλμος Η΄]], μαρκήσιος του Μομφερράτου\n*[[1666]] - [[Λουίζα του Γκουθμάν]], βασίλισσα της Πορτογαλίας\n*[[1887]] - [[Αλεξάντρ Μποροντίν]], Ρώσος συνθέτης\n*[[1906]] - [[Σάμιουελ Πίρποντ Λάνγκλεϊ]], Αμερικανός αστρονόμος\n*[[1914]] - [[Πατριάρχης Κωνσταντίνος Ε΄|Κωνσταντίνος Ε΄]], Πατριάρχης Κωνσταντινουπόλεως\n*[[1936]] - [[Ιβάν Πάβλοφ]], Ρώσος φυσιολόγος\n*[[1940]] - [[Πέτερ Μπέρενς]], Γερμανός σχεδιαστής και αρχιτέκτονας\n*[[1941]] - [[Λουίζα Ριανκούρ]], Γαλλίδα κόμισσα\n*[[1943]] - [[Κωστής Παλαμάς]], Έλληνας ποιητής\n*[[1952]] - [[Θεόδωρος Πάγκαλος (στρατιωτικός)|Θεόδωρος Πάγκαλος]], Έλληνας στρατιωτικός\n*[[1954]] - [[Στέλλα Χασκίλ]], Ελληνίδα τραγουδίστρια\n*[[1957]] - [[Γιάννης Κεφαλληνός]], Έλληνας χαράκτης\n*[[1959]] - [[Νικόλαος Τρικούπης]], Έλληνας στρατιωτικός\n*[[1963]] - [[Κωνσταντίνος Βάσσος]], Έλληνας στρατιωτικός\n*[[1967]] - [[Ανδρέας Γαλανάκης]], Έλληνας έμπορος\n*[[1983]] - [[Νικολάι Κόζυρεφ]], Ρώσος αστρονόμος\n*[[1985]] - [[Χένρυ Κάμποτ Λοτζ]], Αμερικανός πολιτικός\n*[[1985]] - [[Τζ. Πατ Ο'Μάλι]], Άγγλος ηθοποιός\n*[[1989]] - [[Κόνραντ Λόρεντς]], Αυστριακός ζωολόγος\n*[[1993]] - [[Λίλιαν Γκις]], Αμερικανίδα ηθοποιός\n*[[2000]] - [[Γιώργος Χειμωνάς]], Έλληνας συγγραφέας\n*[[2009]] - [[Γεώργιος Σερπάνος]], Έλληνας πολιτικός\n*[[2011]] - [[Μίνα Γιάννου]], Ελληνίδα συνδικαλίστρια και πολιτικός\n*[[2011]] - [[Νετσμεττίν Ερμπακάν]], Τούρκος πολιτικός\n*[[2013]] - [[Στεφάν Εσέλ]], Γάλλος διπλωμάτης και συγγραφέας\n*[[2014]] - [[Μανόλης Καρέλλης]], Έλληνας πολιτικός\n*[[2015]] - [[Μπαρίς Νεμτσόφ]], Ρώσος πολιτικός\n*[[2015]] - [[Λέοναρντ Νίμοϊ]], Αμερικανός ηθοποιός\n*[[2015]] - [[Γιώργος Σταυρακάκης]], Έλληνας σεισμολόγος\n*[[2015]] - [[Ίων Βορρές]], Έλληνας συλλέκτης\n*[[2020]] - [[Άλκη Ζέη]], Ελληνίδα πεζογράφος και συγγραφέας\n*[[2022]]- [[Μαριέττα Γιαννάκου]] Ελληνίδα πολιτικός\n\n== Αργίες και εορτές ==\n=== Κόσμος ===\n* {{DOM}} - Εθνική εορτή\n\n=== [[Ορθόδοξη Εκκλησία]] ===\n{{Πύλη:Ορθοδοξία/Εορτολόγιο/27 Φεβρουαρίου}}\n\n\n{{Μήνες}}\n\n[[Κατηγορία:Ημέρες του έτους]]"}}}]}]}}