{"batchcomplete":true,"query":{"normalized":[{"fromencoded":false,"from":"27_Απριλίου","to":"27 Απριλίου"}],"pages":[{"pageid":7307,"ns":0,"title":"27 Απριλίου","revisions":[{"slots":{"main":{"contentmodel":"wikitext","contentformat":"text/x-wiki","content":"{{Μήνες Απριλίου}}\n\n<center>[[26 Απριλίου]] | '''27 Απριλίου''' | [[28 Απριλίου]]</center>\n\n----\nΗ '''27η Απριλίου''' είναι η 117η ημέρα του έτους κατά το [[Γρηγοριανό ημερολόγιο]] (118η σε δίσεκτα έτη). Υπολείπονται 248 ημέρες.\n\n{|width=100%\n| __TOC__\n| {{ΗμερολόγιοΣεΠίνακα|4}}\n|}\nΓενέθλια ΦΚ\n\n== Γεγονότα ==\n*[[395]] – Ο αυτοκράτορας [[Αρκάδιος]] παντρεύεται την [[Ευδοξία (αυτοκράτειρα)|Αιλία Ευδοξία]], κόρη του [[Φράγκοι|Φράγκου]] στρατηγού Φλάβιου Βαύδου, η οποία γίνεται μία από τις πιο ισχυρές Βυζαντινές αυτοκράτειρες της [[Ύστερη αρχαιότητα|ύστερης αρχαιότητας]].\n*[[711]] - [[Μουσουλμανική κατάκτηση της Ιβηρικής χερσονήσου]]: [[Μαυριτανοί|Μαυριτανικά]] στρατεύματα αποβιβάζονται στο [[Γιβραλτάρ]] για να ξεκινήσουν την εισβολή τους στην [[Ιβηρική Χερσόνησος|Ιβηρική Χερσόνησο]] ([[Αλ-Άνταλους]]).\n*[[1296]] – Ο [[Αγγλία|αγγλικός]] στρατός νικά τον [[Σκωτία|σκωτσέζικο]] στρατό του [[Τζων Μπάλλιολ]] στη μάχη του Ντάνμπαρ.\n*[[1521]] - [[Μάχη του Μακτάν]]: Ο εξερευνητής [[Φερδινάνδος Μαγγελάνος]] σκοτώνεται στις [[Φιλιππίνες]] από ιθαγενείς με επικεφαλής τον [[Λάπου Λάπου]].\n*[[1522]] - Οι ενωμένες δυνάμεις της [[Ισπανία των Αψβούργων|Ισπανίας]] και των [[Παπικά Κράτη|Παπικών Κρατών]] νικούν τον [[Βασίλειο της Γαλλίας|γαλλικό]] και [[Βενετική Δημοκρατία|ενετικό]] στρατό στη μάχη της Μπικόκα. \n*[[1539]] - Επανιδρύεται η πόλη της [[Μπογκοτά]] στη Νέα Γρανάδα (σημερινή [[Κολομβία]]).\n* [[1805]] – Δυνάμεις [[Ηνωμένες Πολιτείες|Αμερικανών]] Πεζοναυτών υπό τον Γουίλιαμ Ίτον, επικουρούμενες από [[Έλληνες]], [[Άραβες]] και [[Οθωμανοί|Τούρκους]] μισθοφόρους, καταλαμβάνουν την πόλη Ντέρνα, στη βόρειο [[Αφρική]], επιχειρώντας να διαλύσουν εστίες πειρατών που μαίνονται τη [[Μεσόγειος|Μεσόγειο]] και το βόρειο [[Ατλαντικός|Ατλαντικό]]. Είναι η πρώτη επέμβαση αμερικανικών στρατευμάτων στο εξωτερικό στην Ιστορία.\n* [[1810]] – Ο [[Λούντβιχ βαν Μπετόβεν]] συνθέτει το διάσημο κομμάτι \"Für Elise\".\n* [[1865]] – Ιδρύεται το [[Πανεπιστήμιο Κορνέλ]] στις [[ΗΠΑ]].\n* [[1941]] – [[Β΄ Παγκόσμιος Πόλεμος]]: Γερμανικά στρατεύματα εισέρχονται στην [[Αθήνα]], αρχίζει η περίοδος της [[Κατοχή]]ς.\n* [[1945]] – Ο [[Μπενίτο Μουσολίνι]] συλλαμβάνεται από Ιταλούς παρτιζάνους.\n*[[1960]] – Το [[Τόγκο]] αποκτά την ανεξαρτησία του από τη [[Γαλλία]].\n* [[1961]] – Η [[Σιέρα Λεόνε]] αποκτά την ανεξαρτησία της από το [[Ηνωμένο Βασίλειο]].\n* [[1978]] – Ξεκινά η [[Εξέγερση του Σαούρ]] στο [[Αφγανιστάν]]. Η εξέγερση ολοκληρώθηκε το επόμενο πρωί με τη δολοφονία του προέδρου του Αφγανιστάν [[Μοχάμεντ Νταούντ Χαν]] και την εγκαθίδρυση της [[Λαϊκή Δημοκρατία του Αφγανιστάν|Λαϊκής Δημοκρατίας του Αφγανιστάν]].\n* [[1981]] – Παρουσιάζεται το πρώτο [[Ποντίκι (συσκευή)|ποντίκι]] υπολογιστή στο κέντρο ερευνών [[Xerox PARC]].\n* [[1988]] – Δολοφονείται στην Αθήνα ο ηγέτης της μυστικής οργάνωσης \"[[Μυστικός Αρμενικός Στρατός για την απελευθέρωση της Αρμενίας|ASALA]]\", ο [[Αγκόπ Αγκοπιάν]]. Την ίδια ημέρα πραγματοποιείται στην Αθήνα δολοφονική απόπειρα εναντίον του Ματ Σάμπρι γραμματέα του κλιμακίου [[P.L.O.]] Αθήνας\n* [[1992]] – Σχηματίζεται η [[Ομοσπονδιακή Δημοκρατία της Γιουγκοσλαβίας]] από την ένωση [[Σερβία]]ς και [[Μαυροβούνιο|Μαυροβουνίου]].\n\n== Γεννήσεις ==\n*[[1500]] - [[Λουδοβίκος του Βωντεμόν|Λουδοβίκος]], κόμης του Βωντεμόν\n*[[1737]] – [[Έντουαρντ Γκίμπον]], Άγγλος ιστορικός\n*[[1748]] – [[Αδαμάντιος Κοραής]], Έλληνας λόγιος\n*[[1759]] – [[Μαίρη Γουόλστονκραφτ]], Αγγλίδα συγγραφέας και φιλόσοφος\n*[[1791]] – [[Σάμιουελ Μορς]], Αμερικανός εφευρέτης\n*[[1820]] – [[Χέρμπερτ Σπένσερ]], Άγγλος φιλόσοφος\n*[[1822]] – [[Οδυσσεύς Γκραντ]], 18ος πρόεδρος των Η.Π.Α.\n*[[1863]] - [[Ιωάννης Σβορώνος]], Έλληνας νομισματολόγος\n*[[1883]] - [[Νικ δε Γκρηκ|Νίκος Δάνδολος]], Έλληνας χαρτοπαίκτης\n*[[1893]] - [[Παύλος της Γιουγκοσλαβίας|Παύλος]], πρίγκιπας της Γιουγκοσλαβίας\n*[[1893]] - [[Ντράζα Μιχαήλοβιτς]], Σέρβος στρατιωτικός\n*[[1902]] - [[Χάρι Στόκγουελ]], Αμερικανός ηθοποιός\n*[[1903]] – [[Νίκος Ζαχαριάδης]], Έλληνας πολιτικός\n*[[1913]] - [[Λουτζ Λονγκ]], Γερμανός αθλητής\n*[[1921]] - [[Αμπντελμαλέκ Μπενχαμπιλές]], Αλγερινός πολιτικός\n*[[1927]] - [[Κορέττα Σκοτ Κινγκ]], Αμερικανίδα ακτιβίστρια\n*[[1935]] – [[Θόδωρος Αγγελόπουλος]], Έλληνας σκηνοθέτης\n*[[1939]] – [[Νίνο Βιέιρα]], πρόεδρος της Γουινέα-Μπισσάου\n*[[1943]] - [[Χέλμουτ Μάρκο]], Αυστριακός οδηγός αγώνων\n*[[1954]] – [[Φρανκ Μπαϊνιμαράμα]], πρωθυπουργός των Φίτζι\n*[[1967]] - [[Γουλιέλμος Αλέξανδρος της Ολλανδίας|Γουλιέλμος Αλέξανδρος]], βασιλιάς της Ολλανδίας\n*[[1970]] - [[Μίοντραγκ Μένταν]], Βόσνιος ποδοσφαιριστής\n*[[1978]] - [[Σεμπαστιάν Ρομέρο]], Αργεντινός ποδοσφαιριστής\n*[[1986]] – [[Έλενα Ρίστεσκα]], τραγουδίστρια από τη Βόρεια Μακεδονία\n*[[1993]] - [[Δημήτρης Κολοβός]], Έλληνας ποδοσφαιριστής\n*[[1995]] - [[Νικ Κύργιος]], Αυστραλός αντισφαιριστής\n\n== Θάνατοι ==\n*[[630]] - [[Αρδασίρ Γ΄ της Περσίας|Αρδασίρ Γ΄]], βασιλιάς της Περσίας\n*[[1404]] – [[Φίλιππος Β' της Βουργουνδίας|Φίλιππος Β΄]], δούκας της Βουργουνδίας\n*[[1463]] – [[Ισίδωρος του Κιέβου|Ισίδωρος]], μητροπολίτης Κιέβου\n*[[1511]] - [[Ιάκωβος Β΄ της Βάδης]], αρχιεπίσκοπος-εκλέκτορας του Τρηρ\n*[[1521]] – [[Φερδινάνδος Μαγγελάνος]], Πορτογάλος εξερευνητής\n*[[1605]] – [[Πάπας Λέων ΙΑ΄]]\n*[[1864]] - [[Ιωάννης Μακρυγιάννης]], Έλληνας στρατιωτικός και πολιτικός\n*[[1915]] – [[Αλεξάντρ Σκριάμπιν]], Ρώσος συνθέτης\n*[[1928]] - [[Γεώργιος Ρεμούνδος]], Έλληνας μαθηματικός\n*[[1932]] - [[Παναγιώτης Ι. Αραβαντινός]], Έλληνας πολιτικός\n*[[1937]] – [[Αντόνιο Γκράμσι]], Ιταλός συγγραφέας και πολιτικός\n*[[1938]] - [[Έντμουντ Χούσερλ]], Γερμανός φιλόσοφος\n*[[1962]] - [[Μαριέττα Γιαννοπούλου-Μινώτου]], Ελληνίδα λογοτέχνιδα\n*[[1970]] - [[Ιλμάρι Κιάντο]], Φινλανδός συγγραφέας\n*[[1972]] – [[Κβάμε Νκρούμαχ]], Γκανέζος πολιτικός\n*[[1975]] - [[Νίκος Μάθεσης]], Έλληνας στιχουργός\n*[[1978]] - [[Μοχάμεντ Νταούντ Χαν]], Πρόεδρος του Αφγανιστάν\n*[[1979]] - [[Μιχαήλ Καρούσος]], Έλληνας πολιτικός\n*[[1984]] – [[Λεωνίδας Παρασκευόπουλος (Μητροπολίτης)|Λεωνίδας Παρασκευόπουλος]], Έλληνας μητροπολίτης\n*[[1986]] - [[Γιόζεφ Άλλεν Χάινεκ]], Αμερικανός αστρονόμος\n*[[1987]] - [[Βασίλης Χαρισόπουλος]], Έλληνας αγρότης και συνδικαλιστής\n*[[1992]] – [[Ολιβιέ Μεσιάν]], Γάλλος συνθέτης\n*[[1995]] - [[Άγγελος Αγγελόπουλος]], Έλληνας οικονομολόγος\n*[[1998]] – [[Κάρλος Καστανιέδα]], Περουβιανός συγγραφέας\n*[[2005]] - [[Στέργιος Χασαπίδης]], Έλληνας πολιτικός\n*[[2007]] - [[Μστισλάβ Ροστροπόβιτς]], Ρώσος τσελίστας και διευθυντής ορχήστρας\n*[[2008]] – [[Μάριος Τόκας]], Κύπριος συνθέτης\n*[[2015]] - [[Βερν Γκάνια]], Αμερικανός παλαιστής\n\n== Αργίες και εορτές ==\n* Εθνική εορτή στην [[Ολλανδία]] (Ημέρα γενεθλίων του Βασιλιά), στη [[Σλοβενία]] και τη [[Σιέρα Λεόνε]]\n* Ημέρα Ανεξαρτησίας στη [[Νότια Αφρική]]\n\n=== [[Ορθόδοξη Εκκλησία]] ===\n{{Πύλη:Ορθοδοξία/Εορτολόγιο/27 Απριλίου}}\n\n== Βλέπε επίσης ==\n{{Commonscat|27 April}}\n* [[27 Μαρτίου]] - [[27 Μαΐου]]\n\n{{Μήνες}}\n\n[[Κατηγορία:Ημέρες του έτους]]"}}}]}]}}