{"batchcomplete":true,"query":{"normalized":[{"fromencoded":false,"from":"27_Ιουλίου","to":"27 Ιουλίου"}],"pages":[{"pageid":2873,"ns":0,"title":"27 Ιουλίου","revisions":[{"slots":{"main":{"contentmodel":"wikitext","contentformat":"text/x-wiki","content":"{{Μήνες Ιουλίου}}\n\n<center>[[26 Ιουλίου]] | '''27 Ιουλίου''' | [[28 Ιουλίου]]</center>\n\n----\nΗ '''27η Ιουλίου''' είναι η 208η ημέρα του έτους κατά το [[Γρηγοριανό ημερολόγιο]] (209η σε δίσεκτα έτη). Υπολείπονται 157 ημέρες.\n\n{{ΗμερολόγιοΣεΠίνακα|7}}\n\n==Γεγονότα==\n*[[1189]] - Κατά τη διάρκεια της [[Γ΄ Σταυροφορία|Γ΄ Σταυροφορίας]], ο [[Φρειδερίκος Α΄ Βαρβαρόσσα]] φτάνει στη [[Νις (Σερβία)]], έδρα του [[Βασίλειο της Σερβίας (Μεσαίωνας)|Σέρβου βασιλιά]] [[Στέφανος Α΄ Νεμάνια|Στέφανου Α΄ Νεμάνια]].\n*[[1214]] - Ο [[Φίλιππος Β΄ της Γαλλίας]] νικά τους στρατούς της [[Αγία Ρωμαϊκή Αυτοκρατορία|Αγίας Ρωμαϊκής Αυτοκρατορίας]], της [[Βασίλειο της Αγγλίας|Αγγλίας]] και της [[Φλάνδρα]]ς στη [[μάχη του Μπουβίν]].\n*[[1302]] - [[Μάχη του Βαφέως]]: Οι [[Οθωμανική Αυτοκρατορία|Οθωμανοί]] νικούν τους [[Βυζαντινή Αυτοκρατορία|Βυζαντινούς]] ανοίγοντας το δρόμο για την κατάκτηση της [[Βιθυνία]]ς από τους Οθωμανούς.\n*[[1694]] - Ιδρύεται η [[Τράπεζα της Αγγλίας]].\n*[[1789]] - Ιδρύεται η πρώτη [[Ομοσπονδιακή κυβέρνηση των ΗΠΑ|ομοσπονδιακή κρατική υπηρεσία των Η.Π.Α.]]: το υπουργείο Εξωτερικών (θα μετονομαστεί αργότερα σε [[Στέιτ Ντιπάρτμεντ]]).\n*[[1794]] - [[Γαλλική Επανάσταση]]: Συλλαμβάνεται ο [[Μαξιμιλιανός Ροβεσπιέρος]] μετά την ενθάρρυνση της εκτέλεσης περισσότερων από 17.000 «εχθρών της επανάστασης».\n*[[1880]] - [[Β΄ Αγγλοαφγανικός Πόλεμος]]: Μάχη της Μαϊβάντ. Οι [[Αφγανιστάν|αφγανικές]] δυνάμεις νικούν τον [[Μεγάλη Βρετανία|βρετανικό]] στρατό κοντά στη Μαϊβάντ του Αφγανιστάν. \n*[[1890]] - Ο [[Βίνσεντ βαν Γκογκ]] αυτοπυροβολείται και πεθαίνει δύο μέρες αργότερα.\n*[[1900]] - Ο κάιζερ [[Γουλιέλμος Β΄ της Γερμανίας]] δίνει μία ομιλία συγκρίνοντας τους [[Γερμανοί|Γερμανούς]] με τους [[Ούννοι|Ούννους]]. Για χρόνια μετά, οι «Ούννοι» θα αποτελούσαν δυσφημιστικό όνομα για τους Γερμανούς.\n*[[1921]] - Ερευνητές του [[Πανεπιστήμιο του Τορόντο|Πανεπιστήμιου του Τορόντο]], με επικεφαλής τον βιοχημικό [[Φρέντερικ Μπάντινγκ]], αποδεικνύουν ότι η [[ορμόνη]] [[ινσουλίνη]] ρυθμίζει τη [[γλυκαιμία]].\n*[[1940]] - Προβάλλεται η μικρού μήκους ταινία κινουμένων σχεδίων ''A Wild Hare'', εισάγοντας τον χαρακτήρα του [[Bugs Bunny]].\n*[[1953]] - Επιτυγχάνεται παύση των εχθροπραξιών στον [[Πόλεμος της Κορέας|Πόλεμο της Κορέας]], όταν οι [[Ηνωμένες Πολιτείες Αμερικής]], η [[Κίνα]] και η [[Βόρεια Κορέα]] υπογράφουν συμφωνία ανακωχής. Ο πρόεδρος της [[Νότια Κορέα|Νότιας Κορέας]] αρνείται να υπογράψει αλλά δεσμεύεται να τηρήσει την ανακωχή.\n*[[1955]] - Η πτήση 402 της [[El Al]] καταρρίπτεται από δύο μαχητικά αεροσκάφη μετά την παραβίαση του [[Βουλγαρία|βουλγαρικού]] εναέριου χώρου. Και οι 58 επιβαίνοντες σκοτώνονται. \n\n==Γεννήσεις==\n*[[604]] - [[Φάτιμα (κόρη του Μωάμεθ)]]\n*[[1612]] - [[Μουράτ Δ΄]], Οθωμανός σουλτάνος\n*[[1768]] - [[Σαρλότ Κορντέ]], Γαλλίδα δολοφόνος του [[Ζαν Πωλ Μαρά]]\n*[[1801]] - [[Τζωρτζ Αίρυ]], Άγγλος μαθηματικός και αστρονόμος\n*[[1824]] - [[Αλέξανδρος Δουμάς (υιός)]], Γάλλος συγγραφέας\n*[[1827]] - [[Νικόλαος Παπαμιχαλόπουλος]], Έλληνας πολιτικός\n*[[1835]] - [[Τζοζουέ Καρντούτσι]], Ιταλός ποιητής\n*[[1848]] - [[Μπόρις Στούρμερ]], Ρώσος πολιτικός\n*[[1849]] - [[Τζιρόλαμο Βιτέλλι]], Ιταλός φιλόλογος\n*[[1867]] - [[Ενρίκε Γκρανάδος]], Ισπανός συνθέτης\n*[[1882]] - [[Ντόναλντ Κρισπ]], Άγγλος ηθοποιός\n*[[1886]] - [[Ερνστ Μάυ]], Γερμανός αρχιτέκτονας\n*[[1900]] - [[Ευάγγελος Παπανούτσος]], Έλληνας φιλόσοφος και συγγραφέας\n*[[1903]] - [[Μιχαήλ Στασινόπουλος]], Έλληνας πολιτικός\n*[[1910]] - [[Λουπίτα Τοβάρ]], Μεξικανή ηθοποιός\n*[[1917]] - [[Μπουρβίλ]], Γάλλος ηθοποιός\n*[[1921]] - [[Εουτζέν Κοσέριου]], Ρουμάνος γλωσσολόγος\n*[[1943]] - [[Τζον Μπάτον]], Άγγλος οδηγός αγώνων\n*[[1948]] - [[Χανς Ρόσλινγκ]], Σουηδός ακαδημαϊκός\n*[[1948]] - [[Παύλος Σιδηρόπουλος]], Έλληνας τραγουδοποιός\n*[[1949]] - [[Γιάννος Παπαντωνίου]], Έλληνας πολιτικός\n*[[1953]] - [[Δανάη Καρά]], Ελληνίδα πιανίστρια\n*[[1953]] - [[Αφροδίτη Μάνου]], Ελληνίδα τραγουδίστρια\n*[[1968]] - [[Κλιφ Κέρτις]], Νεοζηλανδός ηθοποιός\n*[[1968]] - [[Τζούλιαν ΜακΜάον]], Αυστραλός ηθοποιός\n*[[1969]] - [[Τίμο Μάας]], Γερμανός DJ και παραγωγός\n*[[1969]] - [[Γιάννης Μυλωνάς]], Έλληνας καλαθοσφαιριστής\n*[[1969]] - [[Triple H]], Αμερικανός παλαιστής\n*[[1971]] - [[Πάουλ Μάιερ]], Γερμανός αθλητής\n*[[1977]] - [[Τζόναθαν Ρις Μέγιερς]], Ιρλανδός ηθοποιός\n*[[1979]] - [[Σίντνεϊ Γκοβού]], Γάλλος ποδοσφαιριστής\n*[[1980]] - [[Ντολφ Ζίγκλερ]], Αμερικανός παλαιστής\n*[[1987]] - [[Μάρεκ Χάμσικ]], Σλοβάκος ποδοσφαιριστής\n\n==Θάνατοι==\n*[[305]] - [[Άγιος Παντελεήμονας]]\n*[[432]] - [[Πάπας Κελεστίνος Α΄]]\n*[[1061]] - [[Πάπας Νικόλαος Β΄]]\n*[[1158]] - [[Γοδεφρείδος της Νάντης]], κόμης του Ανζού\n*[[1276]] - [[Ιάκωβος Α΄ της Αραγωνίας|Ιάκωβος Α΄]], βασιλιάς της Αραγωνίας\n*[[1377]] - [[Φρειδερίκος Γ΄ της Σικελίας|Φρειδερίκος Γ΄]], βασιλιάς της Σικελίας\n*[[1473]] - [[Νικόλαος Α΄ του Ανζού]], δούκας της Λωρραίνης\n*[[1510]] - [[Τζοβάνι Σφόρτσα]], Ιταλός ευγενής\n*[[1675]] - [[Ερρίκος ντε Λα Τουρ ντ'Ωβέρν]], Γάλλος στρατιωτικός\n*[[1775]] - [[Κύριλλος Ε΄]], Πατριάρχης Κωνσταντινουπόλεως\n*[[1841]] - [[Μιχαήλ Λέρμοντοφ]], Ρώσος συγγραφέας\n*[[1844]] - [[Τζων Ντάλτον]], Άγγλος χημικός και φυσικός\n*[[1864]] - [[Αναστάσιος Μανάκης]], Έλληνας αγωνιστής\n*[[1864]] - [[Δημήτρης Πλαπούτας]], Έλληνας στρατιωτικός και πολιτικός\n*[[1931]] - [[Νικόλαος Γιαννικάκης]], Έλληνας πολιτικός\n*[[1933]] - [[Ιωάννης Τζίβας]], Έλληνας πολιτικός\n*[[1939]] - [[Ιωάννης Δροσόπουλος]], Έλληνας τραπεζίτης\n*[[1942]] - [[Χαράλαμπος Αυγερινός]], Έλληνας πολιτικός\n*[[1951]] - [[Αντώνης Σιτράς]], Έλληνας πολιτικός\n*[[1951]] - [[Ιωάννης Σοφιανόπουλος (πολιτικός)|Ιωάννης Σοφιανόπουλος]], Έλληνας πολιτικός\n*[[1958]] - [[Ιωάννης Παπαστράτος]], Έλληνας ευεργέτης\n*[[1966]] - [[Νικόλαος Σμπαρούνης – Τρίκορφος]], Έλληνας χειρουργός\n*[[1970]] - [[Αντόνιο ντι Ολιβέιρα Σαλαζάρ]], Πορτογάλος πολιτικός\n*[[1980]] - [[Μοχάμεντ Ρεζά Παχλαβί]], σάχης του Ιράν\n*[[1981]] - [[Γουίλιαμ Γουάιλερ]], Γερμανός σκηνοθέτης\n*[[1984]] - [[Τζέιμς Μέισον]], Άγγλος ηθοποιός\n*[[1986]] - [[Νίκος Νικολάου (ζωγράφος)|Νίκος Νικολάου]], Έλληνας ζωγράφος\n*[[1994]] - [[Κέβιν Κάρτερ]], Νοτιοαφρικανός φωτογράφος\n*[[1995]] - [[Μίκλος Ρόζα]], Ούγγρος συνθέτης\n*[[2000]] - [[Γκόρντον Σόλι]], Αμερικανός εκφωνητής αγώνων πάλης\n*[[2003]] - [[Μπομπ Χόουπ]], Άγγλος ηθοποιός\n*[[2004]] - [[Χρήστος Αθανίτης]], Έλληνας πολιτικός\n*[[2015]] - [[Αμπντούλ Καλάμ]], Ινδός πολιτικός\n\n==Αργίες και εορτές==\n===[[Ορθόδοξη Εκκλησία]]===\n{{Πύλη:Ορθοδοξία/Εορτολόγιο/27 Ιουλίου}}\n\n{{Μήνες}}\n\n[[Κατηγορία:Ημέρες του έτους]]"}}}]}]}}