{"batchcomplete":true,"query":{"normalized":[{"fromencoded":false,"from":"27_Οκτωβρίου","to":"27 Οκτωβρίου"}],"pages":[{"pageid":3370,"ns":0,"title":"27 Οκτωβρίου","revisions":[{"slots":{"main":{"contentmodel":"wikitext","contentformat":"text/x-wiki","content":"{{Μήνες Οκτωβρίου}}\n\n<center>[[26 Οκτωβρίου]] | '''27 Οκτωβρίου''' | [[28 Οκτωβρίου]]</center>\n\n----\n{{ΗμερολόγιοΣεΠίνακα|10}}\nΗ '''27η Οκτωβρίου''' είναι η 300ή ημέρα του έτους κατά το [[Γρηγοριανό ημερολόγιο]] (301η σε δίσεκτα έτη). Υπολείπονται 65 ημέρες.\n\n== Γεγονότα ==\n*[[312]] - Ο [[Κωνσταντίνος Α΄]] φέρεται να βλέπει το περίφημο όραμα του σταυρού με την επιγραφή «Εν τούτω νίκα».\n*[[939]] - Πεθαίνει ο [[Έθελσταν της Αγγλίας|Έθελσταν]], ο πρώτος [[Κατάλογος Άγγλων μοναρχών|βασιλιάς της Αγγλίας]], και τον διαδέχεται ο ετεροθαλής αδελφός του [[Εδμόνδος Α΄ της Αγγλίας]].\n*[[1275]] - Παραδοσιακή ημερομηνία ίδρυσης του [[Άμστερνταμ]].\n*[[1553]] - Καταδικασμένος ως [[Αίρεση|αιρετικός]], ο [[Μιχαήλ Σερβέτος]] καίγεται στην πυρά λίγο έξω από τη [[Γενεύη]]. \n*[[1682]] - Ιδρύεται η [[Φιλαδέλφεια (Πενσυλβάνια)|Φιλαδέλφεια]] στην [[Πενσυλβάνια]].\n*[[1795]] - Οι [[Η.Π.Α.]] και η [[Ισπανία]] υπογράφουν συνθήκη, με την οποία ορίζονται τα σύνορα μεταξύ των ισπανικών αποικιών και των Η.Π.Α.\n*[[1806]] - Ο [[Γαλλία|γαλλικός]] στρατός εισέρχεται στο [[Βερολίνο]], μετά τη [[μάχη της Ιένας-Άουερστεντ]].\n*[[1827]] - Η τρίτη όπερα του [[Βιντσέντζο Μπελίνι]], ''Ο Πειρατής'', κάνει πρεμιέρα στη [[Σκάλα του Μιλάνου]].\n*[[1838]] - Ο κυβερνήτης του [[Μιζούρι (πολιτεία)|Μιζούρι]] εκδίδει διαταγή, με την οποία διατάσσονται όλοι οι Μορμόνοι να φύγουν από την πολιτεία αλλιώς θα εξολοθρευτούν. \n*[[1904]] - Ανοίγει η πρώτη υπόγεια γραμμή του [[Μετρό Νέας Υόρκης|Μετρό της Νέας Υόρκης]], το οποίο γίνεται το μεγαλύτερο στις [[Η.Π.Α.]] και ένα από τα μεγαλύτερα στον κόσμο. \n*[[1914]] - Οι [[Μεγάλη Βρετανία|Βρετανοί]] χάνουν το πρώτο τους θωρηκτό στον [[Α΄ Παγκόσμιος Πόλεμος|Α΄ Παγκόσμιο Πόλεμο]]: το βρετανικό σούπερ-θωρηκτό HMS ''Audacious'' (23.400 τόνων) βυθίζεται στα βορειοδυτικά της [[Ιρλανδία]]ς, από [[νάρκη θαλάσσης]] που άφησε το [[Γερμανία|γερμανικό]] πλοίο ''Berlin''. Η απώλεια κρατήθηκε επίσημα μυστική στη Μεγάλη Βρετανία μέχρι τις [[14 Νοεμβρίου]] του [[1918]]. Το ναυάγιο φωτογραφήθηκε από επιβάτες του RMS ''Olympic'', αδελφού πλοίου του [[Τιτανικός|Τιτανικού]].\n*[[1924]] - Ιδρύεται η [[Σοβιετική Σοσιαλιστική Δημοκρατία του Ουζμπεκιστάν]] στη [[Ένωση Σοβιετικών Σοσιαλιστικών Δημοκρατιών|Σοβιετική Ένωση]].\n*[[1936]] - Η κα Ουόλις Σίμπσον καταθέτει αίτηση διαζυγίου που θα της επέτρεπε να παντρευτεί τον βασιλιά [[Εδουάρδος Η΄ του Ηνωμένου Βασιλείου|Εδουάρδο Η΄ του Ηνωμένου Βασιλείου]], γεγονός που θα οδηγήσει στην αναγκαστική παραίτησή του από τον θρόνο. \n*[[1944]] - [[Β΄ Παγκόσμιος Πόλεμος]]: η [[Βέρμαχτ]] καταλαμβάνει την [[Μπάνσκα Μπίστριτσα]] δίνοντας έτσι τέλος στη [[Σλοβακία|σλοβακική]] εθνική εξέγερση.\n*[[1951]] - Ο [[Νικόλαος Πλαστήρας]] γίνεται για τρίτη φορά [[Κατάλογος Πρωθυπουργών της Ελλάδας|πρωθυπουργός της Ελλάδας]].\n*[[1958]] - Ο Ισκαντέρ Μίρζα, πρώτος πρόεδρος του Πακιστάν, καθαιρείται από αναίμακτο πραξικόπημα του στρατηγού Αγιούμπ Χαν.\n*[[1961]] - Η [[NASA]] εκτοξεύει τον πρώτο [[Πύραυλος|πύραυλο]] Κρόνο στην αποστολή Saturn-Apollo 1.\n*[[1969]] - Ο [[Ηνωμένες Πολιτείες Αμερικής|Αμερικανός]] πρόεδρος [[Ρίτσαρντ Νίξον]] βάλλεται στο [[Κογκρέσο των Ηνωμένων Πολιτειών]] για τη σκανδαλώδη, άνευ διαγωνισμού, ανάθεση έργου προϋπολογισμού εκατομμυρίων δολαρίων στον Ελληνοαμερικανό επιχειρηματία [[Τομ Πάπας]], από τους βασικούς χρηματοδότες της προεκλογικής εκστρατείας του Νίξον.\n*[[1970]] - Ο εισαγγελέας δίνει τέλος στη διένεξη [[Διονύσης Σαββόπουλος|Διονύση Σαββόπουλου]] - Παντελή Γκίνη αποφαινόμενος ότι το διαφιλονικούμενο ''[[Ντιρλαντά]]'' είναι δημοτικό άσμα. Διατάσσεται η κατάσχεση του δίσκου που κυκλοφορεί με την εκτέλεση του Σαββόπουλου.\n* [[1971]] - Η [[Λαϊκή Δημοκρατία του Κονγκό]] μετονομάζεται [[Ζαΐρ]].\n* [[1979]] - Ο [[Άγιος Βικέντιος και Γρεναδίνες]] κερδίζουν την ανεξαρτησία τους από το Ηνωμένο Βασίλειο.\n* [[1981]] - Το σοβιετικό υποβρύχιο U 137 προσαράζει στην ανατολική ακτή της Σουηδίας.\n* [[1988]] - Ο Αμερικανός πρόεδρος [[Ρόναλντ Ρίγκαν]] αποφασίζει την κατεδάφιση της αμερικανικής πρεσβείας στη Μόσχα, μετά τον εντοπισμό σοβιετικών συσκευών υποκλοπής - ακρόασης στη δομή του κτιρίου.\n* [[1991]] - Το [[Τουρκμενιστάν]] ανεξαρτητοποιείται από τη [[Σοβιετική Ένωση]].\n* [[1995]] - Ο πρώην πρωθυπουργός της Ιταλίας [[Μπετίνο Κράξι]] καταδικάζεται ερήμην για διαφθορά.\n* [[1997]] - Μεγάλη πτώση των χρηματιστηρίων σε όλο τον κόσμο λόγω φόβων μιας παγκόσμιας οικονομικής κατάρρευσης. Ο δείκτης Dow Jones πέφτει κατά 554,26 μονάδες φθάνοντας τις 7.161,15.\n* [[1999]] - Ένοπλοι ανοίγουν πυρ στο αρμενικό Κοινοβούλιο, σκοτώνοντας τον πρωθυπουργό της χώρας, τον πρόεδρο του κοινοβουλίου και 6 άλλα μέλη.\n* [[2017]] - Η Καταλονία κηρύττει ανεξαρτησία, η οποία δεν αναγνωρίζεται από κανένα κράτος.\n\n== Γεννήσεις ==\n*[[892]] - [[Αυτοκράτορας Αϊτί των Τανγκ]]\n*[[1401]] - [[Αικατερίνη της Γαλλίας (1401-1437)]], βασίλισσα της Αγγλίας\n*[[1782]] - [[Νικολό Παγκανίνι]], Ιταλός βιολιστής και συνθέτης\n*[[1842]] - [[Τζοβάννι Τζολίττι]], Ιταλός πολιτικός\n*[[1858]] - [[Θεόδωρος Ρούζβελτ]], 26ος πρόεδρος των Η.Π.Α.\n*[[1894]] - [[Φριτς Ζάουκελ]], Γερμανός πολιτικός\n*[[1914]] - [[Γιαν Κοτ]], Πολωνός πολιτικός αναλυτής, κριτικός, θεατρικός συγγραφέας\n*[[1918]] - [[Τερέζα Ράιτ]], Αμερικανίδα ηθοποιός\n*[[1923]] - [[Ρόι Λίχτενσταϊν]], Αμερικανός ζωγράφος και γλύπτης\n*[[1925]] - [[Γουόρεν Κρίστοφερ]], Αμερικανός πολιτικός\n*[[1932]] - [[Σύλβια Πλαθ]], Αμερικανίδα ποιήτρια\n*[[1934]] - [[Γιώργος Κωνσταντίνου (ηθοποιός)|Γιώργος Κωνσταντίνου]], Έλληνας ηθοποιός\n*[[1945]] - [[Λουίς Ινάσιο Λούλα ντα Σίλβα]], Βραζιλιάνος πολιτικός\n*[[1952]] - [[Ρομπέρτο Μπενίνι]], Ιταλός ηθοποιός, σεναριογράφος και σκηνοθέτης \n*[[1956]] - [[Μπάμπης Τσέρτος]], Έλληνας τραγουδιστής\n*[[1958]] - [[Σάιμον Λε Μπόν]], Άγγλος τραγουδιστής ([[Duran Duran]] και Arcadia)\n*[[1971]] - [[Θοδωρής Ζαγοράκης]], Έλληνας ποδοσφαιριστής\n*[[1976]] - [[Αριέλ Ιμπαγάσα]], Αργεντινός ποδοσφαιριστής\n*[[1978]] - [[Βανέσσα Μέι]], Βρετανή βιολίστρια\n*[[1983]] - [[Κιβάντς Τατλιτούγ]], Τούρκος ηθοποιός\n*[[1992]] - [[Στέφαν Ελ Σαράουι]], Ιταλός ποδοσφαιριστής\n\n== Θάνατοι ==\n*[[939]] - [[Έθελσταν της Αγγλίας|Έθελσταν]], βασιλιάς των Άγγλων\n*[[1303]] - [[Βεατρίκη της Καστίλης (1242-1303)|Βεατρίκη της Καστίλης]], βασίλισσα της Πορτογαλίας\n*[[1312]] - [[Ιωάννης Β΄ της Βραβάντης|Ιωάννης Β΄]], δούκας της Βραβάντης\n*[[1327]] - [[Ελισάβετ του Μπουργκ]], βασίλισσα της Σκωτίας\n*[[1439]] - [[Αλβέρτος Β΄ της Γερμανίας]], βασιλιάς της Ουγγαρίας\n*[[1449]] - [[Ούλουγκ Μπεγκ]], Τιμουρίδης ηγέτης και αστρονόμος\n*[[1505]] - [[Ιβάν Γ΄ της Ρωσίας]], μέγας πρίγκιπας της Μόσχας\n*[[1553]] - [[Μιχαήλ Σερβέτος]], Ισπανός ιατρός και θεολόγος\n*[[1847]] - [[Αλεσάντρ Ντεσαπέλ]], Γάλλος στρατιωτικός και σκακιστής\n*[[1880]] - [[Θρασύβουλος Ζαΐμης]], Έλληνας πολιτικός\n*[[1968]] - [[Λίζε Μάιτνερ]], Αυστριακή φυσικός\n*[[1968]] - [[Φίλιππος Μανουηλίδης]], Έλληνας πολιτικός\n*[[1990]] - [[Ούγκο Τονιάτσι]], Ιταλός ηθοποιός\n*[[2000]] - [[Λίντα Μπάροβα]], Τσέχα ηθοποιός\n*[[2004]] - [[Ρήγας Ρηγόπουλος]], Έλληνας καθηγητής\n*[[2005]] - [[Αγαπητός Τσοπανάκης]], Έλληνας φιλόλογος και γλωσσολόγος\n*[[2009]] - [[Έλλη Παππά]], Ελληνίδα δημοσιογράφος και συγγραφέας\n*[[2010]] - [[Νέστορ Κίρχνερ]], Αργεντινός πολιτικός\n*[[2012]] - [[Ζακ Ντυπέν]], Γάλλος ποιητής\n*[[2013]] - [[Λου Ριντ]], Αμερικανός τραγουδοποιός ([[The Velvet Underground]])\n*2021-[[wikidata:Q109294335|Μαργκώ Κουμανάκου]] Ελληνίδα δημοσιογράφος\n\n== Αργίες και εορτές ==\n* Γιορτή της [[Σημαία της Ελλάδας|Ελληνικής Σημαίας]].\n\n=== [[Ορθόδοξη Εκκλησία]] ===\n{{Πύλη:Ορθοδοξία/Εορτολόγιο/27 Οκτωβρίου}}\n\n{{Μήνες}}\n\n[[Κατηγορία:Ημέρες του έτους]]"}}}]}]}}