{"batchcomplete":true,"query":{"normalized":[{"fromencoded":false,"from":"27_Νοεμβρίου","to":"27 Νοεμβρίου"}],"pages":[{"pageid":3581,"ns":0,"title":"27 Νοεμβρίου","revisions":[{"slots":{"main":{"contentmodel":"wikitext","contentformat":"text/x-wiki","content":"{{Μήνες Νοεμβρίου}}\n\n<center>[[26 Νοεμβρίου]] | '''27 Νοεμβρίου''' | [[28 Νοεμβρίου]]</center>\n\n----\nΗ '''27η Νοεμβρίου''' είναι η 331η ημέρα του έτους κατά το [[Γρηγοριανό ημερολόγιο]] (332η σε δίσεκτα έτη). Υπολείπονται 34 ημέρες.\n\n{{ΗμερολόγιοΣεΠίνακα|11}}\n\n== Γεγονότα ==\n*[[25]] - Ο [[αυτοκράτορας Κουάνγκγου των Χαν]] ορίζει τη [[Λουόγιανγκ]] ως πρωτεύουσα της ανατολικής [[Δυναστεία Χαν|δυναστείας Χαν]].  \n*[[176]] - Ο αυτοκράτορας [[Μάρκος Αυρήλιος]] ορίζει τον γιο του, [[Κόμμοδος|Κόμμοδο]], ανώτατο διοικητή των [[Λεγεώνα|ρωμαϊκών λεγεώνων]].\n*[[395]] - Ο [[Φλάβιος Ρουφίνος]], ύπαρχος των πραιτωρίων της ανατολής, δολοφονείται από τους [[Γότθοι|Γότθους]] μισθοφόρους του Γαϊνά.\n*[[511]] - Πεθαίνει στη Λουτέτια ο βασιλιάς [[Κλόβις Α΄]].  \n*[[602]] - Ο αυτοκράτορας [[Μαυρίκιος (αυτοκράτορας)|Μαυρίκιος]] υποχρεώνεται να παρακολουθήσει την εκτέλεση των πέντε γιων του πριν αποκεφαλιστεί ο ίδιος.   \n*[[1095]] - Ο [[Πάπας Ουρβανός Β΄]] κηρύσσει την [[Α΄ Σταυροφορία]] στη σύνοδο του [[Κλερμόν-Φεράν|Κλερμόν]].\n*[[1830]] - Η Αγία Αικατερίνη Λαμπουρέ βλέπει ένα όραμα με την Παναγία.\n*[[1856]] - Το [[Λουξεμβούργο]] υιοθετεί μονομερώς ένα νέο, αντιδραστικό [[Σύνταγμα του Λουξεμβούργου|σύνταγμα]]. \n*[[1895]] - Ο [[Άλφρεντ Νόμπελ]] υπογράφει στο [[Παρίσι]] τη [[διαθήκη]] του, με την οποία προσφέρει την περιουσία του για τη θέσπιση των [[Βραβείο Νόμπελ|Βραβείων Νόμπελ]] μετά το θάνατό του. \n*[[1896]] - Παρουσιάζεται για πρώτη φορά το ''Τάδε Έφη Ζαρατούστρα'' του [[Ρίχαρντ Στράους]].\n*[[1912]] - Η [[Ισπανία]] ανακηρύσσει προτεκτοράτο το βόρειο τμήμα του [[Μαρόκο]]υ. \n*[[1940]] - Στη [[Ρουμανία]], το κυβερνών φασιστικό κόμμα [[Σιδηρά Φρουρά]] δολοφονεί πάνω από 60 υπασπιστές του βασιλιά [[Κάρολος Β΄ της Ρουμανίας|Καρόλου Β΄]] και άλλους πολιτικά διαφωνούντες.\n*[[1942]] - [[Β΄ Παγκόσμιος Πόλεμος]]: Το [[Γαλλία|γαλλικό ναυτικό]] βυθίζει στην [[Τουλόν]] τα πλοία και τα υποβρύχιά του για να μην πέσουν στα χέρια των [[Ναζισμός|Ναζί]].  \n*[[1965]] - Ασύλητο βασιλικό τάφο της [[Μυκηναϊκός πολιτισμός|Μυκηναϊκής περιόδου]] ανακαλύπτει στις [[Επάνω Αρχάνες|Αρχάνες Κρήτης]], ο αρχαιολόγος [[Γιάννης Σακελλαράκης]].\n*[[1969]] - Τα γραφεία της [[Ισραήλ|ισραηλινής]] αεροπορικής εταιρίας [[El Al]] στην [[Αθήνα]] πλήττονται από χειροβομβίδα που πετάει νεαρός [[Άραβες|Άραβας]], τραυματίζοντας πάνω από 15 άτομα. Ο μικρός Γεώργιος Νάστος θα πεθάνει λίγο αργότερα. \n*[[1973]] - Εικοστή πέμπτη τροπολογία: Η [[Γερουσία (ΗΠΑ)]] με ψήφους 92-3 εγκρίνει τον [[Τζέραλντ Φορντ]] ως [[Αντιπρόεδρος των ΗΠΑ|αντιπρόεδρο των Η.Π.Α.]] (Στις [[6 Δεκεμβρίου]], η [[Βουλή των Αντιπροσώπων (ΗΠΑ)|Βουλή των Αντιπροσώπων]] θα τον επικυρώσει με 387-35).\n*[[1978]] - Δολοφονούνται στο [[Σαν Φρανσίσκο]] ο δήμαρχος της πόλης Τζορτζ Μασκόνι και ο ανοιχτά [[γκέι]] δημοτικός σύμβουλος [[Χάρβεϊ Μιλκ]] από τον πρώην δημοτικό σύμβουλο Νταν Γουάιτ. \n*[[1978]] - Ιδρύεται στην [[Τουρκία]] το [[Εργατικό Κόμμα του Κουρδιστάν]] (PKK).\n*[[1983]] - [[Boeing 747]] της Avianca συντρίβεται κοντά στο [[Διεθνές Αεροδρόμιο Μαδρίτης Μπαράχας]], σκοτώνοντας 181 άτομα.\n*[[1984]] - Ολοκληρώνεται η συμφωνία των Βρυξελλών μεταξύ των κυβερνήσεων του [[Ηνωμένο Βασίλειο|Ηνωμένου Βασιλείου]] και της [[Ισπανία|Ισπανίας]], με την οποία το Ηνωμένο Βασίλειο συμφωνεί να αρχίσει συζητήσεις με την Ισπανία σχετικά με το [[Γιβραλτάρ]], συμπεριλαμβανομένου και του ζητήματος της κυριαρχίας του. \n*[[1989]] - [[Boeing 727]] της Avianca εκρήγνυται στον αέρα πάνω από την [[Κολομβία]], σκοτώνοντας και τους 107 επιβαίνοντες και 3 άτομα στο έδαφος. Το [[Καρτέλ Μεδεγίν]] θα αναλάβει την ευθύνη για την επίθεση.\n*[[1992]] - Για δεύτερη φορά σε ένα χρόνο, [[Στράτευμα|στρατιωτικές]] δυνάμεις προσπαθούν να ανατρέψουν τον πρόεδρο Κάρλος Ανδρές Πέρες στη [[Βενεζουέλα]].  \n\n== Γεννήσεις ==\n*[[111]] - [[Αντίνοος (Ρωμαίος)|Αντίνοος]], Έλληνας σύντροφος του Αδριανού\n*[[1380]] - [[Φερδινάνδος Α΄ της Αραγωνίας|Φερδινάνδος Α΄]], βασιλιάς της Αραγωνίας\n*[[1701]] - [[Άντερς Κέλσιος]], Σουηδός αστρονόμος\n*[[1857]] - [[Τσαρλς Σκοτ Σέρινγκτον]], Άγγλος φυσιολόγος\n*[[1921]] - [[Αλεξάντερ Ντούμπτσεκ]], Σλοβάκος πολιτικός\n*[[1928]] - [[Αλέκος Αλεξανδράκης]], Έλληνας ηθοποιός\n*[[1928]] - [[Στάνλεϊ Χόφμαν]], Γάλλος λόγιος\n*[[1938]] - [[Απόλο Ενζιμπάμπι]], πρωθυπουργός της Ουγκάντας\n*[[1939]] - [[Λοράν Ντεζιρέ Καμπιλά]], πρόεδρος του Κονγκό\n*[[1940]] - [[Μπρους Λι]], Αμερικανός ηθοποιός\n*[[1942]] - [[Τζίμι Χέντριξ]], Αμερικανός τραγουδιστής, κιθαρίστας και παραγωγός\n*[[1945]] - [[Μπενίνιο Φιτιάλ]], κυβερνήτης των Βορείων Μαριανών Νήσων\n*[[1947]] - [[Ισμαήλ Ομάρ Γκουέλεχ]], πρόεδρος του Τζιμπουτί\n*[[1948]] - [[Ζντράβκο Τόλιμιρ]], Βόσνιος στρατιωτικός\n*[[1951]] - [[Κάθριν Μπίγκελοου]], Αμερικανίδα σκηνοθέτρια                                                                 \n*[[1956]] - [[Γουίλιαμ Φίχτνερ]], Αμερικανός ηθοποιός\n*[[1957]] - [[Καρολίνα Μπουβιέ Κένεντι]], Αμερικανίδα συγγραφέας και δικηγόρος\n*[[1960]] - [[Γιούλια Τιμοσένκο]], Ουκρανή πολιτικός\n*[[1962]] - [[Ντέιβι Μπόι Σμιθ]], Άγγλος παλαιστής\n*[[1969]] - [[Μάιλς Κένεντι]], Αμερικανός τραγουδιστής ([[Alter Bridge]])\n*[[1982]] - [[Αλεξάντερ Κερζακόφ]], Ρώσος ποδοσφαιριστής\n*[[1984]] - [[Σάνα Νίλσεν]], Σουηδέζα τραγουδίστρια\n\n== Θάνατοι ==\n*[[8 π.Χ.]] - [[Οράτιος]], Ρωμαίος ποιητής\n*[[395]] - [[Φλάβιος Ρουφίνος]], Ρωμαίος πολιτικός\n*[[450]] - [[Γάλλα Πλακιδία]], Βυζαντινή αυτοκράτειρα\n*[[511]] - [[Κλόβις Α΄]], βασιλιάς των Φράγκων\n*[[602]] - [[Μαυρίκιος (αυτοκράτορας)|Μαυρίκιος]], Βυζαντινός αυτοκράτορας\n*[[1252]] - [[Λευκή της Καστίλης]], βασίλισσα της Γαλλίας\n*[[1553]] - [[Ηγεμόνας Τζιχανγκίρ|Τζιχανγκίρ]], Οθωμανός πρίγκιπας\n*[[1644]] - [[Φρανθίσκο Πατσέκο]], Ισπανός καλλιτέχνης\n*[[1680]] - [[Αθανάσιος Κίρχερ]], Γερμανός λόγιος\n*[[1754]] - [[Αβραάμ ντε Μουάβρ]], Γάλλος μαθηματικός\n*[[1758]] - [[Σενεσίνο]], Ιταλός καστράτο\n*[[1852]] - [[Άντα Λάβλεϊς]], Αγγλίδα μαθηματικός\n*[[1895]] - [[Αλέξανδρος Δουμάς (υιός)]], Γάλλος συγγραφέας\n*[[1909]] - [[Ιωάννης Δ. Παπαδιαμαντόπουλος]], Έλληνας στρατιωτικός\n*[[1936]] - [[Βασίλειος Ζαχάρωφ]], Έλληνας επιχειρηματίας\n*[[1936]] - [[Έντουαρντ Μπαχ]], Άγγλος ιατρός\n*[[1940]] - [[Νικολάε Γιόργκα]], Ρουμάνος ιστορικός και πολιτικός\n*[[1951]] - [[Γεώργιος Δ. Παπαγεωργίου]], Έλληνας στρατιωτικός και πολιτικός\n*[[1953]] - [[Ευγένιος Ο'Νηλ]], Αμερικανός θεατρικός συγγραφέας\n*[[1967]] - [[Λέον Μπα]], πρόεδρος της Γκαμπόν\n*[[1977]] - [[Επαμεινώνδας Πετραλιάς]], Έλληνας αθλητικός παράγοντας \n*[[1978]] - [[Χάρβεϊ Μιλκ]], Αμερικανός πολιτικός\n*[[1983]] - [[Κώστας Μεντής]], Έλληνας ηθοποιός\n*[[1984]] - [[Στέλιος Ξεφλούδας]], Έλληνας συγγραφέας\n*[[1985]] - [[Φερνάν Μπρωντέλ]], Γάλλος ιστορικός\n*[[1987]] - [[Γρηγόριος Κασιμάτης]], Έλληνας πολιτικός\n*[[1990]] - [[Βασίλης Ξανθόπουλος (επιστήμονας)|Βασίλης Ξανθόπουλος]], Έλληνας φυσικός\n*[[1999]] - [[Ευστάθιος Κωστελίδης]], Έλληνας πολιτικός\n*[[2011]] - [[Βαγγέλης Λιβαδάς]], Έλληνας θεατρικός επιχειρηματίας\n*[[2016]] - [[Ιωάννης Γρίβας]], Έλληνας δικαστικός και πολιτικός\n*[[2016]] - [[Γιάννης Χωματάς]], Έλληνας γιατρός και πολιτικός\n\n== Αργίες και εορτές ==\n{{commonscat|27 November}}\n=== [[Ορθόδοξη Εκκλησία]] ===\n{{Πύλη:Ορθοδοξία/Εορτολόγιο/27 Νοεμβρίου}}\n\n{{Μήνες}}\n\n[[Κατηγορία:Ημέρες του έτους]]"}}}]}]}}