{"batchcomplete":true,"query":{"normalized":[{"fromencoded":false,"from":"27_Σεπτεμβρίου","to":"27 Σεπτεμβρίου"}],"pages":[{"pageid":8052,"ns":0,"title":"27 Σεπτεμβρίου","revisions":[{"slots":{"main":{"contentmodel":"wikitext","contentformat":"text/x-wiki","content":"{{Μήνες Σεπτεμβρίου}}\n\n<center>[[26 Σεπτεμβρίου]] | '''27 Σεπτεμβρίου''' | [[28 Σεπτεμβρίου]]</center>\n\n----\nΗ '''27η Σεπτεμβρίου''' είναι η 270η ημέρα του έτους κατά το [[Γρηγοριανό ημερολόγιο]] (271η σε δίσεκτα έτη). Υπολείπονται 95 ημέρες.\n\n{{ΗμερολόγιοΣεΠίνακα|9}}\n\n== Γεγονότα ==\n*[[1066]] - Ο [[Γουλιέλμος Α΄ της Αγγλίας|Γουλιέλμος ο Κατακτητής]] σαλπάρει με τον στρατό του από τις εκβολές του [[Σομ (ποταμός)|ποταμού Σομ]] για να κατακτήσει την [[Αγγλία]].\n*[[1529]] - Αρχίζει η [[Πρώτη πολιορκία της Βιέννης]] όταν ο [[Σουλεϊμάν Α΄ ο Μεγαλοπρεπής]] επιτίθεται στην πόλη.\n*[[1540]] - Η [[Εταιρία του Ιησού]] (Ιησουίτες) αποκτά το καταστατικό της από τον [[Πάπας Παύλος Γ΄|Πάπα Παύλο Γ΄]].\n*[[1590]] - Ο [[Πάπας Ουρβανός Ζ΄]] πεθαίνει 12 ημέρες μετά την εκλογή του ως [[Πάπας]], καθιστώντας τη βασιλεία του τη συντομότερη στην ιστορία του παπισμού.\n*[[1605]] - Ο στρατός της [[Σουηδία]]ς ηττάται από την [[Πολωνική-Λιθουανική Κοινοπολιτεία]] στη μάχη του Κίρχολμ.\n*[[1650]] - Έκρηξη του ηφαιστείου [[Κολούμπο]] κοντά στη [[Σαντορίνη]].\n*[[1822]] - Ο [[Ζαν-Φρανσουά Σαμπολιόν]] [[Lettre à M. Dacier|ανακοινώνει]] ότι αποκρυπτογράφησε τη [[Στήλη της Ροζέττας]].\n*[[1831]] - Δολοφονείται στο Ναύπλιο ο πρώτος Κυβερνήτης της Ελλάδος [[Ιωάννης Καποδίστριας]].\n*[[1854]] - Το ατμόπλοιο ''SS Arctic'' βυθίζεται με απολογισμό 300 νεκρούς. Το γεγονός σηματοδοτεί την πρώτη μεγάλη καταστροφή στον [[Ατλαντικός Ωκεανός|Ατλαντικό Ωκεανό]].\n*[[1905]] - Το επιστημονικό περιοδικό ''Χρονικά της Φυσικής'' λαμβάνει έγγραφο από τον [[Άλμπερτ Αϊνστάιν]] με τίτλο «Μήπως η αδράνεια ενός σώματος εξαρτάται από το ενεργειακό του περιεχόμενο;», που παρουσιάζει την εξίσωση [[Ισοδυναμία μάζας-ενέργειας|E=mc²]]. \n*[[1922]] - Ο βασιλιάς [[Κωνσταντίνος Α΄ της Ελλάδας]] παραιτείται από τον θρόνο υπέρ του μεγαλύτερου γιου του, [[Γεώργιος Β΄ των Ελλήνων|Γεώργιου Β΄]]. \n*[[1938]] - Καθελκύεται στη [[Γλασκώβη]] το [[υπερωκεάνειο]] ''Βασίλισσα Ελισάβετ''.\n*[[1940]] - [[Β΄ Παγκόσμιος Πόλεμος]]: Υπογράφεται στο [[Βερολίνο]] το [[Τριμερές Σύμφωνο του Άξονα]] από τη [[Ναζιστική Γερμανία|Γερμανία]], την [[Ιαπωνία]] και την [[Ιταλία]].\n*[[1941]] - Ιδρύεται στην [[Αθήνα]] το [[Εθνικό Απελευθερωτικό Μέτωπο]] (ΕΑΜ), με πρωτοβουλία του [[Κομμουνιστικό Κόμμα Ελλάδας|Κ.Κ.Ε.]]\n*[[1949]] - Η πρώτη ολομέλεια του [[Εθνικό Λαϊκό Συνέδριο|Εθνικού Λαϊκού Συνεδρίου]] εγκρίνει το σχέδιο της [[Σημαία της Λαϊκής Δημοκρατίας της Κίνας|σημαίας της Λαϊκής Δημοκρατίας της Κίνας]].\n*[[1962]] - Συστήνεται η [[Αραβική Δημοκρατία της Υεμένης]].\n*1962 - Εκδίδεται το βιβλίο της [[Ρέιτσελ Κάρσον]] ''Σιωπηλή Άνοιξη'', το οποίο αποτέλεσε έμπνευση για το περιβαλλοντικό κίνημα και τη δημιουργία της Υπηρεσίας Προστασίας Περιβάλλοντος των ΗΠΑ.\n*[[1963]] - Παραιτείται η [[Κυβέρνηση Παναγιώτη Πιπινέλη 1963|κυβέρνηση Πιπινέλη]] και εντολή σχηματισμού [[Υπηρεσιακή κυβέρνηση Στυλιανού Μαυρομιχάλη 1963|υπηρεσιακής κυβέρνησης]] αναλαμβάνει ο πρόεδρος του [[Άρειος Πάγος|Αρείου Πάγου]], [[Στυλιανός Μαυρομιχάλης]].\n*[[1975]] - Στην τελευταία χρήση της θανατικής ποινής στην [[Ισπανία]], εκτελούνται πέντε μέλη μαχητικών οργανώσεων προκαλώντας παγκόσμιες διαμαρτυρίες κατά της ισπανικής κυβέρνησης και την ανάκληση πολυάριθμων πρεσβευτών. \n*[[1983]] - Ο [[Ρίτσαρντ Στόλλμαν]] ανακοινώνει το εγχείρημα [[GNU]] για την ανάπτυξη ενός ελεύθερου [[Λειτουργικό σύστημα|λειτουργικού συστήματος]] τύπου [[Unix]].\n*[[1988]] - Ιδρύεται ο Εθνικός Σύνδεσμος για τη Δημοκρατία στη [[Βιρμανία]], από την Αούνγκ Σαν Σου Κίι.\n*[[1993]] - Οι αντάρτες καταλαμβάνουν την πόλη [[Σοχούμι]] της Γεωργίας. \n*1993 - Ο [[Ανζ Φελίξ Πατασέ]] εκλέγεται Πρόεδρος της Κεντροαφρικανικής Δημοκρατίας.\n*[[1994]] - Ο Τσαντ Χούντεμπι διασχίζει την [[Μάγχη]] κολυμπώντας σε χρόνο ρεκόρ 7 ωρών και 17 λεπτών\n*[[1995]] - [[Βρετανία]] και [[Αργεντινή]], 13 χρόνια μετά τον πόλεμο των Φόκλαντ, υπογράφουν συμφωνία για την κοινή εκμετάλλευση των κοιτασμάτων πετρελαίου και φυσικού αερίου στο νοτιοδυτικό Ατλαντικό.\n*[[1996]] - Την εξουσία στο [[Αφγανιστάν]] καταλαμβάνουν οι [[Ταλιμπάν]] (όπως και την [[Καμπούλ]]). Αναλαμβάνει ντε φάκτο ηγέτης ο Μουλάς Μοχάμετ Ομάρ.\n*[[1998]] - Στις γενικές εκλογές στη Γερμανία, ηττώνται για πρώτη φορά εδώ και 16 χρόνια οι Χριστιανοδημοκράτες του Κολ. Νέος [[καγκελάριος]] γίνεται ο σοσιαλδημοκράτης [[Γκέρχαρντ Σρέντερ]].\n*1998 - Ίδρυση της [[Google]].\n*[[1999]] - Αρχίζει στο [[Λονδίνο]] η δίκη του άλλοτε δικτάτορα της [[Χιλή]]ς, [[Πινοσέτ]].\n*[[2001]] - Ένοπλος μασκοφόρος εισβάλλει στο τοπικό Κοινοβούλιο στο καντόνι Τσουγκ της Ελβετίας και ανοίγει πυρ, με αποτέλεσμα να σκοτωθούν 14 άτομα. Είναι η πρώτη δολοφονία πολιτικών στη χώρα από το 1899.\n*2001 - Τη διάλυση του Εθνικού Απελευθερωτικού Στρατού ανακοινώνει ο ηγέτης των ανταρτών στα Σκόπια, [[Αλί Αχμέτι]]. Το [[ΝΑΤΟ]] τερματίζει την επιχείρηση «Απαραίτητη Συγκομιδή».\n*2001 - Μετά από 3 χρόνια απουσίας ο [[Μάικλ Τζόρνταν]] επιστρέφει στο [[ΝΒΑ]] με τη φανέλα των Washington Wizards. Οι απολαβές του για τον πρώτο χρόνο του διετούς συμβολαίου του θα δοθούν υπέρ των πληγέντων της 11ης Σεπτεμβρίου από την τρομοκρατική ενέργεια στο World Trade Center της Νέας Υόρκης.\n*[[2002]] - Το [[Ανατολικό Τιμόρ]] γίνεται το 191ο μέλος του ΟΗΕ.\n\n== Γεννήσεις ==\n*[[1271]] - [[Βεγκέσλαος Β΄ της Βοημίας|Βεγκέσλαος Β΄]], βασιλιάς της Βοημίας\n*[[1275]] - [[Ιωάννης Β΄ της Βραβάντης|Ιωάννης Β΄]], δούκας της Βραβάντης\n*[[1389]] - [[Κόζιμο ο Πρεσβύτερος]], Ιταλός τραπεζίτης και πολιτικός\n*[[1601]] - [[Λουδοβίκος ΙΓ΄ της Γαλλίας|Λουδοβίκος ΙΓ΄]], βασιλιάς της Γαλλίας\n*[[1627]] - [[Ζακ Μπενίν Μποσσυέ]], Γάλλος επίσκοπος και θεολόγος\n*[[1696]] - [[Αλφόνσους Λιγκουόρι]], Ιταλός επίσκοπος\n*[[1844]] - [[Νικόλαος Ζορμπάς]], Έλληνας στρατιωτικός\n*[[1856]] - [[Εμμανουήλ Ι. Ζυμβρακάκης]], Έλληνας αρχηγός της Χωροφυλακής\n*[[1871]] - [[Γκράτσια Ντελέντα]], Ιταλίδα συγγραφέας\n*[[1887]] - [[Ζαν Πατού]], Γάλλος σχεδιαστής μόδας\n*[[1918]] - [[Μάρτιν Ράιλ]], Άγγλος ραδιοαστρονόμος\n*[[1920]] - [[Ουίλιαμ Κόνραντ]], Αμερικανός ηθοποιός\n*[[1927]] - [[Ρομάνο Σκάρπα]], Ιταλός δημιουργός κόμικς\n*[[1927]] - [[Αρχιεπίσκοπος Κύπρου Χρυσόστομος Α΄]]\n*[[1933]] - [[Λίνα Μεδίνα]], Περουβιανή μητέρα, η νεαρότερη στην ιστορία της ιατρικής\n*[[1939]] - [[Γιάννης Μπανιάς]], Έλληνας πολιτικός\n*[[1946]] - [[Νίκος Αναστασιάδης]], Κύπριος πολιτικός\n*[[1946]] - [[Ζακ Βαλλάχε]], Ολλανδός πολιτικός\n*[[1952]] - [[Αντρέ Βιζέρ]], Καναδός αθλητής\n*[[1969]] - [[Σοφία Μίλος]], Ελβετίδα ηθοποιός\n*[[1972]] - [[Λάσα ντε Σέλα]], Αμερικανίδα τραγουδοποιός\n*[[1972]] - [[Γκουίνεθ Πάλτροου]], Αμερικανίδα ηθοποιός και τραγουδίστρια\n*[[1873]] - [[Χασάν Πρίστινα]], Αλβανός πολιτικός\n*[[1975]] - [[Θάνος Πετρέλης]], Έλληνας τραγουδιστής\n*[[1976]] - [[Φραντσέσκο Τόττι]], Ιταλός ποδοσφαιριστής\n*[[1978]] - [[Άνι Λόρακ]], Ουκρανή τραγουδίστρια και ηθοποιός\n*[[1981]] - [[Συθήρια]], Αμερικανίδα πορνογραφική ηθοποιός\n*[[1982]] - [[Λιλ Γουέιν]], Αμερικανός ράπερ\n*[[1984]] - [[Αβρίλ Λαβίν]], Καναδή τραγουδίστρια\n\n== Θάνατοι ==\n*[[1590]] - [[Πάπας Ουρβανός Ζ΄]]\n*[[1700]] - [[Πάπας Ιννοκέντιος ΙΒ΄]]\n*[[1905]] - [[Κώττας Χρήστου]], Μακεδονομάχος\n*[[1915]] - [[Κωνσταντίνος Σμολένσκη]], Έλληνας στρατιωτικός\n*[[1917]] - [[Εντγκάρ Ντεγκά]], Γάλλος ζωγράφος\n*[[1921]] - [[Ένγκελμπερτ Χούμπερντινκ]], Γερμανός συνθέτης\n*[[1927]] - [[Θωμάς Οικονόμου]], Έλληνας ηθοποιός και σκηνοθέτης\n*[[1944]] - [[Αριστίντ Μαγιόλ]], Γάλλος γλύπτης και ζωγράφος\n*[[1953]] - [[Λώρης Μαργαρίτης]], Έλληνας πιανίστας και συνθέτης\n*[[1954]] - [[Μαξιμίλιαν φον Βάιχς]], Γερμανός στρατάρχης\n*[[1956]] - [[Περικλής Βιζουκίδης]], Έλληνας νομικός και πανεπιστημιακός\n*[[1957]] - [[Γεώργιος Καρτάλης]], Έλληνας πολιτικός\n*[[1960]] - [[Σίλβια Πάνκχερστ]], Αγγλίδα ακτιβίστρια\n*[[1966]] - [[Σωκράτης Κουγέας]], Έλληνας συγγραφέας\n*[[1968]] - [[Μάξιμος Μητσόπουλος]], Έλληνας πανεπιστημιακός\n*[[1984]] - [[Χρόνης Εξαρχάκος]], Έλληνας ηθοποιός\n*[[1986]] - [[Κλιφ Μπάρτον]], Αμερικανός μπασίστας ([[Metallica]])\n*[[1996]] - [[Μοχαμάντ Νατζιμπουλάχ]], Αφγανός πολιτικός\n*[[2006]] - [[Τζουζέπε Μπενάτι]], Ιταλός σκηνοθέτης\n*[[2007]] - [[Κίρα Σίνου]], Ρωσίδα συγγραφέας\n*[[2013]] - [[Πόλυ Πάνου]], Ελληνίδα τραγουδίστρια\n*[[2015]] - [[Πιέτρο Ινγκράο]], Ιταλός πολιτικός\n*[[2017]] - [[Χιου Χέφνερ]], Αμερικανός εκδότης\n\n== Αργίες και εορτές ==\n* Παγκόσμια Ημέρα Τουρισμού.\n\n=== [[Ορθόδοξη Εκκλησία]] ===\n{{Πύλη:Ορθοδοξία/Εορτολόγιο/27 Σεπτεμβρίου}}\n\n{{Μήνες}}\n\n\n[[Κατηγορία:Ημέρες του έτους]]"}}}]}]}}