{"batchcomplete":true,"query":{"normalized":[{"fromencoded":false,"from":"27_Αυγούστου","to":"27 Αυγούστου"}],"pages":[{"pageid":3024,"ns":0,"title":"27 Αυγούστου","revisions":[{"slots":{"main":{"contentmodel":"wikitext","contentformat":"text/x-wiki","content":"{{Μήνες Αυγούστου}}\n\n<center>[[26 Αυγούστου]] | [[27 Αυγούστου]] | [[28 Αυγούστου]]</center>\n\n----\nΗ '''27η Αυγούστου''' είναι η 239η ημέρα του έτους κατά το [[Γρηγοριανό ημερολόγιο]] (240η σε δίσεκτα έτη). Υπολείπονται 126 ημέρες.\n\n{{ΗμερολόγιοΣεΠίνακα|8}}\n\n== Γεγονότα ==\n*[[410]] - Μετά από τρεις ημέρες λαμβάνει τέλος η [[Άλωση της Ρώμης (410)|λεηλασία]] της [[Αρχαία Ρώμη|Ρώμης]] από τους [[Βησιγότθοι|Βησιγότθους]].\n*[[1172]] - Ο βασιλιάς [[Ερρίκος Β΄ της Αγγλίας]] στέφει τους κληρονόμους του, τον [[Ερρίκος ο Νεότερος|Ερρίκο τον Νεότερο]] και τη [[Μαργαρίτα της Γαλλίας, βασίλισσα της Αγγλίας και της Ουγγαρίας|Μαργαρίτα]], αλλά δεν τους δίνει καμία πραγματική εξουσία.\n*[[1593]] - Ο Πιέρ Μπαριέρ αποτυγχάνει στην προσπάθειά του να δολοφονήσει τον βασιλιά [[Ερρίκος Δ΄ της Γαλλίας|Ερρίκο Δ΄ της Γαλλίας]].\n*[[1776]] - Οι [[Μεγάλη Βρετανία|βρετανικές]] δυνάμεις νικούν τις [[Ηνωμένες Πολιτείες Αμερικής|αμερικανικές]] του στρατηγού [[Τζορτζ Ουάσινγκτον]] στη μάχη του [[Λονγκ Άιλαντ]], στο σημερινό [[Μπρούκλιν]] της [[Νέα Υόρκη|Νέας Υόρκης]].\n*[[1810]] - [[Ναπολεόντειοι Πόλεμοι]]: Το [[Γαλλία|γαλλικό]] ναυτικό νικά το [[Μεγάλη Βρετανία|βρετανικό]] βασιλικό ναυτικό, αποτρέποντας την κατάληψη του λιμανιού του Γκραντ Πορτ στο [[Μαυρίκιος (κράτος)|Ιλ ντε Φρανς]]. \n*[[1813]] - Ο [[Γαλλία|Γάλλος]] αυτοκράτορας [[Ναπολέων Α΄]] νικά μία μεγαλύτερη δύναμη [[Αυστριακή Αυτοκρατορία|Αυστριακών]], [[Ρωσική Αυτοκρατορία|Ρώσων]] και [[Πρωσία|Πρώσων]] στη μάχη της [[Δρέσδη]]ς.\n*[[1828]] - Η [[Ουρουγουάη]] κηρύσσεται επίσημα ανεξάρτητη στις προκαταρκτικές ειρηνευτικές συνομιλίες που διεξάγονται μεταξύ της [[Βραζιλία]]ς και της [[Αργεντινή]]ς με τη μεσολάβηση του [[Ηνωμένο Βασίλειο|Ηνωμένου Βασιλείου]]. \n*[[1859]] - Ανακαλύπτεται [[πετρέλαιο]] στην [[Πενσυλβάνια]] οδηγώντας στην πρώτη παγκοσμίως εμπορικά επιτυχημένη πηγή πετρελαίου.\n*[[1883]] - [[Έκρηξη του Κρακατόα το 1883|Έκρηξη του Κρακατόα]]: Τέσσερις τεράστιες εκρήξεις καταστρέφουν το νησί [[Κρακατόα]] και προκαλούν χρόνια κλιματικής αλλαγής.\n*[[1896]] - [[Αγγλο-Ζανζιβαρινός Πόλεμος]]: Διεξάγεται μεταξύ του [[Ηνωμένο Βασίλειο|Ηνωμένου Βασιλείου]] και της [[Ζανζιβάρη]]ς ο μικρότερος πόλεμος στην παγκόσμια ιστορία (38 λεπτά).\n*[[1916]] - Το [[Βασίλειο της Ρουμανίας]] κηρύσσει πόλεμο στην [[Αυστροουγγαρία]], εισερχόμενο στον [[Α΄ Παγκόσμιος Πόλεμος|Α΄ Παγκόσμιο Πόλεμο]] ως ένα από τα συμμαχικά έθνη.\n*[[1922]] - [[Μικρασιατική εκστρατεία]]: Ο [[Τουρκία|τουρκικός]] στρατός καταλαμβάνει το υπό [[Βασίλειο της Ελλάδας|ελληνική]] κατοχή [[Αφιόν Καραχισάρ]] στο [[Διαμέρισμα Αιγαίου (Τουρκία)|Διαμέρισμα Αιγαίου]].\n*[[1922]] - Ο [[Χρυσόστομος Σμύρνης|Μητροπολίτης Σμύρνης Χρυσόστομος]] βρίσκει μαρτυρικό θάνατο από τον τουρκικό όχλο κατά τη [[Μικρασιατική Καταστροφή]]. Συνεχίζονται από τους Τούρκους οι θηριωδίες κατά των Ελλήνων στη Σμύρνη.\n*[[1933]] - Παρουσιάζεται η πρώτη [[Αγία Γραφή]] στα [[Αφρικάανς γλώσσα|αφρικάανς]] κατά τη διάρκεια ενός φεστιβάλ Αγίας Γραφής στο [[Μπλουμφοντέιν]].\n*[[1943]] - [[Β΄ Παγκόσμιος Πόλεμος]]: Αεροπορικός βομβαρδισμός από τους [[Γερμανοί|Γερμανούς]] ισοπεδώνει το χωριό Βορίζια στην [[Κρήτη]].\n*[[1962]] - Εκτοξεύεται από τη [[NASA]] η μη επανδρωμένη διαστημική αποστολή [[Μάρινερ 2]] με προορισμό τον [[Αφροδίτη (πλανήτης)|πλανήτη Αφροδίτη]]. \n*[[1979]] - Στην [[Δημοκρατία της Ιρλανδίας|Ιρλανδία]], βόμβα σκοτώνει τον [[Μεγάλη Βρετανία|Βρετανό]] [[Ναύαρχος|ναύαρχο]] εν αποστρατεία [[Λούις Μαουντμπάττεν]] και τρεις άλλους ενώ έκαναν βόλτα με βάρκα. Την ίδια ημέρα, 18 Βρετανοί στρατιώτες σκοτώνονται σε ενέδρα στη βόρεια Ιρλανδία.\n*[[1985]] - Η κυβέρνηση της [[Νιγηρία]]ς ανατρέπεται ειρηνικά από τον στρατηγό Ιμπραχίμ Μπαμπαγκίντα.\n*[[1991]] - Η [[Μολδαβία]] ανακηρύσσει την ανεξαρτησία της από την [[Ένωση Σοβιετικών Σοσιαλιστικών Δημοκρατιών|Ε.Σ.Σ.Δ.]]\n*[[2003]] - Ο [[Άρης (πλανήτης)|Άρης]] κάνει την πλησιέστερη προσέγγισή του στη [[Γη]] σε σχεδόν 60.000 χρόνια, περνώντας από απόσταση 55.758.005 χλμ.\n*[[2005]] - Αναστέλλεται η λειτουργία του Σιδηροδρομικού Σταθμού Πελοποννήσου\n\n== Γεννήσεις ==\n*[[1770]] - [[Γκέοργκ Βίλχελμ Φρήντριχ Χέγκελ]], Γερμανός φιλόσοφος\n*[[1858]] - [[Τζουζέπε Πεάνο]], Ιταλός μαθηματικός\n*[[1864]] - [[Χέρμαν Βάινγκερτνερ]], Γερμανός γυμναστής\n*[[1890]] - [[Μαν Ραίη]], Αμερικανός φωτογράφος και καλλιτέχνης\n*[[1894]] - [[Αντρέ Λυρσά]], Γάλλος αρχιτέκτονας\n*[[1905]] - [[Άρης Βελουχιώτης]], Έλληνας αντιστασιακός\n*[[1905]] - [[Γιώργος Θεοτοκάς]], Έλληνας συγγραφέας\n*[[1908]] - [[Λίντον Τζόνσον]], 36ος πρόεδρος των Η.Π.Α.\n*[[1909]] - [[Λέστερ Γιανγκ]], Αμερικανός σαξοφωνίστας\n*[[1909]] - [[Νίκος Τσιφόρος]], Έλληνας συγγραφέας\n*[[1927]] - [[Γιάννης Κανάκης]], Έλληνας ποδοσφαιριστής\n*[[1931]] - [[Σρι Τσινμόι]], Ινδός πνευματικός δάσκαλος, ποιητής και καλλιτέχνης \n*[[1937]] - [[Τζέι Σιλβέστερ]], Αμερικανός δισκοβόλος\n*[[1941]] - [[Σεζάρια Έβορα]], τραγουδίστρια από το Πράσινο Ακρωτήριο\n*[[1948]] - [[Λοχίας Σλάουτερ]], Αμερικανός παλαιστής\n*[[1951]] - [[Κρίστοφ Βάκερνάγκελ]], Γερμανός ηθοποιός και συγγραφέας\n*[[1953]] - [[Άλεξ Λάιφσον]], Καναδός μουσικός ([[Rush]])\n*[[1959]] - [[Γκέρχαρντ Μπέργκερ]], Αυστριακός οδηγός αγώνων\n*[[1961]] - [[Τομ Φορντ]], Αμερικανός σχεδιαστής μόδας και σκηνοθέτης\n*[[1965]] - [[Άγγελος Ποστέκογλου]], Αυστραλός ποδοσφαιριστής\n*[[1972]] - [[Γκρέιτ Καλί]], Ινδός παλαιστής\n*[[1976]] - [[Μαρκ Γουέμπερ]], Αυστραλός οδηγός αγώνων\n*[[1979]] - [[Σαμίρ Μπελούφα]], Αλγερινός ποδοσφαιριστής\n*[[1983]] - [[Τζαμάλα]], Ουκρανή τραγουδίστρια\n*[[1986]] - [[Ναμπίλ Ελ Ζαρ]], Μαροκινός ποδοσφαιριστής\n*[[1986]] - [[Σεμπάστιαν Κουρτς]], Αυστριακός πολιτικός\n*[[1995]] - [[Σεργκέι Σιρότκιν]], Ρώσος οδηγός αγώνων\n\n== Θάνατοι ==\n*[[827]] - [[Πάπας Ευγένιος Β΄]]\n*[[1208]] - [[Ειρήνη Αγγελίνα]], βασίλισσα της Σικελίας και της Γερμανίας\n*[[1312]] - [[Αρθούρος Β΄ της Βρετάνης|Αρθούρος Β΄]], δούκας της Βρετάνης\n*[[1459]] - [[Ιάκωβος της Πορτογαλίας|Ιάκωβος]], πρίγκιπας της Πορτογαλίας\n*[[1521]] - [[Ζοσκέν ντε Πρε]], Φλαμανδός συνθέτης\n*[[1523]] - [[Ντομένικο Γκριμάνι]], Ιταλός καρδινάλιος\n*[[1574]] - [[Ευστάχιος]], Ιταλός ιατρός\n*[[1576]] - [[Τιτσιάνο]], Ιταλός ζωγράφος\n*[[1590]] - [[Πάπας Σίξτος Ε΄]]\n*[[1611]] - [[Τομάς Λουίς ντε Βικτόρια]], Ισπανός συνθέτης\n*[[1618]] - [[Αλβέρτος Φρειδερίκος της Πρωσίας|Αλβέρτος Φρειδερίκος]], δούκας της Πρωσίας\n*[[1627]] - [[Φραντσέσκο Μαρία Ντελ Μόντε]], Ιταλός καρδινάλιος\n*[[1629]] - [[Αντώνιος Βασιλάκης]], Έλληνας ζωγράφος\n*[[1635]] - [[Λόπε δε Βέγα]], Ισπανός συγγραφέας\n*[[1664]] - [[Φρανθίσκο ντε Θουρμπαράν]], Ισπανός ζωγράφος\n*[[1681]] - [[Πατριάρχης Μόσχας Νίκων]]\n*[[1842]] - [[Μαξίμ Ρεμπώ]], Γάλλος στρατιωτικός\n*[[1857]] - [[Ρούφους Ουίλμοτ Γκρίζγουολντ]], Αμερικανός κριτικός και εκδότης\n*[[1922]] - [[Χρυσόστομος Σμύρνης|Χρυσόστομος]], Μητροπολίτης Σμύρνης\n*[[1923]] - [[Ενρίκο Τελλίνι]], Ιταλός στρατιωτικός\n*[[1948]] - [[Άντον Κάλτσεφ]], Βούλγαρος στρατιωτικός\n*[[1950]] - [[Τσέζαρε Παβέζε]], Ιταλός συγγραφέας, κριτικός και μεταφραστής\n*[[1958]] - [[Έρνεστ Ορλάντο Λόρενς]], Αμερικανός φυσικός\n*[[1965]] - [[Γεώργιος Βεργωτής]], Έλληνας εφοπλιστής και ευεργέτης\n*[[1965]] - [[Λε Κορμπυζιέ]], Ελβετός αρχιτέκτονας\n*[[1967]] - [[Μπράιαν Επστάιν]], Άγγλος μάνατζερ\n*[[1968]] - [[Πριγκίπισσα Μαρίνα της Ελλάδας]]\n*[[1975]] - [[Χαϊλέ Σελασιέ Α΄]], αυτοκράτορας της Αιθιοπίας\n*[[1975]] - [[Ίον Φιλότι Καντακουζηνός]], Ρουμάνος ηθοποιός\n*[[1979]] - [[Λούις Μαουντμπάττεν]], Άγγλος ναύαρχος και πολιτικός\n*[[1981]] - [[Σοφία Μινεΐκου]], Ελληνίδα σύζυγος του Γεωργίου Παπανδρέου\n*[[1990]] - [[Στίβι Ρέι Βον]], Αμερικανός τραγουδιστής και κιθαρίστας\n*[[1997]] - [[Σωτηρία Μπέλλου]], Ελληνίδα τραγουδίστρια\n*[[2001]] - [[Μιχάλης Δερτούζος]], Έλληνας επιστήμονας της πληροφορικής\n*[[2003]] - [[Διονύσης Παγουλάτος]], Έλληνας ηθοποιός\n*[[2005]] - [[Γιώργος Μουζάκης]], Έλληνας συνθέτης\n*[[2006]] - [[Μαρία Καποβίγια]], υπεραιωνόβια από τον Ισημερινό\n*[[2009]] - [[Σεργκέι Μιχαλκόφ]], Ρώσος συγγραφέας\n*[[2011]] - [[Λυκούργος Καλλέργης]], Έλληνας ηθοποιός\n*[[2013]] - [[Ιπποκράτης Γιατζίδης]], Έλληνας ιατρός\n*[[2015]] - [[Βάσω Θανασέκου]], Ελληνίδα πολιτικός\n*[[2016]] - [[Δημήτριος Σαπουντζής]], Έλληνας πολιτικός\n\n== Αργίες και εορτές ==\n\n=== [[Ορθόδοξη Εκκλησία]] ===\n{{Πύλη:Ορθοδοξία/Εορτολόγιο/27 Αυγούστου}}\n\n{{Μήνες}}\n\n[[Κατηγορία:Ημέρες του έτους]]"}}}]}]}}