{"batchcomplete":true,"query":{"normalized":[{"fromencoded":false,"from":"28_Νοεμβρίου","to":"28 Νοεμβρίου"}],"pages":[{"pageid":3582,"ns":0,"title":"28 Νοεμβρίου","revisions":[{"slots":{"main":{"contentmodel":"wikitext","contentformat":"text/x-wiki","content":"{{Μήνες Νοεμβρίου}}\n\n<center>[[27 Νοεμβρίου]] | '''28 Νοεμβρίου''' | [[29 Νοεμβρίου]]</center>\n\n----\nΗ '''28η Νοεμβρίου''' είναι η 332η ημέρα του έτους κατά το [[Γρηγοριανό ημερολόγιο]] (333η σε δίσεκτα έτη). Υπολείπονται 32 ημέρες.\n\n{{ΗμερολόγιοΣεΠίνακα|11}}\n\n== Γεγονότα ==\n*[[587]] - Ο βασιλιάς [[Γκούντραμ]] της [[Βουργουνδία]]ς αναγνωρίζει τον [[Χιλδεβέρτος Β΄|Χιλδεβέρτο Β΄]] ως κληρονόμο του.\n*[[1443]] - Ο [[Σκεντέρμπεης]] και οι δυνάμεις του απελευθερώνουν την [[Κρούγια]] στην κεντρική [[Αλβανία]] και υψώνουν την [[Σημαία της Αλβανίας|αλβανική σημαία]].\n*[[1520]] Ο [[Φερδινάνδος Μαγγελάνος]], εξερχόμενος από τον [[Πορθμός του Μαγγελάνου|ομώνυμο πορθμό]], βρίσκεται εμπρός σε μία απέραντη θάλασσα με νηνεμία. Θα την ονομάσει [[Ειρηνικός Ωκεανός|Ειρηνικό Ωκεανό]], από τη γαλήνη που αντικρύζει να έχει.\n*[[1811]] - Το ''Κοντσέρτο για πιάνο Αρ. 5 σε Μι♭+, έργο 73'' του [[Λούντβιχ βαν Μπετόβεν]] κάνει πρεμιέρα στη [[Λειψία]]. \n*[[1821]] - Ημέρα Ανεξαρτησίας του [[Παναμάς|Παναμά]]: Ο Παναμάς ανεξαρτητοποιείται από την [[Ισπανία]] και εισχωρεί στη Μεγάλη Κολομβία.\n*[[1843]] - Ημέρα Ανεξαρτησίας της [[Χαβάη]]ς: το [[Ηνωμένο Βασίλειο]] και η [[Γαλλία]] αναγνωρίζουν το Βασίλειο της Χαβάης ως ανεξάρτητη χώρα.\n*[[1885]] - Ο [[Σερβοβουλγαρικός πόλεμος του 1885]] λήγει με νίκη των [[Βούλγαροι|Βουλγάρων]], διατηρώντας την ενοποίηση της [[Βουλγαρία]]ς. \n*[[1895]] - Διεξάγεται στο [[Σικάγο]] ο πρώτος αγώνας αυτοκινήτων στις [[Ηνωμένες Πολιτείες Αμερικής]].\n*[[1905]] - Ο [[Ιρλανδία|Ιρλανδός]] εθνικιστής Άρθουρ Γκρίφιθ ιδρύει το [[Σιν Φέιν]] ως [[πολιτικό κόμμα]] με κύριο στόχο την εγκαθίδρυση διπλής μοναρχίας στην Ιρλανδία.  \n*[[1910]] - Το [[Κόμμα Φιλελευθέρων]] με αρχηγό τον [[Ελευθέριος Βενιζέλος|Ελευθέριο Βενιζέλο]] κερδίζει τις δεύτερες [[Ελληνικές εκλογές Νοεμβρίου 1910 (Αναθεωρητική)|ελληνικές βουλευτικές εκλογές]] αυτής της χρονιάς.\n*[[1912]] - Η [[Αλβανία]] ανακηρύσσει την ανεξαρτησία της από την [[Οθωμανική Αυτοκρατορία]].\n*[[1914]] - [[Α΄ Παγκόσμιος Πόλεμος]]: Αφού είχε κλείσει στις [[31 Ιουλίου]] λόγω του πολέμου, το [[Χρηματιστήριο της Νέας Υόρκης]] ανοίγει και πάλι για τις συναλλαγές [[Ομόλογο|ομολόγων]].\n*[[1942]] - Πυρκαγιά σε νυχτερινό κέντρο διασκέδασης στη [[Βοστώνη]] σκοτώνει 492 άτομα.\n*[[1943]] - [[Β΄ Παγκόσμιος Πόλεμος]]: [[Διάσκεψη της Τεχεράνης]]. Ο [[πρόεδρος των Ηνωμένων Πολιτειών]] [[Φραγκλίνος Ρούζβελτ]], ο [[πρωθυπουργός του Ηνωμένου Βασιλείου]] [[Ουίνστον Τσώρτσιλ]] και ο [[Ένωση Σοβιετικών Σοσιαλιστικών Δημοκρατιών|Σοβιετικός]] ηγέτης [[Ιωσήφ Στάλιν]] συναντώνται στην [[Τεχεράνη]] για να συζητήσουν την στρατηγική του πολέμου.\n*[[1958]] - Το [[Τσαντ]], η [[Δημοκρατία του Κονγκό]] και η [[Γκαμπόν]] γίνονται αυτόνομες δημοκρατίες εντός της Γαλλικής αποικιακής αυτοκρατορίας.\n*[[1960]] - Η [[Μαυριτανία]] αποκτά την ανεξαρτησία της από τη [[Γαλλία]].\n*[[1964]] - [[Πρόγραμμα Μάρινερ]]: Η [[NASA]] εκτοξεύει το σκάφος [[Μάρινερ 4]] με προορισμό τον [[Άρης (πλανήτης)|Άρη]].\n*[[1967]] - Οι αστρονόμοι Τζόσλιν Μπελ και Άντονι Χιούις ανακαλύπτουν το πρώτο γνωστό [[πάλσαρ]] στον [[Αλώπηξ (αστερισμός)|αστερισμό Αλώπηξ]].\n*[[1967]] - Τερματίζεται η δίκη των 41 του [[Πανελλήνιο Αντιδικτατορικό Μέτωπο|Πατριωτικού Μετώπου]] στο έκτακτο στρατοδικείο της [[Θεσσαλονίκη]]ς. Δύο καταδικάζονται σε ισόβια, 22 σε ποινές που κυμαίνονται από εικοσαετή έως πενταετή κάθειρξη και 17 αθωώνονται.\n*[[1975]] - Το [[Ανατολικό Τιμόρ]] κηρύσσει την ανεξαρτησία του από την [[Πορτογαλία]].\n\n== Γεννήσεις ==\n*[[1118]] - [[Μανουήλ Α΄ Κομνηνός]], Βυζαντινός αυτοκράτορας\n*[[1489]] - [[Μαργαρίτα Τυδώρ]], βασίλισσα της Σκωτίας\n*[[1632]] - [[Ζαν Μπατίστ Λυλί]], Ιταλός συνθέτης\n*[[1757]] - [[Ουίλλιαμ Μπλέηκ]], Άγγλος ποιητής και ζωγράφος\n*[[1820]] - [[Φρίντριχ Ένγκελς]], Γερμανός φιλόσοφος\n*[[1829]] - [[Αντόν Ρουμπινστάιν]], Ρώσος πιανίστας και συνθέτης\n*[[1857]] - [[Αλφόνσος ΙΒ΄ της Ισπανίας|Αλφόνσος ΙΒ΄]], βασιλιάς της Ισπανίας\n*[[1880]] - [[Αλεξάντρ Μπλοκ]], Ρώσος ποιητής\n*[[1881]] - [[Στέφαν Τσβάιχ]], Αυστριακός συγγραφέας και δημοσιογράφος\n*[[1887]] - [[Ερνστ Ρεμ]], Γερμανός αξιωματούχος των Ναζί\n*[[1906]] - [[Εμμανουήλ Κριαράς]], Έλληνας φιλόλογος\n*[[1907]] - [[Αλμπέρτο Μοράβια]], Ιταλός συγγραφέας και δημοσιογράφος\n*[[1908]] - [[Κλοντ Λεβί-Στρος]], Γάλλος ανθρωπολόγος\n*[[1923]] - [[Γκλόρια Γκράχαμ]], Αμερικανίδα ηθοποιός\n*[[1928]] - [[Τοαρίπι Λαούτι]], πολιτικός από το Τουβαλού\n*[[1929]] - [[Παύλος Ζάννας]], Έλληνας συγγραφέας\n*[[1941]] - [[Λάουρα Αντονέλι]], Ιταλίδα ηθοποιός\n*[[1941]] - [[Μααούγια Ουλντ Σιντ Αχμέντ Τάγια]], Μαυριτανός πολιτικός\n*[[1947]] - [[Παναγιώτης Βαρώτσος]], Έλληνας φυσικός\n*[[1947]] - [[Μαρία Φαραντούρη]], Ελληνίδα τραγουδίστρια\n*[[1950]] - [[Χανς Φάσναχτ]], Γερμανός κολυμβητής\n*[[1950]] - [[Ράσελ Άλαν Χαλς]], Αμερικανός φυσικός\n*[[1950]] - [[Εντ Χάρις]], Αμερικανός ηθοποιός\n*[[1953]] - [[Έβαλντ Λίνεν]], Γερμανός ποδοσφαιριστής και προπονητής\n*[[1960]] - [[Τζον Γκαλιάνο]], Βρετανός σχεδιαστής μόδας\n*[[1961]] - [[Αλφόνσο Κουαρόν]], Μεξικανός σκηνοθέτης και σεναριογράφος\n*[[1962]] - [[Τζον Στιούαρτ]], Αμερικανός ηθοποιός και τηλεοπτικός παρουσιαστής\n*[[1963]] - [[Ζοάν Γκαμπριέλ ι Εστάνι]], Ανδορρανός πολιτικός\n*[[1964]] - [[Μάικλ Μπένετ]], Αμερικανός πολιτικός\n*[[1964]] - [[Ρόι Τάρπλεϊ]], Αμερικανός καλαθοσφαιριστής\n*[[1967]] - [[Άννα Νικόλ Σμιθ]], Αμερικανίδα ηθοποιός και μοντέλο\n*[[1972]] - [[Αναστασία Κελεσίδου]], Ελληνίδα δισκοβόλος\n*[[1985]] - [[Μαγκντί Ρούζα]], Ουγγαρέζα τραγουδίστρια\n\n== Θάνατοι ==\n*[[741]] - [[Πάπας Γρηγόριος Γ΄]]\n*[[1118]] - [[Φιλίππη της Τουλούζης]], δούκισσα της Ακουιτανίας\n*[[1290]] - [[Ελεονώρα της Καστίλης]], βασίλισσα της Αγγλίας\n*[[1667]] - [[Ζαν ντε Τεβενό]], Γάλλος βοτανολόγος\n*[[1680]] - [[Τζαν Λορέντσο Μπερνίνι]], Ιταλός γλύπτης\n*[[1694]] - [[Ματσούο Μπασό]], Ιάπωνας ποιητής\n*[[1795]] - [[Γεώργιος Βενδότης]], Έλληνας συγγραφέας\n*[[1828]] - [[Άνθιμος Γαζής]], Έλληνας λόγιος\n*[[1831]] - [[Σερ Τσαρλς Νόουλς, 2ος Βαρονέτος|Τσαρλς Νόουλς]], Βρετανός ναύαρχος\n*[[1845]] - [[Μελέτιος Γ΄]], Πατριάρχης Κωνσταντινουπόλεως\n*[[1852]] - [[Εμμανουήλ Ξάνθος]], Έλληνας αγωνιστής\n*[[1870]] - [[Φρεντερίκ Μπαζίλ]], Γάλλος ζωγράφος\n*[[1878]] - [[Κωνσταντίνος Κοντογόνης]], Έλληνας θεολόγος\n*[[1907]] - [[Στανίσλαβ Βισπιάνσκι]], Πολωνός συγγραφέας και ζωγράφος\n*[[1912]] - [[Λορέντζος Μαβίλης]], Έλληνας ποιητής\n*[[1912]] - [[Γεώργιος Πέρρος]], Έλληνας οπλαρχηγός\n*[[1917]] - [[Μικέλης Άβλιχος]], Έλληνας ποιητής\n*[[1919]] - [[Δημήτριος Φιλιππότης]], Έλληνας γλύπτης\n*[[1930]] - [[Πατριάρχης Κωνσταντίνος ΣΤ΄|Κωνσταντίνος ΣΤ΄]], Πατριάρχης Κωνσταντινουπόλεως\n*[[1937]] - [[Παύλος Νιρβάνας]], Έλληνας συγγραφέας\n*[[1939]] - [[Τζέιμς Νάισμιθ]], Καναδός εμπνευστής της καλαθοσφαίρισης\n*[[1954]] - [[Ενρίκο Φέρμι]], Ιταλός φυσικός \n*[[1958]] - [[Σωτήριος Γκοτζαμάνης]], Έλληνας πολιτικός\n*[[1962]] - [[Βιλελμίνη της Ολλανδίας|Βιλελμίνη]], βασίλισσα της Ολλανδίας\n*[[1968]] - [[Ένιντ Μπλάιτον]], Αγγλίδα συγγραφέας\n*[[1974]] - [[Κονσταντίν Μελνίκοφ]], Ρώσος αρχιτέκτονας\n*[[1978]] - [[Κάρλο Σκάρπα]], Ιταλός αρχιτέκτονας\n*[[1982]] - [[Πριγκίπισσα Ελένη της Ελλάδας]]\n*[[1996]] - [[Ντον Μακνίλ]], Αμερικανός αντισφαιριστής\n*[[2000]] - [[Νικόλαος Αναστασόπουλος]], Έλληνας πολιτικός\n*[[2000]] - [[Λιάνε Χάιντ]], Αυστριακή ηθοποιός\n*[[2003]] - [[Γιάγκος Πεσμαζόγλου]], Έλληνας πολιτικός\n*[[2010]] - [[Λέσλι Νίλσεν]], Καναδός ηθοποιός\n*[[2010]] - [[Γιώργος Φούντας]], Έλληνας ηθοποιός\n*[[2011]] - [[Ντίνος Κατσουρίδης]], Κύπριος σκηνοθέτης\n*[[2014]] - [[Λουτσίντιο Σεντιμέντι]], Ιταλός ποδοσφαιριστής \n*[[2021]] - [[Χριστιάνα]], Ελληνίδα τραγουδίστρια\n\n== Αργίες και εορτές ==\n{{commonscat|28 November}}\n=== [[Ορθόδοξη Εκκλησία]] ===\n{{Πύλη:Ορθοδοξία/Εορτολόγιο/28 Νοεμβρίου}}\n\n{{Μήνες}}\n\n[[Κατηγορία:Ημέρες του έτους]]"}}}]}]}}