{"batchcomplete":true,"query":{"normalized":[{"fromencoded":false,"from":"28_Ιουνίου","to":"28 Ιουνίου"}],"pages":[{"pageid":1953,"ns":0,"title":"28 Ιουνίου","revisions":[{"slots":{"main":{"contentmodel":"wikitext","contentformat":"text/x-wiki","content":"{{Μήνες Ιουνίου}}\n\n<center>[[27 Ιουνίου]] | '''28 Ιουνίου''' | [[29 Ιουνίου]]</center>\n\n----\nΗ '''28η Ιουνίου''' είναι η 179η ημέρα του έτους κατά το [[Γρηγοριανό ημερολόγιο]] (180η σε δίσεκτα έτη). Υπολείπονται 186 ημέρες.\n\n{{ΗμερολόγιοΣεΠίνακα|6}}\n\n== Γεγονότα ==\n*[[572]] - Δολοφονείται ο [[Αλβοΐνος]], βασιλιάς των [[Λομβαρδοί|Λομβαρδών]].\n*[[1098]] - Μαχητές της [[Α΄ Σταυροφορία]]ς νικούν τον [[Κερμπογκά]] της [[Μοσούλη]]ς στη μάχη της Αντιόχειας.\n*[[1461]] - Ο [[Εδουάρδος Δ΄ της Αγγλίας|Εδουάρδος Δ΄]] στέφεται βασιλιάς της [[Αγγλία]]ς.\n*[[1519]] - Ο [[Κάρολος Κουίντος]] γίνεται αυτοκράτορας της [[Αγία Ρωμαϊκή Αυτοκρατορία|Αγίας Ρωμαϊκής Αυτοκρατορίας]].\n*[[1635]] - Η [[Γουαδελούπη]] γίνεται [[Γαλλία|γαλλική]] αποικία.\n*[[1838]] - Η [[Βασίλισσα Βικτώρια|Βικτώρια]] στέφεται βασίλισσα του [[Ηνωμένο Βασίλειο της Μεγάλης Βρετανίας και της Ιρλανδίας|Ηνωμένου Βασιλείου]].\n*[[1855]] - Ιδρύεται στη [[Βόρεια Αμερική]] η [[Κολεγιακές και πανεπιστημιακές αδερφότητες|αδερφότητα]] Σίγμα Χι. \n*[[1859]] - Διεξάγονται στο [[Νιούκασλ]] της [[Αγγλία]]ς τα πρώτα καλλιστεία σκύλων.\n*[[1881]] - Υπογράφεται μυστική συνθήκη μεταξύ της [[Αυστροουγγαρία]]ς και της [[Ηγεμονία της Σερβίας|Σερβίας]].\n*[[1902]] - Το [[Κογκρέσο των Ηνωμένων Πολιτειών]] εγκρίνει την Πράξη Σπούνερ, εξουσιοδοτώντας τον πρόεδρο [[Θεόδωρος Ρούζβελτ|Θεόδωρο Ρούζβελτ]] να αποκτήσει από την [[Κολομβία]] τα δικαιώματα για τη [[Διώρυγα του Παναμά]].\n*[[1914]] - [[Δολοφονία του Αρχιδούκα Φραγκίσκου Φερδινάνδου της Αυστρίας]]: Ο αρχιδούκας [[Φραγκίσκος Φερδινάνδος της Αυστρίας]] και η σύζυγός του, Σοφία, δολοφονούνται στο [[Σαράγεβο]] από το Σερβοβόσνιο εθνικιστή [[Γκαβρίλο Πρίντσιπ]], γεγονός που αποτέλεσε την [[Αφορμή πολέμου|αφορμή]] για την έναρξη του [[Α΄ Παγκόσμιος Πόλεμος|Α΄ Παγκοσμίου Πολέμου]].\n*[[1917]] - [[Α΄ Παγκόσμιος Πόλεμος]]: Η [[Ελλάδα]] κηρύσσει τον πόλεμο στις [[Κεντρικές Δυνάμεις]].\n*[[1919]] - Υπογράφεται η [[Συνθήκη των Βερσαλλιών]], τερματίζοντας τον [[Α΄ Παγκόσμιος Πόλεμος|Α΄ Παγκόσμιο Πόλεμο]] μεταξύ της [[Γερμανία]]ς και των συμμάχων.\n*[[1921]] - Ο βασιλιάς [[Αλέξανδρος Α΄ της Σερβίας]] ανακηρύσσει το νέο σύνταγμα του [[Βασίλειο της Γιουγκοσλαβίας|Βασιλείου της Γιουγκοσλαβίας]], γνωστό έκτοτε ως Σύνταγμα του Βίντοβνταν.\n*[[1922]] - Αρχίζει ο [[Ιρλανδικός εμφύλιος πόλεμος]] με τον βομβαρδισμό των δικαστηρίων στο [[Δουβλίνο]]. \n*[[1926]] - Ο [[Γκότλιμπ Ντάιμλερ]] και ο [[Καρλ Μπεντς]] συγχωνεύουν τις εταιρείες τους και δημιουργούν την Daimler-Benz AG.\n*[[1940]] - Το [[Βασίλειο της Ρουμανίας]] παραχωρεί τη [[Βεσσαραβία]] (σημερινή [[Μολδαβία]]) στη [[Ένωση Σοβιετικών Σοσιαλιστικών Δημοκρατιών|Σοβιετική Ένωση]], κατόπιν τελεσίγραφου.\n*[[1942]] - [[Β΄ Παγκόσμιος Πόλεμος]]: Η [[Ναζιστική Γερμανία]] ξεκινά τη στρατηγική θερινή επίθεση κατά της [[Ένωση Σοβιετικών Σοσιαλιστικών Δημοκρατιών|Σοβιετικής Ένωσης]].\n* [[1964]] - Δημιουργείται η [[Οργάνωση Αφροαμερικάνικης Ενότητας]] από τον [[Μάλκολμ Χ]].\n* [[2007]] - Μεγάλη καταστροφή στην [[Πάρνηθα]]. Οι πυρκαγιές κατακαίουν χιλιάδες στρέμματα δασικής έκτασης.\n\n== Γεννήσεις ==\n*[[751]] - [[Καρλομάν Α΄]], βασιλιάς των Φράγκων\n*[[1444]] - [[Καρλόττα της Κύπρου|Καρλόττα]], βασίλισσα της Κύπρου\n*[[1476]] - [[Πάπας Παύλος Δ΄]]\n*[[1491]] - [[Ερρίκος Η΄ της Αγγλίας|Ερρίκος Η΄]], βασιλιάς της Αγγλίας\n*[[1577]] - [[Πέτερ Πάουλ Ρούμπενς]], Φλαμανδός ζωγράφος\n*[[1703]] - [[Τζον Γουέσλεϋ]], Άγγλος θεολόγος, ιδρυτής του [[Μεθοδισμός|Μεθοδισμού]]\n*[[1712]] - [[Ζαν Ζακ Ρουσσώ]], Ελβετός φιλόσοφος\n*[[1818]] - [[Άντζελο Σέκι]], Ιταλός αστρονόμος\n*[[1847]] - [[Σβάινμπγιερν Σβάινμπγιερνσσον]], Ισλανδός συνθέτης\n*[[1867]] - [[Λουίτζι Πιραντέλλο]], Ιταλός συγγραφέας\n*[[1873]] - [[Αλεξίς Καρέλ]], Γάλλος ιατρός\n*[[1883]] - [[Πιερ Λαβάλ]], Γάλλος πολιτικός\n*[[1906]] - [[Μαρία Γκέπερτ-Μάγιερ]], Γερμανίδα φυσικός\n*[[1909]] - [[Κριστόφ Σολιό]], στρατιωτικός και πολιτικός από το Μπενίν\n*[[1912]] - [[Αμαλία Φλέμινγκ]], Ελληνίδα ιατρός και πολιτικός\n*[[1914]] - [[Άριμπερτ Χάιμ]], Αυστριακός ιατρός\n*[[1926]] - [[Μελ Μπρουκς]], Αμερικανός ηθοποιός και σκηνοθέτης\n*[[1934]] - [[Ζωρζ Βολίνσκυ]], Γάλλος σκιτσογράφος\n*[[1940]] - [[Μοχάμεντ Γιουνούς]], οικονομολόγος από το Μπανγκλαντές\n*[[1941]] - [[Ντέιβιντ Λόιντ Τζόνστον]], Καναδός πολιτικός\n*[[1942]] - [[Ρούπερτ Σέλντρεϊκ]], Άγγλος βιοχημικός\n*[[1944]] - [[Λουίς Νικολάο]], Αργεντινός κολυμβητής\n*[[1948]] - [[Κάθι Μπέιτς]], Αμερικανίδα ηθοποιός\n*[[1952]] - [[Πιέτρο Μενέα]], Ιταλός αθλητής\n*[[1952]] - [[Μούσκα]], Φινλανδή τραγουδίστρια\n*[[1957]] - [[Γκεόργκι Παρβάνοφ]], Βούλγαρος πολιτικός\n*[[1959]] - [[Φρανσέσκ Αρένι Κασάλ]], Ανδορρανός πολιτικός\n*[[1961]] - [[Λεονάρντ Όρμπαν]], Ρουμάνος πολιτικός\n*[[1971]] - [[Ίλον Μασκ]], Νοτιοαφρικανός επιχειρηματίας\n*[[1971]] - [[Φαμπιάν Μπαρτέζ]], Γάλλος ποδοσφαιριστής\n*[[1978]] - [[Ελεάνα Βραχάλη]], Ελληνίδα στιχουργός\n*[[1982]] - [[Ιρακλί Γκαριμπασβίλι]], Γεωργιανός πολιτικός\n*[[1991]] - [[Γουίλ Στίβενς]], Βρετανός οδηγός αγώνων\n*[[1993]] - [[Τάσος Μπακασέτας]], Έλληνας ποδοσφαιριστής\n\n== Θάνατοι ==\n*[[548]] - [[Θεοδώρα (αυτοκράτειρα)|Θεοδώρα]], Βυζαντινή αυτοκράτειρα\n*[[572]] - [[Αλβοΐνος]], βασιλιάς των Λομβαρδών\n*[[683]] - [[Πάπας Λέων Β΄]]\n*[[767]] - [[Πάπας Παύλος Α΄]]\n*[[1061]] - [[Φλόρις Α΄ της Ολλανδίας|Φλόρις Α΄]], κόμης της Ολλανδίας\n*[[1189]] - [[Ματθίλδη της Αγγλίας]], δούκισσα της Σαξωνίας\n*[[1385]] - [[Ανδρόνικος Δ´ Παλαιολόγος]], Βυζαντινός αυτοκράτορας\n*[[1389]] - [[Μουράτ Α΄]], Οθωμανός σουλτάνος\n*[[1389]] - [[Μίλος Όμπιλιτς]], Σέρβος ιππότης\n*[[1389]] - [[Λάζαρος Χρεμπελιάνοβιτς]], πρίγκιπας της Σερβίας\n*[[1598]] - [[Αβραάμ Ορτέλιους]], Φλαμανδός χαρτογράφος\n*[[1796]] - [[Θωμάς Μανδακάσης]], Έλληνας λόγιος\n*[[1836]] - [[Τζέιμς Μάντισον]], 4ος πρόεδρος των Η.Π.Α.\n*[[1891]] - [[Οδυσσέας Πετρόπουλος]], Έλληνας πολιτικός\n*[[1892]] - [[Διονύσιος Ροδοθεάτος]], Έλληνας συνθέτης\n*[[1914]] - [[Φραγκίσκος Φερδινάνδος της Αυστρίας|Φραγκίσκος Φερδινάνδος]], αρχιδούκας της Αυστρίας\n*[[1921]] - [[Κάρολος Ιωσήφ Βοναπάρτης]], Αμερικανός πολιτικός\n*[[1922]] - [[Βελιμίρ Χλέμπνικωφ]], Ρώσος συγγραφέας\n*[[1947]] - [[Γεώργιος Ε. Γοργίας]], Έλληνας πολιτικός\n*[[1950]] - [[Αρχιεπίσκοπος Κύπρου Μακάριος Β΄]]\n*[[1971]] - [[Φραντς Στανγκλ]], Αυστριακός αξιωματικός των SS\n*[[1975]] - [[Κωνσταντίνος Δοξιάδης]], Έλληνας αρχιτέκτονας\n*[[1977]] - [[Τάκης Ζενέτος]], Έλληνας αρχιτέκτονας\n*[[1985]] - [[Λάμπρος Κωνσταντάρας]], Έλληνας ηθοποιός\n*[[1989]] - [[Γιόρις Ίβενς]], Ολλανδός σκηνοθέτης\n*[[1992]] - [[Μιχαήλ Ταλ]], Λετονός σκακιστής\n*[[2006]] - [[Μπόμπαν Γιάνκοβιτς]], Σέρβος καλαθοσφαιριστής\n*[[2007]] - [[Κιίτσι Μιγιαζάουα]], Ιάπωνας πολιτικός\n*[[2007]] - [[Γιουτζίν Φλάκυ]], Αμερικανός υποναύαρχος\n*[[2012]] - [[Κώστας Λιδωρίκης]], Έλληνας πολιτικός\n*[[2012]] - [[Νέστορας Μάτσας]], Έλληνας συγγραφέας και σκηνοθέτης\n\n== Αργίες και εορτές ==\n=== [[Ορθόδοξη Εκκλησία]] ===\n{{Πύλη:Ορθοδοξία/Εορτολόγιο/28 Ιουνίου}}\n\n{{Μήνες}}\n\n[[Κατηγορία:Ημέρες του έτους]]"}}}]}]}}