{"batchcomplete":true,"query":{"normalized":[{"fromencoded":false,"from":"28_Ιανουαρίου","to":"28 Ιανουαρίου"}],"pages":[{"pageid":1154,"ns":0,"title":"28 Ιανουαρίου","revisions":[{"slots":{"main":{"contentmodel":"wikitext","contentformat":"text/x-wiki","content":"{{5μήνες|μ=1}}\n\n<center>[[27 Ιανουαρίου]] | '''28 Ιανουαρίου''' | [[29 Ιανουαρίου]]</center>\n\n----\nΗ '''28η Ιανουαρίου''' είναι η 28η ημέρα του έτους κατά το [[Γρηγοριανό ημερολόγιο]]. Υπολείπονται 337 ημέρες (338 σε δίσεκτα έτη).\n\n{|width=100%\n| __TOC__\n| {{ΗμερολόγιοΣεΠίνακα|1}}\n|}\n\n== Γεγονότα ==\n*[[814]] - Ο [[Καρλομάγνος]] πεθαίνει από πλευρίτιδα στο [[Άαχεν]] ως ο πρώτος [[αυτοκράτορας της Αγίας Ρωμαϊκής Αυτοκρατορίας]]. Τον διαδέχεται ο γιος του, [[Λουδοβίκος ο Ευσεβής]], ως βασιλιάς της [[Αυτοκρατορία των Καρολιδών|αυτοκρατορίας των Καρολιδών]].\n*[[1077]] - Ο [[Πάπας Γρηγόριος Ζ΄]] ανακαλεί τον [[Θρησκευτικές ποινές|αφορισμό]] του [[Ερρίκος Δ΄ της Αγίας Ρωμαϊκής Αυτοκρατορίας|Ερρίκου Δ΄ της Αγίας Ρωμαϊκής Αυτοκρατορίας]].\n*[[1393]] - Ο βασιλιάς [[Κάρολος ΣΤ΄ της Γαλλίας]] γλυτώνει τον θάνατο όταν αρπάζουν φωτιά τα κοστούμια μεταμφιεσμένων χορευτών.\n*[[1521]] - Ξεκινά η Δίαιτα της [[Βορμς]], η οποία θα διαρκέσει έως τις [[25 Μαΐου]].\n*[[1547]] - Πεθαίνει ο βασιλιάς [[Ερρίκος Η΄ της Αγγλίας]]. Ο εννιάχρονος γιος του, [[Εδουάρδος ΣΤ΄ της Αγγλίας|Εδουάρδος ΣΤ΄]], γίνεται βασιλιάς και ο πρώτος [[Προτεσταντισμός|Προτεστάντης]] ηγέτης της [[Αγγλία]]ς.\n*[[1573]] - Υπογράφονται τα άρθρα της Συνομοσπονδίας της [[Βαρσοβία]]ς, επικυρώνοντας την [[ανεξιθρησκία]] στην [[Πολωνία]].\n*[[1624]] - Ιδρύεται στο [[Άγιος Χριστόφορος (νησί)|νησί του Αγίου Χριστόφορου]] η πρώτη [[Μεγάλη Βρετανία|βρετανική]] αποικία στην [[Καραϊβική Θάλασσα]]. \n*[[1754]] - Αναφέρεται για πρώτη φορά η λέξη ''[[Σερεντίπιτυ]]''.\n*[[1813]] - Η ''[[Περηφάνια και Προκατάληψη]]'' της [[Τζέιν Όστεν]] εκδίδεται για πρώτη φορά στο [[Ηνωμένο Βασίλειο]].\n*[[1820]] - [[Ρωσική Αυτοκρατορία|Ρωσική]] αποστολή με επικεφαλής τον Φάμπιαν φον Μπελλινγκσχάουζεν και τον [[Μιχαήλ Πετρόβιτς Λάζαρεφ]] ανακαλύπτει την [[Ανταρκτική]].  \n*[[1871]] - Ολοκληρώνεται η [[Πολιορκία του Παρισιού (1870-71)|Πολιορκία του Παρισιού]], με αποτέλεσμα την επικράτηση της [[Βασίλειο της Πρωσίας|Πρωσίας]] στον [[Γαλλοπρωσικός Πόλεμος|Γαλλοπρωσικό Πόλεμο]].\n* [[1900]] - Ιδρύεται στη [[Λειψία]] της [[Γερμανία]]ς η [[Γερμανική Ποδοσφαιρική Ομοσπονδία]] (''DFB'').\n* [[1913]] - Ο [[Πατριάρχης Γερμανός Ε΄|Γερμανός Ε΄]] εκλέγεται [[Οικουμενικό Πατριαρχείο|Οικουμενικός Πατριάρχης]].\n* [[1956]] - Η καριέρα του [[Έλβις Πρίσλεϊ]] αρχίζει να παίρνει εθνικές διαστάσεις όταν μαζί με τους Moore, Black και D.J. Fontana κάνει την πρώτη του τηλεοπτική εμφάνιση στην εκπομπή ''Stage Show''.\n*[[1964]] - Ένα άοπλο αεροσκάφος T-39 Sabreliner της [[Αμερικανική Πολεμική Αεροπορία|Αμερικανικής Πολεμικής Αεροπορίας]] σε εκπαιδευτική αποστολή καταρρίπτεται από ένα σοβιετικό MiG-19 πάνω από την [[Έρφουρτ|Ερφούρτη]] της [[Λαοκρατική Δημοκρατία της Γερμανίας|Ανατολικής Γερμανίας]].\n* [[1971]] - Η Ελλάδα διαγράφεται από την Ευρωπαϊκή Βουλή της ΕΟΚ.\n* [[1986]] - Το [[διαστημικό λεωφορείο]] [[Διαστημικό λεωφορείο Τσάλεντζερ|Τσάλεντζερ]] χάνεται 73 δευτερόλεπτα μετά από την εκτόξευση.\n* [[1996]] - [[Κρίση των Ιμίων]]: Το περιπολικό «Αντωνίου» του [[Ελληνικό Πολεμικό Ναυτικό|Πολεμικού Ναυτικού]] κατεβάζει την τουρκική σημαία που πριν είχαν υψώσει στα Ίμια Τούρκοι δημοσιογράφοι και υψώνει την ελληνική. Το βράδυ, Έλληνες βατραχάνθρωποι αποβιβάζονται στη Μεγάλη Ίμια χωρίς να τους πάρουν είδηση τα παραπλέοντα εκεί τουρκικά πολεμικά.\n* [[1998]] - Ανακοινώνεται η εξαγορά της ''[[Volvo (αυτοκινητοβιομηχανία)|Volvo Cars]]'' από την ''[[Premier Automotive Group]]'' και ολοκληρώνεται μέσα σε ένα χρόνο.\n* [[2000]] - Παρουσία της πολιτικής, πολιτειακής, και θρησκευτικής ηγεσίας της Ελλάδας, πραγματοποιείται η τελετή των εγκαινίων του [[Μετρό της Αθήνας]], στο σταθμό Συντάγματος.\n\n== Γεννήσεις ==\n*[[598]] - [[Αυτοκράτορας Ταϊζόνγκ των Τανγκ]]\n*[[1311]] - [[Ιωάννα Β΄ της Ναβάρρας|Ιωάννα Β']], βασίλισσα της Ναβάρρας\n*[[1457]] - [[Ερρίκος Ζ΄ της Αγγλίας|Ερρίκος Ζ΄]], βασιλιάς της Αγγλίας\n*[[1600]] - [[Πάπας Κλήμης Θ΄]]\n*[[1608]] - [[Τζοβάνι Μπορέλι]], Ιταλός φυσιολόγος και φυσικός\n*[[1611]] - [[Εβέλιος]], Πολωνός αστρονόμος\n*[[1717]] - [[Μουσταφά Γ΄]], Οθωμανός σουλτάνος\n*[[1755]] - [[Σάμουελ Τόμας Ζέμερινγκ]], Γερμανός ιατρός\n*[[1864]] - [[Νικόλαος Δημητρακόπουλος]], Έλληνας πολιτικός\n*[[1873]] - [[Κολέτ]], Γαλλίδα συγγραφέας\n*[[1884]] - [[Ωγκύστ Πικάρ]], Ελβετός φυσικός\n*[[1887]] - [[Άρθουρ Ρούμπινσταϊν]], Πολωνός πιανίστας\n*[[1892]] - [[Ιωάννης Γκλαβάνης]], Έλληνας πολιτικός\n*[[1892]] - [[Ερνστ Λιούμπιτς]], Γερμανός σκηνοθέτης\n*[[1906]] - [[Μάρκος Βαφειάδης]], Έλληνας πολιτικός\n*[[1912]] - [[Τζάκσον Πόλοκ]], Αμερικανός ζωγράφος\n*[[1916]] - [[Γιάννης Μαρής]], Έλληνας συγγραφέας\n*[[1926]] - [[Ευστάθιος Κολιαβάς]], Έλληνας συγγραφέας\n*[[1929]] - [[Κλάες Όλντενμπουργκ]], Σουηδός καλλιτέχνης\n*[[1936]] - [[Ισμαήλ Κανταρέ]], Αλβανός συγγραφέας\n*[[1944]] - [[Τζων Τάβενερ]], Άγγλος συνθέτης\n*[[1948]] - [[Τσαρλς Τέιλορ]], Λιβεριανός πολιτικός\n*[[1948]] - [[Μηνάς Χατζησάββας]], Έλληνας ηθοποιός\n*[[1950]] - [[Σεΐχης Χαμάντ μπιν Ισά αλ Χαλίφα]], βασιλιάς του Μπαχρέιν\n*[[1954]] - [[Μπρουνό Μετσού]], Γάλλος ποδοσφαιριστής και προπονητής\n*[[1955]] - [[Νικολά Σαρκοζί]], Γάλλος πολιτικός\n*[[1974]] - [[Τόνι Ντελκ]], Αμερικανός καλαθοσφαιριστής\n*[[1975]] - [[Τιμ Μοντγκόμερι]], Αμερικανός αθλητής\n*[[1976]] - [[Μίλτος Σαπάνης]], Έλληνας ποδοσφαιριστής\n*[[1977]] - [[Τακούμα Σάτο]], Ιάπωνας οδηγός αγώνων\n*[[1978]] - [[Τζέιμι Κάραγκερ]], Άγγλος ποδοσφαιριστής\n*[[1978]] - [[Τζανλουίτζι Μπουφόν]], Ιταλός ποδοσφαιριστής\n*[[1978]] - [[Σέιμους]], Ιρλανδός παλαιστής\n*[[1981]] - [[Ελάιζα Γουντ|Ελάιτζα Γουντ]], Αμερικανός ηθοποιός\n*[[1984]] - [[Αντρέ Ιγκουοντάλα]], Αμερικανός καλαθοσφαιριστής\n*[[1986]] - [[Αντώνης Πετρόπουλος]], Έλληνας ποδοσφαιριστής\n\n== Θάνατοι ==\n*[[814]] - [[Καρλομάγνος]], βασιλιάς των Φράγκων\n*[[1227]] - [[Ερρίκος Μπόρβιν Α΄ του Μεκλεμβούργου|Ερρίκος Μπόρβιν Α']], πρίγκιπας του Μεκλεμβούργου\n*[[1271]] - [[Ισαβέλλα της Αραγωνίας]], βασίλισσα της Γαλλίας\n*[[1547]] - [[Ερρίκος Η΄ της Αγγλίας|Ερρίκος Η΄]], βασιλιάς της Αγγλίας\n*[[1621]] - [[Πάπας Παύλος Ε΄]]\n*[[1687]] - [[Εβέλιος]], Πολωνός αστρονόμος\n*[[1754]] - [[Λούντβιχ Χόλμπεργκ]], Νορβηγός ιστορικός και συγγραφέας\n*[[1829]] - [[Άλμπρεχτ Μπέρμπλινγκερ]], Γερμανός εφευρέτης\n*[[1870]] - [[Λεοπόλδος Β΄, Μέγας Δούκας της Τοσκάνης]]\n*[[1937]] - [[Αναστάσιος Μεταξάς]], Έλληνας αρχιτέκτονας και σκοπευτής\n*[[1939]] - [[Ουίλιαμ Μπάτλερ Γέιτς]], Ιρλανδός συγγραφέας\n*[[1965]] - [[Μαξίμ Βεϋγκάν]], Γάλλος στρατιωτικός\n*[[1986]] - [[Νικόλαος Ι. Παπαϊωάννου]], Έλληνας πολιτικός\n*[[1986]] - [[Τζούντιθ Ρέσνικ]], Αμερικανίδα αστροναύτης\n*[[1988]] - [[Κώστας Λουλές]], Έλληνας πολιτικός\n*[[1988]] - [[Κλάους Φουχς]], Γερμανός φυσικός\n*[[1996]] - [[Γιόζεφ Μπρόντσκι]], Ρώσος ποιητής\n*[[1998]] - [[Χρήστος Μπασαγιάννης]], Έλληνας πολιτικός\n*[[2002]] - [[Άστριντ Λίντγκρεν]], Σουηδέζα συγγραφέας\n*[[2003]] - [[Ταϋγέτη]], Ελληνίδα ηθοποιός\n*[[2007]] - [[Γελένα Ρομανόβα]], Ρωσίδα αθλήτρια\n*[[2007]] - [[Έμμα Τίλμαν]], Αμερικανίδα υπεραιωνόβια\n*[[2008]] - [[Μητροπολίτης Λευκάδος και Ιθάκης Νικηφόρος]]\n*[[2008]] - [[Αρχιεπίσκοπος Χριστόδουλος|Αρχιεπίσκοπος Αθηνών και πάσης Ελλάδος Χριστόδουλος]]\n*[[2013]] - [[Νικόλαος Ντερτιλής]], Έλληνας στρατιωτικός\n*[[2014]] - [[Φρεντερίκ Μπριλί Μπουαμπρέ]], Ιβοριανός καλλιτέχνης\n*[[2017]] - [[Τζεφ Νίκολς]], Άγγλος μουσικός\n\n== Αργίες και εορτές ==\n=== [[Ορθόδοξη Εκκλησία]] ===\n{{Commonscat}}\n\n{{Πύλη:Ορθοδοξία/Εορτολόγιο/28 Ιανουαρίου}}\n\n{{Μήνες}}\n\n[[Κατηγορία:Ημέρες του έτους]]"}}}]}]}}