{"batchcomplete":true,"query":{"normalized":[{"fromencoded":false,"from":"28_Ιουλίου","to":"28 Ιουλίου"}],"pages":[{"pageid":2874,"ns":0,"title":"28 Ιουλίου","revisions":[{"slots":{"main":{"contentmodel":"wikitext","contentformat":"text/x-wiki","content":"{{Μήνες Ιουλίου}}\n\n<center>[[27 Ιουλίου]] | [[28 Ιουλίου]] | [[29 Ιουλίου]]</center>\n\n----\nΗ '''28η Ιουλίου''' είναι η 209η ημέρα του έτους κατά το [[Γρηγοριανό ημερολόγιο]] (210η σε δίσεκτα έτη). Υπολείπονται 156 ημέρες.\n\n{{ΗμερολόγιοΣεΠίνακα|7}}\n\n== Γεγονότα ==\n*[[1364]] - Τα στρατεύματα της Δημοκρατίας της [[Φλωρεντία]]ς νικούν τα στρατεύματα της Δημοκρατίας της [[Πίζα]]ς στη μάχη της Κασίνα.\n*[[1540]] - Ο [[Τόμας Κρόμγουελ]] εκτελείται με εντολή του [[Ερρίκος Η΄ της Αγγλίας|Ερρίκου Η΄ της Αγγλίας]] με την κατηγορία της [[προδοσία]]ς. Την ίδια μέρα, ο Ερρίκος παντρεύεται την πέμπτη του σύζυγο, [[Αικατερίνη Χάουαρντ]].\n*[[1778]] - Επικυρώνεται το σύνταγμα της [[Κανταβρία]]ς στην [[Ισπανία]].\n*[[1794]] - [[Γαλλική Επανάσταση]]: Ο [[Μαξιμιλιανός Ροβεσπιέρος]] και ο [[Λουί Αντουάν Λεόν ντε Σαιν Ζυστ]] εκτελούνται στην [[γκιλοτίνα]] στο [[Παρίσι]].\n*[[1808]] - Ο [[Μαχμούτ Β΄]] γίνεται [[Κατάλογος Σουλτάνων της Οθωμανικής Αυτοκρατορίας|σουλτάνος της Οθωμανικής Αυτοκρατορίας]] και [[Χαλιφάτο|χαλίφης του Ισλάμ]].\n*[[1809]] - [[Πόλεμος της Ιβηρικής Χερσονήσου]]: [[Μάχη της Ταλαβέρα]]. Ο [[Μεγάλη Βρετανία|βρετανικός]], [[Πορτογαλία|πορτογαλικός]] και [[Ισπανία|ισπανικός]] στρατός του σερ Άρθουρ Ουέλσλι νικά τις [[Γαλλία|γαλλικές]] δυνάμεις του [[Ιωσήφ Βοναπάρτης|Ιωσήφ Βοναπάρτη]].\n*[[1821]] - Ο [[Χοσέ ντε Σαν Μαρτίν]] ανακηρύσσει την ανεξαρτησία του [[Περού]] από την [[Ισπανία]].\n*[[1822]] - Ξεκινάει η [[Μάχη του Αγιονορίου]] κατά την διάρκεια της επανάστασης του 1821.\n*[[1864]] - [[Αμερικανικός Εμφύλιος Πόλεμος]]: Τα στρατεύματα των [[Συνομόσπονδες Πολιτείες της Αμερικής|Συνομόσπονδων Πολιτειών της Αμερικής]] κάνουν μία τρίτη ανεπιτυχή προσπάθεια να διώξουν τις δυνάμεις της [[Ένωση (Αμερικανικός Εμφύλιος Πόλεμος)|Ένωσης]] από την [[Ατλάντα]].\n*[[1868]] - Επικυρώνεται η 14η τροπολογία του [[Ηνωμένες Πολιτείες Αμερικής|αμερικανικού]] Συντάγματος, καθιερώνοντας την [[Αφροαμερικανοί|αφροαμερικανική]] υπηκοότητα και εξασφαλίζοντας τη δέουσα νομική διαδικασία. \n*[[1914]] - Στο αποκορύφωμα της κρίσης του Ιουλίου, η [[Αυστροουγγαρία]] κηρύσσει τον πόλεμο στη [[Σερβία]], πυροδοτώντας τον [[Α΄ Παγκόσμιος Πόλεμος|Α΄ Παγκόσμιο Πόλεμο]].\n*[[1915]] - Οι [[Ηνωμένες Πολιτείες Αμερικής]] ξεκινούν μία 20ετή κατοχή της [[Αϊτή]]ς.\n*[[1935]] - Πρώτη πτήση του [[Boeing B-17 Flying Fortress]].\n*[[1938]] - [[Κίνημα της 28ης Ιουλίου 1938|Κίνημα]] εκδηλώνεται στα [[Χανιά]] της [[Κρήτη]]ς, εναντίον της [[Καθεστώς της 4ης Αυγούστου|δικτατορίας]]. Το κίνημα καταρρέει σε λίγες ώρες. \n*[[1945]] - [[Ηνωμένες Πολιτείες Αμερικής|Αμερικανικό]] βoμβαρδιστικό Β-25 συντρίβεται στον 79ο όροφο του [[Εμπάιρ Στέιτ Μπίλντινγκ]], σκοτώνοντας 14 άτομα και τραυματίζοντας 26.\n*[[1976]] - [[Σεισμός]] μεγέθους 7,8 Ρίχτερ ισοπεδώνει το [[Τανγκσάν]] στην [[Λαϊκή Δημοκρατία της Κίνας|Κίνα]], σκοτώνοντας 240.000 άτομα. \n*[[2001]] - Ο [[Αυστραλία|Αυστραλός]] [[Ίαν Θορπ]] γίνεται ο πρώτος κολυμβητής που κερδίζει έξι χρυσά μετάλλια σε ένα παγκόσμιο πρωτάθλημα.\n*[[2002]] - Εννέα [[Λιγνιτωρυχείο|ανθρακωρύχοι]] παγιδευμένοι σε πλημμυρισμένο ορυχείο στην [[Πενσυλβάνια]] σώζονται μετά από 77 ώρες κάτω από τη γη.\n* [[2005]] - Η οργάνωση «[[Ιρλανδικός Δημοκρατικός Στρατός]]» ανακοινώνει αφενός τον τερματισμό του ένοπλου αγώνα εναντίον της Βρετανικής παρουσίας στη Βόρειο Ιρλανδία ύστερα από 36 χρόνια δράσης και αφετέρου τη δέσμευσή της για αποκλειστική χρήση πολιτικών διαδικασιών για την επίτευξη των στόχων της.\n\n== Γεννήσεις ==\n*[[1458]] - [[Τζάκοπο Σαννατσάρο]], Ιταλός ποιητής\n*[[1516]] - [[Γουλιέλμος του Γύλιχ-Κλέβης-Μπεργκ|Γουλιέλμος]], δούκας του Γύλιχ-Κλέβης-Μπεργκ\n*[[1609]] - [[Γιούντιτ Λέιστερ]], Ολλανδή ζωγράφος\n*[[1635]] - [[Ρόμπερτ Χουκ]], Άγγλος επιστήμονας\n*[[1804]] - [[Λούντβιχ Φόιερμπαχ]], Γερμανός φιλόσοφος\n*[[1836]] - [[Εμμανουήλ Ροΐδης]], Έλληνας συγγραφέας\n*[[1845]] - [[Εμίλ Μπουτρού]], Γάλλος φιλόσοφος\n*[[1867]] - [[Τσαρλς Ντίλον Περίν]], Αμερικανός αστρονόμος\n*[[1887]] - [[Μαρσέλ Ντυσάν]], Γάλλος ζωγράφος\n*[[1902]] - [[Καρλ Πόπερ]], Αυστριακός φιλόσοφος\n*[[1904]] - [[Πάβελ Τσερενκόφ]], Σοβιετικός φυσικός\n*[[1907]] - [[Ερλ Τάπερ]], Αμερικανός εφευρέτης και επιχειρηματίας\n*[[1915]] - [[Τσαρλς Χαρντ Τάουνς]], Αμερικανός φυσικός\n*[[1925]] - [[Μπαρούχ Σάμιουελ Μπλούμπεργκ]], Αμερικανός φυσικός\n*[[1925]] - [[Μπρούνο Πεζάολα]], Αργεντινός ποδοσφαιριστής\n*[[1927]] - [[Τζον Άσμπερυ]], Αμερικανός ποιητής\n*[[1929]] - [[Ζακλίν Μπουβιέ Κένεντι Ωνάση]], πρώτη κυρία των Η.Π.Α.\n*[[1937]] - [[Γιώργος Ζαΐμης]], Έλληνας ιστιοπλόος\n*[[1938]] - [[Λουίς Αραγονές]], Ισπανός ποδοσφαιριστής και προπονητής\n*[[1941]] - [[Ρικάρντο Μούτι]], Ιταλός διευθυντής ορχήστρας\n*[[1942]] - [[Τώνια Μαρκετάκη]], Ελληνίδα σκηνοθέτρια\n*[[1943]] - [[Ρίτσαρντ Ράιτ]], Άγγλος μουσικός ([[Pink Floyd]])\n*[[1947]] - [[Σου Τσεν Τσαν]], πολιτικός από την Ταϊβάν\n*[[1950]] - [[Σάμιουελ Γουέιμαουθ Τάπλεϊ Σίτον]], πολιτικός του Αγίου Χριστόφορου και Νέβις\n*[[1951]] - [[Σαντιάγο Καλατράβα]], Ισπανός αρχιτέκτονας και μηχανικός\n*[[1952]] - [[Μάχα Βαγιραλονγκόρν]], βασιλιάς της Ταϊλάνδης\n*[[1954]] - [[Στηβ Μορς]], Αμερικανός κιθαρίστας ([[Deep Purple]] και Kansas)\n*[[1954]] - [[Ούγκο Τσάβες]], Βενεζουελανός πολιτικός\n*[[1960]] - [[Χάραλντ Λες]], Γερμανός φυσικός\n*[[1964]] - [[Νίκος Νικολαΐδης (συγγραφέας)|Νίκος Νικολαΐδης]], Έλληνας συγγραφέας\n*[[1971]] - [[Αμπού Μπακρ αλ-Μπαγκντάντι]], Ιρακινός ηγέτης\n*[[1971]] - [[Αντρέι Κράβαρικ]], Σλοβάκος πετοσφαιριστής\n*[[1974]] - [[Αλέξης Τσίπρας]], Έλληνας πολιτικός\n*[[1977]] - [[Μανού Τζινόμπιλι]], Αργεντινός καλαθοσφαιριστής\n*[[1981]] - [[Γιάννης Τσιμιτσέλης]], Έλληνας ηθοποιός\n*[[1983]] - [[Χουάν Γκουαϊδό]], Βενεζουελανός πολιτικός\n*[[1985]] - [[Ματιέ Ντεμπυσί]], Γάλλος ποδοσφαιριστής\n*[[1987]] - [[Πέδρο Ροδρίγεθ Λεντέσμα]], Ισπανός ποδοσφαιριστής\n*[[1993]] - [[Cher Lloyd]], Αγγλίδα τραγουδίστρια\n\n\n== Θάνατοι ==\n*[[450]] - [[Θεοδόσιος Β´]], Βυζαντινός αυτοκράτορας\n*[[1057]] - [[Πάπας Βίκτωρ Β΄]]\n*[[1127]] - [[Γουλιέλμος Β΄ της Απουλίας|Γουλιέλμος Β΄]], κόμης της Απουλίας\n*[[1128]] - [[Γουλιέλμος Κλίτο]], κόμης της Φλάνδρας\n*[[1230]] - [[Λεοπόλδος ΣΤ΄ της Αυστρίας|Λεοπόλδος ΣΤ΄]], δούκας της Αυστρίας\n*[[1540]] - [[Τόμας Κρόμγουελ]], Άγγλος πολιτικός\n*[[1655]] - [[Συρανό ντε Μπερζεράκ (συγγραφέας)|Συρανό ντε Μπερζεράκ]], Γάλλος στρατιωτικός και συγγραφέας\n*[[1741]] - [[Αντόνιο Βιβάλντι]], Ιταλός συνθέτης\n*[[1750]] - [[Γιόχαν Σεμπάστιαν Μπαχ]], Γερμανός συνθέτης\n*[[1794]] - [[Αυγουστίνος Ροβεσπιέρος]], Γάλλος επαναστάτης\n*[[1794]] - [[Μαξιμιλιανός Ροβεσπιέρος]], Γάλλος δικηγόρος και πολιτικός\n*[[1794]] - [[Λουί Αντουάν Λεόν ντε Σαιν Ζυστ]], Γάλλος στρατιωτικός και πολιτικός\n*[[1808]] - [[Σελίμ Γ΄]], Οθωμανός σουλτάνος\n*[[1844]] - [[Ιωσήφ Βοναπάρτης]], βασιλιάς της Ισπανίας\n*[[1849]] - [[Κάρολος Αλβέρτος της Σαρδηνίας|Κάρολος Αλβέρτος]], βασιλιάς της Σαρδηνίας\n*[[1922]] - [[Πολύβιος Δημητρακόπουλος]], Έλληνας συγγραφέας\n*[[1928]] - [[Εντουάρ-Ανρί Αβρίλ]], Γάλλος ζωγράφος\n*[[1934]] - [[Μαρί Ντρέσλερ]], Καναδή ηθοποιός\n*[[1935]] - [[Μελέτιος Μεταξάκης]], Πατριάρχης Κωνσταντινουπόλεως\n*[[1942]] - [[Φλίντερς Πέτρι]], Άγγλος αιγυπτιολόγος\n*[[1962]] - [[Θεόφιλος Φρόνιμος]], Έλληνας πολιτικός\n*[[1964]] - [[Δημήτρης Μπόγρης]], Έλληνας θεατρικός συγγραφέας\n*[[1968]] - [[Ότο Χαν]], Γερμανός χημικός\n*[[1969]] - [[Ραμόν Γκράου]], Κουβανός πολιτικός\n*[[1979]] - [[Βόλφγκανγκ Ράινχαρντ]], Γερμανός σεναριογράφος\n*[[1985]] - [[Δημήτριος Βλαντάς]], Έλληνας στρατιωτικός\n*[[1985]] - [[Φώφη Σαραντοπούλου]], Ελληνίδα υψίφωνος\n*[[1999]] - [[Άλκης Τροπαιάτης]], Έλληνας συγγραφέας\n*[[2002]] - [[Αγγελική Αναγνωστοπούλου]], Ελληνίδα αγωνίστρια\n*[[2004]] - [[Φράνσις Κρικ]], Άγγλος βιολόγος\n*[[2015]] - [[Έντουαρντ Ναταπέι]], πρωθυπουργός του Βανουάτου\n*[[2016]] - [[Εμίλ Ντερλέν Ανρί Ζινσού]], πρόεδρος της Δαχομέης\n*[[2020]] - [[Σπύρος Πομώνης]], Έλληνας διεθνής ποδοσφαιριστής\n\n== Αργίες και εορτές ==\n=== [[Ορθόδοξη Εκκλησία]] ===\n{{Πύλη:Ορθοδοξία/Εορτολόγιο/28 Ιουλίου}}\n\n{{Μήνες}}\n\n[[Κατηγορία:Ημέρες του έτους]]"}}}]}]}}