{"batchcomplete":true,"query":{"normalized":[{"fromencoded":false,"from":"28_Δεκεμβρίου","to":"28 Δεκεμβρίου"}],"pages":[{"pageid":3754,"ns":0,"title":"28 Δεκεμβρίου","revisions":[{"slots":{"main":{"contentmodel":"wikitext","contentformat":"text/x-wiki","content":"{{Μήνες Δεκεμβρίου}}\n\n<center>[[27 Δεκεμβρίου]] | '''28 Δεκεμβρίου''' | [[29 Δεκεμβρίου]]</center>\n\n----\nΗ '''28η Δεκεμβρίου''' είναι η 362η ημέρα του έτους κατά το [[Γρηγοριανό ημερολόγιο]] (363η σε δίσεκτα έτη). Υπολείπονται 3 ημέρες.\n\n{{ΗμερολόγιοΣεΠίνακα|12}}\n\n== Γεγονότα ==\n*[[418]] - Εκλέγεται ο [[Πάπας Βονιφάτιος Α΄]].\n*[[457]] - Ο [[Μαϊοριανός]] στέφεται αυτοκράτορας της [[Δυτική Ρωμαϊκή Αυτοκρατορία|Δυτικής Ρωμαϊκής Αυτοκρατορίας]] και αναγνωρίζεται από τον αυτοκράτορα [[Λέων Α΄|Λέοντα Α΄]].\n*[[484]] - Ο Αλάριχος Β΄ γίνεται βασιλιάς των [[Βησιγότθοι|Βησιγότθων]].\n*[[893]] - [[Σεισμός]] καταστρέφει την πόλη Ντβιν στην [[Αρμενία]].\n*[[1065]] - Εγκαινιάζεται το [[Αββαείο του Ουέστμινστερ]].\n*[[1832]] - Ο Τζον Καλχούν γίνεται ο πρώτος [[αντιπρόεδρος των ΗΠΑ]] που παραιτείται από τη θέση του.\n*[[1836]] - Ιδρύεται η [[Νότια Αυστραλία]] και η [[Αδελαΐδα]].\n*[[1836]] - Η [[Ισπανία]] αναγνωρίζει την ανεξαρτησία του [[Μεξικό|Μεξικού]].\n*[[1846]] - Η [[Αϊόβα]] γίνεται η 29η [[Πολιτείες των ΗΠΑ|πολιτεία των Η.Π.Α.]]\n*[[1895]] - Οι [[Ωγκύστ και Λουί Λυμιέρ]] πραγματοποιούν στο [[Παρίσι]] την πρώτη προβολή ταινίας επί πληρωμής, σηματοδοτώντας το ντεμπούτο του κινηματογράφου.\n*[[1895]] - Ο [[Βίλχελμ Κόνραντ Ρέντγκεν]] δημοσιεύει με λεπτομέρειες την ανακάλυψη ενός νέου τύπου [[ακτινοβολία]]ς, ο οποίος αργότερα θα γίνει γνωστός ως [[ακτίνες Χ]]. \n*[[1908]] - [[Σεισμός της Μεσσήνης (1908)|Σεισμός]] μεγέθους 7,1 βαθμών της κλίμακας Ρίχτερ κλονίζει τη νότια [[Ιταλία]], σκοτώνοντας πάνω από 90.000 άτομα.\n*[[1912]] - Κυκλοφορούν τα πρώτα δημοτικά [[τραμ]] στους δρόμους του [[Σαν Φρανσίσκο]].\n*[[1912]] - Νικηφόρος μάχη Ελλήνων κατά Τουρκαλβανών στη διάβαση Λογαρά της Επαρχίας Χειμάρας στον Α' Βαλκανικό Πόλεμο.<ref>[https://www.himara.gr/istoria/8199-nikiforos-maxi-28-12-1912-sto-logara Νικηφόρος μάχη 28ης Δεκεμβρίου 1912 στη διάβαση Λογαρά της επαρχίας Χιμάρας]</ref>\n*[[1948]] - Αεροπλάνο [[Douglas DC-3]] εξαφανίζεται 50 μίλια νότια του [[Μαϊάμι]].\n*[[1958]] - «Το καλύτερο παιχνίδι που παίχτηκε ποτέ»: Οι Μπάλτιμορ Κολτς νικούν στη [[Νέα Υόρκη]] τους [[Νιου Γιορκ Τζάιαντς]], στο πρώτο παιχνίδι του [[NFL]] που κρίθηκε με ξαφνικό θάνατο στην [[παράταση]].\n*[[1964]] - Έπειτα από ανακρίσεις 19 μηνών, εκδίδεται το βούλευμα του Συμβουλίου Πλημμελειοδικών για τη δολοφονία του [[Γρηγόρης Λαμπράκης|Γρηγόρη Λαμπράκη]]. Παραπέμπονται για ανθρωποκτονία εκ προθέσεως οι Σπύρος Γκοτζαμάνης και Μανώλης Εμμανουηλίδης και για ηθική αυτουργία οι [[Ξενοφών Γιοσμάς]] και Εμμανουήλ Καπελώνης. Οι ανώτεροι αξιωματικοί της Χωροφυλακής παραπέμπονται μόνο για παράβαση καθήκοντος και όχι για ηθική αυτουργία, όπως είχε προτείνει ο ανακριτής [[Χρήστος Σαρτζετάκης]].\n*[[1968]] - Επιχείρηση-αστραπή [[Ισραήλ|ισραηλινών]] κομάντος στο αεροδρόμιο της [[Βηρυτός|Βηρυτού]], σε αντίποινα για την επίθεση της [[Φατάχ]] εναντίον αεροσκάφους της [[El Al]] στο [[Διεθνές Αεροδρόμιο Ελληνικού]]. Σε μισή ώρα καταστρέφουν όλα τα αεροσκάφη της πολιτικής αεροπορίας του [[Λίβανος|Λιβάνου]]. Η [[Αίγυπτος]] απειλεί με διακοπή της κατάπαυσης του πυρός. Δύο ημέρες αργότερα οι [[Άραβες]] βομβαρδίζουν έξι πόλεις των κατεχόμενων εδαφών.\n*[[2014]] - Έντεκα άτομα χάνουν τη ζωή τους και 19 αγνοούνται όταν το ''[[MS Norman Atlantic]]'' πιάνει φωτιά στο [[στενό του Οτράντο]], στην [[Αδριατική θάλασσα]], εντός των [[Ιταλία|ιταλικών]] υδάτων.\n\n== Γεννήσεις ==\n*[[1522]] - [[Μαργαρίτα της Πάρμας]], δούκισσα της Φλωρεντίας\n*[[1619]] - [[Αντουάν Φυρετιέρ]], Γάλλος συγγραφέας\n*[[1775]] - [[Ιωάννης-Γαβριήλ Εϋνάρδος]], Ελβετός τραπεζίτης\n*[[1798]] - [[Τόμας Χέντερσον]], Σκωτσέζος αστρονόμος\n*[[1856]] - [[Γούντροου Ουίλσον]], 28ος πρόεδρος των Η.Π.Α.\n*[[1875]] - [[Αλέξιος Μιχαήλοβιτς της Ρωσίας|Αλέξιος Μιχαήλοβιτς]], μέγας δούκας της Ρωσίας\n*[[1882]] - [[Άρθουρ Στάνλεϋ Έντινγκτον]], Άγγλος αστρονόμος\n*[[1885]] - [[Βλαντιμίρ Τάτλιν]], Σοβιετικός ζωγράφος και αρχιτέκτονας\n*[[1888]] - [[Φρίντριχ Βίλχελμ Μούρναου]], Γερμανός σκηνοθέτης\n*[[1890]] - [[Βίκτορ Λούτσε]], Γερμανός στρατιωτικός\n*[[1897]] - [[Ιβάν Στεπάνοβιτς Κόνιεφ]], Ρώσος στρατιωτικός\n*[[1903]] - [[Τζον φον Νόιμαν]], Ούγγρος μαθηματικός\n*[[1903]] - [[Ερλ Χάινς]], Αμερικανός πιανίστας\n*[[1908]] - [[Γεώργιος Ζώρας]], Έλληνας φιλόλογος\n*[[1922]] - [[Σταν Λι]], Αμερικανός συγγραφέας και εκδότης\n*[[1924]] - [[Γκίρμα Ουόλντε-Γκιόργκις]], Αιθίοπας πολιτικός\n*[[1925]] - [[Χίλντεγκαρντ Κνεφ]], Γερμανίδα ηθοποιός\n*[[1931]] - [[Γκυ Ντεμπόρ]], Γάλλος συγγραφέας\n*[[1934]] - [[Μάγκι Σμιθ]], Αγγλίδα ηθοποιός\n*[[1936]] - [[Χαν Σέουνγκ-σου]], Νοτιοκορεάτης πολιτικός\n*[[1938]] - [[Λάγκουμοτ Χάρις]], πρόεδρος του Ναουρού\n*[[1940]] - [[Παύλος Βασιλείου]], Κύπριος ποδοσφαιριστής\n*[[1942]] - [[Βίκτορ Σίνμαν]], Αμερικανός εφευρέτης\n*[[1946]] - [[Μάικ Μπιμπ]], Αμερικανός πολιτικός\n*[[1946]] - [[Λευτέρης Πουπάκης]], Έλληνας ποδοσφαιριστής\n*[[1951]] - [[Ζιλμπέρ Μοντανιέ]], Γάλλος τραγουδιστής\n*[[1954]] - [[Ντένζελ Ουάσινγκτον]], Αμερικανός ηθοποιός\n*[[1955]] - [[Λιου Σιαομπό]], Κινέζος ακτιβιστής\n*[[1958]] - [[Άννα Χατζησοφιά]], Ελληνίδα σεναριογράφος\n*[[1969]] - [[Λίνους Τόρβαλντς]], Φινλανδός προγραμματιστής ηλεκτρονικών υπολογιστών\n*[[1976]] - [[Τζο Μανγκανιέλο]], Αμερικανός ηθοποιός\n*[[1978]] - [[Τζον Λέτζεντ]], Αμερικανός τραγουδιστής\n*[[1980]] - [[Λομάνα Λούα Λούα]], Κονγκολέζος ποδοσφαιριστής\n*[[1982]] - [[Μπο Γκάρετ]], Αμερικανίδα ηθοποιός και μοντέλο\n*[[1985]] - [[Τέριν Τερέλ]], Αμερικανίδα παλαίστρια και ηθοποιός\n*[[1989]] - [[Σαλβαντόρ Σομπράλ]], Πορτογάλος τραγουδιστής\n*[[1991]] - [[Βασίλης Καββαδάς]], Έλληνας καλαθοσφαιριστής\n*[[1994]] - [[Άνταμ Πίτι]], Βρετανός κολυμβητής\n\n== Θάνατοι ==\n*[[1218]] - [[Ροβέρτος Β΄ του Ντρε|Ροβέρτος Β΄]], κόμης του Ντρε\n*[[1394]] - [[Μαρία Αγγελίνα Δούκαινα Παλαιολογίνα]], δέσποινα της Ηπείρου\n*[[1447]] - [[Αντίπαπας Κλήμης Η΄]]\n*[[1566]] - [[Μαργαρίτα Παλαιολογίνα]], μαρκησία του Μομφερράτου\n*[[1694]] - [[Μαρία Β΄ της Αγγλίας|Μαρία Β΄]], βασίλισσα της Αγγλίας\n*[[1708]] - [[Ζοζέφ Πιτόν ντε Τουρνεφόρ]], Γάλλος βοτανολόγος\n*[[1734]] - [[Ρομπ Ρόυ ΜακΓκρέγκορ]], Σκωτσέζος αγωνιστής\n*[[1898]] - [[Αλέξανδρος Βυζάντιος]], Έλληνας δημοσιογράφος\n*[[1925]] - [[Σεργκέι Γεσένιν]], Ρώσος ποιητής\n*[[1937]] - [[Μωρίς Ραβέλ]], Γάλλος συνθέτης\n*[[1942]] - [[Άλφρεντ Φλάτοβ]], Γερμανός αθλητής της γυμναστικής\n*[[1947]] - [[Βίκτωρ Εμμανουήλ Γ΄ της Ιταλίας|Βίκτωρ Εμμανουήλ Γ΄]], βασιλιάς της Ιταλίας\n*[[1952]] - [[Αλεξανδρινή του Μεκλεμβούργου-Σβερίν]], βασίλισσα της Δανίας\n*[[1959]] - [[Άντε Πάβελιτς]], Κροάτης πολιτικός\n*[[1963]] - [[Πάουλ Χίντεμιτ]], Γερμανός συνθέτης\n*[[1971]] - [[Μαξ Στάινερ]], Αυστριακός συνθέτης\n*[[1984]] - [[Σαμ Πέκινπα]], Αμερικανός σκηνοθέτης\n*[[2006]] - [[Όουεν Τσάμπερλεϊν]], Αμερικανός φυσικός\n*[[2009]] - [[Γαλάτεια Σαράντη]], Ελληνίδα συγγραφέας\n*[[2011]] - [[Λουκία Ρικάκη]], Ελληνίδα σκηνοθέτρια\n*[[2012]] - [[Νικόλαος Αμβράζης]], Έλληνας σεισμολόγος\n*[[2015]] - [[Ελόι Ίνος]], κυβερνήτης των Βορείων Μαριανών Νήσων\n*[[2015]] - [[Lemmy]], Άγγλος τραγουδιστής και μπασίστας\n*[[2017]] - [[Μαμουντού Τουρέ]], Σενεγαλέζος πολιτικός\n*[[2018]] - [[Αμπντελμαλέκ Μπενχαμπιλές]], Αλγερινός πολιτικός\n*[[2019]] - [[Θάνος Μικρούτσικος]], Έλληνας συνθέτης\n\n== Αργίες και εορτές ==\n\n=== [[Ορθόδοξη Εκκλησία]] ===\n{{Πύλη:Ορθοδοξία/Εορτολόγιο/28 Δεκεμβρίου}}\n{{commonscat|28 December}}\n== Δείτε επίσης ==\n[[28 Νοεμβρίου]] - [[28 Ιανουαρίου]]\n\n== Παραπομπές ==\n<references />\n\n{{Μήνες}}\n\n[[Κατηγορία:Ημέρες του έτους]]"}}}]}]}}