{"batchcomplete":true,"query":{"normalized":[{"fromencoded":false,"from":"28_Οκτωβρίου","to":"28 Οκτωβρίου"}],"pages":[{"pageid":3371,"ns":0,"title":"28 Οκτωβρίου","revisions":[{"slots":{"main":{"contentmodel":"wikitext","contentformat":"text/x-wiki","content":"{{Μήνες Οκτωβρίου}}\n\n<center>[[27 Οκτωβρίου]] | '''28 Οκτωβρίου''' | [[29 Οκτωβρίου]]</center>\n\n----\n{{ΗμερολόγιοΣεΠίνακα|10}}\nΗ '''28η Οκτωβρίου''' είναι η 301η ημέρα του έτους κατά το [[Γρηγοριανό ημερολόγιο]] (302η σε δίσεκτα έτη).\n\n== Γεγονότα ==\n*[[97]] - Ο αυτοκράτορας [[Νέρβας]] αναγκάζεται από την Πραιτοριανή Φρουρά να υιοθετήσει τον στρατηγό [[Τραϊανός|Μάρκο Ούλπιο Τραϊανό]] ως κληρονόμο και διάδοχό του.\n*[[306]] - Ο [[Μαξέντιος]] ανακηρύσσεται [[Ρωμαϊκή αυτοκρατορία|Ρωμαίος αυτοκράτορας]].\n*[[312]] - Ο [[Κωνσταντίνος Α΄]] νικά τον [[Μαξέντιος|Μαξέντιο]] στη μάχη της Μιλβίας γέφυρας και μένει ο μόνος [[Ρωμαϊκή αυτοκρατορία|Ρωμαίος αυτοκράτορας]].\n*[[969]] - Ο [[Βυζαντινή Αυτοκρατορία|Βυζαντινός]] στρατηγός [[Μιχαήλ Βούρτζης]] καταλαμβάνει μέρος της οχύρωσης της [[Αντιόχεια]]ς. Η άλωση της πόλης θα ολοκληρωθεί τρεις ημέρες αργότερα, όταν φτάσουν ενισχύσεις υπό τον [[Στρατοπεδάρχης|στρατοπεδάρχη]] Πέτρο.\n*[[1061]] - Η αυτοκράτειρα Αγνή, ενεργώντας ως αντιβασιλέας του γιου της, επιφέρει την εκλογή του [[Αντίπαπας Ονώριος Β΄|Αντίπαπα Ονώριου Β΄]].\n*[[1449]] - Ο [[Χριστιανός Α΄ της Δανίας|Χριστιανός Α΄]] στέφεται βασιλιάς της [[Δανία]]ς.\n*[[1516]] - Μάχη της [[Χαν Γιουνίς]]: [[Οθωμανικός Στρατός|οθωμανικές δυνάμεις]] υπό το μεγάλο βεζύρη Σινάν Πασά νικούν τους [[Μαμελούκοι|Μαμελούκους]] κοντά στη [[Γάζα]].\n*[[1538]] - Ιδρύεται στο [[Σάντο Ντομίγκο]], στη σημερινή [[Δομινικανή Δημοκρατία]], το πρώτο [[πανεπιστήμιο]] στο [[Νέος Κόσμος|Νέο Κόσμο]].\n*[[1628]] - [[Γαλλικοί θρησκευτικοί πόλεμοι]]: η πολιορκία της [[Λα Ροσέλ]], η οποία διήρκεσε 14 μήνες, λήγει με την παράδοση των [[Ουγενότοι|Ουγενότων]]. \n*[[1707]] - [[Σεισμός]] στην [[Ιαπωνία]] προκαλεί πάνω από 5.000 θανάτους στα νησιά [[Χονσού]], [[Σικόκου]] και [[Κιούσου]].\n*[[1848]] - Ανοίγει η πρώτη [[Σιδηρόδρομος|σιδηροδρομική]] γραμμή στην [[Ισπανία]], μεταξύ [[Βαρκελώνη]]ς και [[Ματαρό]]. \n*[[1886]] - Ο πρόεδρος των [[Η.Π.Α.]] [[Γκρόβερ Κλίβελαντ]] εγκαινιάζει το [[Άγαλμα της Ελευθερίας]] στο λιμάνι της [[Νέα Υόρκη|Νέας Υόρκης]].\n*[[1893]] - Η Συμφωνία Νο 6 σε Σι Ελάσσονα, ''Παθητική'', του [[Πιότρ Τσαϊκόφσκι]] κάνει πρεμιέρα στην [[Αγία Πετρούπολη]], μόλις εννέα ημέρες πριν από το θάνατο του συνθέτη.\n*[[1918]] - [[Α΄ Παγκόσμιος Πόλεμος]]: η [[Τσεχοσλοβακία]] αποκτά την ανεξαρτησία της από την [[Αυστροουγγαρία]]. \n*[[1922]] - [[Πορεία προς τη Ρώμη]]: [[Ιταλία|Ιταλοί]] [[Φασισμός|φασίστες]] με επικεφαλής τον [[Μπενίτο Μουσολίνι]] πραγματοποιούν πορεία στη [[Ρώμη]] και αναλαμβάνουν τη διακυβέρνηση της χώρας.\n*[[1928]] - Σε μία συνάντηση νέων στην [[Ινδονησία]] τραγουδιέται για πρώτη φορά το ''[[Indonesia Raya]]'', ο σημερινός εθνικός ύμνος της χώρας.\n*[[1929]] - [[Κραχ της Γουόλ Στριτ (1929)|Κραχ της Γουόλ Στριτ]]. Σημαντική αναστάτωση στη χρηματιστηριακή αγορά.\n*[[1940]] - [[Β΄ Παγκόσμιος Πόλεμος]]: Η [[Ελλάδα]] απορρίπτει το τελεσίγραφο της [[Ιταλία]]ς. Αρχίζει ο [[Ελληνοϊταλικός πόλεμος (1940-1941)|Ελληνοϊταλικός πόλεμος]]. Η Ιταλία εισβάλλει στην Ελλάδα από την [[Αλβανία]], σηματοδοτώντας την είσοδο της Ελλάδας στο Β΄ Παγκόσμιο Πόλεμο.\n* [[1954]] - Το [[Βασίλειο των Κάτω Χωρών]] (σημερινή [[Ολλανδία]]) επανιδρύεται ως ομοσπονδιακή μοναρχία.\n* [[1962]] - [[Κρίση των πυραύλων της Κούβας]]: Ο ηγέτης της [[ΕΣΣΔ]] [[Νικήτα Χρουστσώφ]] ανακοινώνει ότι διέταξε την απομάκρυνση των Σοβιετικών πυραύλων από το νησί.\n*[[1966]] - Δύο αεροσκάφη F-84 της πολεμικής αεροπορίας συγκρούονται κατά τη διάρκεια επίδειξης για τον εορτασμό της 28ης Οκτωβρίου και πέφτουν φλεγόμενα έξω από το [[Ρέθυμνο]]. Νεκρός ο ένας από τους δύο κυβερνήτες, ενώ ο άλλος πρόλαβε να εκτιναχθεί με αλεξίπτωτο.\n* [[1985]] - Ο [[Μιχαήλ Γκορμπατσόφ]] ανακηρύσσεται Γενικός Γραμματέας του Κομμουνιστικού Κόμματος της [[ΕΣΣΔ|Σοβιετικής Ένωσης]].\n*[[2018]] - Σταματά η ελεύθερη ψηφιακή μετάδοση (μέσω της [[Digea]]) του [[Mega Channel]], του πρώτου ιδιωτικού, τηλεοπτικού σταθμού της Ελλάδας, λόγω των  οικονομικών προβλημάτων της [[Τηλέτυπος Α.Ε.]] (η οποία ήταν η τότε ιδιοκτήτρια εταιρεία του). Το σήμα έπεσε την ώρα που προβαλλόταν ένα επεισόδιο της δημοφιλούς σειράς ''<nowiki>''</nowiki>[[Οι Απαράδεκτοι]]<nowiki>''</nowiki>.'' Το κανάλι συνεχίζει την εκπομπή του από τις συνδρομητικές πλατφόρμες ([[NOVA]], [[COSMOTE TV]]) και από το [[διαδίκτυο]] (megatv.com, [[YouTube|Youtube]]).\n\n== Γεννήσεις ==\n*[[1016]] - [[Ερρίκος Γ΄ της Αγίας Ρωμαϊκής Αυτοκρατορίας|Ερρίκος Γ΄]], αυτοκράτορας της Αγίας Ρωμαϊκής Αυτοκρατορίας\n*[[1453]] - [[Τζουλιάνο των Μεδίκων]], κυβερνήτης της Φλωρεντίας\n*[[1466]] - [[Έρασμος]], Ολλανδός φιλόσοφος\n*[[1866]] - [[Ραμόν ντελ Βάγιε-Ινκλάν]], Ισπανός συγγραφέας\n*[[1868]] - [[Τζέιμς Μπρένταν Κόνολι]], Αμερικανός αθλητής\n*[[1890]] - [[Όουεν Ο΄ Ντάφι (Ιρλανδός πολιτικός) | Όουεν Ο΄ Ντάφι]], Ιρλανδός πολιτικός\n*[[1914]] - [[Τζόνας Σολκ]], Αμερικανός βιολόγος και ιατρός\n*[[1916]] - [[Μπιλ Χάρις]], Αμερικανός τρομπονίστας\n*[[1930]] - [[Μπέρνι Έκλεστοουν]], Άγγλος επιχειρηματίας\n*[[1932]] - [[Σπύρος Κυπριανού]], Κύπριος πολιτικός\n*[[1933]] - [[Γκαρίντσα]], Βραζιλιάνος ποδοσφαιριστής\n*[[1940]] - [[Πόλυ Πάνου]], Ελληνίδα τραγουδίστρια\n*[[1952]] - [[Γιώργος Ξηντάρης]], ερμηνευτής ρεμπέτικου τραγουδιού, οργανοπαίχτης\n*[[1955]] - [[Μπιλ Γκέιτς]], Αμερικανός επιχειρηματίας, συνιδρυτής της [[Microsoft]]\n*[[1956]] - [[Μαχμούτ Αχμεντινετζάντ]], Ιρανός πολιτικός\n*[[1967]] - [[Τζούλια Ρόμπερτς]], Αμερικανίδα ηθοποιός\n*[[1968]] - [[Αντρές Γκίμπερτ]], Κουβανός καλαθοσφαιριστής\n*[[1968]] - [[Χουάν Ορλάντο Ερνάντες]], πρόεδρος της Ονδούρας\n*[[1971]] - [[Λεωνίδας Σαμπάνης]], Έλληνας αρσιβαρίστας\n*[[1973]] - [[Μοντέλ Βοντέιβιους Πόρτερ]], Αμερικανός παλαιστής\n*[[1974]] - [[Χοακίν Φίνιξ]], Αμερικανός ηθοποιός\n*[[1976]] - [[Παναγιώτης Κατσούρης]], Έλληνας ποδοσφαιριστής\n*[[1981]] - [[Μίλαν Μπάρος]], Τσέχος ποδοσφαιριστής\n\n== Θάνατοι ==\n*[[312]] - [[Μαξέντιος]], Ρωμαίος αυτοκράτορας\n*[[1310]] - [[Πατριάρχης Αθανάσιος Α΄|Αθανάσιος Α']], Πατριάρχης Κωνσταντινουπόλεως\n*[[1339]] - [[Αλεξάντρ του Τβερ|Αλεξάντρ]], μέγας πρίγκιπας του Τβερ\n*[[1412]] - [[Μαργαρίτα Α΄ της Δανίας|Μαργαρίτα Α΄]], βασίλισσα της Δανίας, Νορβηγίας και Σουηδίας \n*[[1704]] - [[Τζων Λοκ]], Άγγλος φιλόσοφος\n*[[1740]] - [[Άννα Ιβάνοβνα]], αυτοκράτειρα της Ρωσίας\n*[[1818]] - [[Άμπιγκεϊλ Άνταμς]], Αμερικανή πολιτικός\n*[[1917]] - [[Δημήτριος Βότσης (δήμαρχος Πατρέων)|Δημήτριος Βότσης]], Έλληνας πολιτικός\n*[[1943]] - [[Κωνσταντίνος Δημητριάδης (γλύπτης)|Κωνσταντίνος Δημητριάδης]], Έλληνας γλύπτης και αθλητής\n*[[1957]] - [[Ερνστ Γκραίφενμπεργκ]], Γερμανός ιατρός και επιστήμονας\n*[[1959]] - [[Καμίλο Σιενφουέγος]], Κουβανός επαναστάτης\n*[[1978]] - [[Τζέφρι Άνσγουορθ]], Άγγλος κινηματογραφιστής\n*[[1984]] - [[Κώστας Βικελίδης]], Έλληνας ποδοσφαιριστής\n*[[1985]] - [[Ιωάννης Τραυλός]], Έλληνας αρχιτέκτονας και αρχαιολόγος\n*[[1987]] - [[Αντρέ Μασόν]], Γάλλος ζωγράφος\n*[[1991]] - [[Δημήτριος Λαντζούνης]], Έλληνας πολιτικός\n*[[1997]] - [[Χριστόδουλος Γοργίας]], Έλληνας πολιτικός\n*[[1998]] - [[Τεντ Χιουζ]], Άγγλος ποιητής\n*[[1999]] - [[Αντώνης Κατινάρης]], Έλληνας συνθέτης\n*[[2006]] - [[Τρέβορ Μπέρμπικ]], Τζαμαϊκανός πυγμάχος\n*[[2007]] - [[Τζίμης Μακούλης]], Έλληνας τραγουδιστής\n*[[2010]] - [[Γιάννης Σακελλαράκης]], Έλληνας αρχαιολόγος\n*[[2014]] - [[Μάικλ Σάτα]], πρόεδρος της Ζάμπιας\n*[[2018]] - [[Κωνσταντίνος Κατσίφας]], Έλληνας οικοδόμος\n*2021-Καμίλ Σαβιόλα Αμερικανίδα ηθοποιός \n\n== Αργίες και εορτές ==\n* [[Ελλάδα]]: [[Επέτειος του Όχι]]\n* [[Τσεχοσλοβακία]]: Επέτειος της ανεξαρτησίας (1918 από την [[Αυστροουγγαρία]])\n* Παγκόσμια Ημέρα [[Δωρεά οργάνων|Δωρεάς Οργάνων Σώματος]] και [[Μεταμόσχευση|Μεταμοσχεύσεων]]\n* Παγκόσμια Ημέρα [[Κινούμενα σχέδια|Κινουμένου Σχεδίου]]\n\n=== [[Ορθόδοξη Εκκλησία]] ===\n{{Πύλη:Ορθοδοξία/Εορτολόγιο/28 Οκτωβρίου}}\n\n{{Μήνες}}\n\n[[Κατηγορία:Ημέρες του έτους]]\n[[Κατηγορία:Αργίες]]"}}}]}]}}