{"batchcomplete":true,"query":{"normalized":[{"fromencoded":false,"from":"28_Αυγούστου","to":"28 Αυγούστου"}],"pages":[{"pageid":3025,"ns":0,"title":"28 Αυγούστου","revisions":[{"slots":{"main":{"contentmodel":"wikitext","contentformat":"text/x-wiki","content":"{{Μήνες Αυγούστου}}\n\n<center>[[27 Αυγούστου]] | '''28 Αυγούστου''' | [[29 Αυγούστου]]</center>\n\n----\nΗ '''28η Αυγούστου''' είναι η 240η ημέρα του έτους κατά το [[Γρηγοριανό ημερολόγιο]] (241η σε δίσεκτα έτη). Υπολείπονται 125 ημέρες.\n\n{{ΗμερολόγιοΣεΠίνακα|8}}\n\n== Γεγονότα ==\n*[[475]] - Ο [[Ρωμαϊκή Αυτοκρατορία|Ρωμαίος αυτοκράτορας]] [[Ιούλιος Νέπως]] υποχρεώνεται από τον Ρωμαίο [[Στρατηγός|στρατηγό]] [[Φλάβιος Ορέστης|Φλάβιο Ορέστη]] να εγκαταλείψει την [[πρωτεύουσα]] [[Ραβέννα]].\n*[[489]] - Ο βασιλιάς των [[Οστρογότθοι|Οστρογότθων]], [[Θεοδώριχος ο Μέγας]], νικά τον [[Οδόακρος|Οδόακρο]] στο Σόντιο.  \n*[[1189]] - [[Γ΄ Σταυροφορία]]: οι Σταυροφόροι αρχίζουν την [[Πολιορκία της Άκρας (1189-1191)]] με επικεφαλής τον [[Γκυ των Λουζινιάν]].\n*[[1619]] - Ο [[Φερδινάνδος Β΄ της Αγίας Ρωμαϊκής Αυτοκρατορίας|Φερδινάνδος Β΄]] εκλέγεται αυτοκράτορας της [[Αγία Ρωμαϊκή Αυτοκρατορία|Αγίας Ρωμαϊκής Αυτοκρατορίας]].\n*[[1640]] - Οι [[Σκωτία|Σκωτσέζοι]] νικούν τον [[Αγγλία|αγγλικό]] στρατό του βασιλιά [[Κάρολος Α΄ της Αγγλίας|Καρόλου Α΄]] στη μάχη του Νιούμπερν.\n*[[1789]] - Ο [[Ουίλιαμ Χέρσελ]] ανακαλύπτει ένα νέο δορυφόρο του πλανήτη [[Κρόνος (πλανήτης)|Κρόνου]], τον [[Εγκέλαδος (δορυφόρος)|Εγκέλαδο]].\n*[[1823]] - Ξεκινά η [[Μάχη της Καλιακούδας]] κατά την διάρκεια της επανάστασης του 1821.\n*[[1826]] - Ξεκινά η τριήμερη [[Μάχη του Πολυαράβου]] όπου οι [[Μάνη|Μανιάτες]] αντιμετωπίζουν το στρατό του [[Ιμπραήμ Πασάς|Ιμπραήμ]]. Η μάχη θα ολοκληρωθεί στις [[30 Αυγούστου]]. Οι απώλειες των [[Άραβες|Αράβων]] ήταν 1.100 νεκροί και 1.400 περίπου τραυματίες, οι δε των [[Έλληνες|Ελλήνων]] 28 νεκροί και 75 τραυματίες.\n*[[1859]] - Γεωμαγνητική καταιγίδα κάνει το [[Σέλας|Βόρειο Σέλας]] τόσο λαμπρό ώστε να φαίνεται καθαρά από περιοχές των [[Ηνωμένες Πολιτείες Αμερικής|Η.Π.Α.]], της [[Ευρώπη]]ς ακόμα και της [[Ιαπωνία]]ς.\n*[[1916]] - [[Α΄ Παγκόσμιος Πόλεμος]]: Η [[Γερμανία]] κηρύσσει τον πόλεμο στη [[Βασίλειο της Ρουμανίας|Ρουμανία]].\n*[[1916]] - [[Α΄ Παγκόσμιος Πόλεμος]]: Η [[Βασίλειο της Ιταλίας|Ιταλία]] κηρύσσει τον πόλεμο κατά της [[Γερμανία]]ς.\n*[[1922]] - Συνεχίζονται από τους Τούρκους οι θηριωδίες κατά των Ελλήνων στη [[Σμύρνη]].\n*[[1962]] - Ισχυρή [[Σεισμός|σεισμική]] δόνηση γίνεται αισθητή σε ολόκληρη την [[Ελλάδα]] και περισσότερο στην [[Νομός Κορινθίας|Κορινθία]], στο [[Ναύπλιο]] και την [[Τρίπολη Αρκαδίας|Τρίπολη]]. Απολογισμός ένας νεκρός και πέντε τραυματίες καθώς και υλικές ζημιές στην [[Κόρινθος|Κόρινθο]]. \n*[[1963]] - Πορεία στην [[Ουάσινγκτον]]: Ο αιδεσιμότατος [[Μάρτιν Λούθερ Κινγκ]] εκφωνεί τον λόγο του ''Έχω ένα όνειρο''.\n*[[1968]] - Ταραχές λαμβάνουν χώρα στο [[Σικάγο]] κατά τη διάρκεια του Εθνικού Συνεδρίου των [[Δημοκρατικό Κόμμα (ΗΠΑ)|Δημοκρατικών]], προκαλώντας βίαιη αστυνομική καταστολή.\n\n== Γεννήσεις ==\n*[[933]] - [[Ριχάρδος Α΄ της Νορμανδίας|Ριχάρδος Α΄]], δούκας της Νορμανδίας\n*[[1476]] - [[Κανό Μοτονόμπου]], Ιάπωνας ζωγράφος\n*[[1749]] - [[Γιόχαν Βόλφγκανγκ Γκαίτε]], Γερμανός συγγραφέας\n*[[1828]] - [[Γιαν Βνεκ]], Πολωνός εφευρέτης\n*[[1867]] - [[Ουμπέρτο Τζορντάνο]], Ιταλός συνθέτης\n*[[1899]] - [[Τζέιμς Γιονγκ Χάου]], Κινέζος κινηματογραφιστής\n*[[1899]] - [[Σαρλ Μπουαγιέ]], Γάλλος ηθοποιός\n*[[1912]] - [[Αλίκη Διπλαράκου]], Ελληνίδα μοντέλο\n*[[1917]] - [[Τζακ Κίρμπι]], Αμερικανός συγγραφέας και εικονογράφος\n*[[1942]] - [[Ζοζέ Εντουάρντο ντος Σάντος]], πρόεδρος της Αγκόλας\n*[[1943]] - [[Σουραγιούτ Τσουλανόντ]], Ταϊλανδός πολιτικός\n*[[1944]] - [[Ορλάντο Σμιθ]], πρωθυπουργός των Βρετανικών Παρθένων Νήσων\n*[[1957]] - [[Ίβο Γιοσίποβιτς]], Κροάτης πολιτικός\n*[[1958]] - [[Μιχάλης Σιγανίδης]], Έλληνας μουσικός\n*[[1962]] - [[Ντι Μπράντλεϊ Μπάκερ]], Αμερικανός ηθοποιός και τραγουδιστής\n*[[1962]] - [[Ντέιβιντ Φίντσερ]], Αμερικανός σκηνοθέτης\n*[[1964]] - [[Κάι Λέο Γιοχάνεσεν]], πρωθυπουργός των Νήσων Φερόε\n*[[1965]] - [[Σατόσι Τατζίρι]], Ιάπωνας σχεδιαστής ηλεκτρονικών παιχνιδιών\n*[[1965]] - [[Σανάια Τουέιν]], Καναδή τραγουδίστρια\n*[[1969]] - [[Τζακ Μπλακ]], Αμερικανός ηθοποιός, τραγουδιστής και κιθαρίστας (Tenacious D)\n*[[1974]] - [[Μελίνα Ασλανίδου]], Ελληνίδα τραγουδίστρια\n*[[1979]] - [[Μάρκους Πρελ]], Γερμανός ποδοσφαιριστής\n*[[1983]] - [[Ιουλιέττα Μπουκουβάλα]], Ελληνίδα αθλήτρια του τζούντο\n*[[1986]] - [[Άρμι Χάμερ]], Αμερικανός ηθοποιός\n*[[1989]] - [[Θέσαρ Αθπιλικουέτα]], Ισπανός ποδοσφαιριστής\n*[[1989]] - [[Βαλτέρι Μπότας]], Φινλανδός οδηγός αγώνων\n*[[2003]] - [[Κουβενζανέ Γουόλις]], Αμερικανίδα ηθοποιός\n\n== Θάνατοι ==\n*[[430]] - [[Αυγουστίνος Ιππώνος|Αυγουστίνος]], επίσκοπος Ιππώνος\n*[[476]] - [[Φλάβιος Ορέστης]], Ρωμαίος στρατηγός και πολιτικός\n*[[632]] - [[Φάτιμα (κόρη του Μωάμεθ)]]\n*[[876]] - [[Λουδοβίκος ο Γερμανικός]], Φράγκος βασιλιάς\n*[[1231]] - [[Ελεονόρα της Πορτογαλίας, βασίλισσα της Δανίας]]\n*[[1481]] - [[Αλφόνσος Ε΄ της Πορτογαλίας|Αλφόνσος Ε΄]], βασιλιάς της Πορτογαλίας\n*[[1645]] - [[Ούγκο Γκρότιους]], Ολλανδός φιλόσοφος και συγγραφέας\n*[[1665]] - [[Ελιζαμπέτα Σιρανί]], Ιταλίδα ζωγράφος\n*[[1905]] - [[Ιωάννης Αποστόλου (τενόρος)|Ιωάννης Αποστόλου]], Έλληνας τενόρος\n*[[1911]] - [[Γεράσιμος Μαρκοράς]], Έλληνας ποιητής\n*[[1919]] - [[Άντολφ Σμαλ]], Αυστριακός ξιφομάχος και ποδηλάτης\n*[[1928]] - [[Γεώργιος Ροϊλός]], Έλληνας ζωγράφος\n*[[1939]] - [[Εζέν Ανρί Γκραβελότ]], Γάλλος ξιφομάχος\n*[[1943]] - [[Μπορίς Γ΄ της Βουλγαρίας|Μπορίς Γ']], βασιλιάς της Βουλγαρίας\n*[[1946]] - [[Γεώργιος Καφαντάρης]], Έλληνας πολιτικός\n*[[1959]] - [[Μπόχουσλαβ Μαρτίνου]], Τσέχος συνθέτης\n*[[1968]] - [[Δημήτρης Πικιώνης]], Έλληνας αρχιτέκτονας\n*[[1981]] - [[Μπέλα Γκούτμαν]], Ούγγρος ποδοσφαιριστής\n*[[1987]] - [[Τζον Χιούστον]], Αμερικανός σκηνοθέτης\n*[[1991]] - [[Αλέκος Σακελλάριος]], Έλληνας θεατρικός συγγραφέας, στιχουργός και σκηνοθέτης\n*[[1994]] - [[Γιάννης Κουτσοχέρας]], Έλληνας πολιτικός\n*[[1995]] - [[Μίχαελ Έντε]], Γερμανός συγγραφέας\n*[[2006]] - [[Νίκος Ντουφεξιάδης]], Έλληνας τενόρος\n*[[2007]] - [[Αντόνιο Πουέρτα]], Ισπανός ποδοσφαιριστής\n*[[2008]] - [[Ιλχάν Μπερκ]], Τούρκος ποιητής\n*[[2010]] - [[Αυγουστίνος Καντιώτης]], Έλληνας μητροπολίτης\n*[[2011]] - [[Λεωνίδας Κύρκος]], Έλληνας πολιτικός\n*[[2013]] - [[Μιχάλης Ασλάνης]], Έλληνας σχεδιαστής μόδας\n*[[2016]] - [[Μίστερ Φούτζι]], Αμερικανός παλαιστής\n*[[2017]] - [[Μιρέιγ Νταρκ]], Γαλλίδα ηθοποιός και μοντέλο\n*[[2022]]-[[Αλεξέι Κοβαλιόφ]], Ουκρανός πολιτικός ,επιχειρηματίας\n\n== Αργίες και εορτές ==\n\n=== [[Ορθόδοξη Εκκλησία]] ===\n{{Πύλη:Ορθοδοξία/Εορτολόγιο/28 Αυγούστου}}\n\n\n{{Μήνες}}\n\n[[Κατηγορία:Ημέρες του έτους]]"}}}]}]}}