{"batchcomplete":true,"query":{"normalized":[{"fromencoded":false,"from":"28_Σεπτεμβρίου","to":"28 Σεπτεμβρίου"}],"pages":[{"pageid":8054,"ns":0,"title":"28 Σεπτεμβρίου","revisions":[{"slots":{"main":{"contentmodel":"wikitext","contentformat":"text/x-wiki","content":"{{Μήνες Σεπτεμβρίου}}\n\n<center>[[27 Σεπτεμβρίου]] | '''28 Σεπτεμβρίου''' | [[29 Σεπτεμβρίου]]</center>\n\n----\n{{ΗμερολόγιοΣεΠίνακα|9}}\nΗ '''28η Σεπτεμβρίου''' είναι η 271η ημέρα του έτους κατά το [[Γρηγοριανό ημερολόγιο]] (272η σε δίσεκτα έτη). Υπολείπονται 94 ημέρες.\n\n== Γεγονότα ==\n*[[235]] - Παραιτείται ο [[Πάπας Ποντιανός]].\n*[[351]] - Ο Ρωμαίος αυτοκράτορας [[Κωνστάντιος Β΄]] νικά το σφετεριστή [[Μαγνέντιος|Μαγνέντιο]] στη μάχη της Μούρσας.\n*[[365]] - Ο Ρωμαίος σφετεριστής [[Προκόπιος (ο σφετεριστής)|Προκόπιος]] δωροδοκεί δύο [[Λεγεώνα|λεγεώνες]] περνώντας από την [[Κωνσταντινούπολη]] και κηρύσσεται Ρωμαίος αυτοκράτορας.\n* [[1106]] - Στη μάχη του Τιντσεμπράι, ο [[Ερρίκος Α΄ της Αγγλίας]] νικά τον αδελφό του, [[Ροβέρτος Β΄ της Νορμανδίας|Ροβέρτο Κάρτοζ]].\n* [[1538]] - Ναυμαχία της Πρέβεζας. Ήττα των Ισπανών από τον οθωμανικό στόλο υπό τον [[Μπαρμπαρόσα]].\n* [[1542]] - Ο Πορτογάλος [[Χουάν Καμπρίγιο]] φτάνει στο σημερινό [[Σαν Ντιέγκο]] στην [[Καλιφόρνια]].\n* [[1787]] - Το αμερικανικό Σύνταγμα ψηφίζεται από το Κογκρέσο και στέλνεται για έγκριση στα νομοθετικά σώματα των Πολιτειών.\n*[[1825]] - [[Ελληνική Επανάσταση του 1821]]: Μάχη του Καρβασαρά. Ο [[Γεώργιος Καραϊσκάκης]] νικά τους [[Οθωμανική Αυτοκρατορία|Οθωμανούς]] στην [[Αμφιλοχία]].\n* [[1867]] - Το Τορόντο γίνεται πρωτεύουσα του [[Οντάριο]].\n* 1867 - Οι ΗΠΑ αναλαμβάνουν τον έλεγχο της νήσου [[Μίντγουεϊ|Μίντγουεη]].\n* [[1868]] - Η [[Ισαβέλα Β΄ της Ισπανίας]] καταφεύγει στη Γαλλία μετά τη μάχη του Αλκολέα.\n* [[1870]] - Ο τζόκεϊ Φρεντ Άρτσερ σημειώνει την πρώτη από τις 2.748 νίκες του ιππεύοντας την ''Athol Daisy''\n* [[1871]] - Η Βραζιλία ψηφίζει νόμο σύμφωνα με τον οποίο τα παιδιά των σκλάβων θα θεωρούνται ελεύθεροι πολίτες.\n* [[1889]] - Στην πρώτη γενική διάσκεψη Μέτρων και Σταθμών, καθορίζονται οι ακριβείς διαστάσεις του μέτρου.\n* [[1892]] - Γίνεται ο πρώτος νυχτερινός αγώνας ποδοσφαίρου στις ΗΠΑ.\n* [[1893]] - Ο Αντόνιο Νικολάου ντ’ Αλμέιντα, διευθυντής εταιρείας εξαγωγής κρασιού Πορτ, ιδρύει την ποδοσφαιρική ομάδα της Πόρτο με την ονομασία \"Football Club do Porto-Sociedade Sportiva\".\n* [[1901]] - [[Μακεδονικός Αγώνας]]: Οι Βούλγαροι καίνε ζωντανό στη Γευγελή τον Μακεδονομάχο Αγγ. Λέοντα.\n* [[1916]] - Εθνικός διχασμός προ των πυλών. Η Ελλάδα βρίσκεται με δύο αντίπαλες κυβερνήσεις, η μία στη Θεσσαλονίκη υπό τον Ελευθέριο Βενιζέλο και η άλλη στην Αθήνα υπό την επιρροή του βασιλιά Κωνσταντίνου. Αιτία, η διχογνωμία Βενιζέλου και Κωνσταντίνου για το αν η χώρα έπρεπε να συνταχθεί ή όχι με τις δυνάμεις της Αντάντ κατά τη διάρκεια του Α΄ Παγκόσμιου Πολέμου.\n* [[1923]] - Η [[Αβησσυνία]] γίνεται δεκτή στην Κοινωνία των Εθνών.\n* [[1932]] - Η [[Γερμανία]] ανακοινώνει ότι τα θύματα της πολιτικής βίας στην [[Πρωσία]] από τον περασμένο Ιανουάριο ανέρχονται σε 150.\n* [[1934]] - Ναυπηγείται το κρουαζιερόπλοιο Queen Mary.\n* [[1939]] - Η [[Γερμανία]] και η [[Σοβιετική Ένωση]] συμφωνούν στη [[διαίρεση της Πολωνίας]].\n* [[1941]] - [[Εξέγερση και σφαγή της Δράμας|Εξέγερση Ελλήνων]] κατά των βουλγαρικών κατοχικών δυνάμεων στη Δράμα, υπό την καθοδήγηση μελών του Μακεδονικού Γραφείου του ΚΚΕ. Η αυθόρμητη εξέγερση είναι από τις πρώτες στην Ευρώπη, και θα εξελιχθεί σε σφαγή. Αποτέλεσμα της να παγώσει κάθε αντιστασιακή ενέργεια στη Μακεδονία.\n* [[1944]] - Ήττα των Βρετανών από τους Ναζί στο Άνχεμ της Ολλανδίας.\n* [[1950]] - Η σύνοδος του ΟΗΕ αποφασίζει την ένταξη της Ινδονησίας στους κόλπους του οργανισμού.\n* [[1952]] - Το Τάγμα του Ελληνικού Εκστρατευτικού Σώματος Κορέας καταλαμβάνει, μετά από σκληρές μάχες, το Μικρό και Μεγάλο Νόρι, ανατολικά του ποταμού Ιμτζίν.\n* [[1958]] - Εγκρίνεται σε δημοψήφισμα με 79,2% υπέρ το νέο Σύνταγμα της [[Ε΄ Γαλλικής Δημοκρατίας]] (αποδεκτό γίνεται το Σύνταγμα στη Μαδαγασκάρη, στις Κομόρες, στη Γαλλική Σομαλία, στην Πολυνησία, στο Σαιν Πιερ και Μικελόν, στη Νέα Καληδονία, σε 4 χώρες της Ισημερινής Αφρικής και σε 7 γαλλικές αποικίες της Δυτικής Αφρικής - μόνο η Γουινέα καταψηφίζει)\n* 1958 - Στη [[Γουινέα]] υπέρ της ανεξαρτησίας από τη Γαλλία ψηφίζει ο λαός σε σχετικό δημοψήφισμα.\n* 1958 - Σέντρα του πρώτου αγώνα του πρώτου Κυπέλλου Εθνών Ευρώπης, Σοβιετική Ένωση - Ουγγαρία 3-1 στη Μόσχα.\n*[[1959]]-Λαμβάνονται, από τον αμερικανικό δορυφόρο «Εξπλόρερ 6» (εκτοξεύτηκε στις [[7 Αυγούστου]] 1959), οι πρώτες τηλεοπτικές εικόνες της γης.\n*[[1960]] - Ξεσπάει η [[Υπόθεση Μέρτεν|υπόθεση Μαξ Μέρτεν]]. Δύο [[Γερμανία|γερμανικά]] έντυπα, η ''Ηχώ του Αμβούργου'' και το εβδομαδιαίο περιοδικό ''[[Der Spiegel]]'', δημοσιεύουν αφήγηση του Μέρτεν με την οποία συκοφαντούνται ως συνεργάτες των Γερμανών στην [[Κατοχή της Ελλάδας 1941-1944|Κατοχή]] ο πρωθυπουργός [[Κωνσταντίνος Καραμανλής]], ο υπουργός Εσωτερικών Δημήτρης Μακρής και η σύζυγός του. Η δυτικογερμανική κυβέρνηση καταδικάζει τα δημοσιεύματα και εκφράζει τη λύπη της.\n*[[1961]] - Στρατιωτικό [[πραξικόπημα]] στη [[Δαμασκός|Δαμασκό]] δίνει τέλος στην [[Ηνωμένη Αραβική Δημοκρατία]], την ένωση μεταξύ [[Αίγυπτος|Αιγύπτου]] και [[Συρία]]ς.\n*[[1963]] - Με την ομόφωνη απόφαση να προταθεί στο [[Βατικανό]] η έναρξη διαλόγου επί ίσοις όροις με την [[Ορθοδοξία]], λήγουν οι τριήμερες εργασίες της Πανορθόδοξης Συνόδου της [[Ρόδος|Ρόδου]], στην οποία δεν συμμετείχε η [[Εκκλησία της Ελλάδος]].\n*[[1964]] - Η [[Φρειδερίκη της Ελλάδας|Φρειδερίκη]] αποποιείται τη βασιλική χορηγία μετά τις έντονες αντιδράσεις μερίδας του Τύπου και του πολιτικού κόσμου. Δηλώνει ότι αποσύρεται από το δημόσιο βίο.\n*[[1967]] - Το Έκτακτο Στρατοδικείο Αθηνών διώκει ποινικά την εκδότρια της ''[[Η Καθημερινή|Καθημερινής]]'' (η οποία έχει αναστείλει από τις [[21 Απριλίου]] του [[1967]] την έκδοσή της) [[Ελένη Βλάχου]] για \"περιύβριση αρχής και απείθεια\", με αφορμή συνέντευξή της στην [[Ιταλία|ιταλική]] εφημερίδα ''Στάμπα''. Έντονη διαμαρτυρία του Διεθνούς Ινστιτούτου Τύπου.\n*[[1969]] - Το πενταμελές Εφετείο Αθηνών καταδικάζει σε φυλάκιση 6 ετών το μέλος του Πολιτικού Γραφείου του [[Κομμουνιστικό Κόμμα Ελλάδας|Κ.Κ.Ε.]] [[Γρηγόρης Φαράκος|Γρηγόρη Φαράκο]] για την πολιτική του δράση την περίοδο [[1947]]-[[1951]].\n*[[1970]] - Πεθαίνει στο [[Κάιρο]] από [[έμφραγμα του μυοκαρδίου]] ο [[πρόεδρος της Αιγύπτου]] [[Γκαμάλ Άμπντελ Νάσερ]]. Τον διαδέχεται ο [[Ανουάρ Σαντάτ]].\n* [[1973]]- Στην Αυστρία, Παλαιστίνιοι μαχητές επιτίθενται σε τρένο κοντά στη Βιέννη και παίρνουν μαζί τους τέσσερις ομήρους, τρεις από τους οποίους είναι Εβραίοι εκπατρισμένοι από την ΕΣΣΔ. Αίτημά τους να κλείσει το στρατόπεδο διερχομένων στο Σενάου.\n* 1973 - Υποβάλλει την παραίτησή του από τη στρατιωτική κυβέρνηση Παπαδόπουλου ο [[Νικόλαος Μακαρέζος]], εκ των πρωτεργατών του πραξικοπήματος της 21ης Απριλίου. Ακολουθούν και άλλοι στρατιωτικοί υπουργοί.\n* [[1974]] - Καθιερώνεται με νόμο η δημοτική γλώσσα στα ελληνικά δημοτικά σχολεία.\n* [[1979]] - Η Εθνική ομάδα μπάσκετ της Ελλάδας κερδίζει στους Μεσογειακούς του Σπλιτ το πρώτο της χρυσό μετάλλιο σε μεγάλους αγώνες, νικώντας στον τελικό τη Γιουγκοσλαβία με 85-75.\n* [[1982]] - Με απόφαση της αμερικανικής κυβέρνησης, παρατείνεται η παραμονή των Αμερικανών στη Βηρυτό, έως ότου η Συρία και το Ισραήλ αποσύρουν τις δυνάμεις τους από το Λίβανο.\n* [[1989]] - Παραπομπή από τη Βουλή στο Ειδικό Δικαστήριο, ως υπευθύνων για το σκάνδαλο Κοσκωτά, των Α. Παπανδρέου, Α. Κουτσόγιωργα, Δ. Τσοβόλα, Π. Ρουμελιώτη και Γ. Πέτσου.\n* [[1990]] - Ο Ιρλανδός Martin Donelly τραυματίζεται σοβαρά όταν η Λότους Λαμποργκίνι που οδηγεί ξεφεύγει από την πορεία της στα δοκιμαστικά στην πίστα Χερέθ της Ισπανίας και χτυπάει με σφοδρότητα στον τοίχο με αποτέλεσμα το αυτοκίνητο να διαλυθεί και ο οδηγός να πεταχτεί στο οδόστρωμα.\n* [[1990]] - Στις Φιλιππίνες, δικαστήριο καταδικάζει ισόβια έναν στρατηγό και 15 στρατιώτες για το φόνο του πολιτικού Μπενίνιο Ακίνο, σύζυγο της πρώην Πρόεδρου Κορασόν Ακίνο.\n* [[1991]] - Θετικές είναι οι αντιδράσεις χωρών και οργανισμών στην πρωτοβουλία του Προέδρου των ΗΠΑ Τζορτζ Μπους για τη μείωση του αριθμού των πυρηνικών όπλων της χώρας του.\n* [[1993]] - Ο ηγέτης της Γεωργίας, Έντβαρντ Σεβαρντνάντζε, επιστρέφει στην Τυφλίδα, αφού δέχεται πιέσεις να εγκαταλείψει το Σουχούμι που έπεσε στα χέρια των αυτονομιστών της Αμπχαζίας\n* [[1994]] - Από βύθιση του υπερωκεάνιου «Εσθονία» λόγω εισόδου νερού από την μπουκαπόρτα πνίγονται στη Βαλτική 852 άτομα.\n* [[1995]] - Πραξικόπημα στα νησιά [[Κομόρες]] του Ινδικού ανατρέπει την κυβέρνηση. Επτά άτομα σκοτώνονται. Ο μισθοφόρος [[Μπομπ Ντενάρ]], που ηγήθηκε του πραξικοπήματος συλλαμβάνεται από Γάλλους κομάντο στις [[4 Οκτωβρίου]] 1995. Αργότερα αθωώθηκε από γαλλικό δικαστήριο για τη δολοφονία του Προέδρου Αμπντάλα.\n* 1995 - Στη Σιέρα Λεόνε, περίπου 400 στασιαστές σκοτώνονται από τον κυβερνητικό στρατό.\n* 1995 - Υπογράφεται στην [[Ουάσιγκτον]] από το [[Ισραήλ]] και την [[Κράτος της Παλαιστίνης|Παλαιστίνη]] συμφωνία για την επέκταση της παλαιστινιακής αυτονομίας στη [[Δυτική Όχθη]].\n* [[1996]] - Ο [[Αρσέν Βενγκέρ]] αναλαμβάνει προπονητής στην Άρσεναλ.\n* [[2000]] - Μεγάλη επιτυχία για τον ελληνικό στίβο από την εποχή του Τσικλητήρα (1912, μήκος άνευ φοράς) και πρώτο χρυσό μετάλλιο από Έλληνα αθλητή στα 200 μ. Ο [[Κώστας Κεντέρης]], τρέχοντας στα 200 μ. αναδεικνύεται νικητής στον τελικό, με χρόνο 20.09 (πανελλήνιο ρεκόρ), χαρίζοντας στην Ελλάδα ένα ακόμα χρυσό ολυμπιακό μετάλλιο στο Σίδνεϊ (για πρώτη φορά εδώ και 88 χρόνια, η Ελλάδα κατακτά χρυσό μετάλλιο στα 200μ. σε Ολυμπιάδα). Είναι ο μόνος λευκός που μετέχει στην κούρσα, και ο τρίτος στην ιστορία που τερματίζει πρώτος. Ο 26χρονος Tran Hieu Ngan κερδίζει το πρώτο ολυμπιακό μετάλλιο για το Βιετνάμ όταν κατατάσσεται δεύτερος στην κατηγορία των 57 κιλών στο τάε κβο ντο χάνοντας στον τελικό με 2-0 από τον Κορεάτη Jung Jae-Eun.\n* 2000 - Κατά της ένταξης της Δανίας στη ζώνη του ευρώ τάσσονται οι ψηφοφόροι σε σχετικό δημοψήφισμα, με 63,4% «όχι» έναντι 36,6% «ναι».\n* 2000 - Αρχίζει η δεύτερη «Ιντιφάντα» των Παλιστινίων, με αφορμή την προκλητική επίσκεψη του [[Αριέλ Σαρόν]] στα κατεχόμενα.\n* 2000-Συγκροτείται Μονάδα Δικαστικής Συνεργασίας των 15 της ΕΕ («Eurojust»).\n* [[2001]] - Στην Ελευσίνα, καταστρέφεται η τελευταία παρτίδα των όπλων που παρέδωσαν στο ΝΑΤΟ οι αντάρτες των Σκοπίων. Μια νέα, μικρότερη δύναμη με επικεφαλής τη Γερμανία και χωρίς συμμετοχή της Ελλάδας θα δημιουργηθεί στη θέση της «Task Harvest Force».\n* 2001-Με απόφαση του ΟΗΕ, αίρονται οι κυρώσεις που είχαν επιβληθεί στo Σουδάν.\n* [[2002]] - Σε μαζικές διαδηλώσεις Παλαιστινίων στη Δυτική Όχθη, με αφορμή τη 2η επέτειο της «Ιντιφάδας», σκοτώνονται 2 Παλαιστίνιοι. Με τηλεφωνικό του μήνυμα από τη Ραμάλα, ο Αραφάτ διαβεβαιώνει το λαό του ότι ο αγώνας θα συνεχιστεί.\n* [[2003]] - Στο φυσικό τους χώρο βρίσκονται τα ευρήματα της Βεργίνας, που ήρθαν στο φως το 1977 από τον Μανόλη Ανδρόνικο. Εγκαινιάζεται στη Βεργίνα από τον Υπουργό Πολιτισμού Ευάγγελο Βενιζέλο, η έκθεση των αρχαιολογικών ευρημάτων της Βεργίνας (μουσείο της Βεργίνας), τα οποία μέχρι πρότινος φυλάσσονταν στο Αρχαιολογικό μουσείο της Θεσσαλονίκης.\n* 2003 - Το πρώτο χρυσό μετάλλιο για την Ελλάδα σε παγκόσμιο πρωτάθλημα στο τάε κβο ντο, κερδίζει η Αρετή Αθανασοπούλου στα 59 κιλά, ενώ χάλκινο πήραν η Κική Κούβαρη (27/9) (+72κ.) και η [[Έλλη Μυστακίδου]] (-67κ.).\n* 2003 - Η καλύτερη επίδοση όλων των εποχών στον Μαραθώνιο ανήκει στον Πολ Τέργκατ. Ο 34χρονος Κενυάτης πήρε την πρώτη θέση στον αγώνα του Βερολίνου, καλύπτοντας την απόσταση σε 2 ώρες, 4 λεπτά και 55 δευτερόλεπτα.\n* 2003 - Στη Γουινέα Μπισσάου ορκίζονται (προσωρινός) Πρόεδρος ο Ενρίκε Ρόσα και Πρωθυπουργός ο Άρτουρ Σάνια.\n* 2003 - Η Ρωσία κατακτά το Ευρωπαϊκό Πρωτάθλημα Μπάσκετ γυναικών, στον τελικό στην [[Πάτρα]], κερδίζοντας με 59-56 την Τσεχία.\n* 2003 - Η Πολωνία αναδεικνύεται πρωταθλήτρια Ευρώπης στο ανδρικό βόλεϊ, κερδίζοντας στον τελικό την [[Τουρκία]] με 3-0 σετ.\n* 2004- Ολοκληρώνονται στην Αθήνα οι 12οι [[Παραολυμπιακοί Αγώνες]].\n* [[2006]] - Τουλάχιστον 48 άνθρωποι έχασαν τη ζωή τους και δεκάδες αγνοούνται μετά το πέρασμα του τυφώνα Σαγκσάν από τις Φιλιππίνες, του χειρότερου τα τελευταία 11 χρόνια στην περιοχή.\n* 2006 - Στο πλάι του συζύγου της, τσάρου Αλεξάνδρου του Γ΄ και του γιου της, Νικολάου, αναπαύεται η μητέρα του τελευταίου τσάρου «πασών των Ρωσιών», 87 χρόνια μετά το θάνατό της.\n* [[2008]]- Ατύχημα στο γκραν-πρι της Σιγκαπούρης. Αργότερα θα αποκαλυφθεί ότι ήταν προσχεδιασμένο ([[Σκάνδαλο Κρασγκέιτ]])\n\n== Γεννήσεις ==\n*[[551 π.Χ.]] - [[Κομφούκιος]], Κινέζος φιλόσοφος\n*[[1803]] - [[Προσπέρ Μεριμέ]], Γάλλος συγγραφέας\n*[[1823]] - [[Αλεξάντρ Καμπανέλ]], Γάλλος ζωγράφος\n*[[1841]] - [[Ζωρζ Κλεμανσώ]], Γάλλος πολιτικός\n*[[1863]] - [[Κάρολος Α΄ της Πορτογαλίας|Κάρολος Α']], βασιλιάς της Πορτογαλίας\n*[[1871]] - [[Πιέτρο Μπαντόλιο]], Ιταλός στρατιωτικός και πολιτικός\n*[[1893]] - [[Γιάννης Σκαρίμπας]], Έλληνας συγγραφέας\n*[[1893]] - [[Φελίξ των Βουρβόνων-Πάρμας|Φελίξ]], πρίγκιπας των Βουρβόνων-Πάρμας\n*[[1916]] - [[Πίτερ Φιντς]], Αυστραλός ηθοποιός\n*[[1918]] - [[Άνχελ Λαμπρούνα]], Αργεντινός ποδοσφαιριστής και προπονητής\n*[[1923]] - [[Ζάχος Χατζηφωτίου]], Έλληνας δημοσιογράφος και συγγραφέας\n*[[1924]] - [[Μαρτσέλλο Μαστρογιάννι]], Ιταλός ηθοποιός\n*[[1932]] - [[Βίκτορ Χάρα]], Χιλιανός τραγουδιστής\n*[[1934]] - [[Μπριζίτ Μπαρντό]], Γαλλίδα ηθοποιός και τραγουδίστρια\n*[[1945]] - [[Μανώλης Ρασούλης]], Έλληνας τραγουδοποιός και δημοσιογράφος\n*[[1947]] - [[Σεΐχ Χασίνα]], Μπαγκλαντεσιανή πολιτικός\n*[[1948]] - [[Παναγιώτης Αδρακτάς]], Έλληνας πολιτικός\n*[[1952]] - [[Ευθύμης Κιουμουρτζόγλου]], Έλληνας προπονητής καλαθοσφαίρισης\n*[[1953]] - [[Ότμαρ Χάσλερ]], πρωθυπουργός του Λίχτενσταϊν\n*[[1957]] - [[Θέμης Αδαμαντίδης]], Έλληνας τραγουδιστής\n*[[1963]] - [[Ερίκ Κομά]], Γάλλος οδηγός αγώνων\n*[[1964]] - [[Κλάουδιο Μπόργκι]], Αργεντινός ποδοσφαιριστής και προπονητής\n*[[1968]] - [[Ναόμι Γουότς]], Αγγλίδα ηθοποιός\n*[[1968]] - [[Μίκα Χάκινεν]], Φινλανδός οδηγός αγώνων\n*[[1970]] - [[Ρόι Βάσμπεργκ]], Νορβηγός ποδοσφαιριστής\n*[[1976]] - [[Φιόντορ Εμελιάνενκο]], Ρώσος αθλητής πολεμικών τεχνών\n*[[1976]] - [[Αταλάντη Τασουλή]], Ελληνίδα καλαθοσφαιρίστρια\n*[[1982]] - [[Αλεξάντερ Αννικόφ]], Ρώσος ποδοσφαιριστής\n*[[1982]] - [[Λεονάρντο Καλντέιρα]], Βραζιλιάνος πετοσφαιριστής\n*[[1984]] - [[Ματιέ Βαλμπουενά]], Γάλλος ποδοσφαιριστής\n*[[1987]] - [[Χίλαρι Νταφ]], Αμερικανίδα ηθοποιός και τραγουδίστρια\n\n== Θάνατοι ==\n*[[48 π.Χ.]] - [[Πομπήιος]], Ρωμαίος στρατηγός και πολιτικός\n*[[1197]] - [[Ερρίκος ΣΤ΄ της Αγίας Ρωμαϊκής Αυτοκρατορίας|Ερρίκος ΣΤ']], αυτοκράτορας της Αγίας Ρωμαϊκής Αυτοκρατορίας\n*[[1582]] - [[Τζωρτζ Μπιουκάναν]], Σκωτσέζος ιστορικός\n*[[1829]] - [[Νικολάι Νικολάεβιτς Ραέφσκι]], Ρώσος στρατηγός και πολιτικός\n*[[1891]] - [[Χέρμαν Μέλβιλ]], Αμερικανός συγγραφέας\n*[[1894]] - [[Ναρκίς Πελετιέ]], Γάλλος ναυτικός\n*[[1895]] - [[Λουί Παστέρ]], Γάλλος χημικός\n*[[1949]] - [[Αρχιεπίσκοπος Χρύσανθος|Χρύσανθος]], Αρχιεπίσκοπος Αθηνών\n*[[1953]] - [[Έντγουιν Χαμπλ]], Αμερικανός αστρονόμος\n*[[1966]] - [[Αντρέ Μπρετόν]], Γάλλος ποιητής\n*[[1970]] - [[Γκαμάλ Άμπντελ Νάσερ]], Αιγύπτιος πολιτικός\n*[[1978]] - [[Πάπας Ιωάννης Παύλος Α΄]]\n*[[1988]] - [[Έλλη Αλεξίου]], Ελληνίδα συγγραφέας\n*[[1989]] - [[Φερδινάντο Μάρκος]], Φιλιππινέζος πολιτικός\n*[[1990]] - [[Νίκος Καρούζος]], Έλληνας ποιητής\n*[[1991]] - [[Μάιλς Ντέιβις]], Αμερικανός μουσικός\n*[[1994]] - [[Γιώργος Ρώης]], Έλληνας ηθοποιός\n*[[1996]] - [[Θεοχάρης Κ. Ρέντης]], Έλληνας πολιτικός\n*[[2000]] - [[Πιέρ Έλιοτ Τρυντώ]], Καναδός πολιτικός\n*[[2003]] - [[Ελία Καζάν]], Έλληνας σκηνοθέτης\n*[[2006]] - [[Ελευθέριος Μουζάκης]], Έλληνας επιχειρηματίας\n*[[2009]] - [[Γκιγιέρμο Εντάρα]], πρόεδρος του Παναμά\n*[[2012]] - [[Άγγελος Αγγελούσης]], Έλληνας πολιτικός\n*[[2016]] - [[Σιμόν Πέρες]], Ισραηλινός πολιτικός\n*2021- [[wikidata:Q56054808|Παύλος Φιλίππου]]<nowiki/>Έλληνας σκηνοθέτης\n\n== Αργίες και εορτές ==\n=== [[Ορθόδοξη Εκκλησία]] ===\n{{Πύλη:Ορθοδοξία/Εορτολόγιο/28 Σεπτεμβρίου}}\n\n{{Μήνες}}\n\n[[Κατηγορία:Ημέρες του έτους]]"}}}]}]}}