{"batchcomplete":true,"query":{"normalized":[{"fromencoded":false,"from":"28_Μαρτίου","to":"28 Μαρτίου"}],"pages":[{"pageid":1549,"ns":0,"title":"28 Μαρτίου","revisions":[{"slots":{"main":{"contentmodel":"wikitext","contentformat":"text/x-wiki","content":"{{χωρίς παραπομπές|31|03|2004}}\n\n{{Μήνες Μαρτίου}}\n\n<center>[[27 Μαρτίου]] | '''28 Μαρτίου''' | [[29 Μαρτίου]]</center>\n\n----\nΗ '''28η Μαρτίου''' είναι η 87η ημέρα του έτους κατά το [[Γρηγοριανό ημερολόγιο]] (88η σε δίσεκτα έτη). Υπολείπονται 278 ημέρες.\n\n{|width=100%\n| __TOC__\n| {{ΗμερολόγιοΣεΠίνακα|3}}\n|}\n\n== Γεγονότα ==\n*[[193]] - Ο Ρωμαίος αυτοκράτορας [[Πέρτιναξ]] δολοφονείται από Πραιτωριανούς φρουρούς, οι οποίοι στη συνέχεια πωλούν σε δημοπρασία το θρόνο στον [[Δίδιος Ιουλιανός|Δίδιο Ιουλιανό]].  \n*[[364]] - Ο Ρωμαίος αυτοκράτορας [[Ουαλεντινιανός Α΄]] ορίζει τον αδελφό του, [[Ουάλης|Ουάλη]], συναυτοκράτορα.\n*[[519]] - Υπογράφεται στην [[Βυζαντινή Κωνσταντινούπολη|Κωνσταντινούπολη]] [[ο τύπος του Πάπα Ορμίσδα]].\n*[[1566]] - Ο Ζαν Παρισό ντε Βαλέτ, μέγας μάγιστρος του [[Κυρίαρχο Στρατιωτικό Τάγμα της Μάλτας|Κυρίαρχου Στρατιωτικού Τάγματος της Μάλτας]], θέτει το θεμέλιο λίθο της [[Βαλέτα]]ς, πρωτεύουσας της [[Μάλτα]]ς.\n*[[1801]] - Υπογράφεται η Συνθήκη της [[Φλωρεντία]]ς. \n*[[1802]] - Ο [[Χάινριχ Βίλχελμ Όλμπερς]] ανακαλύπτει το [[2 Παλλάς]], το δεύτερο  [[Αστεροειδής|αστεροειδή]] που ανακαλύφθηκε ποτέ.\n*[[1809]] - [[Πόλεμος της Ιβηρικής Χερσονήσου]]: Η [[Γαλλία]] νικά την [[Ισπανία]] στη μάχη του Μεδεγίν.\n*[[1814]] - [[Αγγλοαμερικανικός πόλεμος του 1812]]: Το [[Βασιλικό Ναυτικό]] του [[Ηνωμένο Βασίλειο|Ηνωμένου Βασιλείου]] νικά το [[Πολεμικό Ναυτικό των ΗΠΑ]] σε ναυμαχία στα ανοιχτά του [[Βαλπαραΐσο]] στη [[Χιλή]].\n*[[1821]] - [[Πολιορκία του Λιδωρικίου]]: το [[Λιδωρίκι Φωκίδας]] περνά στον έλεγχο των [[Έλληνες|Ελλήνων]] επαναστατών.\n*[[1854]] - [[Κριμαϊκός Πόλεμος]]: η [[Γαλλία]] και η [[Μεγάλη Βρετανία]] κηρύσσουν πόλεμο στη [[Ρωσία]].\n*[[1871]] - Εγκαθιδρύεται επίσημα στο [[Παρίσι]] η [[Παρισινή Κομμούνα]].\n*[[1910]] - Ο Ανρί Φαμπρ γίνεται ο πρώτος άνθρωπος που πετάει με [[υδροπλάνο]], μετά την απογείωσή του από τη λίμνη Μπερ στη [[Γαλλία]].\n*[[1913]] - Η [[Γουατεμάλα]] υπογράφει τη συνθήκη πνευματικών δικαιωμάτων του [[Μπουένος Άιρες]].\n*[[1920]] - Ανεμοστρόβιλος χτυπά την περιοχή των [[Μεγάλες Λίμνες|Μεγάλων Λιμνών]] και τις [[Η.Π.Α.|αμερικανικές]] πολιτείες του [[Βαθύς Νότος|Βαθέως Νότου]]. \n*[[1933]] - Το διπλάνο ''City of Liverpool'' της Imperial Airways γίνεται το πρώτο αεροπλάνο αεροπορικής εταιρείας που συντρίβεται λόγω σαμποτάζ, καθώς ένας επιβάτης βάζει φωτιά στο σκάφος.\n*[[1939]] - [[Ισπανικός Εμφύλιος]]: Ο [[Φρανθίσκο Φράνκο]] καταλαμβάνει τη [[Μαδρίτη]] μετά από πολιορκία τριών ετών. \n*[[1941]] - [[Β΄ Παγκόσμιος Πόλεμος]]: Ναυμαχία στο [[Ακρωτήριο Ταίναρο]]. Ο [[Μεγάλη Βρετανία|Βρετανός]] ναύαρχος [[Άντριου Κάννινγκαμ]] ηγείται του βασιλικού ναυτικού στην καταστροφή τριών μεγάλων [[Ιταλία|ιταλικών]] βαριών καταδρομικών και δύο αντιτορπιλικών.\n*[[1969]] - Ο βραβευμένος με [[Βραβείο Νόμπελ Λογοτεχνίας|Νόμπελ]] [[Έλληνες|Έλληνας]] ποιητής [[Γιώργος Σεφέρης]] κάνει μία διάσημη δήλωση στην [[Παγκόσμια Υπηρεσία του BBC]] αντιτιθέμενος στη [[χούντα των Συνταγματαρχών]] στην [[Ελλάδα]].\n*[[1970]] - Ισχυρός [[σεισμός]] χτυπά τη δυτική [[Τουρκία]] στις 23:05 τοπική ώρα, σκοτώνοντας 1.086 άτομα και τραυματίζοντας 1.260.\n*[[1979]] - Διαρροή ψυκτικού υγρού στον [[Πυρηνικός αντιδραστήρας|πυρηνικό αντιδραστήρα]] της μονάδας 2 του Θρι Μάιλ Άιλαντ, έξω από το [[Χάρρισμπεργκ (Πενσυλβάνια)]], οδηγεί σε υπερθέρμανση και μερική τήξη του πυρήνα.\n*[[1979]] - Η [[Βουλή των Κοινοτήτων του Ηνωμένου Βασιλείου]] ψηφίζει την πρόταση μομφής εναντίον της κυβέρνησης του [[Τζέιμς Κάλαχαν]], προκαλώντας γενικές εκλογές.\n* [[2001]] - Έναρξη λειτουργίας του νέου αεροδρομίου Αθηνών ([[Διεθνής Αερολιμένας Αθηνών «Ελευθέριος Βενιζέλος»|Ελευθέριος Βενιζέλος]])\n*[[2005]] - Ισχυρός [[σεισμός]] συγκλονίζει τη βόρεια [[Σουμάτρα]], αφήνοντας εκατοντάδες νεκρούς και τραυματίες.\n\n== Γεννήσεις ==\n*[[623]] - [[Μαρουάν Α΄]], Άραβας χαλίφης\n*[[1592]] - [[Ιωάννης Αμός Κομένιος]], Τσέχος συγγραφέας\n*[[1841]] - [[Αλφόνσος των Βουρβόνων-Δύο Σικελιών (1841-1934)|Αλφόνσος]], κόμης της Καζέρτα\n*[[1862]] - [[Αριστίντ Μπριάν]], Γάλλος πολιτικός\n*[[1868]] - [[Μαξίμ Γκόρκι]], Ρώσος συγγραφέας\n*[[1893]] - [[Σπύρος Σκούρας]], Έλληνας πρόεδρος της [[20th Century Fox]]\n*[[1894]] - [[Ερνστ Λίντεμαν]], Γερμανός αξιωματικός του ναυτικού\n*[[1910]] - [[Ίνγκριντ της Σουηδίας]], βασίλισσα της Δανίας\n*[[1914]] - [[Μπόχουμιλ Χράμπαλ]], Τσέχος συγγραφέας\n*[[1924]] - [[Φρέντι Μπαρθόλομιου]], Άγγλος ηθοποιός\n*[[1928]] - [[Αλεξάντερ Γκρότεντικ]], Γερμανός μαθηματικός\n*[[1935]] - [[Γιόζεφ Σμιτ]], Πολωνός αθλητής\n*[[1936]] - [[Μάριο Βάργκας Λιόσα]], Περουβιανός συγγραφέας\n*[[1940]] - [[Ανδρέας Αγγελάκης]], Έλληνας συγγραφέας\n*[[1945]] - [[Ροντρίγκο Ντουτέρτε]], Φιλιππινέζος πολιτικός\n*[[1949]] - [[Ρόνι Ρέι Σμιθ]], Αμερικανός αθλητής\n*[[1957]] - [[Αριέττα Μουτούση]], Ελληνίδα ηθοποιός\n*[[1958]] - [[Μάνος Τσιλιμίδης]], Έλληνας δημοσιογράφος\n*[[1958]] - [[Κερτ Χένιγκ]], Αμερικανός παλαιστής\n*[[1959]] - [[Λάουρα Τσιντσίγια]], Κοσταρικανή πολιτικός\n*[[1960]] - [[Ζοζέ Μαρία Νέβες]], πρωθυπουργός του Πράσινου Ακρωτηρίου\n*[[1961]] - [[Μπάιρον Σκοτ]], Αμερικανός καλαθοσφαιριστής και προπονητής\n*[[1973]] - [[Ουμάγκα]], Αμερικανός παλαιστής\n*[[1980]] - [[Στέλλα Πιλάτου]], Ελληνίδα αθλήτρια\n*[[1986]] - [[Lady Gaga]], Αμερικανίδα τραγουδίστρια\n*[[1987]] - [[Τόνι Κάλβο]], Ισπανός ποδοσφαιριστής\n\n== Θάνατοι ==\n*[[193]] - [[Πέρτιναξ]], Ρωμαίος αυτοκράτορας\n*[[592]] - [[Γκούντραμ]], βασιλιάς της Ορλεάνης\n*[[1241]] - [[Βάλντεμαρ Β΄ της Δανίας|Βάλντεμαρ Β΄]], βασιλιάς της Δανίας\n*[[1285]] - [[Πάπας Μαρτίνος Δ΄]]\n*[[1584]] - [[Ιβάν Δ΄ της Ρωσίας|Ιβάν Δ΄]], τσάρος της Ρωσίας\n*[[1690]] - [[Εμμανουήλ Τζάνες]], Έλληνας ζωγράφος\n*[[1794]] - [[Νικολά ντε Κοντορσέ]], Γάλλος φιλόσοφος\n*[[1822]] - [[Αγγελής Γοβιός]], Έλληνας οπλαρχηγός\n*[[1828]] - [[Τζέιμς Σάντλερ]], Άγγλος αεροναύτης και χημικός\n*[[1881]] - [[Μοντέστ Μουσόργκσκι]], Ρώσος συνθέτης\n*[[1884]] - [[Γεώργιος Ζαρίφης]], Έλληνας ευεργέτης\n*[[1941]] - [[Βιρτζίνια Γουλφ]], Αγγλίδα συγγραφέας\n*[[1943]] - [[Σεργκέι Ραχμάνινοφ]], Ρώσος συνθέτης και πιανίστας\n*[[1953]] - [[Νικόλαος Σκυλακάκης]], Έλληνας πολιτικός\n*[[1957]] - [[Στυλιανός Λένας]], Κύπριος αγωνιστής\n*[[1965]] - [[Μαίρη του Ηνωμένου Βασιλείου (1897-1965)|Μαίρη]], πριγκίπισσα του Ηνωμένου Βασιλείου\n*[[1969]] - [[Ντουάιτ Αϊζενχάουερ]], 34ος πρόεδρος των Η.Π.Α.\n*[[1985]] - [[Μαρίνος Καλλιγάς]], Έλληνας βυζαντινολόγος\n*[[1985]] - [[Μαρκ Σαγκάλ]], Ρώσος ζωγράφος\n*[[1988]] - [[Αλέκος Λιδωρίκης]], Έλληνας θεατρικός συγγραφέας\n*[[1992]] - [[Νικόλαος Πλάτων]], Έλληνας αρχαιολόγος\n*[[1993]] - [[Ελένη Χαλκούση]], Ελληνίδα ηθοποιός\n*[[1994]] - [[Ευγένιος Ιονέσκο]], Ρουμάνος θεατρικός συγγραφέας\n*[[1994]] - [[Αριστόξενος Σκιαδάς]], Έλληνας φιλόλογος\n*[[1998]] - [[Μίμης Τραϊφόρος]], Έλληνας στιχουργός\n*[[2002]] - [[Γιώργος Μπαμπανιώτης]], Έλληνας σφυροβόλος\n*[[2003]] - [[Χρήστος Πύρπασος]], Έλληνας συγγραφέας\n*[[2004]] - [[Πίτερ Ουστίνοφ]], Άγγλος ηθοποιός\n*[[2007]] - [[Σπύρος Κωνσταντόπουλος]], Έλληνας ηθοποιός\n*[[2008]] - [[Κούνιο Λεμάρι]], πολιτικός των Νήσων Μάρσαλ\n*[[2009]] - [[Μωρίς Ζαρ]], Γάλλος συνθέτης\n*[[2012]] - [[Γιάννης Μπανιάς]], Έλληνας πολιτικός\n*[[2013]] - [[Αθανάσιος Νάκος]], Έλληνας πολιτικός\n\n== Αργίες και εορτές ==\n=== [[Ορθόδοξη Εκκλησία]] ===\n{{Πύλη:Ορθοδοξία/Εορτολόγιο/28 Μαρτίου}}\n\n{{Μήνες}}\n\n[[Κατηγορία:Ημέρες του έτους]]"}}}]}]}}