{"batchcomplete":true,"query":{"normalized":[{"fromencoded":false,"from":"29_Ιουλίου","to":"29 Ιουλίου"}],"pages":[{"pageid":2875,"ns":0,"title":"29 Ιουλίου","revisions":[{"slots":{"main":{"contentmodel":"wikitext","contentformat":"text/x-wiki","content":"{{Μήνες Ιουλίου}}\n\n<center>[[28 Ιουλίου]] | '''29 Ιουλίου''' | [[30 Ιουλίου]]</center>\n\n----\nΗ '''29η Ιουλίου''' είναι η 210η ημέρα του έτους κατά το [[Γρηγοριανό ημερολόγιο]] (211η σε δίσεκτα έτη). Υπολείπονται 155 ημέρες.\n\n{{ΗμερολόγιοΣεΠίνακα|7}}\n\n== Γεγονότα ==\n*[[238]] - Ο [[Γορδιανός Γ΄]] ανακηρύσσεται αυτοκράτορας της [[Ρωμαϊκή Αυτοκρατορία|Ρωμαϊκής Αυτοκρατορίας]] σε ηλικία 13 ετών.\n*[[904]] - [[Άλωση της Θεσσαλονίκης (904)|Άλωση της Θεσσαλονίκης]]: Μετά από μία σύντομη πολιορκία, Σαρακηνοί επιδρομείς με επικεφαλής τον [[Λέων ο Τριπολίτης|Λέοντα τον Τριπολίτη]] λεηλατούν τη [[Θεσσαλονίκη]], τη δεύτερη μεγαλύτερη πόλη της [[Βυζαντινή αυτοκρατορία|Βυζαντινής αυτοκρατορίας]]. \n*[[1014]] - [[Μάχη του Κλειδίου]]. Ο [[Κατάλογος Βυζαντινών αυτοκρατόρων|Βυζαντινός αυτοκράτορας]] [[Βασίλειος Β´]] συντρίβει το [[Βουλγαρία|βουλγαρικό]] στρατό και παίρνει 15.000 αιχμαλώτους. \n*[[1565]] - Η [[Μαρία Α΄ της Σκωτίας]] παντρεύεται τον Ερρίκο Στιούαρτ, γνωστό και ως Λόρδο Ντάρνλεϊ, στο [[Εδιμβούργο]]. \n*[[1567]] - Ο [[Ιάκωβος Α΄ της Αγγλίας|Ιάκωβος ΣΤ΄]] στέφεται βασιλιάς της [[Σκωτία]]ς.\n*[[1588]] - Αγγλο-Ισπανικός Πόλεμος: Ναυμαχία του Γκράβελιν. Οι [[Αγγλία|αγγλικές]] [[Βασιλικό Ναυτικό|ναυτικές]] δυνάμεις υπό τη διοίκηση του λόρδου Τσαρλς Χάουαρντ και του [[Φράνσις Ντρέικ]] νικούν την [[Ισπανική Αρμάδα]] στα ανοικτά των ακτών του Γκράβελιν στη [[Γαλλία]].\n*[[1836]] - Εγκαίνια της [[Αψίδα του Θριάμβου|Αψίδας του Θριάμβου]] στο [[Παρίσι]].\n*[[1851]] - Ο [[Ανιμπάλε ντε Γκάσπαρις]] ανακαλύπτει τον [[Αστεροειδής|αστεροειδή]] [[15 Ευνομία]].\n*[[1899]] - Υπογράφεται η [[Συμβάσεις της Χάγης του 1899 και του 1907|Πρώτη Σύμβαση της Χάγης]].\n*[[1900]] - Ο βασιλιάς της [[Ιταλία]]ς [[Ουμβέρτος Α΄]] δολοφονείται από τον [[Αναρχισμός|αναρχικό]] Γκαετάνο Μπρέσι. \n*[[1907]] - Ο [[Ρόμπερτ Μπέηντεν-Πάουελ]] στήνει το [[Κατασκηνωτικό κέντρο νησιού Μπράουνσι|Κατασκηνωτικό κέντρο του νησιού Μπράουνσι]] στη νότια ακτή της [[Αγγλία]]ς. Η κατασκήνωση θα λειτουργήσει από την [[1 Αυγούστου|1η Αυγούστου]] έως τις [[9 Αυγούστου]] του [[1907]] και το γεγονός θεωρείται ως η ίδρυση του [[Προσκοπισμός|Προσκοπισμού]].\n*[[1919]] - Ο πρωθυπουργός της [[Ελλάδα]]ς [[Ελευθέριος Βενιζέλος]] υπογράφει με τον υπουργό Εξωτερικών της [[Ιταλία]]ς [[Τομάζο Τιττόνι]] το [[Σύμφωνο Βενιζέλου - Τιττόνι]].\n*[[1921]] - Ο [[Αδόλφος Χίτλερ]] γίνεται πρόεδρος του [[Εθνικοσοσιαλιστικό Γερμανικό Εργατικό Κόμμα|Εθνικοσοσιαλιστικού Γερμανικού Εργατικού Κόμματος]].\n*[[1948]] - [[Ολυμπιακοί Αγώνες]]: Έναρξη των [[Θερινοί Ολυμπιακοί Αγώνες 1948|14ων Θερινών Ολυμπιακών Αγώνων]]. Μετά από μία παύση 12 ετών λόγω του [[Β΄ Παγκόσμιος Πόλεμος|Β΄ Παγκοσμίου Πολέμου]], αρχίζουν στο [[Λονδίνο]] οι πρώτοι [[Θερινοί Ολυμπιακοί Αγώνες]] μετά τους [[Θερινοί Ολυμπιακοί Αγώνες 1936|Ολυμπιακούς Αγώνες]] που διεξήχθησαν το [[1936]] στο [[Βερολίνο]].\n*[[1957]] - Ιδρύεται η [[Διεθνής Οργάνωση Ατομικής Ενέργειας]]. \n*[[1958]] - Ο [[Ηνωμένες Πολιτείες Αμερικής|Αμερικανός]] πρόεδρος [[Ντουάιτ Αϊζενχάουερ]] υπογράφει την Πράξη Εθνικής Αεροναυτικής και Διαστήματος, με την οποία ιδρύεται η [[NASA]].\n*[[1967]] - [[Πόλεμος του Βιετνάμ]]: Ανοικτά των ακτών του Βορείου Βιετνάμ, το ''[[USS Forrestal (CV-59)]]'' πιάνει φωτιά σκοτώνοντας 134 άτομα, στη χειρότερη καταστροφή του [[Ηνωμένες Πολιτείες Αμερικής|αμερικανικού]] ναυτικού από το [[Β΄ Παγκόσμιος Πόλεμος|Β΄ Παγκόσμιο Πόλεμο]].\n*[[1967]] - Την τέταρτη ημέρα της γιορτής της 400ής επετείου του, το [[Καράκας]] στη [[Βενεζουέλα]] κλονίζεται από [[Σεισμός|σεισμό]], με απολογισμό 236 νεκρούς.  \n*[[1973]] - Οι αρχές της [[Χούντα των Συνταγματαρχών|χούντας]] ανακοινώνουν ότι το «Ναι» υπερισχύει, με ποσοστό 78,4%, στο [[Ελληνικό δημοψήφισμα του 1973|δημοψήφισμα]] για το συνταγματικό. Παρά τον στρατιωτικό νόμο και την εκτεταμένη νοθεία, στην [[Αθήνα]] το «Όχι» αγγίζει ποσοστό 43%, ενώ στην επαρχία δεν ξεπερνά το 10%.\n*[[1980]] - Μετά την [[Ιρανική Επανάσταση]], το [[Ιράν]] υιοθετεί μία νέα [[Σημαία του Ιράν|«ιερή» σημαία]].\n* [[1981]] - Στο [[αβαείο Γουέστμινστερ]] του [[Λονδίνο]]υ ο διάδοχος του Βρετανικού Θρόνου [[Πρίγκιπας Κάρολος]] νυμφεύεται την εικοσάχρονη πριγκίπισσα της [[Ουαλία]]ς [[Πριγκίπισσα Νταϊάνα|λαίδη Νταϊάνα]].\n\n== Γεννήσεις ==\n*[[1166]] - [[Ερρίκος Β΄ της Καμπανίας|Ερρίκος Β΄]], κόμης της Καμπανίας\n*[[1356]] - [[Μαρτίνος της Αραγωνίας|Μαρτίνος]], βασιλιάς της Αραγωνίας\n*[[1643]] - [[Ερρίκος Γ΄ του Κοντέ|Ερρίκος Γ΄]], πρίγκιπας του Κοντέ\n*[[1805]] - [[Αλεξίς ντε Τοκβίλ]], Γάλλος ιστορικός\n*[[1817]] - [[Ιβάν Αϊβαζόφσκι]], Αρμένιος ζωγράφος\n*[[1870]] - [[Ιωάννης Γρυπάρης (λογοτέχνης)|Ιωάννης Γρυπάρης]], Έλληνας συγγραφέας\n*[[1883]] - [[Μπενίτο Μουσολίνι]], Ιταλός δικτάτορας\n*[[1885]] - [[Θέντα Μπάρα]], Αμερικανίδα ηθοποιός\n*[[1898]] - [[Ίσιντορ Ισαάκ Ράμπι]], Πολωνός φυσικός\n*[[1905]] - [[Νταγκ Χάμαρσκελντ]], Σουηδός οικονομολόγος και διπλωμάτης\n*[[1911]] - [[Αρχιεπίσκοπος Αμερικής Ιάκωβος]]\n*[[1917]] - [[Ρόχους Μις]], Γερμανός στρατιωτικός\n*[[1919]] - [[Μίλτος Σαχτούρης]], Έλληνας ποιητής\n*[[1922]] - [[Μιχαήλ Μίνιν]], Ρώσος στρατιώτης\n*[[1925]] - [[Μίκης Θεοδωράκης]], Έλληνας συνθέτης\n*[[1927]] - [[Χάρι Μούλις]], Ολλανδός συγγραφέας\n*[[1933]] - [[Λου Άλμπανο]], Ιταλός παλαιστής\n*[[1934]] - [[Μητροπολίτης Θεσσαλονίκης Άνθιμος]]\n*[[1936]] - [[Ηλίας Υφαντής]], Έλληνας ποδοσφαιριστής\n*[[1938]] - [[Γιώργος Σιδέρης]], Έλληνας ποδοσφαιριστής\n*[[1941]] - [[Ντέιβιντ Γουόρνερ]], Άγγλος ηθοποιός\n*[[1946]] - [[Στιγκ Μπλόμκβιστ]], Σουηδός οδηγός αγώνων\n*[[1952]] - [[Δημήτριος Κουγιώνης]], Έλληνας πολιτικός\n*[[1953]] - [[Τζέντι Λι]], Καναδός μουσικός ([[Rush]])\n*[[1981]] - [[Φερνάντο Αλόνσο]], Ισπανός οδηγός αγώνων\n*[[1984]] - [[Κένεντι Ουίνστον]], Αμερικανός καλαθοσφαιριστής\n*[[1990]] - [[Ολέγκ Σάτοφ]], Ρώσος ποδοσφαιριστής\n\n== Θάνατοι ==\n*[[238]] - [[Βαλβίνος]], Ρωμαίος αυτοκράτορας\n*[[238]] - [[Πουπιηνός]], Ρωμαίος αυτοκράτορας\n*[[796]] - [[Όφα της Μερκίας|Όφα]], βασιλιάς της Μερκίας\n*[[1030]] - [[Όλαφ Β΄ της Νορβηγίας|Όλαφ Β΄]], βασιλιάς της Νορβηγίας\n*[[1095]] - [[Λαδίσλαος Α΄ της Ουγγαρίας|Λαδίσλαος Α΄]], βασιλιάς της Ουγγαρίας\n*[[1099]] - [[Πάπας Ουρβανός Β΄]]\n*[[1108]] - [[Φίλιππος Α΄ της Γαλλίας|Φίλιππος Α΄]], βασιλιάς της Γαλλίας\n*[[1236]] - [[Ίνγκεμποργκ της Δανίας, βασίλισσα της Γαλλίας|Ίνγκεμποργκ της Δανίας]], βασίλισσα της Γαλλίας\n*[[1644]] - [[Πάπας Ουρβανός Η΄]]\n*[[1822]] - [[Ευγένιος Β΄]], Πατριάρχης Κωνσταντινουπόλεως\n*[[1845]] - [[Φρανσουά Ζοζέφ Μποζιό]], Μονεγάσκος γλύπτης\n*[[1856]] - [[Ρόμπερτ Σούμαν]], Γερμανός συνθέτης\n*[[1882]] - [[Νικόλαος Λούσης]], Έλληνας αγωνιστής και επίσκοπος\n*[[1890]] - [[Βίνσεντ βαν Γκογκ]], Ολλανδός ζωγράφος\n*[[1900]] - [[Ουμβέρτος Α΄]], βασιλιάς της Ιταλίας\n*[[1924]] - [[Σωτήριος Κροκιδάς]], Έλληνας νομικός και πολιτικός\n*[[1933]] - [[Σάββας Παυλίδης]], Έλληνας πολιτικός\n*[[1959]] - [[Λεωνίδας Ιασωνίδης]], Έλληνας πολιτικός\n*[[1965]] - [[Θεμιστοκλής Κακαράς]], Έλληνας πολιτικός\n*[[1974]] - [[Έριχ Κέστνερ]], Γερμανός συγγραφέας\n*[[1976]] - [[Ιάκωβος Μελάς]], Έλληνας γιατρός και πολιτικός\n*[[1979]] - [[Χέρμπερτ Μαρκούζε]], Γερμανός φιλόσοφος\n*[[1983]] - [[Ρέιμοντ Μάσεϊ]], Καναδός ηθοποιός\n*[[1983]] - [[Λουίς Μπουνιουέλ]], Ισπανός σκηνοθέτης\n*[[1983]] - [[Ντέιβιντ Νίβεν]], Άγγλος ηθοποιός\n*[[1987]] - [[Αλέξανδρος Μπαλτατζής]], Έλληνας πολιτικός\n*[[1990]] - [[Μπρούνο Κράισκι]], Αυστριακός πολιτικός\n*[[1992]] - [[Βασίλειος Παπαδόπουλος]], Έλληνας πολιτικός\n*[[1994]] - [[Ντόροθι Κρόουφουτ Χότζκιν]], Βρετανή βιοχημικός\n*[[1997]] - [[Κωνσταντίνος Γ. Παπαδόπουλος]], Έλληνας πολιτικός\n*[[2004]] - [[Ρένα Βλαχοπούλου]], Ελληνίδα ηθοποιός\n*[[2014]] - [[Σαΐκ Ουμάρ Καν]], ιατρός από τη Σιέρα Λεόνε\n*[[2015]] - [[Σπύρος Ολύμπιος]], Έλληνας ηθοποιός\n*[[2017]] - [[Ολιβιέ Στρεμπέλ]], Βέλγος γλύπτης\n*[[2017]] - [[Ρεντά Μαλέκ]], Αλγερινός πολιτικός\n*2021-[[wikidata:Q108832214|Λευτέρης Δανίκας]] Έλληνας σκηνοθέτης \n\n== Αργίες και εορτές ==\n=== [[Ορθόδοξη Εκκλησία]] ===\n{{Πύλη:Ορθοδοξία/Εορτολόγιο/29 Ιουλίου}}\n\n{{Μήνες}}\n\n[[Κατηγορία:Ημέρες του έτους]]"}}}]}]}}