{"batchcomplete":true,"query":{"normalized":[{"fromencoded":false,"from":"29_Οκτωβρίου","to":"29 Οκτωβρίου"}],"pages":[{"pageid":3373,"ns":0,"title":"29 Οκτωβρίου","revisions":[{"slots":{"main":{"contentmodel":"wikitext","contentformat":"text/x-wiki","content":"{{Μήνες Οκτωβρίου}}\n\n<center>[[28 Οκτωβρίου]] | '''29 Οκτωβρίου''' | [[30 Οκτωβρίου]]</center>\n\n----\n{{ΗμερολόγιοΣεΠίνακα|10}}\nΗ '''29η Οκτωβρίου''' είναι η 302η ημέρα του έτους κατά το [[Γρηγοριανό ημερολόγιο]] (303η σε δίσεκτα έτη). Υπολείπονται 63 ημέρες.\n\n== Γεγονότα ==\n*[[539 π.Χ.]] - Ο [[Κύρος Β΄ της Περσίας]] εισέρχεται στη [[Βαβυλώνα]] και επιτρέπει στους [[Εβραίοι|Εβραίους]] να επιστρέψουν στην πατρίδα τους. \n*[[312]] - Μετά τη νίκη του στη μάχη της Μιλβίας γέφυρας, ο [[Κωνσταντίνος Α΄]] εισέρχεται στη [[Ρώμη]], όπου ο λαός τον υποδέχεται με ενθουσιασμό. Το σώμα του [[Μαξέντιος|Μαξέντιου]] αλιεύεται από τον [[Τίβερης|Τίβερη]] και αποκεφαλίζεται.\n*[[437]] - Ο [[Ρωμαίος αυτοκράτορας]] [[Ουαλεντινιανός Γ΄]] παντρεύεται στην [[Βυζαντινή Κωνσταντινούπολη|Κωνσταντινούπολη]] τη [[Λικινία Ευδοξία]], κόρη του ξαδέλφου του, [[Κατάλογος Βυζαντινών αυτοκρατόρων|Βυζαντινού αυτοκράτορα]] [[Θεοδόσιος Β´|Θεοδοσίου Β΄]], ενώνοντας τους δύο κλάδους της [[Δυναστεία του Θεοδοσίου|δυναστείας του Θεοδοσίου]].\n*[[969]] - Τα [[Βυζαντινός στρατός|βυζαντινά στρατεύματα]] καταλαμβάνουν την [[Αντιόχεια]] της [[Συρία]]ς.\n*[[1591]] - Εκλέγεται ο [[Πάπας Ιννοκέντιος Θ΄]].\n*[[1611]] - Οι [[Ρωσία|Ρώσοι]] αποτίνουν φόρο τιμής στον βασιλιά [[Σιγισμούνδος Γ΄ της Πολωνίας|Σιγισμούνδο Γ΄ της Πολωνίας]].\n*[[1618]] - Ο [[Αγγλία|Άγγλος]] τυχοδιώκτης, συγγραφέας και αυλικός [[Ουόλτερ Ράλεϊ]] αποκεφαλίζεται για συνωμοσία κατά του [[Ιάκωβος Α΄ της Αγγλίας|Ιακώβου Α΄ της Αγγλίας]].\n*[[1675]] - Ο [[Γκότφριντ Βίλχελμ Λάιμπνιτς]] χρησιμοποιεί για πρώτη φορά το μακρύ s (∫) ως σύμβολο του [[Ολοκλήρωμα|ολοκληρώματος]] στο [[Λογισμός|λογισμό]]. \n*[[1787]] - Η όπερα του [[Βόλφγκανγκ Αμαντέους Μότσαρτ]] ''[[Ντον Τζοβάννι (Μότσαρτ)|Ντον Τζοβάννι]]'' κάνει πρεμιέρα στην [[Πράγα]].\n*[[1795]] - Οι Αυστριακοί επικρατούν των Γάλλων μετά από πολύμηνη [[Πολιορκία του Μάιντς (1795)|πολιορκία του Μάιντς]] στο πλαίσιο του [[Πόλεμος του Πρώτου Συνασπισμού|Πολέμου του Πρώτου Συνασπισμού]].\n*[[1863]] - [[Αμερικανικός Εμφύλιος Πόλεμος]]: δυνάμεις της [[Ένωση (Αμερικανικός Εμφύλιος Πόλεμος)|Ένωσης]] υπό τον στρατηγό [[Οδυσσεύς Γκραντ|Οδυσσέα Γκραντ]] αποκρούουν επίθεση των [[Συνομόσπονδες Πολιτείες της Αμερικής|Συνομόσπονδων]], ανοίγοντας έτσι γραμμή εφοδιασμού προς την [[Τσαττανούγκα (Τενεσσί)]].\n*[[1888]] - Υπογράφεται η Σύμβαση της [[Κωνσταντινούπολη]]ς, με την οποία διασφαλίζεται η ελεύθερη θαλάσσια διέλευση μέσω της [[Διώρυγα Σουέζ|Διώρυγας του Σουέζ]] κατά τη διάρκεια πολέμου και ειρήνης. \n*[[1922]] - Ο βασιλιάς [[Βίκτωρ Εμμανουήλ Γ΄ της Ιταλίας]] δίνει εντολή σχηματισμού κυβέρνησης στον [[Μπενίτο Μουσολίνι]].\n*[[1923]] - Η [[Τουρκία]] γίνεται δημοκρατία μετά τη διάλυση της [[Οθωμανική Αυτοκρατορία|Οθωμανικής αυτοκρατορίας]].\n*[[1929]] - [[Κραχ της Γουόλ Στριτ (1929)|Κραχ της Γουόλ Στριτ]]: καταρρέει το [[χρηματιστήριο της Νέας Υόρκης]] και αρχίζει η [[Παγκόσμια οικονομική ύφεση 1929|παγκόσμια οικονομική ύφεση του 1929]].\n*[[1944]] - Η 1η [[Πολωνία|πολωνική]] τεθωρακισμένη μεραρχία απελευθερώνει τη [[Μπρέντα]] στην [[Ολλανδία]].\n*[[1953]] - Αεροσκάφος Douglas DC-6 της British Commonwealth Pacific Airlines συντρίβεται κοντά στο [[Σαν Φρανσίσκο]], με απολογισμό 19 νεκρούς.\n* [[1955]] - Το [[ΕΣΣΔ|Σοβιετικό]] θωρηκτό Νοβοσιίσκ εξαπέλυσε κύμα κατά μιας νάρκης του [[Β΄ Παγκόσμιος Πόλεμος|Β΄ Παγκοσμίου Πολέμου]] στο λιμάνι της [[Σεβαστούπολη]]ς.\n* [[1956]] - Έναρξη της κρίσης του [[Σουέζ]]. Δυνάμεις του [[Ισραήλ]] εισβάλλουν στο [[Χερσόνησος του Σινά|Σινά]] και πιέζουν της [[Αίγυπτος|αιγυπτιακές]] δυνάμεις προς τη [[Διώρυγα Σουέζ|Διώρυγα του Σουέζ]].\n*[[1959]] - Ένα [[Douglas DC-3]] της [[Ολυμπιακές Αερογραμμές|Ολυμπιακής Αεροπορίας]], που εκτελεί την πτήση [[Αθήνα]] - [[Θεσσαλονίκη]], συντρίβεται λίγο μετά την απογείωσή του κοντά στην [[Αυλώνα Αττικής]]. Και οι 18 επιβαίνοντες είναι νεκροί.\n* [[1960]] - Ο Κάσσιους Κλέυ (αργότερα γνωστός ως Μοχάμεντ Άλι) κερδίζει τον πρώτο του επαγγελματικό αγώνα.\n*[[1961]] - 4.640.512 [[Έλληνες]] ψηφοφόροι προσέρχονται στις κάλπες. Νικητής των [[Ελληνικές βουλευτικές εκλογές 1961|εκλογών]] αναδεικνύεται η [[Εθνική Ριζοσπαστική Ένωσις|Ε.Ρ.Ε.]] με ποσοστό 50,81% και 176 έδρες. Η [[Ένωσις Κέντρου]] έρχεται δεύτερο κόμμα με 33,66% και 100 έδρες και ακολουθεί το ΠΑΜΕ με 14,63% και 24 έδρες.\n* 1961 - Η [[Συρία]] αποσύρεται από την Ηνωμένη Αραβική Δημοκρατία.\n*[[1964]] - Η Ενωμένη Δημοκρατία της Τανγκανίκα και της [[Ζανζιβάρη]]ς μετονομάζεται σε [[Τανζανία|Ενωμένη Δημοκρατία της Τανζανίας]].\n*[[1966]] - Καταστρεπτικός [[σεισμός]] χτυπά την περιοχή [[Δήμος Ξηρομέρου|Ξηρόμερο]] [[Νομός Αιτωλοακαρνανίας|Αιτωλοακαρνανίας]], με απολογισμό 1 νεκρό, 10 βαριά τραυματίες και 10.000 άστεγους.\n* [[1969]] - Ο πρώτος σύνδεσμος υπολογιστή σε υπολογιστή κατοχυρώνεται από την ARPANET.\n* [[1988]] - Ο [[Πακιστάν|Πακιστανός]] στρατηγός Ραχιμουντίν Καν παραιτείται από την θέση ως Κυβερνήτης του Σιντ, έπειτα από σειρά προσπαθειών του Προέδρου του Πακιστάν, Γκουλάμ Ισκάκ Καν, να περιορίσει τις δυνάμεις που είχε συσσωρεύσει.\n* [[1998]] - [[Απαρτχάιντ]]: ο «Φορέας Αλήθειας και Συμφιλίωσης» στη [[Νότιος Αφρική|Νότια Αφρική]] παρουσιάζει την αναφορά του, καταδικάζοντας και τις δύο πλευρές για διαπράξεις κτηνωδίας.\n* [[2004]] - Το [[Αραβική γλώσσα|Αραβικό]] τηλεοπτικό δίκτυο Αλ Τζαζίρα μεταδίδει ένα απόσπασμα από ένα βίντεο του [[Σαουδική Αραβία|σαουδάραβα]] ηγέτη της Αλ-Κάιντα, [[Οσάμα μπιν Λάντεν]] όπου λαμβάνει την ευθύνη για τις [[Επιθέσεις της 11ης Σεπτεμβρίου 2001|επιθέσεις στους Δίδυμους Πύργους της Νέας Υόρκης το 2001]] και αναφέρεται στις προεδρικές εκλογές των Η.Π.Α.\n* 2004 - Στη [[Ρώμη]], οι [[Ευρώπη|Ευρωπαίοι]] ηγέτες υπογράφουν τη Συνθήκη που εγκαθιδρύει το πρώτο Ευρωπαϊκό Σύνταγμα.\n* [[2005]] - Βομβιστικές επιθέσεις στο [[Νέο Δελχί]] της [[Ινδία]]ς σκοτώνουν πάνω από 60 άτομα.\n\n== Γεννήσεις ==\n*[[1507]] - [[Φερντινάνδο Άλβαρο δε Τολέδο]], Ισπανός ευγενής\n*[[1879]] - [[Φραντς φον Πάπεν]], Γερμανός πολιτικός\n*[[1882]] - [[Ζαν Ζιρωντού]], Γάλλος συγγραφέας\n*[[1897]] - [[Γιόζεφ Γκαίμπελς]], Γερμανός πολιτικός\n*[[1914]] - [[Πατριάρχης Σόφιας Μάξιμος]]\n*[[1926]] - [[Νετσμεττίν Ερμπακάν]], Τούρκος πολιτικός\n*[[1929]] - [[Γεβγκένι Πριμακόφ]], Ρώσος πολιτικός\n*[[1930]] - [[Νίκη ντε Σαιν Φαλ]], Γαλλίδα καλλιτέχνης\n*[[1938]] - [[Έλεν Τζόνσον-Σίρλιφ]], Λιβεριανή πολιτικός\n*[[1940]] - [[Γιάννης Θεωνάς]], Έλληνας πολιτικός\n*[[1940]] - [[Φρίντα Μποκαρά]], Γαλλίδα τραγουδίστρια\n*[[1947]] - [[Ρίτσαρντ Ντρέιφους]], Αμερικανός ηθοποιός\n*[[1949]] - [[Πολ Όρνντορφ]], Αμερικανός παλαιστής\n*[[1950]] - [[Αμπντουλάχ Γκιούλ]], Τούρκος πολιτικός\n*[[1959]] - [[Τζον Μαγκουφούλι]], Τανζανός πολιτικός\n*[[1969]] - [[Γιώργος Δώνης]], Έλληνας ποδοσφαιριστής\n*[[1969]] - [[Ελένη Μενεγάκη]], Ελληνίδα τηλεπαρουσιάστρια\n*[[1970]] - [[Έντβιν Φαν Ντερ Σαρ]], Ολλανδός ποδοσφαιριστής\n*[[1971]] - [[Γουινόνα Ράιντερ]], Αμερικανίδα ηθοποιός\n*[[1973]] - [[Ρομπέρ Πιρές]], Γάλλος ποδοσφαιριστής\n*[[1977]] - [[Βαγγέλης Καούνος]], Έλληνας ποδοσφαιριστής\n*[[1977]] - [[Βασίλης Μπισμπίκης]], Έλληνας ηθοποιός \n*[[1980]] - [[Μπεν Φόστερ]], Αμερικανός ηθοποιός\n*[[1981]] - [[Γιώργος Φωτάκης]], Έλληνας ποδοσφαιριστής\n*[[1998]] - [[Λανς Στρολ]], Καναδός οδηγός αγώνων\n*\n\n== Θάνατοι ==\n*[[606]] - [[Πατριάρχης Κυριακός Β΄|Κυριακός Β΄]], Πατριάρχης Κωνσταντινουπόλεως\n*[[1268]] - [[Κορραδίνος]], βασιλιάς της Ιερουσαλήμ\n*[[1321]] - [[Στέφανος Ούρος Β΄ Μιλούτιν]], βασιλιάς της Σερβίας\n*[[1590]] - [[Ντιρκ Κούρνερτ]], Ολλανδός φιλόσοφος, θεολόγος και πολιτικός\n*[[1618]] - [[Ουόλτερ Ράλεϊ]], Άγγλος στρατιωτικός και εξερευνητής\n*[[1783]] - [[Ζαν λε Ροντ ντ' Αλαμπέρ]], Γάλλος μαθηματικός\n*[[1869]] - [[Χριστόδουλος Χατζηπέτρος]], Έλληνας αγωνιστής\n*[[1905]] - [[Ετιέν Ντεμαρτό]], Καναδός αθλητής\n*[[1911]] - [[Τζόζεφ Πούλιτζερ]], Ούγγρος πολιτικός και εκδότης\n*[[1936]] - [[Ραμίρο Λεντέσμα]], Ισπανός πολιτικός\n*[[1949]] - [[Γεώργιος Γκουρτζίεφ]], Αρμένιος μυστικιστής\n*[[1950]] - [[Γουσταύος Ε΄ της Σουηδίας|Γουσταύος Ε΄]], βασιλιάς της Σουηδίας\n*[[1965]] - [[Μεχντί μπεν Μπαρκά]], Μαροκινός πολιτικός\n*[[1972]] - [[Βίκτορ Μίλνερ]], Αμερικανός κινηματογραφιστής\n*[[1979]] - [[Κωνσταντίνος Μαρής]], Έλληνας πολιτικός\n*[[1981]] - [[Στυλιανός Μαυρομιχάλης]], Έλληνας δικαστικός και πολιτικός\n*[[1986]] - [[Νίκος Αγγελάκης]], Έλληνας ποδοσφαιριστής\n*[[1986]] - [[Μίμης Φωτόπουλος]], Έλληνας ηθοποιός\n*[[1993]] - [[Λουκάς Μούσουλος]], Κύπριος μηχανικός\n*[[1997]] - [[Ανδρέας Μιχαλιτσιάνος]], Έλληνας αστροφυσικός\n*[[2006]] - [[Μαρία Καλουτά]], Ελληνίδα ηθοποιός\n*[[2007]] - [[Κριστιάν ντ' Οριολά]], Γάλλος ξιφομάχος\n*2021-Ροσάνο Ρουμπικόντι Ιταλός ηθοποιός \n*2021- Πουνίθ Ρατζκούμαρ Ινδός ηθοποιός  \n*2021- [[Κλεμάν Μουαμπά]] Κονγκολέζος πολιτικός \n\n== Αργίες και εορτές ==\n\n* [[Τουρκία]] - Εορτή της Δημοκρατίας.\n* Παγκόσμια Ημέρα [[Ψωρίαση|Ψωρίασης]].\n\n=== [[Ορθόδοξη Εκκλησία]] ===\n{{Πύλη:Ορθοδοξία/Εορτολόγιο/29 Οκτωβρίου}}\n\n\n{{Μήνες}}\n\n[[Κατηγορία:Ημέρες του έτους]]"}}}]}]}}