{"batchcomplete":true,"query":{"normalized":[{"fromencoded":false,"from":"29_Δεκεμβρίου","to":"29 Δεκεμβρίου"}],"pages":[{"pageid":3755,"ns":0,"title":"29 Δεκεμβρίου","revisions":[{"slots":{"main":{"contentmodel":"wikitext","contentformat":"text/x-wiki","content":"{{Μήνες Δεκεμβρίου}}\n\n<center>[[28 Δεκεμβρίου]] | '''29 Δεκεμβρίου''' | [[30 Δεκεμβρίου]]</center>\n\n----\nΗ '''29η Δεκεμβρίου''' είναι η 363η ημέρα του έτους κατά το [[Γρηγοριανό ημερολόγιο]] (364η σε δίσεκτα έτη). Υπολείπονται 2 ημέρες.\n\n{{ΗμερολόγιοΣεΠίνακα|12}}\n\n== Γεγονότα ==\n*[[875]] - Ο βασιλιάς των [[Φράγκοι|Φράγκων]], [[Κάρολος ο Φαλακρός]], στέφεται [[αυτοκράτορας της Αγίας Ρωμαϊκής Αυτοκρατορίας]]. \n*[[1170]] - Ο Τόμας Μπέκετ, [[αρχιεπίσκοπος του Καντέρμπερι]], δολοφονείται μέσα στον Καθεδρικό Ναό του [[Καντέρμπερι]] από ακόλουθους του βασιλιά [[Ερρίκος Β΄ της Αγγλίας|Ερρίκου Β΄ της Αγγλίας]]. Αργότερα θα αναγνωριστεί ως άγιος και μάρτυρας από την [[Αγγλικανική Κοινωνία]] και την [[Καθολική Εκκλησία]].\n*[[1427]] - Ο στρατός της [[Δυναστεία Μινγκ|δυναστείας των Μινγκ]] αρχίζει την απόσυρσή του από το [[Ανόι]], τερματίζοντας την κυριαρχία των Μινγκ στο [[Ντάι Βιέτ]].\n*[[1845]] - Οι [[Ηνωμένες Πολιτείες Αμερικής]] προσαρτούν τη [[Δημοκρατία του Τέξας]]. Η Δημοκρατία του Τέξας, η οποία ήταν ανεξάρτητη από την επανάσταση του Τέξας του [[1836]], γίνεται δεκτή ως η 28η [[Πολιτείες των ΗΠΑ|πολιτεία των Η.Π.Α.]]\n*[[1851]] - Ανοίγει στη [[Βοστώνη]] η πρώτη [[Ηνωμένες Πολιτείες Αμερικής|αμερικανική]] [[Χριστιανική Αδελφότητα Νέων]].\n*[[1860]] - Η καθέλκυση του HMS ''Warrior'', με τον συνδυασμό κοχλιωτού [[Έλικας|έλικα]], σιδερένιου σκελετού και [[θωρακοβάρις|σιδερένιας θωράκισης]], καθιστά παρωχημένα όλα τα προηγούμενα πολεμικά πλοία.\n*[[1874]] - Το στρατιωτικό πραξικόπημα του στρατηγού Μαρτίνεθ Κάμπος στο [[Σαγούντο]] δίνει τέλος στην αποτυχημένη Πρώτη Ισπανική Δημοκρατία και [[Παλινόρθωση των Βουρβόνων (Ισπανία)|αποκαθιστά τη μοναρχία]] καθώς ο πρίγκιπας [[Αλφόνσος ΙΒ΄ της Ισπανίας|Αλφόνσος]] ανακηρύσσεται βασιλιάς της [[Ισπανία|Ισπανίας]].\n*[[1876]] - Σε σιδηροδρομικό δυστύχημα στο [[Οχάιο]] σκοτώνονται 92 άτομα και τραυματίζονται 64. \n*[[1890]] - [[Σφαγή του Πληγωμένου Γονάτου]]: 300 Ινδιάνοι Λακότα σκοτώνονται σε ινδιάνικο καταυλισμό από το 7ο σύνταγμα ιππικού των [[Ηνωμένες Πολιτείες Αμερικής|Ηνωμένων Πολιτειών]].\n*[[1911]] - Η [[Μογγολία]] αποκτά την ανεξαρτησία της από τη [[δυναστεία Τσινγκ]], ενθρονίζοντας τον Μπογκντ Χαν ως χαγάνο της Μογγολίας.  \n*[[1911]] - Ο [[Σουν Γιατ-Σεν]] γίνεται προσωρινός πρόεδρος της [[Δημοκρατία της Κίνας (1912–49)|Δημοκρατίας της Κίνας]]. Θα αναλάβει επίσημα τα καθήκοντά του την [[1 Ιανουαρίου|1η Ιανουαρίου]] του [[1912]].\n*[[1916]] - Το πρώτο μυθιστόρημα του [[Τζέιμς Τζόυς]], ''Ένα πορτραίτο του καλλιτέχνη σε νεαρή ηλικία'', εκδίδεται για πρώτη φορά ως βιβλίο από [[Ηνωμένες Πολιτείες Αμερικής|αμερικανικό]] εκδοτικό οίκο, αφού πρώτα είχε δημοσιευθεί σε συνέχειες σε περιοδικό (1914-1915). \n*[[1937]] - Το Ιρλανδικό Ελεύθερο Κράτος αντικαθίσταται από ένα νέο κράτος που ονομάζεται [[Ιρλανδία]], με την υιοθέτηση νέου [[Σύνταγμα της Ιρλανδίας|συντάγματος]]. \n*[[1940]] - [[Β΄ Παγκόσμιος Πόλεμος]]: Δεύτερη Μεγάλη Πυρκαγιά του Λονδίνου. Η Λουφτβάφε βομβαρδίζει το [[Λονδίνο]] στη [[Μεγάλη Βρετανία]], σκοτώνοντας σχεδόν 200 αμάχους. \n*[[1966]] - Έπειτα από 12ωρη σύσκεψη, οι ένορκοι του Κακουργιοδικείου Θεσσαλονίκης στην πολύκροτη δίκη για τη δολοφονία του [[Γρηγόρης Λαμπράκης|Γρηγόρη Λαμπράκη]] ανακοινώνουν την ετυμηγορία τους: καταδικάζονται οι Σπύρος Γκοτζαμάνης και Μανώλης Εμμανουηλίδης σε ποινές φυλάκισης 11 και 8½ χρόνων αντίστοιχα, ενώ απαλλάσσονται όλοι οι αξιωματικοί της Χωροφυλακής που κατηγορούνταν για ηθική αυτουργία και παράβαση καθήκοντος.\n*[[1969]] - Η ταινία του [[Κώστας Γαβράς|Κώστα Γαβρά]] ''[[Ζ (ταινία)|Ζ]]'', που αναφέρεται στη δολοφονία του [[Γρηγόρης Λαμπράκης|Γρηγόρη Λαμπράκη]], ανακηρύσσεται καλύτερη ταινία της χρονιάς από την Ένωση Κριτικών Κινηματογράφου της Νέας Υόρκης.\n*[[1972]] - Η πτήση 401 της Eastern Air Lines συντρίβεται στα [[Έβεργκλεϊντς]] της [[Φλόριντα]] καθώς προσέγγιζε το διεθνές αεροδρόμιο του [[Μαϊάμι]], σκοτώνοντας τους 101 από τους 176 επιβαίνοντες.\n*[[1989]] - Ο [[Τσεχία|Τσέχος]] συγγραφέας και φιλόσοφος [[Βάτσλαβ Χάβελ]] εκλέγεται πρόεδρος της [[Τσεχοσλοβακία|Τσεχοσλοβακίας]].\n*[[1996]] - Υπογράφεται ειρηνευτική συμφωνία που τερματίζει τον 36ετή εμφύλιο πόλεμο στη [[Γουατεμάλα]].\n*[[1998]] - Οι ηγέτες των [[Ερυθροί Χμερ|Ερυθρών Χμερ]] ζητούν συγγνώμη για τη [[γενοκτονία]] της δεκαετίας του 1970 στην [[Καμπότζη]], η οποία στοίχισε τη ζωή σε περισσότερα από ένα εκατομμύριο άτομα. \n\n== Γεννήσεις ==\n*[[1552]] - [[Ερρίκος Α΄ των Βουρβόνων του Κοντέ|Ερρίκος Α΄ των Βουρβόνων]], πρίγκιπας του Κοντέ\n*[[1709]] - [[Ελισάβετ της Ρωσίας|Ελισάβετ]], αυτοκράτειρα της Ρωσίας\n*[[1721]] - [[Μαρκησία ντε Πομπαντούρ]], Γαλλίδα ερωμένη του [[Λουδοβίκος ΙΕ΄ της Γαλλίας|Λουδοβίκου ΙΕ΄ της Γαλλίας]]\n*[[1800]] - [[Τσαρλς Γκουντγίαρ]], Αμερικανός εφευρέτης\n*[[1808]] - [[Άντριου Τζόνσον]], 17ος πρόεδρος των Η.Π.Α.\n*[[1809]] - [[Γουίλιαμ Γκλάντστοουν]], Άγγλος πολιτικός\n*[[1843]] - [[Ελισάβετ του Βιντ]], βασίλισσα της Ρουμανίας\n*[[1893]] - [[Βέρα Μπρίτεν]], Αγγλίδα συγγραφέας\n*[[1911]] - [[Κλάους Φουχς]], Γερμανός φυσικός και κατάσκοπος\n*[[1916]] - [[Μαίρη Αρώνη]], Ελληνίδα ηθοποιός\n*[[1920]] - [[Τζοζέφα Ιλόιλο]], πρόεδρος των Φίτζι\n*[[1921]] - [[Ντόμπριτσα Τσόσιτς]], Σέρβος συγγραφέας και πολιτικός\n*[[1937]] - [[Μαουμούν Αμπντούλ Γκαγιούμ]], πρόεδρος των Μαλδίβων\n*[[1938]] - [[Τζον Βόιτ]], Αμερικανός ηθοποιός\n*[[1946]] - [[Μαριάν Φέιθφουλ]], Αγγλίδα τραγουδίστρια\n*[[1947]] - [[Κόζι Πάουελ]], Άγγλος ντράμερ ([[Rainbow]], [[Whitesnake]], [[Black Sabbath]])\n*[[1948]] - [[Πίτερ Ρόμπινσον]], Βορειοϊρλανδός πολιτικός\n*[[1948]] - [[Δημήτρης Ψαριανός]], Έλληνας τραγουδιστής\n*[[1959]] - [[Ανν Ντεμεουλμέστερ]], Βελγίδα σχεδιάστρια μόδας\n*[[1960]] - [[Κατερίνα Διδασκάλου]], Ελληνίδα ηθοποιός\n*[[1969]] - [[Άλαν ΜακΝίς]], Βρετανός πρώην οδηγός αγώνων από τη [[Σκοτία]]\n*[[1972]] - [[Τζουντ Λο]], Άγγλος ηθοποιός\n*[[1989]] - [[Κέι Νισικόρι]], Ιάπωνας αντισφαιριστής\n\n== Θάνατοι ==\n*[[1703]] - [[Μουσταφά Β΄]], Οθωμανός σουλτάνος\n*[[1825]] - [[Ζακ-Λουί Νταβίντ]], Γάλλος ζωγράφος\n*[[1877]] - [[Δημήτριος Βούλγαρης]], Έλληνας πολιτικός\n*[[1894]] - [[Κριστίνα Ροσέτι]], Αγγλίδα ποιήτρια\n*[[1916]] - [[Γκριγκόρι Ρασπούτιν]], Ρώσος μοναχός\n*[[1924]] - [[Καρλ Σπίτελερ]], Ελβετός ποιητής\n*[[1926]] - [[Ράινερ Μαρία Ρίλκε]], Αυστριακός συγγραφέας\n*[[1935]] - [[Πατριάρχης Φώτιος Β΄|Φώτιος Β΄]], Πατριάρχης Κωνσταντινουπόλεως\n*[[1940]] - [[Μιχαήλ Χατζηκωνσταντής]], Έλληνας στρατιωτικός\n*[[1941]] - [[Νικόλαος Τρουλινός]], Έλληνας πολιτικός\n*[[1952]] - [[Φλέτσερ Χέντερσον]], Αμερικανός πιανίστας, συνθέτης και διευθυντής ορχήστρας\n*[[1966]] - [[Γιώργος Μόσχος]], Έλληνας καλαθοσφαιριστής\n*[[1969]] - [[Πότης Τσιμπιδάρος]], Έλληνας δημοσιογράφος και πολιτικός\n*[[1972]] - [[Χρυσόστομος Παπασαραντόπουλος]], Έλληνας ιεραπόστολος\n*[[1986]] - [[Χάρολντ Μακμίλαν]], Άγγλος πολιτικός\n*[[1986]] - [[Αντρέι Ταρκόφσκι]], Ρώσος σκηνοθέτης\n*[[1993]] - [[Λόενγκριν Φιλιπέλλο]], Ελβετός τηλεπαρουσιαστής \n*[[1996]] - [[Στρατής Παπαστρατής]], Έλληνας πολιτικός\n*[[2004]] - [[Τζούλιους Άξελροντ]], Αμερικανός βιοχημικός\n*[[2006]] - [[Μάριος Πλωρίτης]], Έλληνας συγγραφέας και δημοσιογράφος\n*[[2011]] - [[Νικόλαος Σταύρου]], Έλληνας συγγραφέας\n*[[2018]] - [[Μαριάννα Τόλη]], Ελληνίδα ηθοποιός και τραγουδίστρια\n*[[2022]] -[[Πελέ]] ,Βραζιλιάνος ποδοσφαιριστής\n\n== Αργίες και εορτές ==\n\n* Παγκόσμια Ημέρα [[Βιοποικιλότητας]].\n\n=== [[Ορθόδοξη Εκκλησία]] ===\n{{Πύλη:Ορθοδοξία/Εορτολόγιο/29 Δεκεμβρίου}}\n{{commonscat|29 December}}\n== Βλέπε επίσης ==\n[[29 Νοεμβρίου]] - [[29 Ιανουαρίου]]\n{{Μήνες}}\n\n[[Κατηγορία:Ημέρες του έτους]]"}}}]}]}}