{"batchcomplete":true,"query":{"normalized":[{"fromencoded":false,"from":"29_Ιουνίου","to":"29 Ιουνίου"}],"pages":[{"pageid":1954,"ns":0,"title":"29 Ιουνίου","revisions":[{"slots":{"main":{"contentmodel":"wikitext","contentformat":"text/x-wiki","content":"{{Μήνες Ιουνίου}}\n\n<center>| '''29 Ιουνίου''' | </center>\n\n----\nΗ '''29η Ιουνίου''' είναι η 180η ημέρα του έτους κατά το [[Γρηγοριανό ημερολόγιο]] (181η σε δίσεκτα έτη). Υπολείπονται 185 ημέρες.\n\n\n{{ΗμερολόγιοΣεΠίνακα|6}}\n\n== Γεγονότα ==\n*[[1149]] - Ο [[Ραϋμόνδος της Αντιόχειας]] σκοτώνεται στη μάχη του Ινάμπ, όταν ηττάται από τον [[Νουρεντίν Ζενγκί]].\n*[[1194]] - Ο [[Σβερ της Νορβηγίας|Σβερ]] στέφεται [[Κατάλογος μοναρχών της Νορβηγίας|βασιλιάς της Νορβηγίας]].\n*[[1534]] - Ο [[Ζακ Καρτιέ]] είναι ο πρώτος [[Ευρώπη|Ευρωπαίος]] που φτάνει στη [[Νήσος του Πρίγκιπα Εδουάρδου|Νήσο του Πρίγκιπα Εδουάρδου]].\n*[[1613]] - Καταστρέφεται ολοσχερώς από πυρκαγιά το θέατρο Γκλομπ στο [[Λονδίνο]].\n*[[1644]] - Ο [[Κάρολος Α΄ της Αγγλίας]] νικά ένα κοινοβουλευτικό απόσπασμα στη μάχη του Κρόπρεντι Μπριτζ. \n*[[1850]] - Το [[Οικουμενικό πατριαρχείο Κωνσταντινουπόλεως]] χορηγεί [[αυτοκεφαλία]] στην [[Εκκλησία της Ελλάδος]].\n*[[1874]] - Ο [[Έλληνες|Έλληνας]] πολιτικός [[Χαρίλαος Τρικούπης]] δημοσιεύει στην [[Αθήνα|αθηναϊκή]] εφημερίδα ''[[Καιροί (εφημερίδα)|Καιροί]]'' ένα άρθρο με τίτλο «Τις πταίει», στο οποίο καταφέρεται εναντίον του βασιλιά [[Γεώργιος Α΄ της Ελλάδας|Γεωργίου Α΄ της Ελλάδας]]. \n*[[1880]] - Η [[Γαλλία]] προσαρτά την [[Ταϊτή]].\n*[[1913]] - [[Β΄ Βαλκανικός Πόλεμος]]: Η Απελευθέρωση των [[Σέρρες|Σερρών]].\n*[[1967]] - Σε μια μεγαλοπρεπή τελετή βαφτίζεται ο [[Παύλος, πρώην Διάδοχος της Ελλάδας|διάδοχος Παύλος]]. Μεταφέρθηκε νερό από τον [[Ιορδάνης ποταμός|ποταμό Ιορδάνη]].\n*[[1975]] - Ο [[Στήβεν Βόζνιακ]] δοκιμάζει το πρωτότυπο του υπολογιστή [[Apple I]].\n*[[1976]] - Οι [[Σεϋχέλλες]] αποκτούν την ανεξαρτησία τους από το [[Ηνωμένο Βασίλειο]].\n*[[1993]] Ξεκινάνε οι υπηρεσίες κινητής τηλεφωνίας στην Ελλάδα από την εταιρεία Telestet (νυν [[NOVA]]).\n*[[1995]] - Το [[Διαστημικό Λεωφορείο Ατλαντίς]] συνδέεται για πρώτη φορά με τον [[Ρωσία|ρωσικό]] διαστημικό σταθμό [[Μιρ]].\n* [[1996]] - Ο [[Νετσμετίν Ερμπακάν]] γίνεται πρωθυπουργός της Τουρκίας.\n* [[2002]] - Συλλαμβάνεται έπειτα από έκρηξη στον Πειραιά ο Σάββας Ξηρός. Αφετηρία για την εξάρθρωση της τρομοκρατικής οργάνωσης «[[17 Νοέμβρη]]».\n\n== Γεννήσεις ==\n*[[1326]] - [[Μουράτ Α΄]], Οθωμανός σουλτάνος\n*[[1398]] - [[Ιωάννης Β΄ της Αραγωνίας|Ιωάννης Β΄]], βασιλιάς της Αραγωνίας\n*[[1521]] - [[Ιωάννης Β΄ του Σλέσβιχ-Χόλσταϊν-Χάντερσλεβ|Ιωάννης Β΄]], δούκας του Σλέσβιχ-Χόλσταϊν-Χάντ<ref>{{Cite book|title=Field notes (Gjon C. Hazard), Canada, 1994|first=Gjon|last=Hazard|last2=Smithsonian Migratory Bird Center|publisher=[s.n.]|date=1994|url=http://dx.doi.org/10.5962/bhl.title.152176}}</ref>ερσλεβ\n*[[1528]] - [[Ιούλιος του Βολφενμπύτελ|Ιούλιος]], πρίγκιπας του Βολφενμπύτελ\n*[[1784]] - [[Αλέξανδρος Αγουάδο]], Ισπανός τραπεζίτης\n*[[1798]] - [[Τζάκομο Λεοπάρντι]], Ιταλός ποιητής\n*[[1858]] - [[Τζορτζ Ουάσινγκτον Γκέταλς]], Αμερικανός στρατιωτικός και μηχανικός\n*[[1868]] - [[Τζορτζ Χέιλ]], Αμερικανός αστρονόμος\n*[[1882]] - [[Φραντς Ζέλτε]], Γερμανός πολιτικός των Ναζί\n*[[1886]] - [[Ρομπέρ Σουμάν]], Γάλλος πολιτικός\n*[[1900]] - [[Αντουάν ντε Σαιντ-Εξυπερύ]], Γάλλος συγγραφέας\n*[[1925]] - [[Τζόρτζιο Ναπολιτάνο]], Ιταλός πολιτικός\n*[[1929]] - [[Οριάνα Φαλάτσι]], Ιταλίδα δημοσιογράφος και συγγραφέας\n*[[1932]] - [[Μιχάλης Μενιδιάτης]], Έλληνας τραγουδιστής\n*[[1941]] - [[Στόουκλι Καρμάικλ]], ακτιβιστής από το Τρινιντάντ και Τομπάγκο\n*[[1941]] - [[Γιάννης Πουλόπουλος]], Έλληνας τραγουδιστής\n*[[1948]] - [[Ίαν Πέις]], Άγγλος μουσικός ([[Deep Purple]] και [[Paice, Ashton & Lord]]) \n*[[1951]] - [[Ντον Ρόσα]], Αμερικανός συγγραφέας και εικονογράφος\n*[[1953]] - [[Μητροπολίτης Τσεχίας και Σλοβακίας Χριστοφόρος]]\n*[[1957]] - [[Κουρμπανγκουλί Μπερντιμουχαμέντοφ]], πρόεδρος του Τουρκμενιστάν\n*[[1958]] - [[Ντίτερ Άλτχαους]], Γερμανός πολιτικός\n*[[1961]] - [[Βασίλης Τερλέγκας]], Έλληνας τραγουδιστής \n*[[1965]] - [[Παναγιώτης Καρατζάς (Καλαθοσφαιριστής)|Παναγιώτης Καρατζάς]], Έλληνας καλαθοσφαιριστής\n*[[1966]] - [[Άννα Κουρή]], Ελληνίδα ηθοποιός \n*[[1969]] - [[Παύλος Δερμιτζάκης]], Έλληνας ποδοσφαιριστής και προπονητής\n*[[1972]] - [[DJ Shadow]], Αμερικανός τραγουδοποιός και παραγωγός\n*[[1972]] - [[Σαμάνθα Σμιθ]], Αμερικανίδα ακτιβίστρια\n*[[1977]] - [[Σωτήρης Λυμπερόπουλος]], Έλληνας ποδοσφαιριστής\n*[[1978]] - [[Νικόλ Σέρζινγκερ]], Αμερικανίδα τραγουδίστρια ([[Pussycat Dolls]])\n*[[1981]] - [[Νίνο]], Έλληνας τραγουδιστής\n*[[1988]] - [[Έβερ Μπανέγα]], Αργεντινός ποδοσφαιριστής\n*[[1998]] - [[Gjon's Tears]], Ελβετός τραγουδιστής και τραγουδοποίος\n\n== Θάνατοι ==\n*[[1149]] - [[Ραϋμόνδος της Αντιόχειας|Ραϋμόνδος]], πρίγκιπας της Αντιόχειας\n*[[1174]] - [[Αντρέι Μπογκολιούμπσκι]], πρίγκιπας του Βλαντίμιρ\n*[[1252]] - [[Άβελ της Δανίας|Άβελ]], βασιλιάς της Δανίας\n*[[1466]] - [[Πέτρος Ε΄ της Αραγωνίας]], ινφάντης της Πορτογαλίας\n*[[1509]] - [[Μαργαρίτα Μπωφόρ]], κόμισσα του Ρίτσμοντ \n*[[1520]] - [[Μοντεζούμα Β΄]], αυτοκράτορας των Αζτέκων\n*[[1536]] - [[Βερνάρδος Γ΄ της Βάδης|Βερνάρδος Γ΄]], μάργραβος του Μπάντεν-Μπάντεν\n*[[1744]] - [[Αντρέ Καμπρά]], Γάλλος συνθέτης\n*[[1831]] - [[Χάινριχ Φρίντριχ Καρλ φομ Στάιν]], Πρώσος πολιτικός\n*[[1840]] - [[Λυσιέν Βοναπάρτης]], Γάλλος πρίγκιπας\n*[[1852]] - [[Χένρι Κλέι]], Αμερικανός πολιτικός\n*[[1861]] - [[Ελίζαμπεθ Μπάρετ Μπράουνινγκ]], Αγγλίδα ποιήτρια\n*[[1875]] - [[Φερδινάνδος Α΄ της Αυστρίας|Φερδινάνδος Α΄]], αυτοκράτορας της Αυστρίας\n*[[1895]] - [[Τόμας Χάξλεϋ]], Άγγλος βιολόγος\n*[[1907]] - [[Κωνσταντίνος Βολανάκης]], Έλληνας ζωγράφος\n*[[1925]] - [[Κρίστιαν Μίκελσεν]], Νορβηγός πολιτικός\n*[[1940]] - [[Πάουλ Κλέε]], Ελβετός ζωγράφος\n*[[1941]] - [[Ιγκνάτσι Γιαν Παντερέφσκι]], Πολωνός πολιτικός\n*[[1951]] - [[Αιμίλιος Βεάκης]], Έλληνας ηθοποιός\n*[[1951]] - [[Κωνσταντίνος Ζαβιτσιάνος]], Έλληνας πολιτικός\n*[[1967]] - [[Τζέιν Μάνσφιλντ]], Αμερικανίδα ηθοποιός\n*[[1982]] - [[Πιερ Μπαλμέν]], Γάλλος σχεδιαστής μόδας\n*[[1992]] - [[Γεώργιος Μαρκόπουλος]], Έλληνας πολιτικός\n*[[1992]] - [[Μοχάμεντ Μπουντιάφ]], Αλγερινός πολιτικός\n*[[1993]] - [[Έκτορ Λαβό]], Πορτορικανός τραγουδιστής\n*[[2000]] - [[Βιτόριο Γκάσμαν]], Ιταλός ηθοποιός\n*[[2003]] - [[Κάθριν Χέπμπορν]], Αμερικανίδα ηθοποιός\n*[[2007]] - [[Έντουαρντ Γιανγκ]], Κινέζος σκηνοθέτης\n*[[2008]] - [[Δημοσθένης Παπαδόπουλος]], Έλληνας πολιτικός\n*[[2014]] - [[Χαράλαμπος Δαμιανίδης]], Έλληνας πολιτικός\n\n== Αργίες και εορτές ==\n\n=== [[Ορθόδοξη Εκκλησία]] ===\n{{Πύλη:Ορθοδοξία/Εορτολόγιο/29 Ιουνίου}}\n\n==Παραπομπές==\n<references />\n\n\n{{Μήνες}}\n\n[[Κατηγορία:Ημέρες του έτους]]"}}}]}]}}