{"batchcomplete":true,"query":{"normalized":[{"fromencoded":false,"from":"29_Απριλίου","to":"29 Απριλίου"}],"pages":[{"pageid":1750,"ns":0,"title":"29 Απριλίου","revisions":[{"slots":{"main":{"contentmodel":"wikitext","contentformat":"text/x-wiki","content":"{{χωρίς παραπομπές|05|02|2020}}\n\n{{Μήνες Απριλίου}}\n<center>[[28 Απριλίου]] | '''29 Απριλίου''' | [[30 Απριλίου]]</center>\n\n----\nΗ '''29η Απριλίου''' είναι η 119η ημέρα του έτους (120η σε δίσεκτα έτη) κατά το [[Γρηγοριανό ημερολόγιο]]. Υπολείπονται 246 ημέρες.\n\n{{ΗμερολόγιοΣεΠίνακα|4}}\n\n== Γεγονότα ==\n*[[1091]] - Ο [[Κατάλογος Βυζαντινών αυτοκρατόρων|Βυζαντινός αυτοκράτορας]] [[Αλέξιος Α΄ Κομνηνός]] νικά τους [[Πετσενέγοι|Πετσενέγους]] στη [[μάχη του Λεβουνίου]].\n*[[1386]] - Το πριγκιπάτο του [[Σμολένσκ]] γίνεται υποτελές του [[Μεγάλο Δουκάτο της Λιθουανίας|Μεγάλου Δουκάτου της Λιθουανίας]].\n*[[1429]] - Η [[Ιωάννα της Λωραίνης]] φθάνει στην [[Ορλεάνη]] για να την ελευθερώσει από την [[Πολιορκία της Ορλεάνης|πολιορκία των Άγγλων]].\n*[[1483]] - Το [[Βασίλειο της Καστίλης]] κατακτά τη [[Γκραν Κανάρια]] των [[Κανάριες Νήσοι|Καναρίων Νήσων]].\n*[[1521]] - Τα [[Σουηδία|σουηδικά]] στρατεύματα υπό τον [[Γουσταύος Α΄ της Σουηδίας|Γουσταύο Βάσα]] νικούν τις [[Δανία|δανικές]] δυνάμεις στο [[Βεστερός]] και σύντομα καταλαμβάνουν την πόλη. Ωστόσο, το κατεχόμενο από τους Δανούς κάστρο δεν παραδίδεται στους Σουηδούς παρά στις [[31 Ιανουαρίου]] του επόμενου έτους, μετά από πολιορκία εννέα μηνών.\n*[[1781]] - [[Αμερικανική Επανάσταση]]: [[Μεγάλη Βρετανία|βρετανικά]] και [[Γαλλία|γαλλικά]] πλοία συγκρούονται έξω από τις ακτές της [[Μαρτινίκα|Μαρτινίκας]].\n*[[1861]] - [[Αμερικανικός Εμφύλιος Πόλεμος]]: η Βουλή των Αντιπροσώπων του [[Μέριλαντ]] ψηφίζει υπέρ της μη αποχώρησης από την [[Ένωση (Αμερικανικός Εμφύλιος Πόλεμος)|Ένωση]].\n*[[1862]] - [[Αμερικανικός Εμφύλιος Πόλεμος]]: η [[Νέα Ορλεάνη]] πέφτει στις δυνάμεις της [[Ένωση (Αμερικανικός Εμφύλιος Πόλεμος)|Ένωσης]] υπό τον [[Ναύαρχος|ναύαρχο]] Ντέιβιντ Φάραγκατ.\n*[[1882]] - Ο [[Βέρνερ φον Ζίμενς]] δοκιμάζει στο [[Βερολίνο]] το Ελέκτρομοουτ, πρόδρομο του [[τρόλεϊ]].\n*[[1916]] - [[Α΄ Παγκόσμιος Πόλεμος]]: Η [[Μεγάλη Βρετανία|βρετανική]] 6η Ινδική Μεραρχία παραδίδεται στις [[Οθωμανική Αυτοκρατορία|οθωμανικές]] δυνάμεις κατά την πολιορκία του  Κουτ-ελ-Αμάρα σε μία από τις μεγαλύτερες παραδόσεις βρετανικών δυνάμεων μέχρι τότε.\n*[[1916]] - Εξέγερση του Πάσχα: Αίρεται ο [[στρατιωτικός νόμος]] στην [[Ιρλανδία]] και η εξέγερση λήγει επίσημα με την παράδοση των Ιρλανδών εθνικιστών στις [[Μεγάλη Βρετανία|βρετανικές]] αρχές στο [[Δουβλίνο]].\n*[[1945]] - [[Β΄ Παγκόσμιος Πόλεμος]]: ο [[Αδόλφος Χίτλερ]] παντρεύεται την επί χρόνια σύντροφό του, [[Εύα Μπράουν]], σε ένα [[Καταφύγιο του Χίτλερ|καταφύγιο]] στο [[Βερολίνο]] και ορίζει ως διάδοχό του τον [[Ναύαρχος|ναύαρχο]] [[Καρλ Νταίνιτς]]. Ο Χίτλερ και η Μπράουν αυτοκτονούν την επόμενη ημέρα.   \n*[[1945]] - Τα [[Ηνωμένες Πολιτείες Αμερικής|αμερικανικά]] στρατεύματα απελευθερώνουν το [[στρατόπεδο συγκέντρωσης Νταχάου]]. \n*[[1970]] - [[Πόλεμος του Βιετνάμ]]: Οι [[Ηνωμένες Πολιτείες Αμερικής|αμερικανικές]] και οι νοτιοβιετναμέζικες δυνάμεις εισβάλλουν στην [[Καμπότζη]] για να κυνηγήσουν τους [[Βιετκόνγκ]].\n* [[2005]] - Ολοκληρώνεται η αποχώρηση των στρατευμάτων της [[Συρία]]ς από το [[Λίβανος|Λίβανο]], μετά από 29 χρόνια κατοχής.\n\n== Γεννήσεις ==\n*[[1519]] - [[Τιντορέττο]], Ιταλός ζωγράφος\n*[[1553]] - [[Αλβέρτος Φρειδερίκος της Πρωσίας|Αλβέρτος Φρειδερίκος]], δούκας της Πρωσίας\n*[[1785]] - [[Καρλ φον Ντράις]], Γερμανός εφευρέτης\n*[[1818]] - [[Αλέξανδρος Β΄ της Ρωσίας|Αλέξανδρος Β΄]], τσάρος της Ρωσίας\n*[[1854]] - [[Ανρί Πουανκαρέ]], Γάλλος μαθηματικός και φυσικός\n*[[1854]] - [[Πάβελ φον Ρένενκαμπφ]], Ρώσος στρατιωτικός\n*[[1863]] - [[Κωνσταντίνος Καβάφης]], Έλληνας ποιητής\n*[[1874]] - [[Νικόλαος Επισκοπόπουλος]], Έλληνας συγγραφέας\n*[[1879]] - [[Τόμας Μπίτσαμ]], Άγγλος διευθυντής ορχήστρας\n*[[1885]] - [[Φρανκ Φλέτσερ]], Αμερικανός ναύαρχος\n*[[1899]] - [[Ντιουκ Έλινγκτον]], Αμερικανός συνθέτης και πιανίστας\n*[[1901]] - [[Χιροχίτο]], αυτοκράτορας της Ιαπωνίας\n*[[1907]] - [[Φρεντ Τσίνεμαν]], Αυστριακός σκηνοθέτης\n*[[1917]] - [[Σελέστ Χολμ]], Αμερικανίδα ηθοποιός\n*[[1925]] - [[Τζον Κόμπτον]], πρωθυπουργός της Αγίας Λουκίας\n*[[1929]] - [[Βάλτερ Κεμπόβσκι]], Γερμανός συγγραφέας\n*[[1930]] - [[Ζαν Ροσφόρ]], Γάλλος ηθοποιός\n*[[1934]] - [[Πέντρο Πίρες]], πρόεδρος του Πράσινου Ακρωτηρίου\n*[[1936]] - [[Γρηγόρης Γιάνναρος]], Έλληνας πολιτικός\n*[[1936]] - [[Ζούμπιν Μέτα]], Ινδός διευθυντής ορχήστρας\n*[[1940]] - [[Μητροπολίτης Τάλιν και πάσης Εσθονίας Στέφανος]]\n*[[1943]] - [[Γιάννης Καλατζής]], Έλληνας τραγουδιστής\n*[[1943]] - [[Ίαν Κέρσοου]], Άγγλος ιστορικός\n*[[1943]] - [[Ιλκέρ Μπασμπούγ]], Τούρκος στρατιωτικός\n*[[1947]] - [[Τζιμ Ράιαν]], Αμερικανός αθλητής και πολιτικός\n*[[1957]] - [[Ντάνιελ Ντέι-Λιούις]], Άγγλος ηθοποιός\n*[[1957]] - [[Σοφία Σακοράφα]], Ελληνίδα ακοντίστρια και πολιτικός\n*[[1958]] - [[Μισέλ Φάιφερ]], Αμερικανίδα ηθοποιός\n*[[1968]] - [[Κολίντα Γκράμπαρ-Κιτάροβιτς]], πολιτικός από την Κροατία\n*[[1970]] - [[Αντρέ Αγκάσι]], Αμερικανός αντισφαιριστής\n*[[1970]] - [[Ούμα Θέρμαν]], Αμερικανίδα ηθοποιός\n*[[1974]] - [[Anggun]], Ινδονήσια τραγουδίστρια\n*[[1977]] - [[Τάιτους Ο' Νιλ]], Αμερικανός παλαιστής\n*[[1978]] - [[Μπομπ Μπράιαν]], Αμερικανός αντισφαιριστής\n*[[1984]] - [[Βασίλης Ξανθόπουλος (καλαθοσφαιριστής)|Βασίλης Ξανθόπουλος]], Έλληνας καλαθοσφαιριστής\n*[[2007]] - [[Ινφάντα Σοφία της Ισπανίας]]\n\n== Θάνατοι ==\n*[[926]] - [[Μπούρχαρτ Β΄ της Σουαβίας|Μπούρχαρτ Β΄]], δούκας της Σουαβίας\n*[[1417]] - [[Λουδοβίκος Β΄ του Ανζού]], βασιλιάς της Νάπολης\n*[[1857]] - [[Σαρλ Λουσιέν Βοναπάρτης]], Γάλλος φυσιοδίφης και ορνιθολόγος\n*[[1930]] - [[Μαρία Πολυδούρη]], Ελληνίδα ποιήτρια\n*[[1933]] - [[Κωνσταντίνος Καβάφης]], Έλληνας ποιητής\n*[[1935]] - [[Λιρόι Καρ]], Αμερικανός τραγουδοποιός\n*[[1951]] - [[Λούντβιχ Βίτγκενσταϊν]], Αυστριακός φιλόσοφος\n*[[1956]] - [[Βίλχελμ Ρίττερ φον Λέεμπ]], Γερμανός στρατάρχης\n*[[1959]] - [[Κέννεθ Άρθουρ Άντερσον]], Βρετανός στρατηγός\n*[[1961]] - [[Γιάννης Κορδάτος]], Έλληνας κοινωνιολόγος\n*[[1967]] - [[J. B. Lenoir]], Αμερικανός τραγουδοποιός\n*[[1971]] - [[Χρυσός Ευελπίδης]], Έλληνας γεωπόνος και πολιτικός\n*[[1977]] - [[Αναστάσιος Δ. Φράγκος]], Έλληνας πολιτικός\n*[[1980]] - [[Άλφρεντ Χίτσκοκ]], Άγγλος σκηνοθέτης\n*[[1998]] - [[Αρχέλαος Αντώναρος]], Έλληνας γελοιογράφος\n*[[2006]] - [[Τζον Κένεθ Γκάλμπρεϊθ]], Καναδός οικονομολόγος\n*[[2008]] - [[Άλμπερτ Χόφμαν]], Ελβετός χημικός\n*[[2009]] - [[Λεωνίδας Χρηστάκης]], Έλληνας συγγραφέας\n*[[2012]] - [[Γιώργος Δ. Παππάς]], Έλληνας πολιτικός\n*[[2013]] - [[Αντώνης Αντάπασης]], Έλληνας νομικός\n*[[2013]] - [[Ανδρέας Ντούζος]], Έλληνας ηθοποιός\n*[[2014]] - [[Μπομπ Χόσκινς]], Άγγλος ηθοποιός\n\n== Αργίες και γιορτές ==\n* Παγκόσμια ημέρα χορού ([[UNESCO]])\n* Εθνική αργία στην [[Ιαπωνία]]\n\n=== [[Ορθόδοξη Εκκλησία]] ===\n{{Πύλη:Ορθοδοξία/Εορτολόγιο/29 Απριλίου}}\n\n{{Μήνες}}\n[[Κατηγορία:Ημέρες του έτους]]"}}}]}]}}