{"batchcomplete":true,"query":{"normalized":[{"fromencoded":false,"from":"29_Ιανουαρίου","to":"29 Ιανουαρίου"}],"pages":[{"pageid":1155,"ns":0,"title":"29 Ιανουαρίου","revisions":[{"slots":{"main":{"contentmodel":"wikitext","contentformat":"text/x-wiki","content":"{{5μήνες|μ=1}}\n\n<center>[[28 Ιανουαρίου]] | '''29 Ιανουαρίου''' | [[30 Ιανουαρίου]]</center>\n\n----\nΗ '''29η Ιανουαρίου''' είναι η 29η ημέρα του έτους κατά το [[Γρηγοριανό ημερολόγιο]]. Υπολείπονται 336 ημέρες (337 σε δίσεκτα έτη).\n\n{|width=100%\n| __TOC__\n| {{ΗμερολόγιοΣεΠίνακα|1}}\n|}\n\n== Γεγονότα ==\n*[[757]] - Ο Αν Λουσάν, ηγέτης εξέγερσης εναντίον της [[Δυναστεία Τανγκ|δυναστείας Τανγκ]], δολοφονείται από το γιο του.\n*[[904]] - Ο [[Πάπας Σέργιος Γ΄|Σέργιος Γ΄]] γίνεται [[Πάπας]] στη θέση του έκπτωτου [[Αντίπαπας|Αντίπαπα]] Χριστόφορου. \n*[[1819]] - Ο Στάμφορντ Ραφλς αποβιβάζεται στη [[Σιγκαπούρη]].\n*[[1845]] - Δημοσιεύεται το ποίημα ''[[Το Κοράκι]]'' του [[Έντγκαρ Άλλαν Πόε]].\n*[[1850]] - Ο [[Χένρι Κλέι]] προτείνει τη Συμφωνία του 1850 στο [[Κογκρέσο των Ηνωμένων Πολιτειών]].\n*[[1861]] - Το [[Κάνσας]] γίνεται η 34η [[Πολιτείες των ΗΠΑ|πολιτεία των Η.Π.Α.]]\n*[[1886]] - Ο [[Καρλ Μπεντς]] λαμβάνει δίπλωμα ευρεσιτεχνίας για το πρώτο αυτοκίνητο που κινείται με [[βενζίνη]].\n*[[1907]] - Ο Τσαρλς Κέρτις από το [[Κάνσας]] γίνεται ο πρώτος ιθαγενής [[Ηνωμένες Πολιτείες Αμερικής|Αμερικανός]] που εκλέγεται [[Γερουσία (ΗΠΑ)|γερουσιαστής]]. \n*[[1916]] - [[Α΄ Παγκόσμιος Πόλεμος]]: Το [[Παρίσι]] βομβαρδίζεται για πρώτη φορά από [[Γερμανία|γερμανικά]] [[Αερόπλοιο|αερόπλοια]].\n*[[1940]] - Τρία τρένα συγκρούονται και εκρήγνυνται στην [[Οσάκα]] της [[Ιαπωνία]]ς. Σκοτώνονται 189 άτομα.\n*[[1941]] - Ο [[Αλέξανδρος Κορυζής]] γίνεται [[Κατάλογος Πρωθυπουργών της Ελλάδας|πρωθυπουργός της Ελλάδας]] μετά τον ξαφνικό θάνατο του προκατόχου του, δικτάτορα [[Ιωάννης Μεταξάς|Ιωάννη Μεταξά]].\n*[[1967]] - Στην κορύφωση της εποχής των [[χίπις]], λαμβάνει χώρα στο [[Σαν Φρανσίσκο]] το Mantra-Rock Dance, με τη συμμετοχή της [[Τζάνις Τζόπλιν]], των Grateful Dead και του [[Άλλεν Γκίνσμπεργκ]].\n*[[1989]] - Η [[Ουγγαρία]] γίνεται η πρώτη χώρα του [[Ανατολικό μπλοκ|ανατολικού μπλοκ]] που συνάπτει διπλωματικές σχέσεις με τη [[Νότια Κορέα]].  \n* [[1996]] - Ο πρόεδρος [[Ζακ Σιράκ]] ανακοινώνει τον οριστικό τερματισμό των γαλλικών [[πυρηνική δοκιμή|πυρηνικών δοκιμών]]. \n* [[2002]] - Στην ετήσια προεδρική ομιλία, ο Πρόεδρος των [[Ηνωμένες Πολιτείες|Ηνωμένων Πολιτειών]] [[Τζωρτζ Μπους (νεότερος)|Τζωρτζ Μπους]] περιγράφει ''«καθεστώτα που στηρίζουν τον τρόμο»'' ως ''«[[Άξονας του Κακού|Άξονα του Κακού]]»''.\n\n== Γεννήσεις ==\n*[[1586]] - [[Λουδοβίκος Φρειδερίκος της Βυρτεμβέργης-Μονμπελιάρ|Λουδοβίκος Φρειδερίκος]], δούκας της Βυρτεμβέργης-Μονμπελιάρ\n*[[1749]] - [[Χριστιανός Ζ΄ της Δανίας|Χριστιανός Ζ΄]], βασιλιάς της Δανίας\n*[[1782]] - [[Ντανιέλ Φρανσουά Εσπρί Ωμπέρ]], Γάλλος συνθέτης\n*[[1843]] - [[Ουίλλιαμ ΜακΚίνλεϊ]], 25ος πρόεδρος των Η.Π.Α.\n*[[1850]] - [[Λόρενς Χάργκρεϊβ]], Αυστραλός μηχανικός\n*[[1860]] - [[Αντόν Τσέχωφ]], Ρώσος συγγραφέας\n*[[1866]] - [[Ρομαίν Ρολάν]], Γάλλος συγγραφέας\n*[[1873]] - [[Αμεδαίος Λουδοβίκος, Δούκας των Αβρουζίων]], Ιταλός ορειβάτης και εξερευνητής\n*[[1884]] - [[Γιούχαν Άαβικ]], Εσθονός συνθέτης\n*[[1891]] - [[Άρτσι Μάγιο]], Αμερικανός σκηνοθέτης\n*[[1909]] - [[Δημήτριος Καψάσκης]], Έλληνας ιατροδικαστής\n*[[1914]] - [[Μενέλαος Παλλάντιος]], Έλληνας συνθέτης\n*[[1933]] - [[Ουΐλιαμ Αλόνσο]], Αργεντινός οικονομολόγος\n*[[1939]] - [[Ζερμέν Γκρηρ]], Αυστραλή συγγραφέας\n*[[1941]] - [[Ρόμπιν Μόργκαν]], Αμερικανίδα συγγραφέας\n*[[1945]] - [[Αλέκα Κανελλίδου]], Ελληνίδα τραγουδίστρια\n*[[1947]] - [[Ντέιβιντ Μπάυρον]], Άγγλος τραγουδιστής ([[Uriah Heep]])\n*[[1951]] - [[Λουδοβίκος των Ανωγείων]], Έλληνας τραγουδοποιός\n*[[1954]] - [[Όπρα Γουίνφρεϊ]], Αμερικανίδα παρουσιάστρια και ηθοποιός\n*[[1960]] - [[Τζία Καράντζι]], Αμερικανίδα μοντέλο\n*[[1960]] - [[Τιγκράν Σαρκισιάν]], Αρμένιος πολιτικός\n*[[1963]] - [[Ισμαήλ Χανίγια]], Παλαιστίνιος πολιτικός\n*[[1966]] - [[Ρομάριο]], Βραζιλιάνος ποδοσφαιριστής\n*[[1977]] - [[Φερνάντο Νάβας]], Αργεντινός ποδοσφαιριστής\n*[[1985]] - [[Μαρκ Γκασόλ]], Ισπανός καλαθοσφαιριστής\n*[[1985]] - [[Αθηνά Ωνάση]], Γαλλίδα κληρονόμος του Αριστοτέλη Ωνάση\n\n== Θάνατοι ==\n*[[1119]] - [[Πάπας Γελάσιος Β΄]]\n*[[1465]] - [[Λουδοβίκος της Σαβοΐας|Λουδοβίκος]], δούκας της Σαβοΐας\n*[[1722]] - [[Καρλ Γκούσταφ Ρένσκιελντ]], Σουηδός στρατιωτικός\n*[[1820]] - [[Γεώργιος Γ΄ του Ηνωμένου Βασιλείου|Γεώργιος Γ΄]], βασιλιάς του Ηνωμένου Βασιλείου\n*[[1847]] - [[Παναγιώτης Σέκερης]], Έλληνας αγωνιστής\n*[[1888]] - [[Έντουαρντ Λίαρ]], Άγγλος καλλιτέχνης και συγγραφέας\n*[[1906]] - [[Χριστιανός Θ΄ της Δανίας|Χριστιανός Θ΄]], βασιλιάς της Δανίας\n*[[1909]] - [[Αλέξανδρος Α. Κοντόσταυλος]], Έλληνας πολιτικός\n*[[1918]] - [[Σπυρίδων Πάγκαλος]], Έλληνας γυμνασιάρχης και νομάρχης\n*[[1934]] - [[Φριτς Χάμπερ]], Γερμανός χημικός \n*[[1940]] - [[Τόμας Μπαλ Μπάρατ]], Άγγλος πάστορας\n*[[1941]] - [[Ιωάννης Μεταξάς]], Έλληνας στρατιωτικός και δικτάτορας\n*[[1945]] - [[Μίμης Βιτσώρης]], Έλληνας ζωγράφος\n*[[1945]] - [[Γουσταύος Φλάτοβ]], Γερμανός γυμναστής\n*[[1946]] - [[Χάρυ Χόπκινς]], Αμερικανός πολιτικός\n*[[1963]] - [[Ρόμπερτ Φροστ]], Αμερικανός ποιητής\n*[[1968]] - [[Τριαντάφυλλος Μιχαηλίδης]], Έλληνας πολιτικός\n*[[1969]] - [[Αλέξανδρος Λαδάς]], Έλληνας πολιτικός\n*[[1975]] - [[Ορέστης Μακρής]], Έλληνας ηθοποιός\n*[[1975]] - [[Διονύσιος Μανέντης]], Έλληνας πολιτικός\n*[[1992]] - [[Γουίλι Ντίξον]], Αμερικανός μουσικός\n*[[1993]] - [[Χρήστος Βακαλόπουλος]], Έλληνας σκηνοθέτης και συγγραφέας\n*[[2003]] - [[Αρίσταρχος Γκίλας]], Έλληνας πολιτικός\n*[[2005]] - [[Εφραίμ Κισόν]], Ισραηλινός συγγραφέας\n*[[2006]] - [[Γεώργιος Ψυχουντάκης]], Έλληνας αντιστασιακός\n*[[2016]] - [[Ζαν Μαρί Ντορέ]], πρωθυπουργός της Γουινέας\n*[[2023]] -[[Χέιζελ Μακκάλιον]]  Καναδός πολιτικός,\n\n== Αργίες και εορτές ==\n* {{GIB}} - Ημέρα του [[Σύνταγμα|Συντάγματος]]\n\n=== [[Ορθόδοξη Εκκλησία]] ===\n{{Commonscat|29 January}}\n\n{{Πύλη:Ορθοδοξία/Εορτολόγιο/29 Ιανουαρίου}}\n\n{{Μήνες}}\n\n[[Κατηγορία:Ημέρες του έτους]]"}}}]}]}}