{"batchcomplete":true,"query":{"normalized":[{"fromencoded":false,"from":"29_Νοεμβρίου","to":"29 Νοεμβρίου"}],"pages":[{"pageid":3583,"ns":0,"title":"29 Νοεμβρίου","revisions":[{"slots":{"main":{"contentmodel":"wikitext","contentformat":"text/x-wiki","content":"{{Μήνες Νοεμβρίου}}\n\n<center>[[28 Νοεμβρίου]] | '''29 Νοεμβρίου''' | [[30 Νοεμβρίου]]</center>\n\n----\nΗ '''29η Νοεμβρίου''' είναι η 333η ημέρα του έτους κατά το [[Γρηγοριανό ημερολόγιο]] (334η σε δίσεκτα έτη). Υπολείπονται 32 ημέρες.\n\n{{ΗμερολόγιοΣεΠίνακα|11}}\n\n== Γεγονότα ==\n*[[561]] - Ο βασιλιάς των [[Φράγκοι|Φράγκων]] [[Χλωτάριος Α΄]] πεθαίνει στο Κομπιέν. Η δυναστεία των [[Μεροβίγγειοι|Μεροβίγγειων]] συνεχίζεται από τους τέσσερις γιους του, [[Χαριβέρτος Α΄|Χαριβέρτο Α΄]], [[Γκούντραμ]], [[Σιγιβέρτος Α΄|Σιγιβέρτο Α΄]] και [[Χιλπέριχος Α΄|Χιλπέριχο Α΄]], οι οποίοι μοιράζονται το βασίλειο της [[Φραγκία|Φραγκίας]].\n*[[1549]] - Αρχίζει το [[παπικό κονκλάβιο]] του [[1549]]-[[1550]].\n*[[1729]] - Ινδιάνοι σφάζουν 138 [[Γαλλία|Γάλλους]], 35 Γαλλίδες και 56 παιδιά κοντά στο σημερινό Νάτσεζ στο [[Μισισίπι]].\n*[[1777]] - Ιδρύεται το [[Σαν Χοσέ (Καλιφόρνια)]] ως Πουέμπλο ντε Σαν Χοσέ ντε Γκουανταλούπε. Είναι ο πρώτος οικισμός πολιτών στην Άνω Καλιφόρνια.\n*[[1781]] - Το πλήρωμα του [[Μεγάλη Βρετανία|βρετανικού]] δουλεμπορικού πλοίου Ζονγκ [[Σφαγή του Ζονγκ|δολοφονεί 133 Αφρικανούς]] πετάγοντάς τους στη θάλασσα, για να διεκδικήσουν την [[Ασφάλεια (σύμβαση)|ασφάλεια]]. \n*[[1783]] - [[Σεισμός]] μεγέθους 5,3 Ρίχτερ χτυπά το [[Νιου Τζέρσεϊ]]. \n*[[1807]] - Μεταφορά της [[Πορτογαλία|πορτογαλικής]] αυλής στη [[Βραζιλία]]: Ο [[Ιωάννης ΣΤ΄ της Πορτογαλίας]] διαφεύγει από τη [[Λισαβόνα]] για να γλιτώσει από τις ναπολεόντειες δυνάμεις κατά τη διάρκεια του [[Πόλεμος της Ιβηρικής Χερσονήσου|πολέμου της Ιβηρικής Χερσονήσου]], μεταφέροντας την πορτογαλική αυλή στη Βραζιλία. \n*[[1830]] - Εξέγερση του Νοεμβρίου: Ξεσπάει στην [[Πολωνία]] ένοπλη εξέγερση κατά της κυριαρχίας της [[Ρωσία|Ρωσίας]].\n*[[1850]] - Η [[Πρωσία]] συνθηκολογεί στο [[Όλομουτς]] με την [[Αυστριακή Αυτοκρατορία]], η οποία θα αναλάβει την ηγεσία της [[Γερμανική Συνομοσπονδία|Γερμανικής Συνομοσπονδίας]].\n*[[1864]] - Σφαγή στο Σαντ Κρικ: [[Ηνωμένες Πολιτείες Αμερικής|Αμερικανοί]] εθελοντές σφάζουν άμαχους Ινδιάνους των φυλών [[Τσεγιέν (φυλή)|Τσεγιέν]] και [[Αραπάχο]] στο [[Κολοράντο]].\n*[[1877]] - Ο [[Τόμας Έντισον]] επιδεικνύει για πρώτη φορά το [[Φωνογράφος|φωνογράφο]].\n*[[1890]] - Τίθεται σε ισχύ το [[Σύνταγμα της Ιαπωνικής Αυτοκρατορίας]].\n*[[1908]] - Ιδρύεται ο [[Ποδόσφαιρο|ποδοσφαιρικός]] σύλλογος του [[Ηρακλής Θεσσαλονίκης (ποδόσφαιρο)|Ηρακλή]].\n*[[1944]] - [[Β΄ Παγκόσμιος Πόλεμος]]: Απελευθέρωση της [[Αλβανία]]ς. \n*[[1945]] - Ανακηρύσσεται η [[Σοσιαλιστική Ομοσπονδιακή Δημοκρατία της Γιουγκοσλαβίας]].\n*[[1947]] - Η [[Γενική Συνέλευση του Οργανισμού Ηνωμένων Εθνών]] εγκρίνει ένα σχέδιο για την κατάτμηση της [[Η Παλαιστίνη υπό Βρετανική Εντολή|Παλαιστίνης]].\n*[[1963]] - Ο [[Ηνωμένες Πολιτείες Αμερικής|Αμερικανός]] πρόεδρος [[Λύντον Τζόνσον]] δημιουργεί την επιτροπή Γουόρεν για να διερευνήσει τη [[δολοφονία του Τζον Φιτζέραλντ Κένεντι]].\n*[[1964]] - Κλίμα ανωμαλίας με αφορμή δολοφονική έκρηξη στο [[Γοργοπόταμος|Γοργοπόταμο]]. 13 νεκροί και 51 τραυματίες στον εορτασμό της 22ης επετείου της [[Μάχη του Γοργοποτάμου|ανατίναξης της γέφυρας]] από τις αντιστασιακές δυνάμεις. Το επίσημο πόρισμα ανέφερε πως επρόκειτο για παλιά νάρκη, ενώ τα κόμματα της αριστεράς ανέφεραν πως ήταν πολιτική συνωμοσία.\n*[[1967]] - [[Πόλεμος του Βιετνάμ]]: Ο [[Ηνωμένες Πολιτείες Αμερικής|Αμερικανός]] υπουργός Άμυνας [[Ρόμπερτ Μακναμάρα]] ανακοινώνει την παραίτησή του.\n*[[1970]] - Πανδαιμόνιο δημιουργείται στην [[πλατεία Συντάγματος]], εν όψει της πρώτης προβολής της ταινίας ''Γούντστοκ'' στον κινηματογράφο Παλλάς της [[Οδός Βουκουρεστίου|οδού Βουκουρεστίου]]. Πάνω από 3.000 νεαροί προσπαθούν με κάθε τρόπο να εξασφαλίσουν το πολυπόθητο εισιτήριο, ενώ σκηνές υστερίας εξελίσσονται κατά τη διάρκεια της προβολής, μέσα στην κινηματογραφική αίθουσα. Ακολουθεί επέμβαση της αστυνομίας με 13 συλλήψεις.\n\n== Γεννήσεις ==\n*[[1206]] - [[Μπέλα Δ΄ της Ουγγαρίας|Μπέλα Δ΄]], βασιλιάς της Ουγγαρίας\n*[[1293]] - [[Ματθίλδη του Αινώ]], πριγκίπισσα της Αχαΐας\n*[[1329]] - [[Ιωάννης Α΄ της Βαυαρίας|Ιωάννης Α΄]], δούκας της Βαυαρίας\n*[[1330]] - [[Λουδοβίκος Β΄, κόμης της Φλάνδρας]]\n*[[1338]] - [[Λάιονελ της Αμβέρσας]], δούκας του Κλάρενς\n*[[1797]] - [[Γκαετάνο Ντονιτσέττι]], Ιταλός συνθέτης\n*[[1802]] - [[Ιούλιος φον Έσσλιν]], Γερμανός τραπεζίτης\n*[[1803]] - [[Κρίστιαν Ντόπλερ]], Αυστριακός φυσικός\n*[[1825]] - [[Ζαν-Μαρτέν Σαρκό]], Γάλλος ιατρός\n*[[1832]] - [[Λουίζα Μέι Άλκοτ]], Αμερικανίδα συγγραφέας\n*[[1861]] - [[Σπυρίδων Σαμάρας]], Έλληνας συνθέτης\n*[[1898]] - [[Κλάιβ Στέιπλς Λιούις]], Βρετανός συγγραφέας\n*[[1899]] - [[Έμμα Μοράνο]], Ιταλίδα υπεραιωνόβια\n*[[1900]] - [[Μίλντρεντ Γκίλλαρς]], Αμερικανίδα εκφωνήτρια\n*[[1916]] - [[Σίντνεϊ Γκαν-Μάνρο]], πολιτικός από τον Άγιο Βικέντιο και Γρεναδίνες\n*[[1921]] - [[Σάββας Αγουρίδης]], Έλληνας θεολόγος\n*[[1926]] - [[Ανδρέας Μουράτης]], Έλληνας ποδοσφαιριστής\n*[[1930]] - [[Μαρίκα Μητσοτάκη]], Ελληνίδα σύζυγος του Κωνσταντίνου Μητσοτάκη\n*[[1931]] - [[Γιάννης Καραμπεσίνης]], Έλληνας συνθέτης\n*[[1932]] - [[Ζακ Σιράκ]], Γάλλος πολιτικός\n*[[1933]] - [[Τζέιμς Ρόζενκουιστ]], Αμερικανός καλλιτέχνης\n*[[1934]] - [[Νισεφόρ Σολιό]], πρόεδρος του Μπενίν\n*[[1939]] - [[Σάντρο Σαλβαντόρε]], Ιταλός ποδοσφαιριστής\n*[[1942]] - [[Τζιν Όκερλαντ]], Αμερικανός δημοσιογράφος\n*[[1947]] - [[Πέτρα Κέλλυ]], Γερμανίδα πολιτικός\n*[[1949]] - [[Ζεμπ Κόλτερ]], Αμερικανός παλαιστής και συγγραφέας\n*[[1949]] - [[Τζέρι Λόουλερ]], Αμερικανός παλαιστής\n*[[1954]] - [[Αδερφοί Κοέν|Τζόελ Κοέν]], Αμερικανός σκηνοθέτης\n*[[1958]] - [[Τζον Ντραμάνι Μαχάμα]], πρόεδρος της Γκάνας\n*[[1959]] - [[Ραμ Εμάνουελ]], Αμερικανός πολιτικός\n*[[1962]] - [[Ρόνι Τζόρνταν]], Άγγλος κιθαρίστας\n*[[1964]] - [[Ντον Τσιντλ]], Αμερικανός ηθοποιός\n*[[1965]] - [[Στάθης Αγγελόπουλος]], Έλληνας τραγουδιστής\n*[[1966]] - [[Τζον Λέιφιλντ]], Αμερικανός παλαιστής και σχολιαστής αγώνων\n*[[1973]] - [[Ράιαν Γκιγκς]], Ουαλός ποδοσφαιριστής\n*[[1975]] - [[Ανδρέας Ιωαννίδης]], Κύπριος ποδοσφαιριστής\n*[[1976]] - [[Μιχάλης Κακιούζης]], Έλληνας καλαθοσφαιριστής\n*[[1976]] - [[Τσάντγουικ Μπόουσμαν]], Αμερικανός ηθοποιός\n*[[1976]] - [[Άννα Φάρις]], Αμερικανίδα ηθοποιός\n*[[1978]] - [[Δημήτρης Κωνσταντόπουλος (ποδοσφαιριστής)|Δημήτρης Κωνσταντόπουλος]], Έλληνας ποδοσφαιριστής\n*[[1978]] - [[Κρίστιαν Ραούλ Λεδέσμα]], Αργεντινός ποδοσφαιριστής\n*[[1979]] - [[Game (ράπερ)|Game]], Αμερικανός ράπερ, παραγωγός και ηθοποιός\n*[[1980]] - [[Ηλίας Κασιδιάρης]], Έλληνας πολιτικός\n*[[1985]] - [[Ευαγγελία Αραβανή]], Ελληνίδα μοντέλο\n\n== Θάνατοι ==\n*[[561]] - [[Χλωτάριος Α΄]], βασιλιάς των Φράγκων\n*[[1268]] - [[Πάπας Κλήμης Δ΄]]\n*[[1314]] - [[Φίλιππος Δ΄ της Γαλλίας|Φίλιππος Δ΄]], βασιλιάς της Γαλλίας\n*[[1378]] - [[Κάρολος Δ΄ της Αγίας Ρωμαϊκής Αυτοκρατορίας|Κάρολος Δ΄]], αυτοκράτορας της Αγίας Ρωμαϊκής Αυτοκρατορίας\n*[[1463]] - [[Μαρία του Ανζού]], βασίλισσα της Γαλλίας\n*[[1543]] - [[Χανς Χόλμπαϊν ο νεότερος]], Γερμανός καλλιτέχνης\n*[[1630]] - [[Θεοδόσιος Β΄ της Μπραγκάνσα|Θεοδόσιος Β΄]], δούκας της Μπραγκάνσα\n*[[1632]] - [[Φρειδερίκος Ε΄ του Παλατινάτου|Φρειδερίκος Ε΄]], εκλέκτορας του Παλατινάτου\n*[[1643]] - [[Κλαούντιο Μοντεβέρντι]], Ιταλός συνθέτης\n*[[1694]] - [[Μαρτσέλο Μαλπίγκι]], Ιταλός ιατρός\n*[[1780]] - [[Μαρία Θηρεσία]], αυτοκράτειρα της Αγίας Ρωμαϊκής Αυτοκρατορίας\n*[[1872]] - [[Μαίρη Σόμερβιλ]], Αγγλίδα μαθηματικός, αστρονόμος και πολυμαθής\n*[[1873]] - [[Κλοντ Γκαι]], Γάλλος φυσιοδίφης και ιστορικός\n*[[1924]] - [[Τζάκομο Πουτσίνι]], Ιταλός συνθέτης\n*[[1938]] - [[Κορνήλιος Κοντρεάνου]], Ρουμάνος πολιτικός \n*[[1939]] - [[Φίλιπ Σάιντεμαν]], Γερμανός πολιτικός\n*[[1957]] - [[Έριχ Βόλφγκανγκ Κόρνγκολντ]], Αυστριακός συνθέτης\n*[[1986]] - [[Κάρι Γκραντ]], Άγγλος ηθοποιός\n*[[1996]] - [[Γιώργος Γεραλής]], Έλληνας ποιητής\n*[[2001]] - [[Τζωρτζ Χάρισον]], Άγγλος τραγουδοποιός και κιθαρίστας ([[The Beatles]])\n*[[2006]] - [[Χρήστος Τεγόπουλος (εκδότης)|Χρήστος Τεγόπουλος]], Έλληνας εκδότης\n*[[2007]] - [[Φρανσουά-Ξαβιέ Ορτολί]], Γάλλος πολιτικός\n*[[2010]] - [[Μάριο Μονιτσέλι]], Ιταλός σκηνοθέτης\n*[[2017]] - [[Σλόμπονταν Πράλιακ]], Κροάτης στρατηγός\n\n== Αργίες και εορτές ==\n* Παγκόσμια Ημέρα Αλληλεγγύης προς τον Παλαιστινιακό Λαό\n* Παγκόσμια Ημέρα Αγοραστικής Αποχής\n\n=== [[Ορθόδοξη Εκκλησία]] ===\n{{commonscat|29 November}}\n{{Πύλη:Ορθοδοξία/Εορτολόγιο/29 Νοεμβρίου}}\n\n{{Μήνες}}\n\n[[Κατηγορία:Ημέρες του έτους]]"}}}]}]}}