{"batchcomplete":true,"query":{"normalized":[{"fromencoded":false,"from":"29_Μαρτίου","to":"29 Μαρτίου"}],"pages":[{"pageid":1550,"ns":0,"title":"29 Μαρτίου","revisions":[{"slots":{"main":{"contentmodel":"wikitext","contentformat":"text/x-wiki","content":"{{χωρίς παραπομπές|05|02|2020}}\n\n{{Μήνες Μαρτίου}}\n\n<center>[[28 Μαρτίου]] | '''29 Μαρτίου''' | [[30 Μαρτίου]]</center>\n\n----\nΗ '''29η Μαρτίου''' είναι η 88η ημέρα του έτους κατά το [[Γρηγοριανό ημερολόγιο]]. Υπολείπονται 277 ημέρες.\n\n{{ΗμερολόγιοΣεΠίνακα|3}}\n\n== Γεγονότα ==\n*[[1430]] - [[Πολιορκία της Θεσσαλονίκης (1422–1430)]]: Οι [[Οθωμανική Αυτοκρατορία|Οθωμανοί]] υπό τον [[Μουράτ Β΄]] καταλαμβάνουν τη [[Θεσσαλονίκη]].\n*[[1461]] - [[Πόλεμος των Ρόδων]]: Ο βασιλιάς [[Εδουάρδος Δ΄ της Αγγλίας]] νικά τη [[Μαργαρίτα του Ανζού]] στη μάχη του Τάουτον.\n*[[1549]] - Ιδρύεται η πόλη [[Σαλβαδόρ (Βραζιλία)|Σαλβαδόρ]], η πρώτη πρωτεύουσα της [[Βραζιλία]]ς.\n*[[1632]] - Υπογράφεται η Συνθήκη του Σεν-Ζερμέν, με την οποία το [[Κεμπέκ (επαρχία)|Κεμπέκ]] τίθεται ξανά υπό [[Γαλλία|γαλλικό]] έλεγχο μετά την κατάληψή του από τους [[Αγγλία|Άγγλους]] το [[1629]].\n*[[1792]] - Ο βασιλιάς [[Γουσταύος Γ΄ της Σουηδίας]] πεθαίνει αφού πυροβολήθηκε στη Βασιλική Όπερα της [[Στοκχόλμη]]ς 13 ημέρες νωρίτερα. Τον διαδέχεται ο [[Γουσταύος Δ΄ Αδόλφος της Σουηδίας]].\n*[[1809]] - Ο βασιλιάς [[Γουσταύος Δ΄ Αδόλφος της Σουηδίας]] παραιτείται μετά από [[πραξικόπημα]].\n*[[1831]] - Οι [[Βοσνία και Ερζεγοβίνη|Βόσνιοι]] επαναστατούν εναντίον της [[Τουρκία]]ς.\n*[[1847]] - [[Αμερικανικό-Μεξικανικός πόλεμος]]: Οι δυνάμεις των [[Ηνωμένες Πολιτείες Αμερικής|Ηνωμένων Πολιτειών]] με επικεφαλής τον Γουίνφιλντ Σκοτ καταλαμβάνουν τη Βερακρούς μετά από πολιορκία.\n*[[1871]] - Εγκαινιάζεται από τη [[Βασίλισσα Βικτώρια]] το [[Royal Albert Hall]].\n*[[1936]] - Στη [[Ναζιστική Γερμανία]], ο [[Αδόλφος Χίτλερ]] λαμβάνει το 98,80% των ψήφων στο [[δημοψήφισμα]] για την επικύρωση της παράνομης επαναστρατιωτικοποίησης της Γερμανίας και της ανακατάληψης της [[Ρηνανία]]ς.\n*[[1962]] - Ο Αρτούρο Φροντίσι, πρόεδρος της [[Αργεντινή]]ς, ανατρέπεται με στρατιωτικό πραξικόπημα από τις ένοπλες δυνάμεις της χώρας.\n*[[1967]] - Η προσωρινή [[Κυβέρνηση Ιωάννη Παρασκευόπουλου 1966|κυβέρνηση Ιωάννη Παρασκευόπουλου]] παραιτείται ύστερα από την απόρριψη από την [[Εθνική Ριζοσπαστική Ένωσις|Ε.Ρ.Ε.]] αιτήματος της [[Ένωσις Κέντρου|Ένωσης Κέντρου]] να διατηρηθεί το προνόμιο της βουλευτικής ασυλίας και μετά τη διάλυση του κοινοβουλίου για τους εκ νέου υποψηφίους βουλευτές, με σκοπό να μην διωχθούν για την [[υπόθεση ΑΣΠΙΔΑ]] οι [[Ανδρέας Παπανδρέου]] και [[Παύλος Βαρδινογιάννης]].\n*[[1971]] - [[Σφαγή του Μι Λάι]]: Ο υπολοχαγός Γουίλιαμ Κάλεϋ καταδικάζεται σε ισόβια κάθειρξη για φόνο εκ προμελέτης. \n*[[1974]] - Ο [[Mariner 10]] της [[NASA]] γίνεται το πρώτο [[ρομποτικό διαστημόπλοιο]] που προσεγγίζει τον [[Ερμής (πλανήτης)|Ερμή]].\n*[[2002]] - Το [[Ισραήλ]] πραγματοποιεί επιχείρηση εναντίον [[Παλαιστίνιοι|Παλαιστινίων]] μαχητών, στη μεγαλύτερη στρατιωτική επιχείρηση στη [[Δυτική Όχθη]] από τον [[Πόλεμος των Έξι Ημερών|Πόλεμο των Έξι Ημερών]] το [[1967]].  \n* [[2004]] - Οι εξής χώρες του πρώην Ανατολικού Μπλοκ εισέρχονται στο [[ΝΑΤΟ]]: [[Βουλγαρία]], [[Εσθονία]], [[Λετονία]], [[Λιθουανία]], [[Ρουμανία]], [[Σλοβακία]], [[Σλοβενία]].\n* [[2006]] - Ο [[Ισμαήλ Χανίγια]], ανώτατος πολιτικός ηγέτης της [[Χαμάς]], αναλαμβάνει επίσημα Πρωθυπουργός της [[Κράτος της Παλαιστίνης|Παλαιστίνης]].\n\n== Γεννήσεις ==\n*[[1187]] - [[Αρθούρος Α΄ της Βρετάνης|Αρθούρος Α΄]], δούκας της Βρετάνης\n*[[1468]] - [[Κάρολος Α΄ της Σαβοΐας|Κάρολος Α΄]], δούκας της Σαβοΐας\n*[[1553]] - [[Βιτσέντζος Κορνάρος]], Έλληνας ποιητής\n*[[1629]] - [[Αλέξιος της Ρωσίας|Αλέξιος]], τσάρος της Ρωσίας\n*[[1769]] - [[Ζαν Σουλτ]], Γάλλος στρατάρχης\n\n*[[1788]] - [[Κάρολος των Βουρβόνων (1788-1855)|Κάρλος-Μαρία]] κόμης της Μολίνα, πρίγκιπας της Ισπανίας.\n*[[1790]] - [[Τζον Τάιλερ]], 10ος πρόεδρος των Η.Π.Α.\n*[[1848]] - [[Αλεξέι Κουροπάτκιν]], Ρώσος στρατηγός\n*[[1869]] - [[Καλούστ Γκιουλμπενκιάν]], Αρμένιος επιχειρηματίας\n*[[1869]] - [[Έντουιν Λάτυενς]], Άγγλος αρχιτέκτονας\n*[[1870]] - [[Παύλος Μελάς]], Έλληνας στρατιωτικός\n*[[1874]] - [[Ιωάννης Γεωργιάδης (ολυμπιονίκης)|Ιωάννης Γεωργιάδης]], Έλληνας ξιφομάχος\n*[[1876]] - [[Φρίντριχ Τράουν]], Γερμανός αθλητής\n*[[1889]] - [[Γουόρνερ Μπάξτερ]], Αμερικανός ηθοποιός\n*[[1899]] - [[Λαβρέντι Μπέρια]], Σοβιετικός πολιτικός\n*[[1902]] - [[Μαρσέλ Αιμέ]], Γάλλος συγγραφέας\n*[[1912]] - [[Χάνα Ράιτς]], Γερμανίδα πιλότος\n*[[1920]] - [[Πιέρ Μουανό]], Γάλλος συγγραφέας \n*[[1926]] - [[Κώστας Βίρβος]], Έλληνας στιχουργός \n*[[1929]] - [[Λέναρτ Μέρι]], Εσθονός πολιτικός\n*[[1930]] - [[Άνρουντ Τζάγκνοτ]], πρόεδρος του Μαυρίκιου\n*[[1937]] - [[Σμαρκ Μισέλ]], πρωθυπουργός της Αϊτής \n*[[1939]] - [[Τέρενς Χιλλ]], Ιταλός ηθοποιός\n*[[1943]] - [[Βαγγέλης Παπαθανασίου]], Έλληνας συνθέτης ([[Aphrodite's Child]])\n*[[1949]] - [[Πωλίν Μαρουά]], Καναδή πολιτικός\n*[[1950]] - [[Μόρι Καντέ]], τραγουδιστής από τη Γουινέα\n*[[1952]] - [[Τεόφιλο Στίβενσον]], Κουβανός πυγμάχος\n*[[1960]] - [[ Γιου Νέσμπε]], Νορβηγός συγγραφέας\n*[[1962]] - [[Νταν Μπίττμαν]], Ρουμάνος τραγουδιστής\n*[[1965]] - [[Βούλα Πατουλίδου]], Ελληνίδα αθλήτρια\n*[[1966]] - [[Κράσιμιρ Μπάλακοφ]], Βούλγαρος ποδοσφαιριστής\n*[[1966]] - [[Γερούν Ντάισελμπλουμ]], Ολλανδός πολιτικός\n*[[1967]] - [[Μισέλ Χαζαναβίσιους]], Γάλλος σκηνοθέτης και σεναριογράφος\n*[[1968]] - [[Λούσυ Λόουλες]], Νεοζηλανδή ηθοποιός\n*[[1974]] - [[Γιάννης Βαρδής]], Έλληνας τραγουδιστής\n*[[1982]] - [[Γιώτα Γρίβα]], Ελληνίδα τραγουδίστρια\n*[[1983]] - [[Στάθης Αλωνεύτης]], Κύπριος ποδοσφαιριστής\n*[[1984]] - [[Μοχάμεντ Μπουαζίζι]], Τυνήσιος ακτιβιστής\n*[[1988]] - [[Στέφανος Κασσελάκης]], Έλληνας πολιτικός και επιχειρηματίας\n\n== Θάνατοι ==\n*[[87 π.Χ.]] - [[Αυτοκράτορας Γου των Χαν]]\n*[[57]] - [[Αυτοκράτορας Κουάνγκγου των Χαν]]\n*[[1058]] - [[Πάπας Στέφανος Θ΄]]\n*[[1578]] - [[Λουδοβίκος της Λωρραίνης (1527-1578)]]\n*[[1772]] - [[Εμάνουελ Σβέντενμποργκ]], Σουηδός φιλόσοφος και μαθηματικός\n*[[1792]] - [[Γουσταύος Γ΄ της Σουηδίας|Γουσταύος Γ΄]], βασιλιάς της Σουηδίας\n*[[1891]] - [[Ζωρζ Σερά]], Γάλλος ζωγράφος\n*[[1912]] - [[Ρόμπερτ Φάλκον Σκοτ]], Άγγλος εξερευνητής\n*[[1966]] - [[Στυλιανός Γονατάς]], Έλληνας στρατιωτικός και πολιτικός\n*[[1970]] - [[Βέρα Μπρίτεν]], Αγγλίδα συγγραφέας\n*[[1977]] - [[Μιχαήλ Δένδιας]], Έλληνας νομικός\n*[[1979]] - [[Νίκος Πεντζαρόπουλος]], Έλληνας ποδοσφαιριστής\n*[[1982]] - [[Καρλ Ορφ]], Γερμανός συνθέτης\n*[[1992]] - [[Πολ Χένριντ]], Αυστριακός ηθοποιός\n*[[2005]] - [[Μίλτος Σαχτούρης]], Έλληνας ποιητής\n*[[2005]] - [[Γιώργος Σισιλιάνος]], Έλληνας συνθέτης\n*[[2007]] - [[Τοσίγουο Νακαγιάμα]], πρόεδρος της Μικρονησίας\n*[[2011]] - [[Ιάκωβος Καμπανέλλης]], Έλληνας συγγραφέας\n*[[2016]] - [[Πάτι Ντιουκ]], Αμερικανίδα ηθοποιός\n*[[2017]] - [[Αλεξέι Αλεξέγιεβιτς Αμπρικόσοφ]], Ρώσος φυσικός\n\n== Αργίες και εορτές ==\n=== [[Ορθόδοξη Εκκλησία]] ===\n{{Πύλη:Ορθοδοξία/Εορτολόγιο/29 Μαρτίου}}\n\n{{Μήνες}}\n\n[[Κατηγορία:Ημέρες του έτους]]"}}}]}]}}