{"batchcomplete":true,"query":{"normalized":[{"fromencoded":false,"from":"29_Αυγούστου","to":"29 Αυγούστου"}],"pages":[{"pageid":3026,"ns":0,"title":"29 Αυγούστου","revisions":[{"slots":{"main":{"contentmodel":"wikitext","contentformat":"text/x-wiki","content":"{{Μήνες Αυγούστου}}\n\n<center>[[28 Αυγούστου]] | '''29 Αυγούστου''' | [[30 Αυγούστου]]</center>\n\n----\n{{ΗμερολόγιοΣεΠίνακα|8}}\nΗ '''29η Αυγούστου''' είναι η 241η ημέρα του έτους κατά το [[Γρηγοριανό ημερολόγιο]] (242η σε δίσεκτα έτη). Υπολείπονται 124 ημέρες.\n\n== Γεγονότα ==\n*[[708]] – Κόβονται για πρώτη φορά χάλκινα νομίσματα στην [[Ιαπωνία]].\n*[[1261]] – Ο [[Πάπας Ουρβανός Δ΄]] διαδέχεται τον [[Πάπας Αλέξανδρος Δ΄|Πάπα Αλέξανδρο Δ΄]] ως ο 182ος [[Πάπας]].\n*[[1315]] – Μάχη του Μοντεκατίνι: Ο στρατός της Δημοκρατίας της [[Πίζα]]ς νικά τις ενωμένες δυνάμεις του [[Βασίλειο της Νάπολης|Βασιλείου της Νάπολης]] και της Δημοκρατίας της [[Φλωρεντία]]ς.\n*[[1475]] – Υπογράφεται το Σύμφωνο του Πικινύ μεταξύ των βασιλείων της [[Βασίλειο της Γαλλίας|Γαλλίας]] και της [[Βασίλειο της Αγγλίας|Αγγλίας]].\n*[[1484]] – Ο [[Πάπας Ιννοκέντιος Η΄]] διαδέχεται τον [[Πάπας Σίξτος Δ΄|Πάπα Σίξτο Δ΄]].\n*[[1498]] – Ο [[Βάσκο ντα Γκάμα]] αναχωρεί από το Καλικούτ για να επιστρέψει στην [[Πορτογαλία]].\n*[[1499]] – Οι [[Γαληνοτάτη Δημοκρατία της Βενετίας|Ενετοί]] παραδίδουν τη [[Ναύπακτος|Ναύπακτο]] στους [[Οθωμανική Αυτοκρατορία|Οθωμανούς]].\n*[[1521]] – Οι [[Οθωμανική Δυναστεία|Οθωμανοί]] καταλαμβάνουν το [[Βελιγράδι]].\n*[[1526]] – Οι [[Οθωμανική Αυτοκρατορία|Οθωμανοί]], με επικεφαλής τον [[Σουλεϊμάν Α΄ ο Μεγαλοπρεπής|Σουλεϊμάν Α΄ τον Μεγαλοπρεπή]], νικούν τον [[Ουγγαρία|ουγγρικό]] στρατό στη [[μάχη του Μοχάτς]].\n*[[1541]] – Οι [[Οθωμανική Αυτοκρατορία|Οθωμανοί]] καταλαμβάνουν τη Βούδα, [[πρωτεύουσα]] του [[Βασίλειο της Ουγγαρίας|βασιλείου της Ουγγαρίας]].\n*[[1756]] – [[Επταετής Πόλεμος]]: Ο [[Φρειδερίκος Β΄ της Πρωσίας]] επιτίθεται στη [[Σαξωνία]].\n*[[1778]] – [[Αμερικανική Επανάσταση]]: Πραγματοποιείται η αμφίρροπη μάχη του [[Ρόουντ Άιλαντ]] μεταξύ των [[Μεγάλη Βρετανία|βρετανικών]] και των [[Ηνωμένες Πολιτείες Αμερικής|αμερικανικών]] δυνάμεων. \n*[[1821]] – [[Ελληνική Επανάσταση του 1821 στην Κρήτη]]: Οι [[Οθωμανική Αυτοκρατορία|Οθωμανοί]] νικούν τους [[Σφακιά|Σφακιανούς]] στο Άσκυφο.\n*[[1824]] – [[Ελληνική Επανάσταση του 1821]]: Ο [[Ελλάδα|ελληνικός]] στόλος υπό τον [[Ανδρέας Μιαούλης|Ανδρέα Μιαούλη]] νικά τον [[Οθωμανική Αυτοκρατορία|οθωμανικό]] στη [[ναυμαχία του Γέροντα]].\n*[[1825]] – Το Βασίλειο της [[Πορτογαλία]]ς αναγνωρίζει την ανεξαρτησία της [[Βραζιλία]]ς.\n*[[1831]] – Ο [[Μάικλ Φαραντέι]] ανακαλύπτει την [[ηλεκτρομαγνητική επαγωγή]].\n*[[1842]] – Υπογράφεται η συνθήκη του [[Ναντσίνγκ]], με την οποία τερματίζεται ο [[Πρώτος Πόλεμος του Οπίου]].\n*[[1885]] – Ο [[Γκότλιμπ Ντάιμλερ]] πατεντάρει την πρώτη στον κόσμο [[μοτοσικλέτα]] με [[μηχανή εσωτερικής καύσης]].\n*[[1898]] – Ιδρύεται η [[Goodyear Tire and Rubber Company]].\n*[[1922]] – Πυρπόληση και [[Καταστροφή της Σμύρνης]] από τους Τούρκους.\n*[[1944]] – 60.000 [[Σλοβάκοι]] στρατιώτες στρέφονται εναντίον των [[Ναζισμός|Ναζί]].\n*[[1949]] – Η [[Σοβιετική Ένωση]] πραγματοποιεί την πρώτη της [[πυρηνική ενέργεια|πυρηνική]] δοκιμή στην έρημο του [[Καζακστάν]].\n*[[1965]] – Καταψηφίζεται και η [[Κυβέρνηση Ηλία Τσιριμώκου 1965|κυβέρνηση Τσιριμώκου]], ύστερα από ένα πενθήμερο αγωνιωδών διαβουλεύσεων.\n* [[1966]] – Οι [[Beatles]] δίδουν τη τελευταία τους συναυλία στο Κάντλστικ Παρκ (Candlestick Park) στην [[Καλιφόρνια]].\n* [[2003]] – Τουλάχιστον 95 άνθρωποι, ανάμεσά τους και ο μετριοπαθής υψηλόβαθμος θρησκευτικός αξιωματούχος των Σιιτών Αγιατολάχ Μοχάμεντ Μπακρ-αλ-Χακίμ (Ayatollah Mohammed Baqr al-Hakim), σκοτώθηκαν από ισχυρή έκρηξη παγιδευμένου οχήματος σε Τζαμί της ιερής πόλης του Ιράκ [[Νατζάφ]] (Najaf).\n* [[2004]] – Λήξη των [[Ολυμπιακοί Αγώνες|Ολυμπιακών Αγώνων]] [[Θερινοί Ολυμπιακοί Αγώνες 2004|της Αθήνας]].\n\n== Γεννήσεις ==\n*[[979]] – [[Όθων του Βερμαντουά]], Γάλλος ευγενής\n*[[1116]] – [[Φίλιππος της Γαλλίας (1116-1131)|Φίλιππος της Γαλλίας]], βασιλιάς των Φράγκων\n*[[1321]] – [[Ιωάννης του Αρτουά του Ε]], Γάλλος κόμης\n*[[1595]] – [[Ιωακείμ Ερνέστος του Σλέσβιχ-Χόλσταϊν-Σόντερμπουργκ-Πλεν|Ιωακείμ Ερνέστος]], δούκας του Σλέσβιχ-Χόλσταϊν-Σόνντερμπουρκ-Πλεν\n*[[1619]] – [[Ζαν Μπατίστ Κολμπέρ]], Γάλλος πολιτικός\n*[[1632]] – [[Τζων Λοκ]], Άγγλος φιλόσοφος και ιατρός\n*[[1711]] – [[Αθανάσιος Κομνηνός Υψηλάντης]], Έλληνας λόγιος\n*[[1780]] – [[Ζαν Ωγκύστ Ντομινίκ Ενγκρ]], Γάλλος ζωγράφος\n*[[1843]] – [[Ντέιβιντ Μπ. Χιλ]], Αμερικανός πολιτικός\n*[[1848]] – [[Πωλ-Αλμπέρ Μπαρτολομέ]], Γάλλος ζωγράφος και γλύπτης\n*[[1862]] – [[Μωρίς Μαίτερλινκ]], Βέλγος ποιητής\n*[[1891]] – [[Μάικλ Τσέχωφ]], Ρώσος ηθοποιός\n*[[1912]] – [[Σον Κη-Τσονκ]], Κορεάτης δρομέας\n*[[1915]] – [[Ίνγκριντ Μπέργκμαν]], Σουηδέζα ηθοποιός\n*[[1920]] – [[Τσάρλι Πάρκερ]], Αμερικανός σαξοφωνίστας και συνθέτης\n*[[1920]] – [[Γιώργος Σισιλιάνος]], Έλληνας συνθέτης\n*[[1921]] – [[Σωτηρία Μπέλλου]], Ελληνίδα τραγουδίστρια\n*[[1923]] – [[Ρίτσαρντ Ατένμπορο]], Άγγλος ηθοποιός\n*[[1925]] – [[Δημήτριος Λάκας]], πρόεδρος του Παναμά\n*[[1925]] – [[Υβόν Σανσόν]], Ελληνίδα ηθοποιός\n*[[1926]] – [[Ελένη Γλύκατζη - Αρβελέρ]], Ελληνίδα ιστορικός\n*[[1931]] – [[Στέλιος Καζαντζίδης]], Έλληνας τραγουδιστής\n*[[1932]] – [[Λάκης Πετρόπουλος]], Έλληνας ποδοσφαιριστής\n*[[1934]] – [[Δημήτρης Παπαμιχαήλ]], Έλληνας ηθοποιός\n*[[1935]] – [[Γουίλιαμ Φρίντκιν]], Αμερικανός σκηνοθέτης\n*[[1936]] – [[Τζον Μακέιν]], Αμερικανός πολιτικός\n*[[1938]] – [[Κάρλος Μορένο]], Αργεντινός ηθοποιός\n*[[1941]] – [[Ταουέζε Σούνια]], κυβερνήτης της Αμερικανικής Σαμόα\n*[[1945]] – [[Γουαϊόμια Τάις]], Αμερικανίδα αθλήτρια\n*[[1946]] – [[Ζαν-Μπατίστ Μπαγκαζά]], πρόεδρος του Μπουρούντι\n*[[1946]] – [[Μπομπ Μπίμον]], Αμερικανός αθλητής\n*[[1946]] – [[Δημήτρης Χριστόφιας]], Κύπριος πολιτικός\n*[[1947]] – [[Τζέιμς Χαντ]], Βρετανός οδηγός αγώνων\n*[[1955]] – [[Τζακ Λιου]], Αμερικανός πολιτικός\n*[[1956]] – [[Μπάμπης Ξανθόπουλος]], Έλληνας ποδοσφαιριστής\n*[[1958]] – [[Μάικλ Τζάκσον]], Αμερικανός τραγουδιστής\n*[[1964]] – [[Ζήσης Τσέκος]], Έλληνας ποδοσφαιριστής\n*[[1975]] – [[Ντάντε Μπάσκο]], Αμερικανός ηθοποιός\n*[[1976]] – [[Γιώργος Καλαϊτζής]], Έλληνας καλαθοσφαιριστής\n*[[1980]] – [[Γουίλιαμ Λέβι]], Κουβανός ηθοποιός\n*[[1981]] – [[Λάνι Μπάρμπι]], Καναδή πορνογραφική ηθοποιός\n*[[1986]] – [[Λία Μισέλ]], Αμερικανίδα ηθοποιός και τραγουδίστρια\n*[[1993]] – [[Λίαμ Πέιν]], Άγγλος τραγουδιστής\n\n== Θάνατοι ==\n*[[32]] – [[Ιωάννης ο Βαπτιστής]]\n*[[886]] – [[Βασίλειος Α΄]], Βυζαντινός αυτοκράτορας\n*[[966]] – [[Ροβέρτος του Μω|Ροβέρτος]], κόμης του Μω\n*[[1093]] – [[Ούγος Α΄ της Βουργουνδίας|Ούγος Α΄]], δούκας της Βουργουνδίας\n*[[1298]] – [[Ελεονώρα της Αγγλίας, κόμισσα του Μπαρ]]\n*[[1442]] – [[Ιωάννης Ε΄ της Βρετάνης|Ιωάννης Ε΄]], δούκας της Βρετάνης\n*[[1797]] – [[Τζόζεφ Ράιτ]], Άγγλος ζωγράφος\n*[[1799]] – [[Πάπας Πίος ΣΤ΄]]\n*[[1904]] – [[Μουράτ Ε΄]], Οθωμανός σουλτάνος\n*[[1912]] – [[Αλέξανδρος Καραμανλάκης]], Έλληνας πρωτοπόρος της αεροπορίας\n*[[1944]] – [[Αττίκ]], Έλληνας τραγουδοποιός\n*[[1956]] – [[Γιώργος Κοτζιούλας]], Έλληνας συγγραφέας\n*[[1971]] – [[Γεράσιμος Σπαταλάς]], Ελληνας ποιητής και συγγραφέας\n*[[1972]] – [[Λάλε Άντερσεν]], Γερμανίδα τραγουδίστρια\n*[[1974]] – [[Επαμεινώνδας Σωτηριάδης]], Έλληνας πολιτικός\n*[[1982]] – [[Ίνγκριντ Μπέργκμαν]], Σουηδέζα ηθοποιός\n*[[1982]] – [[Γιάννης Χαλεπλής]], Έλληνας μοτοσικλετιστής\n*[[1984]] – [[Πιερ Τζεμαγιέλ]], Λιβανέζος πολιτικός\n*[[1987]] – [[Λι Μάρβιν]], Αμερικανός ηθοποιός\n*[[1992]] – [[Κωνσταντίνος Στεφανάκης]], Έλληνας πολιτικός\n*[[1999]] – [[Χαρίλαος Δώδος]], Έλληνας πολιτικός\n*[[2001]] – [[Γεώργιος Μισαηλίδης]], Έλληνας πολιτικός\n*[[2008]] – [[Νικόλαος Θέμελης]], Έλληνας νομικός και πολιτικός\n*[[2015]] – [[Γουέιν Ντάιερ]], Αμερικανός συγγραφέας\n*[[2016]] – [[Τζιν Γουάιλντερ]], Αμερικανός ηθοποιός\n*[[2022]]  - Βάσω Μεριδιώτου Ελληνίδα ηθοποιός\n*[[2022]]-  Τσάρλμπι Ντιν  Νοτιοαφρικανή ηθοποιός και μοντέλο\n\n== Αργίες και εορτές ==\n\n=== [[Ορθόδοξη Εκκλησία]] ===\n{{Πύλη:Ορθοδοξία/Εορτολόγιο/29 Αυγούστου}}\n\n{{Μήνες}}\n\n[[Κατηγορία:Ημέρες του έτους]]"}}}]}]}}