{"batchcomplete":true,"query":{"normalized":[{"fromencoded":false,"from":"29_Μαΐου","to":"29 Μαΐου"}],"pages":[{"pageid":1862,"ns":0,"title":"29 Μαΐου","revisions":[{"slots":{"main":{"contentmodel":"wikitext","contentformat":"text/x-wiki","content":"{{Μήνες Μαΐου}}\n\n<center>[[28 Μαΐου]] | '''29 Μαΐου''' | [[30 Μαΐου]]</center>\n\n----\nΗ '''29η Μαΐου''' είναι η 149η ημέρα του έτους κατά το [[Γρηγοριανό ημερολόγιο]] (150η σε δίσεκτα έτη).  Υπολείπονται 216 ημέρες.\n\n{{ΗμερολόγιοΣεΠίνακα|5}}\n\n== Γεγονότα ==\n*[[363]] - Ο [[Ρωμαίος αυτοκράτορας]] [[Ιουλιανός]] νικά τον στρατό των [[Αυτοκρατορία των Σασσανιδών|Σασσανιδών]] στη μάχη της [[Κτησιφών (πόλη)|Κτησιφώντα]], κάτω από τα τείχη της πρωτεύουσας των Σασσανιδών, αλλά αδυνατεί να καταλάβει την πόλη.\n*[[1108]] - Μάχη του Ουκλές: Τα στρατεύματα των [[Αλμοραβίδες|Αλμοραβίδων]] νικούν τη συμμαχία της [[Βασίλειο της Καστίλης|Καστίλης]] και της [[Βασίλειο του Λεόν|Λεόν]].\n*[[1176]] - Mάχη του Λενιάνο: Η Λίγκα της [[Λομβαρδία]]ς νικά τον αυτοκράτορα [[Φρειδερίκος Α΄ Βαρβαρόσσα|Φρειδερίκο Α΄ Βαρβαρόσσα]].\n*[[1328]] - Ο [[Φίλιππος ΣΤ΄ της Γαλλίας|Φίλιππος ΣΤ΄]] στέφεται [[Κατάλογος μοναρχών της Γαλλίας|βασιλιάς της Γαλλίας]].\n*[[1453]] - [[Άλωση της Κωνσταντινούπολης (1453)|Άλωση της Κωνσταντινούπολης]]: Τα [[Οθωμανική Αυτοκρατορία|οθωμανικά]] στρατεύματα υπό τον [[Σουλτάνος|σουλτάνο]] [[Μωάμεθ Β΄ ο Πορθητής|Μωάμεθ Β΄]] καταλαμβάνουν την [[Βυζαντινή Κωνσταντινούπολη|Κωνσταντινούπολη]] μετά από [[πολιορκία]] 53 ημερών, δίνοντας τέλος στη [[Βυζαντινή Αυτοκρατορία]].\n*[[1660]] - Ο [[Κάρολος Β΄ της Αγγλίας|Κάρολος Β΄]] αποκαθίσταται στο θρόνο της [[Αγγλία]]ς, της [[Σκωτία]]ς και της [[Ιρλανδία]]ς.\n*[[1790]] - Το [[Ρόουντ Άιλαντ]] γίνεται η τελευταία από τις αρχικές [[Δεκατρείς Αποικίες|αποικίες]] των [[Ηνωμένες Πολιτείες Αμερικής|Ηνωμένων Πολιτειών]] που επικυρώνει το Σύνταγμα και γίνεται δεκτό ως η 13η [[Πολιτείες των ΗΠΑ|πολιτεία των Η.Π.Α.]]\n*[[1807]] - Ο [[Μουσταφά Δ΄]] γίνεται [[Κατάλογος Σουλτάνων της Οθωμανικής Αυτοκρατορίας|σουλτάνος της Οθωμανικής Αυτοκρατορίας]] και [[Χαλιφάτο|χαλίφης του Ισλάμ]].\n*[[1848]] - Το [[Ουισκόνσιν]] γίνεται η 30ή [[Πολιτείες των ΗΠΑ|πολιτεία των Η.Π.Α.]]\n*[[1886]] - Ο [[φαρμακοποιός]] [[Τζον Στιθ Πέμπερτον]] βάζει την πρώτη του [[διαφήμιση]] για την [[Coca-Cola]], η οποία εμφανίζεται στην ''Atlanta Journal''.\n*[[1900]] - Ιδρύεται η [[Ντζαμένα]] ως Φορ-Λαμί από τον [[Γαλλία|Γάλλο]] διοικητή Εμίλ Ζεντίλ. \n*[[1906]] - [[Μακεδονικός Αγώνας]]: [[Ελλάδα|Ελληνικό]] σώμα μακεδονομάχων αντιμετωπίζει πολλαπλάσια δύναμη [[Οθωμανική Αυτοκρατορία|Οθωμανών]] στα [[Ασπρόγεια Φλώρινας]].\n*[[1913]] - Κάνει πρεμιέρα στο [[Παρίσι]] η ''Ιεροτελεστία της Άνοιξης'' του [[Ιγκόρ Στραβίνσκι]], προκαλώντας ταραχές. \n*[[1914]] - Το [[υπερωκεάνειο]] ''Αυτοκράτειρα της Ιρλανδίας'' βυθίζεται στον κόλπο του Αγίου Λαυρεντίου με απολογισμό 1.102 νεκρούς.\n*[[1919]] - Ο [[Άρθουρ Στάνλεϋ Έντινγκτον]] επιβεβαιώνει κατά την [[έκλειψη Ηλίου της 29ης Μαΐου 1919]] τη [[γενική θεωρία της σχετικότητας]] του [[Άλμπερτ Αϊνστάιν]]. \n*[[1931]] - Ο [[Ηνωμένες Πολιτείες Αμερικής|Αμερικανός]] πολίτης Μίκελε Σκίρου εκτελείται από [[Ιταλία|ιταλικό]] στρατιωτικό εκτελεστικό απόσπασμα λόγω της πρόθεσής του να δολοφονήσει τον [[Μπενίτο Μουσολίνι]].\n*[[1953]] - Ο [[Έντμουντ Χίλαρι]] και ο [[Σέρπα]] [[Τένσινγκ Νοργκέι]] γίνονται οι πρώτοι άνθρωποι που φτάνουν στην κορυφή του [[Έβερεστ]].\n*[[1954]] - Πραγματοποιείται η πρώτη ετήσια διάσκεψη της [[Λέσχη Μπίλντερμπεργκ|Λέσχης Μπίλντερμπεργκ]].\n*[[1985]] - [[Τραγωδία του Χέιζελ]]: 39 οπαδοί σκοτώνονται και εκατοντάδες τραυματίζονται σε επεισόδια στις κερκίδες πριν από την έναρξη του τελικού [[Ποδόσφαιρο|ποδοσφαίρου]] του [[ΟΥΕΦΑ Τσάμπιονς Λιγκ|Κυπέλλου Πρωταθλητριών Ευρώπης]] μεταξύ της [[Λίβερπουλ ΦΚ]] και της [[Γιουβέντους ΦΚ]] στο στάδιο Χέιζελ των [[Βρυξέλλες|Βρυξελλών]].\n\n== Γεννήσεις ==\n*[[1439]] - [[Πάπας Πίος Γ΄]]\n*[[1489]] - [[Μιμάρ Σινάν]], Οθωμανός αρχιτέκτονας\n*[[1630]] - [[Κάρολος Β΄ της Αγγλίας|Κάρολος Β΄]], βασιλιάς της Αγγλίας\n*[[1860]] - [[Ισαάκ Αλμπένιθ]], Ισπανός συνθέτης\n*[[1868]] - [[Αμπντούλ Μετζίτ Β΄]], Οθωμανός χαλίφης\n*[[1880]] - [[Όσβαλντ Σπένγκλερ]], Γερμανός φιλόσοφος\n*[[1897]] - [[Έριχ Βόλφγκανγκ Κόρνγκολντ]], Αυστριακός συνθέτης\n*[[1903]] - [[Μπομπ Χόουπ]], Άγγλος ηθοποιός\n*[[1908]] - [[Τζορτζ Νέλσον]], Αμερικανός βιομηχανικός σχεδιαστής\n*[[1914]] - [[Τένσινγκ Νοργκέι]], Νεπαλέζος ορειβάτης\n*[[1917]] - [[Τζον Φιτζέραλντ Κένεντι]], 35ος πρόεδρος των Η.Π.Α.\n*[[1922]] - [[Ιάννης Ξενάκης]], Έλληνας συνθέτης και αρχιτέκτονας\n*[[1926]] - [[Αμπντουλαγιέ Γουάντ]], Σενεγαλέζος πολιτικός\n*[[1926]] - [[Τζαμπρ αλ-Άχμαντ αλ-Τζαμπρ αλ-Σαμπάχ]], εμίρης του Κουβέιτ\n*[[1927]] - [[Θανάσης Βέγγος]], Έλληνας ηθοποιός\n*[[1929]] - [[Πίτερ Χιγκς]], Άγγλος φυσικός\n*[[1935]] - [[Αντρέ Μπρινκ|Αντρέ Φιλίππους Μπρινκ]], Νοτιοαφρικανός μυθιστοριογράφος\n*[[1935]] - [[Κώστας Καζάκος]], Έλληνας ηθοποιός\n*[[1953]] - [[Ντάνι Έλφμαν]], Αμερικανός συνθέτης\n*[[1958]] - [[Ανέτ Μπένινγκ]], Αμερικανίδα ηθοποιός\n*[[1961]] - [[Μελίσσα Έθεριτζ]], Αμερικανίδα τραγουδοποιός\n*[[1963]] - [[Ούκυο Καταγιάμα]], Ιάπωνας οδηγός αγώνων\n*[[1966]] - [[Μελίνα Κανά]], Ελληνίδα τραγουδίστρια\n*[[1981]] - [[Αντρέι Αρσάβιν]], Ρώσος ποδοσφαιριστής\n*[[1984]] - [[Καρμέλο Άντονι]], Αμερικανός καλαθοσφαιριστής\n*[[1985]] - [[Ιγνάσιο Σκόκο]], Αργεντινός ποδοσφαιριστής\n*[[1986]] - [[Χορνσουάγκλ]], Αμερικανός παλαιστής\n\n== Θάνατοι ==\n*[[1259]] - [[Χριστόφορος Α΄ της Δανίας|Χριστόφορος Α΄]], βασιλιάς της Δανίας\n*[[1311]] - [[Ιάκωβος Β΄ της Μαγιόρκας|Ιάκωβος Β΄]], βασιλιάς της Μαγιόρκας\n*[[1379]] - [[Ερρίκος Β΄ της Καστίλης|Ερρίκος Β΄]], βασιλιάς της Καστίλης\n*[[1453]] - [[Κωνσταντίνος ΙΑ΄ Παλαιολόγος]], Βυζαντινός αυτοκράτορας\n*[[1500]] - [[Βαρθολομαίος Ντιάζ]], Πορτογάλος εξερευνητής\n*[[1718]] - [[Τζουζέπε Αβάντζι]], Ιταλός ζωγράφος\n*[[1847]] - [[Εμανουέλ ντε Γκρουσί]], Γάλλος στρατάρχης\n*[[1857]] - [[Αυγουστίνα της Αραγωνίας]], Ισπανή ηρωίδα\n*[[1910]] - [[Μίλι Μπαλάκιρεφ]], Ρώσος πιανίστας και συνθέτης\n*[[1951]] - [[Δημήτριος Λεβίδης (συνθέτης)|Δημήτριος Λεβίδης]], Έλληνας συνθέτης\n*[[1958]] - [[Χουάν Ραμόν Χιμένεθ]], Ισπανός συγγραφέας\n*[[1967]] - [[Γκέοργκ Βίλχελμ Παμπστ]], Αυστριακός σκηνοθέτης\n*[[1976]] - [[Πέτρος Λοχαΐτης]], Έλληνας ηθοποιός\n*[[1978]] - [[Αλί Σοϊλί]], πρόεδρος των Κομορών\n*[[1979]] - [[Μαίρη Πίκφορντ]], Καναδή ηθοποιός\n*[[1981]] - [[Διονυσία Ρώη]], Ελληνίδα ηθοποιός και μακιγιέζ\n*[[1982]] - [[Ρόμι Σνάιντερ]], Αυστριακή ηθοποιός\n*[[1994]] - [[Έριχ Χόνεκερ]], Γερμανός πολιτικός\n*[[1997]] - [[Αλεξάντρ Καζντάν]], Ρώσος βυζαντινολόγος\n*[[2003]] - [[Γεώργιος Βογιατζής]], Έλληνας πολιτικός\n*[[2008]] - [[Άγγελος Ελεφάντης]], Έλληνας δημοσιογράφος και συγγραφέας\n*[[2011]] - [[Σεργκέι Μπαγκάπς]], Αμπχαζιανός πολιτικός\n*[[2015]] - [[Μπρούνο Πεζάολα]], Αργεντινός ποδοσφαιριστής\n*[[2017]] - [[Κωνσταντίνος Μητσοτάκης]], Έλληνας πολιτικός\n* [[2021|2021-]] [[wikidata:Q18037895|Χρήστος Σινάνης]] Έλληνας πολιτικός\n* [[2022]] - [[Δάκης]] Έλληνας τραγουδιστής \n\n== Αργίες και εορτές ==\n* Παγκόσμια Ημέρα των Κυανόκρανων\n\n=== [[Ορθόδοξη Εκκλησία]] ===\n{{Πύλη:Ορθοδοξία/Εορτολόγιο/29 Μαΐου}}\n\n{{Μήνες}}\n\n[[Κατηγορία:Ημέρες του έτους]]"}}}]}]}}