{"batchcomplete":true,"query":{"normalized":[{"fromencoded":false,"from":"2_Δεκεμβρίου","to":"2 Δεκεμβρίου"}],"pages":[{"pageid":3730,"ns":0,"title":"2 Δεκεμβρίου","revisions":[{"slots":{"main":{"contentmodel":"wikitext","contentformat":"text/x-wiki","content":"{{Μήνες Δεκεμβρίου}}\n\n{{center|[[1 Δεκεμβρίου]] &#124; '''2 Δεκεμβρίου''' &#124; [[3 Δεκεμβρίου]]}}\n\n----\nΗ '''2α Δεκεμβρίου''' είναι η 336η ημέρα του έτους κατά το [[Γρηγοριανό ημερολόγιο]] (337η σε δίσεκτα έτη). Υπολείπονται 29 ημέρες.\n\n{|width=100%\n| __TOC__\n| {{ΗμερολόγιοΣεΠίνακα|12}}\n|}\n\n== Γεγονότα ==\n*[[1244]] - Ο [[Πάπας Ιννοκέντιος Δ΄]] φτάνει στη [[Λυών]] για την Πρώτη Σύνοδο της Λυών.\n*[[1409]] – Ανοίγει το [[Πανεπιστήμιο της Λειψίας]].\n*[[1697]] – Εγκαινιάζεται στο [[Λονδίνο]] ο [[Καθεδρικός ναός Αγίου Παύλου (Λονδίνο)|Καθεδρικός ναός του Αγίου Παύλου]].\n*[[1804]] – Ο [[Στέψη του Ναπολέοντα Α΄|Ναπολέων Α΄ της Γαλλίας στέφεται αυτοκράτορας]] των [[Γαλλία|Γάλλων]] στην [[Παναγία των Παρισίων]]. \n*[[1805]] – [[Πόλεμος του Γ΄ Συνασπισμού]]: [[Μάχη του Άουστερλιτς]]. Τα [[Γαλλία|γαλλικά]] στρατεύματα υπό τον [[Ναπολέων Α΄|Ναπολέοντα Βοναπάρτη]] νικούν αποφασιστικά τις ενωμένες [[Ρωσική Αυτοκρατορία|ρωσικές]] και [[Αυστρία|αυστριακές]] δυνάμεις.\n*[[1823]] – [[Δόγμα Μονρόε]]: Ο [[Ηνωμένες Πολιτείες Αμερικής|Αμερικανός]] πρόεδρος [[Τζέιμς Μόνροου]] απευθυνόμενος στο [[Κογκρέσο των Ηνωμένων Πολιτειών]] διακηρύσσει την αμερικανική ουδετερότητα σε μελλοντικές [[Ευρώπη|ευρωπαϊκές]] συγκρούσεις και προειδοποιεί τις ευρωπαϊκές δυνάμεις να μην παρεμβαίνουν στην [[Αμερική]].\n*[[1845]] - Ο [[Ηνωμένες Πολιτείες Αμερικής|Αμερικανός]] πρόεδρος [[Τζέιμς Νοξ Πολκ]] απευθυνόμενος στο [[Κογκρέσο των Ηνωμένων Πολιτειών]] προτείνει ότι οι Ηνωμένες Πολιτείες θα πρέπει να επεκταθούν επιθετικά στη Δύση.  \n*[[1848]] - Ο [[Φραγκίσκος Ιωσήφ Α΄ της Αυστρίας|Φραγκίσκος Ιωσήφ Α΄]] γίνεται αυτοκράτορας της [[Αυστρία]]ς.\n*[[1851]] – Ο [[Γαλλία|Γάλλος]] πρόεδρος [[Ναπολέων Γ΄|Λουδοβίκος Ναπολέων Βοναπάρτης]] ανατρέπει τη Δεύτερη Δημοκρατία.\n*[[1852]] - Ο Λουδοβίκος Ναπολέων Βοναπάρτης γίνεται αυτοκράτορας των [[Γαλλία|Γάλλων]] ως [[Ναπολέων Γ΄]].\n*[[1867]] - Ο [[Μεγάλη Βρετανία|Βρετανός]] συγγραφέας [[Κάρολος Ντίκενς]] πραγματοποιεί στη [[Βοστώνη]] την πρώτη του δημόσια ανάγνωση στις [[Ηνωμένες Πολιτείες Αμερικής]].\n*[[1942]] – [[Β΄ Παγκόσμιος Πόλεμος]]: Κατά τη διάρκεια του [[Πρόγραμμα Μανχάταν|προγράμματος Μανχάταν]], μία ομάδα με επικεφαλής τον [[Ενρίκο Φέρμι]] ξεκινά την πρώτη τεχνητή αυτοσυντηρούμενη πυρηνική αλυσιδωτή αντίδραση.\n*[[1943]] - [[Β΄ Παγκόσμιος Πόλεμος]]: [[Ναζιστική Γερμανία|Γερμανική]] βομβιστική επιδρομή στο λιμάνι του [[Μπάρι]] βυθίζει πολλά εμπορικά πλοία, συμπεριλαμβανομένου και του [[Ηνωμένες Πολιτείες Αμερικής|αμερικανικού]] SS ''Τζον Χάρβεϊ'', το οποίο μετέφερε απόθεμα αερίου μουστάρδας από τον [[Α΄ Παγκόσμιος Πόλεμος|Α΄ Παγκόσμιο Πόλεμο]].\n*[[1947]] - Ξεσπούν ταραχές στην [[Ιερουσαλήμ]] ως απάντηση στο σχέδιο του [[Οργανισμός Ηνωμένων Εθνών|Ο.Η.Ε.]] για τον διαχωρισμό της [[Παλαιστίνη (ιστορική περιοχή)|Παλαιστίνης]].\n*[[1954]] - [[Μακαρθισμός]]: Η [[Γερουσία (ΗΠΑ)|Γερουσία των Ηνωμένων Πολιτειών]] με ψήφους 65-22 επικρίνει τον [[Τζόζεφ Μακάρθυ]] για «συμπεριφορά που τείνει να φέρει την Γερουσία σε ατίμωση και ανυποληψία».\n*[[1956]] – Το ''[[Γκράνμα (σκάφος)|Γκράνμα]]'' φτάνει στις ακτές της [[Κούβα]]ς. Ο [[Φιντέλ Κάστρο]], ο [[Ερνέστο Τσε Γκεβάρα]] και άλλα 80 μέλη του [[Κίνημα της 26ης Ιουλίου|Κινήματος της 26ης Ιουλίου]] αποβιβάζονται για να ξεκινήσουν την [[Κουβανική Επανάσταση]].\n*[[1971]] – Το εμιράτα [[Ατζμάν]], [[Άμπου Ντάμπι]], [[Ντουμπάι]], Ουμ αλ-Καϊγιάν, Ρας αλ-Καϊμά, Σάρια και [[Φουτζέιρα]] σχηματίζουν τα [[Ηνωμένα Αραβικά Εμιράτα]].\n*[[1976]] - Ο [[Φιντέλ Κάστρο]] γίνεται [[πρόεδρος της Κούβας]].\n*[[1980]] - [[Εμφύλιος Πόλεμος του Ελ Σαλβαδόρ]]: Βιάζονται και δολοφονούνται τέσσερις [[Ηνωμένες Πολιτείες Αμερικής|Αμερικανίδες]] ιεραπόστολοι. \n* [[1982]] – Γίνεται στις ΗΠΑ η πρώτη εμφύτευση [[τεχνητή καρδιά|τεχνητής καρδιάς]] (Jarvic-71) στον οδοντίατρο  [[Μπάρνι Κλαρκ]].\n* [[1984]] – Μεγάλες ποσότητες [[ισοκυανικό μεθύλιο|ισοκυανικού μεθυλίου]] και άλλων τοξικών ουσιών [[Διαρροή χημικών στο Μποπάλ|διέρρευσαν]] από το εργοστασίο της Union Carvide κοντά στο [[Μποπάλ]] της Ινδίας, με αποτελέσμα το θάνατο περίπου 15.000 ανθρώπων και την πρόκληση αναπηριών σε περίπου 500.000.\n* [[1988]] – Η [[Μπεναζίρ Μπούτο]] αναλαμβάνει πρώτη γυναίκα πρωθυπουργός σε ισλαμικό κράτος (στο [[Πακιστάν]]).\n* [[1990]] – Εκλέγεται πρόεδρος της [[Βοσνία]]ς ο [[Αλίγια Ιζετμπέκοβιτς]].\n* 1990 – Ο συνασπισμός του [[Χέλμουτ Κολ]] αναδεικνύεται νικητής στις πρώτες παγγερμανικές εκλογές από το 1932.\n* 1990 – Τα στρατεύματα του [[Ιντρίς Ντεμπί]] εισέρχονται στο [[Τσαντ]] και ο ίδιος γίνεται ηγέτης της χώρας.\n* 1990 – Εγκρίνεται με [[δημοψήφισμα]] το [[Σύνταγμα]] του [[Μπενίν]].\n* [[1991]] – Στη [[Συρία]] επανεκλέγεται πρόεδρος ο [[Χαφέζ αλ Άσαντ]].\n* 1991 – Η [[Ρωσία|Μόσχα]] αναγνωρίζει την ανεξαρτησία της [[Ουκρανία]]ς.\n* [[1993]] – Υπογράφεται συμφωνία ανάμεσα στη γεωργιανή κυβέρνηση και στους αυτονομιστές στην [[Αμπχαζία]], για τον τερματισμό των συγκρούσεων που σοβούσαν πάνω από ένα χρόνο.\n* [[1994]] – Βυθίζεται στη [[Σομαλία]] το πλοίο [[Ακίλε Λάουρο]].\n* [[1996]] – Ο [[Ζαχίντ Ναχαγιάν]] επανεκλέγεται πανηγυρικά στο αξίωμα του Προέδρου των Ηνωμένων Αραβικών Εμιράτων. \n* [[2000]] – Πραγματοποιείται η τελευταία συναυλία των «[[Σμάσινγκ Πάμπκινς]]» στο Σικάγο.\n* [[2001]] – Η εταιρεία [[Ένρον]] κηρύσσει πτώχευση. Αποτελεί τη μεγαλύτερη χρεωκοπία στην ιστορία των ΗΠΑ.\n* 2003 – Ο Αμερικανός φοιτητής Μάικλ Σάιφερ ανακαλύπτει τον μεγαλύτερο γνωστό [[πρώτος αριθμός|πρώτο αριθμό]] του Μερσέν, μήκους 6.320.430 ψηφίων.\n* [[2004]] – Αρχίζει η μεγαλύτερη στρατιωτική επιχείρηση της Ευρωπαϊκής Ένωσης, καθώς δύναμή της, ([[EUFOR]]), 7 χιλιάδων στρατιωτών διαδέχεται επισήμως την πολυεθνή δύναμη του [[ΝΑΤΟ]] στη [[Βοσνία]]. \n* [[2004]] – Το έργο \"Πηγή\" του Γάλλου ντανταϊστή [[Μαρσέλ Ντισάν]] ([[1917]]) ανακηρύσσεται το πιο σημαίνον έργο σύγχρονης τέχνης. Το έργο απεικονίζει μια λεκάνη ουρητηρίου για λευκούς άνδρες. Τη 2η θέση στη σχετική ψηφοφορία Βρετανών ειδικών σε θέματα τέχνης έλαβε ο πίνακας του [[Πάμπλο Πικάσο]] \"Δεσποινίδες της Αβινιόν\" ([[1907]]) και την 3η το έργο του [[Άντι Γουόρχολ]] \"Marilyn Diptych\" ([[1962]]).\n*[[2019]]- Καθιέρωση του Τροπαίου [[Λεβ Γιάσιν|Γιασίν]] από την [[France Football]].\n\n== Γεννήσεις ==\n*[[1153]] - [[Μάρκο Α΄ Σανούντο|Μάρκο Σανούντο]], Ενετός σταυροφόρος\n*[[1825]] - [[Πέτρος Β΄ της Βραζιλίας|Πέτρος Β΄]], αυτοκράτορας της Βραζιλίας\n*[[1859]] - [[Ζωρζ Σερά]], Γάλλος ζωγράφος\n*[[1865]] - [[Λουδοβίκος Σούτερ]], Ελβετός αθλητής της γυμναστικής\n*[[1891]] - [[Ότο Ντιξ]], Γερμανός ζωγράφος και χαράκτης\n*[[1915]] - [[Μαράις Βιλιόεν]], Νοτιοαφρικανός πολιτικός\n*[[1921]] - [[Ιάκωβος Καμπανέλλης]], Έλληνας συγγραφέας\n*[[1923]] - [[Μαρία Κάλλας]], Ελληνίδα υψίφωνος\n*[[1925]] - [[Ζακ Λακαρριέρ]], Γάλλος συγγραφέας\n*[[1930]] - [[Ρομπέρτο Καπούτσι]], Ιταλός σχεδιαστής μόδας\n*[[1934]] - [[Καρδινάλιος Ταρσίζιο Μπερτόνε|Ταρσίζιο Μπερτόνε]], Ιταλός καρδινάλιος\n*[[1938]] - [[Λουίς Αρτίμε]], Αργεντινός ποδοσφαιριστής\n*[[1942]] - [[Φρανσίσκ Ραβονί]], πρωθυπουργός της Μαδαγασκάρης\n*[[1944]] - [[Ιμπραήμ Ρουγκόβα]], Κοσοβάρος πολιτικός\n*[[1944]] - [[Διονύσης Σαββόπουλος]], Έλληνας τραγουδοποιός\n*[[1968]] - [[Ρίνα Σόφερ]], Αμερικανίδα ηθοποιός\n*[[1978]] - [[Νέλι Φουρτάντο]], Καναδή τραγουδίστρια\n*[[1979]] - [[Υβόν Κάττερφελντ]], Γερμανίδα τραγουδίστρια και ηθοποιός\n*[[1981]] - [[Μπρίτνεϊ Σπίαρς]], Αμερικανίδα τραγουδίστρια\n*[[1982]] - [[Χρήστος Καρυπίδης]], Έλληνας ποδοσφαιριστής\n*[[1993]] - [[Κώστας Σταφυλίδης]], Έλληνας ποδοσφαιριστής\n\n== Θάνατοι ==\n*[[537]] - [[Πάπας Σιλβέριος]]\n*[[1455]] - [[Ισαβέλλα της Κοΐμπρα]], βασίλισσα της Πορτογαλίας\n*[[1464]] - [[Λευκή Β΄ της Ναβάρρας|Λευκή Β΄]], βασίλισσα της Ναβάρρας\n*[[1469]] - [[Πέτρος των Μεδίκων, ο Ποδάγρας]], κυβερνήτης της Φλωρεντίας\n*[[1547]] - [[Ερνάν Κορτές]], Ισπανός εξερευνητής\n*[[1594]] - [[Γεράρδος Μερκάτορ]], Φλαμανδός χαρτογράφος\n*[[1694]] - [[Πιερ Πωλ Πυζέ]], Γάλλος ζωγράφος, γλύπτης και αρχιτέκτονας\n*[[1723]] - [[Φίλιππος της Ορλεάνης (1674-1723)|Φίλιππος Β΄]], δούκας της Ορλεάνης\n*[[1814]] - [[Μαρκήσιος ντε Σαντ]], Γάλλος πολιτικός και φιλόσοφος\n*[[1849]] - [[Αδελαΐδα της Σαξονίας-Μάινινγκεν]], βασίλισσα του Ηνωμένου Βασιλείου\n*[[1918]] - [[Εντμόν Ροστάν]], Γάλλος συγγραφέας\n*[[1922]] - [[Κοτζά Αναστάς|Αναστάσιος Παπαδόπουλος]], Έλληνας οπλαρχηγός\n*[[1944]] - [[Φιλίππο Τομάζο Μαρινέττι]], Ιταλός ποιητής\n*[[1957]] - [[Μάνφρεντ Σάκελ]], Πολωνός ψυχίατρος\n*[[1977]] - [[Δημήτρης Θεοχάρης (αρχαιολόγος)|Δημήτρης Θεοχάρης]], Έλληνας αρχαιολόγος\n*[[1980]] - [[Ρομέν Γκαρί]], Λιθουανός συγγραφέας\n*[[1980]] - [[Ρόζα Εσκενάζυ]], Ελληνίδα τραγουδίστρια\n*[[1982]] - [[Μάρτι Φέλντμαν]], Άγγλος κωμικός\n*[[1985]] - [[Φίλιπ Λάρκιν]], Άγγλος συγγραφέας\n*[[1985]] - [[Πέτρος ο πελεκάνος]]\n*[[1987]] - [[Λουίς Φεδερίκο Λελουάρ]], Αργεντινός βιοχημικός\n*[[1990]] - [[Ρόμπερτ Κάμινγκς]], Αμερικανός ηθοποιός\n*[[1990]] - [[Άρον Κόουπλαντ]], Αμερικανός συνθέτης\n*[[1991]] - [[Όσιος Πορφύριος ο Καυσοκαλυβίτης]]\n*[[1993]] - [[Πάμπλο Εσκομπάρ]], Κολομβιανός έμπορος ναρκωτικών\n*[[1994]] - [[Τάσος Κόρφης]], Έλληνας συγγραφέας\n*[[2002]] - [[Ακίλλε Καστιλιόνι]], Ιταλός αρχιτέκτονας\n*[[2006]] - [[Μαρίσκα Βέρες]], Ολλανδή τραγουδίστρια (Shocking Blue)\n*[[2007]] - [[Λες Σάνον]], Άγγλος ποδοσφαιριστής και προπονητής\n*[[2008]] - [[Κωνσταντίνος Παπαχρόνης]], Έλληνας ηθοποιός\n*[[2013]] - [[Βέρνον Σο]], πρόεδρος της Δομινίκας\n\n== Αργίες και εορτές ==\n* Παγκόσμια Ημέρα για την Εξάλειψη της Δουλείας\n\n=== [[Ορθόδοξη Εκκλησία]] ===\n{{Πύλη:Ορθοδοξία/Εορτολόγιο/2 Δεκεμβρίου}}\n{{Μήνες}}\n\n[[Κατηγορία:Ημέρες του έτους]]"}}}]}]}}