{"batchcomplete":true,"query":{"normalized":[{"fromencoded":false,"from":"2_Οκτωβρίου","to":"2 Οκτωβρίου"}],"pages":[{"pageid":3347,"ns":0,"title":"2 Οκτωβρίου","revisions":[{"slots":{"main":{"contentmodel":"wikitext","contentformat":"text/x-wiki","content":"{{Μήνες Οκτωβρίου}}\n\n<center>[[1 Οκτωβρίου]] | '''2 Οκτωβρίου''' | [[3 Οκτωβρίου]]</center>\n\n----\nΗ '''2α Οκτωβρίου''' είναι η 275η ημέρα του έτους κατά το [[Γρηγοριανό ημερολόγιο]] (276η σε δίσεκτα έτη). Υπολείπονται 90 ημέρες.\n\n{{ΗμερολόγιοΣεΠίνακα|10}}\n\n== Γεγονότα ==\n*[[829]] - Ο [[Θεόφιλος (αυτοκράτορας)|Θεόφιλος]] διαδέχεται τον πατέρα του, [[Μιχαήλ Β´]], ως [[Βυζαντινή Αυτοκρατορία|Βυζαντινός αυτοκράτορας]].\n*[[1187]] - Πολιορκία της [[Ιερουσαλήμ]]: ο [[Σαλαντίν]] καταλαμβάνει την Ιερουσαλήμ μετά από 88 χρόνια κυριαρχίας των [[Σταυροφορίες|σταυροφόρων]].\n*[[1263]] - Διεξάγεται η μάχη του Λαργκς μεταξύ [[Σκωτία|Σκωτσέζων]] και [[Νορβηγία|Νορβηγών]].\n*[[1535]] - Ο [[Ζακ Καρτιέ]] ανακαλύπτει την περιοχή όπου βρίσκεται σήμερα το [[Μόντρεαλ]].\n*[[1540]] - Οι [[Βενετία|Ενετοί]] παραχωρούν την [[Αστυπάλαια]] στην [[Οθωμανική Αυτοκρατορία]].\n*[[1814]] - Τα στρατεύματα των [[Ισπανία|Ισπανών]] βασιλοφρόνων νικούν τις επαναστατικές [[Χιλή|χιλιανές]] δυνάμεις του [[Μπερνάρδο Ο' Χίγκινς]] στη μάχη της [[Ρανκάγουα]]. \n* [[1942]] - Παρουσιάζεται η πρώτη αυτόματη αλυσιδωτή αντίδραση στο [[Σικάγο]]\n* [[1944]] - [[Ολοκαύτωμα των Εβραίων|Ολοκαύτωμα]]: Τα στρατεύματα των [[Ναζί]] τελειώνουν την [[Εξέργεση της Βαρσοβίας|εξέγερση της Βαρσοβίας]]\n* [[1947]] - Η FIA (Διεθνής Ομοσπονδία Αυτοκινήτου) καθιερώνει αγώνες grand prix στην κατηγορία της [[Φόρμουλα 1]].\n* [[1955]] - Τίθεται εκτός λειτουργίας ο υπερυπολογιστής [[ENIAC]].\n* [[1956]] - Παρουσιάζεται το πρώτο [[ατομικό ρολόι]], το Atomicron, στο ''Overseas Press Club'' στη [[Νέα Υόρκη]].\n* [[1958]] - Η [[Γουινέα]] γίνεται ανεξάρτητη από τη [[Γαλλία]] (εθνική εορτή).\n*[[1968]] - [[Σφαγή του Τλατελόλκο]]: Στο [[Μεξικό]], στρατιώτες καταστέλλουν διαδήλωση άοπλων φοιτητών, δέκα ημέρες πριν από την έναρξη των [[Θερινοί Ολυμπιακοί Αγώνες 1968|Ολυμπιακών Αγώνων του 1968]].\n* [[1970]] - Συντριβή αεροσκάφους που μεταφέρει παίκτες της ποδοσφαιρικής ομάδας του Πανεπιστημίου Γουιτζίλα, με 30 νεκρούς\n* [[1972]] - Η [[Δανία]] εγκρίνει με [[δημοψήφισμα]] (65,5% υπέρ) την ένταξή της στην ΕΟΚ.\n* [[1977]] - Νεαροί αξιωματικοί ανατρέπουν τη στρατιωτική κυβέρνηση του [[Μπανγκλαντές]] με πραξικόπημα.\n* [[1978]] - Σε επεισόδια στη διάρκεια απεργίας στη [[Γουατεμάλα]], σκοτώνονται 30 και 1.000 άτομα συλλαμβάνονται\n* [[1980]] - Ο [[Μοχάμεντ Άλι]] χάνει στον 25ο και τελευταίο του αγώνα για τον παγκόσμιο τίτλο βαρέων βαρών από το [[Λάρι Χολμς]] στον 10ο γύρο στο [[Λας Βέγκας]].\n* [[1982]] - Από έκρηξη στην πλατεία της [[Τεχεράνη]]ς σκοτώνονται 60 άτομα\n* [[1984]] - Σοβιετικοί αστροναύτες επιστρέφουν από ταξίδι-ρεκόρ 237 ημερών σε τροχιά\n* [[1986]] - Αποτυχημένη απόπειρα δολοφονίας κατά του Ινδού Πρωθυπουργού [[Ρατσίβ Γκάντι]]\n* [[1988]] - Τελειώνουν στη [[Σεούλ]] οι [[θερινοί Ολυμπιακοί Αγώνες 1988|24οι σύγχρονοι Ολυμπιακοί Αγώνες]].\n* [[1990]] - 132 είναι οι νεκροί από έκρηξη αεροσκάφους Boeing 737-247 στην [[Κίνα]] (στο [[Γκουανγκζού]]), έπειτα από αεροπειρατεία (το πρώτο αεροσκάφος συγκρούστηκε με ένα άδειο Μπόινγκ 707-3J6B και μετά με ένα Μπόινγκ 757-21B)\n* [[1991]] - 3.121 θεατές, η μικρότερη προσέλευση φιλάθλων μετά τον πόλεμο σε αγώνα της Α’ Κατηγορίας της Αγγλίας σημειώνεται στον αγώνα Wimbledon – Sheffield Wednesday στο Selhurst Park.\n* 1991 - Η  [[Στέφι Γκραφ]] γίνεται η πρώτη επαγγελματίας γυναίκα τενίστρια που κερδίζει 500 αγώνες, κερδίζοντας την Τσεχοσλοβάκα Petra Langgrova στο Leipzig International Tournament\n* [[1993]] - Ο [[Λένοξ Λιούις]] κερδίζει με νοκ άουτ τον Frank Bruno στον πρώτο Βρετανικό αγώνα για τον παγκόσμιο τίτλο βαρέων βαρών\n* [[1996]] - Συντριβή Μπόινγκ 757 της Αεροπερού, με 70 νεκρούς, στις ακτές του [[Περού]]\n* 1996 - Έναρξη της δίκης του Γεωργίου Κοσκωτά στο πενταμελές Εφετείο Αθηνών με την κατηγορία της υπεξαίρεσης 32 δισ. δρχ. από την [[Τράπεζα Κρήτης]].\n* [[1997]] - Υπογραφή στο [[Άμστερνταμ]], από τους υπουργούς εξωτερικών της Ε.Ε., της ομώνυμης συνθήκης, που αποτελεί αναθεώρηση της Συνθήκης του [[Μάαστριχτ]].\n* [[1999]] - Τερματίζεται έπειτα από μία ημέρα η ομηρία περίπου 30 ατόμων στη βιρμανική πρεσβεία της Ταϊλάνδης (απελευθερώνονται όλοι οι όμηροι).\n* [[2001]] - Χρεοκοπεί η ελβετική αεροπορική εταιρεία Swisair.\n* [[2002]] - Η [[Βουλή των Αντιπροσώπων]] δίνει το πράσινο φως στον Μπους για επίθεση κατά του [[Ιράκ]]]\n* 2002 - Συμβόλαιο ρεκόρ, ύψους 80 εκατομ. στερλινών, υπογράφει στην ΕΜΙ ο Βρετανός αστέρας του τραγουδιού, [[Ρόμπι Ουίλιαμς]]\n* [[2003]] - Το [[Νόμπελ Λογοτεχνίας]] απονέμεται στο Νοτιοαφρικανό συγγραφέα [[Τζον Μάξγουελ Κούτσι]]\n\n== Γεννήσεις ==\n*[[1452]] - [[Ριχάρδος Γ΄ της Αγγλίας|Ριχάρδος Γ']], βασιλιάς της Αγγλίας\n*[[1798]] - [[Κάρολος Αλβέρτος της Σαρδηνίας|Κάρολος Αλβέρτος]], βασιλιάς της Σαρδηνίας\n*[[1801]] - [[Ελισάβετ Μουτζάν-Μαρτινέγκου]], Ελληνίδα συγγραφέας\n*[[1832]] - [[Έντουαρντ Μπάρνετ Τάιλορ]], Άγγλος ανθρωπολόγος\n*[[1847]] - [[Πάουλ φον Χίντενμπουργκ]], Γερμανός στρατάρχης και πολιτικός\n*[[1851]] - [[Φερντινάν Φος]], Γάλλος στρατιωτικός\n*[[1852]] - [[Ουίλιαμ Ράμσεϊ]], Σκωτσέζος χημικός\n*[[1869]] - [[Μαχάτμα Γκάντι]], Ινδός ακτιβιστής και φιλόσοφος\n*[[1890]] - [[Γκράουτσο Μαρξ]], Αμερικανός ηθοποιός\n*[[1897]] - [[Μπαντ Άμποτ]], Αμερικανός ηθοποιός\n*[[1904]] - [[Γκράχαμ Γκρην]], Άγγλος συγγραφέας και κριτικός\n*[[1907]] - [[Αλεξάντερ Τοντ]], Σκωτσέζος χημικός\n*[[1917]] - [[Κριστιάν ντε Ντυβ]], Βέλγος κυτταρολόγος και βιοχημικός\n*[[1927]] - [[Νίκολα Κλιούσεφ]], πρωθυπουργός της Βόρειας Μακεδονίας\n*[[1941]] - [[Γιουσέφ Γιουσφί]], Αλγερινός πολιτικός\n*[[1946]] - [[Σοντί Μπουνγιαρατκλίν]], Ταϊλανδός στρατιωτικός και πολιτικός\n*[[1951]] - [[Στινγκ]], Άγγλος τραγουδιστής, μπασίστας και ηθοποιός\n*[[1952]] - [[Αλί Μοχάμεντ Γκέντι]], Σομαλός πολιτικός\n*[[1952]] - [[Γιάννης Δαμανάκης]], Έλληνας ποδοσφαιριστής\n*[[1953]] - [[Έρνεστ Μπάι Κορόμα]], πρόεδρος της Σιέρα Λεόνε\n*[[1954]] - [[Γρηγόρης Ψαριανός]], Έλληνας δημοσιογράφος και πολιτικός\n*[[1962]] - [[Γεράσιμος Ανδρεάτος]], Έλληνας τραγουδιστής\n*[[1966]] - [[Γιοκοζούνα]], Αμερικανός παλαιστής\n*[[1968]] - [[Γιάνα Νοβότνα]], Τσέχα αντισφαιρίστρια\n*[[1973]] - [[Αντρέι Ντανίλκο]], Ουκρανός τραγουδιστής\n*[[1978]] - [[Αγιούμι Χαμασάκι]], Γιαπωνέζα τραγουδίστρια\n\n== Θάνατοι ==\n*[[534]] - [[Αθαλάριχος]], βασιλιάς των Οστρογότθων\n*[[829]] - [[Μιχαήλ Β´]], Βυζαντινός αυτοκράτορας\n*[[939]] - [[Γιλβέρτος της Λωρραίνης|Γιλβέρτος]], δούκας της Λωρραίνης\n*[[939]] - [[Έμπερχαρντ της Φραγκονίας|Έμπερχαρντ]], δούκας της Φραγκονίας\n*[[1264]] - [[Πάπας Ουρβανός Δ΄]]\n*[[1804]] - [[Νικολά-Ζοζέφ Κυνιό]], Γάλλος μηχανικός\n*[[1853]] - [[Φρανσουά Αραγκό]], Γάλλος μαθηματικός\n*[[1899]] - [[Πέρσι Πίλτσερ]], Άγγλος εφευρέτης\n*[[1906]] - [[Αναστάσιος Χρηστομάνος]], Έλληνας χημικός\n*[[1909]] - [[Θεόδωρος Ράλλης]], Έλληνας ζωγράφος\n*[[1927]] - [[Σβάντε Αρρένιους]], Σουηδός χημικός\n*[[1947]] - [[Πήτερ Ουσπένσκι]], Ρώσος μαθηματικός\n*[[1968]] - [[Μαρσέλ Ντυσάν]], Γάλλος ζωγράφος και γλύπτης\n*[[1973]] - [[Πάαβο Νούρμι]], Φινλανδός δρομέας\n*[[1988]] - [[Άλεκ Ισσιγόνης]], Έλληνας σχεδιαστής αυτοκινήτων\n*[[1991]] - [[Γιώργος Βακαλό]], Έλληνας καλλιτέχνης\n*[[1991]] - [[Πατριάρχης Δημήτριος|Δημήτριος]], Πατριάρχης Κωνσταντινουπόλεως\n*[[1998]] - [[Λιλή Ζωγράφου]], Ελληνίδα συγγραφέας\n*[[2007]] - [[Πριγκίπισσα Αικατερίνη της Ελλάδας]]\n*[[2016]] - [[Νέβιλ Μάρινερ]], Άγγλος διευθυντής ορχήστρας\n\n\n== Αργίες και εορτές ==\n* Παγκόσμια Ημέρα Ηθοποιού.\n\n=== [[Ορθόδοξη Εκκλησία]] ===\n{{Πύλη:Ορθοδοξία/Εορτολόγιο/2 Οκτωβρίου}}\n\n{{Μήνες}}\n\n[[Κατηγορία:Ημέρες του έτους]]"}}}]}]}}