{"batchcomplete":true,"query":{"normalized":[{"fromencoded":false,"from":"2_Σεπτεμβρίου","to":"2 Σεπτεμβρίου"}],"pages":[{"pageid":4742,"ns":0,"title":"2 Σεπτεμβρίου","revisions":[{"slots":{"main":{"contentmodel":"wikitext","contentformat":"text/x-wiki","content":"{{Μήνες Σεπτεμβρίου}}\n\n<center>[[1 Σεπτεμβρίου]] | '''2 Σεπτεμβρίου''' | [[3 Σεπτεμβρίου]]</center>\n\n----\n{{ΗμερολόγιοΣεΠίνακα|9}}\nΗ '''2α Σεπτεμβρίου''' είναι η 245η ημέρα του έτους κατά το [[Γρηγοριανό ημερολόγιο]] (246η σε δίσεκτα έτη). Υπολείπονται 120 ημέρες.\n\n== Γεγονότα ==\n*[[44 π.Χ.]] - Η [[Κλεοπάτρα Ζ΄ της Αιγύπτου]] ανακηρύσσει το γιο της [[Πτολεμαίος ΙΕ΄ Καισαρίων|Πτολεμαίο ΙΕ΄ Καισαρίωνα]] συμβασιλέα της [[Αίγυπτος|Αιγύπτου]].\n*[[44 π.Χ.]] - Ο [[Μάρκος Τύλλιος Κικέρων]] εξαπολύει τον πρώτο του Φιλιππικό λόγο εναντίον του [[Μάρκος Αντώνιος|Μάρκου Αντώνιου]].\n*[[31 π.Χ.]] - [[Ναυμαχία του Ακτίου]]: Οι δυνάμεις του [[Οκταβιανός Αύγουστος|Οκταβιανού]] νικούν τα στρατεύματα του [[Μάρκος Αντώνιος|Μάρκου Αντώνιου]] και της [[Κλεοπάτρα Ζ΄ της Αιγύπτου|Κλεοπάτρας]].\n*[[1649]] - Οι δυνάμεις του [[Πάπας Ιννοκέντιος Ι΄|Πάπα Ιννοκέντιου Ι΄]] καταστρέφουν ολοσχερώς την [[Ιταλία|ιταλική]] πόλη Κάστρο.\n*[[1666]] - Ξεσπάει η [[μεγάλη πυρκαγιά του Λονδίνου]] που θα διαρκέσει τρεις ημέρες και θα καταστρέφει 10.000 κτίρια, μεταξύ των οποίων και τον [[Καθεδρικός ναός Αγίου Παύλου (Λονδίνο)|Καθεδρικό Ναό του Αγίου Παύλου]].\n*[[1752]] - Η [[Μεγάλη Βρετανία]] υιοθετεί το [[γρηγοριανό ημερολόγιο]], σχεδόν δύο αιώνες αργότερα απ' ότι οι περισσότερες χώρες της [[Δυτική Ευρώπη|Δυτικής Ευρώπης]].\n*[[1789]] - Ιδρύεται το Υπουργείο Οικονομικών των [[Ηνωμένες Πολιτείες Αμερικής|Η.Π.Α.]]\n*[[1792]] - Κατά τη διάρκεια της [[Γαλλική Επανάσταση|Γαλλικής Επανάστασης]], αφηνιασμένα πλήθη σφαγιάζουν τρεις [[Καθολική Εκκλησία|καθολικούς]] [[Επίσκοπος|επισκόπους]], περισσότερους από 200 [[Ιερέας|ιερείς]], και φυλακισμένους που θεωρούνται βασιλόφρονες. \n*[[1807]] - Το [[Βασιλικό Ναυτικό]] βομβαρδίζει την [[Κοπεγχάγη]] με εμπρηστικές βόμβες και ρουκέτες φωσφόρου για να εμποδίσει τη [[Δανία]] να παραδώσει το στόλο της στον [[Ναπολέων Α΄|Ναπολέοντα]].\n*[[1862]] - [[Αμερικανικός Εμφύλιος Πόλεμος]]: Ο πρόεδρος των [[Ηνωμένες Πολιτείες Αμερικής|Ηνωμένων Πολιτειών]] [[Αβραάμ Λίνκολν]] αποκαθιστά απρόθυμα τον [[Στρατηγός|στρατηγό]] Τζορτζ ΜακΛέλαν μετά την καταστροφική ήττα του στρατηγού Τζον Πόουπ στο Μανάσας.\n*[[1864]] - [[Αμερικανικός Εμφύλιος Πόλεμος]]: Οι [[Στρατός της Ένωσης|δυνάμεις της Ένωσης]] εισέρχονται στην [[Ατλάντα]], μία μέρα μετά την αποχώρηση από την πόλη των [[Συνομόσπονδες Πολιτείες της Αμερικής|Συνομόσπονδων]] υπερασπιστών.  \n*[[1944]] - [[Β΄ Παγκόσμιος Πόλεμος]]: [[Σφαγή του Χορτιάτη]]. [[Γερμανοί]] στρατιώτες σκοτώνουν 147 κατοίκους στον [[Χορτιάτης Θεσσαλονίκης|Χορτιάτη Θεσσαλονίκης]].\n*[[1945]] - [[Β΄ Παγκόσμιος Πόλεμος]]: Υπογράφεται στο ''[[USS Missouri (BB-63)]]'', στον κόλπο του [[Τόκιο]], η παράδοση της [[Ιαπωνία]]ς.\n*[[1945]] - Το [[Βιετνάμ]] ανακηρύσσει την ανεξαρτησία του.\n*[[1957]] - Ο πρόεδρος του [[Νότιο Βιετνάμ|Νοτίου Βιετνάμ]] Νγκο Ντιν Ντιέμ γίνεται ο πρώτος εν ενεργεία ξένος αρχηγός κράτους που πραγματοποιεί επίσημη επίσκεψη στην [[Αυστραλία]].\n*[[1958]] - Αεροσκάφος [[Lockheed C-130 Hercules]] της [[Αμερικανική Πολεμική Αεροπορία|Αμερικανικής Πολεμικής Αεροπορίας]] καταρρίπτεται από καταδιωκτικά πάνω από το [[Γερεβάν]] στην [[Αρμενία]] όταν, κατά τη διάρκεια αποστολής, εισέρχεται στον [[Ένωση Σοβιετικών Σοσιαλιστικών Δημοκρατιών|σοβιετικό]] εναέριο χώρο. Όλα τα μέλη του πληρώματος σκοτώνονται. \n*[[1960]] - Πραγματοποιούνται οι πρώτες στην [[ιστορία του Θιβέτ]] εκλογές του κοινοβουλίου της Κεντρικής Διοίκησης του Θιβέτ. Η θιβετιανή κοινότητα τηρεί την ημέρα αυτή ως Ημέρα της Δημοκρατίας.\n*[[1970]] - Η [[NASA]] ανακοινώνει την ακύρωση δύο αποστολών [[Απόλλων (διαστημικό πρόγραμμα)|Απόλλων]] στη [[Σελήνη]]: του Απόλλων 15 (η ονομασία επαναχρησιμοποιήθηκε από μεταγενέστερη αποστολή) και του Απόλλων 19.\n*[[1990]] - Η [[Υπερδνειστερία]] κηρύσσεται μονομερώς [[Ένωση Σοβιετικών Σοσιαλιστικών Δημοκρατιών|σοβιετική]] δημοκρατία. Ο Σοβιετικός πρόεδρος [[Μιχαήλ Γκορμπατσώφ]] δηλώνει την απόφαση άκυρη.\n*[[1992]] - [[Σεισμός]] μεγέθους 7,7 βαθμών της κλίμακας Ρίχτερ χτυπά τη δυτική ακτή της [[Νικαράγουα]]ς. Ο σεισμός προκάλεσε τσουνάμι με ακόμα περισσότερες ζημιές και απώλειες, σκοτώνοντας τουλάχιστον 116 άτομα.  \n* [[1998]] - Από συντριβή αεροσκάφους [[McDonnell Douglas]] MD-11 της ελβετικής εταιρείας «Swiss Air» στον Ατλαντικό Ωκεανό κοντά στο [[Πέγκις Κόουβ]]  σκοτώνονται και οι 229 επιβαίνοντες.\n* [[1998]] - Οι πιλότοι της [[Air Canada]] κάνουν την πρώτη τους [[απεργία]] στην ιστορία της εταιρείας.\n\n== Γεννήσεις ==\n*[[406]] - [[Αττίλας]], βασιλιάς των Ούννων\n*[[1548]] - [[Βιτσέντζο Σκαμότσι]], Ιταλός αρχιτέκτονας\n*[[1753]] - [[Μαρία Ιωσηφίνα της Σαβοΐας]], βασίλισσα της Γαλλίας\n*[[1778]] - [[Λουδοβίκος Βοναπάρτης]], βασιλιάς της Ολλανδίας\n*[[1840]] - [[Τζοβάννι Βέργκα]], Ιταλός συγγραφέας\n*[[1877]] - [[Φρέντερικ Σόντυ]], Άγγλος χημικός\n*[[1878]] - [[Βέρνερ φον Μπλόμπεργκ]], Γερμανός στρατάρχης\n*[[1883]] - [[Ρούντολφ Βάιγκλ]], Πολωνός ιατρός\n*[[1894]] - [[Γιόζεφ Ροτ]], Αυστριακός συγγραφέας\n*[[1901]] - [[Ανδρέας Εμπειρίκος]], Έλληνας ποιητής\n*[[1908]] - [[Νικολάι Κόζυρεφ]], Ρώσος αστρονόμος\n*[[1913]] - [[Μπιλ Σάνκλι]], Σκωτσέζος ποδοσφαιριστής και προπονητής\n*[[1923]] - [[Βαλέριαν Μπόροβτσικ]], Πολωνός σκηνοθέτης\n*[[1926]] - [[Ιμπραχίμ Ναζίρ]], πρόεδρος των Μαλδίβων\n*[[1933]] - [[Ματιέ Κερεκού]], πρόεδρος του Μπενίν\n*[[1950]] - [[Μίκαελ Ρόδερ]], Γερμανός μουσικός ([[Neu!]] και [[Kraftwerk]])\n*[[1959]] - [[Πέτρος Ξανθόπουλος]], Έλληνας ποδοσφαιριστής\n*[[1960]] - [[Φωτεινή Ντεμίρη]], Ελληνίδα ηθοποιός \n*[[1961]] - [[Κάρλος Βαλντεράμα]], Κολομβιανός ποδοσφαιριστής\n*[[1964]] - [[Κιάνου Ριβς]], Καναδός ηθοποιός\n*[[1966]] - [[Σάλμα Χάγιεκ]], Μεξικανή ηθοποιός\n*[[1974]] - [[Ινάρι Βαξ]], Αμερικανίδα πορνογραφική ηθοποιός\n*[[1980]] - [[Ντανιέλ Εντουσέι]], Γκανέζος ποδοσφαιριστής\n*[[1982]] - [[Τζόι Μπάρτον]], Άγγλος ποδοσφαιριστής\n*[[1983]] - [[Ηλίας Βρεττός]], Έλληνας τραγουδιστής\n*[[1990]] - [[Μάρκους Έρικσον]], Σουηδός οδηγός αγώνων\n\n== Θάνατοι ==\n*[[421]] - [[Κωνστάντιος Γ΄]], Ρωμαίος αυτοκράτορας\n*[[595]] - [[Πατριάρχης Ιωάννης Δ΄ Νηστευτής|Ιωάννης Δ΄ Νηστευτής]], Πατριάρχης Κωνσταντινουπόλεως\n*[[1353]] - [[Φρειδερίκος Γ΄ του Μπάντεν|Φρειδερίκος Γ΄]], μάργραβος του Μπάντεν\n*[[1651]] - [[Κιοσέμ Σουλτάνα|Κιοσέμ]], σουλτάνα της Οθωμανικής αυτοκρατορίας\n*[[1652]] - [[Χοσέ Ριμπέρα]], Ισπανός ζωγράφος\n*[[1813]] - [[Ζαν Βικτόρ Μορό]], Γάλλος στρατηγός\n*[[1865]] - [[Γουίλιαμ Ρόουαν Χάμιλτον]], Ιρλανδός φυσικός, αστρονόμος και μαθηματικός\n*[[1877]] - [[Κωνσταντίνος Κανάρης]], Έλληνας ναύαρχος και πολιτικός\n*[[1906]] - [[Αθανάσιος Χατζηπανταζής]], Έλληνας οπλαρχηγός\n*[[1910]] - [[Ανρί Ρουσσώ]], Γάλλος ζωγράφος\n*[[1917]] - [[Μπόρις Στούρμερ]], Ρώσος πολιτικός\n*[[1935]] - [[Τζιρόλαμο Βιτέλλι]], Ιταλός φιλόλογος\n*[[1937]] - [[Θωμάς Θωμόπουλος]], Έλληνας γλύπτης και ζωγράφος\n*[[1937]] - [[Πιερ ντε Κουμπερτέν]], Γάλλος ιστορικός, ιδρυτής της [[Διεθνής Ολυμπιακή Επιτροπή|Διεθνούς Ολυμπιακής Επιτροπής]]\n*[[1969]] - [[Χο Τσι Μιν]], Βιετναμέζος πολιτικός\n*[[1973]] - [[Τζ. Ρ. Ρ. Τόλκιν]], Βρετανός συγγραφέας \n*[[1984]] - [[Μάνος Κατράκης]], Έλληνας ηθοποιός\n*[[1987]] - [[Γιάννης Γαβριηλίδης]], Έλληνας πολιτικός\n*[[1996]] - [[Αλεξάνδρα Μαντζουλίνου]], Ελληνίδα νομικός, πολιτικός και συγγραφέας\n*[[1998]] - [[Θεοχάρης Μαναβής]], Έλληνας πολιτικός\n*[[2001]] - [[Κρίστιαν Μπάρναρντ]], Νοτιοαφρικανός χειρουργός\n*[[2004]] - [[Ελένη Ζαφειρίου]], Ελληνίδα ηθοποιός\n*[[2006]] - [[Μπομπ Ματάιας]], Αμερικανός αθλητής και πολιτικός\n*[[2014]] - [[Αντώνης Βαρδής]], Έλληνας τραγουδοποιός\n*[[2016]] - [[Ισλάμ Καρίμοφ]], Ουζμπέκος πολιτικός\n*[[2021]] - [[Μίκης Θεοδωράκης]], Έλληνας συνθέτης\n*[[2021]] - [[MadClip]], Έλληνας ράπερ\n\n== Αργίες και εορτές ==\n=== [[Ορθόδοξη Εκκλησία]] ===\n{{Πύλη:Ορθοδοξία/Εορτολόγιο/2 Σεπτεμβρίου}}\n\n{{Μήνες}}\n\n[[Κατηγορία:Ημέρες του έτους]]"}}}]}]}}