{"batchcomplete":true,"query":{"normalized":[{"fromencoded":false,"from":"2_Αυγούστου","to":"2 Αυγούστου"}],"pages":[{"pageid":3001,"ns":0,"title":"2 Αυγούστου","revisions":[{"slots":{"main":{"contentmodel":"wikitext","contentformat":"text/x-wiki","content":"{{Μήνες Αυγούστου}}\n\n<center>[[1 Αυγούστου]] | '''2 Αυγούστου''' | [[3 Αυγούστου]]</center>\n\n----\n\nΗ '''2α Αυγούστου''' είναι η 214η ημέρα του έτους κατά το [[Γρηγοριανό ημερολόγιο]] (215η σε δίσεκτα έτη). Υπολείπονται 151 ημέρες.\n\n{|width=100%\n| __TOC__\n| {{ΗμερολόγιοΣεΠίνακα|8}}\n|}\n\n== Γεγονότα ==\n*[[338 π.Χ.]] – Ο [[Μακεδονία (αρχαίο βασίλειο)|μακεδονικός]] στρατός υπό την ηγεσία του [[Φίλιππος Β΄ της Μακεδονίας|Φιλίππου Β΄ της Μακεδονίας]] νικά τις συνασπισμένες δυνάμεις της [[Αθήνα]]ς και της [[Θήβα]]ς στη [[Μάχη της Χαιρώνειας (338 π.Χ.)|μάχη της Χαιρώνειας]], εξασφαλίζοντας τη μακεδονική ηγεμονία στην [[Ελλάδα]] και το [[Αιγαιακοί πολιτισμοί|Αιγαίο]].\n*[[216 π.Χ.]] – [[Β΄ Καρχηδονιακός Πόλεμος]]: [[Μάχη των Καννών]]. Ο [[Καρχηδόνα|καρχηδονιακός]] στρατός με επικεφαλής τον [[Αννίβας|Αννίβα]] νικά τον αριθμητικά ανώτερο [[Ρωμαϊκή Δημοκρατία|ρωμαϊκό]] στρατό.\n*[[461]] - Ο [[Μαϊοριανός]] συλλαμβάνεται κοντά στην Τορτόνα (βόρεια [[Ιταλία]]) και καθαιρείται από τον στρατηγό Ρικίμερο. \n*[[1274]] - Ο [[Εδουάρδος Α΄ της Αγγλίας]] επιστρέφει από τις [[σταυροφορίες]] και δεκαεπτά ημέρες αργότερα στέφεται βασιλιάς.\n*[[1610]] - Ο Χένρι Χάντσον πλέει σ' αυτόν που είναι σήμερα γνωστός ως [[Κόλπος Χάντσον]] νομίζοντας ότι βρήκε το Βορειοδυτικό Πέρασμα προς τον [[Ειρηνικός Ωκεανός|Ειρηνικό Ωκεανό]]. \n*[[1776]] - Υπογράφεται η [[Διακήρυξη της Ανεξαρτησίας των ΗΠΑ]].\n*[[1798]] – [[Πόλεμοι της Γαλλικής Επανάστασης]]: η [[ναυμαχία του Νείλου]] καταλήγει σε νίκη των [[Μεγάλη Βρετανία|Βρετανών]].\n*[[1830]] - Ο [[Κάρολος Ι΄ της Γαλλίας]] παραιτείται από το θρόνο υπέρ του εγγονού του, [[Ερρίκος Ε΄ της Γαλλίας|Ερρίκου Ε΄]].\n*[[1869]] - Το [[Ιαπωνία|ιαπωνικό]] ταξικό σύστημα των [[σαμουράι]], των αγροτών, των [[τεχνίτης|τεχνιτών]] και των [[Έμπορος|εμπόρων]] καταργείται ως μέρος της [[Μεταρρύθμιση Μεϊτζί|Μεταρρύθμισης Μεϊτζί]] (παραδοσιακή ιαπωνική ημερομηνία: [[25 Ιουνίου]] [[1869]]).\n*[[1903]] – Λαμβάνει χώρα η αποτυχημένη [[Εξέγερση του Ίλιντεν]], υπό την ηγεσία της [[Εσωτερική Μακεδονική Επαναστατική Οργάνωση|Εσωτερικής Μακεδονικής Επαναστατικής Οργάνωσης]], κατά της [[Οθωμανική Αυτοκρατορία|Οθωμανικής αυτοκρατορίας]]. \n*[[1913]] - Ο [[Χρήστος Κάκαλος]] κατακτά την υψηλότερη κορυφή του [[Όλυμπος|Ολύμπου]], το Μύτικα (2.917μ), μαζί με τους Ελβετούς [[Φρεντερίκ Μπουασονά]] και [[Ντανιέλ Μπο Μποβί]].\n*[[1916]] – [[Α΄ Παγκόσμιος Πόλεμος]]: [[Αυστροουγγαρία|αυστριακό]] σαμποτάζ προκαλεί τη βύθιση του [[Ιταλία|ιταλικού]] θωρηκτού ''Λεονάρντο ντα Βίντσι'' στον [[Τάραντας|Τάραντα]].\n*[[1918]] - Η [[Ιαπωνία]] ανακοινώνει την ανάπτυξη στρατευμάτων στη [[Σιβηρία]].\n*[[1918]] - Πραγματοποιείται στο [[Βανκούβερ]] η πρώτη [[γενική απεργία]] στην ιστορία του [[Καναδάς|Καναδά]].\n*[[1923]] - Ο αντιπρόεδρος [[Κάλβιν Κούλιτζ]] γίνεται [[πρόεδρος των Ηνωμένων Πολιτειών]] μετά το θάνατο του προέδρου [[Ουόρεν Χάρντινγκ]]. \n*[[1932]] - Ο [[Καρλ Ντέιβιντ Άντερσον]] ανακαλύπτει το [[ποζιτρόνιο]] ([[αντισωματίδιο]] του [[ηλεκτρόνιο]]υ).\n*[[1934]] – [[Gleichschaltung]]: ο [[Αδόλφος Χίτλερ]] γίνεται [[Φύρερ]] της [[Γερμανία]]ς μετά το θάνατο του προέδρου [[Πάουλ φον Χίντενμπουργκ]].\n* [[1939]] – Οι [[Αϊνστάιν]] και [[Λέο Σίλαρντ|Σίλαρντ]] γράφουν επιστολή στο [[Φραγκλίνος Ρούζβελτ|Φραγκλίνο Ρούζβελτ]] για την ανάγκη αναπτύξεως πυρηνικού όπλου.\n* [[1945]] – Τελειώνει η [[Διάσκεψη του Πότσδαμ]], όπου οι Σύμμαχοι συζήτησαν για το μέλλον της ηττημένης [[Γερμανία]]ς.\n* [[1969]] – Το διαστημόπλοιο ''[[Μάρινερ 6 και 7|Μάρινερ 7]]'' περνάει από τον πλανήτη Άρη και τον φωτογραφίζει.\n* [[1980]] – Θάνατος 85 ανθρώπων από έκρηξη βόμβας στο σιδηροδρομικό σταθμό της [[Μπολόνια]].\n* [[1985]] – Συντριβή αεροσκάφους στο Διεθνές Αεροδρόμιο του [[Ντάλας]] με 137 νεκρούς.\n* [[1990]] – Το [[Ιράκ]] του [[Σαντάμ Χουσεΐν]] εισβάλλει στο [[Κουβέιτ]], μετά την τοποθέτηση εξεδρών άντλησης πετρελαίου του δεύτερου στη μεθόριο περιοχή.\n* [[2017]] - Η παραγωγική ενταντικότητα των κύριων αγαθών (πετρέλαιο, φυσικό αέριο, νερό κ.α) της [[Γη]]ς, που θα πρέπει να καλύπτουν την ανθρωπότητα ανα έτος, ξεκινά να μειώνεται λόγω υπερεκμετάλλευσης.<ref>{{cite web|url=http://www.ert.gr/eidiseis/evzoia/perivallon/apo-tis-2-avgoustou-anthropotita-zi-pistosi-apo-ton-planiti/|title=Απο τις 2 Αυγούστου η ανθρωπότητα ζει με πίστωση απο τον πλανήτη|publisher=ert.gr|date=2 Αυγούστου 2017|accessdate=12 Απριλίου 2018|archiveurl=https://web.archive.org/web/20180416153517/http://www.ert.gr/eidiseis/evzoia/perivallon/apo-tis-2-avgoustou-anthropotita-zi-pistosi-apo-ton-planiti/|archivedate=2018-04-16|url-status=dead}}</ref>.\n\n== Γεννήσεις ==\n*[[1674]] – [[Φίλιππος της Ορλεάνης (1674-1723)|Φίλιππος Β΄]], δούκας της Ορλεάνης\n*[[1696]] – [[Μαχμούτ Α΄]], Οθωμανός σουλτάνος\n*[[1754]] – [[Πιερ Λ' Ανφάν]], Γάλλος αρχιτέκτονας και πολιτικός μηχανικός\n*[[1772]] - [[Λουδοβίκος Αντώνιος του Ανγκιέν|Λουδοβίκος Αντώνιος]], δούκας του Ανγκιέν\n*[[1834]] – [[Ωγκύστ Μπαρτολντί]], Γάλλος γλύπτης\n*[[1868]] – [[Κωνσταντίνος Α΄ της Ελλάδας|Κωνσταντίνος Α΄]], βασιλιάς της Ελλάδας\n*[[1892]] – [[Τζακ Γουόρνερ]], Καναδός κινηματογραφικός παραγωγός\n*[[1897]] – [[Καρλ Κοχ]], Γερμανός αξιωματικός των SS\n*[[1899]] - [[Τσαρλς Μπένετ (σεναριογράφος)|Τσαρλς Μπένετ]], Άγγλος σεναριογράφος\n*[[1922]] - [[Τουπούα Λεουπένα]], γενικός κυβερνήτης του Τουβαλού\n*[[1923]] – [[Σιμόν Πέρες]], Ισραηλινός πολιτικός\n*[[1925]] – [[Χόρχε Ραφαέλ Βιδέλα]], Αργεντινός στρατηγός και πολιτικός\n*[[1932]] – [[Πήτερ Ο' Τουλ]], Ιρλανδός ηθοποιός\n*[[1933]] - [[Ιωάννης Βαρβιτσιώτης]], Έλληνας πολιτικός\n*[[1938]] – [[Δήμος Μούτσης]], Έλληνας συνθέτης\n*[[1939]] – [[Γουές Κρέιβεν]], Αμερικανός σκηνοθέτης\n*[[1942]] – [[Ισαμπέλ Αγιέντε]], Χιλιανή συγγραφέας\n*[[1951]] – [[Τζο Λιν Τέρνερ]], Αμερικανός τραγουδιστής ([[Deep Purple]], [[Rainbow]], [[Fandango (Αμερικάνικο συγκρότημα)|Fandango]] και [[Hughes Turner Project]])\n*[[1966]] - [[Λευτέρης Μίλος]], Αλβανός ποδοσφαιριστής\n*[[1978]] – [[Γκόραν Γκάβρανσιτς]], Σέρβος ποδοσφαιριστής\n*[[1980]] – [[Νάντια Μπγιόρλιν]], Αμερικανίδα ηθοποιός\n*[[1982]] – [[Έλντερ Ποστίγκα]], Πορτογάλος ποδοσφαιριστής\n*[[1992]] - [[Charli XCX]], Αγγλίδα τραγουδίστρια\n\n== Θάνατοι ==\n*[[338 π.Χ.]] - [[Θεαγένης ο Θηβαίος|Θεαγένης]], Θηβαίος στρατηγός\n*[[640]] – [[Πάπας Σεβερίνος]]\n*[[686]] – [[Πάπας Ιωάννης Ε΄]]\n*[[924]] – [[Έλφγουιρντ του Ουέσσεξ|Έλφγουιρντ]], πιθανόν βασιλιάς του Ουέσσεξ\n*[[1075]] – [[Ιωάννης Η΄ Ξιφιλίνος]], Πατριάρχης Κωνσταντινουπόλεως\n*[[1100]] – [[Γουλιέλμος Β' της Αγγλίας|Γουλιέλμος Β΄]], βασιλιάς της Αγγλίας\n*[[1316]] – [[Λουδοβίκος της Βουργουνδίας]], πρίγκιπας της Αχαΐας\n*[[1332]] - [[Χριστόφορος Β΄ της Δανίας|Χριστόφορος Β΄]], βασιλιάς της Δανίας\n*[[1514]] - [[Γκιόν Καστριότι ο Νεότερος]], Αλβανός ευγενής\n*[[1530]] - [[Κανό Μασανόμπου]], Ιάπωνας ζωγράφος\n*[[1589]] – [[Ερρίκος Γ΄ της Γαλλίας|Ερρίκος Γ΄]], βασιλιάς της Γαλλίας\n*[[1776]] – [[Λουδοβίκος Φραγκίσκος Α´ του Κοντί|Λουδοβίκος Φραγκίσκος Α΄]], πρίγκηπας του Κοντί\n*[[1788]] - [[Τόμας Γκαίνσμπορω]], Άγγλος καλλιτέχνης\n*[[1849]] – [[Μεχμέτ Αλή Πασάς]], αντιβασιλιάς της Αιγύπτου\n*[[1876]] – [[Άγριος Μπιλ Χίκοκ]], Αμερικανός ήρωας της Άγριας Δύσης\n*[[1882]] - [[Ιωάννης Αντωνόπουλος (πολιτικός)|Ιωάννης Αντωνόπουλος]], Έλληνας πολιτικός\n*[[1921]] - [[Ενρίκο Καρούζο]], Ιταλός τενόρος\n*[[1922]] – [[Αλεξάντερ Γκράχαμ Μπελ]], Σκωτσέζος επιστήμονας\n*[[1923]] - [[Ουόρεν Χάρντινγκ]], 29ος πρόεδρος των Η.Π.Α.\n*[[1934]] – [[Πάουλ φον Χίντενμπουργκ]], Γερμανός στρατάρχης και πολιτικός\n*[[1945]] – [[Πιέτρο Μασκάνι]], Ιταλός συνθέτης\n*[[1958]] - [[Θεοφύλακτος Παπαθανασόπουλος]], αρχιεπίσκοπος Αυστραλίας\n*[[1970]] – [[Γιάννης Ντεσσές]], Έλληνας σχεδιαστής μόδας\n*[[1972]] - [[Ανδρέας Ιωάννου]], Έλληνας κριτικός τέχνης και νομάρχης\n*[[1976]] – [[Φριτς Λανγκ]], Αυστριακός σκηνοθέτης\n*[[1997]] – [[Γουίλιαμ Μπάροουζ]], Αμερικανός συγγραφέας\n*[[1999]] – [[Λίντα Άλμα]], Ελληνίδα χορεύτρια και ηθοποιός\n*[[2000]] - [[Αριστόβουλος Μάνεσης]], Έλληνας νομικός\n*[[2002]] - [[Φώτιος Πιτούλης]], Έλληνας πολιτικός\n*[[2005]] - [[Σωφρόνιος Περτσινίδης]], Έλληνας πολιτικός\n*[[2014]] - [[Κριστιάν Φρεμόν]], Γάλλος πολιτικός\n*[[2015]] - [[Μιχάλης Λιαρούτσος]], Έλληνας συγγραφέας\n\n== Αργίες και εορτές ==\n\n=== [[Ορθόδοξη Εκκλησία]] ===\n{{Πύλη:Ορθοδοξία/Εορτολόγιο/2 Αυγούστου}}\n{{Μήνες}}\n\n==Πηγές==\n<references />\n\n[[Κατηγορία:Ημέρες του έτους]]"}}}]}]}}