{"batchcomplete":true,"query":{"normalized":[{"fromencoded":false,"from":"2_Απριλίου","to":"2 Απριλίου"}],"pages":[{"pageid":6295,"ns":0,"title":"2 Απριλίου","revisions":[{"slots":{"main":{"contentmodel":"wikitext","contentformat":"text/x-wiki","content":"{{Μήνες Απριλίου}}\n\n<center>[[1 Απριλίου]] | '''2 Απριλίου''' | [[3 Απριλίου]] </center>\n\n----\nΗ '''2α Απριλίου''' είναι η 92η ημέρα του έτους κατά το [[Γρηγοριανό ημερολόγιο]] (93η σε δίσεκτα έτη). Υπολείπονται 273 ημέρες.\n\n{|width=100%\n| __TOC__\n| {{ΗμερολόγιοΣεΠίνακα|4}}\n|}\n\n== Γεγονότα ==\n*[[1513]] – Ο [[Ισπανία|Ισπανός]] εξερευνητής [[Χουάν Πόνθε ντε Λεόν]] γίνεται ο πρώτος [[Ευρώπη|Ευρωπαίος]] που αντικρίζει έδαφος της σημερινής [[Ηνωμένες Πολιτείες Αμερικής|αμερικανικής]] πολιτείας [[Φλόριντα]].\n*[[1794]] - Σχηματίζεται η πρώτη [[πολεμική αεροπορία]] στον κόσμο, μετά από απόφαση της [[Επιτροπή Κοινής Σωτηρίας|Επιτροπής Κοινής Σωτηρίας]], στη Γαλλία. Πρόκειται για το [[Γαλλικό Αεροστατικό Σώμα]], το οποίο χρησιμοποιούσε αερόστατα, κυρίως για παρατήρηση.\n*[[1800]] – Ο [[Λούντβιχ βαν Μπετόβεν]] διευθύνει την πρεμιέρα της [[1η Συμφωνία (Μπετόβεν)|1ης Συμφωνίας]] στη [[Βιέννη]]. \n*[[1801]] – [[Ναπολεόντειοι Πόλεμοι]]: Οι [[Βασίλειο της Μεγάλης Βρετανίας|Βρετανοί]] νικούν το στόλο της [[Δανία]]ς στη [[Ναυμαχία της Κοπεγχάγης (1801)|ναυμαχία της Κοπεγχάγης]].\n*[[1863]] - Η έλλειψη τροφίμων υποκινεί εκατοντάδες θυμωμένες γυναίκες να προβούν σε ταραχές στο [[Ρίτσμοντ (Βιρτζίνια)]] και να ζητήσουν από τη [[Συνομόσπονδες Πολιτείες της Αμερικής|συνομόσπονδη]] κυβέρνηση να παρέχει προμήθειες έκτακτης ανάγκης.\n*[[1911]] - Η Στατιστική Υπηρεσία της [[Αυστραλία]]ς πραγματοποιεί την πρώτη εθνική απογραφή της χώρας.\n*[[1912]] - Ο δύσμοιρος ''[[Τιτανικός]]'' ξεκινά θαλάσσιες δοκιμές.\n*[[1917]] - [[Α΄ Παγκόσμιος Πόλεμος]]: Ο [[Ηνωμένες Πολιτείες Αμερικής|Αμερικανός]] πρόεδρος [[Γούντροου Ουίλσον]] ζητά από το [[Κογκρέσο των Ηνωμένων Πολιτειών]] την κήρυξη του πολέμου κατά της [[Γερμανική Αυτοκρατορία|Γερμανίας]].\n*[[1967]] - Ο βασιλιάς [[Κωνσταντίνος Β΄ των Ελλήνων|Κωνσταντίνος]] αναθέτει εντολή σχηματισμού [[Κυβέρνηση Παναγιώτη Κανελλόπουλου 1967|κυβέρνησης]] στον [[Παναγιώτης Κανελλόπουλος|Παναγιώτη Κανελλόπουλο]], αρχηγό του δεύτερου σε δύναμη κόμματος της [[Βουλή των Ελλήνων|Βουλής]]. \n*[[1982]] - [[Πόλεμος των Φώκλαντ]]: η [[Αργεντινή]] εισβάλλει στα [[Νήσοι Φώκλαντ|νησιά Φώκλαντ]].\n\n== Γεννήσεις ==\n*[[747]] ή [[748]] - [[Καρλομάγνος]], βασιλιάς των Φράγκων\n*[[1348]] – [[Ανδρόνικος Δ´ Παλαιολόγος]], Βυζαντινός αυτοκράτορας\n*[[1545]] - [[Ελισάβετ των Βαλουά]], βασίλισσα της Ισπανίας\n*[[1586]] – [[Πιέτρο ντελα Βάλλε]], Ιταλός περιηγητής\n*[[1725]] – [[Τζάκομο Καζανόβα]], Ιταλός τυχοδιώκτης και συγγραφέας\n*[[1805]] – [[Χανς Κρίστιαν Άντερσεν]], Δανός συγγραφέας\n*[[1827]] – [[Ουίλιαμ Χόλμαν Χαντ]], Άγγλος ζωγράφος\n*[[1838]] – [[Λεόν Γκαμπετά]], Γάλλος πολιτικός\n*[[1840]] – [[Εμίλ Ζολά]], Γάλλος συγγραφέας\n*[[1841]] - [[Κλεμάν Αντέρ]], Γάλλος μηχανικός\n*[[1842]] - [[Γεώργιος Άβλιχος]], Έλληνας ζωγράφος\n*[[1883]] - [[Πολ Ραντέν]], Αμερικανός ανθρωπολόγος\n*[[1891]] – [[Μαξ Ερνστ]], Γερμανός ζωγράφος\n*[[1914]] – [[Άλεκ Γκίνες]], Άγγλος ηθοποιός\n*[[1928]] - [[Μαμουντού Τουρέ]], Σενεγαλέζος πολιτικός\n*[[1930]] - [[Θεόφιλος Καμπερίδης]], Έλληνας πολιτικός\n*[[1936]] - [[Αμπντελχαμίντ Μπραχίμι]], Αλγερινός πολιτικός\n*[[1939]] - [[Μάρβιν Γκέι]], Αμερικανός τραγουδιστής\n*[[1948]] – [[Δημήτρης Μητροπάνος]], Έλληνας τραγουδιστής\n*[[1960]] – [[Λίνφορντ Κρίστι]], Βρετανός αθλητής\n*[[1961]] – [[Κρίστοφερ Μελόνι]], Αμερικανός ηθοποιός\n*[[1962]] – [[Κλαρκ Γκρεγκ]], Αμερικανός ηθοποιός\n*[[1966]] – [[Τέντι Σέριγχαμ]], Άγγλος ποδοσφαιριστής\n*[[1977]] – [[Μάικλ Φασμπέντερ]], Γερμανός ηθοποιός\n*[[1985]] – [[Στεφάν Λαμπιέλ]], Ελβετός αθλητής του καλλιτεχνικού πατινάζ\n*[[1986]] – [[Ιμπραχίμ Αφελάι]], Ολλανδός ποδοσφαιριστής\n*[[1988]] – [[Κίμπερ Τζέιμς]], Αμερικανίδα τραβεστί\n\n== Θάνατοι ==\n*[[670]] - [[Χασάν ιμπν Αλί]], Άραβας χαλίφης\n*[[1118]] – [[Βαλδουίνος Α΄ της Ιερουσαλήμ|Βαλδουίνος Α΄]], βασιλιάς της Ιερουσαλήμ\n*[[1272]] - [[Ριχάρδος Α΄ της Κορνουάλης|Ριχάρδος Α΄]], κόμης της Κορνουάλης\n*[[1279]] - [[Άβελ, κύριος του Λάνγκελαντ]]\n*[[1305]] – [[Ιωάννα Α΄ της Ναβάρρας]], βασίλισσα της Γαλλίας\n*[[1412]] – [[Ρουί Γκονθάλεθ ντε Κλαβίχο]], Ισπανός περιηγητής και συγγραφέας\n*[[1416]] - [[Φερδινάνδος Α΄ της Αραγωνίας|Φερδινάνδος Α΄]], βασιλιάς της Αραγωνίας\n*[[1502]] – [[Αρθούρος της Ουαλίας|Αρθούρος]], πρίγκιπας της Ουαλίας\n*[[1641]] - [[Γεώργιος του Μπράουνσβαϊγκ|Γεώργιος]], δούκας του Μπράουνσβαϊγκ-Λύνεμπουργκ\n*[[1657]] – [[Φερδινάνδος Γ΄ της Αγίας Ρωμαϊκής Αυτοκρατορίας|Φερδινάνδος Γ΄]], αυτοκράτορας της Αγίας Ρωμαϊκής Αυτοκρατορίας\n*[[1872]] – [[Σάμιουελ Μορς]], Αμερικανός εφευρέτης\n*[[1914]] – [[Πάουλ Γιόχαν Λούντβιχ φον Χάιζε]], Γερμανός συγγραφέας\n*[[1947]] - [[Θύμιος Δεδούσης]], Έλληνας αξιωματικός και αντιστασιακός\n*[[1966]] - [[Σπύρος Μελάς]], Έλληνας συγγραφέας και δημοσιογράφος\n*[[1972]] - [[Φραντς Χάλντερ]], Γερμανός στρατιωτικός\n*[[1974]] – [[Ζωρζ Πομπιντού]], Γάλλος πολιτικός\n*[[1977]] - [[Βασίλειος Βασιλικός]], Έλληνας δημοσιογράφος και πολιτικός\n*[[1982]] - [[Λόλα Τσακίρη]], Ελληνίδα τραγουδίστρια\n*[[1984]] - [[Χρήστος Τούντας]], Έλληνας πολιτικός\n*[[1989]] – [[Μανώλης Αγγελόπουλος]], Έλληνας τραγουδιστής\n*[[1995]] – [[Χάνες Αλφβέν]], Σουηδός φυσικός\n*[[2000]] - [[Μαλαίνα Ανουσάκη]], Ελληνίδα ηθοποιός\n*[[2003]] - [[Τερένσι Μος]], Ισπανός συγγραφέας\n*[[2005]] – [[Πάπας Ιωάννης Παύλος Β΄]]\n*[[2007]] - [[Απόστολος Τεγόπουλος]], Έλληνας σκηνοθέτης\n*[[2012]] - [[Αργύρης Φιλιππίδης]], Έλληνας πολιτικός\n*[[2015]] - [[Χέιλι Οκάινς]], Αγγλίδα ακτιβίστρια\n*[[2015]] - [[Μανουέλ ντε Ολιβέιρα]], Πορτογάλος σκηνοθέτης\n*[[2016]] - [[Ρομπέρτ Αμπατζιάν]], Αρμένιος λοχίας\n*[[2016]] - [[Γκαλένο Φέρι]], Ιταλός εικονογράφος\n\n== Αργίες και εορτές ==\n* Παγκόσμια Ημέρα Παιδικού Βιβλίου (ως ημέρα των γενεθλίων του [[Χανς Κρίστιαν Άντερσεν]], βλ. ανωτ.)\n* Παγκόσμια Ημέρα [[Αυτισμός|Αυτισμού]]\n\n=== [[Ορθόδοξη Εκκλησία]] ===\n{{Πύλη:Ορθοδοξία/Εορτολόγιο/2 Απριλίου}}\n\n== Εξωτερικοί σύνδεσμοι ==\n* {{commonscat2|2 April}}\n\n\n{{Μήνες}}\n\n[[Κατηγορία:Ημέρες του έτους]]"}}}]}]}}