{"batchcomplete":true,"query":{"normalized":[{"fromencoded":false,"from":"2_Ιανουαρίου","to":"2 Ιανουαρίου"}],"pages":[{"pageid":924,"ns":0,"title":"2 Ιανουαρίου","revisions":[{"slots":{"main":{"contentmodel":"wikitext","contentformat":"text/x-wiki","content":"{{χωρίς παραπομπές|11|06|2022}}\n{{5μήνες|μ=1}}\n\n<center>[[1 Ιανουαρίου]] | '''2 Ιανουαρίου''' | [[3 Ιανουαρίου]]</center>\n\n----\nΗ '''2α Ιανουαρίου''' είναι η 2η ημέρα του έτους κατά το [[Γρηγοριανό ημερολόγιο]]. Υπολείπονται 363 ημέρες (364 σε δίσεκτα έτη).\n\n{|width=100%\n| __TOC__\n| {{ΗμερολόγιοΣεΠίνακα|1}}\n|}\n\n== Γεγονότα ==\n*[[69]] - Οι [[Λεγεώνα|ρωμαϊκές λεγεώνες]] στην [[Άνω Γερμανία (ρωμαϊκή επαρχία)|Άνω Γερμανία]] εξεγείρονται και ανακηρύσσουν αυτοκράτορα τον [[Βιτέλλιος|Βιτέλλιο]].\n*[[366]] – Οι [[Αλαμαννοί]] διασχίζουν τον παγωμένο ποταμό [[Ρήνος|Ρήνο]] εισβάλλοντας στη [[Ρωμαϊκή Αυτοκρατορία]].\n*[[533]] – Ο Μερκούριος γίνεται ο [[Πάπας Ιωάννης Β΄]], ο πρώτος [[Πάπας]] που υιοθετεί νέο όνομα με την ενθρόνισή του.\n*[[1492]] – [[Ρεκονκίστα]]: Παραδίδεται το [[Εμιράτο της Γρανάδας]], το τελευταίο οχυρό των [[Μαυριτανία|Μαυριτανών]] στην [[Ισπανία]].\n*[[1777]] - [[Αμερικανική Επανάσταση]]: Οι [[Ηνωμένες Πολιτείες Αμερικής|αμερικανικές]] δυνάμεις υπό τη διοίκηση του [[Τζορτζ Ουάσινγκτον]] απωθούν [[Βασίλειο της Μεγάλης Βρετανίας|βρετανική]] επίθεση κοντά στο [[Τρέντον (Νιου Τζέρσεϊ)]].\n*[[1788]] – Η [[Τζόρτζια]] γίνεται η τέταρτη πολιτεία που επικυρώνει το [[Σύνταγμα]] των [[Ηνωμένες Πολιτείες Αμερικής|Η.Π.Α.]]\n*[[1818]] - Ιδρύεται το [[Μεγάλη Βρετανία|βρετανικό]] Ίδρυμα Πολιτικών Μηχανικών.\n*[[1905]] – [[Ρωσοϊαπωνικός Πόλεμος]]: Η [[Ρωσία|ρωσική]] φρουρά στο [[Πορτ Άρθουρ]] της [[Κίνα|Κίνας]] παραδίδεται στους [[Ιαπωνία|Ιάπωνες]].\n*[[1942]] - [[Β΄ Παγκόσμιος Πόλεμος]]: Οι [[Ιαπωνία|ιαπωνικές]] δυνάμεις καταλαμβάνουν τη [[Μανίλα]] στις [[Φιλιππίνες]].\n*[[1945]] - [[Β΄ Παγκόσμιος Πόλεμος]]: Η [[Νυρεμβέργη]] στη [[Γερμανία]] βομβαρδίζεται από τις [[Συμμαχικές δυνάμεις (Β΄ Παγκόσμιος Πόλεμος)|συμμαχικές δυνάμεις]].\n*[[1959]] – Εκτοξεύεται από τη [[Ένωση Σοβιετικών Σοσιαλιστικών Δημοκρατιών|Σοβιετική Ένωση]] το ''[[Λουνά 1]]'', το πρώτο διαστημικό σκάφος με σκοπό να πλησιάσει τη [[Σελήνη]] και να τεθεί σε τροχιά γύρω από τον [[Ήλιος|Ήλιο]].\n*[[1963]] - [[Πόλεμος του Βιετνάμ]]: Οι [[Βιετκόνγκ]] επιτυγχάνουν την πρώτη τους μεγάλη νίκη στη μάχη του Απ Μπακ.\n*[[1967]] - Ο [[Ρόναλντ Ρήγκαν]], πρώην ηθοποιός και μελλοντικός πρόεδρος των [[Ηνωμένες Πολιτείες Αμερικής|Ηνωμένων Πολιτειών]], ορκίζεται ως κυβερνήτης της [[Καλιφόρνια|Καλιφόρνιας]].\n*[[1971]] – 66 οπαδοί σκοτώνονται στο [[Άιμπροξ]] κατά τη διάρκεια του [[Ποδόσφαιρο|ποδοσφαιρικού]] αγώνα μεταξύ [[Ρέιντζερς Γλασκώβης|Ρέιντζερς]]-[[Σέλτικ Γλασκώβης|Σέλτικ]].\n*[[1974]] – Ο [[Ηνωμένες Πολιτείες Αμερικής|Αμερικανός]] πρόεδρος [[Ρίτσαρντ Νίξον]] υπογράφει νομοσχέδιο που μειώνει το μέγιστο όριο ταχύτητας στις Η.Π.Α. στα 55 μίλια την ώρα (88,5 χλμ/ώρα), προκειμένου να εξοικονομηθεί [[βενζίνη]] κατά τη διάρκεια του εμπάργκο του [[Οργανισμός Εξαγωγών Πετρελαιοπαραγωγών Χωρών|ΟΠΕΚ]].\n*[[1978]] - Κατόπιν διαταγής του [[Μουχάμαντ Ζία-Ουλ-Χακ]], παραστρατιωτικές δυνάμεις ανοίγουν πυρ εναντίον ειρηνικών διαδηλωτών στο [[Μουλτάν]] του [[Πακιστάν]].\n*[[2006]] - Έκρηξη σε ανθρακωρυχείο στη [[Δυτική Βιρτζίνια]] παγιδεύει και σκοτώνει 12 ανθρακωρύχους, αφήνοντας μόνο έναν επιζώντα.\n\n== Γεννήσεις ==\n*[[1403]] - [[Βησσαρίων ο Τραπεζούντιος]], Βυζαντινός καρδινάλιος\n*[[1462]] - [[Πιέρο ντι Κόζιμο]], Ιταλός ζωγράφος\n*[[1642]] – [[Μωάμεθ Δ΄]], Οθωμανός σουλτάνος\n*[[1699]] – [[Οσμάν Γ΄]], Οθωμανός σουλτάνος\n*[[1727]] – [[Τζέημς Γουλφ]], Άγγλος στρατηγός\n*[[1822]] – [[Ρούντολφ Κλαούζιους]], Γερμανός φυσικός\n*[[1837]] - [[Μίλι Μπαλάκιρεφ]], Ρώσος πιανίστας και συνθέτης\n*[[1844]] - [[Ναρκίς Πελετιέ]], Γάλλος ναυτικός\n*[[1873]] - [[Τερέζ ντε Λισιέ]], Γαλλίδα μοναχή και συγγραφέας\n*[[1879]] - [[Ρούντολφ Μπόιερ]], Ούγγρος δισκοβόλος\n*[[1886]] – [[Άπσλεϊ Τσέρι-Γκάραρντ]], Άγγλος εξερευνητής\n*[[1890]] - [[Φίλιππος Δραγούμης]], Έλληνας πολιτικός\n*[[1895]] – [[Φόλκε Μπερναντόττε]], Σουηδός διπλωμάτης\n*[[1896]] - [[Τζίγκα Βερτόφ]], Ρώσος σκηνοθέτης\n*[[1897]] – [[Τζιμ Λόντος]], Έλληνας παλαιστής\n*[[1912]] - [[Οδυσσέας Αγγελής]], Έλληνας στρατιωτικός\n*[[1920]] – [[Ισαάκ Ασίμωφ]], Ρώσος συγγραφέας\n*[[1922]] - [[Μορίς Φορ]], Γάλλος πολιτικός\n*[[1924]] – [[Ευγένιος Σπαθάρης]], Έλληνας καλλιτέχνης του θεάτρου σκιών\n*[[1927]] - [[Γρηγόρης Βάρφης]], Έλληνας πολιτικός\n*[[1941]] - [[Τζανφράνκο Τερέντσι]], πολιτικός από τον Άγιο Μαρίνο\n*[[1945]] - [[Σλόμπονταν Πράλιακ]], Κροάτης στρατηγός\n*[[1949]] - [[Νικολάι Πάνκιν]], Ρώσος κολυμβητής\n*[[1955]] - [[Αγάθων Ιακωβίδης]], Έλληνας τραγουδιστής\n*[[1959]] - Γιώργος Σουξές, Έλληνας ηθοποιός\n*[[1961]] - [[Κίκι Λέσεντριτς]], Σέρβος συνθέτης\n*[[1961]] - [[Τοντ Χέινς]], Αμερικανός σκηνοθέτης\n*[[1964]] - [[Κρίστιαν Βελπ]], Γερμανός καλαθοσφαιριστής\n*[[1968]] - [[Κούμπα Γκούντινγκ Τζ.]], Αμερικανός ηθοποιός\n*[[1972]] – [[Χρήστος Μελέτογλου]], Έλληνας αθλητής\n*[[1976]] - [[Παθ Βέγα]], Ισπανίδα ηθοποιός\n*[[1976]] - [[Χρυσοπηγή Δεβετζή]], Ελληνίδα αθλήτρια\n*[[1980]] - [[Γιώργος Δέδας]], Έλληνας καλαθοσφαιριστής\n*[[1982]] – [[Αθανασία Τσουμελέκα]], Ελληνίδα αθλήτρια\n*[[1991]] - [[Μπεν Χάρντι]], Άγγλος ηθοποιός\n\n== Θάνατοι ==\n*[[826]] - [[Αδαλάρδος του Κορμπί]], Φράγκος ηγούμενος\n*[[1169]] - [[Μπερτράν ντε Μπλανκφόρ]], μέγας μάγιστρος των Ιπποτών του Ναού\n*[[1184]] - [[Θεοδώρα Κομνηνή της Σουαβίας]], δούκισσα της Αυστρίας\n*[[1302]] - [[Ερρίκος Α΄ του Μεκλεμβούργου|Ερρίκος Α΄]], λόρδος του Μεκλεμβούργου\n*[[1557]] - [[Τζάκοπο Ποντόρμο]], Ιταλός ζωγράφος\n*[[1597]] - [[Χατόρι Χάνζο]], Ιάπωνας νίντζα\n*[[1816]] - [[Λουί-Μπερνάρ Γκιτόν ντε Μορβώ]], Γάλλος χημικός και πολιτικός\n*[[1819]] - [[Μαρία Λουίζα της Πάρμας]], βασίλισσα της Ισπανίας\n*[[1861]] - [[Φρειδερίκος Γουλιέλμος Δ΄ της Πρωσίας|Φρειδερίκος Γουλιέλμος Δ΄]], βασιλιάς της Πρωσίας\n*[[1892]] - [[Τζωρτζ Αίρυ]], Άγγλος μαθηματικός και αστρονόμος\n*[[1896]] - [[Παναγιώτης Χιώτης]], Έλληνας συγγραφέας\n*[[1917]] - [[Έντουαρντ Μπάρνετ Τάιλορ]], Άγγλος ανθρωπολόγος\n*[[1917]] – [[Λεόν Φλαμένγκ]], Γάλλος ποδηλάτης\n*[[1920]] - [[Πωλ Αντάμ]], Γάλλος συγγραφέας\n*[[1924]] - [[Τζέιμς Τέμπλερ (αεροναυτικός)|Τζέιμς Τέμπλερ]], Άγγλος αεροναυτικός\n*[[1943]] - [[Τσαζίμ Κοτσούλι]], Αλβανός πολιτικός\n*[[1945]] - [[Μπέρτραμ Ράμσεϋ]], Άγγλος ναύαρχος\n*[[1950]] – [[Εμίλ Γιάνινγκς]], Γερμανός ηθοποιός\n*[[1950]] – [[Θεόφραστος Σακελλαρίδης]], Έλληνας συνθέτης\n*[[1953]] - [[Δημήτριος Γιαννόπουλος]], Έλληνας πολιτικός\n*[[1953]] - [[Γκούτσιο Γκούτσι]], Ιταλός επιχειρηματίας\n*[[1964]] - [[Πέτρος Σπανδωνίδης]], Έλληνας φιλόλογος και συγγραφέας\n*[[1980]] - [[Φίλιππος Δραγούμης]], Έλληνας πολιτικός\n*[[1980]] - [[Γεώργιος Μαυροφόρος]], Έλληνας γιατρός και πολιτικός\n*[[1990]] – [[Ευάγγελος Αβέρωφ]], Έλληνας πολιτικός\n*[[1996]] - [[Βασίλης Φόρης]],  Έλληνας φιλόλογος\n*[[1999]] – [[Σεμπάστιαν Χάφνερ]], Γερμανός δημοσιογράφος και συγγραφέας\n*[[2000]] - [[Μαρία δε λας Μερθέδες των Βουρβόνων-Δύο Σικελιών]], ινφάντα της Ισπανίας\n*[[2007]] – [[Τέντι Κόλεκ]], δήμαρχος της Ιερουσαλήμ\n*[[2009]] – [[Μαρία ντε Ζεσούς]], Πορτογαλίδα υπεραιωνόβια\n*[[2011]] - [[Τζον Όσμπορν (πολιτικός)|Τζον Όσμπορν]], πολιτικός από το Μοντσερράτ\n*[[2012]] - [[Λάρι Ράινχαρτ]], Αμερικανός κιθαρίστας\n*[[2013]] - [[Λαδισλάο Μαζουρκιέβιτς]], Ουρουγουανός ποδοσφαιριστής\n*[[2018]] - [[Ευγένιος Γκέραρντ]], Ολλανδός προπονητής ποδοσφαίρου\n*[[2019]] - [[Τζιν Όκερλαντ]], Αμερικανός δημοσιογράφος και αθλητικός σχολιαστής\n\n== Αργίες και εορτές ==\n\n=== [[Ορθόδοξη Εκκλησία]] ===\n{{Πύλη:Ορθοδοξία/Εορτολόγιο/2 Ιανουαρίου}}\n\n=== [[Καθολική Εκκλησία]] ===\n\n==== Ισχύον εορτολόγιο ====\n{{Commonscat|2 January}}\n* [[Βασίλειος Καισαρείας|Βασιλείου του Μεγάλου]] και [[Γρηγόριος Ναζιανζηνός|Γρηγορίου Ναζιανζηνού]], επισκόπων.\n==== Παραδοσιακό εορτολόγιο ====\n* Όγδοη ημέρα από τη γιορτή του πρωτομάρτυρος Στεφάνου.\n\n{{Μήνες}}\n\n[[Κατηγορία:Ημέρες του έτους]]"}}}]}]}}