{"batchcomplete":true,"query":{"normalized":[{"fromencoded":false,"from":"2_Ιουνίου","to":"2 Ιουνίου"}],"pages":[{"pageid":1926,"ns":0,"title":"2 Ιουνίου","revisions":[{"slots":{"main":{"contentmodel":"wikitext","contentformat":"text/x-wiki","content":"{{Μήνες Ιουνίου}}\n\n<center>[[1 Ιουνίου]] | '''2 Ιουνίου''' | [[3 Ιουνίου]]</center>\n\n----\n\nΗ '''2α Ιουνίου''' είναι η 153η ημέρα του έτους κατά το [[Γρηγοριανό ημερολόγιο]] (154η σε δίσεκτα έτη). Υπολείπονται 212 ημέρες.\n\n{|width=100%\n| __TOC__\n| {{ΗμερολόγιοΣεΠίνακα|6}}\n|}\n\n== Γεγονότα ==\n*[[455]] – Λεηλασία της [[Αρχαία Ρώμη|Ρώμης]]: Οι [[Βάνδαλοι]] μπαίνουν στη Ρώμη και λεηλατούν την πόλη για δύο εβδομάδες.\n*[[1098]] - [[Α΄ Σταυροφορία]]: Λήγει η πρώτη πολιορκία της [[Αρχαία Αντιόχεια|Αντιόχειας]] καθώς οι δυνάμεις των σταυροφόρων καταλαμβάνουν την πόλη.\n*[[1676]] - Γαλλοολλανδικός πόλεμος: Η [[Βασίλειο της Γαλλίας|Γαλλία]] εξασφαλίζει την υπεροχή του ναυτικού της στόλου για το εναπομένον διάστημα του πολέμου με τη νίκη της στη ναυμαχία του [[Παλέρμο]]. \n*[[1692]] - Η Μπρίτζετ Μπίσοπ είναι το πρώτο πρόσωπο που δικάζεται στη δίκη των [[Μάγισσες του Σάλεμ|μαγισσών του Σάλεμ]], στο Σάλεμ της [[Μασαχουσέτη|Μασαχουσέτης]]. Κρίθηκε ένοχη και εκτελέστηκε στις [[10 Ιουνίου]]. \n*[[1793]] - [[Γαλλική Επανάσταση]]: Ο [[Φρανσουά Ανριό]], αρχηγός της Παρισινής Εθνοφρουράς, συλλαμβάνει 22 [[Γιρονδίνοι|Γιρονδίνους]] που επιλέχθηκαν από τον [[Ζαν Πολ Μαρά]], θέτοντας τις βάσεις για τη Βασιλεία του Τρόμου.      \n*[[1825]] – Διεξάγεται η ναυμαχία της [[Σούδα Χανίων|Σούδας]] μεταξύ του [[Ελλάδα|ελληνικού]] και του [[Οθωμανική Αυτοκρατορία|οθωμανικού]] στόλου.\n*[[1896]] – Ο [[Γουλιέλμο Μαρκόνι]] κάνει αίτηση χορήγησης [[ευρεσιτεχνία]]ς για τη νέα του [[εφεύρεση]] συσκευής μετάδοσης παλμών και ηλεκτρικών σημάτων.\n*[[1919]] - [[Αναρχισμός|Αναρχικοί]] προκαλούν ταυτόχρονη έκρηξη βομβών σε οκτώ διαφορετικές πόλεις των [[Ηνωμένες Πολιτείες Αμερικής|Η.Π.Α.]] \n*[[1924]] – Ο [[Ηνωμένες Πολιτείες Αμερικής|Αμερικανός]] πρόεδρος [[Κάλβιν Κούλιτζ]] υπογράφει νόμο με τον οποίο χορηγείται [[Ιθαγένεια|υπηκοότητα]] σε όλους τους ιθαγενείς Αμερικανούς που γεννήθηκαν εντός των εδαφικών ορίων των Ηνωμένων Πολιτειών.\n*[[1941]] - [[Β΄ Παγκόσμιος Πόλεμος]]: [[Ναζιστική Γερμανία|Γερμανοί]] αλεξιπτωτιστές εκτελούν [[Έλληνες]] πολίτες στο χωριό [[Σφαγή στο Κοντομαρί|Κοντομαρί]]. \n*[[1946]] – [[Ιταλικό δημοψήφισμα του 1946]]: Σε [[δημοψήφισμα]], οι [[Ιταλία|Ιταλοί]] ψηφίζουν υπέρ της στροφής της Ιταλίας από τη [[μοναρχία]] στη [[Πολιτεία (έννοια)|δημοκρατία]]. Μετά το δημοψήφισμα, εξορίζεται ο βασιλιάς [[Ουμβέρτος Β΄ της Ιταλίας]].\n*[[1953]] – Η [[Ελισάβετ Β΄ του Ηνωμένου Βασιλείου|Ελισάβετ Β΄]] στέφεται βασίλισσα του [[Ηνωμένο Βασίλειο|Ηνωμένου Βασιλείου]], [[Καναδάς|Καναδά]], [[Αυστραλία]]ς, [[Νέα Ζηλανδία|Νέας Ζηλανδίας]] και άλλων εδαφών και επικεφαλής της [[Κοινοπολιτεία των Εθνών|Κοινοπολιτείας των Εθνών]]. Πρόκειται για το πρώτο μεγάλο διεθνές γεγονός που μεταδίδεται τηλεοπτικά.\n*[[1955]] – Η [[Ένωση Σοβιετικών Σοσιαλιστικών Δημοκρατιών|Ε.Σ.Σ.Δ.]] και η [[Σοσιαλιστική Ομοσπονδιακή Δημοκρατία της Γιουγκοσλαβίας|Γιουγκοσλαβία]] υπογράφουν τη Δήλωση του [[Βελιγράδι|Βελιγραδίου]], εξομαλύνοντας έτσι τις σχέσεις μεταξύ των δύο χωρών, που διακόπηκαν το [[1948]].\n*[[1962]] - Κατά τη διάρκεια του [[Παγκόσμιο Κύπελλο Ποδοσφαίρου 1962|Παγκοσμίου Κυπέλλου Ποδοσφαίρου]], η αστυνομία αναγκάζεται να παρέμβει πολλές φορές στις συγκρούσεις μεταξύ των [[Εθνική Χιλής (ποδόσφαιρο ανδρών)|Χιλιανών]] και των [[Εθνική Ιταλίας (ποδόσφαιρο ανδρών)|Ιταλών]] παικτών σε ένα από τα πιο βίαια παιχνίδια στην ιστορία του [[Ποδόσφαιρο|ποδοσφαίρου]].\n*[[1965]] – Ο «δράκος του Σέιχ Σου» [[Αριστείδης Παγκρατίδης]] παραπέμπεται σε δίκη για δολοφονία εκ προθέσεως, ασέλγεια και κλοπή.\n*[[1966]] - [[Πρόγραμμα Surveyor]]: Το [[Surveyor 1]] προσεδαφίζεται στον [[Ωκεανός των Καταιγίδων|Ωκεανό των Καταιγίδων]] στη [[Σελήνη]].\n*[[1967]] – Κατά την άφιξη του [[Σάχης|σάχη]] του [[Ιράν]] στο [[Δυτικό Βερολίνο]], πραγματοποιούνται διαδηλώσεις που μετατρέπονται σε ταραχές, κατά τις οποίες σκοτώνεται από αστυνομικό ο [[Μπένο Όνεζοργκ]]. Ο θάνατός του έχει ως αποτέλεσμα την ίδρυση της [[Τρομοκρατία|τρομοκρατικής]] οργάνωσης \"Κίνημα 2ας Ιουνίου\".\n*[[1971]] – Ο [[ΑΦΚ Άγιαξ|Άγιαξ]] νικά τον [[Παναθηναϊκός (ποδόσφαιρο)|Παναθηναϊκό]] με 2–0 στον [[Τελικός Κυπέλλου Πρωταθλητριών 1971|τελικό του Κυπέλλου Πρωταθλητριών]] [[Ποδόσφαιρο|Ποδοσφαίρου]] στο [[στάδιο Γουέμπλεϊ]].\n*[[1979]] – Ο [[Πάπας Ιωάννης Παύλος Β΄]] ξεκινά την πρώτη επίσημη επίσκεψή του στην πατρίδα του, την [[Πολωνία]], και γίνεται ο πρώτος [[Πάπας]] που επισκέπτεται μία [[Κομμουνισμός|κομμουνιστική]] χώρα.\n*[[1983]] - Μετά από αναγκαστική προσγείωση λόγω πυρκαγιάς κατά την πτήση, 23 επιβάτες της πτήσης 797 της [[Air Canada]] σκοτώνονται από [[Flashover|στιγμιαία ανάφλεξη πυρκαγιάς]] όταν ανοίγουν οι πόρτες του αεροσκάφους. Λόγω αυτού του γεγονότος, δημιουργούνται πολλοί νέοι κανονισμοί ασφαλείας.\n*[[1990]] - Ξέσπασμα 66 επιβεβαιωμένων [[Σίφωνας|σιφώνων]] στο [[Ιλινόι]], την [[Ιντιάνα]], το [[Κεντάκι]] και το [[Οχάιο]], με απολογισμό 9 νεκρούς.\n*[[1997]] – Στο [[Ντένβερ]], ο Τίμοθι Μακβέι κρίνεται ένοχος για τη δολοφονία 15 ατόμων και για συνωμοσία λόγω του ρόλου του στη [[Βομβιστική επίθεση της Οκλαχόμα Σίτι|βομβιστική επίθεση]] στο [[ομοσπονδιακό κτίριο «Alfred P. Murrah»]] στην [[Οκλαχόμα Σίτι]] το [[1995]], όπου σκοτώθηκαν 168 άτομα. Εκτελέστηκε τέσσερα χρόνια αργότερα.\n*[[2012]] - Ο πρώην [[πρόεδρος της Αιγύπτου]] [[Χόσνι Μουμπάρακ]] καταδικάζεται σε [[ισόβια κάθειρξη]] για το ρόλο του στη δολοφονία διαδηλωτών κατά την [[Αιγυπτιακή Επανάσταση του 2011]].\n== Γεννήσεις ==\n*[[1202]] - [[Μαργαρίτα Β΄ της Φλάνδρας|Μαργαρίτα Β΄]], κόμισσα της Φλάνδρας\n*[[1423]] - [[Φερδινάνδος Α΄ της Νάπολης|Φερδινάνδος Α΄]], βασιλιάς της Νάπολης\n*[[1489]] - [[Κάρολος του Βαντόμ|Κάρολος των Βουρβόνων]] δούκας του Βαντόμ\n*[[1535]] – [[Πάπας Λέων ΙΑ΄]]\n*[[1740]] – [[Μαρκήσιος ντε Σαντ]], Γάλλος συγγραφέας\n*[[1743]] – [[Αλεσσάντρο Καλιόστρο]], Σικελός αποκρυφιστής\n*[[1840]] – [[Τόμας Χάρντι]], Άγγλος συγγραφέας\n*[[1857]] - [[Έντουαρντ Έλγκαρ]], Άγγλος συνθέτης\n*[[1897]] - [[Ταν Μαλάκα]], Ινδονήσιος κομμουνιστής ηγέτης\n*[[1899]] - [[Λότε Ράινιγκερ]], Γερμανίδα σκηνοθέτης\n*[[1904]] – [[Τζόνι Βαϊσμίλερ]], Αμερικανός κολυμβητής και ηθοποιός\n*[[1906]] - [[Κάρλο Σκάρπα]], Ιταλός αρχιτέκτονας\n*[[1929]] – [[Κεν Μακ Γκρέγκορ]], Αυστραλός αντισφαιριστής\n*[[1935]] – [[Δημήτρης Κιτσίκης]], Έλληνας τουρκολόγος\n*[[1940]] – [[Κωνσταντίνος Β΄ της Ελλάδας|Κωνσταντίνος Β΄]], βασιλιάς της Ελλάδας\n*[[1958]] – [[Λεξ Λούγκερ]], Αμερικανός παλαιστής\n*[[1972]] – [[Γουέντγουορθ Μίλλερ]], Άγγλος ηθοποιός\n*[[1977]] – [[Έι Τζέι Στάιλς]], Αμερικανός παλαιστής\n*[[1988]] – [[Σέρχιο Αγουέρο]], Αργεντινός ποδοσφαιριστής\n\n== Θάνατοι ==\n*[[657]] - [[Πάπας Ευγένιος Α΄]]\n*[[828]] – [[Πατριάρχης Νικηφόρος Α΄|Νικηφόρος Α΄]], Πατριάρχης Κωνσταντινουπόλεως\n*[[1098]] - [[Γιαγκί Σιγιάν]], εμίρης της Αντιόχειας\n*[[1418]] - [[Αικατερίνη του Λάνκαστερ]], βασίλισσα της Καστίλης\n*[[1519]] - [[Φίλιππος του Λουξεμβούργου]], Γάλλος καρδινάλιος\n*[[1701]] - [[Μαντλέν ντε Σκυντερύ]], Γαλλίδα συγγραφέας\n*[[1805]] - [[Μαρία Τερέζα της Σαβοΐας|Μαρία Τερέζα]], κόμισσα της Σαβοΐας\n*[[1876]] - [[Χρίστο Μπότεφ]], Βούλγαρος επαναστάτης\n*[[1882]] – [[Τζουζέπε Γκαριμπάλντι]], Ιταλός στρατηγός και πολιτικός\n*[[1928]] - [[Αδέλα Ζαμούδιο Ριβέρο]], Βολιβιανή συγγραφέας και ποιήτρια\n*[[1937]] - [[Λουί Βιέρν]], Γάλλος συνθέτης\n*[[1948]] – [[Βίκτορ Μπρακ]], Γερμανός ιατρός\n*[[1948]] – [[Καρλ Μπραντ]], Γερμανός αξιωματικός των SS\n*[[1967]] - [[Μπένο Όνεζοργκ]], Γερμανός φοιτητής και ακτιβιστής\n*[[1970]] - [[Μπρους ΜακΛάρεν]], Νεοζηλανδός οδηγός αγώνων\n*[[1984]] – [[Γεώργιος Καζάσογλου]], Έλληνας συνθέτης\n*[[1986]] - [[Γεωργία Ταρσούλη]], Ελληνίδα δημοσιογράφος και συγγραφέας\n*[[1990]] – [[Ρεξ Χάρισον]], Άγγλος ηθοποιός\n*[[1991]] – [[Αχμέντ Αρίφ]], Τούρκος ποιητής\n*[[1995]] - [[Σταύρος Αθανασιάδης]], Έλληνας πολιτικός\n*[[2003]] – [[Φρέντι Μπλάσι]], Αμερικανός παλαιστής\n*[[2023]] - [[Νόνικα Γαληνέα]] Ελληνίδα ηθοποιός,\n\n== Αργίες και εορτές ==\n\n=== [[Ορθόδοξη Εκκλησία]] ===\n{{Πύλη:Ορθοδοξία/Εορτολόγιο/2 Ιουνίου}}\n\n{{Μήνες}}\n\n[[Κατηγορία:Ημέρες του έτους]]"}}}]}]}}