{"batchcomplete":true,"query":{"normalized":[{"fromencoded":false,"from":"2_Νοεμβρίου","to":"2 Νοεμβρίου"}],"pages":[{"pageid":3554,"ns":0,"title":"2 Νοεμβρίου","revisions":[{"slots":{"main":{"contentmodel":"wikitext","contentformat":"text/x-wiki","content":"{{Μήνες Νοεμβρίου}}\n\n<center>[[1 Νοεμβρίου]] | '''2 Νοεμβρίου''' | [[3 Νοεμβρίου]]</center>\n\n----\n{{ΗμερολόγιοΣεΠίνακα|11}}\nΗ '''2α Νοεμβρίου''' είναι η 306η ημέρα του έτους κατά το [[Γρηγοριανό ημερολόγιο]] (307η σε δίσεκτα έτη). Υπολείπονται 59 ημέρες.\n\n== Γεγονότα ==\n* [[1868]] - Η [[Νέα Ζηλανδία]] υιοθετεί επίσημα συγκεκριμένη [[ζώνη ώρας]], η οποία πρέπει να τηρείται σε εθνικό επίπεδο.\n*[[1881]] -Μετά τον Ρωσοτουρκικό Πόλεμο του [[1877]] και την διάσκεψη της [[Κωνσταντινούπολη|Κωνσταντινούπολης]] ([[1881]]), η [[Θεσσαλία]] παραχωρήθηκε στο νεοελληνικό κράτος, και στις 2 Νοεμβρίου  ο [[Ελληνικός Στρατός Ξηράς|Ελληνικός Στρατός]] εισήλθε στον  [[Βόλος]]\n* [[1882]] - Η πόλη [[Όουλου (πόλη)|Όουλου]] στη [[Φινλανδία]] καταστρέφεται από πυρκαγιά.\n* [[1889]] - Η [[Βόρεια Ντακότα|Βόρεια]] και η [[Νότια Ντακότα]] γίνονται αντίστοιχα η 39η και η 40η [[Πολιτείες των ΗΠΑ|πολιτείες των Η.Π.Α.]]\n* [[1899]] - Οι [[Μπόερς]] αρχίζουν την 118 ημερών πολιορκία του Λέιντισμιθ κατά τη διάρκεια του [[Δεύτερος Πόλεμος των Μπόερς|Δευτέρου Πολέμου των Μπόερς]].\n* [[1909]] - Ιδρύεται στο [[Πανεπιστήμιο της Βοστώνης]] η αδελφότητα Λάμδα Χι Άλφα (ΛΧΑ). \n* [[1912]] - [[Α΄ Βαλκανικός πόλεμος]]: το [[Ελληνικό Πολεμικό Ναυτικό|Ελληνικό Βασιλικό Ναυτικό]] απελευθερώνει το [[Άγιο Όρος]].\n* [[1914]] - [[Α΄ Παγκόσμιος Πόλεμος]]: η [[Ρωσική Αυτοκρατορία|Ρωσία]] κηρύσσει τον πόλεμο στην [[Οθωμανική Αυτοκρατορία]].\n* [[1920]] - Στις [[Ηνωμένες Πολιτείες Αμερικής]], ο KDKA του [[Πίτσμπεργκ]] στην [[Πενσυλβάνια]] ξεκινά την εκπομπή του ως ο πρώτος εμπορικός ραδιοφωνικός σταθμός. Στην πρώτη του εκπομπή μεταδίδει το αποτέλεσμα των αμερικανικών προεδρικών εκλογών του 1920.  \n* [[1930]] - Ο [[Χαϊλέ Σελασιέ Α΄]] στέφεται αυτοκράτορας της [[Αιθιοπία]]ς.\n* [[1936]] - Η Βρετανική Εταιρεία Μεταδόσεων ([[BBC]]) ξεκινά το BBC Television Service, την πρώτη παγκοσμίως υπηρεσία «υψηλής ευκρίνειας» (τότε οριζόταν στις τουλάχιστον 200 γραμμές). Το [[1964]] μετονομάστηκε σε [[BBC One|BBC1]]. \n* [[1940]] - [[Β΄ Παγκόσμιος Πόλεμος]]: πρώτη μέρα της [[Μάχη Ελαίας - Καλαμά|μάχης Ελαίας - Καλαμά]] [[Ελληνοϊταλικός πόλεμος (1940-1941)|μεταξύ των Ελλήνων και των Ιταλών]]. \n* [[1947]] - Στην [[Καλιφόρνια]], ο σχεδιαστής [[Χάουαρντ Χιουζ]] εκτελεί την παρθενική (και μοναδική) πτήση του [[Hughes H-4 Hercules]], του μεγαλύτερου [[Αεροσκάφος|αεροσκάφους]] με σταθερά πτερύγια που κατασκευάστηκε ποτέ.\n* [[1960]] - [[Μεγάλη Βρετανία|Βρετανικό]] δικαστήριο αθωώνει την Penguin Books καθώς αποφαίνεται ότι το βιβλίο του [[Ντ. Χ. Λώρενς]] ''Ο Εραστής της Λαίδης Τσάτερλι'' δεν είναι ανήθικο.\n* [[1964]] - Ο βασιλιάς [[Σαούντ της Σαουδικής Αραβίας]] καθαιρείται από οικογενειακό [[πραξικόπημα]] και αντικαθίσταται από τον ετεροθαλή αδελφό του, [[Φαϊζάλ της Σαουδικής Αραβίας|Φαϊζάλ]].\n* [[1965]] - Ο 31χρονος [[Κουάκεροι|κουάκερος]] Νόρμαν Μόρισον αυτοπυρπολείται έξω από το [[Πεντάγωνο (ΗΠΑ)|αμερικανικό Πεντάγωνο]] σε ένδειξη διαμαρτυρίας για τη χρήση των [[ναπάλμ]] στον [[Πόλεμος του Βιετνάμ|Πόλεμο του Βιετνάμ]].\n* [[1970]] - Αυτοτραυματίζεται στο φάρυγγα με περίστροφο, προσπαθώντας να αυτοκτονήσει, ο πρεσβευτής της [[Τσεχοσλοβακία|Τσεχοσλοβακίας]] στην [[Αθήνα]] Πάβελ Μάζλινγκ. Η απόπειρα έγινε μέσα στο κτίριο της τσεχοσλοβακικής πρεσβείας. Ο Μάζλινγκ ανήκει στην ομάδα των \"σκληρών\" φιλοσοβιετικών, που κατηγορούν τον ηγέτη της χώρας Γκούσταβ Χούζακ για ήπια αντιμετώπιση των μεταρρυθμιστών της [[Άνοιξη της Πράγας|\"Άνοιξης της Πράγας\"]].\n* [[1977]] - Σφοδρή καταιγίδα πλήττει την [[Αθήνα]] και τον [[Πειραιάς|Πειραιά]], με απολογισμό 37 νεκρούς.\n* [[1991]] - Ενθρονίζεται ο Οικουμενικός [[Πατριάρχης Βαρθολομαίος Α΄]].\n* [[1994]] - Στην Αίγυπτο, πεθαίνουν 500 άτομα, στην πόλη Ντουρούνκα  στην περιοχή Ασιούτ, 400 χλμ. νότια του Καΐρου, από έκρηξη σε δεξαμενή καυσίμων.\n* [[1995]] - Διεξάγονται οι πρώτες πολυφυλετικές εκλογές στη [[Νότια Αφρική]].\n* 1995- Αρχίζει το πειραματικό πρόγραμμα χορήγησης [[μεθαδόνη]]ς σε χρήστες ναρκωτικών ουσιών.\n* [[1998]] - Ο [[ΟΤΕ]] γίνεται η πρώτη ελληνική επιχείρηση που φιγουράρει στη [[Γουόλ Στριτ]](Χρηματιστήριο Ν. Υόρκης).\n* 1998 - Στην [[Αμπούτζα]] της Νιγηρίας, υπογράφεται ειρηνευτική συμφωνία ανάμεσα στον Πρόεδρο της [[Γουινέα-Μπισσάου|Γουινέας-Μπισσάου]] [[Νίνο Βιέιρα]] και στον ηγέτη των ανταρτών, [[Ανσουμάνε Μανέ]].\n* [[1999]] - Το [[Μαυροβούνιο]] υιοθετεί ως 2ο επίσημο [[Νόμισμα (Νομισματική μονάδα)|νόμισμα]] το [[γερμανικό μάρκο]].\n* 1999 - Πρώτη απονομή του [[Διεθνές Βραβείο Μελίνα Μερκούρη|Βραβείου «Μελίνα Μερκούρη»]] από την [[UNESCO]] (απονέμεται σε 3 περιοχές, στην κοιλάδα Βινάλες της Κούβας, στο υπαίθριο μουσείο Πεντβάλ της Λιθουανίας και στο Πάρκο Ελίσα στην Ιεριχώ).\n* 1999 - Το [[ΝΒΑ]] προκειμένου να βελτιώσει το θέαμα ανακοινώνει σειρές αλλαγών στους κανονισμούς και την εισαγωγή ντόπινγκ κοντρόλ και έλεγχο για μαριχουάνα για όλους τους παίκτες. \n* [[2000]] - Στρατιωτικό άρμα προσκρούει σε αγορά στην πόλη Μαλάντζ της [[Αγκόλα]]ς, με συνέπεια να σκοτωθούν 14 άτομα.\n* 2000 - Η [[Γιουγκοσλαβία]] επανέρχεται στον [[ΟΗΕ]].\n* 2000 - Κλείνει το ιστορικό στάδιο του [[Γουέμπλεϊ]], στο [[Λονδίνο]].\n* 2000 - Το πρώτο πλήρωμα (1 Αμερικανός αστροναύτης και 2 Ρώσοι κοσμοναύτες) φτάνει στο Διεθνή Διαστημικό Σταθμό (αρχίζει η τετράμηνη αποστολή των προαναφερθέντων).\n* [[2001]] - Εκδηλώνεται νέο [[πραξικόπημα]] στο αποσχισθέν νησί [[Ανζουάν]] στις νήσους Κομόρες. Είναι το τρίτο πραξικόπημα που γίνεται στο νησί μέσα σε λιγότερους από 2,5 μήνες. Στο σημερινό αναίμακτο πραξικόπημα ο διοικητής του νησιού, Πρόεδρος [[Μοχάμετ Μπακάρ]] , ανατρέπεται.\n* 2001 - Πρεμιέρα της ταινίας κινουμένων σχεδίων «[[Μπαμπούλας Α.Ε.]]» (στην πρώτη της προβολή σημειώνει ρεκόρ πωλήσεων όλων των εποχών για ταινία με κινούμενα σχέδια και γίνεται η 6η καλύτερη όλων των εποχών).\n* [[2002]] - Σε επίθεση κατά ανταρτών στο [[Μπουρούντι]], βρίσκουν το θάνατο 51 άνθρωποι.\n* [[2003]] - Από κατάρριψη μεταγωγικού ελικοπτέρου «Σινούκ» από ιρακινούς αντάρτες στη Φαλούτζα του [[Ιράκ]], σκοτώνονται 16 Αμερικανοί στρατιώτες και άλλοι 21 τραυματίζονται. Πρόκειται για τη φονικότερη επίθεση κατά Αμερικανών στο Ιράκ.\n* 2003 - Χειροτονείται στο [[Νιου Χαμσάιρ]] ο πρώτος δηλωμένος [[ομοφυλόφιλος]] επίσκοπος στις ΗΠΑ (Αγγλικανός). 4.000 άνθρωποι παρακολούθησαν τη χειροτονία.\n* [[2004]] - Στις προεδρικές εκλογές στις ΗΠΑ, σκληρή είναι η αναμέτρηση ανάμεσα στον Πρόεδρο [[Τζορτζ Γουόκερ Μπους]] και στο γερουσιαστή [[Τζον Κέρι]]. Ο Τζορτζ Μπους ο νεότερος επανεκλέγεται με περίπου 51% για άλλη μια τετραετία, καθώς το Οχάιο περνάει οριστικά στα χέρια των Ρεπουμπλικάνων και μαζί οι 20 «πολύτιμοι» εκλέκτορες που δίνουν τη νίκη στον Αμερικανό πρόεδρο.\n\n== Γεννήσεις ==\n* [[1428]] - [[Γιολάνδη του Ανζού]]\n* [[1470]] - [[Εδουάρδος Ε΄ της Αγγλίας|Εδουάρδος Ε΄]], βασιλιάς της Αγγλίας\n* [[1699]] - [[Ζαν Μπατίστ Σιμεόν Σαρντέν]], Γάλλος ζωγράφος\n* [[1709]] - [[Άννα της Μεγάλης Βρετανίας (1709–1759)|Άννα]], πριγκίπισσα της Οράγγης\n* [[1755]] - [[Μαρία Αντουανέτα]], βασίλισσα της Γαλλίας\n* [[1795]] - [[Τζέιμς Νοξ Πολκ]], 11ος πρόεδρος των Η.Π.Α.\n* [[1808]] - [[Ζυλ Μπαρμπέ ντ’ Ωρεβιγύ]], Γάλλος συγγραφέας\n* [[1815]] - [[Τζορτζ Μπουλ]], Άγγλος μαθηματικός και φιλόσοφος\n* [[1844]] - [[Μωάμεθ Ε΄]], Οθωμανός σουλτάνος\n* [[1861]] - [[Γκεόργκι Λβοφ]], Ρώσος πολιτικός\n* [[1865]] - [[Ουόρεν Χάρντινγκ]], 29ος πρόεδρος των Η.Π.Α.\n* [[1881]] - [[Πολύβιος Κορύλλος]], Έλληνας ιατρός\n* [[1885]] - [[Χάρλοου Σάπλεϋ]], Αμερικανός αστρονόμος\n* [[1893]] - [[Μπαττίστα Πινινφαρίνα]], Ιταλός επιχειρηματίας\n* [[1906]] - [[Λουκίνο Βισκόντι]], Ιταλός σκηνοθέτης\n* [[1911]] - [[Οδυσσέας Ελύτης]], Έλληνας ποιητής\n* [[1913]] - [[Μπαρτ Λάνκαστερ]], Αμερικανός ηθοποιός\n* [[1936]] - [[Τζακ Στάριτ]], Αμερικανός ηθοποιός και σκηνοθέτης\n* [[1938]] - [[Σοφία της Ελλάδας (1938)|Σοφία]], βασίλισσα της Ισπανίας\n* [[1944]] - [[Λίζελ Βέστερμαν]], Γερμανίδα δισκοβόλος\n* [[1944]] - [[Κιθ Έμερσον]], Άγγλος μουσικός\n* [[1945]] - [[Γιώργος Κολοκυθάς]], Έλληνας καλαθοσφαιριστής\n* [[1951]] - [[Βασίλης Λεβέντης]], Έλληνας πολιτικός\n* [[1959]] - [[Νότης Σφακιανάκης]], Έλληνας τραγουδιστής\n* [[1963]] - [[Μπόρουτ Πάχορ]], Σλοβένος πολιτικός\n* [[1966]] - [[Ντέιβιντ Σουίμερ]], Αμερικανός ηθοποιός \n* [[1977]] - [[Κωνσταντίνος Οικονομίδης]], Έλληνας αντισφαιριστής\n* [[1982]] - [[Σαρλ Ιτάνζ]], Καμερουνέζος ποδοσφαιριστής\n* [[1983]] - [[Ντάρεν Γιανγκ]], Αμερικανός παλαιστής\n* [[1984]] - [[Αναστασία Κάρποβα]], Ρωσίδα τραγουδίστρια ([[Serebro]])\n* [[1990]] - [[Κένταλ Σμιτ]], Αμερικανός ηθοποιός και τραγουδιστής\n\n== Θάνατοι ==\n* [[1083]] - [[Ματθίλδη της Φλάνδρας]], βασίλισσα της Αγγλίας\n* [[1171]] - [[Βαλδουίνος Δ΄ του Αινώ|Βαλδουίνος Δ΄]], κόμης του Αινώ\n* [[1217]] - [[Φίλιππος του Ντρε]], Γάλλος επίσκοπος\n* [[1220]] - [[Ουρράκα της Καστίλης]], βασίλισσα της Πορτογαλίας\n* [[1327]] - [[Ιάκωβος Β΄ της Αραγωνίας|Ιάκωβος Β΄]], βασιλιάς της Αραγωνίας\n* [[1618]] - [[Μαξιμιλιανός Γ΄ της Αυστρίας|Μαξιμιλιανός Γ']], αρχιδούκας της Αυστρίας\n* [[1664]] - [[Γεώργιος Γκίκας]], πρίγκιπας της Βλαχίας\n* [[1930]] - [[Βίγκο Γιένσεν]], Δανός αθλητής\n* [[1950]] - [[Τζορτζ Μπέρναρντ Σω]], Ιρλανδός θεατρικός συγγραφέας\n* [[1960]] - [[Δημήτρης Μητρόπουλος]], Έλληνας διευθυντής ορχήστρας και συνθέτης\n* [[1961]] - [[Ιωάννης Σπαθάρης]], Έλληνας δημοσιογράφος και πολιτικός\n* [[1971]] - [[Μάρθα Βίκερς]], Αμερικανίδα ηθοποιός\n* [[1973]] - [[Αντώνιος Μπερνάρης]], Έλληνας πολιτικός\n* [[1975]] - [[Πιερ Πάολο Παζολίνι]], Ιταλός σκηνοθέτης\n* [[1979]] - [[Μανώλης Καστρινός]], Έλληνας χορευτής\n* [[1997]] - [[Ζήσης Παπαλαζάρου]], Έλληνας πολιτικός\n* [[1999]] - [[Δημήτριος Λάκας]], πρόεδρος του Παναμά\n* [[2004]] - [[Γκέρι Κνέτεμαν]], Ολλανδός ποδηλάτης\n* [[2007]] - [[Φάμπιουλους Μούλαχ]], Αμερικανίδα παλαίστρια\n* [[2008]] - [[Αχμέτ αλ-Μιργκανί]], Σουδανός πολιτικός\n* [[2008]] - [[Ελίγια Μουντέντα]], πρωθυπουργός της Ζάμπιας\n* [[2008]] - [[Σταύρος Ξενίδης]], Έλληνας ηθοποιός\n* [[2014]] - [[Βέλικο Καντίεβιτς]], Κροάτης στρατηγός και πολιτικός\n* [[2016]] - [[Γιώργος Βασιλείου (ηθοποιός)|Γιώργος Βασιλείου]], Έλληνας ηθοποιός\n* [[2017]] - [[Αμπουμπακάρ Σομπαρέ]], πολιτικός από τη Γουινέα\n* 2021-Βίκτορ Πουτιάτιν Ουκρανός ξιφομάχος\n\n== Αργίες και εορτές ==\n\n=== [[Ορθόδοξη Εκκλησία]] ===\n{{Πύλη:Ορθοδοξία/Εορτολόγιο/2 Νοεμβρίου}}\n\n{{Μήνες}}\n\n[[Κατηγορία:Ημέρες του έτους]]"}}}]}]}}