{"batchcomplete":true,"query":{"normalized":[{"fromencoded":false,"from":"2_Φεβρουαρίου","to":"2 Φεβρουαρίου"}],"pages":[{"pageid":1160,"ns":0,"title":"2 Φεβρουαρίου","revisions":[{"slots":{"main":{"contentmodel":"wikitext","contentformat":"text/x-wiki","content":"{{5μήνες|μ=2}}\n<center>[[1 Φεβρουαρίου]] | '''2 Φεβρουαρίου''' | [[3 Φεβρουαρίου]] </center>\n\n----\nΗ '''2α Φεβρουαρίου''' είναι η 33η μέρα του έτους κατά το [[Γρηγοριανό ημερολόγιο]]. Υπολείπονται 332 μέρες (333 σε δίσεκτα έτη).\n{{ΗμερολόγιοΣεΠίνακα|2}}\n\n== Γεγονότα ==\n{{Commonscat|2 February}}\n*[[962]] -  Ο [[Πάπας Ιωάννης ΙΒ΄]] στέφει τον [[Όθων Α΄ της Αγίας Ρωμαϊκής Αυτοκρατορίας|Όθωνα Α΄]] [[Αυτοκράτορας της Αγίας Ρωμαϊκής Αυτοκρατορίας|αυτοκράτορα της Αγίας Ρωμαϊκής Αυτοκρατορίας]].\n*[[1141]] - Ο βασιλιάς [[Στέφανος της Αγγλίας]] ηττάται στη μάχη του Λίνκολν και αιχμαλωτίζεται από τους συμμάχους της [[Αυτοκράτειρα Ματθίλδη|αυτοκράτειρας Ματθίλδης]], δίνοντάς της την ευκαιρία να γίνει η πρώτη βασίλισσα της μεσαιωνικής [[Αγγλία]]ς.\n*[[1207]] - Ιδρύεται η [[Terra Mariana]], η οποία περιλαμβάνει τη σημερινή [[Εσθονία]] και [[Λετονία]].\n*[[1461]] - [[Πόλεμος των Ρόδων]]: διεξάγεται στην [[Αγγλία]] η μάχη του Μόρτιμερ Κρος.\n*[[1536]] - Ο [[Ισπανία|Ισπανός]] Πέντρο ντε Μεντόζα ιδρύει το [[Μπουένος Άιρες]] στην [[Αργεντινή]].\n*[[1709]] - Ο [[Αλεξάντερ Σέλκιρκ]] διασώζεται αφού είχε ναυαγήσει σε ένα έρημο νησί, εμπνέοντας τον [[Ντάνιελ Ντεφόε]] να γράψει το βιβλίο ''[[Ροβινσώνας Κρούσος]]''.\n*[[1848]] - [[Αμερικανομεξικανικός πόλεμος]]: υπογράφεται η Συνθήκη Γουαδελούπης Χιντάλγκο.\n*[[1901]] - Κηδεία της [[Βασίλισσα Βικτωρία|βασίλισσας Βικτωρίας]].\n*[[1913]] - Ανοίγει στη [[Νέα Υόρκη]] ο νέος [[Τερματικός Σταθμός Γκραντ Σέντραλ]].\n*[[1914]] - Κάνει πρεμιέρα η ταινία ''Για να κερδίσει το ψωμί του'', στην οποία κάνει την πρώτη του κινηματογραφική εμφάνιση ο [[Τσάρλι Τσάπλιν]].\n*[[1920]] - Υπογράφεται η [[Συνθήκη του Τάρτου (Ρωσία - Εσθονία)|Συνθήκη του Τάρτου]] μεταξύ της [[Εσθονία]]ς και της [[Ρωσία]]ς.\n*[[1922]] - Εκδίδεται ο ''Οδυσσέας'' του [[Τζέιμς Τζόυς]].\n*[[1943]] - [[Β΄ Παγκόσμιος Πόλεμος]]: τερματίζεται η [[μάχη του Στάλινγκραντ]] καθώς τα [[Κόκκινος Στρατός|σοβιετικά στρατεύματα]] αποδέχονται την παράδοση των 91.000 εναπομείναντων ανδρών των δυνάμεων του [[Άξονας Βερολίνου - Ρώμης|Άξονα]].\n*[[1971]] - Υπογράφεται η διεθνής [[Σύμβαση Ραμσάρ]] για τη διατήρηση και βιώσιμη χρήση των [[Υγροβιότοπος|υγροβιότοπων]].\n* [[1983]] - Αρχίζουν οι συνομιλίες μεταξύ [[Ηνωμένες Πολιτείες της Αμερικής|ΗΠΑ]] και [[Ένωση Σοβιετικών Σοσιαλιστικών Δημοκρατιών|ΕΣΣΔ]] για τη μείωση των εξοπλιστικών προγραμμάτων.\n* [[1986]] - Ψηφίζουν για πρώτη φορά στις κοινοβουλευτικές εκλογές οι γυναίκες του [[Λίχτενσταϊν]].\n* [[1989]] - Οι τελευταίοι Σοβιετικοί στρατιώτες αποχωρούν από την [[Καμπούλ]] λήγοντας την εννιάχρονη κατοχή στο [[Αφγανιστάν]].\n* [[1990]] - Καταδικάζονται σε ισόβια κάθειρξη οι τέσσερις εκτελεστές του Προέδρου της [[Ρουμανία]]ς [[Νικολάε Τσαουσέσκου]].\n* [[1990]] - Ο [[Νότια Αφρική|Νοτιοαφρικανός]] Πρόεδρος [[Φρεντερίκ ντε Κλερκ]] επιτρέπει την επαναλειτουργία του κόμματος του Εθνικού Αφρικανικού Κογκρέσου και υπόσχεται ότι θα ελευθερώσει το [[Νέλσον Μαντέλα]].\n* [[1991]] - ΗΠΑ και [[Αλβανία]] αποκαθιστούν τις [[διπλωματικές σχέσεις]] τους, οι οποίες είχαν διακοπεί το [[1939]].\n* [[1991]] - Στην [[Κύπρος|Κύπρο]], έντονες αντιδράσεις κυβέρνησης και κομμάτων προκαλεί η έκθεση Μπους για το Κυπριακό, στην οποία παραλείπεται τελείως η τουρκική αδιαλλαξία.\n* [[1992]] - Στη [[Νότια Αφρική]], ιστορική πορεία ειρήνης πραγματοποιούν οι υποστηρικτές των δύο μεγαλύτερων οργανώσεων μαύρων.\n* [[1994]] - Στην [[Αίγυπτος|Αίγυπτο]], η παράνομη ισλαμιστική οργάνωση «Τζαμάα ελ Ισλαμίγια» ανακοινώνει ότι, όλοι οι ξένοι πρέπει να εγκαταλείψουν τη χώρα για τη δική τους ασφάλεια, μετά τη σφαγή επτά μελών της οργάνωσης από τις δυνάμεις Ασφαλείας.\n* [[1994]] - Τίθεται σε ισχύ η συμφωνία σύνδεσης της [[Ουγγαρία]]ς με την [[Ευρωπαϊκή Ένωση|Ε.Ε.]], η οποία φέρνει τη χώρα ένα βήμα πλησιέστερα στην πλήρη ένταξή της στην Ευρωπαϊκή Ένωση.\n* [[1995]] - Οι ηγέτες του [[Ισραήλ]], της [[Ιορδανία]]ς, της Οργάνωσης για την Απελευθέρωση της Παλαιστίνης και της Αιγύπτου συναντώνται για πρώτη φορά στο Κάιρο, σε μια προσπάθεια να αναβιώσει η συμφωνία ειρήνης μεταξύ Ισραηλινών και Παλαιστινίων.\n* [[1995]] - Το διαστημικό λεωφορείο «Discovery» ξεκινά το παρθενικό του ταξίδι.\n* [[1998]] - Αεροσκάφος συντρίβεται σε βουνό κοντά στην περιοχή Κάραγιαν ντε Όρο στις Φιλιππίνες και σκοτώνονται 104 άνθρωποι.\n\n== Γεννήσεις ==\n*[[450]] - [[Ιουστίνος Α΄]], Βυζαντινός αυτοκράτορας\n*[[1208]] - [[Ιάκωβος Α΄ της Αραγωνίας|Ιάκωβος Α΄]], βασιλιάς της Αραγωνίας\n*[[1455]] - [[Ιωάννης της Δανίας|Ιωάννης]], βασιλιάς της Δανίας, της Νορβηγίας και της Σουηδίας\n*[[1457]] - [[Πέτρος Μάρτυς της Ανγκιέρα]], Ιταλός ιστορικός\n*[[1494]] - [[Μπόνα Σφόρτσα]], βασίλισσα της Πολωνίας\n*[[1591]] - [[Γκουερτσίνο]], Ιταλός ζωγράφος\n*[[1649]] - [[Πάπας Βενέδικτος ΙΓ΄]]\n*[[1782]] - [[Ανρί Δεριγνύ]], Γάλλος ναύαρχος και πολιτικός\n*[[1787]] - [[Νικηταράς]], Έλληνας αγωνιστής\n*[[1853]] - [[Γεώργιος Σουρής]], Έλληνας ποιητής\n*[[1873]] - [[Κόνσταντιν φον Νόιρατ]], Γερμανός διπλωμάτης και πολιτικός\n*[[1882]] - [[Πρίγκιπας Ανδρέας της Ελλάδας]]\n*[[1882]] - [[Τζέιμς Τζόυς]], Ιρλανδός συγγραφέας\n*[[1886]] - [[Φρανκ Λόιντ]], Σκωτσέζος σκηνοθέτης\n*[[1889]] - [[Ζαν ντε Λατρ ντε Τασινύ]], Γάλλος στρατηγός\n*[[1905]] - [[Άυν Ραντ]], Ρωσίδα συγγραφέας και φιλόσοφος\n*[[1911]] - [[Νάσος Δετζώρτζης]], Έλληνας συγγραφέας\n*[[1912]] - [[Μιλβίνα Ντιν]], Αγγλίδα επιζήσασα του [[Τιτανικός|Τιτανικού]] \n*[[1926]] - [[Βαλερί Ζισκάρ ντ'Εσταίν]], Γάλλος πολιτικός\n*[[1929]] - [[Τζορτζ Μπαντ]], Βρετανός ορειβάτης\n*[[1933]] - [[Ταν Σουέ]], στρατιωτικός ηγέτης της Μιανμάρ\n*[[1939]] - [[Ντέιλ Τ. Μόρτενσεν]], Αμερικανός οικονομολόγος\n*[[1944]] - [[Ακίλ Ακίλοφ]], πρωθυπουργός του Τατζικιστάν\n*[[1946]] - [[Ισάιας Αφεγουέρκι]], πρόεδρος της Ερυθραίας\n*[[1947]] - [[Φάρα Φόσετ]], Αμερικανίδα ηθοποιός\n*[[1951]] - [[Βαγγέλης Αλεξανδρής (καλαθοσφαιριστής)|Βαγγέλης Αλεξανδρής]], Έλληνας καλαθοσφαιριστής και προπονητής\n*[[1951]] - [[Πάιας Γουίνγκτι]], πολιτικός από την Παπούα Νέα Γουινέα\n*[[1952]] - [[Παρκ Γκουν-χιέ]], Νοτιοκορεάτισα πολιτικός\n*[[1953]]- [[Άννα Αδριανού]],Ελληνίδα ηθοποιός και σεναριογράφος\n*[[1961]] - [[Λωρίν Λέιν]], Αμερικανίδα ηθοποιός\n*[[1966]] - [[Μάικλ Μίσικ]], πρωθυπουργός των νησιών Τερκς και Κέικος\n*[[1975]] - [[Βαγγέλης Κουτσουρές]], Έλληνας ποδοσφαιριστής \n*[[1975]] - [[Ιεροκλής Στολτίδης]], Έλληνας ποδοσφαιριστής\n*[[1977]] - [[Σακίρα]], Κολομβιανή τραγουδίστρια\n*[[1979]] - [[Φανή Χαλκιά]], Ελληνίδα αθλήτρια\n*[[1980]] - [[Ολεγκέρ Πρέσας Ρενόμ]], Ισπανός ποδοσφαιριστής\n*[[1981]] - [[Έμιλυ Ρόουζ]], Αμερικανίδα ηθοποιός\n*[[1985]] - [[Σιλβέστρε Βαρέλα]], Πορτογάλος ποδοσφαιριστής\n*[[1987]] - [[Ζεράρ Πικέ]], Ισπανός ποδοσφαιριστής\n\n== Θάνατοι ==\n*[[1294]] - [[Λουδοβίκος Β΄ της Βαυαρίας (1229-1294)]]\n*[[1345]] - [[Λουδοβίκος του Γκρέμπενσταϊν]], Γερμανός ευγενής\n*[[1491]] - [[Μάρτιν Σόνγκαουερ]], Γερμανός χαράκτης και ζωγράφος\n*[[1529]] - [[Μπαλντασσάρε Καστιλιόνε]], Ιταλός συγγραφέας και διπλωμάτης\n*[[1590]] - [[Αγία Αικατερίνη (Ρίτσι)]]\n*[[1594]] - [[Τζιοβάννι Πιερλουίτζι ντα Παλεστρίνα]], Ιταλός συνθέτης\n*[[1660]] - [[Γκαστόν της Ορλεάνης|Γκαστόν]], δούκας της Ορλεάνης\n*[[1660]] - [[Χόφερτ Φλινκ]], Ολλανδός ζωγράφος\n*[[1769]] - [[Πάπας Κλήμης ΙΓ΄]]\n*[[1788]] - [[Τζέιμς Στούαρτ (Αθηναίος)|Τζέιμς Στούαρτ]], Άγγλος αρχαιολόγος\n*[[1892]] - [[Νικόλαος Δαμαλάς]], Έλληνας θεολόγος\n*[[1907]] - [[Ντμίτρι Μεντελέγιεφ]], Ρώσος χημικός\n*[[1924]] - [[Βίλχελμ Κλάιν]], Γερμανός αρχαιολόγος\n*[[1949]] - [[Θεόδωρος Νάτσινας]], Έλληνας εκπαιδευτικός\n*[[1950]] - [[Κωνσταντίνος Καραθεοδωρή]], Έλληνας μαθηματικός\n*[[1951]] - [[Μιλτιάδης Λιδωρίκης]], Έλληνας θεατρικός συγγραφέας και πολιτικός\n*[[1966]] - [[Εμμανουήλ Μηλιαράς]], Έλληνας δικηγόρος και πολιτικός\n*[[1969]] - [[Μπόρις Καρλόφ]], Άγγλος ηθοποιός\n*[[1970]] - [[Μπέρτραντ Ράσελ]], Άγγλος μαθηματικός, συγγραφέας και φιλόσοφος\n*[[1974]] - [[Ίμρε Λάκατος]], Ούγγρος φιλόσοφος\n*[[1979]] - [[Σιντ Βίσιους]], Άγγλος μουσικός ([[Sex Pistols]])\n*[[1980]] - [[Ευάγγελος Στρατήγης]], Έλληνας δικηγόρος\n*[[1983]] - [[Μητσάρας|Δημήτρης Κυριακόπουλος]], Έλληνας ηθοποιός\n*[[1990]] - [[Πάουλ Αρίστε]], Εσθονός γλωσσολόγος\n*[[1994]] - [[Μαρίγια Γκιμπούτας]], Λιθουανή αρχαιολόγος\n*[[1996]] - [[Τζιν Κέλι]], Αμερικανός ηθοποιός και χορευτής\n*[[2002]] - [[Πωλ Μπέιλοφ]], Αμερικανός τραγουδιστής ([[Exodus (συγκρότημα)|Exodus]])\n*[[2007]] - [[Μαζάο Τακεμότο]], Ιάπωνας αθλητής\n*[[2012]] - [[Ιωάννης Γλαβίνας]], Έλληνας εκπαιδευτικός και πολιτικός\n*[[2014]] - [[Φίλιπ Σέιμουρ Χόφμαν]], Αμερικανός ηθοποιός\n*[[2017]] - [[Μίλτος Παπαποστόλου]], Έλληνας ποδοσφαιριστής και προπονητής\n*[[2021]]-  [[Μπάμπης Μαστρογιάννης]] Έλληνας ποδοσφαιριστής\n*[[2023]] - ''[[Μητροπολίτης Γέρων Περγάμου Ιωάννης|Ιωάννης Ζηζιούλας]] Μητροπολίτης Γέρων Περγάμου''\n\n== Αργίες και εορτές ==\n=== [[Ορθόδοξη Εκκλησία]] ===\n{{Πύλη:Ορθοδοξία/Εορτολόγιο/2 Φεβρουαρίου}}\n\n{{Μήνες}}\n\n[[Κατηγορία:Ημέρες του έτους]]"}}}]}]}}