{"batchcomplete":true,"query":{"normalized":[{"fromencoded":false,"from":"2_Μαΐου","to":"2 Μαΐου"}],"pages":[{"pageid":1753,"ns":0,"title":"2 Μαΐου","revisions":[{"slots":{"main":{"contentmodel":"wikitext","contentformat":"text/x-wiki","content":"{{Πηγές|3=2022|2=01|14}}\n{{Μήνες Μαΐου}}\n\n<center>[[1 Μαΐου]] | '''2 Μαΐου''' | [[3 Μαΐου]]</center>\n\n----\nΗ 2α Μαΐου είναι η 122η ημέρα του έτους κατά το [[Γρηγοριανό ημερολόγιο]] (123η σε δίσεκτα έτη).  Υπολείπονται 243 ημέρες.\n\n{{ΗμερολόγιοΣεΠίνακα|5}}\n\n== Γεγονότα ==\n*[[1335]] - Ο δούκας [[Όθων της Αυστρίας]] γίνεται δούκας της [[Καρινθία]]ς.\n*[[1536]] - Η βασίλισσα της [[Αγγλία]]ς, [[Άννα Μπολέυν]], συλλαμβάνεται και φυλακίζεται κατηγορούμενη για μοιχεία, [[αιμομιξία]], [[προδοσία]] και μαγεία.\n*[[1559]] - Ο [[Τζον Νοξ]] επιστρέφει στη [[Σκωτία]] από την εξορία, για να γίνει ο ηγέτης της Μεταρρύθμισης στη Σκωτία.\n*[[1568]] - Η βασίλισσα [[Μαρία Α΄ της Σκωτίας]] δραπετεύει από το κάστρο της λίμνης Λέβεν.\n*[[1808]] - Ξεσπά ο [[Πόλεμος της Ιβηρικής Χερσονήσου]]: Ο λαός της [[Μαδρίτη]]ς ξεσηκώνεται εναντίον της [[Γαλλία|γαλλικής]] κατοχής. Αργότερα ο [[Φρανθίσκο Γκόγια]] αποτυπώνει αυτό το γεγονός στον πίνακα ''[[Η 2α Μαΐου 1808 (Γκόγια)|Η 2α Μαΐου 1808]]''.\n*[[1816]] - Ο [[Λεοπόλδος Α΄ του Βελγίου|Λεοπόλδος της Σαξονίας-Κόμπουργκ]] νυμφεύεται την πριγκίπισσα [[Καρλόττα της Ουαλίας]].\n*[[1863]] - [[Αμερικανικός Εμφύλιος Πόλεμος]]: Ο Τόμας Τζάκσον τραυματίζεται από φίλια πυρά επιστρέφοντας στο στρατόπεδο μετά από μάχη. Θα υποκύψει από [[πνευμονία]] οκτώ ημέρες αργότερα. \n*[[1879]] - Ιδρύεται στη [[Μαδρίτη]] το [[Ισπανικό Σοσιαλιστικό Εργατικό Κόμμα]] από τον Πάβλο Ιγλέσιας.  \n*[[1889]] - Η [[Ιταλία]] αποκτά τον έλεγχο της [[Ερυθραία]]ς.\n*[[1906]] - Τελετή λήξης των [[Θερινοί Ολυμπιακοί Αγώνες 1906|Μεσοολυμπιακών Αγώνων]] στην [[Αθήνα]].\n*[[1918]] - Η [[General Motors]] εξαγοράζει τη [[Chevrolet]] στο [[Ντέλαγουερ]].\n*[[1933]] - [[Gleichschaltung]]: ο [[Αδόλφος Χίτλερ]] απαγορεύει τις συνδικαλιστικές οργανώσεις.\n*[[1945]] - [[Β΄ Παγκόσμιος Πόλεμος]]: [[Μάχη του Βερολίνου|Πτώση του Βερολίνου]]. Οι [[Ένωση Σοβιετικών Σοσιαλιστικών Δημοκρατιών|Σοβιετικοί]] στρατιώτες καταλαμβάνουν το [[κτήριο του Ράιχσταγκ]]. \n*[[1964]] - [[Πρώτη ανάβαση]] του [[Σισαπάνγκμα]], του 14ου υψηλότερου [[Βουνό|βουνού]] στον κόσμο και το χαμηλότερο από τις [[κορυφές οκτώ χιλιάδων μέτρων]]. \n*[[1982]] - [[Πόλεμος των Φώκλαντ]]: [[Μεγάλη Βρετανία|Βρετανικό]] πυρηνικό υποβρύχιο βυθίζει το [[Αργεντινή|αργεντίνικο]] καταδρομικό ''Στρατηγός Μπελγκράνο''.\n\n== Γεννήσεις ==\n*[[1451]] - [[Ρενέ Β΄ της Λωρραίνης|Ρενέ Β΄]], δούκας της Λωρραίνης\n*[[1551]] - [[Ουίλιαμ Κάμντεν]], Άγγλος ιστορικός\n*[[1602]] - [[Αθανάσιος Κίρχερ]], Γερμανός λόγιος\n*[[1660]] - [[Αλεσσάντρο Σκαρλάττι]], Ιταλός συνθέτης\n*[[1729]] - [[Αικατερίνη Β΄ της Ρωσίας|Αικατερίνη η Μεγάλη]], αυτοκράτειρα της Ρωσίας\n*[[1746]] - [[Ρομπέρ Λεντέ]], Γάλλος πολιτικός\n*[[1772]] - [[Νοβάλις]], Γερμανός ποιητής\n*[[1802]] - [[Χάινριχ Γκούσταβ Μάγκνους]], Γερμανός χημικός και φυσικός\n*[[1860]] - [[Τέοντορ Χερτσλ]], Ούγγρος δημοσιογράφος\n*[[1892]] - [[Μάνφρεντ φον Ριχτχόφεν]], Γερμανός πιλότος\n*[[1896]] - [[Πριγκίπισσα Ελένη της Ελλάδας]]\n*[[1902]] - [[Μπράιαν Αχέρν]], Άγγλος ηθοποιός\n*[[1903]] - [[Μπινγκ Κρόσμπι]], Αμερικανός τραγουδιστής και ηθοποιός\n*[[1935]] - [[Λουίς Σουάρεθ]], Ισπανός ποδοσφαιριστής και προπονητής\n*[[1938]] - [[Μοσεσόε Β΄ του Λεσότο|Μοσεσόε Β΄]], βασιλιάς του Λεσότο\n*[[1939]] - [[Ταομάτι Γιούτα]], πολιτικός από το Κιριμπάτι\n*[[1941]] - [[Ζυλ Βάιντενμπος]], πρόεδρος του Σουρινάμ\n*[[1942]] - [[Αλέξης Μάρδας]], Έλληνας ηλεκτρονικός μηχανικός \n*[[1942]] - [[Ζακ Ρογκ]], Βέλγος πρόεδρος της Διεθνούς Ολυμπιακής Επιτροπής\n*[[1944]] - [[Κιμ Ιόνγκ Ιλ]], πολιτικός από τη Βόρεια Κορέα\n*[[1960]] - [[Γκιόργκε Ίβανοβ]], πρόεδρος της Βόρειας Μακεδονίας\n*[[1970]] - [[Γιώργος Γαλίτης]], Έλληνας ηθοποιός\n*[[1972]] - [[Ντουέιν Τζόνσον]], Αμερικανός παλαιστής και ηθοποιός\n*[[1975]] - [[Ντέιβιντ Μπέκαμ]], Άγγλος ποδοσφαιριστής\n*[[1978]] - [[Ντιντιέ Ντομί]], Γάλλος ποδοσφαιριστής\n*[[1978]] - [[Γιάννης Σκοπελίτης]], Έλληνας ποδοσφαιριστής\n*[[1996]] - [[Γιούλιαν Μπραντ]], Γερμανός ποδοσφαιριστής\n*[[2015]] - [[Πριγκίπισσα Σάρλοτ του Κέιμπριτζ]]\n\n== Θάνατοι ==\n*[[373]]  - [[Αθανάσιος Αλεξανδρείας|Αθανάσιος]], πατριάρχης Αλεξανδρείας\n*[[907]] - [[Βόρις Α΄]], ηγεμόνας της Βουλγαρικής Αυτοκρατορίας\n*[[1219]] - [[Λέων Β΄ της Αρμενίας|Λέων Β΄]], βασιλιάς της Αρμενίας\n*[[1277]] - [[Μπαϊμπάρς]], σουλτάνος της Αιγύπτου και της Συρίας\n*[[1302]] - [[Λευκή του Αρτουά]], βασίλισσα της Ναβάρρας\n*[[1437]] - [[Γκιόν Καστριότι]], Αλβανός άρχοντας\n*[[1519]] - [[Λεονάρντο ντα Βίντσι]], Ιταλός εφευρέτης και ζωγράφος\n*[[1706]] - [[Γκέοργκ Γιόζεφ Κάμελ]], Τσέχος ιεραπόστολος και βοτανολόγος\n*[[1777]] - [[Γιόχαν αμ Έντε]], Γερμανός θεολόγος, παιδαγωγός και συγγραφέας\n*[[1864]] - [[Τζάκομο Μέγιερμπερ]], Γερμανός συνθέτης\n*[[1900]] - [[Ιβάν Αϊβαζόφσκι]], Ρώσος ζωγράφος\n*[[1918]] - [[Αμιλκάρε Τσιπριάνι]], Ιταλός αναρχικός\n*[[1925]] - [[Γιόχαν Παλίζα]], Αυστριακός αστρονόμος\n*[[1929]] - [[Χαράλαμπος Τσερούλης]], Έλληνας στρατιωτικός\n*[[1938]] - [[Μαντάμ Ορτάνς]], Γαλλίδα ιερόδουλη\n*[[1941]] - [[Πηνελόπη Δέλτα]], Ελληνίδα συγγραφέας\n*[[1943]] - [[Ξενοφών Κάσδαγλης]], Έλληνας αντισφαιριστής\n*[[1943]] - [[Βίκτορ Λούτσε]], Γερμανός στρατιωτικός\n*[[1945]] - [[Μάρτιν Μπόρμαν]], Γερμανός αξιωματικός των Ναζί\n*[[1957]] - [[Τζόζεφ Μακάρθυ]], Αμερικανός πολιτικός\n*[[1961]] - [[Χρήστος Γουλόπουλος]], Έλληνας πολιτικός\n*[[1962]] - [[Ζίγκμουντ Λέβε]], Ανατολικογερμανός μηχανικός και επιχειρηματίας\n*[[1969]] - [[Φραντς φον Πάπεν]], Γερμανός πολιτικός\n*[[1971]] - [[Ιωάννης Παπαρτεμίου]], Έλληνας στρατιωτικός και πολιτικός\n*[[1972]] - [[Τζέι Έντγκαρ Χούβερ]], Αμερικανός αξιωματούχος \n*[[1982]] - [[Ευάγγελος Παπανούτσος]], Έλληνας φιλόσοφος και συγγραφέας\n*[[1998]] - [[Hide]], Ιάπωνας τραγουδοποιός ([[X Japan]])\n*[[1998]] - [[Βαγγέλης Σειληνός]], Έλληνας χορευτής και χορογράφος\n*[[2007]] - [[Αμπντούλ Σαμπούρ Φαρίντ Κοχιστανί]], Αφγανός πολιτικός\n*[[2010]] - [[Κάμα Σίνεν]], Γιαπωνέζα υπεραιωνόβια\n*[[2011]] - [[Οσάμα μπιν Λάντεν]], Άραβας τρομοκράτης, ιδρυτής και ηγέτης της [[Αλ Κάιντα]]\n*[[2013]] - [[Λευτέρης Βογιατζής]], Έλληνας ηθοποιός και σκηνοθέτης\n*[[2013]] - [[Τζεφ Χάνεμαν]], Αμερικανός κιθαρίστας ([[Slayer]])\n*[[2015]] - [[Μάγια Πλισέτσκαγια]], Ρωσίδα μπαλαρίνα\n*[[2022]] - [[Μητροπολίτης Δράμας Παύλος|Παύλος]] Μητροπολίτης Δράμας\n*[[2022]] -  [[Αλέκα Λαμπρινού]] Ελληνίδα ηθοποιός\n\n== Αργίες και εορτές ==\n=== [[Ορθόδοξη Εκκλησία]] ===\n{{Πύλη:Ορθοδοξία/Εορτολόγιο/2 Μαΐου}}\n\n{{Μήνες}}\n\n[[Κατηγορία:Ημέρες του έτους]]"}}}]}]}}