{"batchcomplete":true,"query":{"normalized":[{"fromencoded":false,"from":"30_Δεκεμβρίου","to":"30 Δεκεμβρίου"}],"pages":[{"pageid":3756,"ns":0,"title":"30 Δεκεμβρίου","revisions":[{"slots":{"main":{"contentmodel":"wikitext","contentformat":"text/x-wiki","content":"{{Μήνες Δεκεμβρίου}}\n\n<center>[[29 Δεκεμβρίου]] | '''30 Δεκεμβρίου''' | [[31 Δεκεμβρίου]]</center>\n\n----\nΗ '''30ή Δεκεμβρίου''' είναι η 364η ημέρα του έτους κατά το [[Γρηγοριανό ημερολόγιο]] (365η σε δίσεκτα έτη). Υπολείπεται 1 ημέρα.\n\n{{ΗμερολόγιοΣεΠίνακα|12}}\n\n== Γεγονότα ==\n*[[999]] - Οι ενωμένες δυνάμεις του [[Μάνστερ]] και του [[Βασίλειο του Μιθ|Μιθ]] προκαλούν συντριπτική ήττα στους συμμαχικούς στρατούς του [[Λένστερ]] και του [[Δουβλίνο|Δουβλίνου]] στην [[Ιρλανδία]].\n*[[1066]] - Σφαγή στη [[Γρανάδα]]: Ένας όχλος [[Ισλάμ|μουσουλμάνων]] καταλαμβάνει το βασιλικό παλάτι και σφάζει το μεγαλύτερο μέρος του [[Εβραίοι|εβραϊκού]] πληθυσμού της πόλης.\n*[[1419]] - Ο στόλος της [[Στέμμα της Καστίλης|Καστίλης]] νικά τον συμμαχικό στόλο της [[Βασίλειο της Αγγλίας|Αγγλίας]] και της [[Χανσεατική Ένωση|Χανσεατικής Ένωσης]] στη ναυμαχία της [[Λα Ροσέλ]].\n*[[1460]] - [[Πόλεμος των Ρόδων]]: Ο [[Οίκος του Λάνκαστερ]] νικά στη μάχη του Γουέικφιλντ, όπου σκοτώνεται ο [[Ριχάρδος της Υόρκης]].\n*[[1813]] - [[Αγγλοαμερικανικός πόλεμος του 1812]]: [[Μεγάλη Βρετανία|Βρετανοί]] στρατιώτες καίνε το [[Μπάφαλο (Νέα Υόρκη)]].\n*[[1853]] - Η Αγορά του Γκάντσντεν: Οι [[Ηνωμένες Πολιτείες Αμερικής]] αγοράζουν γη από το [[Μεξικό]] για να διευκολύνουν την κατασκευή [[Σιδηρόδρομος|σιδηροδρόμου]] στις νοτιοδυτικές [[Πολιτείες των ΗΠΑ|πολιτείες]].\n*[[1896]] - Ο [[Φιλιππίνες|Φιλιππινέζος]] πατριώτης Χοσέ Ριθάλ εκτελείται από [[Ισπανία|ισπανικό]] [[Τυφεκισμός|εκτελεστικό απόσπασμα]] στη [[Μανίλα]]\n*[[1903]] - Πυρκαγιά σε θέατρο στο [[Σικάγο]] σκοτώνει τουλάχιστον 602 άτομα.\n*[[1916]] - Ο [[Γκριγκόρι Ρασπούτιν]], [[Ρώσοι|Ρώσος]] μυστικιστής και σύμβουλος του τσάρου, δολοφονείται από μία ομάδα με επικεφαλής τον Φέλιξ Γιουσούποφ. Το παγωμένο και εν μέρει δεμένο σώμα του ανακαλύφθηκε σε ποταμό της [[Μόσχα|Μόσχας]] τρεις μέρες αργότερα.\n*[[1916]] - Ο [[Κάρολος Α΄ της Αυστρίας]] και η [[Ζίτα των Βουρβόνων-Πάρμας]] στέφονται βασιλιάς και βασίλισσα αντίστοιχα της [[Ουγγαρία|Ουγγαρίας]].\n*[[1922]] - [[Συνθήκη Δημιουργίας ΕΣΣΔ|Ιδρύεται]] η [[Ένωση Σοβιετικών Σοσιαλιστικών Δημοκρατιών]].\n*[[1927]] - Ανοίγει στο [[Τόκιο]] η γραμμή Γκίνζα, η πρώτη γραμμή [[μετρό]] στην [[Ασία]].\n*[[1947]] - [[Ψυχρός Πόλεμος]]: Ο βασιλιάς [[Μιχαήλ της Ρουμανίας]] αναγκάζεται σε παραίτηση από την υποστηριζόμενη από τη [[Ένωση Σοβιετικών Σοσιαλιστικών Δημοκρατιών|Σοβιετική Ένωση]] κομμουνιστική κυβέρνηση της [[Ρουμανία|Ρουμανίας]].\n*[[1965]] - Ο [[Φερδινάντο Μάρκος]] γίνεται πρόεδρος των [[Φιλιππίνες|Φιλιππίνων]].\n*[[1970]] - Η [[Μαρία Κάλλας]] καταθέτει αίτηση διαζυγίου από τον Μπατίστα Μενεγκίνι, με τον οποίο βρίσκεται σε διάσταση από το [[1959]].\n*[[1972]] - [[Πόλεμος του Βιετνάμ]]: Οι [[Ηνωμένες Πολιτείες Αμερικής]] σταματούν τον βαρύ βομβαρδισμό του [[Βόρειο Βιετνάμ|Βορείου Βιετνάμ]].\n*[[1993]] - Το [[Ισραήλ]] εγκαθιδρύει διπλωματικές σχέσεις με την [[Αγία Έδρα]].\n* [[2006]] - Έκρηξη βόμβας στο αεροδρόμιο [[Μπαράχας]] της Μαδρίτης.\n\n== Γεννήσεις ==\n*[[39]] - [[Τίτος]], Ρωμαίος αυτοκράτορας\n*[[1371]] - [[Βασίλειος Α΄ της Μόσχας|Βασίλειος Α΄]], μέγας πρίγκιπας της Μόσχας\n*[[1673]] - [[Αχμέτ Γ΄]], Οθωμανός σουλτάνος\n*[[1841]] - [[Αιμίλιος Λεγκράν]], Γάλλος ελληνιστής\n*[[1865]] - [[Ράντγιαρντ Κίπλινγκ]], Βρετανός συγγραφέας\n*[[1884]] - [[Τότζο Χιντέκι]], Ιάπωνας στρατιωτικός και πολιτικός\n*[[1904]] - [[Ντμίτρι Καμπαλέφσκι]], Ρώσος συνθέτης\n*[[1906]] - [[Κάρολ Ριντ]], Άγγλος σκηνοθέτης\n*[[1920]] - [[Τζακ Λορντ]], Αμερικανός ηθοποιός\n*[[1933]] - [[Άντυ Στιούαρτ]], Σκωτσέζος τραγουδιστής\n*[[1935]] - [[Ομάρ Μπονγκό]], Γκαμπονέζος πολιτικός\n*[[1937]] - [[Γκόρντον Μπανκς]], Άγγλος ποδοσφαιριστής\n*[[1946]] - [[Πάττι Σμιθ]], Αμερικανίδα τραγουδίστρια και ποιήτρια\n*[[1950]] - [[Μπιάρνε Στρούστρουπ]], Δανός επιστήμονας της πληροφορικής\n*[[1957]] - [[Νίκος Πορτοκάλογλου]], Έλληνας τραγουδοποιός\n*[[1961]] - [[Μπεν Τζόνσον (δρομέας)|Μπεν Τζόνσον]], Καναδός δρομέας\n*[[1966]] - [[Μπένετ Μίλερ]], Αμερικανός σκηνοθέτης\n*[[1975]] - [[Τάιγκερ Γουντς]], παίκτης γκολφ \n*[[1978]] - [[Εβίνα Μάλτση]], Ελληνίδα αθλήτρια καλαθοσφαίρισης\n*[[1980]] - [[Χένρι Ντόμερκαντ]], Αμερικανός καλαθοσφαιριστής\n*[[1984]] - [[ΛεΜπρόν Τζέιμς]], Αμερικανός καλαθοσφαιριστής\n*[[1979]] - [[Μαρία Κορινθίου]], Ελληνίδα ηθοποιός\n\n== Θάνατοι ==\n*[[274]] - [[Πάπας Φήλιξ Α΄]]\n*[[1115]] - [[Θεοδώριχος Β΄ της Λωρραίνης|Θεοδώριχος Β']], δούκας της Λωρραίνης\n*[[1178]] - [[Πρίμπισλαβ του Μεκλεμβούργου|Πρίμπισλαβ]], πρίγκιπας του Μεκλεμβούργου\n*[[1436]] - [[Λουδοβίκος Γ΄ του Παλατινάτου|Λουδοβίκος Γ΄]], εκλέκτορας του Παλατινάτου\n*[[1460]] - [[Εδμόνδος, κόμης του Ράτλαντ]]\n*[[1460]] - [[Ριχάρδος της Υόρκης|Ριχάρδος]], δούκας της Υόρκης\n*[[1573]] - [[Τζοβάνι Μπατίστα Τζιράλντι]], Ιταλός συγγραφέας\n*[[1591]] - [[Πάπας Ιννοκέντιος Θ΄]]\n*[[1631]] - [[Φρειδερίκος Αχιλλέας της Βυρτεμβέργης-Νόιενστατ|Φρειδερίκος Αχιλλέας]], δούκας της Βυρτεμβέργης-Νόιενστατ\n*[[1916]] - [[Γκριγκόρι Ρασπούτιν]], Ρώσος μυστικιστής\n*[[1926]] - [[Φελίτσε Ναπολεόνε Κανεβάρο]], Ιταλός ναύαρχος\n*[[1941]] - [[Ελ Λισίτσκι]], Ρώσος φωτογράφος και αρχιτέκτονας\n*[[1944]] - [[Ρομαίν Ρολάν]], Γάλλος συγγραφέας\n*[[1970]] - [[Άγγελος Έβερτ]], Έλληνας αστυνομικός\n*[[1980]] - [[Γιάννης Χέλμης]], Έλληνας ποδοσφαιριστής\n*[[1998]] - [[Αθανάσιος Αλεξίδης]], Έλληνας πολιτικός\n*[[1999]] - [[Σάρα Κνάους]], Αμερικανίδα υπεραιωνόβια\n*[[2000]] - [[Τζούλιους Έπσταϊν]], Αμερικανός σεναριογράφος\n*[[2001]] - [[Μενέλαος Αλεξανδράκης]], Έλληνας διπλωμάτης\n*[[2006]] - [[Σαντάμ Χουσεΐν]], Ιρακινός πολιτικός\n*[[2007]] - [[Θέμης Χολέβας]], Έλληνας καλαθοσφαιριστής\n*[[2008]] - [[Αχιλλέας Γραμματικόπουλος]], Έλληνας ποδοσφαιριστής\n*[[2009]] - [[Νίκος Κακαουνάκης]], Έλληνας δημοσιογράφος\n*[[2012]] - [[Ρίτα Λέβι Μονταλτσίνι]], Ιταλίδα νευρολόγος\n*[[2014]] - [[Λουίζ Ράινερ]], Γερμανίδα ηθοποιός\n*[[2015]] - [[Γιώργος Ανδρεάδης]], Έλληνας συγγραφέας\n*[[2021]] - [[Τάκης Μαρκόπουλος]], Έλληνας ποδοσφαιριστής\n\n== Αργίες και εορτές ==\n\n=== [[Ορθόδοξη Εκκλησία]] ===\n{{Πύλη:Ορθοδοξία/Εορτολόγιο/30 Δεκεμβρίου}}\n{{commonscat|30 December}}\n== Βλέπε επίσης ==\n\n[[30 Νοεμβρίου]] - [[30 Ιανουαρίου]]\n\n{{Μήνες}}\n\n[[Κατηγορία:Ημέρες του έτους]]"}}}]}]}}