{"batchcomplete":true,"query":{"normalized":[{"fromencoded":false,"from":"30_Ιουνίου","to":"30 Ιουνίου"}],"pages":[{"pageid":1955,"ns":0,"title":"30 Ιουνίου","revisions":[{"slots":{"main":{"contentmodel":"wikitext","contentformat":"text/x-wiki","content":"{{Μήνες Ιουνίου}}\n\n<center>[[29 Ιουνίου]] | '''30 Ιουνίου''' | [[1 Ιουλίου]]</center>\n\n----\nΗ '''30ή Ιουνίου''' είναι η 181η ημέρα του έτους κατά το [[Γρηγοριανό ημερολόγιο]] (182η σε δίσεκτα έτη). Υπολείπονται 184 ημέρες.\n\n{{ΗμερολόγιοΣεΠίνακα|6}}\n\n==Γεγονότα==\n*[[296]] - Εκλέγεται ο [[Πάπας Μαρκελλίνος]].\n*[[350]] - Ο Ρωμαίος σφετεριστής Νεποτιανός, της [[Δυναστεία του Κωνσταντίνου|Δυναστείας του Κωνσταντίνου]], ηττάται και σκοτώνεται στη [[Αρχαία Ρώμη|Ρώμη]] από το στρατό του σφετεριστή [[Μαγνέντιος|Μαγνέντιου]].\n*[[763]] - Ο στρατός του [[Βυζαντινή Αυτοκρατορία|Βυζαντινού αυτοκράτορα]] [[Κωνσταντίνος Ε΄|Κωνσταντίνου Ε΄]] νικά τους [[Βούλγαροι|Βούλγαρους]] στη μάχη της Αγχιάλου. \n*[[1422]] - Ο στρατός του δούκα του [[Μιλάνο]]υ νικά τις δυνάμεις των [[Καντόνια της Ελβετίας|Ελβετών]] στη μάχη του [[Αρμπέντο-Καστιόνε|Αρμπέντο]].\n*[[1520]] - Οι [[Αζτέκοι]] νικούν στην [[Τενοτστιτλάν]] τις δυνάμεις του [[Ισπανία|Ισπανού]] κατακτητή [[Ερνάν Κορτές]]. Εντούτοις, ο Κορτές και αρκετοί στρατιώτες του καταφέρνουν να διαφύγουν και αργότερα να ανασυνταχθούν.\n*[[1559]] - Ο βασιλιάς [[Ερρίκος Β΄ της Γαλλίας]] τραυματίζεται θανάσιμα σε [[κονταρομαχία]] εναντίον του Γκαμπριέλ, κόμη του Μοντγκόμερι. \n*[[1651]] - Εξέγερση του [[Μπογκντάν Χμελνίτσκι]]: Η μάχη του Μπερεστέτσκο τερματίζεται με νίκη των [[Πολωνία|Πολωνών]].\n*[[1860]] - Λαμβάνει χώρα στο [[Μουσείο φυσικής ιστορίας του πανεπιστημίου της Οξφόρδης]] συζήτηση για τη θεωρία της εξέλιξης.\n*[[1905]] - Ο [[Άλμπερτ Αϊνστάιν]] στέλνει για δημοσίευση στο ''Annalen der Physik'' το άρθρο ''Περί της Ηλεκτροδυναμικής των Κινουμένων Σωμάτων'', με το οποίο εισάγει την [[ειδική σχετικότητα]]. \n*[[1908]] - [[Έκρηξη της Τουνγκούσκα]]: Στη μεγαλύτερη πρόσκρουση στη [[Γη]] στην ανθρώπινη ιστορία, προκαλείται τεράστια έκρηξη στην ανατολική [[Σιβηρία]].\n*[[1912]] - Τυφώνας σκοτώνει 28 άτομα στη [[Ρεγγίνα, Σασκάτσουαν]], στον πιο θανατηφόρο τυφώνα στον [[Καναδάς|Καναδά]].\n*[[1913]] - [[Β΄ Βαλκανικός Πόλεμος]]: Οι [[Βούλγαροι]] σφάζουν 650 Έλληνες αμάχους στο [[Δοξάτο]] Δράμας και ακολούθως το λεηλατούν και το πυρπολούν.\n*[[1921]] - Ο [[Ηνωμένες Πολιτείες Αμερικής|Αμερικανός]] πρόεδρος [[Ουόρεν Χάρντινγκ]] ορίζει τον πρώην πρόεδρο [[Ουίλιαμ Χάουαρντ Ταφτ]] υπουργό Δικαιοσύνης των Η.Π.Α.\n*[[1934]] - Η [[Νύχτα των Μεγάλων Μαχαιριών]]: Λαμβάνει χώρα η βίαιη εκκαθάριση των πολιτικών αντιπάλων του [[Αδόλφος Χίτλερ|Αδόλφου Χίτλερ]] στη [[Γερμανία]].\n*[[1936]] - Ο αυτοκράτορας [[Χαϊλέ Σελασιέ Α΄]] της [[Αιθιοπία]]ς απευθύνει έκκληση για βοήθεια στην [[Κοινωνία των Εθνών]] ενάντια στην εισβολή της [[Ιταλία]]ς στη χώρα του.\n*[[1944]] - [[Β΄ Παγκόσμιος Πόλεμος]]: Η μάχη του [[Σερμπούρ-Οκτβίλ|Σερμπούρ]] τελειώνει με την πτώση του στρατηγικά πολύτιμου λιμανιού στις [[Ηνωμένες Πολιτείες Αμερικής|αμερικανικές]] δυνάμεις.\n*[[1953]] - Βγαίνει από τη γραμμή συναρμολόγησης η πρώτη [[Chevrolet Corvette]].\n*[[1956]] - Δύο αεροπλάνα συγκρούονται πάνω από το [[Γκραν Κάνιον]] στην [[Αριζόνα]] και συντρίβονται, σκοτώνοντας και τους 128 επιβαίνοντες επί των δύο αεροσκαφών.\n*[[1959]] - [[Ηνωμένες Πολιτείες Αμερικής|Αμερικανικό]] στρατιωτικό αεροπλάνο συντρίβεται σε δημοτικό σχολείο στην [[Ιαπωνία]], σκοτώνοντας 11 μαθητές και 6 κατοίκους από τη γειτονιά.\n*[[1960]] - Το [[Βελγικό Κονγκό]] ανεξαρτητοποιείται από το [[Βέλγιο]].\n*[[1972]] - Προστίθεται το πρώτο άλμα δευτερολέπτου στον [[Συγχρονισμένος Παγκόσμιος Χρόνος|Συγχρονισμένο Παγκόσμιο Χρόνο]].\n*[[1993]] - Ιδρύεται η [[Πολιτική Άνοιξη]].\n* [[1997]] - Η [[Κίνα]] αποκτά και πάλι την κυριαρχία του [[Χονγκ Κονγκ]] μετά από 156 χρόνια [[Ηνωμένο Βασίλειο|Βρετανικής]] [[Αποικία|αποικιακής]] κυριαρχίας.\n* [[2002]] - Η [[Βραζιλία]] κατακτά το παγκόσμιο κύπελλο ποδοσφαίρου κερδίζοντας στον τελικό στη [[Γιοκοχάμα]] τη [[Γερμανία]] με 2-0.\n\n==Γεννήσεις==\n*[[1470]] - [[Κάρολος Η΄ της Γαλλίας|Κάρολος Η΄]], βασιλιάς της Γαλλίας\n*[[1503]] - [[Ιωάννης Φρειδερίκος Α΄ της Σαξονίας|Ιωάννης Φρειδερίκος Α΄]], δούκας της Σαξονίας\n*[[1685]] - [[Τζον Γκέι]], Άγγλος συγγραφέας\n*[[1789]] - [[Οράς Βερνέ]], Γάλλος καλλιτέχνης\n*[[1801]] - [[Φρεντερίκ Μπαστιά]], Γάλλος οικονομολόγος\n*[[1817]] - [[Τζόζεφ Ντάλτον Χούκερ]], Άγγλος βοτανολόγος\n*[[1842]] - [[Φερδινάνδος Έσσλιν]], Έλληνας αγωνιστής\n*[[1884]] - [[Φραντς Χάλντερ]], Γερμανός στρατιωτικός\n*[[1892]] - [[Στράτης Μυριβήλης]], Έλληνας συγγραφέας\n*[[1893]] - [[Βάλτερ Ούλμπριχτ]], Γερμανός πολιτικός\n*[[1895]] - [[Βαλεντίν Βολόσινοφ]], Σοβιετικός γλωσσολόγος\n*[[1901]] - [[Βερνάρδος της Σαξονίας-Μάινινγκεν|Βερνάρδος]], πρίγκιπας της Σαξονίας-Μάινινγκεν\n*[[1911]] - [[Τσέσλαφ Μίλος]], Πολωνός συγγραφέας\n*[[1917]] - [[Σούζαν Χέιγουορντ]], Αμερικανίδα ηθοποιός\n*[[1919]] - [[Εντ Γιοστ]], Αμερικανός εφευρέτης\n*[[1931]] - [[Άντριου Χιλ]], Αμερικανός πιανίστας και συνθέτης\n*[[1939]] - [[Γεώργιος Γεννηματάς]], Έλληνας πολιτικός\n*[[1942]] - [[Ρόμπερτ Μπάλαρντ]], Αμερικανός ωκεανογράφος\n*[[1944]] - [[Τέρι Φανκ]], Αμερικανός παλαιστής\n*[[1945]] - [[Τζέιμς Αλεξάντερ Τζορτζ Σμιθ Μακάρτνεϊ]], πολιτικός από τα Τερκς και Κέικος \n*[[1954]] - [[Σερζ Σαρκισιάν]], Αρμένιος πολιτικός\n*[[1957]] - [[Λίνα Νικολακοπούλου]], Ελληνίδα στιχουργός\n*[[1959]] - [[Σάκης Τσιώλης]], Έλληνας ποδοσφαιριστής και προπονητής\n*[[1963]] - [[Yngwie Malmsteen]], Σουηδός μουσικός \n*[[1966]] - [[Μάικ Τάισον]], Αμερικανός πυγμάχος\n*[[1968]] - [[Φιλ Άνσελμο]], Αμερικανός μουσικός\n*[[1975]] - [[Ραλφ Σουμάχερ]], Γερμανός οδηγός αγώνων\n*[[1984]] - [[Νίκος Οικονομόπουλος (τραγουδιστής)|Νίκος Οικονομόπουλος]], Έλληνας τραγουδιστής\n*[[1985]] - [[Κόντι Ρόουντς]], Αμερικανός παλαιστής\n*[[1985]] - [[Μάικλ Φελπς]], Αμερικανός κολυμβητής\n*[[1986]] - [[Αλίσια Φοξ]], Αμερικανίδα παλαίστρια\n\n==Θάνατοι==\n*[[1607]] - [[Καίσαρ Βαρόνιος]], Ιταλός καρδινάλιος\n*[[1670]] - [[Ερριέττα της Αγγλίας|Ερριέττα Στιούαρτ]], πριγκίπισσα της Αγγλίας\n*[[1670]] - [[Φρειδερίκος του Άνχαλτ-Χάρτσγκεροντε|Φρειδερίκος]], πρίγκιπας του Άνχαλτ-Χάρτσγκεροντε\n*[[1894]] - [[Μάθιου Πίερς Βατ Μπούλτον]], Άγγλος επιστήμονας και εφευρέτης\n*[[1919]] - [[Τζον Ουίλιαμ Στρατ]], Άγγλος φυσικός\n*[[1934]] - [[Κουρτ φον Σλάιχερ]], Γερμανός στρατηγός και πολιτικός\n*[[1934]] - [[Γκρέγκορ Στράσερ]], Γερμανός πολιτικός \n*[[1961]] - [[Λη ντε Φόρεστ]], Αμερικανός εφευρέτης\n*[[1967]] - [[Περικλής Κάβδας]], Έλληνας πολιτικός\n*[[1970]] - [[Δημήτριος Παττίλης]], Έλληνας στρατιωτικός\n*[[1984]] - [[Λίλιαν Χέλμαν]], Αμερικανίδα θεατρική συγγραφέας\n*[[1985]] - [[Χαρούο Ρεμελίκ]], πρόεδρος του Παλάου\n*[[1996]] - [[Λάκης Πετρόπουλος]], Έλληνας ποδοσφαιριστής και προπονητής\n*[[1999]] - [[Αλέξης Σεβαστάκης]], Έλληνας νομικός και ιστορικός\n*[[2004]] - [[Στέφανος Β. Στεφανόπουλος]], Έλληνας πολιτικός\n*[[2007]] - [[Τηλέμαχος Αλαβέρας]], Έλληνας συγγραφέας\n*[[2010]] - [[Άρτο Απαρτιάν]], Έλληνας ηθοποιός\n*[[2012]] - [[Θύμιος Καρακατσάνης]], Έλληνας ηθοποιός και σκηνοθέτης\n*[[2014]] - [[Ζέλικο Στουράνοβιτς]], Μαυροβούνιος πολιτικός\n*[[2017]] - [[Σιμόν Βέιλ (πολιτικός)|Σιμόν Βέιλ]], Γαλλίδα πολιτικός\n\n==Αργίες και εορτές==\n\n===[[Ορθόδοξη Εκκλησία]]===\n{{Πύλη:Ορθοδοξία/Εορτολόγιο/30 Ιουνίου}}\n\n{{Μήνες}}\n\n[[Κατηγορία:Ημέρες του έτους]]"}}}]}]}}