{"batchcomplete":true,"query":{"normalized":[{"fromencoded":false,"from":"30_Αυγούστου","to":"30 Αυγούστου"}],"pages":[{"pageid":3027,"ns":0,"title":"30 Αυγούστου","revisions":[{"slots":{"main":{"contentmodel":"wikitext","contentformat":"text/x-wiki","content":"{{Μήνες Αυγούστου}}\n\n<center>[[29 Αυγούστου]] | '''30 Αυγούστου''' | [[31 Αυγούστου]]</center>\n\n----\nΗ '''30ή Αυγούστου''' είναι η 242η ημέρα του έτους κατά το [[Γρηγοριανό ημερολόγιο]] (243η σε δίσεκτα έτη). Υπολείπονται 123 ημέρες.\n\n{{ΗμερολόγιοΣεΠίνακα|8}}\n\n== Γεγονότα ==\n*[[526]] - Ο [[Θεοδώριχος ο Μέγας]] πεθαίνει από δυσεντερία στη [[Ραβέννα]]. Η κόρη του, [[Αμαλασούνθα]], αναλαμβάνει την εξουσία ως αντιβασίλισσα του 10χρονου γιου της [[Αθαλάριχος|Αθαλάριχου]]. \n*[[1282]] - Ο [[Πέτρος Γ΄ της Αραγωνίας]] αποβιβάζεται στην πόλη Τράπανι για να επέμβει στον πόλεμο του [[Σικελικός Εσπερινός|Σικελινού Εσπερινού]]. \n*[[1464]] - Ο [[Πάπας Παύλος Β΄]] διαδέχεται τον [[Πάπας Πίος Β΄|Πάπα Πίο Β΄]] ως ο 211ος [[Πάπας]]. \n*[[1574]] - Ο Ραμ Ντας γίνεται ο τέταρτος [[γκουρού]] των [[Σιχισμός|Σιχ]].\n*[[1590]] - Ο [[Τοκουγκάβα Ιεγιάσου]] μπαίνει στο κάστρο του [[Έντο]].\n*[[1727]] - Η [[Άννα της Μεγάλης Βρετανίας (1709–1759)|Άννα]], η μεγαλύτερη κόρη του βασιλιά [[Γεώργιος Β΄ της Μεγάλης Βρετανίας|Γεωργίου Β΄ της Μεγάλης Βρετανίας]], λαμβάνει τον τίτλο της βασιλικής πριγκίπισσας.\n*[[1791]] - Το [[Μεγάλη Βρετανία|βρετανικό]] πλοίο ''HMS Pandora'' βυθίζεται αφού προσάραξε σε ύφαλο του εξώτερου [[Μεγάλος Κοραλλιογενής Ύφαλος|Μεγάλου Κοραλλιογενή Υφάλου]] την προηγούμενη ημέρα.\n*[[1799]] - Το σύνολο του [[Ολλανδία|ολλανδικού]] στόλου καταλαμβάνεται από τις [[Βασίλειο της Μεγάλης Βρετανίας|βρετανικές]] δυνάμεις κατά τη διάρκεια του πολέμου του Δεύτερου Συνασπισμού.\n*[[1835]] - Ιδρύεται η [[Μελβούρνη]].\n*[[1862]] - [[Αμερικανικός Εμφύλιος Πόλεμος]]: Οι [[Συνομόσπονδες Πολιτείες της Αμερικής|Συνομόσπονδες]] δυνάμεις (Νότιοι) νικούν τις [[Στρατός της Ένωσης|δυνάμεις της Ένωσης]] (Βόρειοι) στη μάχη του Ρίτσμοντ.\n*[[1873]] - [[Αυστρία|Αυστριακοί]] εξερευνητές ανακαλύπτουν το [[αρχιπέλαγος]] της [[Γη του Φραγκίσκου Ιωσήφ|Γης του Φραγκίσκου Ιωσήφ]] στον [[Αρκτικός Ωκεανός|Αρκτικό Ωκεανό]].\n*[[1914]] - [[Α΄ Παγκόσμιος Πόλεμος]]: Οι [[Γερμανοί]] νικούν τους [[Ρώσοι|Ρώσους]] στη [[Μάχη του Τάνενμπεργκ (1914)|μάχη του Τάνενμπεργκ]].\n*[[1918]] - Η Φάνια Καπλάν πυροβολεί και τραυματίζει σοβαρά τον [[Μπολσεβίκοι|μπολσεβίκο]] ηγέτη [[Βλαντίμιρ Λένιν]].\n*[[1945]] - Οι [[Μεγάλη Βρετανία|βρετανικές]] δυνάμεις απελευθερώνουν το [[Χονγκ Κονγκ]] από τους [[Ιαπωνία|Ιάπωνες]].\n*[[1945]] - Πραγματοποιείται η πρώτη συνεδρίαση του [[Συμμαχικό Συμβούλιο Ελέγχου|Συμμαχικού Συμβουλίου Ελέγχου]], που κυβερνά τη [[Γερμανία]] μετά τον [[Β΄ Παγκόσμιος Πόλεμος|Β΄ Παγκόσμιο Πόλεμο]].\n*[[1962]] - Η [[Ιαπωνία]] πραγματοποιεί δοκιμή του [[NAMC YS-11]], του πρώτου της αεροσκάφους από τον [[Β΄ Παγκόσμιος Πόλεμος|Β΄ Παγκόσμιο Πόλεμο]] και του μοναδικού επιτυχημένου εμπορικού αεροσκάφους της πριν ή μετά τον πόλεμο.\n*[[1963]] - Τίθεται σε λειτουργία η τηλεφωνική γραμμή [[Μόσχα]]ς-[[Ουάσινγκτον]] μεταξύ των ηγετών των [[Ηνωμένες Πολιτείες Αμερικής|Η.Π.Α.]] και της [[Ένωση Σοβιετικών Σοσιαλιστικών Δημοκρατιών|Σοβιετικής Ένωσης]].\n*[[1974]] - Τρένο που εκτελεί το δρομολόγιο [[Βελιγράδι]]-[[Ντόρτμουντ]] εκτροχιάζεται στον κεντρικό σιδηροδρομικό σταθμό του [[Ζάγκρεμπ]], σκοτώνοντας πάνω από 150 επιβάτες.\n*[[1984]] - [[STS-41-D]]: Το [[Διαστημικό Λεωφορείο]] ''[[Διαστημικό Λεωφορείο Ντισκάβερι|Ντισκάβερι]]'' απογειώνεται για το παρθενικό του ταξίδι.\n* [[1991]] - Το [[Αζερμπαϊτζάν]] κηρύσσει την ανεξαρτησία του από τη [[Σοβιετική Ένωση]].\n* [[1996]] - Στην [[Ολλανδία]], η [[στρατιωτική θητεία]] γίνεται εθελοντική.\n* [[2001]] - Διεξάγονται οι πρώτες εκλογές στο [[Ανατολικό Τιμόρ]]. Το Επαναστατικό Μέτωπο για ένα Ανεξάρτητο Ανατολικό Τιμόρ (FRETILIN) κερδίζει 57% των ψήφων και 55 από τις 88 έδρες στο Κοινοβούλιο, ακολουθούμενο από το Δημοκρατικό Κόμμα με 9% και 7 έδρες. Η συμμετοχή είναι πολύ μεγάλη και φθάνει το 91,3%.\n* [[2003]] - Βυθίζεται στη [[Θάλασσα Μπάρεντς]] το παροπλισμένο ρωσικό πυρηνοκίνητο υποβρύχιο ''K-159'' με αποτέλεσμα την απώλεια 9 μελών του πληρώματός του.\n* [[2008]] - Η [[Λιβύη]] υπογράφει συμφωνία με την [[Ιταλία]] με βάση την οποία η δεύτερη θα προβεί σε επενδύσεις και θα καταβάλει αποζημιώσεις εκατομμυρίων ευρώ στην αφρικανική χώρα για την περίοδο της αποικιοκρατίας.\n\n== Γεννήσεις ==\n*[[1334]] - [[Πέτρος της Καστίλης|Πέτρος]], βασιλιάς της Καστίλης\n*[[1645]] - [[Τζουζέπε Αβάντζι]], Ιταλός ζωγράφος\n*[[1748]] - [[Ζακ-Λουί Νταβίντ]], Γάλλος ζωγράφος\n*[[1797]] - [[Μαίρη Σέλλεϋ]], Αγγλίδα συγγραφέας\n*[[1811]] - [[Θεόφιλος Γκωτιέ]], Γάλλος συγγραφέας\n*[[1852]] - [[Ιάκωβος Ερρίκος βαν'τ Χοφ]], Ολλανδός χημικός\n*[[1853]] - [[Παναγιώτης Δαγκλής]], Έλληνας στρατιωτικός και πολιτικός\n*[[1860]] - [[Ισαάκ Λεβιτάν]], Ρώσος ζωγράφος\n*[[1870]] - [[Πριγκίπισσα Αλεξάνδρα της Ελλάδας και Δανίας]]\n*[[1871]] - [[Έρνεστ Ράδερφορντ]], Νεοζηλανδός χημικός\n*[[1883]] - [[Τέο φαν Ντέσμπουργκ]], Ολλανδός καλλιτέχνης\n*[[1893]] - [[Χιούι Λονγκ]], Αμερικανός πολιτικός\n*[[1896]] - [[Ρέιμοντ Μάσεϊ]], Καναδός ηθοποιός\n*[[1898]] - [[Σίρλεϊ Μπουθ]], Αμερικανίδα ηθοποιός\n*[[1910]] - [[Γεώργιος Τενεκίδης]], Έλληνας διεθνολόγος\n*[[1912]] - [[Έντουαρντ Πάρσελ]], Αμερικανός φυσικός\n*[[1919]] - [[Βόλφγκανγκ Βάγκνερ]], Γερμανός σκηνοθέτης\n*[[1937]] - [[Μπρους ΜακΛάρεν]], Νεοζηλανδός οδηγός αγώνων και ιδρυτής της [[Μακλάρεν]]\n*[[1939]] - [[Τζον Πιλ]], Άγγλος ραδιοφωνικός παρουσιαστής\n*[[1943]] - [[Λάκης Χαλκιάς]], Έλληνας τραγουδιστής\n*[[1946]] - [[Άννα-Μαρία της Ελλάδας|Άννα Μαρία]], βασίλισσα της Ελλάδας\n*[[1951]] - [[Γκεντίμινας Κιρκίλας]], Λιθουανός πολιτικός\n*[[1951]] - [[Ντάνα (Ιρλανδή τραγουδίστρια)|Ντάνα]], Ιρλανδή τραγουδίστρια\n*[[1952]] - [[Μινέρβα Μελπομένη Μαλλιώρη]], Ελληνίδα πολιτικός\n*[[1953]] - [[Ρόμπερτ Πάρις]], Αμερικανός καλαθοσφαιριστής\n*[[1954]] - [[Αλεξάντερ Λουκασένκο]], Λευκορώσος πολιτικός\n*[[1958]] - [[Άννα Πολιτκόφσκαγια]], Ρωσίδα δημοσιογράφος\n*[[1959]] - [[Σεΐχης Χαμάντ ιμπν Τζαμπρ αλ Θανί]], πρωθυπουργός του Κατάρ\n*[[1960]] - [[Μπάκο Σαχακιάν]], πρόεδρος του Ναγκόρνο-Καραμπάχ\n*[[1970]] - [[Πάρις Ζουμπούλης]], Έλληνας ποδοσφαιριστής\n*[[1970]] - [[Πάολο Σόουζα]], Πορτογάλος ποδοσφαιριστής\n*[[1972]] - [[Πάβελ Νέντβεντ]], Τσέχος ποδοσφαιριστής\n*[[1972]] - [[Κάμερον Ντίαζ]], Αμερικανίδα ηθοποιός\n*[[1977]] - [[Καμίλ Κοσόφσκι]], Πολωνός ποδοσφαιριστής\n\n== Θάνατοι ==\n*[[526]] - [[Θεοδώριχος ο Μέγας]], βασιλιάς των Οστρογότθων\n*[[1148]] - [[Αμεδαίος Γ΄ της Σαβοΐας|Αμεδαίος Γ΄]], κόμης της Σαβοΐας\n*[[1181]] - [[Πάπας Αλέξανδρος Γ΄]]\n*[[1483]] - [[Λουδοβίκος ΙΑ΄ της Γαλλίας|Λουδοβίκος ΙΑ΄]], βασιλιάς της Γαλλίας\n*[[1580]] - [[Εμμανουήλ Φιλιβέρτος της Σαβοΐας|Εμμανουήλ Φιλιβέρτος]], δούκας της Σαβοΐας\n*[[1874]] - [[Σπυρίδων Βασιλειάδης]], Έλληνας συγγραφέας\n*[[1875]] - [[Φιοντόρ Μπρούνι]], Ιταλός ζωγράφος\n*[[1899]] - [[Γκαστόν Τισαντιέ]], Γάλλος χημικός και εκδότης\n*[[1928]] - [[Βίλχελμ Βίεν]], Γερμανός φυσικός\n*[[1935]] - [[Ανρί Μπαρμπύς]], Γάλλος συγγραφέας\n*[[1940]] - [[Τζόζεφ Τζον Τόμσον]], Άγγλος φυσικός\n*[[1958]] - [[Θεόδωρος Κιζάνης]], Έλληνας στρατιωτικός\n*[[1961]] - [[Γεώργιος Ρεβελιώτης]], Έλληνας πολιτικός\n*[[1974]] - [[Δώρος Λοΐζου]], Κύπριος ποιητής\n*[[1981]] - [[Ανδρέας Στράτος]], Έλληνας πολιτικός\n*[[1992]] - [[Κωνσταντίνος Στεφανάκης]], Έλληνας πολιτικός\n*[[2003]] - [[Τσαρλς Μπρόνσον]], Αμερικανός ηθοποιός\n*[[2006]] - [[Ναγκίμπ Μαχφούζ]], Αιγύπτιος συγγραφέας\n*[[2006]] - [[Γκλεν Φορντ]], Καναδός ηθοποιός\n*[[2007]] - [[Μαρία Μπονέλου]], Ελληνίδα ηθοποιός\n*[[2008]] - [[Κίλερ Κοβάλσκι]], Καναδός παλαιστής\n*[[2013]] - [[Σέιμους Χίνι]], Ιρλανδός συγγραφέας\n*[[2015]] - [[Γουές Κρέιβεν]], Αμερικανός σκηνοθέτης\n*[[2022]] - [[Μιχαήλ Γκορμπατσόφ]], Σοβιετικός Ηγέτης και Σοσιαλιστής\n\n== Αργίες και εορτές ==\n* Παγκόσμια ημέρα εξαφανισμένων\n* [[Τουρκία]] - Εορτή της Νίκης και της Αεροπλοΐας\n\n=== [[Ορθόδοξη Εκκλησία]] ===\n{{Πύλη:Ορθοδοξία/Εορτολόγιο/30 Αυγούστου}}\n\n{{Μήνες}}\n\n[[Κατηγορία:Ημέρες του έτους]]"}}}]}]}}