{"batchcomplete":true,"query":{"normalized":[{"fromencoded":false,"from":"30_Μαρτίου","to":"30 Μαρτίου"}],"pages":[{"pageid":1551,"ns":0,"title":"30 Μαρτίου","revisions":[{"slots":{"main":{"contentmodel":"wikitext","contentformat":"text/x-wiki","content":"{{χωρίς παραπομπές}}\n\n{{Μήνες Μαρτίου}}\n\n<center>[[29 Μαρτίου]] | '''30 Μαρτίου''' | [[31 Μαρτίου]]</center>\n\n----\nΗ '''30ή Μαρτίου''' είναι η 89η ημέρα του έτους κατά το [[Γρηγοριανό ημερολόγιο]]. Υπολείπονται 276 ημέρες.\n\n{{ΗμερολόγιοΣεΠίνακα|3}}\n\n== Γεγονότα ==\n*[[598]] - [[Εκστρατείες του αυτοκράτορα Μαυρικίου στα Βαλκάνια|Εκστρατεία στα Βαλκάνια]]: Οι [[Άβαροι]] λύνουν την πολιορκία της [[Βυζαντινή Αυτοκρατορία|βυζαντινής]] πόλης [[Κωνστάντζα|Τόμις]]. Ο ηγέτης τους Βαϊανός Α΄ υποχωρεί βόρεια του ποταμού [[Δούναβης|Δούναβη]] καθώς οι [[Άβαροι|αβαρο]][[Σλάβοι|σλαβικές]] ορδές αποδεκατίζονταν από την [[πανώλη]].  \n*[[1282]] - [[Σικελικοί Εσπερινοί]]: Ο λαός της [[Σικελία]]ς επαναστατεί εναντίον του [[Μονάρχης|βασιλιά]] [[Κάρολος ο Ανδεγαυός|Καρόλου του Ανδεγαυού]].\n*[[1296]] - Ο [[Εδουάρδος Α΄ της Αγγλίας]] εισβάλει στο Μπέργκουικ-απόν-Τουίντ, κατά τη διάρκεια ένοπλης σύρραξης μεταξύ [[Σκωτία]]ς και [[Βασίλειο της Αγγλίας|Αγγλίας]].\n*[[1815]] - Ο [[Ζοακίμ Μυρά]] εκδίδει τη Διακήρυξη του Ρίμινι, η οποία θα εμπνεύσει αργότερα την [[Ιταλική ενοποίηση]].\n*[[1841]] - Ιδρύεται στην [[Αθήνα]] η [[Εθνική Τράπεζα της Ελλάδος]].\n*[[1842]] - Χρησιμοποιείται για πρώτη φορά [[Αναισθησία (ιατρική)|αναισθησία]] με [[Διαιθυλαιθέρας|διαιθυλαιθέρα]], σε εγχείρηση που έκανε ο [[Ηνωμένες Πολιτείες Αμερικής|Αμερικανός]] χειρούργος δρ. Κρόφορντ Λονγκ.   \n*[[1856]] - Υπογράφεται η [[Συνθήκη Παρισίων (1856)|Συνθήκη των Παρισίων]], τερματίζοντας τον [[Κριμαϊκός Πόλεμος|Κριμαϊκό Πόλεμο]].\n*[[1863]] - Ο [[Δανία|Δανός]] πρίγκιπας Γουλιέλμος γίνεται βασιλιάς της [[Ελλάδα]]ς ως [[Γεώργιος Α΄ της Ελλάδας|Γεώργιος Α΄]].\n*[[1867]] - Ο υπουργός Εξωτερικών των [[Ηνωμένες Πολιτείες Αμερικής|Ηνωμένων Πολιτειών]] Ουίλιαμ Χ. Σιούαρντ αγοράζει την [[Αλάσκα]] από τη [[Ρωσική Αυτοκρατορία]] έναντι 7,2 εκατομμυρίων [[Δολάριο ΗΠΑ|δολαρίων]] (4,19$/τ.χλμ).\n*[[1912]] - Υπογράφεται η συνθήκη της Φεζ, καθιστώντας το [[Μαρόκο]] [[Γαλλία|γαλλικό]] [[προτεκτοράτο]]. \n*[[1961]] - Μονογράφεται η [[Συμφωνία Σύνδεσης Ελλάδας- ΕΟΚ|συμφωνία σύνδεσης της Ελλάδας με την Ε.Ο.Κ.]]\n*[[1965]] - [[Πόλεμος του Βιετνάμ]]: παγιδευμένο αυτοκίνητο εκρήγνυται μπροστά από την πρεσβεία των [[Η.Π.Α.]] στη [[Χο Τσι Μιν (πόλη)|Σαϊγκόν]], σκοτώνοντας 22 άτομα και τραυματίζοντας άλλα 183.\n* [[1981]] - Αποτυχημένη απόπειρα δολοφονίας εναντίον του Αμερικανού Προέδρου [[Ρόναλντ Ρήγκαν]] στην [[Ουάσινγκτον]].\n\n== Γεννήσεις ==\n*[[1138]] - [[Μαϊμωνίδης]], Ισπανός φιλόσοφος\n*[[1326]] - [[Ιβάν Β΄ της Μόσχας|Ιβάν Β΄]], μέγας πρίγκιπας της Μόσχας\n*[[1432]] - [[Μωάμεθ Β΄ ο Πορθητής]], Οθωμανός σουλτάνος\n*[[1746]] - [[Φρανθίσκο Γκόγια]], Ισπανός ζωγράφος και χαράκτης\n*[[1754]] - [[Ζαν-Φρανσουά Πιλάτρ ντε Ροζιέ]], Γάλλος χημικός και αεροπόρος\n*[[1811]] - [[Ρόμπερτ Μπούνσεν]], Γερμανός χημικός\n*[[1834]] - [[Γεώργιος Α. Μαυρομιχάλης]], Έλληνας στρατιωτικός\n*[[1844]] - [[Πωλ Βερλαίν]], Γάλλος ποιητής\n*[[1848]] - [[Κάρολος των Βουρβόνων (1848-1909)|Κάρλος]], δούκας της Μαδρίτης\n*[[1853]] - [[Βίνσεντ βαν Γκογκ]], Ολλανδός ζωγράφος\n*[[1880]] - [[Σον Ο'Κέισι]], Ιρλανδός δραματουργός\n*[[1892]] - [[Έρχαρντ Μιλχ]], Γερμανός στρατάρχης\n*[[1897]] - [[Ρόμπερτ Ρίσκιν]], Αμερικανός σεναριογράφος\n*[[1909]] - [[Ερνστ Γκόμπριχ]], Αυστριακός ιστορικός τέχνης\n*[[1913]] - [[Φρανκ Λέιν]], Αμερικανός τραγουδοποιός\n*[[1915]] - [[Αρσένιο Ερίκο]], Παραγουανός ποδοσφαιριστής\n*[[1915]] - [[Πιέτρο Ινγκράο]], Ιταλός πολιτικός\n*[[1937]] - [[Γουόρεν Μπίτι]], Αμερικανός ηθοποιός και σκηνοθέτης\n*[[1942]] - [[Ρούμπεν Καν]], πρόεδρος του Ναουρού\n*[[1944]] - [[Αχμάντ Σαχ Αχμαντζάι]], Αφγανός πολιτικός\n*[[1945]] - [[Μαριώ]], Ελληνίδα τραγουδίστρια\n*[[1945]] - [[Έρικ Κλάπτον]], Άγγλος κιθαρίστας ([[Cream]])\n*[[1948]] - [[Έντι Τζόρνταν]], Ιρλανδός επιχειρηματίας\n*[[1958]] - [[Μορίς Λαμάρς]], Καναδός ηθοποιός\n*[[1963]] - [[Γιώτης Τσαλουχίδης]], Έλληνας ποδοσφαιριστής\n*[[1968]] - [[Σελίν Ντιόν]], Καναδή τραγουδίστρια\n*[[1971]] - [[Υρώ Λούπη]], Ελληνίδα ηθοποιός\n*[[1979]] - [[Νόρα Τζόουνς]], Αμερικανίδα μουσικός\n*[[1986]] - [[Σέρχιο Ράμος]], Ισπανός ποδοσφαιριστής\n*[[1987]] - [[Τρεντ Μπαρέτα]], Αμερικανός παλαιστής\n*[[1988]] - [[Θανάσης Παπάζογλου]], Έλληνας ποδοσφαιριστής\n*[[1991]] - [[Ρόντερικ Μιράντα]], Πορτογάλος ποδοσφαιριστής\n\n== Θάνατοι ==\n*[[988]] - [[Αρνούλφος Β΄ της Φλάνδρας|Αρνούλφος Β΄]], κόμης της Φλάνδρας\n*[[1407]] - [[Κόνραντ φον Γιούνγκινγκεν]], 25ος μέγας μάγιστρος του Τευτονικού Τάγματος\n*[[1472]] - [[Αμεδαίος Θ΄ της Σαβοΐας|Αμεδαίος Θ΄]], δούκας της Σαβοΐας\n*[[1642]] - [[Γουλιέλμος Αύγουστος του Χάρμπουργκ|Γουλιέλμος Αύγουστος]], πρίγκιπας του Χάρμπουργκ\n*[[1764]] - [[Πιέτρο Λοκατέλι]], Ιταλός συνθέτης\n*[[1879]] - [[Τομά Κουτύρ]], Γάλλος ζωγράφος\n*[[1896]] - [[Χαρίλαος Τρικούπης]], Έλληνας πολιτικός\n*[[1925]] - [[Ρούντολφ Στάινερ]], Αυστριακός φιλόσοφος\n*[[1952]] - [[Ηλίας Αργυριάδης]], Έλληνας κομμουνιστής\n*[[1952]] - [[Νίκος Μπελογιάννης]], Έλληνας πολιτικός\n*[[1967]] - [[Νίκος Κατηφόρης]], Έλληνας συγγραφέας\n*[[1970]] - [[Χάινριχ Μπρύνιγκ]], Γερμανός πολιτικός\n*[[1986]] - [[Τζέιμς Κάγκνεϊ]], Αμερικανός ηθοποιός\n*[[1986]] - [[Ιωάννης Παπαδάκης-Στάικος]], Έλληνας πολιτικός\n*[[1988]] - [[Αδαμάντιος Κωνσταντινίδης]], Έλληνας πολιτικός\n*[[1991]] - [[Αθανάσιος Ραγάζος]], Έλληνας αθλητής του στίβου\n*[[1992]] - [[Μανόλης Ανδρόνικος]], Έλληνας αρχαιολόγος\n*[[2002]] - [[Βασιλομήτωρ Ελισάβετ του Ηνωμένου Βασιλείου]]\n*[[2004]] - [[Ελευθερία Βιδάκη]], Ελληνίδα ηθοποιός\n*[[2005]] - [[Χρύσανθος Θεοδωρίδης]], Έλληνας τραγουδιστής\n*[[2012]] - [[Ιωάννης Βασιλειάδης]], Έλληνας στρατιωτικός και πολιτικός\n*[[2020]] - [[Μανώλης Γλέζος]], Έλληνας πολιτικός της Αριστεράς, ήρωας της Εθνικής Αντίστασης, δημοσιογράφος και συγγραφέας\n\n== Αργίες και εορτές ==\n==Κόσμος==\n* Παγκόσμια Ημέρα [[αντισύλληψη]]ς\n\n=== [[Ορθόδοξη Εκκλησία]] ===\n{{Πύλη:Ορθοδοξία/Εορτολόγιο/30 Μαρτίου}}\n\n{{Μήνες}}\n\n[[Κατηγορία:Ημέρες του έτους]]"}}}]}]}}