{"batchcomplete":true,"query":{"normalized":[{"fromencoded":false,"from":"30_Νοεμβρίου","to":"30 Νοεμβρίου"}],"pages":[{"pageid":3584,"ns":0,"title":"30 Νοεμβρίου","revisions":[{"slots":{"main":{"contentmodel":"wikitext","contentformat":"text/x-wiki","content":"{{Μήνες Νοεμβρίου}}\n\n<center>[[29 Νοεμβρίου]] | [[30 Νοεμβρίου]] | [[1 Δεκεμβρίου]]</center>\n\n----\nΗ '''30ή Νοεμβρίου''' είναι η 334η ημέρα του έτους κατά το [[Γρηγοριανό ημερολόγιο]] (335η σε δίσεκτα έτη). Υπολείπονται 31 ημέρες.\n\n{{ΗμερολόγιοΣεΠίνακα|11}}\n\n== Γεγονότα ==\n*[[1718]] - Ο βασιλιάς [[Κάρολος ΙΒ΄ της Σουηδίας]] σκοτώνεται κατά τη διάρκεια της πολιορκίας του Φρέντρικστεν στη [[Νορβηγία]].\n*[[1782]] - [[Αμερικανική Επανάσταση]]: [[Συνθήκη των Παρισίων (1783)|Συνθήκη των Παρισίων]]. Αντιπρόσωποι από τις [[Ηνωμένες Πολιτείες Αμερικής]] και το [[Βασίλειο της Μεγάλης Βρετανίας]] υπογράφουν στο [[Παρίσι]] τα προκαταρκτικά άρθρα της συνθήκης ειρήνης, η οποία θα επισημοποιηθεί το [[1783]]. \n*[[1786]] - Το [[Μεγάλο Δουκάτο της Τοσκάνης]], υπό τον [[Λεοπόλδος Β΄ της Αγίας Ρωμαϊκής Αυτοκρατορίας|Λεοπόλδο]], γίνεται το πρώτο σύγχρονο κράτος που καταργεί τη [[θανατική ποινή]].\n*[[1803]] - Στη [[Νέα Ορλεάνη]], [[Ισπανία|Ισπανοί]] αντιπρόσωποι παραχωρούν επίσημα την περιοχή της [[Λουιζιάνα|Λουιζάνας]] σε [[Γαλλία|Γάλλο]] αντιπρόσωπο. Είκοσι ημέρες αργότερα, η Γαλλία παραχωρεί την ίδια γη στις [[Ηνωμένες Πολιτείες Αμερικής]] κατά την [[αγορά της Λουιζιάνας]].\n*[[1822]] - [[Ελληνική Επανάσταση]]: Απελευθερώνεται το [[Ναύπλιο]] από τον [[Στάικος Σταϊκόπουλος|Στάικο Σταϊκόπουλο]]\n*[[1853]] - [[Κριμαϊκός Πόλεμος]]: Ναυμαχία της [[Σινώπη]]ς. Το [[Ρωσική Αυτοκρατορία|αυτοκρατορικό ρωσικό]] ναυτικό καταστρέφει τον [[Οθωμανικός Στρατός|οθωμανικό στόλο]] στη Σινώπη. \n*[[1868]] - Πραγματοποιούνται στη [[Στοκχόλμη]] τα αποκαλυπτήρια του αγάλματος του βασιλιά [[Κάρολος ΙΒ΄ της Σουηδίας|Καρόλου ΙΒ΄ της Σουηδίας]].\n*[[1872]] - Διεξάγεται στη [[Γλασκώβη]] [[Σκωτία - Αγγλία (ο πρώτος διεθνής ποδοσφαιρικός αγώνας)|ο πρώτος διεθνής ποδοσφαιρικός αγώνας]], μεταξύ της [[Εθνική Σκωτίας (ποδόσφαιρο ανδρών)|Σκωτίας]] και της [[Εθνική Αγγλίας (ποδόσφαιρο ανδρών)|Αγγλίας]]. \n*[[1939]] - [[Σοβιετοφινλανδικός πόλεμος του 1939]]: Οι [[Ένωση Σοβιετικών Σοσιαλιστικών Δημοκρατιών|σοβιετικές]] δυνάμεις διασχίζουν τα [[Φινλανδία|φινλανδικά]] σύνορα και βομβαρδίζουν το [[Ελσίνκι]] και αρκετές άλλες φινλανδικές πόλεις, ξεκινώντας τον πόλεμο.\n*[[1943]] - Λαμβάνει χώρα στην Αθήνα το [[Πογκρόμ κατά των αναπήρων (1943)|Πογκρόμ κατά των αναπήρων]] από τα κατοχικά [[τάγματα ασφαλείας]], με κατάληξη την εκτέλεση 283 Ελλήνων αναπήρων πολέμου.\n*[[1954]] - Στη Σιλικόγκα, στην [[Αλαμπάμα]] των [[Ηνωμένες Πολιτείες Αμερικής|Ηνωμένων Πολιτειών]], ο [[Σιλικόγκα (μετεωρίτης)|μετεωρίτης Χότζες]] πέφτοντας περνάει μέσα από μία στέγη και χτυπά μία γυναίκα που έπαιρνε τον απογευματινό της ύπνο. Αυτή είναι η μόνη τεκμηριωμένη περίπτωση στο [[δυτικό ημισφαίριο]] ενός ανθρώπου που τον χτύπησε βράχος από το διάστημα.   \n*[[1966]] - Τα [[Μπαρμπάντος]] αποκτούν την ανεξαρτησία τους από το [[Ηνωμένο Βασίλειο]]. \n*1966 - Εγκαινιάζεται το [[Πανεπιστήμιο Πατρών]].\n*[[1967]] - Η [[Νότια Υεμένη]] αποκτά την ανεξαρτησία της από το [[Ηνωμένο Βασίλειο]].\n*1967 - Ιδρύεται το [[Λαϊκό Κόμμα του Πακιστάν]] από τον [[Ζούλφικαρ Άλι Μπούτο]], ο οποίος γίνεται ο πρώτος πρόεδρός του.\n*[[1981]] - [[Ψυχρός Πόλεμος]]: Εκπρόσωποι από τις [[Ηνωμένες Πολιτείες Αμερικής]] και τη [[Ένωση Σοβιετικών Σοσιαλιστικών Δημοκρατιών|Σοβιετική Ένωση]] αρχίζουν να διαπραγματεύονται στη [[Γενεύη]] τη μείωση των [[Πυρηνικό όπλο|πυρηνικών όπλων]] μεσαίου βεληνεκούς στην [[Ευρώπη]] (οι συναντήσεις θα λήξουν στις [[17 Δεκεμβρίου]] χωρίς να καταλήξουν σε απόφαση).\n*[[1982]] - Κυκλοφορεί παγκοσμίως ο έκτος σόλο δίσκος του [[Μάικλ Τζάκσον]], ''[[Thriller (άλμπουμ)|Thriller]]''. Θα γίνει ο δίσκος με τις περισσότερες πωλήσεις στην ιστορία.\n\n== Γεννήσεις ==\n*[[539]] - [[Γρηγόριος Τουρώνης]], Γαλάτης ιστορικός και επίσκοπος\n*[[1310]] - [[Φρειδερίκος Β΄ του Μάισσεν|Φρειδερίκος Β']], μάργραβος του Μάισσεν\n*[[1340]] - [[Ιωάννης του Μπερί|Ιωάννης]], δούκας του Μπερί\n*[[1466]] - [[Αντρέα Ντόρια]], Ιταλός ναύαρχος\n*[[1485]] - [[Βερόνικα Γκαμπάρα]], Ιταλίδα ποιήτρια\n*[[1508]] - [[Αντρέα Παλλάντιο]], Ιταλός αρχιτέκτονας\n*[[1602]] - [[Ότο φον Γκέρικε]], Γερμανός φυσικός και εφευρέτης\n*[[1623]] - [[Νεσατί]], Οθωμανός ποιητής\n*[[1667]] - [[Τζόναθαν Σουίφτ]], Ιρλανδός συγγραφέας\n*[[1817]] - [[Τέοντορ Μόμσεν]], Γερμανός νομικός και ιστορικός\n*[[1825]] - [[Ουιλιάμ-Αντόλφ Μπουγκερώ]], Γάλλος ζωγράφος\n*[[1835]] - [[Μαρκ Τουαίην]], Αμερικανός συγγραφέας\n*[[1869]] - [[Νιλς Γκούσταφ Νταλέν]], Σουηδός φυσικός\n*[[1874]] - [[Ουίνστον Τσώρτσιλ]], Άγγλος πολιτικός\n*[[1882]] - [[Ιωάννης Δεμέστιχας]], Έλληνας στρατιωτικός και πολιτικός\n*[[1885]] - [[Άλμπερτ Κέσσελρινγκ]], Γερμανός στρατάρχης\n*[[1903]] - [[Μαντάμ Γκρε]], Γαλλίδα σχεδιάστρια μόδας\n*[[1919]] - [[Παρθένιος Γ΄ Αλεξανδρείας|Παρθένιος Γ΄]], Πατριάρχης Αλεξανδρείας\n*[[1926]] - [[Ρίτσαρντ Κρένα]], Αμερικανός ηθοποιός\n*[[1927]] - [[Ρόμπερτ Γκιγιόμ]], Αμερικανός ηθοποιός\n*[[1927]] - [[Μάρθα Τσέις]], Αμερικανίδα γενετίστρια\n*[[1934]] - [[Λανσάνα Κοντέ]], πρόεδρος της Γουινέας\n*[[1936]] - [[Άμπι Χόφμαν]], Αμερικανός ακτιβιστής\n*[[1938]] - [[Ανδρέας Αντωνάτος]], Έλληνας διεθνής ποδοσφαιριστής\n*[[1943]] - [[Τέρενς Μάλικ]], Αμερικανός σκηνοθέτης και σεναριογράφος\n*[[1944]] - [[Τζόζεφ Μποακάι]], Λιβεριανός πολιτικός\n*[[1945]] - [[Ρότζερ Γκλόβερ]], Ουαλός μπασίστας ([[Deep Purple]], [[Episode Six]] και [[Rainbow]])\n*[[1946]] - [[Μαρίνα Αμπράμοβιτς]], Σέρβα καλλιτέχνις\n*[[1947]] - [[Σέρχιο Μπαδίγια Καστίγιο]], Χιλιανός ποιητής\n*[[1949]] - [[Βλάσσης Μπονάτσος]], Έλληνας τραγουδιστής και ηθοποιός\n*[[1950]] - [[Γιάννης Σπάθας]], Έλληνας κιθαρίστας\n*[[1955]] - [[Κονστάνς Μόνεϊ]], Αμερικανίδα πορνογραφική ηθοποιός\n*[[1960]] - [[Γκάρι Λίνεκερ]], Άγγλος ποδοσφαιριστής\n*[[1965]] - [[Αλνταΐρ]], Βραζιλιάνος ποδοσφαιριστής\n*[[1965]] - [[Μπεν Στίλερ]], Αμερικανός ηθοποιός\n*[[1973]] - [[Κρίστιαν (παλαιστής)|Κρίστιαν]], Καναδός παλαιστής\n*[[1978]] - [[Γκαέλ Γκαρσία Μπερνάλ]], Μεξικανός ηθοποιός\n*[[1982]] - [[Ελίσα Κάθμπερτ]], Καναδή ηθοποιός\n*[[1985]] - [[Κέιλι Κουόκο]], Αμερικανίδα ηθοποιός\n*[[1989]] - [[Βλάντιμιρ Βάις]], Σλοβάκος ποδοσφαιριστής\n*[[1990]] - [[Μάγκνους Κάρλσεν]], Νορβηγός σκακιστής\n*[[1990]] - [[Λευτέρης Πετρούνιας]], Έλληνας αθλητής\n\n== Θάνατοι ==\n{{commonscat|30 November}}\n*\n*[[912]] - [[Όθων Α΄ της Σαξονίας|Όθων Α΄]], δούκας της Σαξονίας\n*[[1016]] - [[Έντμουντ ο Σιδηρόπλευρος]], βασιλιάς της Αγγλίας\n*[[1526]] - [[Τζοβάνι ντάλε Μπάντε Νέρε]], Ιταλός στρατιωτικός\n*[[1647]] - [[Τζοβάνι Λανφράνκο]], Ιταλός ζωγράφος\n*[[1718]] - [[Κάρολος ΙΒ΄ της Σουηδίας|Κάρολος ΙΒ΄]], βασιλιάς της Σουηδίας\n*[[1761]] - [[Τζον Ντόλοντ]], Άγγλος οπτικός\n*[[1830]] - [[Πάπας Πίος Η΄]]\n*[[1866]] - [[Τζον Μέρσερ]], Άγγλος χημικός και βιομήχανος\n*[[1892]] - [[Δημήτριος Βάλβης]], Έλληνας πολιτικός\n*[[1900]] - [[Όσκαρ Ουάιλντ]], Ιρλανδός συγγραφέας\n*[[1935]] - [[Φερνάντο Πεσσόα]], Πορτογάλος ποιητής\n*[[1938]] - [[Κορνήλιος Κοντρεάνου]], Ρουμάνος πολιτικός\n*[[1944]] - [[Όουεν Ο΄ Ντάφι (Ιρλανδός πολιτικός)|Όουεν Ο΄ Ντάφι]], Ιρλανδός πολιτικός\n*[[1947]] - [[Ερνστ Λιούμπιτς]], Γερμανός σκηνοθέτης\n*[[1953]] - [[Φράνσις Πικαμπιά]], Γάλλος ζωγράφος και ποιητής\n*[[1954]] - [[Βίλχελμ Φούρτβενγκλερ]], Γερμανός διευθυντής ορχήστρας\n*[[1977]] - [[Τέρενς Ράττιγκαν]], Άγγλος θεατρικός συγγραφέας\n*[[1989]] - [[Αχμαντού Αχιτζό]], Καμερουνέζος πολιτικός\n*[[1990]] - [[Σώτος Βασιλειάδης]], Έλληνας μουσικός\n*[[1994]] - [[Γκυ Ντεμπόρ]], Γάλλος συγγραφέας\n*[[1996]] - [[Τάινι Τιμ (Μουσικός)|Τάινι Τιμ]], Αμερικανός μουσικός\n*[[2003]] - [[Γερτρούδη Έντερλε]], Αμερικανίδα κολυμβήτρια\n*[[2011]] - [[Καρλ Ρόμπι]], Αμερικανός κολυμβητής\n*[[2013]] - [[Πολ Γουόκερ]], Αμερικανός ηθοποιός\n*[[2013]] - [[Τάκης Συνετόπουλος]], Έλληνας ποδοσφαιριστής\n*[[2015]] - [[Φατίμα Μερνίσι]], Μαροκινή κοινωνιολόγος και συγγραφέας\n*[[2015]] - [[Μηνάς Χατζησάββας]], Έλληνας ηθοποιός\n*[[2017]] - [[Κόλιν Γκρόουβς]], Άγγλος βιολόγος\n\n== Αργίες και εορτές ==\n\n=== [[Ορθόδοξη Εκκλησία]] ===\n{{Πύλη:Ορθοδοξία/Εορτολόγιο/30 Νοεμβρίου}}\n\n{{Μήνες}}\n\n[[Κατηγορία:Ημέρες του έτους]]"}}}]}]}}