{"batchcomplete":true,"query":{"normalized":[{"fromencoded":false,"from":"30_Σεπτεμβρίου","to":"30 Σεπτεμβρίου"}],"pages":[{"pageid":8056,"ns":0,"title":"30 Σεπτεμβρίου","revisions":[{"slots":{"main":{"contentmodel":"wikitext","contentformat":"text/x-wiki","content":"{{Μήνες Σεπτεμβρίου}}\n\n<center>[[29 Σεπτεμβρίου]] | '''30 Σεπτεμβρίου''' | [[1 Οκτωβρίου]]</center>\n\n----\n{{ΗμερολόγιοΣεΠίνακα|9}}\nΗ '''30ή Σεπτεμβρίου''' είναι η 273η ημέρα του έτους κατά το [[Γρηγοριανό ημερολόγιο]] (274η σε δίσεκτα έτη). Υπολείπονται 92 ημέρες.\n\n== Γεγονότα ==\n*[[489]] - Οι [[Οστρογότθοι]] υπό τον [[Θεοδώριχος ο Μέγας|Θεοδώριχο το Μέγα]] νικούν τις δυνάμεις του [[Οδόακρος|Οδόακρου]] στη [[Βερόνα]] (Βόρεια Ιταλία).\n*[[1399]] - Ο [[Ερρίκος Δ΄ της Αγγλίας|Ερρίκος Δ΄]] ανακηρύσσεται [[Κατάλογος Άγγλων μοναρχών|βασιλιάς της Αγγλίας]].\n*[[1520]] - Ανακηρυσσεται Σουλτανος ο [[Σουλεϊμάν Α' ο Μεγαλοπρεπής]].\n*[[1636]] - Ισχυρός [[σεισμός]] μεγέθους 7,1 Ρίχτερ πλήττει την [[Κεφαλονιά]] και τη [[Ζάκυνθος|Ζάκυνθο]]. Οι νεκροί ανέρχονται σε 525 άτομα και οι τραυματίες σε 1.500.\n*[[1791]] - Κάνει πρεμιέρα στη [[Βιέννη]] η όπερα του [[Βόλφγκανγκ Αμαντέους Μότσαρτ]] ''«[[Ο Μαγικός Αυλός]]»''.\n*[[1791]] - Διαλύεται η Εθνική Συντακτική Συνέλευση στο [[Παρίσι]].\n*[[1821]] - [[Ελληνική Επανάσταση του 1821]]: Οι [[Έλληνες]] νικούν τον [[Οθωμανική Αυτοκρατορία|οθωμανικό]] στόλο στη ναυμαχία του [[Κατάκολο Ηλείας|Κατακόλου]].\n*[[1876]] - Η [[Κυβέρνηση Αλέξανδρου Κουμουνδούρου 1875|κυβέρνηση του Αλέξανδρου Κουμουνδούρου]] εγκρίνει τη σύσταση του [[Χρηματιστήριο Αθηνών|Χρηματιστηρίου Αθηνών]].\n*[[1882]] - Ο πρώτος εμπορικός [[Υδροηλεκτρισμός|υδροηλεκτρικός]] σταθμός του [[Τόμας Έντισον]] αρχίζει τη λειτουργία του στο [[Ουισκόνσιν]] των [[Ηνωμένες Πολιτείες Αμερικής|Ηνωμένων Πολιτειών]].\n*[[1888]] - Ο [[Τζακ ο Αντεροβγάλτης]] σκοτώνει την Ελίζαμπεθ Στράιντ και την Κάθριν Ήντοους, το τρίτο και τέταρτο θύμα του αντίστοιχα.\n*[[1899]] - Ιδρύεται η [[Τράπεζα Κρήτης 1899-1919|Τράπεζα Κρήτης]] με έδρα τα [[Χανιά]].\n*[[1911]] - Ο Μικρασιάτης [[Αιμιλιανός Γρεβενών (επίσκοπος)|Αιμιλιανός Λαζαρίδης]], μητροπολίτης [[Γρεβενά|Γρεβενών]], βρίσκει μαρτυρικό θάνατο σε ηλικία 34 ετών από [[Κομιτατζής|κομιτατζήδες]] και βλαχόφωνους ρουμανίζοντες.\n*[[1915]] - Στρατιώτης του [[Σερβικός Στρατός Ξηράς|σερβικού στρατού ξηράς]] γίνεται ο πρώτος στην ιστορία που καταρρίπτει εχθρικό αεροσκάφος με πυρά εδάφους-αέρος.\n*[[1935]] - Εγκαινιάζεται στις [[Ηνωμένες Πολιτείες Αμερικής]] το [[φράγμα Χούβερ]] στα σύνορα των [[Πολιτείες των ΗΠΑ|πολιτειών]] [[Αριζόνα]] και [[Νεβάδα]].\n*[[1938]] - Το [[Ηνωμένο Βασίλειο]], η [[Γαλλία]], η [[Ναζιστική Γερμανία|Γερμανία]] και η [[Ιταλία]] υπογράφουν τη [[Συμφωνία του Μονάχου]], επιτρέποντας στη Γερμανία να καταλάβει την περιοχή της [[Σουδητία|Σουδητίας]] στην [[Τσεχοσλοβακία]].\n*[[1941]] - [[Β΄ Παγκόσμιος Πόλεμος]]: [[Ολοκαύτωμα]] στο [[Κίεβο]] της [[Ουκρανία]]ς. Τα [[Ναζιστική Γερμανία|γερμανικά]] [[Einsatzgruppen]] ολοκληρώνουν τη σφαγή στη χαράδρα [[Μπάμπι Γιαρ]].\n*[[1947]] - Μεταδίδεται για πρώτη φορά [[Τηλεόραση|τηλεοπτικά]] αγώνας του [[Αμερικανικό πρωτάθλημα Μπέιζμπολ|αμερικανικού πρωταθλήματος μπέιζμπολ]], μεταξύ των [[Νιου Γιορκ Γιάνκις]] και των Μπρούκλιν Ντότζερς.\n*[[1949]] - Ολοκληρώνεται η κατασκευή της αερογέφυρας του [[Βερολίνο]]υ.\n*[[1954]] - Τίθεται σε υπηρεσία το [[Ηνωμένες Πολιτείες Αμερικής|αμερικανικό]] υποβρύχιο ''[[USS Nautilus (SSN-571)]]'', το πρώτο σκάφος με [[Πυρηνικός αντιδραστήρας|πυρηνικό αντιδραστήρα]] στον κόσμο.\n*[[1962]] - Ο [[Τζέιμς Μέρεντιθ]] εισέρχεται στο Πανεπιστήμιο του Μισισιπή, αψηφώντας τον διαχωρισμό. \n*[[1965]] - Παρουσιάζεται το πρώτο αεροσκάφος Lockheed L-100 Hercules, η πολιτική εκδοχή του [[Lockheed C-130 Hercules]].\n*[[1965]] - Το Κίνημα της 30ής Σεπτεμβρίου επιχειρεί [[πραξικόπημα]] εναντίον της [[Ινδονησία|ινδονησιακής]] κυβέρνησης, το οποίο συνθλίβεται από τον στρατό του [[Σουχάρτο]] και οδηγεί σε μία μαζική αντικομμουνιστική εκκαθάριση, με περισσότερους από 500.000 νεκρούς.\n*[[1966]] - Το [[Μεγάλη Βρετανία|βρετανικό]] [[προτεκτοράτο]] της Μποτσουάνας ανακηρύσσει την ανεξαρτησία του και γίνεται η [[Μποτσουάνα|Δημοκρατία της Μποτσουάνας]]. Ο [[Σερέτσε Χάμα]] αναλαμβάνει τα καθήκοντά του ως ο πρώτος πρόεδρος.\n*[[1967]] - Έναρξη λειτουργίας των [[BBC Radio 1]], [[BBC Radio 2]], [[BBC Radio 3]] και [[BBC Radio 4]].\n*[[1968]] - Παρουσιάζεται για πρώτη φορά στο κοινό το [[Boeing 747]].\n*[[1975]] - Πραγματοποιεί την πρώτη του πτήση το ελικόπτερο [[Boeing AH-64 Apache|AH-64 Apache]]. \n*[[1979]] - Ο [[Παναμάς]] αποκτά ξανά τον έλεγχο της Ζώνης της Διώρυγας (από τις ΗΠΑ).\n*[[1979]] - Πρώτη αγωνιστική του πρώτου Επαγγελματικού Πρωταθλήματος της Α΄ Εθνικής κατηγορίας που διοργανώνει η [[ΕΠΑΕ]].\n*[[1979]] - Γίνεται (τέλη Σεπτεμβρίου) το [[Ναυάγιο της Ζακύνθου]] (πλοίο προερχόμενο από Ιταλία ναυάγησε- ήταν φορτωμένο με λαθραία τσιγάρα- σήμερα ο τόπος όπου βρίσκεται το πλοίο αποτελεί τουριστικό αξιοθέατο).\n* [[1980]] - Καθιερώνεται το [[σεκέλ]] ως νέο νόμισμα στο [[Ισραήλ]].\n* [[1982]] - Οι [[Χ. Ρος Περό]] και [[Τζέι Κόλμπερν]] πραγματοποιούν τον πρώτο στον κόσμο γύρο του κόσμου με ελικόπτερο, με το  Spirit of Texas. Το ταξίδι τους ξεκίνησε την 1η Σεπτεμβρίου 1982 και διήρκεσε 29 ημέρες, 3  ώρες και  8 λεπτά.\n* [[1983]] - Το αμερικανικό ελικόπτερο «Απάτσι» πραγματοποιεί την πρώτη του πτήση.\n* [[1989]] - Ο υπουργός Εξωτερικών της Γερμανίας [[Χανς Ντίτριχ Γκένσερ]], εκφωνεί το φημισμένο λόγο του από τη γερμανική πρεσβεία της Πράγας, τον οποίο άκουσαν χιλιάδες Ανατολικογερμανοί και κατά τον οποίο ανακοίνωσε, πως ήρθε σε συμφωνία με τη κομμουνιστική κυβέρνηση και οι πρόσφυγες θα μπορούσαν να επιστρέψουν στα σπίτια τους.\n* [[1991]] - [[Πραξικόπημα]] στην [[Αϊτή]]. Ανατρέπεται ο Πρόεδρος [[Ζαν Μπερτράντ Αριστίντ]].\n* 1991 - Αρχίζει το τελευταίο Φεστιβάλ Ελληνικού Κινηματογράφου στη [[Θεσσαλονίκη]], αφού από την επόμενη χρονιά έγινε διεθνές.\n* [[1993]] - Στη δυτική Ινδία, πάνω από 6.000 είναι οι νεκροί από τον καταστροφικό σεισμό των 6,4 Ρίχτερ που διαρκεί πέντε λεπτά.\n* [[1994]] - Τελείται σε βυζαντινό ναό κοντά στην Αγια-Σοφιά, στην Κωνσταντινούπολη ο διαγωνισμός ομορφιάς «Μις Γιανγκ Ευρώπης», παρά τις αντιδράσεις.\n* 1994 - [[Πρόεδρος του Κιριμπάτι]] εκλέγεται ο [[Τεμπουρόρο Τίτο]].\n* [[1995]] - Μετά από 15 μήνες αποκλεισμού λόγω τιμωρίας, ο [[Ντιέγκο Μαραντόνα]] ξαναγυρίζει στα γήπεδα φορώντας τη φανέλα της [[Μπόκα Τζούνιορς]].\n* [[1996]] - Στην Ελβετία, η Βουλή εγκρίνει τη σύσταση επιτροπής για να ερευνήσει τι έγινε ο κλεμμένος από τους Ναζί χρυσός και οι περιουσίες των Εβραίων, που κατασχέθηκαν από τις τράπεζες κατά τη διάρκεια του Β΄ Παγκόσμιου Πολέμου.\n* [[1997]] - Τα νησιά [[Φίτζι]] επανασυνδέονται με τη [[Βρετανική Κοινοπολιτεία]] έπειτα από 10 χρόνια.\n* [[1997]] - Η Origin Systems Inc. κυκλοφορεί το παιχνίδι Ultima Online, την πρώτη μαζική παιχνιδομηχανή.\n* [[1999]] - Σεισμός 7,4 Ρίχτερ σκοτώνει 27 άτομα στο Μεξικό και τραυματίζει 90.\n* 1999 -Πυρηνικό ατύχημα σε σταθμό στο εργοστάσιο στην Τοκαϊμούρα της Ιαπωνίας, 49 άτομα εκτίθενται σε ραδιενέργεια. Είναι το πρώτο ατύχημα σε πυρηνικό εργοστάσιο στην Ιαπωνία, βορειοανατολικά του Τόκιο.\n* [[2001]] - Στο Αφγανιστάν, οι Ταλιμπάν παραδέχονται για πρώτη φορά ότι κρύβουν τον [[Οσάμα Μπιν Λάντεν]].\n* [[2003]] - Δημιουργείται ο μεγαλύτερος όμιλος αερομεταφορών στην Ευρώπη και ο τρίτος στον κόσμο, με τη συγχώνευση της ολλανδικής [[KLM]] και της γαλλικής [[Air France]].\n* 2003 - Το κυβερνών Ρουαντανέζικο Πατριωτικό μέτωπο κέρδισε τις βουλευτικές εκλογές (πρώτες εδώ και πολλά χρόνια), που διεξήχθησαν στις 29 και 30/9 στη [[Ρουάντα]] με 40 από τις συνολικά 53 έδρες που αποφασίστηκαν στις εκλογές.\n* 2003 - Πρωθυπουργός και ΥΠΕΘΑ στο Μαυρίκιο αναλαμβάνει ο Πολ Μπερενζέ, ο πρώτος Ευρωπαίος Πρωθυπουργός στο κράτος (αποχώρησε από την πρωθυπουργία ο [[Άνρουντ Τζάγκνοτ]]) .\n* [[2005]] - Στα τροπικά δάση των βόρειων περιοχών του Κονγκό, ερευνητές παρατήρησαν για πρώτη φορά γορίλες να χρησιμοποιούν κλαδιά από δέντρα ως εργαλεία, αποκαλύπτει μελέτη της Εταιρείας Διατήρησης της Αγριας Ζωής (WCS) .\n* [[2009]] - Καταργείται ο κωδικός για το Διαδίκτυο [[.yu]] που χρησιμοποιούσε η πάλαι ποτέ [[Γιουγκοσλαβία]].\n\n== Γεννήσεις ==\n*[[1207]] - [[Τζελαλεντίν Ρουμί]], Πέρσης μυστικιστής και ποιητής\n*[[1227]] - [[Πάπας Νικόλαος Δ΄]]\n*[[1530]] - [[Τζερόνιμο Μερκουριάλι]], Ιταλός φιλόλογος και ιατρός\n*[[1783]] - [[Ράινερ Ιωσήφ, αρχιδούκας της Αυστρίας]]\n*[[1834]] - [[Λουί Μουγιάρ]], Γάλλος εφευρέτης\n*[[1863]] - [[Ράινχαρντ Σέερ]], Γερμανός ναύαρχος\n*[[1870]] - [[Ζαν Μπατίστ Περέν]], Γάλλος φυσικός\n*[[1883]] - [[Μπέρνχαρντ Ρουστ]], Γερμανός αξιωματούχος των Ναζί\n*[[1887]] - [[Λιλ Ντάγκοβερ]], Γερμανίδα ηθοποιός\n*[[1895]] - [[Αλεξάντρ Βασιλιέφσκι]], Ρώσος στρατιωτικός\n*[[1895]] - [[Λιούις Μάιλστοουν]], Ρώσος σκηνοθέτης\n*[[1898]] - [[Ορέστης Μακρής]], Έλληνας ηθοποιός\n*[[1909]] - [[Ιάσων Ζηργάνος]], Έλληνας στρατιωτικός και κολυμβητής\n*[[1913]] - [[Μπιλ Ουόλς]], Αμερικανός κινηματογραφικός παραγωγός\n*[[1921]] - [[Ντέμπορα Κερ]], Σκωτσέζα ηθοποιός\n*[[1923]] - [[Μαργαρίτα Παπανδρέου - Τσαντ]], Αμερικανίδα σύζυγος του Ανδρέα Παπανδρέου\n*[[1924]] - [[Τρούμαν Καπότε]], Αμερικανός συγγραφέας\n*[[1924]] - [[Νίκος Ρίζος]], Έλληνας ηθοποιός\n*[[1926]] - [[Τηλέμαχος Αλαβέρας]], Έλληνας συγγραφέας\n*[[1928]] - [[Έλι Βίζελ]], Ρουμάνος συγγραφέας\n*[[1937]] - [[Γιάννης Βόγλης]], Έλληνας ηθοποιός\n*[[1939]] - [[Έλλη Φωτίου]], Ελληνίδα ηθοποιός\n*[[1941]] - [[Πολ Μπρέμερ]], Αμερικανός διπλωμάτης\n*[[1945]] - [[Εχούντ Ολμέρτ]], Ισραηλινός πολιτικός\n*[[1946]] - [[Έκτορ Λαβό]], Πορτορικανός τραγουδιστής\n*[[1947]] - [[Μαρκ Μπόλαν]], Άγγλος τραγουδιστής και κιθαρίστας\n*[[1950]] - [[Ρενάτο Ζέρο]], Ιταλός τραγουδοποιός\n*[[1951]] - [[Κάθριν Μπολ]], Αμερικανίδα κολυμβήτρια\n*[[1957]] - [[Κυριάκος Αμοιρίδης]], Έλληνας διπλωμάτης\n*[[1957]] - [[Φραν Ντρέσερ]], Αμερικανίδα ηθοποιός\n*[[1961]] - [[Μπερνάρ Μακούζα]], πρωθυπουργός της Ρουάντα\n*[[1962]] - [[Φρανκ Ράικαρτ]], Ολλανδός ποδοσφαιριστής και προπονητής\n*[[1964]] - [[Μόνικα Μπελλούτσι]], Ιταλίδα ηθοποιός\n*[[1970]] - [[Νίκος Σακελλαρίδης]], Έλληνας ποδοσφαιριστής\n*[[1971]] - [[Τζένα Έλφμαν]], Αμερικανίδα ηθοποιός\n*[[1975]] - [[Μαριόν Κοτιγιάρ]], Γαλλίδα ηθοποιός\n*[[1977]] - [[Ρόι Κάρολ]], Ιρλανδός ποδοσφαιριστής\n*[[1979]] - [[Κλειώ-Δανάη Οθωναίου]], Ελληνίδα ηθοποιός, τραγουδίστρια και μουσικός\n*[[1984]] - [[Γιώργος Ελευθερίου]], Κύπριος ποδοσφαιριστής\n*[[1986]] - [[Ολιβιέ Ζιρού]], Γάλλος ποδοσφαιριστής\n*[[1997]] - [[Μαξ Φερστάπεν]], Ολλανδός οδηγός αγώνων\n\n== Θάνατοι ==\n*[[420]] - [[Ιερώνυμος]], Ρωμαίος ιερέας και θεολόγος\n*[[496]] - [[Αθανάσιος Β΄ Αλεξανδρείας|Αθανάσιος Β΄]], Πατριάρχης Αλεξανδρείας\n*[[1089]] - [[Θεοβάλδος Γ΄ του Μπλουά|Θεοβάλδος Γ']], κόμης του Μπλουά\n*[[1193]] - [[Ρομπέρ ντε Σαμπλέ]], μέγας μάγιστρος των Ιπποτών του Ναού\n*[[1246]] - [[Γιαροσλάβ Β΄ του Βλαντίμιρ|Γιαροσλάβ Β΄]], πρίγκιπας του Βλαντίμιρ\n*[[1612]] - [[Φεντερίκο Μπαρότσι]], Ιταλός ζωγράφος\n*[[1897]] -  [[Τερέζ ντε Λισιέ]], Γαλλίδα μοναχή και συγγραφέας\n*[[1911]] - [[Μητροπολίτης Γρεβενών Αιμιλιανός]]\n*[[1955]] - [[Τζέιμς Ντιν]], Αμερικανός ηθοποιός\n*[[1955]] - [[Μάικλ Τσέχωφ]], Ρώσος ηθοποιός\n*[[1978]] - [[Λαυρέντης Διανέλλος]], Έλληνας ηθοποιός\n*[[1983]] - [[Περικλής Χριστοφορίδης]], Έλληνας ηθοποιός\n*[[1985]] - [[Τσαρλς Ρίχτερ]], Αμερικανός σεισμολόγος και φυσικός\n*[[1985]] - [[Σιμόν Σινιορέ]], Γαλλίδα ηθοποιός\n*[[1990]] - [[Πάτρικ Γουάιτ]], Αυστραλός συγγραφέας\n*[[2000]] - [[Ιωάννα Τσάτσου]], Ελληνίδα συγγραφέας\n*[[2004]] - [[Τιμολέων Πάρρης]], Έλληνας πολιτικός\n*[[2005]] - [[Μητροπολίτης Δράμας Διονύσιος Κυράτσος]]\n*[[2010]] - [[Δούκισσα (τραγουδίστρια)|Δούκισσα]], Ελληνίδα τραγουδίστρια\n\n== Αργίες και εορτές ==\n\n* Παγκόσμια Ημέρα της Μετάφρασης.\n* Ημέρα Μνήμης των Εθνικών μας Ευεργετών.\n\n=== [[Ορθόδοξη Εκκλησία]] ===\n{{Πύλη:Ορθοδοξία/Εορτολόγιο/30 Σεπτεμβρίου}}\n\n{{Μήνες}}\n\n[[Κατηγορία:Ημέρες του έτους]]"}}}]}]}}