{"batchcomplete":true,"query":{"normalized":[{"fromencoded":false,"from":"30_Απριλίου","to":"30 Απριλίου"}],"pages":[{"pageid":7355,"ns":0,"title":"30 Απριλίου","revisions":[{"slots":{"main":{"contentmodel":"wikitext","contentformat":"text/x-wiki","content":"{{Μήνες Απριλίου}}\n<center>[[29 Απριλίου]] | '''30 Απριλίου''' | [[1 Μαΐου]]</center>\n\n----\nΗ '''30ή Απριλίου''' είναι η 120η ημέρα του έτους κατά το [[Γρηγοριανό ημερολόγιο]].  Υπολείπονται 245 ημέρες.\n\n{{ΗμερολόγιοΣεΠίνακα|4}}\n\n== Γεγονότα ==\n*[[311]] - Τερματίζονται οι διώξεις των χριστιανών στη [[Ρωμαϊκή Αυτοκρατορία]].\n*[[313]] - Ο [[Ρωμαϊκή Αυτοκρατορία|Ρωμαίος αυτοκράτορας]] [[Λικίνιος]] νικά τον [[Μαξιμίνος Β΄|Μαξιμίνο Β΄]] και ενοποιεί την [[Βυζαντινή Αυτοκρατορία|Ανατολική Ρωμαϊκή Αυτοκρατορία]].\n*[[1492]] - Η [[Ισπανία]] χορηγεί στον [[Χριστόφορος Κολόμβος|Χριστόφορο Κολόμβο]] την αμοιβή και τα προνόμιά του για την επικείμενη εξερεύνηση.\n*[[1598]] - Ο [[Ερρίκος Δ΄ της Γαλλίας]] εκδίδει το [[έδικτο της Νάντης]], επιτρέποντας την [[ανεξιθρησκία]] στους [[Ουγενότοι|Ουγενότους]].  \n*[[1789]] - Ο [[Τζορτζ Ουάσινγκτον]] ορκίζεται στη [[Νέα Υόρκη]] και γίνεται ο πρώτος εκλεγμένος [[πρόεδρος των Ηνωμένων Πολιτειών]].\n*[[1803]] - Η [[Αγορά της Λουιζιάνας]]: Οι [[Ηνωμένες Πολιτείες Αμερικής]] αγοράζουν την περιοχή της [[Λουιζιάνα]]ς από τη [[Γαλλία]] για 15.000.000 δολάρια, υπερδιπλασιάζοντας το μέγεθος του νέου κράτους.\n*[[1812]] - Η [[Λουιζιάνα]] γίνεται η 18η [[Πολιτείες των ΗΠΑ|Πολιτεία των Η.Π.Α.]]\n*[[1838]] - Η [[Νικαράγουα]] κηρύσσει την ανεξαρτησία της από τις [[Ενωμένες Επαρχίες της Κεντρικής Αμερικής]].\n*[[1863]] - Μία δύναμη 65 ανδρών της [[Γαλλία|γαλλικής]] [[Λεγεώνα των Ξένων|Λεγεώνας των Ξένων]] αντιμετωπίζει μία δύναμη περίπου 2.000 [[Μεξικό|Μεξικανών]] στρατιωτών στη μάχη του Καμερόνε στο Μεξικό.\n*[[1885]] - Ο [[κυβερνήτης της Νέας Υόρκης]] [[Ντέιβιντ Μπ. Χιλ]] υπογράφει νομοθεσία με την οποία δημιουργείται στους [[Καταρράκτες του Νιαγάρα]] το πρώτο πολιτειακό πάρκο της [[Νέα Υόρκη (πολιτεία)|Νέας Υόρκης]], εξασφαλίζοντας ότι οι καταρράκτες του Νιαγάρα δεν θα αφιερωθούν αποκλειστικά σε βιομηχανική και εμπορική χρήση.\n*[[1897]] - Σε μία διάλεξη στο Βασιλικό Ινστιτούτο στο [[Λονδίνο]], ο [[Τζόζεφ Τζον Τόμσον]] ανακοινώνει την ανακάλυψη του [[Ηλεκτρόνιο|ηλεκτρονίου]] ως [[Υποατομικά σωματίδια|υποατομικό σωματίδιο]], πάνω από 1.800 φορές μικρότερο από ένα [[πρωτόνιο]] (στον πυρήνα του ατόμου).  \n*[[1904]] - Ανοίγει η Παγκόσμια Έκθεση στο [[Σαιντ Λούις]] του [[Μιζούρι (πολιτεία)|Μιζούρι]].\n*[[1907]] - Η [[Χονολουλού]] της [[Χαβάη]]ς γίνεται ανεξάρτητη πόλη.\n*[[1937]] - Οι [[Φιλιππίνες]] πραγματοποιούν δημοψήφισμα σχετικά με το αν θα πρέπει να επεκταθεί το δικαίωμα ψηφοφορίας στις γυναίκες. Πάνω από το 90% ψήφισε καταφατικά.\n*[[1939]] - Το [[NBC]] εγκαινιάζει την τακτικά προγραμματισμένη τηλεοπτική υπηρεσία του στη [[Νέα Υόρκη]], μεταδίδοντας την τελετουργική ομιλία του προέδρου [[Φραγκλίνος Ρούζβελτ|Φραγκλίνου Ρούζβελτ]] κατά τα εγκαίνια της Παγκόσμιας Έκθεσης της Νέας Υόρκης.\n*[[1943]] - [[Β΄ Παγκόσμιος Πόλεμος]]: [[Επιχείρηση Κιμάς]]. [[Μεγάλη Βρετανία|Βρετανικό]] υποβρύχιο βγαίνει στην επιφάνεια της [[Μεσόγειος Θάλασσα|Μεσογείου]] στα ανοικτά των ακτών της [[Ισπανία|Ισπανίας]] και εναποθέτει ένα νεκρό άντρα με ψεύτικα σχέδια εισβολής και ντυμένο ως Βρετανό στρατιωτικό αξιωματικό των μυστικών υπηρεσιών.   \n*[[1944]] - Εκλέγονται οι αντιπρόσωποι του [[Εθνικό Συμβούλιο (ΠΕΕΑ)|Εθνικού Συμβουλίου]] της [[Πολιτική Επιτροπή Εθνικής Απελευθέρωσης|Πολιτικής Επιτροπής Εθνικής Απελευθέρωσης]].\n*[[1945]] - [[Β΄ Παγκόσμιος Πόλεμος]]: [[Καταφύγιο του Χίτλερ]]. Ο [[Αδόλφος Χίτλερ]] και η [[Εύα Μπράουν]] αυτοκτονούν. \n*[[1948]] - Αποφασίζεται στη [[Μπογκοτά]] της [[Κολομβία]]ς η ίδρυση του [[Οργανισμός Αμερικανικών Κρατών|Οργανισμού Αμερικανικών Κρατών]].\n*[[1971]] - Ο φοιτητής της Οδοντιατρικής Σχολής του Αριστοτελείου Πανεπιστημίου Θεσσαλονίκης [[Νίκος Ρουκουνάκης]] αυτοπυρπολείται στην πανεπιστημιούπολη Θεσσαλονίκης και χάνει τη ζωή του, ως έσχατη διαμαρτυρία κατά της Χούντας.\n*[[1975]] - Πτώση της Σαϊγκόν: οι [[Κομμουνισμός|κομμουνιστικές]] δυνάμεις αποκτούν τον έλεγχο της [[Χο Τσι Μιν (πόλη)|Σαϊγκόν]]. Ο [[Πόλεμος του Βιετνάμ]] λήγει επίσημα με την άνευ όρων παράδοση του προέδρου του Νοτίου Βιετνάμ Ντουόνγκ Βαν Μινχ.\n*[[1993]] - Το [[CERN]] ανακοινώνει ότι τα πρωτόκολλα του [[Παγκόσμιος Ιστός|παγκόσμιου ιστού]] θα είναι ελεύθερα.\n* [[1999]] - Η [[Καμπότζη]] γίνεται το δέκατο μέλος της [[Ένωση Χωρών της Νοτιοανατολικής Ασίας|Ένωσης Χωρών της Νοτιοανατολικής Ασίας]].\n* [[2002]] - Η θητεία του προέδρου του [[Πακιστάν]] [[Περβέζ Μουσάραφ]] παρατείνεται για μία πενταετία, μετά από δημοψήφισμα.\n* [[2006]] - Ο [[Γκιρίγια Πρασάντ Κοϊράλα]] αναλαμβάνει για τέταρτη φορά την πρωθυπουργία του [[Νεπάλ]].\n\n== Γεννήσεις ==\n*[[1662]] - [[Μαρία Β΄ της Αγγλίας|Μαρία Β΄]], βασίλισσα της Αγγλίας\n*[[1664]] - [[Φραγκίσκος Λουδοβίκος του Κοντί]], Γάλλος στρατηγός\n*[[1777]] - [[Καρλ Φρίντριχ Γκάους]], Γερμανός μαθηματικός\n*[[1869]] - [[Χανς Πέλτσιγκ]], Γερμανός αρχιτέκτονας και ζωγράφος\n*[[1870]] - [[Φραντς Λέχαρ]], Αυστριακός συνθέτης\n*[[1877]] - [[Λεόν Φλαμένγκ]], Γάλλος ποδηλάτης\n*[[1883]] - [[Γιάροσλαβ Χάσεκ]], Τσέχος συγγραφέας\n*[[1885]] - [[Λουίτζι Ρούσολο]], Ιταλός ζωγράφος και συνθέτης\n*[[1888]] - [[Αντόνιο Σαντ'Ελία]], Ιταλός αρχιτέκτονας\n*[[1893]] – [[Γιοάχιμ φον Ρίμπεντροπ]], Γερμανός πολιτικός\n*[[1905]] - [[Σεργκέι Νικόλσκι]], Ρώσος μαθηματικός\n*[[1909]] - [[Ιουλιανή της Ολλανδίας|Ιουλιανή]], βασίλισσα της Ολλανδίας\n*[[1910]] - [[Μπάμπης Κλάρας]], Έλληνας δημοσιογράφος και συγγραφέας\n*[[1916]] - [[Κλοντ Σάνον]], Αμερικανός μαθηματικός\n*[[1918]] - [[Ντον Μακνίλ]], Αμερικανός αντισφαιριστής\n*[[1940]] - [[Μπαρτ Γιανγκ]], Αμερικανός ηθοποιός\n*[[1941]] - [[Σταύρος Δήμας]], Έλληνας πολιτικός\n*[[1943]] - [[Φρέντερικ Τσιλούμπα]], πρόεδρος της Ζάμπια\n*[[1946]] - [[Κάρολος ΙΣΤ΄ Γουσταύος της Σουηδίας|Κάρολος ΙΣΤ' Γουσταύος]], βασιλιάς της Σουηδίας\n*[[1946]] - [[Ντον Σολάντερ]], Αμερικανός κολυμβητής\n*[[1948]] - [[Αλέξανδρος Ωνάσης]], Έλληνας κοσμικός, γιος του Αριστοτέλη Ωνάση\n*[[1955]] - [[Δήμητρα Λιάνη]], Ελληνίδα σύζυγος του Ανδρέα Παπανδρέου\n*[[1956]] - [[Λαρς φον Τρίερ]], Δανός σκηνοθέτης\n*[[1959]] - [[Στήβεν Χάρπερ]], Καναδός πολιτικός\n*[[1967]] - [[Φιλίπ Κιρκόροφ]], Ρώσος τραγουδιστής\n*[[1970]] - [[Χαλίτ Εργκέντς]], Τούρκος ηθοποιός\n*[[1973]] - [[Νίκος Μωραΐτης (στιχουργός)|Νίκος Μωραΐτης]], Έλληνας στιχουργός\n*[[1981]] - [[Σάκης Τανιμανίδης]], Έλληνας παρουσιαστής\n*[[1982]] - [[Κίρστεν Ντανστ]], Αμερικανίδα ηθοποιός\n*[[1992]] - [[Μαρκ-Αντρέ τερ Στέγκεν]], Γερμανός ποδοσφαιριστής \n*\n\n== Θάνατοι ==\n*[[65]] - [[Λουκανός]], Ρωμαίος ποιητής\n*[[453]] - [[Αττίλας]], βασιλιάς των Ούννων\n*[[535]] - [[Αμαλασούνθα]], βασίλισσα των Οστρογότθων\n*[[1315]] - [[Μαργαρίτα της Βουργουνδίας, βασίλισσα της Γαλλίας]]\n*[[1341]] - [[Ιωάννης Γ΄ της Βρετάνης|Ιωάννης Γ΄]], δούκας της Βρετάνης\n*[[1467]] - [[Ιωάννης της Ορλεάνης (1399-1467)|Ιωάννης της Ορλεάνης]], κόμης του Ανγκουλέμ\n*[[1533]] - [[Ιωάννης-Γεώργιος του Μομφερράτου|Ιωάννης-Γεώργιος]], μαρκήσιος του Μομφερράτου\n*[[1632]] - [[Σιγισμούνδος Γ΄ της Πολωνίας|Σιγισμούνδος Γ΄]], βασιλιάς της Πολωνίας\n*[[1847]] - [[Κάρολος Λουδοβίκος της Αυστρίας-Τέσεν|Αρχιδούκας Κάρολος]], Αυστριακός στρατηγός\n*[[1883]] - [[Εντουάρ Μανέ]], Γάλλος ζωγράφος\n*[[1945]] - [[Εύα Μπράουν]], Γερμανίδα σύζυγος του [[Αδόλφος Χίτλερ|Αδόλφου Χίτλερ]]\n*[[1945]] - [[Αδόλφος Χίτλερ]], δικτάτορας της [[Ναζιστική Γερμανία|Ναζιστικής Γερμανίας]]\n*[[1947]] - [[Μιχαήλ Καταπότης]], Έλληνας πολιτικός\n*[[1971]] - [[Εμμανουήλ Παπαδογιάννης]], Έλληνας πολιτικός\n*[[1983]] - [[Μάντι Γουότερς]], Αμερικανός τραγουδοποιός\n*[[1986]] - [[Ρόμπερτ Στίβενσον]], Άγγλος σκηνοθέτης\n*[[1988]] - [[Βασίλης Μεσολογγίτης]], Έλληνας ηθοποιός\n*[[1989]] - [[Σέρτζιο Λεόνε]], Ιταλός σκηνοθέτης\n*[[1994]] - [[Ρόλαντ Ράτζενμπεργκερ]], Αυστριακός οδηγός αγώνων\n*[[1997]] - [[Γεώργιος Πλυτάς]], Έλληνας πολιτικός\n*[[2000]] - [[Βασίλης Γεωργιάδης]], Έλληνας σκηνοθέτης\n*[[2002]] - [[Νίτσα Τσαγανέα]], Ελληνίδα ηθοποιός\n*[[2005]] - [[Πάνος Γεραμάνης]], Έλληνας δημοσιογράφος\n*[[2007]] - [[Γκρεγκορί Λεμαρσάλ]], Γάλλος τραγουδιστής\n*[[2011]] - [[Λάκης Σάντας]], Έλληνας αντιστασιακός\n*[[2011]] - [[Ερνέστο Σάμπατο]], Αργεντινός συγγραφέας\n*[[2012]] - [[Γιάννης Γραβάνης]], Έλληνας ποδοσφαιριστής\n*[[2013]] - [[Μητροπολίτης Ειρηναίος Γαλανάκης|Ειρηναίος Γαλανάκης]], Έλληνας μητροπολίτης\n*[[2013]] - [[Γιώργος Μουρατίδης]], Έλληνας ποδοσφαιριστής\n*[[2016]] - [[Χάρρυ Κρότο]], Άγγλος χημικός\n*[[2017]] - [[Ιωσήφ Άρπαντ, αρχιδούκας της Αυστρίας]]\n\n== Αργίες και Γιορτές ==\n* [[Βιετνάμ]]: Ημέρα της Απελευθέρωσης\n* Παγκόσμια Ημέρα κατά της Σωματικής Τιμωρίας\n\n=== [[Ορθόδοξη Εκκλησία]] ===\n{{Πύλη:Ορθοδοξία/Εορτολόγιο/30 Απριλίου}}\n\n== Βλέπε επίσης ==\n{{Commonscat|30 April}}\n* [[30 Μαρτίου]] - [[30 Μαΐου]]\n\n{{Μήνες}}\n\n[[Κατηγορία:Ημέρες του έτους]]"}}}]}]}}