{"batchcomplete":true,"query":{"normalized":[{"fromencoded":false,"from":"30_Μαΐου","to":"30 Μαΐου"}],"pages":[{"pageid":1863,"ns":0,"title":"30 Μαΐου","revisions":[{"slots":{"main":{"contentmodel":"wikitext","contentformat":"text/x-wiki","content":"{{Μήνες Μαΐου}}\n\n<center>[[29 Μαΐου]] | '''30 Μαΐου''' | [[31 Μαΐου]]</center>\n\n----\nΗ '''30ή Μαΐου''' είναι η 150η ημέρα του έτους κατά το [[Γρηγοριανό ημερολόγιο]] (151η σε δίσεκτα έτη).  Υπολείπονται 215 ημέρες.\n\n{{ΗμερολόγιοΣεΠίνακα|5}}\n\n== Γεγονότα ==\n*[[1381]] - Έναρξη της [[Εξέγερση των Χωρικών|Εξέγερσης των Χωρικών]] στην [[Αγγλία]].\n*[[1416]] - Η Σύνοδος της [[Κωνσταντία]]ς, η οποία συγκλήθηκε από τον [[Σιγισμόνδος της Αγίας Ρωμαϊκής Αυτοκρατορίας|αυτοκράτορα Σιγισμόνδο]], υποστηρικτή του [[Αντίπαπας Ιωάννης ΚΓ΄|Αντίπαπα Ιωάννη ΚΓ΄]], εκτελεί στην πυρά τον [[Ιερώνυμος της Πράγας|Ιερώνυμο της Πράγας]] ως [[Αίρεση|αιρετικό]].\n*[[1431]] - [[Εκατονταετής Πόλεμος]]: Στη [[Ρουέν]] της [[Γαλλία]]ς, η 19χρονη [[Ιωάννα της Λωραίνης]] καίγεται στην πυρά από τους [[Αγγλία|Άγγλους]].\n*[[1434]] - [[Πόλεμοι των Χουσιτών]]: Μάχη του Λίπανι. Οι δυνάμεις των Ουτρακιστών νικούν και σχεδόν εξολοθρεύουν τις δυνάμεις των Θαβοριτών του [[Πρόκοπ ο Φαλακρός|Πρόκοπ]], τερματίζοντας ουσιαστικά τον πόλεμο. \n*[[1536]] - Ο [[Ερρίκος Η΄ της Αγγλίας]] παντρεύεται την [[Τζέιν Σίμουρ]].\n*[[1574]] - Ο [[Ερρίκος Γ΄ της Γαλλίας|Ερρίκος Γ΄]] γίνεται βασιλιάς της [[Γαλλία]]ς.\n*[[1588]] - Σαλπάρει από τη [[Λισαβόνα]] για τη [[Μάγχη]] το τελευταίο πλοίο της [[Ισπανική Αρμάδα|Ισπανικής Αρμάδας]].\n*[[1631]] - Εκδίδεται η ''Gazette de France'', η πρώτη [[Γαλλία|γαλλική]] [[εφημερίδα]].\n*[[1635]] - [[Τριακονταετής Πόλεμος]]: Υπογράφεται η συνθήκη της [[Κάστρο της Πράγας|Πράγας]].\n*[[1814]] - [[Ναπολεόντειοι Πόλεμοι]]: Υπογράφεται η [[Συνθήκη των Παρισίων (1814)|συνθήκη των Παρισίων]], με την οποία τα [[Γαλλία|γαλλικά]] σύνορα επιστρέφουν στην έκταση που είχαν το [[1792]]. Ο [[Ναπολέων Α΄ της Γαλλίας]] εξορίζεται στην [[Έλβα (νήσος)|Έλβα]].\n*[[1842]] - Πραγματοποιείται στο [[Λονδίνο]] αποτυχημένη απόπειρα δολοφονίας της [[Βασίλισσα Βικτώρια|βασίλισσας Βικτώρια]].\n*[[1876]] - Καθαιρείται ο [[Οθωμανική Αυτοκρατορία|Οθωμανός]] [[σουλτάνος]] [[Αμπντούλ Αζίζ]] και τον διαδέχεται ο ανιψιός του, [[Μουράτ Ε΄]].\n*[[1883]] - Στη [[Νέα Υόρκη]], μία φήμη ότι η [[γέφυρα του Μπρούκλιν]] πρόκειται να καταρρεύσει προκαλεί πανικό με απολογισμό 12 νεκρούς.\n*[[1911]] - Ολοκληρώνεται το πρώτο [[Ράλι Ιντιανάπολις 500]], με πρώτο νικητή τον Ρέι Χαρούν. \n*[[1913]] - Υπογράφεται η [[Συνθήκη του Λονδίνου (1913)|συνθήκη του Λονδίνου]], δίνοντας τέλος στον [[Α΄ Βαλκανικός Πόλεμος|Α΄ Βαλκανικό Πόλεμο]].\n*[[1937]] - Η αστυνομία του [[Σικάγο]]υ πυροβολεί και σκοτώνει 10 διαδηλωτές εργάτες.\n*[[1941]] - [[Β΄ Παγκόσμιος Πόλεμος]]: Ο [[Μανώλης Γλέζος]] και ο [[Απόστολος Σάντας]] αναρριχώνται στην [[Ακρόπολη]] της [[Αθήνα]]ς και κατεβάζουν τη [[Ναζιστική Γερμανία|γερμανική]] σημαία.\n*[[1961]] - Δολοφονείται στο [[Σάντο Ντομίγκο]] της [[Δομινικανή Δημοκρατία|Δομινικανής Δημοκρατίας]] ο δικτάτορας Ραφαήλ Τρουχίλιο.\n*[[1967]] - Η ανατολική περιφέρεια της [[Νιγηρία]]ς ανακηρύσσει την ανεξαρτησία της ως Δημοκρατία της Μπιάφρας, πυροδοτώντας εμφύλιο πόλεμο.\n*[[1968]] - Ο [[Σαρλ ντε Γκωλ]] επανεμφανίζεται δημόσια μετά την πτήση του προς το [[Μπάντεν-Μπάντεν]] της [[Γερμανία]]ς και με ραδιοφωνικό του διάγγελμα ανακοινώνει τη διάλυση της Γαλλικής Εθνοσυνέλευσης. Αμέσως μετά, λιγότερο από ένα εκατομμύριο υποστηρικτές του βαδίζουν στη [[Λεωφόρος Ηλυσίων Πεδίων|λεωφόρο Ηλυσίων Πεδίων]] στο [[Παρίσι]]. Αυτό είναι το σημείο καμπής των γεγονότων του [[Μάης του '68|Μάη του '68]] στη [[Γαλλία]].\n* [[1998]] - Η [[Κατερίνα Θάνου]] καταρρίπτει το ρεκόρ στα 100 μέτρα γυναικών, σημειώνοντας επίδοση 10.99.\n* [[2006]] - [[Αθήνα]]: η τρομοκρατική οργάνωση [[Επαναστατικός Αγώνας]] εξαπολύει βομβιστική επίθεση κατά του τότε υπουργού Πολιτισμού [[Γεώργιος Βουλγαράκης|Γ. Βουλγαράκη]] έξω από το σπίτι του, στον Λυκαβηττό.\n\n== Γεννήσεις ==\n*[[1201]] - [[Θεοβάλδος Α΄ της Ναβάρρας|Θεοβάλδος Α΄]], βασιλιάς της Ναβάρρας\n*[[1814]] - [[Μιχαήλ Μπακούνιν]], Ρώσος επαναστάτης και φιλόσοφος\n*[[1845]] - [[Αμεδαίος της Ισπανίας|Αμεδαίος]], βασιλιάς της Ισπανίας\n*[[1846]] - [[Πέτερ Καρλ Φαμπερζέ]], Ρώσος κοσμηματοποιός\n*[[1881]] - [[Γκέοργκ φον Κύχλερ]], Γερμανός στρατάρχης\n*[[1896]] - [[Χάουαρντ Χοκς]], Αμερικανός σκηνοθέτης\n*[[1899]] - [[Έρβιν Θάλμπεργκ]], Αμερικανός παραγωγός\n*[[1908]] - [[Χάνες Αλφβέν]], Σουηδός φυσικός\n*[[1908]] - [[Μελ Μπλανκ]], Αμερικανός ηθοποιός\n*[[1912]] - [[Τζούλιους Άξελροντ]], Αμερικανός βιοχημικός\n*[[1928]] - [[Γκούσταβ Λέονχαρτ]], Ολλανδός μουσικός και διευθυντής ορχήστρας\n*[[1931]] - [[Γεράσιμος Αρσένης]], Έλληνας πολιτικός\n*[[1934]] - [[Αλεξέι Λεόνοφ]], Ρώσος κοσμοναύτης\n*[[1934]] - [[Αλκέτας Παναγούλιας]], Έλληνας ποδοσφαιριστής και προπονητής\n*[[1935]] - [[Γεράσιμος Λαβράνος]], Έλληνας συνθέτης\n*[[1951]] - [[Φερνάντο Λούγο]], Παραγουανός πολιτικός\n*[[1951]] - [[Ζντράβκο Τσόλιτς]], Γιουγκοσλάβος τραγουδιστής\n*[[1962]] - [[Τίμο Σόινι]], Φινλανδός πολιτικός\n*[[1965]] - [[Τάσος Μητσόπουλος]], Κύπριος πολιτικός\n*[[1974]] - [[Κώστας Χαλκιάς]], Έλληνας ποδοσφαιριστής\n*[[1977]] - [[Πυγμαλίων Δαδακαρίδης]], Έλληνας ηθοποιός\n*[[1977]] - [[Βάσκο Ευθύμωφ]], Βούλγαρος καλαθοσφαιριστής\n*[[1980]] - [[Στίβεν Τζέραρντ]], Άγγλος ποδοσφαιριστής\n\n== Θάνατοι ==\n*[[1035]] - [[Βαλδουίνος Δ΄ της Φλάνδρας|Βαλδουίνος Δ΄]], κόμης της Φλάνδρας\n*[[1252]] - [[Φερδινάνδος Γ΄ της Καστίλης|Φερδινάνδος Γ΄]], βασιλιάς της Καστίλης\n*[[1431]] - [[Ιωάννα της Λωραίνης]], Γαλλίδα ηρωίδα\n*[[1434]] - [[Πρόκοπ ο Φαλακρός]], ηγέτης των Χουσιτών\n*[[1574]] - [[Κάρολος Θ΄ της Γαλλίας|Κάρολος Θ΄]], βασιλιάς της Γαλλίας\n*[[1593]] - [[Κρίστοφερ Μάρλοου]], Άγγλος θεατρικός συγγραφέας\n*[[1640]] - [[Πέτερ Πάουλ Ρούμπενς]], Φλαμανδός ζωγράφος\n*[[1744]] - [[Αλεξάντερ Πόουπ]], Άγγλος ποιητής\n*[[1770]] - [[Φρανσουά Μπουσέ]], Γάλλος ζωγράφος\n*[[1778]] - [[Βολταίρος]], Γάλλος συγγραφέας και φιλόσοφος\n*[[1826]] - [[Παλαιών Πατρών Γερμανός]], Έλληνας μητροπολίτης\n*[[1912]] - [[Αδελφοί Ράιτ|Γουίλμπουρ Ράιτ]], Αμερικανός αεροπόρος\n*[[1918]] - [[Γκεόργκι Πλεχάνοφ]], Ρώσος επαναστάτης και φιλόσοφος\n*[[1960]] - [[Μπορίς Παστερνάκ]], Ρώσος συγγραφέας\n*[[1967]] - [[Κλοντ Ρέινς]], Άγγλος ηθοποιός\n*[[1970]] - [[Έντουιν Τζόνσον]], Αμερικανός γερουσιαστής\n*[[1976]] - [[Μιτσούο Φουσίντα]], Ιάπωνας αεροπόρος\n*[[1977]] - [[Βασίλης Ρώτας]], Έλληνας συγγραφέας\n*[[2007]] - [[Ουίλιαμ Μέρεντιθ]],  Αμερικανός ποιητής και πανεπιστημιακός\n*[[2009]] - [[Λουίς Καμπράλ]], πρόεδρος της Γουινέα-Μπισσάου\n*[[2014]] - [[Λεωνίδας Βασιλικόπουλος]], Έλληνας αντιναύαρχος\n*[[2019]] - [[Κώστας Ευριπιώτης|Κώστας Ευρυπιώτης]], Έλληνας ηθοποιός\n\n== Αργίες και εορτές ==\n{{Commonscat|30 May}}\n\n=== [[Ορθόδοξη Εκκλησία]] ===\n{{Πύλη:Ορθοδοξία/Εορτολόγιο/30 Μαΐου}}\n\n{{Μήνες}}\n\n[[Κατηγορία:Ημέρες του έτους]]"}}}]}]}}