{"batchcomplete":true,"query":{"normalized":[{"fromencoded":false,"from":"31_Ιουλίου","to":"31 Ιουλίου"}],"pages":[{"pageid":2877,"ns":0,"title":"31 Ιουλίου","revisions":[{"slots":{"main":{"contentmodel":"wikitext","contentformat":"text/x-wiki","content":"{{Μήνες Ιουλίου}}\n\n<center>[[30 Ιουλίου]] | '''31 Ιουλίου''' | [[1 Αυγούστου]]</center>\n\n----\nΗ '''31η Ιουλίου''' είναι η 212η ημέρα του έτους κατά το [[Γρηγοριανό ημερολόγιο]] (213η σε δίσεκτα έτη). Υπολείπονται 153 ημέρες.\n\n{{ΗμερολόγιοΣεΠίνακα|7}}\n\n== Γεγονότα ==\n*[[30 π.Χ.]] - Μάχη της [[Αρχαία Αλεξάνδρεια|Αλεξάνδρεια]]ς: Ο [[Μάρκος Αντώνιος]] επιτυγχάνει μικρή νίκη εναντίον των δυνάμεων του [[Οκταβιανός Αύγουστος|Οκταβιανού]] αλλά στη συνέχεια οι περισσότεροι στρατιώτες του λιποτακτούν, γεγονός που την επόμενη μέρα τον οδηγεί στην αυτοκτονία.\n*[[781]] - Η παλαιότερη καταγεγραμμένη έκρηξη του όρους [[Φούτζι]] (παραδοσιακή [[Ιαπωνία|ιαπωνική]] ημερομηνία: [[6 Ιουλίου]]). \n*[[1009]] - Ο [[Πάπας Σέργιος Δ΄]] γίνεται ο 142ος [[Πάπας]], καθώς διαδέχεται τον [[Πάπας Ιωάννης ΙΗ΄|Πάπα Ιωάννη ΙΗ΄]].\n*[[1423]] - [[Εκατονταετής πόλεμος]]: Ο [[Αγγλία|αγγλικός]] στρατός νικά τον [[Γαλλία|γαλλικό]] στη μάχη του Κραβάν. \n*[[1492]] - Οι [[Εβραίοι]] εκδιώκονται από την [[Ισπανία]], καθώς τίθεται σε ισχύ το Διάταγμα της [[Αλάμπρα]].\n*[[1498]] - Στο τρίτο του ταξίδι προς το [[δυτικό ημισφαίριο]], ο [[Χριστόφορος Κολόμβος]] γίνεται ο πρώτος [[Ευρώπη|Ευρωπαίος]] που ανακαλύπτει το [[νησί]] του [[Τρινιντάντ (νησί)|Τρινιντάντ]].\n*[[1588]] - Εντοπίζεται η [[Ισπανική Αρμάδα]] στα ανοικτά των ακτών της [[Αγγλία]]ς.\n*[[1655]] - Ο [[Ρωσία|ρωσικός]] στρατός εισέρχεται στην πρωτεύουσα του [[Μεγάλο Δουκάτο της Λιθουανίας|Μεγάλου Δουκάτου της Λιθουανίας]], [[Βίλνιους]], την οποία θα κατέχει για έξι χρόνια.\n*[[1703]] - Ο [[Ντάνιελ Ντεφόε]] τοποθετείται σε [[Κύφωνας|κύφωνα]] για το έγκλημα της συκοφαντικής δυσφήμισης μετά τη δημοσίευση ενός πολιτικού σατιρικού φυλλαδίου.\n*[[1741]] - Ο [[Κάρολος Ζ΄ της Αγίας Ρωμαϊκής Αυτοκρατορίας|Κάρολος Αλβέρτος της Βαυαρίας]] εισβάλει στην [[Άνω Αυστρία]] και τη [[Βοημία]].\n*[[1790]] - Εκδίδεται το πρώτο [[Ηνωμένες Πολιτείες Αμερικής|αμερικανικό]] [[δίπλωμα ευρεσιτεχνίας]], το οποίο δίδεται στον εφευρέτη Σάμιουελ Χόπκινς για μία διαδικασία παραγωγής [[ποτάσα]]ς.\n*[[1856]] - Το [[Κράισττσερτς]] στη [[Νέα Ζηλανδία]] αποκτά καταστατικό χάρτη ως πόλη.\n*[[1919]] - Η γερμανική Εθνοσυνέλευση υιοθετεί το Σύνταγμα της Βαϊμάρης, που θα τεθεί σε ισχύ στις [[14 Αυγούστου]].\n*[[1932]] - Το [[Εθνικοσοσιαλιστικό Γερμανικό Εργατικό Κόμμα]] κερδίζει το 37,3% των ψήφων στις [[Γερμανία|γερμανικές]] εκλογές.\n*[[1938]] - Η [[Βουλγαρία]] υπογράφει σύμφωνο μη επίθεσης με την [[Ελλάδα]] και άλλες χώρες των Βαλκανίων ([[Τουρκία]], [[Ρουμανία]], [[Γιουγκοσλαβία]]).\n* [[1938]] - Αρχαιολόγοι ανακαλύπτουν στη [[Περσέπολη]] εγχάρακτες πλάκες από χρυσό και ασήμι του  βασιλιά Δαρείου του Μεγάλου.\n* [[1945]] - Ο φυγόδικος [[Πιέρ Λαβάλ]], πρώην ηγέτης της [[Κυβέρνηση του Βισύ|Κυβέρνησης του Βισύ]] στην κατεχόμενη από τους Γερμανούς Γαλλία, παραδίδεται στους στρατιώτες των Συμμάχων στην [[Αυστρία]].\n* [[1964]] - Ο τεχνητός δορυφόρος Ranger 7 στέλνει στη Γη τις πρώτες κοντινές φωτογραφίες της [[Σελήνη]]ς, 1.000 φορές καθαρότερες από ληφθείσες προηγουμένως από οποιοδήποτε γήινο τηλεσκόπιο.\n* [[1971]] - [[Πρόγραμμα Απόλλων]] : Ο [[Απόλλων 15]] είναι η πρώτη αποστολή που θα οδηγήσει σεληνάκατο.\n* [[1991]] - Οι [[ΗΠΑ]] και η [[Σοβιετική Ένωση]] υπογράφουν τη συνθήκη [[START I]] (Συνθήκη Μείωσης των Στρατηγικών Όπλων), η πρώτη για τη μείωση (με έλεγχο) των οπλικών αποθεμάτων (ιδιαίτερα των [[Πυρηνικά όπλα|πυρηνικών όπλων]]) των δύο χωρών.\n* [[1992]] - Η [[Γεωργία]] γίνεται κράτος μέλος των Ηνωμένων Εθνών.\n* [[1999]] - Η διαστημομηχανή ''Lunar Prospector'' της [[NASA]] συντρίβεται σκόπιμα στη Σελήνη, τερματίζοντας έτσι την αποστολή της για ανίχνευση κατεψυγμένου νερού στην επιφάνεια της Σελήνης.\n* [[2006]] - Ο [[Φιντέλ Κάστρο]] παραχωρεί την εξουσία στον αδελφό του [[Ραούλ Κάστρο]].\n* [[2007]] - Η παρουσία του βρετανικού στρατού στη [[Βόρεια Ιρλανδία]], που υπήρξε και η μακροβιότερη επιχείρηση στην ιστορία του βρετανικού στρατού, τερματίζεται.\n* [[2012]] - Ο [[Μάικλ Φελπς]] σπάει το ρεκόρ της Λαρίσα Λατίνινα από το 1964 για τον μεγαλύτερο αριθμό μεταλλίων σε Ολυμπιακούς Αγώνες .\n\n== Γεννήσεις ==\n*[[1396]] - [[Φίλιππος Γ΄ της Βουργουνδίας|Φίλιππος Γ΄]], δούκας της Βουργουνδίας\n*[[1443]] - [[Αλβέρτος Γ΄ της Σαξονίας|Αλβέρτος Γ΄]], δούκας της Σαξονίας\n*[[1526]] - [[Αύγουστος της Σαξονίας|Αύγουστος]], εκλέκτορας της Σαξονίας\n*[[1527]] - [[Μαξιμιλιανός Β΄ της Αγίας Ρωμαϊκής Αυτοκρατορίας|Μαξιμιλιανός Β΄]], αυτοκράτορας της Αγίας Ρωμαϊκής Αυτοκρατορίας\n*[[1895]] - [[Σοφία Αντωνιάδη]], Ελληνίδα βυζαντινολόγος\n*[[1901]] - [[Ζαν Ντιμπιφέ]], Γάλλος ζωγράφος και γλύπτης\n*[[1912]] - [[Μίλτον Φρίντμαν]], Αμερικανός οικονομολόγος\n*[[1914]] - [[Μάριο Μπάβα]], Ιταλός σκηνοθέτης\n*[[1914]] - [[Λουί ντε Φυνές]], Γάλλος ηθοποιός\n*[[1919]] - [[Πρίμο Λέβι]], Ιταλός χημικός και συγγραφέας\n*[[1923]] - [[Στέφανι Κουόλεκ]], Αμερικανίδα χημικός\n*[[1939]] - [[Άκης Τσοχατζόπουλος]], Έλληνας πολιτικός\n*[[1953]] - [[Άρης Δαβαράκης]], Έλληνας στιχουργός\n*[[1962]] - [[Τζον Λορινάιτις]], Αμερικανός παλαιστής\n*[[1965]] - [[Τζ. Κ. Ρόουλινγκ]], Αγγλίδα συγγραφέας\n*[[1969]] - [[Κιντ Κας]], Αμερικανός παλαιστής\n*[[1969]] - [[Αντόνιο Κόντε]], Ιταλός ποδοσφαιριστής και προπονητής\n*[[1969]] - [[Μίλτος Πασχαλίδης]], Έλληνας τραγουδιστής\n*[[1969]] - [[Μιχάλης Τζουγανάκης]], Έλληνας τραγουδοποιός \n*[[1971]] - [[Γιώργος Σιγάλας]], Έλληνας καλαθοσφαιριστής\n*[[1972]] - [[Γιώργος Καπουτζίδης]], Έλληνας ηθοποιός\n*[[1978]] - [[Τζάστιν Γουίλσον]], Άγγλος οδηγός αγώνων\n*[[1978]] - [[Ζέτα Μακρυπούλια]], Ελληνίδα ηθοποιός και μοντέλο\n*[[1979]] - [[Κάρλος Μαρτσένα]], Ισπανός ποδοσφαιριστής\n*[[1980]] - [[Μίκο Χίρβονεν]], Φινλανδός οδηγός αγώνων\n*[[1981]] - [[Ματ Σάντοους]], Αμερικανός τραγουδιστής ([[Avenged Sevenfold]])\n*[[1989]] - [[Βικτόρια Αζαρένκα]], Λευκορωσίδα αντισφαιρίστρια\n\n== Θάνατοι ==\n*[[54 π.Χ.]] - [[Αυρηλία Κόττα]], Ρωμαία αριστοκράτισσα\n*[[1330]] - [[Μιχαήλ Ασέν Γ΄]], τσάρος της Βουλγαρίας\n*[[1556]] - [[Ιγνάτιος Λογιόλα]], Ισπανός ιδρυτής της Εταιρίας του Ιησού\n*[[1624]] - [[Ερρίκος Β΄ της Λωρραίνης|Ερρίκος Β΄]], δούκας της Λωρραίνης\n*[[1726]] - [[Νικόλαους Β΄ Μπερνούλι]], Ελβετός μαθηματικός\n*[[1750]] - [[Ιωάννης Ε΄ της Πορτογαλίας|Ιωάννης Ε΄]], βασιλιάς της Πορτογαλίας\n*[[1784]] - [[Ντενί Ντιντερό]], Γάλλος φιλόσοφος και συγγραφέας\n*[[1818]] - [[Νικόλαος Σκουφάς]], Έλληνας αγωνιστής\n*[[1875]] - [[Άντριου Τζόνσον]], 17ος πρόεδρος των Η.Π.Α.\n*[[1886]] - [[Φραντς Λιστ]], Ούγγρος συνθέτης\n*[[1914]] - [[Ζαν Ζωρές]], Γάλλος πολιτικός\n*[[1920]] - [[Ίων Δραγούμης]], Έλληνας διπλωμάτης και συγγραφέας\n*[[1939]] - [[Στέφανος Θωμόπουλος]], Έλληνας συγγραφέας και ιστορικός\n*[[1944]] - [[Ανέστος Δελιάς]], Έλληνας τραγουδοποιός\n*[[1944]] - [[Αντουάν ντε Σαιντ-Εξυπερύ]], Γάλλος πιλότος και συγγραφέας\n*[[1971]] - [[Νικόλαος Κρασαδάκης]], Έλληνας πολιτικός\n*[[1984]] - [[Νικόλαος Μαλλιάκας]], Έλληνας πολιτικός\n*[[1990]] - [[Φερνάντο Σάντσο]], Ισπανός ηθοποιός\n*[[1993]] - [[Βαλδουίνος του Βελγίου|Βαλδουίνος]], βασιλιάς του Βελγίου\n*[[1996]] - [[Ιωάννης Δαβάκης]], Έλληνας πολιτικός\n*[[2009]] - [[Μπόμπι Ρόμπσον]], Άγγλος ποδοσφαιριστής και προπονητής\n*[[2015]] - [[Ρόντι Πάιπερ]], Καναδός παλαιστής\n*[[2016]] - [[Σέυμουρ Παπέρτ]], Νοτιοαφρικανός μαθηματικός\n*[[2017]] - [[Ζαν Μορό]], Γαλλίδα ηθοποιός\n*[[2017]] - [[Άσπα Στασινοπούλου]], Ελληνίδα εικαστικός\n*[[2020]] - [[Άλαν Πάρκερ]], Βρετανός κινηματογραφιστής\n*[[2022]] - [[Καίτη Θεοχάρη]] Ελληνίδα ηθοποιός και τραγουδίστρια\n\n== Αργίες και εορτές ==\n=== [[Ορθόδοξη Εκκλησία]] ===\n{{Πύλη:Ορθοδοξία/Εορτολόγιο/31 Ιουλίου}}\n\n{{Μήνες}}\n\n[[Κατηγορία:Ημέρες του έτους]]"}}}]}]}}