{"batchcomplete":true,"query":{"normalized":[{"fromencoded":false,"from":"31_Ιανουαρίου","to":"31 Ιανουαρίου"}],"pages":[{"pageid":1157,"ns":0,"title":"31 Ιανουαρίου","revisions":[{"slots":{"main":{"contentmodel":"wikitext","contentformat":"text/x-wiki","content":"{{χωρίς παραπομπές}}\n\n{{5μήνες|μ=1}}\n\n<center>[[30 Ιανουαρίου]] | '''31 Ιανουαρίου''' | [[1 Φεβρουαρίου]]</center>\n\n----\nΗ '''31η Ιανουαρίου''' είναι η 31η ημέρα του έτους κατά το [[Γρηγοριανό ημερολόγιο]]. Υπολείπονται 334 ημέρες (335 σε δίσεκτα έτη).\n\n{|width=100%\n| __TOC__\n| {{ΗμερολόγιοΣεΠίνακα|1}}\n|}\n\n== Γεγονότα ==\n*[[314]] - Ο [[Πάπας Σιλβέστρος Α΄]] διαδέχεται τον [[Πάπας Μιλτιάδης|Πάπα Μιλτιάδη]].\n*[[1504]] - Συνθήκη της [[Λυών]]: Το [[Βασίλειο της Γαλλίας]] παραχωρεί τη [[Νάπολη]] στον [[Φερδινάνδος Β΄ της Αραγωνίας|Φερδινάνδο Β΄ της Αραγωνίας]].\n*[[1606]] - [[Συνωμοσία της Πυρίτιδας]]: Ο [[Γκάι Φωκς]] εκτελείται για συνωμοσία εναντίον του Κοινοβουλίου και του βασιλιά [[Ιάκωβος Α΄ της Αγγλίας|Ιάκωβου Α΄ της Αγγλίας]].\n*[[1747]] - Ανοίγει στο [[Λονδίνο]] η πρώτη κλινική για [[Σεξουαλικώς μεταδιδόμενο νόσημα|αφροδίσια νοσήματα]].\n*[[1846]] - Δημιουργείται η πόλη [[Μιλγουόκι]] στο [[Ουισκόνσιν]] των [[Ηνωμένες Πολιτείες Αμερικής|Η.Π.Α.]]\n*[[1862]] - Ο Άλβαν Γκράχαμ Κλαρκ ανακαλύπτει με ένα τηλεσκόπιο 47 εκατοστών το [[Λευκός νάνος|λευκό νάνο]] Σείριο Β, συνοδό του [[Σείριος|Σείριου]].  \n*[[1865]] - [[Αμερικανικός Εμφύλιος Πόλεμος]]: Το [[Κογκρέσο των Ηνωμένων Πολιτειών]] ψηφίζει τη 13η τροπολογία του Συντάγματος για την κατάργηση της δουλείας και την υποβάλλει στις Πολιτείες για επικύρωση.\n*[[1865]] - [[Αμερικανικός Εμφύλιος Πόλεμος]]: Ο [[Ρόμπερτ Λη]] γίνεται αρχιστράτηγος των δυνάμεων των [[Συνομόσπονδες Πολιτείες της Αμερικής|Συνομόσπονδων Πολιτειών της Αμερικής]].\n*[[1891]] - Ξεσπά [[Επανάσταση|εξέγερση]] [[Ρεπουμπλικανισμός|δημοκρατικών]] στο [[Πόρτο]], στην πρώτη προσπάθεια ανατροπής της μοναρχίας στην [[Πορτογαλία]].\n*[[1915]] - [[Α΄ Παγκόσμιος Πόλεμος]]: Η [[Γερμανία]] είναι η πρώτη χώρα που κάνει μεγάλης κλίμακας χρήση [[Χημικά όπλα στον Α΄ Παγκόσμιο Πόλεμο|δηλητηριωδών αερίων]], στη [[μάχη του Μπολιμόβ]] κατά της [[Ρωσική Αυτοκρατορία|Ρωσίας]].\n*[[1918]] - Μία σειρά από συγκρούσεις στη [[Σκωτία]], λόγω ομίχλης κατά τη διάρκεια της νύχτας, οδηγεί στην απώλεια δύο υποβρυχίων του [[Μεγάλη Βρετανία|βρετανικού]] [[Βασιλικό Ναυτικό|Βασιλικού Ναυτικού]] με απολογισμό πάνω από 100 νεκρούς και ζημιές σε άλλα πέντε βρετανικά πολεμικά πλοία. \n*[[1929]] - Εξορίζεται από τη [[Ένωση Σοβιετικών Σοσιαλιστικών Δημοκρατιών|Σοβιετική Ένωση]] ο [[Λέων Τρότσκι]]. \n*[[1943]] - [[Β΄ Παγκόσμιος Πόλεμος]]: Ο [[Γερμανοί|Γερμανός]] στρατάρχης [[Φρίντριχ Πάουλους]] παραδίδεται στους [[Ένωση Σοβιετικών Σοσιαλιστικών Δημοκρατιών|Σοβιετικούς]] στο [[Μάχη του Στάλινγκραντ|Στάλινγκραντ]], ακολουθούμενος δύο ημέρες αργότερα από το υπόλοιπο της Έκτης Στρατιάς του, δίνοντας τέλος σε μία από τις πιο άγριες μάχες του πολέμου.\n*[[1946]] - Το νέο σύνταγμα της [[Σοσιαλιστική Ομοσπονδιακή Δημοκρατία της Γιουγκοσλαβίας|Γιουγκοσλαβίας]], που είναι στα πρότυπα της [[Ένωση Σοβιετικών Σοσιαλιστικών Δημοκρατιών|Σοβιετικής Ένωσης]], καθιερώνει έξι δημοκρατίες ([[Βοσνία και Ερζεγοβίνη]], [[Κροατία]], [[Σοσιαλιστική Δημοκρατία της Μακεδονίας|Μακεδονία]], [[Μαυροβούνιο]], [[Σερβία]] και [[Σλοβενία]]).\n*[[1953]] - Πλημμύρα στη [[Βόρεια Θάλασσα]] προκαλεί 1.836 θανάτους στην [[Ολλανδία]], 307 στο [[Ηνωμένο Βασίλειο]], 224 στη θάλασσα και 28 στο [[Βέλγιο]].\n*[[1961]] - [[Πρόγραμμα Μέρκιουρι]]: Ο χιμπαντζής Χαμ εκτοξεύεται στο Διάστημα με τον πύραυλο Ρεντστόουν 2.\n*[[1966]] - Η [[Ένωση Σοβιετικών Σοσιαλιστικών Δημοκρατιών|Σοβιετική Ένωση]] εκτοξεύει το μη επανδρωμένο διαστημικό σκάφος [[Λουνά 9]] ως μέρος του προγράμματος Λουνά.\n*[[1968]] - [[Πόλεμος του Βιετνάμ]]: Τις πρώτες πρωινές ώρες, αντάρτες [[Βιετκόνγκ]] επιτίθενται στην πρεσβεία των [[Ηνωμένες Πολιτείες Αμερικής|Ηνωμένων Πολιτειών]] στη [[Χο Τσι Μιν (πόλη)|Σαϊγκόν]].\n*[[1968]] - Το [[Ναουρού]] αποκτά την ανεξαρτησία του.\n* [[1971]] - Ξεκινά η διαστημική αποστολή ''[[Απόλλο 14]]''.\n* [[1974]] - 94 άνθρωποι σκοτώνονται όταν αεροσκάφος της [[Παναμέρικαν]] συντρίβεται στην Αμερικανική [[Σαμόα]], στο νότιο [[Ειρηνικός ωκεανός|Ειρηνικό]].\n* [[1974]] - Πεθαίνει ο [[Σάμιουελ Γκόλντγουϊν]], ένας από τους μεγαλύτερους παραγωγούς και διευθυντής των ομώνυμων στούντιο κινηματογραφικών ταινιών του [[Χόλιγουντ]].\n* [[1975]] - Επανάσταση ξεσπά στην πρωτεύουσα της [[Ερυθραία]]ς, [[Ασμάρα]]. Τα στρατεύματα της [[Αιθιοπία]]ς, που είχαν υπό την κατοχή τους την [[Ασμάρα]], μάχονται εναντίον των αυτονομιστών ανταρτών.\n*[[1979]] - Η τρομοκρατική οργάνωση «Ιούνης '78» δολοφονεί κατόπιν ενέδρας έξω από το σπίτι του, στον Άγιο Σώστη [[Νέα Σμύρνη|Νέας Σμύρνης]], τον αστυνόμο της Γενικής Ασφάλειας Πέτρο Μπάμπαλη, 49 ετών, που κατηγορήθηκε για βασανισμούς πολιτών στη διάρκεια της [[Χούντα των Συνταγματαρχών|δικτατορίας]].\n* [[1987]] - Ο [[Κρις Γουντς]], τερματοφύλακας της «Γκλάσκοου Ρέιντζερς» δέχεται γκολ μετά από 1.196 λεπτά, χρόνο - ρεκόρ για τη [[Βρετανία]]. Είχε κρατήσει ανέπαφη την εστία του σε 12 συνεχόμενους αγώνες, από τις 29/11/86 μέχρι 24/1/1987.\n* [[1990]] - Ανοίγει το πρώτο εστιατόριο της αλυσίδας «[[Μακ Ντόναλντς]]» στη [[Μόσχα]], που εξυπηρετεί καθημερινά σχεδόν 30.000 πελάτες.\n* [[1993]] - Οι Αβορίγινες, οι ιθαγενείς στην [[Αυστραλία]], αμφισβητούν την κυριαρχία της λευκής πλειοψηφίας και απειλούν ότι, θα καταφύγουν στο δικαστήριο της Χάγης, για την ισότιμη μεταχείρισή τους και την επιστροφή των εκτάσεών τους, που καταπατήθηκαν από τους αποικιοκράτες.\n* [[1993]] - Στη [[Γεωργία (χώρα)|Γεωργία]], στα σύνορα με τη [[Ρωσία]], χιονοστιβάδες, που πέφτουν σε ορεινό πέρασμα, σκοτώνουν 50 άτομα.\n* [[1993]] - Τα πρώτα [[Κρατικό Βραβείο Κινηματογράφου|Κρατικά Βραβεία Κινηματογράφου]] απονέμονται στις ταινίες «Μπάιρον, η μπαλάντα ενός δαιμονισμένου» του [[Νίκος Κούνδουρος|Νίκου Κούνδουρου]], «Παρακαλώ, γυναίκες, μην κλαίτε» των [[Σταύρος Τσιώλης|Σταύρου Τσιώλη]] - [[Χρήστος Βακαλόπουλος|Χρήστου Βακαλόπουλου]] και «Βερύκοκα στο καλάθι» του [[Τάκης Τουλιάτος|Τάκη Τουλιάτου]].\n* [[1994]] - Στην [[Αλγερία]], ο αξιωματικός [[Λιαμίν Ζερουάλ]] ορκίζεται πρόεδρος της χώρας.\n* [[1995]] - Σε εκεχειρία συμφωνούν το [[Περού]] και ο [[Ισημερινός]], τερματίζοντας τις μεταξύ τους συγκρούσεις, από τις οποίες σκοτώθηκαν 31 άτομα.\n* [[1996]] - [[Κρίση των Ιμίων]]: Στις 05:30, ελικόπτερο του [[Ελληνικό Πολεμικό Ναυτικό|Ελληνικού Πολεμικού Ναυτικού]], που απονηώθηκε από τη Φρεγάτα Ναβαρίνον για να διαπιστώσει την παρουσία των Τούρκων στη βραχονησίδα κατέπεσε και τα τρία μέλη του πληρώματος, υποπλοίαρχος [[Χριστόδουλος Καραθανάσης]], υποπλοίαρχος [[Παναγιώτης Βλαχάκος]] και αρχικελευστής [[Έκτορας Γιαλοψός]], σκοτώθηκαν.\n* [[1997]] - Στην [[Τουρκία]], η ηγεσία των ενόπλων δυνάμεων τάσσεται κατά της καθιέρωσης του παραδοσιακού καλύμματος της κεφαλής των γυναικών, στα πανεπιστήμια και τις δημόσιες υπηρεσίες.\n* [[2000]] - 131 άνθρωποι σκοτώνονται όταν αεροσκάφος συντρίβεται στις ακτές του [[Μαλιμπού]], στην [[Καλιφόρνια]].\n* [[2001]] - Στην [[Ολλανδία]], σκοτσέζικο δικαστήριο καταδικάζει ένα Λίβυο και αθωώνει έναν άλλον για την συμμετοχή τους στην έκρηξη βόμβας σε αεροσκάφος της \"Pan Am\" και της συντριβής του στο Λόκερμπι της [[Σκωτία]]ς το [[1988]].\n\n== Γεννήσεις ==\n*[[1512]] - [[Ερρίκος της Πορτογαλίας|Ερρίκος]], βασιλιάς της Πορτογαλίας\n*[[1543]] - [[Τοκουγκάβα Ιεγιάσου]], Ιάπωνας σογκούν\n*[[1756]] - [[Μαρία Τερέζα της Σαβοΐας|Μαρία Τερέζα]], κόμισσα της Σαβοΐας\n*[[1769]] - [[Αντρέ-Ζακ Γκαρνερέν]], Γάλλος αεροστατιστής και εφευρέτης\n*[[1785]] - [[Τσαρλς Γκριν (αεροναυτικός)|Τσαρλς Γκριν]], Άγγλος αεροστατιστής και εφευρέτης\n*[[1797]] - [[Φραντς Σούμπερτ]], Αυστριακός συνθέτης\n*[[1884]] - [[Τέοντορ Χόις]], Γερμανός πολιτικός\n*[[1902]] - [[Άλβα Μίρνταλ]], Σουηδή πολιτικός\n*[[1909]] - [[Αχιλλέας Απέργης]], Έλληνας γλύπτης\n*[[1923]] - [[Νόρμαν Μέιλερ]], Αμερικανός συγγραφέας και δημοσιογράφος\n*[[1929]] - [[Ρούντολφ Μέσμπαουερ]], Γερμανός φυσικός\n*[[1932]] - [[Γιώργος Μούτσιος]], Έλληνας ηθοποιός και τραγουδιστής\n*[[1933]] - [[Μπερνάρντο Προβεντσάνο]], Ιταλός εγκληματίας\n*[[1935]] - [[Κενζαμπούρο Όε]], Ιάπωνας συγγραφέας \n*[[1937]] - [[Φίλιπ Γκλας]], Αμερικανός συνθέτης\n*[[1938]] - [[Βεατρίκη της Ολλανδίας|Βεατρίκη]], βασίλισσα της Ολλανδίας\n*[[1940]] - [[Κυριάκος Χαραλαμπίδης]], Κύπριος ποιητής\n*[[1951]] - [[Έιγια Άχβο]], Φινλανδή τραγουδίστρια και ηθοποιός\n*[[1960]] - [[Ζέλικο Στουράνοβιτς]], Μαυροβούνιος πολιτικός\n*[[1964]] - [[Τζεφ Χάνεμαν]], Αμερικανός κιθαρίστας ([[Slayer]])\n*[[1965]] - [[Γιώργος Γάσπαρης (Καλαθοσφαιριστής)|Γιώργος Γάσπαρης]], Έλληνας καλαθοσφαιριστής\n*[[1971]] - [[Δημήτρης Μάρκος]], Έλληνας ποδοσφαιριστής\n*[[1973]] - [[Πόρσια ντε Ρόσι]], Αυστραλή ηθοποιός\n*[[1976]] - [[Τραϊανός Δέλλας]], Έλληνας ποδοσφαιριστής\n*[[1981]] - [[Τζάστιν Τίμπερλεϊκ]], Αμερικανός τραγουδιστής\n*[[1982]] - [[Έλενα Παπαρίζου]], Ελληνίδα τραγουδίστρια\n*[[1984]] - [[Σουζάνα Βουγιουκλή]], Ελληνίδα τραγουδίστρια\n*[[1984]] - [[Ζακ Στεφάνου]], Έλληνας τραγουδοποιός\n*[[1985]] - [[Καλομοίρα]], Ελληνίδα τραγουδίστρια\n\n== Θάνατοι ==\n*[[1216]] - [[Θεόδωρος Β΄ Ειρηνικός]], Πατριάρχης Κωνσταντινουπόλεως\n*[[1330]] - [[Ιωάννης Α΄, μαρκήσιος του Ναμύρ]]\n*[[1580]] - [[Ερρίκος της Πορτογαλίας|Ερρίκος]], βασιλιάς της Πορτογαλίας\n*[[1606]] - [[Γκάι Φωκς]], Άγγλος συνωμότης\n*[[1828]] - [[Αλέξανδρος Υψηλάντης (Φιλικός)|Αλέξανδρος Υψηλάντης]], Έλληνας πρίγκιπας\n*[[1903]] - [[Νικόλαος Μαυροκορδάτος (1837-1903)|Νικόλαος Μαυροκορδάτος]], Έλληνας πολιτικός\n*[[1933]] - [[Τζον Γκάλσγουορθυ]], Άγγλος συγγραφέας\n*[[1936]] - [[Γεώργιος Κονδύλης]], Έλληνας στρατιωτικός και πολιτικός\n*[[1944]] - [[Ζαν Ζιρωντού]], Γάλλος συγγραφέας\n*[[1982]] - [[Παναγιώτης Μπρατσιώτης]], Έλληνας θεολόγος και ακαδημαϊκός\n*[[1984]] - [[Κωνσταντίνος Τριανταφύλλου]], Έλληνας δικηγόρος και πολιτικός\n*[[1991]] - [[Κώστας Μουντάκης]], Έλληνας μουσικός\n*[[1996]] - [[Παναγιώτης Βλαχάκος]], Έλληνας αξιωματικός του Πολεμικού Ναυτικού\n*[[1999]] - [[Βασίλης Μπουγιουκλάκης]], Έλληνας ηθοποιός\n*[[2007]] - [[Κίρκα]], Φινλανδός τραγουδιστής\n*[[2011]] - [[Καίτη Λαμπροπούλου]], Ελληνίδα ηθοποιός\n*[[2015]] - [[Ούντο Λάτεκ]], Γερμανός προπονητής ποδοσφαίρου\n*[[2015]] - [[Λίζαμπεθ Σκοτ]], Αμερικανίδα ηθοποιός\n*[[2015]] - [[Ρίχαρντ φον Βάιτσεκερ]], Γερμανός πολιτικός\n*[[2016]] - [[Μπενουά Βιολιέ]], Γάλλος σεφ\n\n== Αργίες και εορτές ==\n=== [[Ορθόδοξη Εκκλησία]] ===\n{{Commonscat}}\n\n{{Πύλη:Ορθοδοξία/Εορτολόγιο/31 Ιανουαρίου}}\n\n{{Μήνες}}\n\n[[Κατηγορία:Ημέρες του έτους]]"}}}]}]}}