{"batchcomplete":true,"query":{"normalized":[{"fromencoded":false,"from":"31_Οκτωβρίου","to":"31 Οκτωβρίου"}],"pages":[{"pageid":3375,"ns":0,"title":"31 Οκτωβρίου","revisions":[{"slots":{"main":{"contentmodel":"wikitext","contentformat":"text/x-wiki","content":"{{Μήνες Οκτωβρίου}}\n\n<center>[[30 Οκτωβρίου]] | '''31 Οκτωβρίου''' | [[1 Νοεμβρίου]]</center>\n\n----\n{{ΗμερολόγιοΣεΠίνακα|10}}\nΗ '''31η Οκτωβρίου''' είναι η 304η ημέρα του έτους κατά το [[Γρηγοριανό ημερολόγιο]] (305η σε δίσεκτα έτη). Υπολείπονται 61 ημέρες.\n\n== Γεγονότα ==\n*[[475]] - Ο [[Ρωμύλος Αυγουστύλος]] ανακηρύσσεται [[Ρωμαίος αυτοκράτορας]].\n*[[802]] - Καθαιρείται η αυτοκράτειρα [[Ειρήνη η Αθηναία]]. Συνωμότες τοποθετούν στον [[Βυζαντινή Αυτοκρατορία|βυζαντινό]] θρόνο τον [[Νικηφόρος Α´|Νικηφόρο Α΄]]. \n*[[1517]] - [[Μεταρρύθμιση]]: Ο [[Μαρτίνος Λούθηρος]] θυροκολλεί τις [[95 Θέσεις]] του στον καθεδρικό ναό της [[Βιτεμβέργη]]ς.\n*[[1587]] - Εγκαινιάζεται η βιβλιοθήκη του [[Πανεπιστήμιο του Λέιντεν|Πανεπιστημίου του Λέιντεν]].\n*[[1614]] - Κάνει πρεμιέρα στο [[Λονδίνο]] η κωμωδία του [[Μπεν Τζόνσον (δραματικός ποιητής)|Μπεν Τζόνσον]] ''Η γιορτή του Αγίου Βαρθολομαίου''.\n*[[1864]] - Η [[Νεβάδα]] γίνεται η 36η [[Πολιτείες των ΗΠΑ|πολιτεία των Η.Π.Α.]]\n*[[1903]] - Σύγκρουση σιδηροδρομικών αμαξοστοιχιών στην [[Ινδιανάπολη]] με απολογισμό 17 νεκρούς.  \n*[[1912]] - [[Α΄ Βαλκανικός Πόλεμος]]: Ο [[Ελληνικός Στρατός Ξηράς|ελληνικός στρατός]] απελευθερώνει το [[Μέτσοβο]].\n*[[1917]] - [[Α΄ Παγκόσμιος Πόλεμος]]: Διεξάγεται η μάχη της [[Μπερ Σεβά]], όπου πραγματοποιείται η «τελευταία επιτυχημένη έφοδος ιππικού στην ιστορία». \n*[[1918]] - Υπογράφεται η [[Συνθήκη του Μούδρου]] μεταξύ της [[Οθωμανική Αυτοκρατορία|Οθωμανικής Αυτοκρατορίας]] και των συμμάχων.\n*[[1922]] - Ο [[Μπενίτο Μουσολίνι]] γίνεται [[Κατάλογος πρωθυπουργών της Ιταλίας|πρωθυπουργός της Ιταλίας]].\n*[[1922]] - [[Η δίκη των έξι]]: Συνέρχεται το έκτακτο στρατοδικείο στο κτίριο της [[Μέγαρο της Παλαιάς Βουλής|Παλαιάς Βουλής]], με πρόεδρο τον [[Αλέξανδρος Οθωναίος|Αλέξανδρο Οθωναίο]].\n*[[1924]] - Ανακοινώνεται στο [[Μιλάνο]] η Παγκόσμια Ημέρα Αποταμίευσης.\n*[[1926]] - Εκδίδεται το τελευταίο φύλλο της ανεξάρτητης [[Ιταλία|ιταλικής]] εφημερίδας ''Il Mondo'', έπειτα από τις πιέσεις που δέχθηκε από το καθεστώς του [[Μπενίτο Μουσολίνι]].\n*[[1938]] - [[Παγκόσμια οικονομική ύφεση 1929|Παγκόσμια οικονομική ύφεση]]: Σε μια προσπάθεια να αποκατασταθεί η εμπιστοσύνη των επενδυτών, το [[Χρηματιστήριο της Νέας Υόρκης]] παρουσιάζει ένα πρόγραμμα δεκαπέντε σημείων με στόχο να αναβαθμίσει την προστασία του επενδυτικού κοινού.\n*[[1940]] - [[Β΄ Παγκόσμιος Πόλεμος]]: Λήγει η [[μάχη της Αγγλίας]]. Το [[Ηνωμένο Βασίλειο]] αποτρέπει πιθανή [[Ναζιστική Γερμανία|γερμανική]] εισβολή.\n*[[1941]] - Μετά από 14 χρόνια έργων, ολοκληρώνεται το [[όρος Ράσμορ]].\n*[[1941]] - [[Β΄ Παγκόσμιος Πόλεμος]]: Το αντιτορπιλικό USS ''Reuben James'' τορπιλίζεται από [[Ναζιστική Γερμανία|γερμανικό]] υποβρύχιο κοντά στην [[Ισλανδία]], σκοτώνοντας περισσότερους από 100 [[Ηνωμένες Πολιτείες Αμερικής|Αμερικανούς]] ναύτες. Είναι το πρώτο πλοίο του αμερικανικού Ναυτικού που βυθίζεται από εχθρική ενέργεια στον Β΄ Παγκόσμιο Πόλεμο.\n*[[1956]] - [[Κρίση του Σουέζ]]: Το [[Ηνωμένο Βασίλειο]] και η [[Γαλλία]] βομβαρδίζουν την [[Αίγυπτος|Αίγυπτο]] για να την αναγκάσουν να ανοίξει τη [[Διώρυγα του Σουέζ]].\n*[[1961]] - Στη [[Ένωση Σοβιετικών Σοσιαλιστικών Δημοκρατιών|Σοβιετική Ένωση]], απομακρύνεται η σορός του [[Ιωσήφ Στάλιν]] από το Μαυσωλείο του Λένιν.\n*[[1963]] - Έκρηξη σε δεξαμενή [[Προπάνιο|προπανίου]] στην [[Ινδιανάπολη]] σκοτώνει 74 άτομα και τραυματίζει άλλα 400 κατά τη διάρκεια επίδειξης παγοδρομίας.\n*[[1963]] - Διαμαρτυρία προς το [[Στέιτ Ντιπάρτμεντ]] απευθύνουν η [[Ελλάδα]], η [[Ιταλία]], η [[Σουηδία]], η [[Νορβηγία]], η [[Δανία]] και η [[Ιαπωνία]], με αφορμή δήλωση του προέδρου [[Τζον Φιτζέραλντ Κένεντι]] ότι τα φορτία [[Σιτάρι|σίτου]], που αγόρασε η [[Ένωση Σοβιετικών Σοσιαλιστικών Δημοκρατιών|Ε.Σ.Σ.Δ.]], θα μεταφερθούν αποκλειστικά και μόνο με [[Ηνωμένες Πολιτείες Αμερικής|αμερικανικά]] πλοία.\n*[[1965]] - Η [[Ιερά Σύνοδος]] απορρίπτει το αυτόματο διαζύγιο και τη δυνατότητα τέταρτου γάμου.\n*[[1969]] - Σε ποινές κάθειρξης μέχρι και 25 ετών καταδικάζονται από το Έκτακτο Στρατοδικείο Αθηνών 8 από τους 10 κατηγορούμενους για βομβιστικές ενέργειες κατά του [[Χούντα των Συνταγματαρχών|καθεστώτος]]. Καταδικασθέντες είναι οι [[Γιώργος Ανωμερίτης]] (25 χρόνια), Δ. Δώδος (25 χρ.), Δ. Παπαϊωάννου (25 χρ.), Α. Μυλωνάς (23 χρ.), [[Βασίλης Ράπανος]] (8 χρ.), Αικ. Χουλιάρα (7 χρ.), Δ. Κατσαρός (6 χρ.) και Δημοσθένης Δεσποινιάδης (1 χρ.).\n*[[1979]] - Η πτήση 2605 της Western Airlines συντρίβεται κατά την προσγείωσή της στην [[Πόλη του Μεξικού]], σκοτώνοντας 73 άτομα.\n*[[1984]] - Δολοφονείται από δύο σωματοφύλακές της η πρωθυπουργός της [[Ινδία|Ινδίας]] [[Ίντιρα Γκάντι]].\n*[[1996]] - Αεροπλάνο συντρίβεται στο [[Σάο Πάολο]] της [[Βραζιλία|Βραζιλίας]], σκοτώνοντας 99 άτομα.\n*[[1998]] - Αρχίζει η κρίση του αφοπλισμού του [[Ιράκ]]: Το Ιράκ ανακοινώνει ότι δε θα συνεργαστεί πλέον με τους επιθεωρητές όπλων των [[Οργανισμός Ηνωμένων Εθνών|Ηνωμένων Εθνών]].\n* [[1999]] - Πτώση αεροσκάφους [[Boeing 767]] της [[Egyptair]] προς Κάιρο, στη Μασσαχουσέτη (από τη Νέα Υόρκη). Νεκροί και οι 217 επιβαίνοντες.\n* 1999 - Υπογράφεται από τους ηγέτες της Καθολικής και Λουθηρανικής Εκκλησίας το Δόγμα της Κρίσης, τερματίζοντας έναν αιώνα διαμάχης για τη φύση της πίστης και της σωτηρίας.\n* [[2000]] - Αεροσκάφος [[Boeing 747]] των Αερογραμμών της Σιγκαπούρης συντρίβεται αμέσως μετά την απογείωσή του στην Ταϊβάν, με συνέπεια το θάνατο 81 ατόμων και τον τραυματισμό άλλων 81 (διασώθηκαν 16). \n* 2000 - Συντριβή αεροσκάφους Αντόνοφ στην [[Αγκόλα]] σκοτώνει 50 άτομα.\n* 2000 - Ο [[Σβεν Γκόραν Έρικσον]] γίνεται ο πρώτος ξένος προπονητής στην ιστορία που αναλαμβάνει την εθνική ομάδα ποδοσφαίρου της Αγγλίας. \n* [[2001]] - Σε δήλωσή του στο Γαλλικό Πρακτορείο ο Έλληνας ερευνητής Απόστολος Γεωργόπουλος, που εργάζεται στο χημικό τμήμα του γενικού νοσοκομείου της Βιέννης, ανακοινώνει την ανακάλυψη μιας ουσίας (GEO 1) που εξουδετερώνει το βάκιλο του άνθρακα σε λίγα δευτερόλεπτα (χρησιμοποιείται ως απολυμαντικό).\n* [[2002]] - Σεισμός 5,4 Ρίχτερ πλήττει την επαρχία Κάμπομπάσο της Νότιας Ιταλίας, με 29 νεκρούς εκ των οποίων τα 25 παιδιά (κατέρρευσε στέγη νηπιαγωγείου στην Απουλία και το Δημοτικό Σχολείο στο χωριό Σαν Τζουλιάνο-Η Ιταλία κηρύσσεται σε κατάσταση εκτάκτου ανάγκης-άλλα 36 άτομα τραυματίζονται- περίπου 3.000 άτομα μένουν άστεγα).\n* 2002 - Κλείνει οριστικά ο περίφημος οίκος μόδας του Ιβ Σαν Λοράν \n* [[2004]] - Πρόεδρος της [[Ουρουγουάη]]ς εκλέγεται ο [[Ταβαρέ Βάσκες]]. Πρόκειται για τον πρώτο αριστερό πρόεδρο στην ιστορία της χώρας.\n* 2004 - Τμήμα του Τείχους του Βερολίνου οικοδομείται ξανά, στη μνήμη των 1.065 θυμάτων που προσπάθησαν ανεπιτυχώς να περάσουν το Τείχος.\n* 2004 - Η [[Ρουάντα]] αποστέλλει στρατό ως ειρηνευτική δύναμη στην επαρχία Νταρφούρ του Σουδάν.\n* [[2015]] - Το [[Ισλαμικό Κράτος]] αναλαμβάνει την ευθύνη για την κατάρριψη ενός ρωσικού επιβατικού αεροπλάνου με 224 επιβάτες στην Αίγυπτο.\n* [[2017]] - Ξεκινούν οι κατεδαφίσεις των σπιτιών της ελληνικής μειονότητας στην [[Χειμάρρα]] της Αλβανίας από την επιθεώρηση χωροταξίας του Δήμου Χειμάρρας η οποία είχε στείλει ειδοποιητήρια σε 19 οικογένειες βορειοηπειρωτών, λόγω σχεδίων για κατεδάφισή τους.\n\n== Γεννήσεις ==\n*[[1345]] - [[Φερδινάνδος Α΄ της Πορτογαλίας|Φερδινάνδος Α΄]], βασιλιάς της Πορτογαλίας\n*[[1391]] - [[Εδουάρδος της Πορτογαλίας|Εδουάρδος]], βασιλιάς της Πορτογαλίας\n*[[1424]] - [[Βλάντισλαβ Γ΄ της Βάρνας]], βασιλιάς της Πολωνίας\n*[[1514]] - [[Βόλφγκανγκ Λάτσιους]], Αυστριακός ιστορικός\n*[[1632]] - [[Γιοχάνες Βερμέερ]], Ολλανδός ζωγράφος\n*[[1686]] - [[Σενεσίνο]], Ιταλός τραγουδιστής\n*[[1705]] - [[Πάπας Κλήμης ΙΔ΄]]\n*[[1711]] - [[Λάουρα Μπάσσι]], Ιταλίδα φυσικός και ακαδημαϊκός\n*[[1760]] - [[Κατσουσίκα Χοκουσάι]], Ιάπωνας καλλιτέχνης\n*[[1795]] - [[Τζον Κητς]], Άγγλος ποιητής\n*[[1815]] - [[Καρλ Βάιερστρας]], Γερμανός μαθηματικός\n*[[1835]] - [[Αδόλφος φον Μπάιερ]], Γερμανός χημικός\n*[[1887]] - [[Τσιανγκ Κάι Σεκ]], Κινέζος στρατιωτικός και πολιτικός\n*[[1888]] - [[Ναπολέων Λαπαθιώτης]], Έλληνας ποιητής\n*[[1892]] - [[Αλεξάντρ Αλιέχιν]], Ρώσος σκακιστής\n*[[1917]] - [[Ουίλιαμ Χάρντι Μακνήλ]], Καναδός ιστορικός\n*[[1920]] - [[Χέλμουτ Νιούτον]], Γερμανός φωτογράφος\n*[[1922]] - [[Νορόντομ Σιχανούκ]], βασιλιάς της Καμπότζης\n*[[1929]] - [[Μπαντ Σπένσερ]], Ιταλός ηθοποιός\n*[[1930]] - [[Μάικλ Κόλινς]], Αμερικανός αστροναύτης\n*[[1936]] - [[Μάικλ Λάντον]], Αμερικανός ηθοποιός\n*[[1939]] - [[Γιάννης Καλαμίτσης]], Έλληνας στιχουργός και ραδιοφωνικός παραγωγός\n*[[1943]] - [[Αριστοτέλης Παυλίδης]], Έλληνας πολιτικός\n*[[1946]] - [[Σπήλιος Σπηλιωτόπουλος]], Έλληνας πολιτικός\n*[[1947]] - [[Κώστας Αρζόγλου]], Έλληνας ηθοποιός\n*[[1947]] - [[Χέρμαν βαν Ρομπέι]], Βέλγος πολιτικός\n*[[1950]] - [[Ζάχα Χαντίντ]], Ιρακινή αρχιτέκτονας\n*[[1960]] - [[Λουίς Φορτούνιο]], κυβερνήτης του Πουέρτο Ρίκο\n*[[1961]] - [[Πίτερ Τζάκσον]], Νεοζηλανδός σκηνοθέτης\n*[[1964]] - [[Μάρκο φαν Μπάστεν]], Ολλανδός ποδοσφαιριστής και προπονητής\n*[[1967]] - [[Πέτρος Γαϊτάνος]], Έλληνας τραγουδιστής\n*[[1968]] - [[Αντόνιο Ντέιβις]], Αμερικανός καλαθοσφαιριστής\n*[[1971]] - [[Αλφόνσο Φορντ]], Αμερικανός καλαθοσφαιριστής\n*[[1972]] - [[Γρηγόρης Γεωργάτος]], Έλληνας ποδοσφαιριστής\n*[[1974]] - [[Μουζί Ιζέτ]], Τούρκος ποδοσφαιριστής\n*[[1976]] - [[Χοσέ Μαρία Γκουτιέρεθ]], Ισπανός ποδοσφαιριστής\n*[[2005]] - [[Πριγκίπισσα Ελεονώρα των Αστουριών]]\n\n== Θάνατοι ==\n*[[1214]] - [[Ελεονώρα της Αγγλίας]], βασίλισσα της Καστίλης\n*[[1448]] - [[Ιωάννης Η΄ Παλαιολόγος]], Βυζαντινός αυτοκράτορας\n*[[1534]] - [[Αλφόνσος Α΄ των Έστε]], δούκας της Φερράρα\n*[[1723]] - [[Κόζιμο Γ΄ των Μεδίκων]], μέγας δούκας της Τοσκάνης\n*[[1785]] - [[Φρειδερίκος Β΄ της Έσσης-Κάσσελ|Φρειδερίκος Β΄]], λάντγκραβος της Έσσης-Κάσσελ\n*[[1860]] - [[Τόμας Κόχραν (10ος κόμης του Ντάντοναλντ)]], Βρετανός ναυτικός\n*[[1881]] - [[Τζορτζ Ντε Λονγκ]], Αμερικανός στρατιωτικός και εξερευνητής\n*[[1911]] - [[Τζον Τζόζεφ Μοντγκόμερι]], Αμερικανός εφευρέτης και μηχανικός\n*[[1916]] - [[Κάρολος Ρώσσελ]], Αμερικανός ευαγγελιστής\n*[[1918]] - [[Έγκον Σίλε]], Αυστριακός ζωγράφος\n*[[1926]] - [[Χάρρυ Χουντίνι]], Ούγγρος μάγος\n*[[1943]] - [[Μαξ Ράινχαρντ]], Αυστριακός σκηνοθέτης\n*[[1976]] - [[Αϊλίν Γκρέι]], Ιρλανδή σχεδιάστρια επίπλων\n*[[1982]] - [[Χρυσόστομος Πιπιλιάγκας]], Έλληνας πολιτικός\n*[[1984]] - [[Ίντιρα Γκάντι]], Ινδή πολιτικός\n*[[1984]] - [[Εντουάρντο Ντε Φιλίππο]], Ιταλός ηθοποιός και σεναριογράφος\n*[[1985]] - [[Νίκος Εγγονόπουλος]], Έλληνας ζωγράφος και ποιητής\n*[[1986]] - [[Ρόμπερτ Μιούλικεν]], Αμερικανός φυσικός και χημικός\n*[[1988]] - [[Αλφρέντ Πελλάν]], Καναδός ζωγράφος\n*[[1993]] - [[Φεντερίκο Φελίνι]], Ιταλός σκηνοθέτης\n*[[1993]] - [[Ρίβερ Φίνιξ]], Αμερικανός ηθοποιός \n*[[2002]] - [[Μιχαήλ Στασινόπουλος]], Έλληνας πολιτικός\n*[[2006]] - [[Πίτερ Βίλεμ Μπότα]], Νοτιοαφρικανός πολιτικός\n*[[2011]] - [[Κλίφορντ Χάσμπαντς]], γενικός κυβερνήτης των Μπαρμπάντος\n*[[2013]] - [[Ζεράρ ντε Βιλιέ]], Γάλλος συγγραφέας\n*[[2020]] - [[Σον Κόνερι]], Βρετανός ηθοποιός\n*[[2022]] - [[Ηλίας Ζερβός]], Έλληνας ηθοποιός & σκηνοθέτης\n\n== Αργίες και εορτές ==\n* Παγκόσμια Ημέρα Αποταμίευσης\n* Παγκόσμια Ημέρα Πόλεων\n\n=== [[Ορθόδοξη Εκκλησία]] ===\n{{Πύλη:Ορθοδοξία/Εορτολόγιο/31 Οκτωβρίου}}\n\n{{Μήνες}}\n\n[[Κατηγορία:Ημέρες του έτους]]\n[[Κατηγορία:Χαλοουίν]]"}}}]}]}}