{"batchcomplete":true,"query":{"normalized":[{"fromencoded":false,"from":"31_Αυγούστου","to":"31 Αυγούστου"}],"pages":[{"pageid":3028,"ns":0,"title":"31 Αυγούστου","revisions":[{"slots":{"main":{"contentmodel":"wikitext","contentformat":"text/x-wiki","content":"{{Μήνες Αυγούστου}}\n\n<center>[[30 Αυγούστου]] | '''31 Αυγούστου''' | [[1 Σεπτεμβρίου|1 Σεπτεμβρίου]]</center>\n\n----\nΗ '''31η Αυγούστου''' είναι η 243η ημέρα του έτους κατά το [[Γρηγοριανό ημερολόγιο]] (244η σε δίσεκτα έτη). Υπολείπονται 122 ημέρες.\n\n{{ΗμερολόγιοΣεΠίνακα|8}}\n\n== Γεγονότα ==\n*[[1056]] - Μετά από ξαφνική ασθένεια, η [[Κατάλογος Βυζαντινών αυτοκρατόρων|Βυζαντινή αυτοκράτειρα]] [[Θεοδώρα (11ος αιώνας)|Θεοδώρα]] πεθαίνει άτεκνη, δίνοντας έτσι τέλος στη [[δυναστεία των Μακεδόνων]].\n*[[1422]] - Ο βασιλιάς [[Ερρίκος Ε΄ της Αγγλίας]] πεθαίνει από δυσεντερία ενώ βρίσκεται στη [[Γαλλία]]. Ο γιος του, [[Ερρίκος ΣΤ΄ της Αγγλίας|Ερρίκος ΣΤ΄]], γίνεται βασιλιάς της [[Αγγλία]]ς σε ηλικία 9 μηνών.\n*[[1788]] - Ο [[Λάμπρος Κατσώνης]] νικά τον [[Οθωμανική Αυτοκρατορία|οθωμανικό]] στόλο κοντά στην [[Κάρπαθος|Κάρπαθο]].\n*[[1813]] - Στο τελικό στάδιο του [[Πόλεμος της Ιβηρικής Χερσονήσου|Πολέμου της Ιβηρικής Χερσονήσου]], τα [[Μεγάλη Βρετανία|βρετανικά]] και [[Πορτογαλία|πορτογαλικά]] στρατεύματα καταλαμβάνουν το σημερινό [[Σαν Σεμπαστιάν]], με αποτέλεσμα την ολική καταστροφή της πόλης. \n*[[1876]] - Καθαιρείται ο [[Κατάλογος Σουλτάνων της Οθωμανικής Αυτοκρατορίας|Οθωμανός σουλτάνος]] [[Μουράτ Ε΄]] και τον διαδέχεται ο αδελφός του, [[Αμπντούλ Χαμίτ Β΄]].\n*[[1886]] - Σεισμός μεγέθους 7 Ρίχτερ πλήττει τη νοτιοανατολική [[Νότια Καρολίνα]], προκαλώντας τον θάνατο 60 ανθρώπων και εκτιμώμενες ζημιές ύψους 5-6 εκατομμυρίων [[Δολάριο ΗΠΑ|δολαρίων]].\n*[[1888]] - Δολοφονείται η Μαίρη Αν Νίκολς. Είναι η πρώτη από τα επιβεβαιωμένα θύματα του [[Τζακ ο Αντεροβγάλτης|Τζακ του Αντεροβγάλτη]]. \n*[[1895]] - Ο [[Γερμανοί|Γερμανός]] κόμης [[Φερδινάνδος φον Ζέπελιν]] κατοχυρώνει το [[αερόπλοιο]].\n*[[1897]] - Ο [[Τόμας Έντισον]] κατοχυρώνει το [[κινητοσκόπιο]], τον πρώτο κινηματογραφικό προβολέα.\n*[[1907]] - Η [[Αγγλία]] και η [[Ρωσία]] υπογράφουν στην [[Αγία Πετρούπολη]] συμφωνία με την οποία σχηματίζεται η [[συμμαχία]] της [[Τριπλή Αντάντ|Τριπλής Αντάντ]].\n*[[1923]] - Ιταλικός φασιστικός βομβαρδισμός του παλαιού φρουρίου της [[Κέρκυρα]]ς κατά την [[Ιταλική εισβολή στην Κέρκυρα]]. Από τον βομβαρδισμό έχασαν τη ζωή τους 15 άμαχοι εκ των οποίων οι 13 Μικρασιάτες που διέμεναν ως πρόσφυγες προσωρινά στο φρούριο.\n*[[1928]] - Κάνει πρεμιέρα στο [[Βερολίνο]] η ''[[Η όπερα της πεντάρας|Όπερα της Πεντάρας]]''.\n*[[1957]] - Η [[Μαλαισία]] αποκτά την ανεξαρτησία της από το [[Ηνωμένο Βασίλειο]].\n*[[1959]] - Ιδρύεται ανεξάρτητη πατρίδα από την [[ΕΤΑ]], βασισμένη στις μαρξιστικές αρχές στις βόρειες επαρχίες της Ισπανίας.\n*[[1962]] - Τα νησιά [[Τρινιντάντ και Τομπάγκο]] γίνονται ανεξάρτητο κράτος.\n* [[1968]] - [[Σεισμός]] μεγέθους 7,4 βαθμών της κλίμακας Ρίχτερ έχει αποτέλεσμα να χάσουν τη ζωη τους 12.000 άτομα στο βορειανατολικό [[Ιράν]].\n* [[1971]] - Ο [[Ντέιβ Σκοτ]] γίνεται ο πρώτος άνθρωπος που οδηγεί αυτοκίνητο στη [[Σελήνη]].\n* [[1980]] - Ιδρύεται το εργατικό συνδικάτο ''[[Αλληλεγγύη (συνδικάτο της Πολωνίας)|Αλληλεγγύη]]'' στην [[Πολωνία]].\n* [[1986]] - Σε μετωπική σύγκρουση του σοβιετικού επιβατηγού πλοίου \"Ναύαρχος Ναχίμοφ\" με το φορτηγό \"Πιοτρ Βάσεφ\" στη [[Μαύρη Θάλασσα]] χάνουν τη ζωή τους 423 άνθρωποι (1η Σεπτεμβρίου ώρα Ρωσίας).\n* [[1991]] - Η [[Κιργισία]] κηρύττει την ανεξαρτησία της από τη [[Σοβιετική Ένωση]]. \n* [[1992]] - Τερματίζεται η μαρξιστική διακυβέρνηση στο [[Δημοκρατία του Κονγκό|Κονγκό (Μπραζαβίλ)]]. Πρόεδρος ορκίζεται ο [[Πασκάλ Λιζούμπα]].\n* [[1994]] - Ο ΙRA ([[Ιρλανδικός Δημοκρατικός Στρατός]]) κηρύττει κατάπαυση του πυρός για πρώτη φορά στα 25 χρόνια ζωής του.\n* [[1994]] - Αποσύρονται από τη [[Γερμανία]], έπειτα από 50 χρόνια, τα τελευταία ρωσικά στρατεύματα.\n* [[1997]] - Η πριγκίπισσα Νταϊάνα της Ουαλίας, πεθαίνει σε τροχαίο δυστύχημα στο Παρίσι.\n* [[1999]] - Από συντριβή αεροσκάφους Μπόινγκ στο [[Μπουένος Άιρες]] της Αργεντινής, σκοτώνονται 80 από τους 103 επιβάτες (η χειρότερη αεροπορική τραγωδία στην ιστορία της Αργεντινής).\n* [[1999]] - Ο νεότερος γκραντ μάστερ στο [[σκάκι]] στον κόσμο γίνεται ο Βρετανός [[Ντέιβιντ Χάουελ]],  8, που καταφέρνει να νικήσει το Βρετανό πρωταθλητή κόσμου.\n* [[2002]] - Τίθεται σε τροχιά ο πρώτος [[τεχνητός δορυφόρος|δορυφόρος]] Κύπρου-Ελλάδος.\n* [[2004]] - Πραγματοποιείται με επιτυχία η πρώτη [[μεταμόσχευση αστραγάλου]] στην [[Ευρώπη]] από τον Ιταλό χειρουργό [[Σάντρο Τζανίνι]] στο ραλίστα Σιλβάνο Μπόρντον.\n* [[2005]] - Από πανικό σε γέφυρα στη [[Βαγδάτη]] χάνουν τη ζωή τους 1.199 άνθρωποι.\n* [[2006]] - Ανευρεθησαν από την αστυνομία του Όσλο οι πίνακες του Έντβαρντ Μούνκ η κραυγή και Μαντοννα που κλάπηκαν από το μουσείο Μουνκ το 2004.\n\n== Γεννήσεις ==\n*[[12]] - [[Γάιος Καλιγούλας]], Ρωμαίος αυτοκράτορας\n*[[161]] - [[Κόμμοδος]], Ρωμαίος αυτοκράτορας\n*[[1686]] - [[Κάρολος του Μπερί|Κάρολος]], δούκας του Μπερί\n*[[1807]] - [[Τζον Γιανγκ]], Βρετανός πολιτικός\n*[[1834]] - [[Αμίλκαρε Πονκιέλλι]], Ιταλός συνθέτης\n*[[1853]] - [[Αλεξέι Αλεξέγεβιτς Μπρουσίλοφ]], Ρώσος στρατηγός\n*[[1870]] - [[Μαρία Μοντεσσόρι]], Ιταλίδα ιατρός και παιδαγωγός\n*[[1879]] - [[Άλμα Μάλερ]], Αυστριακή κοσμική\n*[[1880]] - [[Βιλελμίνη της Ολλανδίας|Βιλελμίνη]], βασίλισσα της Ολλανδίας\n*[[1897]] - [[Φρέντρικ Μαρτς]], Αμερικανός ηθοποιός\n*[[1908]] - [[Ουίλιαμ Σαρογιάν]], Αμερικανός συγγραφέας\n*[[1928]] - [[Τζέιμς Κόμπερν]], Αμερικανός ηθοποιός\n*[[1939]] - [[Ελευθέριος Ζούρος]], Έλληνας βιολόγος\n*[[1944]] - [[Αμπουμπακάρ Σομπαρέ]], πολιτικός από τη Γουινέα\n*[[1947]] - [[Σομτσάι Ουονγκσαουάτ]], Ταϊλανδός πολιτικός\n*[[1948]] - [[Ρούντολφ Σένκερ]], Γερμανός κιθαρίστας ([[Scorpions]])\n*[[1948]] - [[Χάραλντ Ερτλ]], Αυστριακός οδηγός αγώνων\n*[[1949]] - [[Ρίτσαρντ Γκιρ]], Αμερικανός ηθοποιός\n*[[1954]] - [[Ρομπέρτ Κοτσαριάν]], Αρμένιος πολιτικός\n*[[1955]] - [[Έντγουϊν Μόουζες]], Αμερικανός αθλητής\n*[[1960]] - [[Γιώτα Νέγκα]], Ελληνίδα τραγουδίστρια\n*[[1967]] - [[Τζην Χόγκλαν]], Αμερικανός ντράμερ ([[Fear Factory]])\n*[[1970]] - [[Λεωνίδας Βόκολος]], Έλληνας ποδοσφαιριστής\n*[[1970]] - [[Νίκολα Γκρούεφσκι]], πρωθυπουργός της Βόρειας Μακεδονίας\n*[[1970]] - [[Βασίλισσα Ράνια της Ιορδανίας]]\n*[[1972]] - [[Κώστας Κωνσταντινίδης]], Έλληνας ποδοσφαιριστής\n*[[1977]] - [[Τζεφ Χάρντι]], Αμερικανός παλαιστής\n*[[1979]] - [[Μίκι Τζέιμς]], Αμερικανίδα παλαίστρια\n*[[1982]] - [[Πάτρικ Νούο]], Ελβετός τραγουδιστής\n*[[1982]] - [[Πέπε Ρέινα]], Ισπανός ποδοσφαιριστής\n*[[1988]] - [[Ζέκα|Κάρλος Ζέκα]], Έλληνας ποδοσφαιριστής\n*[[1991]] - [[Πέτρος Μάνταλος]], Έλληνας ποδοσφαιριστής \n*[[2017]] - [[Γαβριήλ της Σουηδίας|Γαβριήλ]], πρίγκιπας της Σουηδίας\n\n== Θάνατοι ==\n*[[577]] - [[Πατριάρχης Ιωάννης Γ΄ Σχολαστικός|Ιωάννης Γ΄ Σχολαστικός]], Πατριάρχης Κωνσταντινουπόλεως\n*[[1056]] - [[Θεοδώρα (11ος αιώνας)|Θεοδώρα]], Βυζαντινή αυτοκράτειρα\n*[[1158]] - [[Σάντσο Γ΄ της Καστίλης|Σάντσο Γ΄]], βασιλιάς της Καστίλης\n*[[1422]] - [[Ερρίκος Ε΄ της Αγγλίας|Ερρίκος Ε΄]], βασιλιάς της Αγγλίας\n*[[1528]] - [[Ματίας Γκρύνεβαλντ]], Γερμανός ζωγράφος\n*[[1795]] - [[Φρανσουά-Αντρέ Ντανικάν Φιλιντόρ]], Γάλλος συνθέτης και σκακιστής\n*[[1811]] - [[Λουί Αντουάν ντε Μπουγκαινβίλ]], Γάλλος στρατιωτικός και εξερευνητής\n*[[1847]] - [[Ιωάννης Κωλέττης]], Έλληνας πολιτικός\n*[[1864]] - [[Φερντινάντ Λασσάλ]], Γερμανός νομικός, φιλόσοφος και ακτιβιστής\n*[[1867]] - [[Σαρλ Μπωντλαίρ]], Γάλλος ποιητής\n*[[1924]] - [[Τόντορ Αλεξάντρωφ]], Βούλγαρος αγωνιστής\n*[[1927]] - [[Αντρανίκ Οζανιάν]], Αρμένιος στρατιωτικός\n*[[1941]] - [[Μαρίνα Τσβετάγεβα]], Ρωσίδα συγγραφέας\n*[[1963]] - [[Ζωρζ Μπρακ]], Γάλλος ζωγράφος\n*[[1969]] - [[Ρόκι Μαρτσιάνο]], Αμερικανός πυγμάχος\n*[[1973]] - [[Τζον Φορντ]], Αμερικανός σκηνοθέτης\n*[[1978]] - [[Λι Γκαρμς]], Αμερικανός κινηματογραφιστής\n*[[1981]] - [[Νικόλαος Καβαζαράκης]], Έλληνας πολιτικός\n*[[1986]] - [[Χένρυ Μουρ]], Άγγλος γλύπτης\n*[[1991]] - [[Σταύρος Κανελλόπουλος]], Έλληνας πολιτικός\n*[[1997]] - [[Νταϊάνα, πριγκίπισσα της Ουαλίας]]\n*[[2005]] - [[Τζόζεφ Ρότμπλατ]], Πολωνός φυσικός\n*[[2006]] - [[Μοχάμεντ Αμπντελγουαχάμπ]], Αιγύπτιος ποδοσφαιριστής\n*[[2009]] - [[Τάτσης Αποστολίδης]], Έλληνας βιολιστής\n\n== Αργίες και εορτές ==\n\n=== [[Ορθόδοξη Εκκλησία]] ===\n{{Πύλη:Ορθοδοξία/Εορτολόγιο/31 Αυγούστου}}\n\n{{Μήνες}}\n\n[[Κατηγορία:Ημέρες του έτους]]"}}}]}]}}