{"batchcomplete":true,"query":{"normalized":[{"fromencoded":false,"from":"31_Μαΐου","to":"31 Μαΐου"}],"pages":[{"pageid":1864,"ns":0,"title":"31 Μαΐου","revisions":[{"slots":{"main":{"contentmodel":"wikitext","contentformat":"text/x-wiki","content":"{{Μήνες Μαΐου}}\n\n<center>[[30 Μαΐου]] | '''31 Μαΐου''' | [[1 Ιουνίου]]</center>\n\n----\nΗ '''31η Μαΐου''' είναι η 151η ημέρα του έτους κατά το [[Γρηγοριανό ημερολόγιο]] (152η σε δίσεκτα έτη).  Υπολείπονται 214 ημέρες.\n\n{{ΗμερολόγιοΣεΠίνακα|5}}\n\n== Γεγονότα ==\n*[[1578]] - Ο βασιλιάς [[Ερρίκος Γ΄ της Γαλλίας]] θέτει το θεμέλιο λίθο της Πον Νεφ (Νέα Γέφυρα), της παλαιότερης γέφυρας στο [[Παρίσι]].\n*[[1902]] - Ολοκληρώνεται ο [[Δεύτερος Πόλεμος των Μπόερς]], με την υπογραφή της [[Συνθήκη του Φεριένεχινγκ|Συνθήκης του Φεριένεχινγκ]] και την επικράτηση των Βρετανών.\n* [[1911]] - Καθελκύεται το υπερωκεάνειο «[[Τιτανικός]]».\n* [[1916]] - Διεξάγεται η [[Ναυμαχία της Γιουτλάνδης]], η μεγαλύτερη ναυμαχία του [[Α΄ Παγκόσμιος Πόλεμος|Α΄ Παγκοσμίου Πολέμου]], μεταξύ [[Αγγλία]]ς και [[Γερμανία]]ς.\n* [[1927]] - Παράγεται το τελευταίο κομμάτι του αυτοκινήτου της Φόρντ «Μοντέλο Τ» (Ford Model T), μετά από παραγωγή περίπου 15.000.000 μονάδων.\n* [[1951]] - Στην [[Ελλάδα]] - [[Αθήνα]], πρωινές ώρες εκδηλώνεται το [[κίνημα του ΙΔΕΑ]] το οποίο και κατέστειλε ο μόλις παραιτηθείς στρατάρχης [[Αλέξανδρος Παπάγος]] στο όνομα του οποίου είχε εκδηλωθεί. Ακολούθησαν ανακρίσεις και 17 αξιωματικοί μεταξύ των οποίων και τρεις ταξίαρχοι παραπέμφθηκαν στο στρατοδικείο για [[εσχάτη προδοσία]]. Τελικά τους δόθηκε [[αμνηστία]] από την κυβέρνηση Πλαστήρα και τον επόμενο χρόνο επανήλθαν και στην ενεργό υπηρεσία.  \n* [[1952]] - Ο [[Νικόλαος Πλαστήρας]] αναλαμβάνει [[Κατάλογος Πρωθυπουργών της Ελλάδας|Πρωθυπουργός της Ελλάδος]]\n*[[1960]] - Σάλος στην [[Ελλάδα]] από την αποκάλυψη εγγράφου του [[Ιταλία|ιταλικού]] Γενικού Επιτελείου προς το [[ΝΑΤΟ]], σύμφωνα με το οποίο τμήματα της [[Ήπειρος (περιοχή)|Ηπείρου]] ανήκουν εθνολογικά στην [[Αλβανία]].\n*[[1961]] - Η [[Νότια Αφρική]] ανακηρύσσεται Δημοκρατία.\n*[[1962]] - Ο [[Άντολφ Άιχμαν]] εκτελείται δι' απαγχονισμού στο [[Ισραήλ]].\n* [[1999]] - Αρχίζει η δίκη του [[Αμπντουλάχ Οτσαλάν]], ηγέτη των [[Κουρδιστάν|Κούρδων]] στην [[Τουρκία]].\n* [[2003]] - Τελευταία πτήση του υπερηχητικού αεροσκάφους [[Κονκόρντ]] (Concorde), των Γαλλικών Αερογραμμών ([[Air France]]).\n\n== Γεννήσεις ==\n*[[1243]] - [[Ιάκωβος Β΄ της Μαγιόρκας|Ιάκωβος Β΄]], βασιλιάς της Μαγιόρκας\n*[[1443]] - [[Μαργαρίτα Μπωφόρ]], κόμισσα του Ρίτσμοντ και του Ντέρμπι\n*[[1469]] - [[Εμμανουήλ Α΄ της Πορτογαλίας|Εμμανουήλ Α΄]], βασιλιάς της Πορτογαλίας\n*[[1641]] - [[Δοσίθεος Β΄ Ιεροσολύμων|Δοσίθεος Β΄]], Πατριάρχης Ιεροσολύμων\n*[[1656]] - [[Μαρέν Μαραί]], Γάλλος συνθέτης\n*[[1683]] - [[Ζαν-Πιέρ Κριστέν]], Γάλλος φυσικός\n*[[1754]] - [[Αντρέα Απιάνι]], Ιταλός ζωγράφος\n*[[1819]] - [[Ουώλτ Ουίτμαν]], Αμερικανός ποιητής\n*[[1850]] - [[Αλφόνς Πενώ]], Γάλλος εφευρέτης\n*[[1857]] - [[Πάπας Πίος ΙΑ΄]]\n*[[1887]] - [[Σαιν-Τζον Περς]], Γάλλος διπλωμάτης και συγγραφέας\n*[[1892]] - [[Γκρέγκορ Στράσερ]], Γερμανός πολιτικός\n*[[1896]] - [[Έρνεστ Χάλερ]], Αμερικανός κινηματογραφιστής\n*[[1898]] - [[Νόρμαν Βίνσεντ Πήιλ]], Αμερικανός συγγραφέας\n*[[1923]] - [[Ρενιέ Γ΄ του Μονακό|Ρενιέ Γ΄]], πρίγκιπας του Μονακό\n*[[1930]] - [[Κλιντ Ίστγουντ]], Αμερικανός ηθοποιός και σκηνοθέτης\n*[[1940]] - [[Ανατόλι Μπονταρτσούκ]], Σοβιετικός σφυροβόλος\n*[[1942]] - [[Μίνως Κυριακού]], Έλληνας επιχειρηματίας\n*[[1944]] - [[Ιγιάντ Αλάουι]], Ιρακινός πολιτικός\n*[[1945]] - [[Λοράν Γκμπαγκμπό]], πρόεδρος της Ακτής Ελεφαντοστού\n*[[1945]] - [[Ράινερ Βέρνερ Φασμπίντερ]], Γερμανός σκηνοθέτης\n*[[1948]] - [[Τζον Μπόναμ]], Άγγλος μουσικός ([[Led Zeppelin]])\n*[[1954]] - [[Θωμάς Μαύρος]], Έλληνας ποδοσφαιριστής\n*[[1955]] - [[Γιάννης Κούτρας]], Έλληνας τραγουδιστής\n*[[1956]] - [[Πάνος Φειδάκης]], Έλληνας ζωγράφος\n*[[1957]] - [[Σίντι Μοχάμεντ Ουλντ Μπουμπακάρ]], Μαυριτανός πολιτικός\n*[[1963]] - [[Βίκτορ Όρμπαν]], Ούγγρος πολιτικός\n*[[1974]] - [[Κενάν Ντογουλού]], Τούρκος τραγουδιστής\n*[[1975]] - [[Γιασουμής Γιασουμή]], Κύπριος ποδοσφαιριστής\n*[[1976]] - [[Κόλιν Φάρελ]], Ιρλανδός ηθοποιός\n*[[1977]] - [[Θεόδωρος Μπάεφ]], Βούλγαρος πετοσφαιριστής\n*[[1977]] - [[Έρικ Κρίστιαν Όλσεν]], Αμερικανός ηθοποιός\n*[[1981]] - [[Μίκαελ Άντονσον]], Σουηδός ποδοσφαιριστής\n*[[1985]] - [[Ίαν Βουγιούκας]], Έλληνας καλαθοσφαιριστής\n*[[1989]] - [[Μάρκο Ρόις]], Γερμανός ποδοσφαιριστής\n\n== Θάνατοι ==\n*[[1321]] - [[Μπίργιερ, βασιλιάς της Σουηδίας]]\n*[[1410]] - [[Μαρτίνος της Αραγωνίας|Μαρτίνος]], βασιλιάς της Αραγωνίας\n*[[1594]] - [[Τιντορέττο]], Ιταλός ζωγράφος\n*[[1740]] - [[Φρειδερίκος Γουλιέλμος Α΄ της Πρωσίας|Φρειδερίκος Γουλιέλμος Α΄]], βασιλιάς της Πρωσίας\n*[[1809]] - [[Ζαν Λαν]], Γάλλος στρατάρχης\n*[[1809]] - [[Γιόζεφ Χάυντν]], Αυστριακός συνθέτης\n*[[1832]] - [[Εβαρίστ Γκαλουά]], Γάλλος μαθηματικός\n*[[1914]] - [[Άντζελο Μοριόντο]], Ιταλός εφευρέτης\n*[[1945]] - [[Οντίλο Γκλομπότσνικ]], Αυστριακός αξιωματικός των SS\n*[[1953]] - [[Βλαντιμίρ Τάτλιν]], Σοβιετικός ζωγράφος και αρχιτέκτονας\n*[[1954]] - [[Αντώνης Μπενάκης]], Έλληνας πολιτικός\n*[[1957]] - [[Στέφανος Σαράφης]], Έλληνας στρατιωτικός\n*[[1962]] - [[Άντολφ Άιχμαν]], Γερμανός αξιωματικός των SS\n*[[1963]] - [[Έντιθ Χάμιλτον]], Γερμανοαμερικανίδα συγγραφέας\n*[[1975]] - [[Γεώργιος Παπαδημητρακόπουλος]], Έλληνας πολιτικός\n*[[1983]] - [[Τζακ Ντέμπσι]], Αμερικανός πυγμάχος \n*[[1996]] - [[Τίμοθι Λίρι]], Αμερικανός ψυχολόγος και συγγραφέας\n*[[2000]] - [[Νικόλαος Οικονομίδης (βυζαντινολόγος)|Νικόλαος Οικονομίδης]], Έλληνας βυζαντινολόγος\n*[[2009]] - [[Μιλβίνα Ντιν]], Αγγλίδα επιζήσασα του ναυαγίου του Τιτανικού\n*[[2016]] - [[Μοχάμετ Αμπντελαζίζ]], πρόεδρος της Δυτικής Σαχάρας\n*[[2016]] - [[Κόρι Μπρόκεν]], Ολλανδή τραγουδίστρια\n*[[2016]] - [[Γεώργιος Ρωμοσιός]], Έλληνας αστυνομικός\n*[[2023]] - [[Θεόδωρος Πάγκαλος (πολιτικός)|Θεόδωρος Πάγκαλος]] Έλληνας πολιτικός,\n\n== Αργίες και εορτές ==\n* Παγκόσμια Ημέρα κατά του Καπνίσματος\n\n=== [[Ορθόδοξη Εκκλησία]] ===\n{{Πύλη:Ορθοδοξία/Εορτολόγιο/31 Μαΐου}}\n\n{{Μήνες}}\n\n[[Κατηγορία:Ημέρες του έτους]]"}}}]}]}}