{"batchcomplete":true,"query":{"normalized":[{"fromencoded":false,"from":"3_Δεκεμβρίου","to":"3 Δεκεμβρίου"}],"pages":[{"pageid":3731,"ns":0,"title":"3 Δεκεμβρίου","revisions":[{"slots":{"main":{"contentmodel":"wikitext","contentformat":"text/x-wiki","content":"{{Μήνες Δεκεμβρίου}}\n\n{{center|[[2 Δεκεμβρίου]] &#124; '''3 Δεκεμβρίου''' &#124; [[4 Δεκεμβρίου]]}}\n\n----\nΗ '''3η Δεκεμβρίου''' είναι η 337η ημέρα του έτους κατά το [[Γρηγοριανό ημερολόγιο]] (338η σε δίσεκτα έτη). Υπολείπονται 28 ημέρες.\n\n{{ΗμερολόγιοΣεΠίνακα|12}}\n\n== Γεγονότα ==\n*[[915]] - Ο [[Πάπας Ιωάννης Ι΄]] στέφει τον [[Βερεγγάριος Α΄ της Ιταλίας|Βερεγγάριο Α΄ της Ιταλίας]] [[Αυτοκράτορας της Αγίας Ρωμαϊκής Αυτοκρατορίας|αυτοκράτορα της Αγίας Ρωμαϊκής Αυτοκρατορίας]].\n*[[1799]] - Ο [[Αυστρία|αυστριακός]] στρατός νικά τον [[Πρώτη Γαλλική Αυτοκρατορία|γαλλικό]] στη μάχη του Βίσλοχ.\n*[[1800]] - Ο [[Γάλλοι|Γάλλος]] στρατηγός [[Ζαν Βικτόρ Μορό]] συντρίβει τον [[Ιωάννης, αρχιδούκας της Αυστρίας|αρχιδούκα Ιωάννη της Αυστρίας]] στη μάχη του Χόχενλιντεν, κοντά στο [[Μόναχο]].\n*[[1818]] - Το [[Ιλινόι]] γίνεται η 21η [[Πολιτείες των ΗΠΑ|πολιτεία των Η.Π.Α.]]\n*[[1834]] - Ο [[Γερμανικός Τελωνειακός Όμιλος]] πραγματοποιεί την πρώτη τακτική απογραφή στη [[Γερμανία]].\n*[[1854]] - Πάνω από 20 εργάτες ορυχείων χρυσού σκοτώνονται από στρατιώτες στο [[Μπαλαράτ]] της [[Βικτώρια (Αυστραλία)|Βικτώριας (Αυστραλία)]] σε μία εξέγερση για τις άδειες εξόρυξης.\n*[[1901]] - Ο [[Ηνωμένες Πολιτείες Αμερικής|Αμερικανός]] πρόεδρος [[Θεόδωρος Ρούζβελτ]] ζητά από το [[Κογκρέσο των Ηνωμένων Πολιτειών]] να περιορίσει τη δύναμη των τραστ «εντός λογικών ορίων».\n*[[1904]] - Ο [[Τσαρλς Ντίλον Περίν]] στο [[αστεροσκοπείο Λικ]] ανακαλύπτει το [[Δορυφόροι του Δία|δορυφόρο του Δία]] [[Ιμαλία (δορυφόρος)|Ιμαλία]].\n*[[1927]] - Κάνει πρεμιέρα η ταινία ''Φορώντας παντελόνια στον Φίλιπ'', η πρώτη ταινία με τον [[Χοντρός και Λιγνός|Χοντρό και Λιγνό]].\n*[[1944]] - [[Αθήνα]], [[Δεκεμβριανά]]. Υπάρχουν δύο εκδοχές. Η επίσημη εκδοχή της Κυβέρνησης του Γεώργιου Παπανδρέου αναφέρει ότι ο σταθμός της Αστυνομίας Πόλεων (Πανεπιστημίου και Βασιλίσσης Σοφίας), δέχθηκε επίθεση από ένοπλους αντάρτες-διαδηλωτές του ΕΑΜ και αμύνθηκε ανταποδίδοντας τα πυρά. Η εκδοχή της αριστεράς αναφέρει ότι κατόπιν εντολής του [[Άγγελος Έβερτ|Άγγελου Έβερτ]] και αναίτια η Αστυνομία Πόλεων χτυπά το συλλαλητήριο του [[ΕΑΜ]] στην [[Πλατεία Συντάγματος]]. Το αποτέλεσμα ήταν 30 νεκροί και πολλοί τραυματίες διαδηλωτές. Το γεγονός σηματοδοτεί την έναρξη του ένοπλου κινήματος του [[ΚΚΕ]] στην πρωτεύουσα, που θα διαρκέσει επί 33 ημέρες.\n*[[1959]] - Υιοθετείται η [[σημαία της Σιγκαπούρης]], έξι μήνες αφότου η [[Σιγκαπούρη]] έγινε αυτοδιοικούμενη εντός της [[Βρετανική Αυτοκρατορία|Βρετανικής αυτοκρατορίας]].\n*[[1967]] - Στο νοσοκομείο Χρόοτε Σχέερ του [[Κέιπ Τάουν]], στη [[Νότια Αφρική]], μία ομάδα μεταμόσχευσης με επικεφαλής τον [[Κρίστιαν Μπάρναρντ]] πραγματοποιεί την πρώτη μεταμόσχευση καρδιάς σε άνθρωπο (στον 53χρονο Λούις Βασκάνσκι).\n*[[1971]] - Ο Έλληνας [[Μητροπολίτης Γερμανίας Ιάκωβος Τζαναβάρης]], που ανέπτυσσε αντιδικτατορική δράση, σκοτώθηκε σετροχαίο κοντά στην πόλη [[Βύρτσμπουργκ]] της Γερμανίας.\n*[[1973]] - [[Πρόγραμμα Πάιονηρ]]: Ο [[Πάιονηρ 10]] στέλνει τις πρώτες κοντινές φωτογραφίες του [[Δίας (πλανήτης)|πλανήτη Δία]].\n*1992 - Παγκόσμια Ημέρα Ατόμων με Αναπηρία (International Day of Persons with Disabilities). καθιερώθηκε   με απόφαση της γενικής συνέλευσης του ΟΗΕ \n*[[1994]] - Η Sony κυκλοφορεί το [[PlayStation]].\n\n== Γεννήσεις ==\n*[[1368]] - [[Κάρολος ΣΤ΄ της Γαλλίας|Κάρολος ΣΤ΄]], βασιλιάς της Γαλλίας\n*[[1447]] - [[Βαγιαζίτ Β΄]], Οθωμανός σουλτάνος\n*[[1833]] - [[Δημήτριος Βερναρδάκης]], Έλληνας συγγραφέας\n*[[1844]] - [[Κωνσταντίνος Έσσλιν]], Έλληνας πολιτικός\n*[[1857]] - [[Τζόζεφ Κόνραντ]], Πολωνός συγγραφέας\n*[[1863]] - [[Γεώργιος Χατζανέστης]], Έλληνας στρατιωτικός\n*[[1880]] - [[Φέντορ φον Μποκ]], Γερμανός στρατάρχης\n*[[1883]] - [[Άντον Βέμπερν]], Αυστριακός συνθέτης\n*[[1886]] - [[Καρλ Μάνε Σίγκμπαν]], Σουηδός φυσικός\n*[[1895]] - [[Άννα Φρόυντ]], Αυστριακή ψυχαναλύτρια\n*[[1902]] - [[Μιτσούο Φουσίντα]], Ιάπωνας αεροπόρος\n*[[1908]] - [[Πρίγκιπας Πέτρος της Ελλάδας και της Δανίας]]\n*[[1911]] - [[Νίνο Ρότα]], Ιταλός συνθέτης\n*[[1917]] - [[Βίλχελμ Μπράσε]], Πολωνός φωτογράφος\n*[[1922]] - [[Σβεν Νίκβιστ]], Σουηδός κινηματογραφιστής\n*[[1923]] - [[Στέφαν Μπόμπεκ]], Γιουγκοσλάβος ποδοσφαιριστής και προπονητής\n*[[1930]] - [[Ζαν-Λυκ Γκοντάρ]], Γάλλος σκηνοθέτης\n*[[1948]] - [[Ozzy Osbourne]], Άγγλος τραγουδιστής ([[Black Sabbath]])\n*[[1952]] - [[Χρήστος Χατζησκουλίδης]], Έλληνας ποδοσφαιριστής\n*[[1958]] - [[Ελένη Κούρκουλα]], Ελληνίδα ηθοποιός και πολιτικός\n*[[1960]] - [[Τζούλιαν Μουρ]], Αμερικανίδα ηθοποιός\n*[[1961]] - [[Βισένς Ματέου Ζαμόρα]], Ανδορρανός πολιτικός\n*[[1965]] - [[Άντριου Στάντον]], Αμερικανός σκηνοθέτης\n*[[1969]] - [[Μπιλ Στιρ]], Άγγλος μουσικός\n*[[1969]] - [[Τόμας Φόρστνερ]], Αυστριακός τραγουδιστής\n*[[1970]] - [[Κριστιάν Καρεμπέ]], Γάλλος ποδοσφαιριστής\n*[[1981]] - [[Γιάννης Αμανατίδης (ποδοσφαιριστής)|Γιάννης Αμανατίδης]], Έλληνας ποδοσφαιριστής\n*[[1981]] - [[Νταβίντ Βίγια]], Ισπανός ποδοσφαιριστής\n*[[1982]] - [[Μικαέλ Εσιέν]], Γκανέζος ποδοσφαιριστής\n*[[1984]] - [[Αβραάμ Παπαδόπουλος]], Έλληνας ποδοσφαιριστής\n*[[1985]] - [[Αμάντα Σάιφρεντ]], Αμερικανίδα ηθοποιός\n*[[1997]] - [[Χέιλι Οκάινς]], Αγγλίδα ακτιβίστρια\n*[[2005]] - [[Σβέρε Μάγκνους της Νορβηγίας|Σβέρε Μάγκνους]], πρίγκιπας της Νορβηγίας\n\n== Θάνατοι ==\n*[[311]] - [[Διοκλητιανός]], Ρωμαίος αυτοκράτορας\n*[[1137]] - [[Λοθάριος Γ΄ Σούπλινμπουργκ]], αυτοκράτορας της Αγίας Ρωμαϊκής Αυτοκρατορίας\n*[[1154]] - [[Πάπας Αναστάσιος Δ΄]]\n*[[1533]] - [[Βασίλειος Γ΄ της Ρωσίας]], μέγας πρίγκιπας της Μόσχας\n*[[1585]] - [[Τόμας Τάλις]], Άγγλος συνθέτης\n*[[1659]] - [[Γαβριήλ Β΄]], Πατριάρχης Κωνσταντινουπόλεως\n*[[1824]] - [[Πάνος Κολοκοτρώνης]], Έλληνας αγωνιστής\n*[[1888]] - [[Καρλ Τσάις]], Γερμανός κατασκευαστής φακών\n*[[1894]] - [[Ρόμπερτ Λούις Στίβενσον]], Σκωτσέζος συγγραφέας\n*[[1919]] - [[Πιερ Ωγκύστ Ρενουάρ]], Γάλλος ζωγράφος\n*[[1932]] - [[Λάμπρος Πορφύρας]], Έλληνας ποιητής\n*[[1935]] - [[Σαρλ Ρισέ]], Γάλλος φυσιολόγος\n*[[1941]] - [[Πάβελ Φιλόνοφ]], Ρώσος ζωγράφος\n*[[1942]] - [[Άρτουρ Μπέρσον]], Γερμανός μετεωρολόγος\n*[[1944]] - [[Πρίγκιπας Ανδρέας της Ελλάδας]]\n*[[1956]] - [[Αλεξάντερ Ροντσένκο]], Ρώσος ζωγράφος και φωτογράφος\n*[[1971]] - [[Μητροπολίτης Γερμανίας Ιάκωβος Τζαναβάρης]], Έλληνας επίσκοπος\n*[[1980]] - [[Όσβαλντ Μόσλι]], Βρετανός πολιτικός\n*[[1988]] - [[Πάνος Γαβαλάς]], Έλληνας τραγουδιστής\n*[[1989]] - [[Σουρού-Μιγκάν Απιτί]], πρόεδρος της Δαχομέης\n*[[1995]] - [[Γεώργιος Χατζηαντωνίου]], Έλληνας συγγραφέας\n*[[1996]] - [[Λάμπρος Ευταξίας]], Έλληνας πολιτικός\n*[[1996]] - [[Ζωρζ Ντιμπί]], Γάλλος ιστορικός\n*[[1999]] - [[Σκάτμαν Τζον]], Αμερικανός τραγουδιστής\n*[[2007]] - [[Γιάννης Σταμούλης]], Έλληνας πολιτικός\n*[[2014]] - [[Κώστας Λινοξυλάκης]], Έλληνας ποδοσφαιριστής\n*[[2018]] - [[Αντρέι Μπίτοφ]], Ρώσος λογοτέχνης\n\n== Αργίες και εορτές ==\n{{commonscat|3 December}}\nΠαγκόσμια ημέρα των ανάπηρων \n\n=== [[Ορθόδοξη Εκκλησία]] ===\n{{Πύλη:Ορθοδοξία/Εορτολόγιο/3 Δεκεμβρίου}}\n\n{{Μήνες}}\n\n[[Κατηγορία:Ημέρες του έτους]]"}}}]}]}}