{"batchcomplete":true,"query":{"normalized":[{"fromencoded":false,"from":"3_Οκτωβρίου","to":"3 Οκτωβρίου"}],"pages":[{"pageid":3348,"ns":0,"title":"3 Οκτωβρίου","revisions":[{"slots":{"main":{"contentmodel":"wikitext","contentformat":"text/x-wiki","content":"{{Μήνες Οκτωβρίου}}\n\n<center>[[2 Οκτωβρίου]] | '''3 Οκτωβρίου''' | [[4 Οκτωβρίου]]</center>\n\n----\n{{ΗμερολόγιοΣεΠίνακα|10}}\nΗ '''3η Οκτωβρίου''' είναι η 276η ημέρα του έτους κατά το [[Γρηγοριανό ημερολόγιο]] (277η σε δίσεκτα έτη). Υπολείπονται 89 ημέρες.\n\n== Γεγονότα ==\n*[[42 π.Χ.]] - [[Μάχη των Φιλίππων|Πρώτη Μάχη των Φιλίππων]]: Ο [[Μάρκος Αντώνιος]] και ο [[Οκταβιανός Αύγουστος|Οκταβιανός]] δίνουν αποφασιστική μάχη με τους δολοφόνους του [[Ιούλιος Καίσαρας|Ιούλιου Καίσαρα]], [[Βρούτος|Βρούτο]] και [[Γάιος Κάσσιος Λογγίνος|Κάσσιο]].\n*[[382]] - Ο αυτοκράτορας [[Θεοδόσιος Α΄]] συνάπτει [[συνθήκη ειρήνης]] με τους [[Γότθοι|Γότθους]] και τους επιτρέπει να εγκατασταθούν στα [[Βαλκάνια]] σε αντάλλαγμα τη στρατιωτική θητεία. \n*[[1739]] - Η [[Οθωμανική Αυτοκρατορία]] και η [[Ρωσία]] υπογράφουν τη [[συνθήκη της Νις]] δίνοντας τέλος στον [[Ρωσοτουρκικός πόλεμος (1735-1739)|ρωσοτουρκικό πόλεμο του 1735-1739]].\n*[[1849]] - Ο Αμερικανός συγγραφέας [[Έντγκαρ Άλλαν Πόε]] βρίσκεται υπό μυστηριώδεις συνθήκες σε παραληρηματική κατάσταση στη [[Βαλτιμόρη]]. Είναι η τελευταία φορά που εμφανίζεται δημοσίως πριν το θάνατό του. \n*[[1918]] - Ο [[Μπορίς Γ΄ της Βουλγαρίας|Μπορίς Γ΄]] ανεβαίνει στο θρόνο της [[Βουλγαρία]]ς.\n*[[1922]] - Ο Μητροπολίτης [[Γρηγόριος Κυδωνιών]] μετά από βασανισμούς, σφαγιάζεται μαζί με δεκάδες άλλους Έλληνες [[Μικρασιάτες]] ιερείς και κατοίκους στο [[Αϊβαλί|Αϊβαλί (Κυδωνιές)]] της Μικράς Ασίας από τον κεμαλικό στρατό.\n*[[1929]] - Το Βασίλειο των Σέρβων, Κροατών και Σλοβένων μετονομάζεται σε [[Βασίλειο της Γιουγκοσλαβίας]].\n*[[1932]] - Το [[Ιράκ]] αποκτά την ανεξαρτησία του από το [[Ηνωμένο Βασίλειο]].\n*[[1935]] - [[Β΄ Ιταλο-Αιθιοπικός Πόλεμος]]: Οι [[Ιταλία|Ιταλοί]] εισβάλλουν στην [[Αιθιοπία]] υπό το στρατηγό [[Εμίλιο Ντε Μπόνο]].\n*[[1962]] - [[Πρόγραμμα Μέρκιουρι]]: Εκτοξεύεται από το ακρωτήριο Κανάβεραλ το Σίγμα 7 με τον [[Αστροναύτης|αστροναύτη]] Γουόλι Σίρα, για να πραγματοποιήσει έξι περιστροφές γύρω από τη [[Γη]] σε μία πτήση εννέα ωρών.\n*[[1966]] - Αρχίζει στο Κακουργιοδικείο Θεσσαλονίκης η δίκη για τη δολοφονία του [[Γρηγόρης Λαμπράκης|Γρηγόρη Λαμπράκη]].\n*[[1970]] - Αυτοσχέδια βόμβα εκρήγνυται σε απόσταση 50 μέτρων από το γραφείο του δικτάτορα [[Γεώργιος Παπαδόπουλος|Γεώργιου Παπαδόπουλου]], κατά τη διάρκεια συνάντησής του με τον [[Ηνωμένες Πολιτείες Αμερικής|Αμερικανό]] υπουργό Άμυνας Μέλβιν Λερντ. Συλλαμβάνεται ως δράστης ο 54χρονος δικηγόρος Ι. Κορωναίος.\n* [[1985]] - Κάνει την πρώτη του πτήση το [[Διαστημικό Λεωφορείο Ατλαντίς]] (αποστολή STS-51-J).\n* [[1989]] - Αποτυχημένη απόπειρα πραξικοπήματος στον Παναμά από το Νοριέγκα\n* [[1990]] - Η [[Ανατολική Γερμανία]] γίνεται μέρος της[[Γερμανία|Ομοσπονδιακής Δημοκρατίας της Γερμανίας]] (''Ενοποίηση''). Η μέρα αυτή γίνεται ομοσπονδιακή γιορτή.\n* [[1991]] - Πραξικόπημα στην [[Αϊτή]] ανατρέπει τον Πρόεδρο Αριστίντ. Την εξουσία καταλαμβάνει στρατιωτική χούντα. Περισσότεροι από 150 νεκροί σε σφαγές.\n* 1991 - Το Νόμπελ Λογοτεχνίας απονέμεται στη συγγραφέα της Νότιας Αφρικής [[Ναντίν Γκορντιμέρ]], την πρώτη γυναίκα που κερδίζει το Νόμπελ Λογοτεχνίας μετά από 25 χρόνια.\n* [[1992]] - Η [[Σινέντ Ο’ Κόνορ]] σκίζει δημόσια μια φωτογραφία του Πάπα.\n* 1992 - Ένα άγνωστο έργο του [[Τζέιμς Τζόις]], με τον τίτλο \"Finn's Hotel\", ανακαλύπτει μελετητής του Ιρλανδού συγγραφέα.\n* [[1993]] - Ο Πρόεδρος της Ρωσίας Γιέλτσιν διορίζει Πρωθυπουργό το Βίκτορ Τσερνομίρντιν. Ξεσπούν βίαιες συγκρούσεις κατά της κυβέρνησης, με οδοφράγματα έξω από το [[Κρεμλίνο της Μόσχας|Κρεμλίνο]] και περισσότερους από 187 νεκρούς.\n* 1993 - Στο [[Αζερμπαϊτζάν]], Πρόεδρος εκλέγεται ο Γκ. Αλίγιεφ.\n* 1993 - Καταρρίψεις αμερικανικών αεροσκαφών και φόνοι 18 αμερικανών στρατιωτών και περίπου 2.000 Σομαλών στη [[Σομαλία]] (η «[[Αλ Κάιντα]]» ισχυρίστηκε ότι έπραξε αυτά). Λίγο αργότερα, οι αμερικανικές δυνάμεις αποχωρούν από τη Σομαλία.\n* [[1994]] - Στο [[Βιετνάμ]], οι καταστροφικές πλημμύρες προκαλούν το θάνατο 94 ανθρώπων και καταστροφές αξίας 53 εκατομμυρίων δολαρίων.\n* 1994 - Το βιβλίο της Ζυράννας Ζατέλη \"Και με το φως του λύκου επανέρχονται\" συμπεριλαμβάνεται στα έξι που έφτασαν στην τελική επιλογή για το Ευρωπαϊκό Βραβείο Λογοτεχνίας \"Αριστείον\".\n* [[1995]] - Δολοφονική απόπειρα κατά του Προέδρου [[Κίρο Γκλιγκόροφ]] της [[Πρώην Γιουγκοσλαβική Δημοκρατία της Μακεδονίας|πρώην Γιουγκοσλαβικής Δημοκρατίας της Μακεδονίας]], με παγιδευμένο αυτοκίνητο, αποτυγχάνει (ο Πρόεδρος τραυματίζεται ενώ σκοτώνεται ο οδηγός του και τραυματίζονται 4 άλλα άτομα).\n* 1995 -Δικαστήριο στις [[ΗΠΑ]] αθωώνει τον πυγμάχο [[Τζέιμς Σίμπσον]], από την κατηγορία της δολοφονίας της πρώην συζύγου του και του φίλου της. Την ανακοίνωση της ετυμηγορίας παρακολουθούν σε απευθείας μετάδοση 135 εκατομ. Αμερικανοί.\n* [[1996]] -Ο Γάλλος ποδοσφαιριστής [[Manuel Amoros]] αναγκάζεται να εγκαταλείψει την ενεργό δράση σε ηλικία 34 ετών λόγω αρθρίτιδας. Στην 10χρονη καριέρα του ως διεθνής έχει συμμετάσχει σε δύο τελικούς παγκοσμίου κυπέλλου το 1982 και 1986 και έχει κατακτήσει το Ευρωπαϊκό Πρωτάθλημα το 1984.\n* 1996 - Το Νόμπελ Λογοτεχνίας απονέμεται στην Πολωνέζα ποιήτρια [[Βισλάβα Ζιμπόρσκα]], 73 ετών.\n* [[1998]] - Το κυβερνών κόμμα του Τζον Χάουαρντ κερδίζει, με οριακή πλειοψηφία, τις γενικές εκλογές στην Αυστραλία.\n* 1998 - Στη [[Λετονία]], η Αντιπολίτευση κερδίζει τις βουλευτικές εκλογές. Στο ταυτόχρονο δημοψήφισμα, οι κάτοικοι τάσσονται υπέρ της χορήγησης λετονικής ιθαγένειας σε μειονοτικούς Ρώσους.\n* 1998 - Ο Πάπας ανακηρύσσει σε άγιο τον αμφιλεγόμενο επίσκοπο της Κροατίας, [[Αλόισε Στέπινιακ]].\n* 1998 - Πωλείται σε δημοπρασία στην [[Γκρενόμπλ]], τούφα από τα μαλλιά του βασιλιά Λουδοβίκου ΙΣΤ΄ της Γαλλίας (καρατομήθηκε το [[1793]] - η τούφα διασώθηκε από άτομο που ήταν παρών στην εκτέλεση του Λουδοβίκου).\n* [[1999]] - Στις βουλευτικές εκλογές της Αυστρίας, ανησυχητική νίκη πετυχαίνουν οι Ακροδεξιοί (Κόμμα Ελευθέρων του Χάιντερ, με 52 από τις 183 έδρες) και πρώτο κόμμα (με απώλειες) το Σοσιαλδημοκρατικό Κόμμα (65 έδρες).\n* 1999 - Πρόεδρος της Αμπχαζίας στις παράνομες εκλογές εκλέγεται ξανά ο [[Βλαντισλάβ Αρζίμπα]].\n* 1999 - Πέμπτη και τελική φάση των βουλευτικών εκλογών στην [[Ινδία]]. Η Εθνική Δημοκρατική Συμμαχία (BJP) κερδίζει νίκη με 298 έδρες.\n* [[2001]] - Οι [[Ταλιμπάν]] ζητούν διαπραγματεύσεις με τους Αμερικανούς, ενόψει των στρατιωτικών αντιποίνων. Οι [[ΗΠΑ]] αρνούνται κάθε διαπραγμάτευση. Στο μεταξύ, οι ΗΠΑ εντόπισαν 23 στρατόπεδα εκπαίδευσης τρομοκρατών.\n* 2001 - Ο Αυστραλός [[Σουρέζ Γουαχίμ]], προκειμένου να εξασφαλίσει μία θέση στο βιβλίο Γκίνες, περπατά 100 μέτρα έχοντας πάνω στο κεφάλι του ένα μπουκάλι [[γάλα]].\n* [[2002]] - Σε ισόβια μετατρέπεται η θανατική ποινή του Κούρδου ηγέτη [[Αμπντουλά Οτσαλάν]], με απόφαση τουρκικού δικαστηρίου.\n* 2002 - Αναβάλλεται η επιστροφή των επιθεωρητών του ΟΗΕ στο Ιράκ, μέχρι να τους δοθούν νέες οδηγίες. Πέντε πολίτες του Ιράκ σκοτώνονται και 11 τραυματίζονται σε νέες αεροπορικές επιδρομές, στο νότιο Ιράκ.\n* [[2003]] - Αρχίζει να λειτουργεί το μεγαλύτερο [[τζαμί]] στη Δυτική Ευρώπη, το οποίο διαθέτει τρούλο διαμέτρου 15,5 μέτρων και είναι χωρητικότητας τουλάχιστον 10.000 πιστών, στην πόλη Mόρντεν (το Μπαϊτούλ Φουτούχ Τζαμί, εξ ολοκλήρου δωρεά μουσουλμάνων ιδιωτών).\n* 2003 - Σε ριάλιτι σόου της τηλεόρασης της χώρας του, παρουσιάζει τα μέτρα λιτότητας, ο Πρόεδρος της Κολομβίας Αλβάρο Ουρίμπε.\n* 2003 - Ένας αστεροειδής με διάμετρο έως και δέκα μέτρα πέρασε τα ξημερώματα πλησιέστερα στη Γη από οποιονδήποτε άλλον, αλλά έγινε αντιληπτός περίπου 10 ώρες αργότερα από Αμερικανούς αστρονόμους.\n* [[2004]] - Συλλαμβάνεται από τις γαλλικές αρχές ο φερόμενος ως αρχηγός της ΕΤΑ, Μικέλ Άτζα.\n* 2004 - Την ήττα του στις βουλευτικές εκλογές στη Σλοβενία παραδέχεται ο Πρωθυπουργός, Άντον Ροπ.\n* 2004 - Ο Πάπας Ιωάννης Παύλος Β΄ αγιοποιεί 5 πρόσωπα, ανάμεσά τους τον Κάρολο Α΄, τελευταίο Αυτοκράτορα της Αυστρουγγαρίας, σε τελετή στη Ρώμη. Έτσι, ο [[Πάπας]] αυτός φτάνει τις 1.340 αγιοποιήσεις και γίνεται ο Πάπας με τις περισσότερες ανακηρύξεις ατόμων σε αγίους από όλους τους προκατόχους του συνολικά.\n* [[2005]] - Πραγματοποιείται δακτυλιοειδής [[έκλειψη ηλίου]], η πρώτη έπειτα από 241 χρόνια για την Ιβηρική Χερσόνησο (η επόμενη τέτοια έκλειψη θα γίνει το 2028).\n* [[2006]]- Αεροπειρατεία σε τουρκικό αεροπλάνο έχει αίσιο τέλος στην [[Ιταλία]]. Η αεροπειρατεία έλαβε χώρα την ώρα που το αεροσκάφος βρισκόταν στο FIR Αθηνών και ενώ εκτελούσε το δρομολόγιο Τίρανα-Κωνσταντινούπολη. Ελληνικά F-16 το συνόδευσαν έως τα όρια του [[FIR]] και αυτό κατέληξε στην Ιταλία. Ο δράστης παραδόθηκε και ζήτησε πολιτικό άσυλο.\n\n== Γεννήσεις ==\n*[[786]] - [[Αυτοκράτορας Σάγκα|Σάγκα]], αυτοκράτορας της Ιαπωνίας\n*[[1390]] - [[Χάμφρεϊ, δούκας του Γκλόστερ]]\n*[[1797]] - [[Λεοπόλδος Β΄, Μέγας Δούκας της Τοσκάνης]]\n*[[1804]] - [[Αλλάν Καρντέκ]], Γάλλος ιδρυτής του [[Πνευματισμός|πνευματισμού]]\n*[[1854]] - [[Ουίλιαμ Κρόουφορντ Γκόργκας]], Αμερικανός ιατρός και στρατηγός\n*[[1869]] - [[Άλφρεντ Φλάτοβ]], Γερμανός γυμναστής\n*[[1886]] - [[Αλαίν-Φουρνιέ]], Γάλλος συγγραφέας\n*[[1889]] - [[Καρλ φον Οσιέτσκι]], Γερμανός ειρηνιστής\n*[[1895]] - [[Σεργκέι Γεσένιν]], Ρώσος ποιητής\n*[[1896]] - [[Χεράρδο Ντιέγο]], Ισπανός ποιητής\n*[[1897]] - [[Λουί Αραγκόν]], Γάλλος συγγραφέας\n*[[1898]] - [[Λίο ΜακΚάρεϊ]], Αμερικανός σκηνοθέτης\n*[[1939]] - [[Μπομπ Άρμστρονγκ]], Αμερικανός παλαιστής\n*[[1943]] - [[Γιότζι Γιαμαμότο]], Ιάπωνας σχεδιαστής μόδας\n*[[1945]] - [[Βίκτορ Σανέγιεφ]], Γεωργιανός αθλητής\n*[[1947]] - [[Τάκης Μίχαλος]], Έλληνας υδατοσφαιριστής\n*[[1952]] - [[Μαριάννα Τόλη]], Ελληνίδα ηθοποιός και τραγουδίστρια\n*[[1954]] - [[Στίβι Ρέι Βον]], Αμερικανός τραγουδιστής και κιθαρίστας\n*[[1964]] - [[Κλάιβ Όουεν]], Άγγλος ηθοποιός\n*[[1969]] - [[Γκουέν Στεφάνι]], Αμερικανίδα τραγουδίστρια\n*[[1970]] - [[Νίκος Κωστένογλου]], Έλληνας ποδοσφαιριστής\n*[[1973]] - [[Νιβ Κάμπελ]], Καναδή ηθοποιός\n*[[1979]] - [[Τζον Χένιγκαν]], Αμερικανός παλαιστής\n*[[1981]] - [[Ζλάταν Ιμπραΐμοβιτς]], Σουηδός ποδοσφαιριστής\n*[[1983]] - [[Ανδρέας Παπαθανασίου]], Κύπριος ποδοσφαιριστής\n*[[1984]] - [[Άσλι Σίμπσον]], Αμερικανίδα τραγουδίστρια και ηθοποιός\n*[[1987]] - [[Σουλέικα Ριβέρα Μεντόσα]], Πορτορικανή ηθοποιός και μοντέλο\n*[[1988]] - [[Αλίσια Βικάντερ]], Σουηδή ηθοποιός\n\n== Θάνατοι ==\n*[[42 π.Χ.]] - [[Γάιος Κάσσιος Λογγίνος]], Ρωμαίος συγκλητικός\n*[[1226]] - [[Φραγκίσκος της Ασίζης]], Ιταλός άγιος\n*[[1341]] - [[Μάρθα της Δανίας]], βασίλισσα της Σουηδίας\n*[[1568]] - [[Ελισάβετ των Βαλουά]], βασίλισσα της Ισπανίας\n*[[1570]] - [[Χιερόνυμους Κοκ]], Φλαμανδός ζωγράφος και χαράκτης\n*[[1611]] - [[Κάρολος Α΄ του Μαγιέν|Κάρολος Α']], δούκας του Μαγιέν\n*[[1898]] - [[Βλάσιος Σκορδέλης]], Έλληνας εκπαιδευτικός\n*[[1922]] - [[Γρηγόριος Κυδωνιών|Γρηγόριος Ωρολογάς]], Έλληνας Μητροπολίτης Κυδωνιών\n*[[1929]] - [[Γκούσταβ Στρέζεμαν]], Γερμανός πολιτικός\n*[[1932]] - [[Μαξ Βολφ]], Γερμανός αστρονόμος\n*[[1937]] - [[Μπέιντεν Μπέιντεν-Πάουελ]], Βρετανός αεροπόρος\n*[[1967]] - [[Πίντο Κόλβιγκ]], Αμερικανός ηθοποιός\n*[[1969]] - [[Σκιπ Τζέιμς]], Αμερικανός τραγουδιστής και κιθαρίστας\n*[[1979]] - [[Νίκος Πουλαντζάς]], Έλληνας κοινωνιολόγος\n*[[1987]] - [[Ζαν Ανούιγ]], Γάλλος σεναριογράφος\n*[[1993]] - [[Κατερίνα Γώγου]], Ελληνίδα ηθοποιός και συγγραφέας\n*[[1999]] - [[Άκιο Μορίτα]], Ιάπωνας επιχειρηματίας\n*[[2001]] - [[Κώστας Χατζηχρήστος]], Έλληνας ηθοποιός\n*[[2006]] - [[Πίτερ Νόρμαν]], Αυστραλός δρομέας\n*[[2013]] - [[Σεργκέι Μπέλοφ]], Ρώσος καλαθοσφαιριστής και προπονητής\n*[[2017]] - [[Τζαλάλ Ταλαμπανί]], Ιρακινός πολιτικός\n*2021-[[wikidata:Q108783101|Δημήτρης Σαμαρτζής]] Έλληνας τραγουδιστής\n*2021-[[wikidata:Q772086|Τοντ Άκιν]] Αμερικανός πολιτικός\n*2021-[[Μπερνάρ Ταπί]]  Γάλλος επιχειρηματίας, \n*2021-Μαρκ Πίλτσερ Βρετανός κομμωτής και μακιγιέρ. \n\n== Αργίες και εορτές ==\n* Εθνική Ημέρα στο [[Ιράκ]], για την ανεξαρτησία του Ιράκ από τη Μεγάλη Βρετανία το [[1932]]\n* «Ημέρα Θεμελιώσεως του `Εθνους» ή ''Gaecheonjeol'' στη [[Νότια Κορέα]] (αργία)\n* Εορτασμός της λήξεως της πολιορκίας του [[Λέιντεν]] (μόνο στην πόλη)\n* «Ημέρα των Στρατιωτών» ή Morazán στην [[Ονδούρα]]\n\n=== [[Ορθόδοξη Εκκλησία]] ===\n{{Πύλη:Ορθοδοξία/Εορτολόγιο/3 Οκτωβρίου}}\n\n{{Μήνες}}\n\n[[Κατηγορία:Ημέρες του έτους]]"}}}]}]}}