{"batchcomplete":true,"query":{"normalized":[{"fromencoded":false,"from":"3_Σεπτεμβρίου","to":"3 Σεπτεμβρίου"}],"pages":[{"pageid":8005,"ns":0,"title":"3 Σεπτεμβρίου","revisions":[{"slots":{"main":{"contentmodel":"wikitext","contentformat":"text/x-wiki","content":"{{Μήνες Σεπτεμβρίου}}\n\n<center>[[2 Σεπτεμβρίου]] | '''3 Σεπτεμβρίου''' | [[4 Σεπτεμβρίου]]</center>\n\n----\n{{ΗμερολόγιοΣεΠίνακα|9}}\nΗ '''3η Σεπτεμβρίου''' είναι η 246η ημέρα του έτους κατά το [[Γρηγοριανό ημερολόγιο]] (247η σε δίσεκτα έτη). Υπολείπονται 119 ημέρες.\n\n== Γεγονότα ==\n*[[36 π.Χ.]] - Ο [[Μάρκος Βιψάνιος Αγρίππας]], [[ναύαρχος]] του [[Οκταβιανός Αύγουστος|Οκταβιανού]], νικά τον Σέξτο Πομπήιο, γιο του [[Πομπήιος|Πομπήιου]], στη ναυμαχία του Ναύλοχου. \n*[[301]] - Ιδρύεται το κράτος του [[Άγιος Μαρίνος|Αγίου Μαρίνου]], ένα από [[Κατάλογος χωρών ανά έκταση|τα μικρότερα κράτη στον κόσμο]] και η παλαιότερη [[Πολιτεία (έννοια)|δημοκρατία]] που εξακολουθεί να υφίσταται.\n*[[590]] - Εκλέγεται [[Πάπας]] ο [[Πάπας Γρηγόριος Α΄|Γρηγόριος Α΄]] (Γρηγόριος ο Μέγας).\n*[[863]] - Σημαντική νίκη των [[Βυζαντινή Αυτοκρατορία|Βυζαντινών]] εναντίον των [[Άραβες|Αράβων]] στη Μάχη του Λαλακάοντος.\n*[[1189]] - Ο [[Ριχάρδος ο Λεοντόκαρδος]] στέφεται βασιλιάς της [[Αγγλία]]ς στο [[Αββαείο του Ουέστμινστερ]].  \n* [[1783]] - Η [[Μεγάλη Βρετανία]] και οι [[ΗΠΑ]] υπογράφουν στο [[Παρίσι]] ειρήνη, τερματίζοντας έτσι τον πόλεμο της ανεξαρτησίας των ΗΠΑ, και αναγνωρίζοντάς την ως ανεξάρτητη χώρα.\n*[[1826]] - Καταπλέει στο [[Ναύπλιο]] το πρώτο ατμοκίνητο [[Ελλάδα|ελληνικό]] πολεμικό πλοίο, η ''[[Καρτερία (ατμόπλοιο)|Καρτερία]]'', με πλοίαρχο τον [[Αγγλία|Άγγλο]] φιλέλληνα [[Φρανκ Χέιστινγκς]], ο οποίος είχε συνεισφέρει οικονομικά για τη ναυπήγησή του. \n* [[1843]] - [[Επανάσταση της 3ης Σεπτεμβρίου]]. Ο βασιλιάς [[Όθων της Ελλάδας|Όθωνας]] υπογράφει το πρώτο [[Σύνταγμα]] της [[Ελλάδα]]ς.\n* [[1878]] - Ναυάγιο στον [[Τάμεσης|Τάμεση]] με 640 και πλέον νεκρούς έπειτα από σύγκρουση δύο πλοίων.\n* [[1922]] - Τα εναπομείναντα [[Μικρασιατική Εκστρατεία|ελληνικά στρατεύματα]] εγκαταλείπουν τη [[Μικρά Ασία]].\n* [[1938]] - Ιδρύεται η [[Τέταρτη Διεθνής]], υπό την ηγεσία του [[Λέων Τρότσκι|Τρότσκι]].\n* [[1939]] - [[Β΄ Παγκόσμιος Πόλεμος]]: η [[Μεγάλη Βρετανία]] κηρύσσει τον πόλεμο κατά της [[Ναζιστική Γερμανία|ναζιστικής Γερμανίας]]. Η [[Γαλλία]], η [[Αυστραλία]] και η [[Νέα Ζηλανδία]] ακολουθούν αυθημερόν το παράδειγμα της Μεγάλης Βρετανίας. \n* [[1943]] - [[Β΄ Παγκόσμιος Πόλεμος]]: Αρχίζει η εισβολή των συμμαχικών δυνάμεων στην [[Ιταλία|Ιταλική]] χερσόνησο με επιτυχή τα πρώτα γεφυρώματα στην [[Καλαβρία]].\n* [[1947]] - Η [[Αίγυπτος]] αντιμέτωπη με τα πρώτα κρούσματα επιδημίας χολέρας, όπου μέχρι το τέλος Οκτωβρίου που εκφυλίστηκε σημειώθηκαν 7.000 θάνατοι.\n* [[1958]] - Ιδρύεται το [[Ευρωπαϊκό Δικαστήριο των Ανθρωπίνων Δικαιωμάτων]].\n*[[1967]] - [[Dagen H]] στη [[Σουηδία]]: κατά τη διάρκεια της νύχτας γίνονται κυκλοφοριακές αλλαγές από την οδήγηση στα αριστερά στην οδήγηση στα δεξιά.\n* [[1971]] - Το [[Κατάρ]] γίνεται ανεξάρτητο κράτος από το [[Ηνωμένο Βασίλειο]].\n* [[1974]] - Ίδρυση του [[Πανελλήνιο Σοσιαλιστικό Κίνημα|Πανελλήνιου Σοσιαλιστικού Κινήματος]] (ΠΑΣΟΚ).\n* [[1975]] - Από συντριβή αεροσκάφους του [[Μαρόκο]]υ στα Όρη του Άτλαντα, βρίσκουν το θάνατο 188 άνθρωποι.\n* [[1987]] - Με στρατιωτικό πραξικόπημα ανατρέπεται η κυβέρνηση στο [[Μπουρούντι]] από τον [[Πιερ Μπουγιόγια]].\n* [[1995]] - Ιδρύεται η αμερικανική διαδικτυακή εταιρεία για δημοπρασίες [[ebay]].\n* [[2004]] - [[Σφαγή στο Μπεσλάν]]. Με την αιματηρή επέμβαση των ρωσικών ειδικών δυνάμεων τερματίζεται η ομηρία εκατοντάδων κυρίως παιδιών, με απολογισμό περισσότερους από 300 νεκρούς. \n* [[2006]] - Η [[Εθνική Ισπανίας (καλαθοσφαίριση ανδρών)|Εθνική ανδρών Ισπανίας στην καλαθοσφαίριση]] κατακτά το [[Παγκόσμιο Πρωτάθλημα Καλαθοσφαίρισης Ανδρών 2006|Παγκόσμιο Πρωτάθλημα]] στη Σαϊτάμα της [[Ιαπωνία]]ς μετά τη νίκη της επί της αντίστοιχης [[Εθνική Ελλάδας (καλαθοσφαίριση ανδρών)|ομάδας της Ελλάδας]] με 70-47.\n\n== Γεννήσεις ==\n*[[1392]] - [[Φιλίππο Μαρία Βισκόντι]], δούκας του Μιλάνου\n*[[1530]] - [[Ιβάν Δ΄ της Ρωσίας|Ιβάν Δ΄]], τσάρος της Ρωσίας\n*[[1568]] - [[Αντριάνο Μπανκιέρι]], Ιταλός συνθέτης\n*[[1695]] - [[Πιέτρο Λοκατέλι]], Ιταλός συνθέτης\n*[[1734]] - [[Τζόζεφ Ράιτ]], Άγγλος ζωγράφος\n*[[1851]] - [[Όλγα των Ελλήνων|Όλγα]], βασίλισσα της Ελλάδας\n*[[1856]] - [[Λούις Σάλλιβαν]], Αμερικανός αρχιτέκτονας\n*[[1859]] - [[Ζαν Ζωρές]], Γάλλος πολιτικός\n*[[1875]] - [[Φέρντιναντ Πόρσε]], Αυστριακός μηχανικός και επιχειρηματίας\n*[[1895]] - [[Τζουζέπε Μποτάι]], Ιταλός πολιτικός\n*[[1905]] - [[Καρλ Ντέιβιντ Άντερσον]], Αμερικανός φυσικός\n*[[1910]] - [[Μορίς Παπόν]], Γάλλος πολιτικός\n*[[1922]] - [[Αλεξάντρ Καζντάν]], Ρώσος βυζαντινολόγος\n*[[1926]] - [[Ειρήνη Παππά]], Ελληνίδα ηθοποιός\n*[[1936]] - [[Ζιν Ελ Αμπιντίν Μπεν Άλι]], Τυνήσιος πολιτικός\n*[[1940]] - [[Εδουάρδο Γκαλεάνο]], Ουρουγουανός δημοσιογράφος και συγγραφέας\n*[[1945]] - [[Αλέκος Αλεξιάδης]], Έλληνας ποδοσφαιριστής\n*[[1947]] - [[Μάριο Ντράγκι]], Ιταλός τραπεζίτης και οικονομολόγος\n*[[1948]] - [[Φώτης Κουβέλης]], Έλληνας δικηγόρος και πολιτικός\n*[[1948]] - [[Λέβι Μουαναγουάσα]], πρόεδρος της Ζάμπιας\n*[[1949]] - [[Πέτρος Ζ΄ Αλεξανδρείας|Πέτρος Ζ΄]], Πατριάρχης Αλεξανδρείας\n*[[1952]] - [[Σεχραζάτ (συνθέτης)|Σεχραζάτ]], Τουρκάλα τραγουδίστρια\n*[[1965]] - [[Τσάρλι Σιν]], Αμερικανός ηθοποιός\n*[[1968]] - [[Σμαράγδα Διαμαντίδου]], Ελληνίδα ηθοποιός\n*[[1971]] - [[Κίραν Ντεσάι]], Ινδή συγγραφέας\n*[[1976]] - [[Νίκος Δεληγιάννης]], Έλληνας υδατοσφαιριστής\n*[[1977]] - [[Όλοφ Μέλμπεργκ]], Σουηδός ποδοσφαιριστής\n*[[1978]] - [[Κώστας Καραφώτης]], Έλληνας τραγουδιστής \n*[[1979]] - [[Ζούλιο Σέζαρ Σοάρες ντε Εσπίντολα]], Βραζιλιάνος ποδοσφαιριστής\n*[[1981]] - [[Δημήτρης Σουλτανόπουλος]], Έλληνας πετοσφαιριστής\n*[[1988]] - [[Ζερόμ Μπόατενγκ]], Γερμανός ποδοσφαιριστής\n\n== Θάνατοι ==\n*[[863]] - [[Αμρ αλ-Ακτά]], Άραβας εμίρης\n*[[1057]] - [[Ρενώ Α΄, κόμης της Βουργουνδίας]]\n*[[1120]] - [[Αδελφός Γεράρδος]], Ιταλός μοναχός\n*[[1324]] - [[Πετρονίλα του Μιθ]], πρώτη Ιρλανδή γυναίκα που κάηκε στην πυρά ως αιρετική\n*[[1402]] - [[Τζαν Γκαλεάτσο Βισκόντι]], δούκας του Μιλάνου\n*[[1420]] - [[Ροβέρτος Στιούαρτ, δούκας του Όλμπανυ]]\n*[[1658]] - [[Όλιβερ Κρόμγουελ]], Άγγλος στρατιωτικός και πολιτικός\n*[[1730]] - [[Νικόλαος Μαυροκορδάτος (1670-1730)|Νικόλαος Μαυροκορδάτος]], ηγεμόνας της Μολδοβλαχίας\n*[[1877]] - [[Αδόλφος Θιέρσος]], Γάλλος πολιτικός \n*[[1883]] - [[Ιβάν Τουργκένιεφ]], Ρώσος συγγραφέας\n*[[1933]] - [[Ιωάννης Φουστάνος]], Έλληνας ιατρός\n*[[1948]] - [[Έντουαρντ Μπένες]], Τσέχος πολιτικός\n*[[1962]] - [[Ε.Ε. Κάμινγκς]], Αμερικανός ποιητής\n*[[1964]] - [[Δημητρός Καραμπάτης]], Έλληνας αθλητής\n*[[1965]] - [[Γεώργιος Σαμουήλ]], Έλληνας στρατιωτικός\n*[[1974]] - [[Χάρυ Παρτς]], Αμερικανός συνθέτης\n*[[1983]] - [[Έλλη Λαμπέτη]], Ελληνίδα ηθοποιός\n*[[1991]] - [[Φρανκ Κάπρα]], Ιταλός σκηνοθέτης\n*[[1993]] - [[Κωνσταντίνος Καλλιγάς]], Έλληνας συγγραφέας\n*[[1994]] - [[Νίκος Χατζηκυριάκος - Γκίκας]], Έλληνας καλλιτέχνης\n*[[1998]] - [[Μιχαήλ Αρναούτης]], Έλληνας στρατιωτικός\n*[[1999]] - [[Δημήτρης Κουταλιανός]], Έλληνας παλαιστής\n*[[2001]] - [[Πωλίν Κάελ]], Αμερικανίδα κριτικός κινηματογράφου\n*[[2003]] - [[Ηλίας Πετρόπουλος]], Έλληνας συγγραφέας\n*[[2006]] - [[Γιώργος Θεοδοσιάδης]], Έλληνας σκηνοθέτης\n*[[2006]] - [[Χριστίνα Σπυράκη]], Ελληνίδα πολιτικός και ιατρός\n*[[2008]] - [[Ιφιγένεια Χρυσοχόου]], Ελληνίδα συγγραφέας\n*[[2012]] - [[Μάικλ Κλαρκ Ντάνκαν]], Αμερικανός ηθοποιός\n*[[2016]] - [[Θάνος Ανεστόπουλος]], Έλληνας τραγουδιστής\n*[[2017]] - [[Τζον Άσμπερυ]], Αμερικανός ποιητής\n\n== Αργίες και εορτές ==\n=== [[Ορθόδοξη Εκκλησία]] ===\n{{Πύλη:Ορθοδοξία/Εορτολόγιο/3 Σεπτεμβρίου}}\n\n{{Μήνες}}\n\n[[Κατηγορία:Ημέρες του έτους]]"}}}]}]}}