{"batchcomplete":true,"query":{"normalized":[{"fromencoded":false,"from":"3_Απριλίου","to":"3 Απριλίου"}],"pages":[{"pageid":6311,"ns":0,"title":"3 Απριλίου","revisions":[{"slots":{"main":{"contentmodel":"wikitext","contentformat":"text/x-wiki","content":"{{Μήνες Απριλίου}}\n\n<center>[[2 Απριλίου]] | '''3 Απριλίου''' | [[4 Απριλίου]]</center>\n\n----\nΗ '''3η Απριλίου''' είναι η 93η ημέρα του έτους κατά το [[Γρηγοριανό ημερολόγιο]].  Υπολείπονται 272 ημέρες.\n\n{{ΗμερολόγιοΣεΠίνακα|4}}\n\n== Γεγονότα ==\n*[[801]] - Ο βασιλιάς [[Λουδοβίκος ο Ευσεβής]] καταλαμβάνει τη [[Βαρκελώνη]] από τους [[Μαυριτανοί|Μαυριτανούς]] μετά από [[πολιορκία]] αρκετών μηνών. \n*[[1043]] - Ο [[Εδουάρδος ο Ομολογητής]] στέφεται [[Κατάλογος Άγγλων μοναρχών|βασιλιάς της Αγγλίας]].\n*[[1821]] - [[Ελληνική Επανάσταση του 1821|Επαναστατούν]] οι [[Σπέτσες]].\n*[[1860]] - Το [[Ηνωμένες Πολιτείες Αμερικής|αμερικανικό]] Πόνυ Εξπρές ξεκινά τη διανομή αλληλογραφίας από το Σεντ Τζόζεφ του [[Μιζούρι (πολιτεία)|Μιζούρι]] μέχρι το [[Σακραμέντο (Καλιφόρνια)]].\n*[[1865]] - [[Αμερικανικός Εμφύλιος Πόλεμος]]: Οι δυνάμεις της [[Ένωση (Αμερικανικός Εμφύλιος Πόλεμος)|Ένωσης]] καταλαμβάνουν το [[Ρίτσμοντ (Βιρτζίνια)]], πρωτεύουσα των [[Συνομόσπονδες Πολιτείες της Αμερικής|Συνομόσπονων Πολιτειών της Αμερικής]]. \n*[[1882]] - [[Άγρια Δύση]]: Ο Ρόμπερτ Φορντ σκοτώνει τον [[Τζέσε Τζέιμς]].\n*[[1885]] - Ο [[Γκότλιμπ Ντάιμλερ]] λαμβάνει [[Γερμανία|γερμανικό]] [[Ευρεσιτεχνία|δίπλωμα ευρεσιτεχνίας]] για το σχεδιασμό του [[Κινητήρας|κινητήρα]] του.\n*[[1888]] - Λαμβάνει χώρα η πρώτη από τις έντεκα ανεξιχνίαστες βίαιες δολοφονίες γυναικών που διαπράχθηκαν σε εξαθλιωμένη περιοχή του [[Ανατολικό Λονδίνο|Ανατολικού Λονδίνου]].\n*[[1895]] - Αρχίζει η δίκη στην υπόθεση συκοφαντικής [[δυσφήμιση]]ς που ασκήθηκε από τον [[Όσκαρ Ουάιλντ]], με τελικό αποτέλεσμα τη φυλάκισή του με την κατηγορία της [[ομοφυλοφιλία]]ς.  \n*[[1922]] - Ο [[Ιωσήφ Στάλιν]] γίνεται ο πρώτος [[Γενικός Γραμματέας του Κομμουνιστικού Κόμματος της Σοβιετικής Ένωσης]].\n*[[1948]] - Ο [[Ηνωμένες Πολιτείες Αμερικής|Αμερικανός]] πρόεδρος [[Χάρυ Τρούμαν]] υπογράφει το [[Σχέδιο Μάρσαλ]], που προβλέπει βοήθεια 5 δισεκατομμυρίων δολαρίων για 16 χώρες.\n*[[1974]] - Σημειώνεται το [[υπερξέσπασμα σιφώνων του 1974]], το δεύτερο μεγαλύτερο ξέσπασμα σιφώνων στην καταγεγραμμένη ιστορία (μετά το [[ξέσπασμα σιφώνων στις 25-28 Απριλίου 2011]]). Ο αριθμός των νεκρών ανέρχεται σε 319, με σχεδόν 5.500 τραυματίες.\n*[[1975]] - Ο [[Μπόμπι Φίσερ]] αρνείται να αντιμετωπίσει στο [[σκάκι]] τον [[Ανατόλι Κάρποφ]], δίνοντας στον Κάρποφ τον τίτλο του παγκόσμιου πρωταθλητή.\n*[[1990]] - Ο καρδιοχειρουργός [[Γεώργιος Τόλης]] πραγματοποιεί την πρώτη μεταμόσχευση καρδιάς στην [[Ελλάδα]].\n*[[1997]] - Ο [[Άρης Θεσσαλονίκης (καλαθοσφαίριση ανδρών)|Άρης]] κατακτά το [[Κύπελλο Κόρατς 1996-97|κύπελλο Κόρατς]] νικώντας την Τόφας Μπούρσα στην [[Τουρκία]] με 70-88.\n* [[2003]] - Από ισχυρή έκρηξη στα «Σωληνουργεία Κορίνθου», έξι εργάτες χάνουν τη ζωή τους και άλλοι τρεις τραυματίζονται.\n* [[2017]] - Τρομοκρατικό χτύπημα στο μετρό της [[Αγία Πετρούπολη|Αγίας Πετρούπολης]] στη Ρωσία, προκαλώντας το θάνατο 14 πολιτών και τον τραυματισμό άλλων 50. Οι υποψίες εστιάζονται στο [[Ισλαμικό Κράτος]] ή σε [[Τσετσενία|Τσετσένους]] εθνικιστές.\n\n== Γεννήσεις ==\n*[[1395]] - [[Γεώργιος Τραπεζούντιος]], Έλληνας λόγιος\n*[[1520]] - [[Βιντσέντσο Γκαλιλέι]], Ιταλός συνθέτης\n*[[1643]] - [[Κάρολος Ε' της Λωρραίνης|Κάρολος Ε΄]], δούκας της Λωρραίνης\n*[[1770]] - [[Θεόδωρος Κολοκοτρώνης]], Έλληνας στρατηγός\n*[[1807]] - [[Τζέην Ελίζαμπεθ Ντίγκμπυ]], Αγγλίδα αριστοκράτισσα\n*[[1880]] - [[Όττο Βάινινγκερ]], Αυστριακός φιλόσοφος\n*[[1881]] - [[Αλτσίντε ντε Γκάσπερι]], Ιταλός πολιτικός\n*[[1895]] - [[Ζεζ Κόνφρεϋ]], Αμερικανός συνθέτης και ερμηνευτής\n*[[1897]] - [[Θρασύβουλος Τσακαλώτος]], Έλληνας στρατιωτικός\n*[[1912]] - [[Γρηγόρης Λαμπράκης]], Έλληνας πολιτικός\n*[[1922]] - [[Ντόρις Ντέι]], Αμερικανίδα ηθοποιός και τραγουδίστρια\n*[[1924]] - [[Μάρλον Μπράντο]], Αμερικανός ηθοποιός\n*[[1925]] - [[Τόνι Μπεν]], Άγγλος πολιτικός\n*[[1930]] - [[Χέλμουτ Κολ]], Γερμανός πολιτικός\n*[[1941]] - [[Μιχάλης Ρούσσος]], Έλληνας τηλεπαρουσιαστής\n*[[1947]] - [[Ραμπί Ναμάλιου]], πολιτικός από την Παπούα Νέα Γουινέα\n*[[1957]] - [[Μιχάλης Ρακιντζής]], Έλληνας τραγουδιστής\n*[[1958]] - [[Άλεκ Μπάλντουιν]], Αμερικανός ηθοποιός\n*[[1961]] - [[Έντι Μέρφι]], Αμερικανός ηθοποιός\n*[[1963]] - [[Κρις Όλιβα]], Αμερικανός κιθαρίστας ([[Savatage]])\n*[[1964]] - [[Νάιτζελ Φάρατζ]], Άγγλος πολιτικός\n*[[1966]] - [[Λάμπης Λιβιεράτος]], Έλληνας τραγουδιστής\n*[[1967]] - [[Νίκος Ευαγγελάτος]], Έλληνας δημοσιογράφος\n*[[1969]] - [[Λανς Στορμ]], Καναδός παλαιστής\n*[[1974]] - [[Λι Ουίλιαμς]], Ουαλός ηθοποιός\n*[[1982]] - [[Κόμπι Σμόλντερς]], Καναδή ηθοποιός\n*[[1985]] - [[Λεόνα Λιούις]], Αγγλίδα τραγουδίστρια\n*[[1986]] - [[Αμάντα Μπάινς]], Αμερικανίδα ηθοποιός\n*[[1990]] - [[Σωτήρης Νίνης]], Έλληνας ποδοσφαιριστής\n*[[1995]] - [[Αντριάν Ραμπιό]], Γάλλος ποδοσφαιριστής\n\n== Θάνατοι ==\n*[[610]] - [[Πατριάρχης Θωμάς Α΄|Θωμάς Α΄]], Πατριάρχης Κωνσταντινουπόλεως\n*[[963]] - [[Γουλιέλμος Γ΄ της Ακουιτανίας|Γουλιέλμος Γ΄]], δούκας της Ακουιτανίας\n*[[1203]] - [[Αρθούρος Α΄ της Βρετάνης|Αρθούρος Α΄]], δούκας της Βρετάνης\n*[[1287]] - [[Πάπας Ονώριος Δ΄]]\n*[[1349]] - [[Εύδης Δ΄ της Βουργουνδίας|Εύδης Δ΄]], δούκας της Βουργουνδίας\n*[[1473]] - [[Αλεσσάντρο Σφόρτσα]], Ιταλός κοντοτιέρος\n*[[1682]] - [[Μπαρτολομέ Εστέμπαν Μουρίγιο]], Ισπανός ζωγράφος\n*[[1748]] - [[Ζαν-Ζακ Μπουρλαμακί]], Ελβετός συγγραφέας\n*[[1849]] - [[Γιούλιους Σλοβάτσκι]], Πολωνός ποιητής\n*[[1853]] - [[Κόμης Ιωσήφ Λουδοβίκος Άρμανσπεργκ]], Βαυαρός πολιτικός\n*[[1868]] - [[Φραντς Μπέρβαλντ]], Σουηδός συνθέτης\n*[[1882]] - [[Τζέσε Τζέιμς]], Αμερικανός κακοποιός\n*[[1897]] - [[Γιοχάνες Μπραμς]], Γερμανός συνθέτης\n*[[1939]] - [[Σπυρίδων Μερκούρης]], Έλληνας πολιτικός\n*[[1947]] - [[Γιάννης Αποστολάκης]], Έλληνας φιλόλογος και πανεπιστημιακός\n*[[1950]] - [[Κουρτ Βάιλ]], Γερμανός συνθέτης\n*[[1962]] - [[Μανώλης Καλομοίρης]], Έλληνας συνθέτης\n*[[1966]] - [[Μπαττίστα Πινινφαρίνα]], Ιταλός σχεδιαστής αυτοκινήτων\n*[[1977]] - [[Πελοπίδας Πινάτσης]], Έλληνας δημοσιογράφος και πολιτικός\n*[[1991]] - [[Γκράχαμ Γκρην]], Άγγλος συγγραφέας\n*[[1999]] - [[Αθανάσιος Σιέμπος]], Έλληνας δημοσιογράφος\n*[[2012]] - [[Τσιφ Τζέι Στρονγκμπόου]], Αμερικανός παλαιστής\n*[[2012]] - [[Μανώλης Λουκάκης]], Έλληνας πολιτικός\n*[[2012]] - [[Χρήστος Πάρλας]], Έλληνας ηθοποιός\n*[[2013]] - [[Μάρκος Αντωνιάδης]], Έλληνας πολιτικός\n*[[2015]] - [[Στυλιανός Δερμιτζάκης]], Έλληνας πολιτικός\n*[[2016]] - [[Τσέζαρε Μαλντίνι]], Ιταλός ποδοσφαιριστής και προπονητής\n*[[2023]] - [[Ρένα Κουμιώτη]] Ελληνίδα τραγουδίστρια\n\n== Αργίες και εορτές ==\n\n=== [[Ορθόδοξη Εκκλησία]] ===\n{{Πύλη:Ορθοδοξία/Εορτολόγιο/3 Απριλίου}}\n\n== Εξωτερικοί σύνδεσμοι ==\n* {{commonscat2|3 April}}\n\n\n{{Μήνες}}\n\n[[Κατηγορία:Ημέρες του έτους]]"}}}]}]}}