{"batchcomplete":true,"query":{"normalized":[{"fromencoded":false,"from":"3_Αυγούστου","to":"3 Αυγούστου"}],"pages":[{"pageid":3002,"ns":0,"title":"3 Αυγούστου","revisions":[{"slots":{"main":{"contentmodel":"wikitext","contentformat":"text/x-wiki","content":"{{Μήνες Αυγούστου}}\n\n<center>[[2 Αυγούστου]] | '''3 Αυγούστου''' | [[4 Αυγούστου]]</center>\n\n----\nΗ '''3η Αυγούστου''' είναι η 215η ημέρα του έτους κατά το [[Γρηγοριανό ημερολόγιο]] (216η σε δίσεκτα έτη). Υπολείπονται 150 ημέρες.\n\n{{ΗμερολόγιοΣεΠίνακα|8}}\n\n== Γεγονότα ==\n*[[8]] - Ο [[Ρωμαϊκή Αυτοκρατορία|Ρωμαίος]] [[στρατηγός]] [[Τιβέριος Καίσαρας Αύγουστος|Τιβέριος]] νικά τους [[Ιλλυρία|Ιλλυριούς]] στη [[Δαλματία]], κοντά στον [[Μπόσνα (ποταμός)|ποταμό Μπόσνα]]. \n*[[1342]] - Αρχίζει η πολιορκία της [[Αλχεθίρας]] κατά τη διάρκεια της [[Χριστιανική ανακατάκτηση της Ιβηρικής χερσονήσου|χριστιανικής ανακατάκτησης της Ιβηρικής χερσονήσου]].\n*[[1492]] - Ο [[Χριστόφορος Κολόμβος]] ξεκινά με τρία καράβια από το λιμάνι Πάλος ντε λα Φροντέρα της [[Ισπανία]]ς.\n*[[1645]] - [[Τριακονταετής Πόλεμος]]: οι [[Γαλλία|γαλλικές]] δυνάμεις νικούν αυτές της [[Αγία Ρωμαϊκή Αυτοκρατορία|Αγίας Ρωμαϊκής Αυτοκρατορίας]] στη δεύτερη μάχη του Νέρντλινγκεν.\n* [[1826]] - [[Ελληνική Επανάσταση του 1821]]: Δύναμη 5.000 Τούρκων επιτίθεται εναντίον των 800 Ελλήνων υπερασπιστών των Αθηνών, οι οποίοι και συμπτύσσονται στην Ακρόπολη.\n* [[1903]] - Αντάρτες της βουλγαρικής [[Εσωτερική Μακεδονική Επαναστατική Οργάνωση|Εσωτερικής Μακεδονικής Επαναστατικής Οργάνωσης]] (IMRO) διακηρύσσουν τη Δημοκρατία του Κρουσόβου, που θα διατηρηθεί μόνο για 10 ημέρες πριν την καταστολή από τους Οθωμανούς Τούρκους.\n* [[1914]] - [[Α΄ Παγκόσμιος Πόλεμος]]: Η [[Γερμανική Αυτοκρατορία|Γερμανία]] κηρύττει τον πόλεμο στη Γαλλία και διασχίζει το ουδέτερο [[Βέλγιο]].\n* [[1940]] - [[Β΄ Παγκόσμιος Πόλεμος]]: Ιταλικές δυνάμεις εισβάλουν στη βρετανική [[Σομαλία]].\n* [[1958]] - Το αμερικανικό πυρηνοκίνητο υποβρύχιο ''USS Nautilus'' επιχειρεί πλου υπό τους πάγους στην [[Αρκτική]].\n*[[1960]] - Ο [[Νίγηρας]] αποκτά την ανεξαρτησία του από τη [[Γαλλία]].\n*[[1964]] - Η [[Κορίνα Τσοπέη]] εκλέγεται [[Μις Υφήλιος]] στο [[Μαϊάμι]].\n* [[1972]] - Η Γερουσία των [[ΗΠΑ]] επικυρώνει τη Συνθήκη Αντι-βαλλιστικών Πυραύλων.\n* [[1989]] - Ένα Shorts 330 της [[Ολυμπιακή Αεροπλοΐα|Ολυμπιακής Αεροπλοΐας]] συνετρίβη κοντά στο αεροδρόμιο της [[Σάμος|Σάμου]]. Και οι 34 επιβαίνοντες νεκροί.\n* [[2005]] - Ο Πρόεδρος της Μαυριτανίας Μααούγια Τάγια Σιντ Αχμέντ ανατρέπεται μετά από πραξικόπημα που εκδηλώθηκε στη χώρα του ενώ παρακολουθεί την κηδεία του Βασιλέως Φαχντ στη Σαουδική Αραβία.\n* [[2005]] - Ο [[Μαχμούντ Αχμαντινετζάντ]] αναλαμβάνει Πρόεδρος του [[Ιράν]].\n\n== Γεννήσεις ==\n*[[1452]] - [[Λουδοβίκος Σφόρτσα]], δούκας του Μιλάνου\n*[[1654]] - [[Κάρολος, λάντγκραβος της Έσσης-Κάσσελ]]\n*[[1738]] - [[Φρίντριχ Γκόττλιμπ Μπαρτ]], Γερμανός παιδαγωγός και γλωσσολόγος\n*[[1803]] - [[Τζόζεφ Πάξτον]], Άγγλος αρχιτέκτονας\n*[[1867]] - [[Αουγκούστους Μουρ Χέρινγκ]], Αμερικανός αεροπόρος\n*[[1872]] - [[Χάακον Ζ´ της Νορβηγίας|Χάακον Ζ΄]], βασιλιάς της Νορβηγίας\n*[[1890]] - [[Κονσταντίν Μελνίκοφ]], Ρώσος αρχιτέκτονας\n*[[1897]] - [[Αχιλλέας Μαδράς]], Έλληνας ηθοποιός και σκηνοθέτης\n*[[1900]] - [[Χρήστος Ευθυμίου]], Έλληνας ηθοποιός\n*[[1940]] - [[Αντώνης Καλογιάννης]], Έλληνας τραγουδιστής\n*[[1954]] - [[Γιάννης Πρετεντέρης]], Έλληνας δημοσιογράφος\n*[[1963]] - [[Τζέιμς Χέτφιλντ]], Αμερικανός μουσικός ([[Metallica]])\n*[[1964]] - [[Αμπχισίτ Βετζάτζιβα]], Ταϊλανδός πολιτικός\n*[[1966]] - [[Χρήστος Χωμενίδης]], Έλληνας συγγραφέας\n*[[1967]] - [[Ματιέ Κασσοβίτς]], Γάλλος σκηνοθέτης και σεναριογράφος\n*[[1971]] - [[Δημήτρης Κοργιαλάς]], Έλληνας τραγουδοποιός\n*[[1973]] - [[Νίκος Νταμπίζας]], Έλληνας ποδοσφαιριστής\n*[[1975]] - [[Αργυρώ Στρατάκη]], Ελληνίδα αθλήτρια\n*[[1978]] - [[Δημήτρης Ζωγραφάκης]], Έλληνας ποδοσφαιριστής\n*[[1979]] - [[Εβάντζελιν Λίλι]], Καναδή ηθοποιός και μοντέλο\n*[[1982]] - [[Ντάμιεν Σάντοου]], Αμερικανός παλαιστής\n*[[1989]] - [[Ζυλ Μπιανκί]], Γάλλος οδηγός αγώνων\n\n== Θάνατοι ==\n*[[224]] - [[Ιουλία Μαίσα]], Ρωμαία αριστοκράτισσα\n*[[1113]] - [[Γερτρούδη της Σαξονίας]], κόμισσα της Ολλανδίας\n*[[1387]] - [[Όλαφ Β΄ της Δανίας|Όλαφ Β΄]], βασιλιάς της Δανίας\n*[[1460]] - [[Ιάκωβος Β΄ της Σκωτίας|Ιάκωβος Β΄]], βασιλιάς της Σκωτίας\n*[[1614]] - [[Φραγκίσκος του Κοντί|Φραγκίσκος]], πρίγκιπας του Κοντί\n*[[1621]] - [[Γουλιέλμος ντυ Βαιρ]], Γάλλος πολιτικός και φιλόσοφος\n*[[1792]] - [[Ρίτσαρντ Άρκραϊτ]], Άγγλος βιομήχανος και εφευρέτης\n*[[1924]] - [[Τζόζεφ Κόνραντ]], Πολωνός συγγραφέας\n*[[1954]] - [[Κολέτ]], Γαλλίδα συγγραφέας\n*[[1969]] - [[Ιωάννης Φωτιάδης]], Έλληνας πολιτικός\n*[[1972]] - [[Γιάννης Παπαϊωάννου]], Έλληνας συνθέτης\n*[[1973]] - [[Ηλίας Βενέζης]], Έλληνας συγγραφέας\n*[[1975]] - [[Ανδρέας Εμπειρίκος]], Έλληνας συγγραφέας και φωτογράφος\n*[[1977]] - [[Αρχιεπίσκοπος Κύπρου Μακάριος Γ΄]]\n*[[1979]] - [[Άγγελος Τερζάκης]], Έλληνας συγγραφέας\n*[[1988]] - [[Ιωάννης Τιρρής]], Έλληνας πολιτικός\n*[[2004]] - [[Ανρί Καρτιέ-Μπρεσόν]], Γάλλος φωτογράφος\n*[[2005]] - [[Λήδα Κροντηρά]], Ελληνίδα παιδαγωγός και συγγραφέας\n*[[2006]] - [[Άρθουρ Λι]], Αμερικανός τραγουδιστής και μουσικός (Love)\n*[[2006]] - [[Κεν Ρίτσμοντ]], Άγγλος παλαιστής\n*[[2006]] - [[Ελίζαμπεθ Σβάρτσκοπφ]], Γερμανίδα υψίφωνος\n*[[2008]] - [[Αλεξάντρ Σολζενίτσιν]], Ρώσος συγγραφέας\n*[[2009]] - [[Νικόλαος Μακαρέζος]], Έλληνας στρατιωτικός\n*[[2015]] - [[Κώστας Ε. Κωνσταντινίδης]], Έλληνας πολιτικός\n*[[2015]] - [[Νίκος Τσαχιρίδης]], Έλληνας ηθοποιός\n*2021 -[[wikidata:Q3172474|Ζαν Χέιλ]] Αμερικανίδα ηθοποιός\n\n== Αργίες και εορτές ==\n\n=== [[Ορθόδοξη Εκκλησία]] ===\n{{Πύλη:Ορθοδοξία/Εορτολόγιο/3 Αυγούστου}}\n\n{{Μήνες}}\n\n[[Κατηγορία:Ημέρες του έτους]]"}}}]}]}}