{"batchcomplete":true,"query":{"normalized":[{"fromencoded":false,"from":"3_Ιουνίου","to":"3 Ιουνίου"}],"pages":[{"pageid":1928,"ns":0,"title":"3 Ιουνίου","revisions":[{"slots":{"main":{"contentmodel":"wikitext","contentformat":"text/x-wiki","content":"{{Μήνες Ιουνίου}}\n\n<center>[[2 Ιουνίου]] | '''3 Ιουνίου''' | [[4 Ιουνίου]]</center>\n\n----\nΗ '''3η Ιουνίου''' είναι η 154η ημέρα του έτους κατά το [[Γρηγοριανό ημερολόγιο]] (155η σε δίσεκτα έτη).  Υπολείπονται 211 ημέρες.\n\n{{ΗμερολόγιοΣεΠίνακα|6}}\n\n== Γεγονότα ==\n* [[713]] - Ο [[Βυζαντινή Αυτοκρατορία|Βυζαντινός αυτοκράτορας]] [[Φιλιππικός Βαρδάνης|Φιλιππικός]] τυφλώνεται, καθαιρείται και [[Εξορία|εξορίζεται]] στη [[Θράκη]] από συνωμότες του στρατού του [[Θέμα Οψίκιον|Οψικίου]]. Τον διαδέχεται ο [[Αναστάσιος Β΄]], ο οποίος αρχίζει την αναδιοργάνωση του [[Βυζαντινός στρατός|βυζαντινού στρατού]].\n* [[1140]] - Ο [[Γάλλοι|Γάλλος]] λόγιος [[Πέτρος Αβελάρδος]] κρίνεται ένοχος ως αιρετικός.\n* [[1326]] - Η συνθήκη του [[Νόβγκοροντ]] οριοθετεί τα σύνορα μεταξύ της [[Ρωσία]]ς και της [[Νορβηγία]]ς. \n* [[1665]] - Οι [[Αγγλία|Αγγλικές]] ναυτικές δυνάμεις υπό τον [[Ιάκωβος Β' της Αγγλίας|Ιάκωβο Στιούαρτ]] νικούν τον [[Ολλανδία|ολλανδικό]] στόλο στο Λόουστοφτ.\n* [[1821]] - Απαγχονίζονται στην [[Κωνσταντινούπολη]] από τους Τούρκους οι Έλληνες Μητροπολίτες [[Δωρόθεος Πρώιος|Αδριανουπόλεως Δωρόθεος]], [[Ιωσήφ Αντωνόπουλος|Θεσσαλονίκης Ιωσήφ]], Τυρνόβου Ιωαννίκιος και [[Γρηγόριος ο Δέρκων|Δέρκων Γρηγόριος]].\n* [[1889]] - Οι πρώτοι πυλώνες μεταφοράς [[ηλεκτρικό ρεύμα|ηλεκτρικού ρεύματος]] μεγάλων αποστάσεων ολοκληρώνονται στις [[ΗΠΑ]], με μήκος 14 μίλια (σχεδόν 23 χιλιόμετρα).\n* [[1935]] - Το [[υπερωκεάνιο]] «Νορμανδία» ανταποκρίνεται στις προσδοκίες των κατασκευαστών του, αφού πραγματοποιεί τη διαδρομή [[Σαουθάμπτον]]-[[Νέα Υόρκη]] με μέση ταχύτητα 29,7 κόμβους, καταρρίπτοντας τα προηγούμενα ρεκόρ των 28,92 και 28,25 κόμβων.\n* [[1937]] - Ο παραιτηθείς βασιλιάς της [[Αγγλία]]ς [[Εδουάρδος Ζ΄ της Αγγλίας|Εδουάρδος Ζ΄]], Δούκας του [[Ουΐνσδορ]], παντρεύεται την Αμερικανίδα [[Γουάλις Σίμπσον]].\n* [[1940]] - Η [[μάχη της Δουνκέρκης]] λήγει με νίκη των [[Βέρμαχτ|γερμανικών δυνάμεων]].\n* [[1944]] - Ο [[Σαρλ ντε Γκωλ]] γίνεται πρωθυπουργός της [[Γαλλία]]ς.\n* [[1946]] - Το πρώτο [[μπικίνι]] κάνει την εμφάνισή του στις πασαρέλες του [[Παρίσι|Παρισιού]].\n* [[1950]] - Κατακτάται για πρώτη φορά από [[γαλλία|γαλλική]] αποστολή το Αναπούρνα Ι, μία από τις υψηλότερες κορυφές των [[Ιμαλάια|Ιμαλαΐων]] και η 10η του κόσμου.\n* [[1955]] - Η [[Γαλλία]] αναγνωρίζει την ανεξαρτησία της [[Τυνησία]]ς.\n* [[1959]] - Η [[Σιγκαπούρη]] ανακηρύσσεται ανεξάρτητο κράτος, στα πλαίσια της [[Βρετανική Κοινοπολιτεία|Βρετανικής Κοινοπολιτείας]].\n*[[1961]] - Έκθεση έργων του [[Θεόφιλος Κεφαλάς - Χατζημιχαήλ|Θεόφιλου]] εγκαινιάζεται στο [[Μουσείο του Λούβρου]] στο [[Παρίσι]].\n* [[1962]] - Ένα [[Boeing 707]] των Γαλλικών Αερογραμμών ([[Air France]]) συντρίβεται μετά την απογείωσή του από το [[Παρίσι]], σκοτώνοντας 130 επιβάτες.\n*1962- Γεννιέται στην Αθήνα και μεταφέρεται στην Αράχωβα ο μετέπειτα μεγάλος φιλόσοφος Γιώργος Τσε, πρώτο παιδί της Ευσταθίας και Δημήτρη. \n* [[1965]] - Ο Αμερικανός αστροναύτης [[Έντουαρντ Γουάιτ]] βγαίνει από το θαλαμίσκο του διαστημόπλοιου [[Τζέμινι 4]] και περπατά στο διάστημα, 161 χιλιόμετρα μακριά από τη [[Γη]]. Για 20 λεπτά είναι συνδεδεμένος με το διαστημόπλοιο μόνο με ένα σχοινί ασφαλείας.\n* [[1968]] - Η [[Βαλερί Σολάνας]] αποπειράται να δολοφονήσει τον καλλιτέχνη [[Άντι Γουόρχολ]], πυροβολώντας τον τρεις φορές. \n* [[1969]] - Προβάλλεται το τελευταίο επεισόδιο της σειράς επιστημονικής φαντασίας [[Σταρ Τρεκ]], μετά την οριστική της διακοπή από το τηλεοπτικό δίκτυο [[NBC]].\n* [[1972]] - Οι τέσσερις νικήτριες δυνάμεις του [[Β΄ Παγκόσμιος Πόλεμος|Β΄ Παγκοσμίου Πολέμου]] υπογράφουν την πρώτη λεπτομερή συμφωνία για το [[Βερολίνο]].\n* [[1973]] - Το πρώτο [[Ένωση Σοβιετικών Σοσιαλιστικών Δημοκρατιών|Σοβιετικό]] υπερηχητικό αεροσκάφος [[Tupolev Τu-144]] συντρίβεται στο [[Παρίσι]], σκοτώνοντας 14 άτομα. Το δυστύχημα ήταν το πρώτο που αφορούσε υπερηχητικό αεροσκάφος, και ματαίωσε την παραγωγή του συγκεκριμένου μοντέλου.\n* [[1975]] - Ο [[Πελέ]] υπογράφει τριετές συμβόλαιο με την [[Νέα Υόρκη|νεοϋορκέζικη]] ομάδα ''Κόσμος'' έναντι 11 εκατομμυρίων δολαρίων. Θα ακολουθήσουν οι Κινάλια, Κρόιφ και Μπέκενμπάουερ ενώ ο [[Τζορτζ Μπεστ]] θα μετακομίσει στο [[Λος Άντζελες]], όπου θα παίξει με την ομάδα των ''Αζτέκων''.\n* [[1979]] - 600.000 τόνοι πετρελαίου καταλήγουν στη θάλασσα, μετά από έκρηξη σε εγκαταστάσεις πετρελαίου στο νότιο [[Κόλπος του Μεξικού|Κόλπο του Μεξικού]].\n* [[1985]] - Στην [[Ελλάδα]], στις βουλευτικές εκλογές νικητής αναδεικνύεται το [[ΠΑΣΟΚ]] με ποσοστό 45,82%, που του εξασφαλίζει την απόλυτη πλειοψηφία στο Κοινοβούλιο με 157 έδρες.\n* [[1989]] - Η [[κίνα|κινεζική]] κυβέρνηση στέλνει δυνάμεις για να αναγκάσει σε εκκένωση την πλατεία [[Τιενανμέν]], που βρισκόταν υπό κατάληψη από φοιτητές για επτά εβδομάδες.\n* [[1991]] - Στη [[Ρουμανία]], το ανώτατο δικαστήριο καταδικάζει το γιο του [[Νικολάι Τσαουσέσκου]], Νίκου, σε κάθειρξη 16 ετών για γενοκτονία.\n* [[1992]] - Αρχίζει στο [[Ρίο Ντε Τζανέιρο]] η Διάσκεψη του [[ΟΗΕ]] για τη [[Γη]], με τη μεγαλύτερη συμμετοχή ηγετών στην ιστορία.\n* [[1993]] - Η [[Κίνα]] απορρίπτει το ανακοινωθέν της [[Ευρωπαϊκή Οικονομική Κοινότητα|ΕΟΚ]] για καταπιέσεις των ανθρωπίνων δικαιωμάτων στο [[Θιβέτ]], ενώ καλεί τις 12 χώρες της Κοινότητας να μην αναμειχθούν στα εσωτερικά της.\n* [[1993]] - Η τενίστρια [[Στέφι Γκραφ]] γίνεται Νο 1 στον κόσμο αφού η [[Μόνικα Σέλες]], που είχε τραυματιστεί ένα μήνα πριν, δεν μπόρεσε να διατηρήσει τη θέση αυτή.\n* [[1994]] - [[Ηνωμένο Βασίλειο|Βρετανικό]] [[ελικόπτερο]] συντρίβεται στη [[Σκωτία]] λόγω πυκνής ομίχλης, με αποτέλεσμα να χάσουν την ζωή τους 29 άτομα, στην πλειονότητά τους μυστικοί πράκτορες, που ασχολούνταν με τον [[IRA]].\n* [[1994]] - Στην [[Ινδονησία]], 150 είναι οι νεκροί από [[τσουνάμι]], μετά τον ισχυρό σεισμό που σημειώνεται στην Ανατολική [[Ιάβα]].\n* [[1996]] - Στην [[Αλβανία]], κερδίζει και στο δεύτερο γύρο των εκλογών το Δημοκρατικό Κόμμα του [[Σάλι Μπερίσα]].\n* [[1997]] - Ο [[Λιονέλ Ζοσπέν]] γίνεται πρωθυπουργός της Γαλλίας.\n* [[1997]] - Στον [[Καναδάς|Καναδά]], το Φιλελεύθερο Κόμμα του πρωθυπουργού [[Ζαν Κρετιέν]] εξασφαλίζει την απόλυτη πλειοψηφία στις βουλευτικές εκλογές.\n* [[1998]] - Ένα τρένο υπερ-υψηλής ταχύτητας [[Ιντερσίτι Εξπρές]], το ICE 884, εκτροχιάζεται στην πόλη [[Έσεντε]] της [[Γερμανία]]ς, με συνέπεια τον θάνατο 101 ατόμων. Από τον εκτροχιασμό κάποια βαγόνια προσκρούουν σε μια γέφυρα με αποτέλεσμα και την κατάρρευσή της. Είναι το χειρότερο δυστύχημα με τρένα υψηλής ταχύτητας μέχρι και σήμερα.\n* [[1998]] - Ο [[Μάικλ Τζόρνταν]] σκοράρει 41 πόντους εναντίον των Τίμπεργουλφς και γίνεται ο τρίτος παίκτης στην ιστορία του [[NBA]] που φτάνει τους 29.000 πόντους στην καριέρα του.\n* [[1999]] - Ο πρόεδρος της [[Γιουγκοσλαβία]]ς [[Σλόμπονταν Μιλόσεβιτς]], μετά από συμφωνία με τους ηγέτες του [[NATO]], αποσύρει τις γιουγκοσλαβικές δυνάμεις από το [[Κόσοβο]].\n* [[2017]] - Τρομοκρατική επίθεση στη Γέφυρα του Λονδίνου και στο Μπόροου Μάρκετ, κατά την οποία σκοτώθηκαν 7 άνθρωποι και 48 τραυματίσθηκαν από τρεις Ισλαμιστές φονταμενταλιστές.\n\n== Γεννήσεις ==\n*[[1421]] - [[Τζοβάνι του Κόζιμο των Μεδίκων]], Ιταλός ευγενής\n*[[1674]] - [[Ματίας Μπούχινγκερ]], Γερμανός καλλιτέχνης\n*[[1808]] - [[Τζέφερσον Ντέηβις]], Αμερικανός πολιτικός\n*[[1853]] - [[Φλίντερς Πέτρι]], Άγγλος αρχαιολόγος\n*[[1865]] - [[Γεώργιος Ε΄ του Ηνωμένου Βασιλείου|Γεώργιος Ε΄]], βασιλιάς του Ηνωμένου Βασιλείου\n*[[1872]] - [[Χαμπιμπουλάχ Χαν]], Εμίρης του Αφγανιστάν\n*[[1885]] - [[Γιάκοβ Σβερντλόφ]], Ρώσος επαναστάτης\n*[[1896]] - [[Ιωσήφ Ριτσιάρδης]], Έλληνας συνθέτης\n*[[1899]] - [[Γκέοργκ φον Μπέκεσυ]], Ούγγρος βιοφυσικός\n*[[1903]] - [[Σίμων Καράς]], Έλληνας μουσικολόγος\n*[[1909]] - [[Ερνστ φομ Ρατ]], Γερμανός διπλωμάτης\n*[[1922]] - [[Αλέν Ρενέ]], Γάλλος σκηνοθέτης\n*[[1924]] - [[Γιώργος Φούντας]], Έλληνας ηθοποιός\n*[[1925]] - [[Τόνι Κέρτις]], Αμερικανός ηθοποιός\n*[[1926]] - [[Άλλεν Γκίνσμπεργκ]], Αμερικανός ποιητής\n*[[1931]] - [[Ραούλ Κάστρο]], Κουβανός πολιτικός\n*[[1935]] - [[Ευαγγελία Σαμιωτάκη]], Ελληνίδα ηθοποιός\n*[[1954]] - [[Μπουασόνε Μπουφαβάνχ]], πρωθυπουργός του Λάος\n*[[1954]] - [[Μπαϊράμ Ρετζέπι]], Κοσοβάρος πολιτικός\n*[[1961]] - [[Λώρενς Λέσιγκ]], Αμερικανός ακαδημαϊκός και πολιτικός ακτιβιστής\n*[[1962]] - [[Ντέιβιντ Κολ]], Αμερικανός μουσικός παραγωγός\n*[[1964]] - [[Κέρι Κινγκ]], Αμερικανός κιθαρίστας ([[Slayer]])\n*[[1973]] - [[Λεωνίδας Κόκκας]], αρσιβαρίστας\n*[[1976]] - [[Νίκος Χατζής]], Έλληνας καλαθοσφαιριστής\n*[[1980]] - [[Λάζαρος Παπαδόπουλος (καλαθοσφαιριστής)|Λάζαρος Παπαδόπουλος]], Έλληνας καλαθοσφαιριστής\n*[[1982]] - [[Γελένα Ισινμπάγιεβα]], Ρωσίδα αθλήτρια\n*[[1985]] - [[Λούκας Πίτσεκ]], Πολωνός ποδοσφαιριστής\n*[[1986]] - [[Παναγιώτης Γλύκος]], Έλληνας ποδοσφαιριστής\n*[[1986]] - [[Ραφαέλ Ναδάλ]], Ισπανός αντισφαιριστής\n*[[1992]] - [[Μάριο Γκέτσε]], Γερμανός ποδοσφαιριστής\n\n== Θάνατοι ==\n*[[1376]] - [[Ερρίκος Β΄ της Έσσης|Ερρίκος Β΄]], λάντγκραβος της Έσσης\n*[[1395]] - [[Ιβάν Σισμάν]], τσάρος της Βουλγαρίας\n*[[1411]] - [[Λεοπόλδος Δ΄ της Αυστρίας|Λεοπόλδος Δ΄]], δούκας της Αυστρίας\n*[[1453]] - [[Λουκάς Νοταράς]], μέγας δούκας της Βυζαντινής αυτοκρατορίας\n*[[1553]] - [[Βολφ Χούμπερ]], Αυστριακός ζωγράφος, χαράκτης και αρχιτέκτονας\n*[[1821]] - [[Ιωσήφ Αντωνόπουλος]], Έλληνας μητροπολίτης Θεσσαλονίκης\n*[[1821]] - [[Δωρόθεος Πρώιος]], Έλληνας μητροπολίτης Αδριανουπόλεως\n*[[1826]] - [[Νικολάι Καραμζίν]], Ρώσος συγγραφέας\n*[[1844]] - [[Λουδοβίκος της Γαλλίας (1775-1844)|Λουδοβίκος]], βασιλιάς της Γαλλίας\n*[[1866]] - [[Εμίλ Βερντέ]], Γάλλος φυσικός\n*[[1875]] - [[Ζωρζ Μπιζέ]], Γάλλος συνθέτης\n*[[1891]] - [[Πέτρος Ανταμιάν]], Αρμένιος ηθοποιός και συγγραφέας\n*[[1899]] - [[Γιόχαν Στράους ο νεότερος]], Αυστριακός συνθέτης\n*[[1924]] - [[Φραντς Κάφκα]], Τσέχος συγγραφέας\n*[[1925]] - [[Καμίγ Φλαμμαριόν]], Γάλλος αστρονόμος \n*[[1937]] - [[Εμίλιο Μόλα]], Ισπανός στρατιωτικός και δούκας\n*[[1956]] - [[Ιωάννης Τριανταφύλλης]], Έλληνας πολιτικός\n*[[1959]] - [[Ιωάννης Πολίτης (υπουργός)|Ιωάννης Πολίτης]], Έλληνας διπλωμάτης και πολιτικός\n*[[1963]] - [[Πάπας Ιωάννης ΚΓ΄]]\n*[[1963]] - [[Ναζίμ Χικμέτ]], Τούρκος ποιητής\n*[[1964]] - [[Φρανς Έμιλ Σίλανπαα]], Φινλανδός συγγραφέας\n*[[1970]] - [[Χιάλμαρ Σαχτ]], Γερμανός πολιτικός\n*[[1976]] - [[Μαρία Σβώλου]], Ελληνίδα πολιτικός\n*[[1977]] - [[Ρομπέρτο Ροσελίνι]], Ιταλός σκηνοθέτης\n*[[1989]] - [[Ρουχολάχ Χομεϊνί]], Ιρανός θρησκευτικός ηγέτης και πολιτικός\n*[[1990]] - [[Ρόμπερτ Νόις]], Αμερικανός φυσικός, επιχειρηματίας και εφευρέτης\n*[[2001]] - [[Άντονι Κουίν]], Μεξικανός ηθοποιός\n*[[2002]] - [[Τσαρλς Άντρομπας]], γενικός κυβερνήτης του Αγίου Βικεντίου και Γρεναδίνων\n*[[2004]] - [[Quorthon]], Σουηδός μουσικός\n*[[2009]] - [[Ντέιβιντ Καραντάιν]], Αμερικανός ηθοποιός\n*[[2009]] - [[Νίκανδρος Κεπέσης]], Έλληνας αντιστασιακός\n*[[2016]] - [[Μοχάμεντ Άλι]], Αμερικανός πυγμάχος\n\n== Αργίες και εορτές ==\n\n=== [[Ορθόδοξη Εκκλησία]] ===\n{{Πύλη:Ορθοδοξία/Εορτολόγιο/3 Ιουνίου}}\n\n{{Μήνες}}\n\n[[Κατηγορία:Ημέρες του έτους]]"}}}]}]}}