{"batchcomplete":true,"query":{"normalized":[{"fromencoded":false,"from":"3_Ιουλίου","to":"3 Ιουλίου"}],"pages":[{"pageid":2849,"ns":0,"title":"3 Ιουλίου","revisions":[{"slots":{"main":{"contentmodel":"wikitext","contentformat":"text/x-wiki","content":"{{χωρίς παραπομπές}}\n\n{{Μήνες Ιουλίου}}\n\n<center>[[2 Ιουλίου]] | '''3 Ιουλίου''' | [[4 Ιουλίου]]</center>\n\n----\nΗ '''3η Ιουλίου''' είναι η 184η ημέρα του έτους κατά το [[Γρηγοριανό ημερολόγιο]] (185η σε δίσεκτα έτη). Υπολείπονται 181 ημέρες.\n\n{{ΗμερολόγιοΣεΠίνακα|7}}\n\n== Γεγονότα ==\n*[[324]] - Μάχη της [[Αδριανούπολη]]ς: Ο [[Κωνσταντίνος Α΄]] νικά τον [[Λικίνιος|Λικίνιο]], ο οποίος διαφεύγει στο [[Βυζάντιο]].\n*[[987]] - Ο [[Ούγος Καπέτος]] στέφεται [[Κατάλογος μοναρχών της Γαλλίας|βασιλιάς της Γαλλίας]], ο πρώτος του [[Οίκος των Καπετιδών|οίκου των Καπετιδών]] που θα κυβερνήσει τη [[Γαλλία]] μέχρι τη [[Γαλλική Επανάσταση]] το [[1792]].\n*[[1035]] - Ο [[Γουλιέλμος Α΄ της Αγγλίας|Γουλιέλμος ο Κατακτητής]] γίνεται [[Δούκες της Νορμανδίας|δούκας της Νορμανδίας]].\n*[[1608]] - Ο [[Σαμουέλ ντε Σαμπλαίν]] ιδρύει την [[Κεμπέκ (πόλη)|πόλη του Κεμπέκ]].\n*[[1754]] - [[Γαλλοϊνδιανικός Πόλεμος]]: Ο [[Τζορτζ Ουάσινγκτον]] παραδίδει το οχυρό Νεσέσιτυ στις [[Γαλλία|γαλλικές]] δυνάμεις. \n*[[1767]] - Ανακαλύπτονται τα [[Νήσοι Πίτκαιρν|νησιά Πίτκαιρν]] από τον [[Ανθυπασπιστής|ανθυπασπιστή]] Ρόμπερτ Πίτκαιρν κατά τη διάρκεια ενός εξερευνητικού ταξιδιού με διοικητή τον [[Φίλιπ Κάρτερετ]].  \n*[[1767]] - Κυκλοφορεί το πρώτο φύλλο της εφημερίδας ''Adresseavisen'', της παλαιότερης εφημερίδας της [[Νορβηγία]]ς που κυκλοφορεί ακόμη.\n*[[1775]] - [[Αμερικανική Επανάσταση]]: Ο [[Τζορτζ Ουάσινγκτον]] αναλαμβάνει τη διοίκηση του Ηπειρωτικού Στρατού στο [[Κέιμπριτζ (Μασαχουσέτη)]].\n*[[1848]] - Απελευθερώνονται οι σκλάβοι στις Δανικές Δυτικές Ινδίες (σημερινές [[Αμερικανικές Παρθένοι Νήσοι|Αμερικανικές Παρθένους Νήσους]]).\n*[[1849]] - Οι [[Γαλλία|Γάλλοι]] εισέρχονται στη [[Ρώμη]] για να αποκαταστήσουν τον [[Πάπας Πίος Θ΄|Πάπα Πίο Θ΄]]. Αυτό αποτέλεσε σημαντικό εμπόδιο στην [[Ιταλική ενοποίηση]].\n*[[1863]] - [[Αμερικανικός Εμφύλιος Πόλεμος]]: Τελευταία ημέρα της [[Μάχη του Γκέτισμπεργκ|μάχης του Γκέτισμπεργκ]].\n* [[1921]] - [[Μικρασιατική Εκστρατεία]] Ο ελληνικός στρατός καταλαμβάνει το ύψωμα Τσαούς Τσιφλίκ ενώ οι Τούρκοι υποχωρούν προ το Δορύλαιο.\n* [[1940]] - Οι Βρετανοί βομβάρδιζουν αιφνίδια την μοίρα του Γαλλικού στόλου στον λιμένα [[Μερς Ελ Κεμπίρ]], φοβούμενοι τυχόν παράδοση στους Γερμανούς, προκαλώντας τον θάνατο 1297 Γάλλων. Η επίθεση και η καταστροφή αυτή, χαρακτηρίστηκε ως η μεγαλύτερη παράνοια του πολέμου μεταξύ των συμμάχων.\n* [[1943]] - [[Β΄ Παγκόσμιος Πόλεμος|Β΄ Π.Π.]] Οι Γερμανοί εκτελούν στη Θεσσαλονίκη 50 Έλληνες πατριώτες.\n*[[1970]] - [[Σύγκρουση στη Βόρεια Ιρλανδία]]: Ξεσπούν ταραχές στο [[Μπέλφαστ]], [[Βόρεια Ιρλανδία]]. \n* [[1990]] - Η [[Λευκορωσία]] κηρύσσει την ανεξαρτησία της από την [[Ένωση Σοβιετικών Σοσιαλιστικών Δημοκρατιών (Ε.Σ.Σ.Δ.)|Ε.Σ.Σ.Δ.]].\n* [[2013]] - Ο αιγυπτιακός στρατός καταλαμβάνει με πραξικόπημα την [[Αίγυπτο]] και διορίζει υπηρεσιακή κυβέρνηση.\n\n== Γεννήσεις ==\n*[[1423]] - [[Λουδοβίκος ΙΑ΄ της Γαλλίας|Λουδοβίκος ΙΑ΄]], βασιλιάς της Γαλλίας\n*[[1676]] - [[Λεοπόλδος Α΄, πρίγκιπας του Άνχαλτ-Ντεσάου]], Πρώσος στρατάρχης\n*[[1846]] - [[Αχιλλέας Αλφεράκης]], Έλληνας συνθέτης\n*[[1875]] - [[Φέρντιναντ Ζάουερμπρουχ]], Γερμανός ιατρός\n*[[1883]] - [[Φραντς Κάφκα]], Τσέχος συγγραφέας\n*[[1898]] - [[Στέφανος Χ. Στεφανόπουλος]], Έλληνας πολιτικός\n*[[1906]] - [[Τζορτζ Σάντερς]], Βρετανός ηθοποιός\n*[[1909]] - [[Σταύρος Νιάρχος]], Έλληνας εφοπλιστής\n*[[1914]] - [[Μάρμαντιουκ Πατλ]], Βρετανός πιλότος\n*[[1922]] - [[Γκιγιώμ Κορνέλις βαν Μπέβερλοο]], Ολλανδός ζωγράφος\n*[[1924]] - [[Σελαπάν Ραμανάθαν]], Σιγκαπουριανός πολιτικός\n*[[1935]] - [[Χάρισον Σμιτ]], Αμερικανός αστροναύτης\n*[[1940]] - [[Γιέρζι Μπούζεκ]], Πολωνός μηχανικός και πολιτικός\n*[[1941]] - [[Λιαμίν Ζερουάλ]], Αλγερινός πολιτικός\n*[[1947]] - [[Μάικ Μπάρτον]], Αμερικανός κολυμβητής\n*[[1952]] - [[Ρόιντον Μίστρι]], Ινδός συγγραφέας\n*[[1952]] - [[Λόρα Μπράνιγκαν]], Αμερικανίδα τραγουδίστρια\n*[[1952]] - [[Άντι Φρέιζερ]], Άγγλος τραγουδιστής και μπασίστας ([[Free]])\n*[[1962]] - [[Τομ Κρουζ]], Αμερικανός ηθοποιός\n*[[1971]] - [[Τζούλιαν Ασάνζ]], Αυστραλός ακτιβιστής, ιδρυτής του [[WikiLeaks]]\n*[[1978]] - [[Κάτια Ζυγούλη]], Ελληνίδα μοντέλο\n*[[1980]] - [[Γιώργος Θεοδωρίδης]], Έλληνας ποδοσφαιριστής\n*[[1987]] - [[Σεμπάστιαν Φέτελ]], Γερμανός οδηγός αγώνων\n*[[1997]] - [[Γιώργος Παπαγιάννης]], Έλληνας καλαθοσφαιριστής\n\n== Θάνατοι ==\n*[[458]] - [[Πατριάρχης Ανατόλιος|Ανατόλιος]], Πατριάρχης Κωνσταντινουπόλεως\n*[[1642]] - [[Μαρία των Μεδίκων (1575-1642)|Μαρία των Μεδίκων]], βασίλισσα της Γαλλίας\n*[[1904]] - [[Τέοντορ Χερτσλ]], Ούγγρος δημοσιογράφος\n*[[1918]] - [[Μωάμεθ Ε΄]], Οθωμανός σουλτάνος\n*[[1920]] - [[Ουίλιαμ Κρόουφορντ Γκόργκας]], Αμερικανός ιατρός και στρατηγός\n*[[1932]] - [[Σωτήριος Βεζανής]], Έλληνας νομικός και βιομήχανος\n*[[1935]] - [[Αντρέ Σιτροέν]], Γάλλος βιομήχανος\n*[[1969]] - [[Μπράιαν Τζόουνς]], Άγγλος μουσικός ([[Rolling Stones]])\n*[[1971]] - [[Τζιμ Μόρισον]], Αμερικανός τραγουδιστής ([[The Doors]])\n*[[1974]] - [[Ελευθέριος Παυλίδης]], Έλληνας πολιτικός\n*[[1988]] - [[Νικηφόρος Βικελίδης]], Έλληνας ποδοσφαιριστής\n*[[2015]] - [[Θόδωρος Παπαδόπουλος]], Έλληνας πολιτικός\n*[[2022]] - [[Ντίνα Κώνστα]], Ελληνίδα ηθοποιός\n\n== Αργίες και εορτές ==\n=== [[Ορθόδοξη Εκκλησία]] ===\n{{Πύλη:Ορθοδοξία/Εορτολόγιο/3 Ιουλίου}}\n\n{{Μήνες}}\n\n[[Κατηγορία:Ημέρες του έτους]]"}}}]}]}}