{"batchcomplete":true,"query":{"normalized":[{"fromencoded":false,"from":"3_Νοεμβρίου","to":"3 Νοεμβρίου"}],"pages":[{"pageid":3551,"ns":0,"title":"3 Νοεμβρίου","revisions":[{"slots":{"main":{"contentmodel":"wikitext","contentformat":"text/x-wiki","content":"{{Μήνες Νοεμβρίου}}\n\n<center>[[2 Νοεμβρίου]] | '''3 Νοεμβρίου''' | [[4 Νοεμβρίου]]</center>\n\n----\n{{ΗμερολόγιοΣεΠίνακα|11}}\nΗ '''3η Νοεμβρίου''' είναι η 307η ημέρα του έτους κατά το [[Γρηγοριανό ημερολόγιο]] (308η σε δίσεκτα έτη). Υπολείπονται 58 ημέρες.\n\n== Γεγονότα ==\n*[[361]] - Ο αυτοκράτορας [[Κωνστάντιος Β´]] πεθαίνει από [[Πυρετός|πυρετό]] στη [[Μοψουεστία]] της [[Κιλικία]]ς. Λίγο πριν πεθάνει, [[Βάπτισμα (Χριστιανισμός)|βαπτίζεται Χριστιανός]] και κηρύσσει νόμιμο διάδοχο τον ξάδελφό του [[Ιουλιανός|Ιουλιανό]]. \n*[[1468]] - Η [[Λιέγη]] λεηλατείται από τα στρατεύματα του [[Κάρολος της Βουργουνδίας|Καρόλου της Βουργουνδίας]].\n*[[1492]] - Υπογράφεται η συνθήκη ειρήνης του Ετάπλ μεταξύ του [[Ερρίκος Ζ΄ της Αγγλίας|Ερρίκου Ζ΄ της Αγγλίας]] και του [[Κάρολος Η΄ της Γαλλίας|Καρόλου Η΄ της Γαλλίας]]. \n*[[1493]] - Ο [[Χριστόφορος Κολόμβος]] ανακαλύπτει τη [[Δομινίκα]] στην [[Καραϊβική Θάλασσα]].\n*[[1592]] - Ιδρύεται η πόλη [[Σαν Λουίς Ποτοσί]] στο [[Μεξικό]].\n*[[1793]] - Αποκεφαλίζεται στη [[γκιλοτίνα]] η [[Γαλλία|Γαλλίδα]] θεατρική συγγραφέας, [[δημοσιογράφος]] και [[Φεμινισμός|φεμινίστρια]] [[Ολέμπ ντε Γκουζ]].\n*[[1812]] - Ο [[Ρωσία|ρωσικός]] στρατός νικά τα στρατεύματα του [[Ναπολέων Α΄ της Γαλλίας|Ναπολέοντα Α΄ της Γαλλίας]] στη Βιάζμα. \n*[[1817]] - Ανοίγει στο [[Μόντρεαλ]] του [[Κεμπέκ (επαρχία)|Κεμπέκ]] η Bank of Montreal, η παλαιότερη τράπεζα του [[Καναδάς|Καναδά]]. \n*[[1838]] - Ιδρύεται η [[εφημερίδα]] ''The Times of India'', η μεγαλύτερη σε κυκλοφορία [[Αγγλική γλώσσα|αγγλόφωνη]] εφημερίδα μεγάλου σχήματος στον κόσμο, με το όνομα ''The Bombay Times and Journal of Commerce''. \n*[[1848]] - Ψηφίζεται η αναθεώρηση του συντάγματος της [[Ολλανδία]]ς, περιορίζοντας σημαντικά τις εξουσίες της ολλανδικής μοναρχίας και ενισχύοντας τις εξουσίες του κοινοβουλίου και των υπουργών.\n*[[1867]] - Ο [[Τζουζέπε Γκαριμπάλντι]] ηττάται στη μάχη της Μεντάνα και αποτυγχάνει να τερματίσει την κοσμική εξουσία του [[Πάπας|Πάπα]] στη [[Ρώμη]]. \n*[[1898]] - Η [[Γαλλία]] αποφασίζει να αποσύρει τα στρατεύματά της από τη Φασόντα (τώρα στο [[Σουδάν]]), δίνοντας τέλος στο [[επεισόδιο της Φασόντα]].\n*[[1903]] - Με την ενθάρρυνση των [[Η.Π.Α.]], ο [[Παναμάς]] διαχωρίζεται από την [[Κολομβία]].\n*[[1911]] - Η [[Chevrolet]] εισέρχεται επίσημα στην αγορά του αυτοκινήτου σε ανταγωνισμό με το Ford Model T.  \n*[[1918]] - Η [[Αυστροουγγαρία]] συνάπτει [[ανακωχή]] με τους Συμμάχους και η αυτοκρατορία των Αψβούργων διαλύεται.\n*[[1927]] – Καθελκύεται το [[Παπανικολής Ι (υποβρύχιο)|υποβρύχιο Παπανικολής Ι]].\n*[[1930]] - Ο [[Ζετούλιο Βάργκας]] αναλαμβάνει επικεφαλής της προσωρινής κυβέρνησης στη [[Βραζιλία]] μετά από το αναίμακτο πραξικόπημα της [[24 Οκτωβρίου|24ης Οκτωβρίου]].\n*[[1932]] - Ο [[Παναγής Τσαλδάρης]] γίνεται [[Πρωθυπουργός της Ελληνικής Δημοκρατίας|πρωθυπουργός της Ελλάδας]].\n*[[1935]] – Ο [[Γεώργιος Β΄ των Ελλήνων]] ανακτά το θρόνο του μετά από [[Ελληνικό δημοψήφισμα του 1935|δημοψήφισμα]].\n* [[1943]] - Από βομβαρδισμούς των Συμμάχων στο [[Βερολίνο]], πεθαίνουν 3.738 άτομα.\n* 1943- Εκτελούνται από τους [[Ναζί]] 11.000 άνδρες και γυναίκες Ιουδαίοι στο στρατόπεδο Μαζετόνεκ.\n* [[1944]] - Η [[Εθνική Λυρική Σκηνή]] δίνει την πρώτη της παράσταση και συναυλία, με εορταστικό χαρακτήρα.\n* [[1950]] - Η [[Αργεντινή]] νικά τις ΗΠΑ με 64-50 και κατακτά το πρώτο [[Μουντομπάσκετ]], που διεξάγεται στο [[Μπουένος Άιρες]].\n* [[1952]] - Διατίθενται στην αγορά από τον Αμερικανό [[Κλάρενς Μπερντσίγιε]] για πρώτη φορά κατεψυγμένα [[μπιζέλι]]α.\n* [[1953]] - Βγαίνει στον αέρα στις ΗΠΑ, σε πανεθνική μετάδοση, η πρώτη έγχρωμη τηλεοπτική εκπομπή.\n* [[1954]] - Προβάλλεται για πρώτη φορά στην [[Ιαπωνία]] η πρώτη ταινία της σειράς «Γκοτζίλα».\n* [[1955]] - Πρεμιέρα στο [[Μπρόντγουεϊ]] του μιούζικαλ «Μάγκες και Κούκλες» με το [[Μάρλον Μπράντο]] και το [[Φρανκ Σινάτρα]]. \n* 1955 - Πραγματοποιείται η πρώτη κρυσταλλοποίηση ιού.\n* 1955 - Η [[Αυστραλία]] αναλαμβάνει τον έλεγχο των νήσων [[Κόκος]].\n* [[1957]] - Εκτοξεύεται το σοβιετικό «[[Σπούτνικ 2]]» (μέσα σε αυτό βρίσκεται το πρώτο ζώο που τέθηκε σε τροχιά στο Διάστημα: η σκυλίτσα [[Λάικα]]).\n* [[1957]] - Ο Έλληνας καθηγητής Διεθνούς Δικαίου [[Ι.Σπυρόπουλος]] εκλέγεται μέλος του Διεθνούς Δικαστηρίου της Χάγης.\n*[[1963]] - Ήττα της [[Εθνική Ριζοσπαστική Ένωσις|Ε.Ρ.Ε.]] στις [[Ελληνικές βουλευτικές εκλογές 1963|εκλογές]] με 39,37%. Νικητής αναδεικνύεται η [[Ένωσις Κέντρου]] με 42,04%, με την [[Ενιαία Δημοκρατική Αριστερά|Ε.Δ.Α.]] τρίτο κόμμα με 14,34%. Το [[Κόμμα Προοδευτικών]] πήρε 3,73%.\n*[[1964]] - Οι κάτοικοι της [[Ουάσινγκτον]] έχουν για πρώτη φορά τη δυνατότητα να ψηφίσουν στις προεδρικές εκλογές των [[Η.Π.Α.]]\n* [[1971]] - Εκδίδεται το πρώτο εγχειρίδιο για προγραμματιστές του λειτουργικού προγράμματος [[UNIX]].\n* [[1978]] - Η [[Δομινίκα]] γίνεται ανεξάρτητη από τη Βρετανία.\n* [[1979]] - Μέλη του [[Αμερικανικό Ναζιστικό κόμμα | Αμερικανικού ναζιστικού κόμματος]] και μιας ομάδας της [[Κου Κλουξ Κλαν]] επιτέθηκαν σε μια διαδήλωση διαμαρτυρίας του Κομμουνιστικού Κόμματος στο [[Γκρίνσμπορο]] (Greensboro) της Βόρειας Καρολίνας. Πυροβόλησαν και σκότωσαν 5 πολίτες και τραυμάτησαν άλλους 11.\n* [[1979]] - Ιρανοί του [[Αγιατολάχ Χομεϊνί]] απάγουν 63 Αμερικανούς από την αμερικανική πρεσβεία στην [[Τεχεράνη]] και τους κρατούν ομήρους.\n* 1979 - Το [[Μαρόκο]] επιτίθεται κατά των [[Μέτωπο Πολισάριο|ανταρτών Πολισάριο]], στη [[Δυτική Σαχάρα]].\n* 1979 - Ο [[Σπυρίδων Μαρκεζίνης (πρωθυπουργός)|Σπύρος Μαρκεζίνης]] αναγγέλλει την επάνοδό του στην πολιτική και την επαναλειτουργία του Κόμματος των Προοδευτικών.\n* [[1986]] - Τα [[Ομόσπονδα Κράτη της Μικρονησίας]] αναγνωρίζονται από τον ΟΗΕ ως ανεξάρτητο κράτος υπό αμερικανική διοίκηση.\n* 1986 - Ξεσπάει το σκάνδαλο [[Ιράν Γκέιτ]]. Το λιβανέζικο περιοδικό «Ας Σίρα» αποκαλύπτει μυστικές αμερικανικές πωλήσεις όπλων στο Ιράν, με στόχο την απελευθέρωση επτά Αμερικανών ομήρων, που είχαν απαχθεί από εξτρεμιστές.\n* 1986 - Τα [[νησιά Βόρειας Μαριάνας]] γίνονται συνδεδεμένα με τις ΗΠΑ.\n* [[1988]] - [[Πραξικόπημα]] στις [[Μαλδίβες]]. Μισθοφόροι αντάρτες Ταμίλ της [[Σρι Λάνκα]] προσπαθούν να ανατρέψουν την κυβέρνηση των Μαλδίβων. Μετά από αίτημα του Προέδρου της χώρας και μέσα σε 24 ώρες, άνδρες του ινδικού στρατού καταστέλλουν το πραξικόπημα.\n* [[1991]] - Ο [[Άιρτον Σένα]] κερδίζει το μικρότερο σε διάρκεια Γκραν Πρι της [[Φ1]] (17 γύροι).\n* 1991 - Ο γιουγκοσλαβικός στρατός καταλαμβάνει την πόλη [[Βούκοβαρ]], έπειτα από 71 ημέρες πολιορκίας.\n* [[1992]] - Πρόεδρος της [[Γκάνα]]ς εκλέγεται ο Τζέρι Ρόουλιγκς.\n* [[1994]] - Κυκλοφορεί το Red Hat [[Linux]] 1.0.\n* 1994 - Γίνεται ολική [[έκλειψη ηλίου]], η τελευταία του 20ού αιώνα.\n* [[1996]] - Οι αλβανόφωνοι του [[Κοσσυφοπέδιο|Κοσσυφοπεδίου]] μποϋκοτάρουν τις βουλευτικές και δημοτικές εκλογές της Νέας Γιουγκοσλαβίας.\n* [[1999]] - Μετωπική σύγκρουση λεωφορείων στη [[Νιγηρία]], με 70 νεκρούς.\n* [[2000]] - Με απόφαση του Ανώτατου Δικαστηρίου της Βρετανίας, ανοίγει ο δρόμος για την επιστροφή στο [[Μαυρίκιος (δημοκρατία)|Μαυρίκιο]] όλων των κατοίκων που είχαν αναγκαστεί να εκπατριστούν.\n* 2000 - Αρχίζει τη λειτουργία του στη Βιέννη το Ευρωπαϊκό χρηματιστήριο ([[Newex]]).\n* [[2002]] - Το ισλαμικό κόμμα του Ερντογάν κερδίζει σαρωτική νίκη στις βουλευτικές εκλογές στην Τουρκία, ενώ εκτός Κοινοβουλίου μένουν μεγάλα ονόματα της τουρκικής πολιτικής. Το Κόμμα Δικαιοσύνης και Ανάπτυξης (AKP) κερδίζει 34,1% (363 από 550 έδρες) και το Ρεπουμπλικανικό Λαϊκό Κόμμα  (CHP) 19,4% (178). Οι υπόλοιπες 9 έδρες καταλαμβάνονται από ανεξάρτητους.Το κόμμα της Δημοκρατικής Αριστεράς του [[Μπουλέντ Ετσεβίτ]] μένει στο 1,2%, με συμμετοχή 79%\n* 2002 - Ο ισχυρότερος σεισμός του 2002 γίνεται στην [[Αλάσκα]] των ΗΠΑ, στις 22:00 GMT, μεγέθους 7,9 Ρίχτερ (υπάρχουν μόνο ελαφρά τραυματίες).\n* [[2003]] - Εγκρίνεται ομόφωνα από τη Γενική Συνέλευση του [[ΟΗΕ]] το ψήφισμα για την Ολυμπιακή Εκεχειρία που σχεδίασε και προώθησε η ελληνική διπλωματία. Για πρώτη φορά στην ιστορία τους τα Ηνωμένα Έθνη υιοθετούν την πρόταση της Ελλάδας που προβλέπει τη διακοπή των εχθροπραξιών από τις 13 έως τις 29 Αυγούστου του 2004.\n* [[2004]] - Εκλέγεται νέος Πρόεδρος των Ηνωμένων Αραβικών Εμιράτων ο γιος του εκλιπόντος ηγέτη, ο [[Χαλίφα μπιν Ζαγέντ αλ Ναχαγιάν]].\n* 2004 - Καταργείται η [[υποχρεωτική στρατιωτική θητεία]] στην [[Ουγγαρία]].\n\n== Γεννήσεις ==\n*[[39]] - [[Λουκανός]], Ρωμαίος ποιητής\n*[[1500]] - [[Μπενβενούτο Τσελίνι]], Ιταλός γλύπτης και ζωγράφος\n*[[1566]] - [[Κάρολος του Σουασόν|Κάρολος]], κόμης του Σουασόν\n*[[1604]] - [[Οσμάν Β΄]], Οθωμανός σουλτάνος\n*[[1633]] - [[Μπερναρντίνο Ραματσίνι]], Ιταλός ιατρός\n*[[1801]] - [[Βιντσέντζο Μπελίνι]], Ιταλός συνθέτης\n*[[1816]] - [[Τζάμπαλ Άντερσον Ήρλυ]], Αμερικανός στρατηγός\n*[[1852]] - [[Αυτοκράτορας Μέιτζι|Μέιτζι]], αυτοκράτορας της Ιαπωνίας\n*[[1880]] - [[Αύρα Θεοδωροπούλου]], Ελληνίδα μουσικός και ακτιβίστρια\n*[[1894]] - [[Σοφοκλής Βενιζέλος]], Έλληνας πολιτικός\n*[[1895]] - [[Δώρα Μοάτσου-Βάρναλη]], Ελληνίδα ποιήτρια\n*[[1901]] - [[Λεοπόλδος Γ΄ του Βελγίου|Λεοπόλδος Γ΄]], βασιλιάς του Βελγίου\n*[[1901]] - [[Αντρέ Μαλρώ]], Γάλλος συγγραφέας\n*[[1903]] - [[Γουόκερ Έβανς]], Αμερικανός φωτογράφος\n*[[1908]] - [[Τζοβάνι Λεόνε]], Ιταλός πολιτικός\n*[[1912]] - [[Αλφρέδο Στρέσνερ]], Παραγουανός στρατιωτικός και πολιτικός\n*[[1920]] - [[Γεώργιος Ψυχουντάκης]], Έλληνας αντιστασιακός\n*[[1921]] - [[Τσαρλς Μπρόνσον]], Αμερικανός ηθοποιός\n*[[1922]] - [[Σπύρος Καλογήρου]], Έλληνας ηθοποιός\n*[[1926]] - [[Βάλντας Άνταμκους]], Λιθουανός πολιτικός\n*[[1931]] - [[Μόνικα Βίτι]], Ιταλίδα ηθοποιός\n*[[1933]] - [[Μάικλ Δουκάκης]], Αμερικανός πολιτικός\n*[[1933]] - [[Τζον Μπάρι]], Άγγλος συνθέτης\n*[[1933]] - [[Τζέρεμυ Μπρεττ]], Άγγλος ηθοποιός\n*[[1933]] - [[Αμάρτυα Σεν]], Ινδός οικονομολόγος\n*[[1945]] - [[Γκερντ Μύλερ]], Γερμανός ποδοσφαιριστής\n*[[1947]] - [[Μέιζι Χιρόνο]], Αμερικανίδα πολιτικός\n*[[1957]] - [[Ντολφ Λούντγκρεν]], Σουηδός ηθοποιός\n*[[1961]] - [[Μοκέτσι Ματζόρο]], πολιτικός του Λεσότο\n*[[1970]] - [[Αντρέι Γιουσκόβιακ]], Πολωνός ποδοσφαιριστής\n*[[1970]] - [[Μάρω Λύτρα]], Ελληνίδα τραγουδίστρια\n*[[1982]] - [[Εβγκένι Πλιούσενκο]], Ρώσος αθλητής του καλλιτεχνικού πατινάζ\n\n== Θάνατοι ==\n*[[361]] - [[Κωνστάντιος Β´]], Ρωμαίος αυτοκράτορας\n*[[1211]] - [[Αλπαΐδα]], Καθολική αγία και οραματίστρια\n*[[1254]] - [[Ιωάννης Γ´ Δούκας Βατάτζης]], αυτοκράτορας της Νίκαιας\n*[[1456]] - [[Εδμόνδος του Ρίτσμοντ|Εδμόνδος]], κόμης του Ρίτσμοντ\n*[[1869]] - [[Ανδρέας Κάλβος]], Έλληνας ποιητής\n*[[1914]] - [[Σάμιουελ Άρτσερ Κινγκ]], Αμερικανός αεροναυτικός\n*[[1914]] - [[Γκέοργκ Τρακλ]], Αυστριακός ποιητής\n*[[1931]] - [[Μιχαήλ Γούδας]], Έλληνας πολιτικός\n*[[1940]] - [[Μανουέλ Αθάνια]], Ισπανός πολιτικός\n*[[1954]] - [[Ανρί Ματίς]], Γάλλος ζωγράφος και γλύπτης\n*[[1957]] - [[Λάικα]], σοβιετικό σκυλί\n*[[1957]] - [[Βίλχελμ Ράιχ]], Αυστριακός ψυχαναλυτής\n*[[1968]] - [[Χριστίνα Καλογερίκου]], Ελληνίδα ηθοποιός\n*[[1970]] - [[Πέτρος Β΄ της Γιουγκοσλαβίας|Πέτρος Β΄]], βασιλιάς της Γιουγκοσλαβίας \n*[[1978]] - [[Νικόλαος Μαυρής]], Έλληνας πολιτικός\n*[[1999]] - [[Γεώργιος Δ. Παπαδημητρίου]], Έλληνας πολιτικός\n*[[2001]] - [[Ερνστ Γκόμπριχ]], Αυστριακός ιστορικός τέχνης\n*[[2003]] - [[Δημήτριος Μαρκόπουλος]], Έλληνας πολιτικός\n*[[2007]] - [[Ράιαν Σέι]], Αμερικανός δρομέας\n*[[2009]] - [[Φρανθίσκο Αγιάλα]], Ισπανός συγγραφέας\n*[[2013]] - [[Γιάννης Καλαμίτσης]], Έλληνας θεατρικός συγγραφέας, στιχουργός και ραδιοφωνικός παραγωγός\n*[[2015]] - [[Παναγιώτης Δελημήτσος]], Έλληνας πολιτικός\n*[[2019]] - [[Αδαμάντιος Μαντής]], Έλληνας διεθνής αθλητής του πόλο\n*[[2021]] - [[Μιχάλης Πιερής]] κύπριος συγγραφέας και ποιητής \n\n== Αργίες και εορτές ==\n\n=== [[Ορθόδοξη Εκκλησία]] ===\n{{Πύλη:Ορθοδοξία/Εορτολόγιο/3 Νοεμβρίου}}\n\n{{Μήνες}}\n\n[[Κατηγορία:Ημέρες του έτους]]"}}}]}]}}