{"batchcomplete":true,"query":{"normalized":[{"fromencoded":false,"from":"3_Μαρτίου","to":"3 Μαρτίου"}],"pages":[{"pageid":1413,"ns":0,"title":"3 Μαρτίου","revisions":[{"slots":{"main":{"contentmodel":"wikitext","contentformat":"text/x-wiki","content":"{{χωρίς παραπομπές}}\n\n{{Μήνες Μαρτίου}}\n\n<center>[[2 Μαρτίου]] | '''3 Μαρτίου''' | [[4 Μαρτίου]]</center>\n\n----\nΗ '''3η Μαρτίου''' είναι η 62η ημέρα του έτους κατά το [[Γρηγοριανό ημερολόγιο]] (63η σε δίσεκτα έτη). Υπολείπονται 303 ημέρες.\n\n{{ΗμερολόγιοΣεΠίνακα|3}}\n\n== Γεγονότα ==\n{{Commonscat|3 March}}\n*[[473]] - Ο [[Γλυκέριος]] γίνεται αυτοκράτορας της [[Δυτική Ρωμαϊκή Αυτοκρατορία|Δυτικής Ρωμαϊκής Αυτοκρατορίας]].\n*[[1585]] - Εγκαινιάζεται στη [[Βιτσέντσα]] το Τεάτρο Ολίμπικο, το οποίο σχεδιάστηκε από τον [[Αντρέα Παλλάντιο]].\n*[[1776]] - [[Αμερικανική Επανάσταση]]: Αρχίζει στη μάχη του [[Νασσάου (Μπαχάμες)]] η πρώτη αμφίβια απόβαση [[Σώμα Πεζοναυτών των ΗΠΑ|Αμερικανών πεζοναυτών]].\n*[[1799]] - Η [[Ρωσική Αυτοκρατορία|ρωσο]]-[[Οθωμανική Αυτοκρατορία|οθωμανική]] πολιορκία της [[Κέρκυρα]]ς λήγει με την παράδοση της [[Γαλλία|γαλλικής]] φρουράς.\n*[[1845]] - Η [[Φλόριντα]] γίνεται η 27η πολιτεία των [[Ηνωμένες Πολιτείες Αμερικής|Η.Π.Α.]]\n*[[1861]] - Ο [[Αλέξανδρος Β΄ της Ρωσίας]] υπογράφει την [[Απελευθέρωση των δουλοπάροικων του 1861|απελευθέρωση των δουλοπάροικων]].\n*[[1865]] - Ιδρύεται η Hongkong and Shanghai Banking Corporation, το ιδρυτικό μέλος της [[HSBC]].\n*[[1875]] - Κάνει πρεμιέρα στο [[Παρίσι]] η όπερα ''[[Κάρμεν]]'' του [[Ζωρζ Μπιζέ]].\n*[[1875]] - Διεξάγεται στο [[Μόντρεαλ]] ο πρώτος οργανωμένος αγώνας [[χόκεϊ επί πάγου]] σε κλειστό χώρο.\n* [[1878]] - Υπογράφεται η [[Συνθήκη του Αγίου Στεφάνου]] μεταξύ Οθωμανών και Ρώσων εκπροσώπων.\n* [[1957]] - Ηρωικός θάνατος του [[Γρηγόρης Αυξεντίου|Γρηγορίου Αυξεντίου]], ο οποίος, αρνούμενος μέχρι τέλους να παραδοθεί στους Άγγλους, πολέμησε επί ώρες μόνος και νίκησε ηθικά κατά της ισχυρής αγγλικής δυνάμης.\n*[[1966]] - Ανακοινώνεται η απέλαση από την [[Τουρκία]] και του τελευταίου [[Έλληνες|Έλληνα]] υπηκόου, κατοίκου [[Κωνσταντινούπολη]]ς, εξαιρουμένων των περίπου 1.500 που παραμένουν για διαφόρους λόγους αλλά ως αλλοδαποί.\n* [[2002]] - Ελλάδα: Σταματάει η χρήση της [[δραχμή]]ς μετά από μια περίοδο 2 μηνών από την ημέρα που ξεκίνησε η χρήση του [[ευρώ]].\n*[[2021]]- Ισχυρός [[Σεισμός της Ελασσόνας (2021)|σεισμός]] 6,3 Ρίχτερ πλήττει την [[Θεσσαλία]] το επίκεντρο εντοπίζεται 19 χιλιόμετρα νοτιοανατολικά της [[Ελασσόνα|Ελασσόνας]] ο σεισμός γίνεται αισθητός σε ολόκληρη την κεντρική και βόρεια Ελλάδα.\n\n\n== Γεννήσεις ==\n*[[1217]] - [[Ερρίκος Α΄ της Κύπρου|Ερρίκος Α΄]], βασιλιάς της Κύπρου\n*[[1600]] - [[Γεώργιος Γκίκας]], πρίγκιπας της Βλαχίας\n*[[1845]] - [[Γκέοργκ Κάντορ]], Γερμανός μαθηματικός\n*[[1852]] - [[Νικόλαος Πολίτης]], Έλληνας λαογράφος\n*[[1847]] - [[Αλεξάντερ Γκράχαμ Μπελ]], Σκωτσέζος εφευρέτης\n*[[1883]] – [[Νίκος Καζαντζάκης]], Έλληνας συγγραφέας\n*[[1891]] - [[Αρχιεπίσκοπος Δαμασκηνός]]\n*[[1909]] - [[Παντελής Πρεβελάκης]], Έλληνας συγγραφέας\n*[[1910]] - [[Γεώργιος Ζωιτάκης]], Έλληνας στρατιωτικός\n*[[1911]] - [[Τζιν Χάρλοου]], Αμερικανίδα ηθοποιός\n*[[1915]] - [[Νίκος Γούναρης]], Έλληνας τραγουδιστής\n*[[1924]] - [[Λις Άσια]], Ελβετίδα τραγουδίστρια\n*[[1929]] - [[Νίκος Μαμαγκάκης]], Έλληνας συνθέτης\n*[[1930]] - [[Ιόν Ιλιέσκου]], Ρουμάνος πολιτικός\n*[[1940]] - [[Ζαν Πολ Προυστ]], υπουργός του Μονακό\n*[[1945]] - [[Αρλέτα]], Ελληνίδα τραγουδίστρια\n*[[1953]] - [[Ζίκο]], Βραζιλιάνος ποδοσφαιριστής\n*[[1957]] - [[Θέμις Μπαζάκα]] Ελληνίδα ηθοποιός\n*[[1963]] - [[Χατμάα Μπατούλγκα]], Μογγόλος πολιτικός\n*[[1966]] - [[Σοφία Αλιμπέρτη]], Ελληνίδα ηθοποιός\n*[[1966]] - [[Φερνάντο Κολούνγκα]], Μεξικανός ηθοποιός\n*[[1973]] - [[Βικτόρια Ζντροκ]], Ουκρανή μοντέλο\n*[[1976]] - [[Ναταλία Κούκουλσκα]], Πολωνή τραγουδίστρια\n*[[1978]] - [[Ηλίας Αναστασάκος]], Έλληνας ποδοσφαιριστής\n*[[1981]] - [[Τζάστιν Γκάμπριελ]], Νοτιοαφρικανός παλαιστής\n*[[1982]] - [[Τζέσικα Μπίελ]], Αμερικανίδα ηθοποιός\n*[[1987]] - [[Ελνούρ Χουσέινοφ]], Αζέρος τραγουδιστής\n*[[1988]] - [[Κρίστα-Ελισάβετ Γουλάκου]], Ελληνίδα αθλήτρια καλλιτεχνικής παγοδρομίας\n*[[1990]] - [[Βλαδίμηρος Γιάνκοβιτς]], Έλληνας καλαθοσφαιριστής\n*[[1997]] - [[Καμίλα Καμπέγιο]], Κουβανομεξικανή τραγουδίστρια\n\n== Θάνατοι ==\n*[[1111]] - [[Βοϊμόνδος Α΄ της Αντιόχειας|Βοϊμόνδος Α΄]], πρίγκηπας της Αντιόχειας\n*[[1234]] - [[Ροβέρτος Γ΄ του Ντρε|Ροβέρτος Γ΄]], κόμης του Ντρε\n*[[1459]] - [[Αουζιάς Μαρκ]], Ισπανός ποιητής\n*[[1554]] - [[Ιωάννης Φρειδερίκος Α΄ της Σαξονίας|Ιωάννης Φρειδερίκος Α΄]], δούκας της Σαξονίας\n*[[1578]] - [[Μιχαήλ Σαϊτάνογλου Καντακουζηνός]], Έλληνας άρχοντας\n*[[1605]] - [[Πάπας Κλήμης Η΄]]\n*[[1703]] - [[Ρόμπερτ Χουκ]], Άγγλος επιστήμονας\n*[[1706]] - [[Γιόχαν Πάχελμπελ]], Γερμανός συνθέτης\n*[[1939]] - [[Νικόλαος Ε΄ Αλεξανδρείας|Νικόλαος Ε΄]], Πατριάρχης Αλεξανδρείας\n*[[1946]]- [[Παντελής Καρασεβδάς]], Έλληνας στρατιωτικός, αθλητής της σκοποβολής και πολιτικός\n*[[1954]] - [[Αλέξανδρος Βουρνάζος]], Έλληνας επιστήμονας και ακαδημαϊκός\n*\n*[[1957]] - [[Γρηγόρης Αυξεντίου]], Κύπριος αγωνιστής\n*[[1973]] - [[Νικολάι Νικίτιν]], Σοβιετικός πολιτικός μηχανικός\n*[[1975]] - [[Λάσλο Νέμετ]], Ούγγρος συγγραφέας\n*[[1975]] - [[Θεόδωρος Τουρκοβασίλης]], Έλληνας πολιτικός\n*[[1983]] - [[Ερζέ|Hergé]], Βέλγος σκιτσογράφος\n*[[1990]] - [[Ρούσσος Ι. Κούνδουρος|Ρούσσος Κούνδουρος]], Έλληνας δημοσιογράφος\n*[[1996]] - [[Μαργκερίτ Ντυράς]], Γαλλίδα συγγραφέας\n*[[1998]] - [[Τάκης Παπανικολάου]], Έλληνας πολιτικός\n*[[2001]] - [[Παναγιώτης Λαμπρίας]], Έλληνας δημοσιογράφος και πολιτικός\n*[[2004]] - [[Θεόδωρος Καρατζάς]], Έλληνας δικηγόρος\n*[[2007]] - [[Μπενίτο Λορέντσι]], Ιταλός ποδοσφαιριστής\n*[[2008]] - [[Ανεμαρίε Ρένγκερ]], Γερμανίδα πολιτικός\n*[[2015]] - [[Κώστας Διγκαβές]], Έλληνας δικηγόρος και συγγραφέας\n*[[2017]] - [[Ρενέ Πρεβάλ]], πολιτικός της Αϊτής\n\n== Αργίες και εορτές ==\n=== Κόσμος ===\n* {{AUS}} - Εργατική αργία\n* {{BUL}} - Ημέρα απελευθέρωσης ([[Συνθήκη του Αγίου Στεφάνου]], [[1878]])\n\n=== [[Ορθόδοξη Εκκλησία]] ===\n{{Πύλη:Ορθοδοξία/Εορτολόγιο/3 Μαρτίου}}\n\n{{Μήνες}}\n\n[[Κατηγορία:Ημέρες του έτους]]"}}}]}]}}