{"batchcomplete":true,"query":{"normalized":[{"fromencoded":false,"from":"3_Φεβρουαρίου","to":"3 Φεβρουαρίου"}],"pages":[{"pageid":1211,"ns":0,"title":"3 Φεβρουαρίου","revisions":[{"slots":{"main":{"contentmodel":"wikitext","contentformat":"text/x-wiki","content":"{{χωρίς παραπομπές}}\n\n<center>\n[[Δεκέμβριος]] | [[Ιανουάριος]] | '''[[Φεβρουάριος]]''' | [[Μάρτιος]] | [[Απρίλιος]]</center>\n\n<center>\n[[2 Φεβρουαρίου]] | '''3 Φεβρουαρίου''' | [[4 Φεβρουαρίου]] </center>\n\n----\nΗ '''3η Φεβρουαρίου''' είναι η 34η μέρα του έτους κατά το [[Γρηγοριανό ημερολόγιο]]. Υπολείπονται 332 μέρες (333 σε δίσεκτα έτη).\n\n{{ΗμερολόγιοΣεΠίνακα|2}}\n\n== Γεγονότα ==\n{{Commonscat|3 February}}\n*[[1377]] - Χιλιάδες κάτοικοι της [[Ιταλία|ιταλικής]] πόλης [[Τσεζένα]] σκοτώνονται από τους [[Κοντοτιέροι|κοντοτιέρους]] (παπικές ένοπλες δυνάμεις).\n*[[1451]] - Ο [[σουλτάνος]] [[Μωάμεθ Β΄ ο Πορθητής|Μωάμεθ Β΄]] κληρονομεί το θρόνο της [[Οθωμανική Αυτοκρατορία|Οθωμανικής αυτοκρατορίας]].\n*[[1488]] - Ο [[Πορτογαλία|Πορτογάλος]] θαλασσοπόρος [[Βαρθολομαίος Ντιάζ]] φτάνει στον κόλπο Μόσσελ περνώντας από το [[Ακρωτήριο της Καλής Ελπίδος]] και γίνεται ο πρώτος γνωστός [[Ευρώπη|Ευρωπαίος]] που ταξίδεψε τόσο νότια.\n*[[1509]] - Το [[Πορτογαλική Αποικιακή Αυτοκρατορία|πορτογαλικό]] ναυτικό νικά τον συμμαχικό στόλο της [[Οθωμανική Αυτοκρατορία|Οθωμανικής αυτοκρατορίας]], της [[Γαληνοτάτη Δημοκρατία της Βενετίας|Δημοκρατίας της Βενετίας]], του σουλτάνου του Γκουτζαράτ, του σουλτανάτου της [[Αίγυπτος|Αιγύπτου]] και της [[Δημοκρατία της Ραγούσας|Δημοκρατίας της Ραγούσας]] στη ναυμαχία του [[Ντιού]] στην [[Ινδία]].\n*[[1781]] - [[Αμερικανική Επανάσταση]]: οι [[Μεγάλη Βρετανία|βρετανικές]] δυνάμεις καταλαμβάνουν το [[Ολλανδική Δημοκρατία|ολλανδικής]] κτήσης νησί της [[Καραϊβική Θάλασσα|Καραϊβικής]] [[Άγιος Ευστάθιος|Άγιο Ευστάθιο]].\n*[[1807]] - Μία [[Μεγάλη Βρετανία|βρετανική]] στρατιωτική δύναμη καταλαμβάνει την [[Ισπανική Αποικιακή Αυτοκρατορία|ισπανική]] πόλη του [[Μοντεβιδέο]], σημερινή πρωτεύουσα της [[Ουρουγουάη|Ουρουγουάης]].\n*[[1813]] - [[Πόλεμος της Ανεξαρτησίας της Αργεντινής]]: ο [[Χοσέ ντε Σαν Μαρτίν]] νικά τον [[Ισπανία|ισπανικό]] βασιλικό στρατό στη μάχη του Σαν Λορένσο.\n*[[1830]] - Υπογράφεται το [[πρωτόκολλο της ανεξαρτησίας του ελληνικού κράτους]], το οποίο προβλέπει την πλήρη ανεξαρτησία και εθνική κυριαρχία της [[Ελλάδα]]ς από την [[Οθωμανική Αυτοκρατορία]] ως το τελικό αποτέλεσμα της [[Ελληνική Επανάσταση του 1821|ελληνικής επανάστασης του 1821]].\n*[[1870]] - Επικυρώνεται η 15η τροπολογία του [[Ηνωμένες Πολιτείες Αμερικής|αμερικανικού]] Συντάγματος, διασφαλίζοντας το δικαίωμα ψήφου των πολιτών ανεξαρτήτως φυλής.\n*[[1900]] - Ο [[κυβερνήτης του Κεντάκι]] Ουίλλιαμ Γκέμπελ υποκύπτει στα τραύματα που υπέστη κατά την απόπειρα δολοφονίας του που έγινε τρεις ημέρες νωρίτερα στο [[Φράνκφορτ (Κεντάκι)]].\n*[[1908]] - Ιδρύεται ο [[Παναθηναϊκός Αθλητικός Όμιλος]].\n*[[1913]] - Επικυρώνεται η 16η τροπολογία του [[Ηνωμένες Πολιτείες Αμερικής|αμερικανικού]] Συντάγματος, εξουσιοδοτώντας την [[Ομοσπονδιακή κυβέρνηση των ΗΠΑ]] να επιβάλλει και να εισπράττει [[Φόρος εισοδήματος|φόρο εισοδήματος]]. \n*[[1916]] - Καταστρέφονται από πυρκαγιά τα κτίρια του κοινοβουλίου στην [[Οττάβα]] του [[Καναδάς|Καναδά]].\n*[[1930]] - Ιδρύεται το Κομμουνιστικό Κόμμα του [[Βιετνάμ]].\n*[[1931]] - [[Σεισμός]] στη [[Νέα Ζηλανδία]] προκαλεί το θάνατο 258 ανθρώπων.\n*[[1933]] - Ο [[Αδόλφος Χίτλερ]] ανακοινώνει ότι η επέκταση του [[Ζωτικός χώρος|ζωτικού χώρου]] στην [[Ανατολική Ευρώπη]] και η αδίστακτη γερμανοποίησή της είναι οι τελικοί γεωπολιτικοί στόχοι της εξωτερικής πολιτικής του [[Ναζιστική Γερμανία|Τρίτου Ράιχ]]. \n*[[1945]] - [[Β΄ Παγκόσμιος Πόλεμος]]: 1.000 [[Boeing B-17 Flying Fortress|B-17]] βομβαρδίζουν το [[Βερολίνο]], σε μία επιδρομή που σκότωσε 2.894 άτομα και άφησε άστεγους 120.000 κατοίκους.\n*[[1945]] - [[Β΄ Παγκόσμιος Πόλεμος]]: Οι [[Ηνωμένες Πολιτείες Αμερικής]] και η Κοινοπολιτεία των [[Φιλιππίνες|Φιλιππίνων]] ξεκινούν τη [[Μάχη της Μανίλας]] για να ανακαταλάβουν τη [[Μανίλα]] από τους [[Ιαπωνία|Ιάπωνες]].\n*[[1958]] - Ιδρύεται η Οικονομική Ένωση της [[Μπενελούξ]], δημιουργώντας ένα πεδίο δοκιμών για την μεταγενέστερη [[Ευρωπαϊκή Οικονομική Κοινότητα]]. \n*[[1959]] - Οι ροκ εν ρολ μουσικοί [[Μπάντι Χόλι]], [[Ρίτσι Βάλενς]] και Μπιγκ Μπόπερ σκοτώνονται σε αεροπορικό δυστύχημα στην [[Αϊόβα]].\n*[[1960]] - Ο [[πρωθυπουργός του Ηνωμένου Βασιλείου]], [[Χάρολντ Μακμίλαν]], μιλάει για έναν \"άνεμο αλλαγής\", σηματοδοτώντας ότι η κυβέρνησή του πιθανόν να υποστηρίξει την αποαποικιοποίηση.\n*[[1966]] - Το μη επανδρωμένο [[Ένωση Σοβιετικών Σοσιαλιστικών Δημοκρατιών|σοβιετικό]] διαστημικό σκάφος [[Λούνα 9]] κάνει την πρώτη ελεγχόμενη, με τη βοήθεια πυραύλων, προσεδάφιση στη [[Σελήνη]].\n*[[1967]] - Εκτελείται δι' απαγχονισμού σε φυλακή της [[Μελβούρνη|Μελβούρνης]] ο Ρόναλντ Ράιαν, το τελευταίο πρόσωπο που εκτελέστηκε στην [[Αυστραλία]].\n*[[1969]] - Στο [[Κάιρο]], ο [[Γιάσερ Αραφάτ]] γίνεται πρόεδρος της [[Οργάνωση για την Απελευθέρωση της Παλαιστίνης|Οργάνωσης για την Απελευθέρωση της Παλαιστίνης]].\n* [[1972]] - Ξεκινούν οι 11οι Χειμερινοί Ολυμπιακοί Αγώνες στο Σαπόρο της Ιαπωνίας, οι πρώτοι που γίνονται στην Ασία. Λαμβάνουν μέρος 1.015 αθλητές και 217 αθλήτριες, από 35 χώρες σε 35 αγωνίσματα. Η ΔΟΕ, ύστερα από τα πορίσματα της Ειδικής Επιτροπής Ερασιτεχνισμού, απαγορεύει τη συμμετοχή του Αυστριακού πρωταθλητή των αλπικών αγωνισμάτων Κάρλ Σράνζ στους αγώνες.\n* [[1988]] - Το αμερικανικό Κογκρέσο απορρίπτει αίτημα του Προέδρου [[Ρόναλντ Ρέιγκαν]] για παροχή βοήθειας στους Κόντρας της Νικαράγουας ύψους 36,25 εκατομμυρίων δολαρίων.\n* [[1989]] - Το [[σκάνδαλο Κοσκωτά]] παίρνει νέα τροπή, όταν ο προσωπικός φίλος του πρωθυπουργού [[Ανδρέας Παπανδρέου|Ανδρέα Παπανδρέου]], Γιώργος Λούβαρης, παραπέμπεται για κακούργημα, ως παραλήπτης μεγάλου ποσού, που υπεξαιρέθηκε.\n* [[1990]] - Ο Αμερικανός τζόκεϊ Γουίλι Σουμέικερ τρέχει στην 40.350ή και τελευταία του κούρσα, όπου τερματίζει τέταρτος στην Σάντα Ανίτα Ρέιστρακ. Στην καριέρα του έχει κερδίσει 1.100 στέικς, 8.833 νίκες σε 40.340 κούρσες με κέρδη 123.375.124 δολάρια.\n* [[1991]] - Πάνω από 300 νεκροί είναι ο απολογισμός του ισχυρού σεισμού, που πλήττει το βόρειο [[Πακιστάν]].\n* [[1993]] - Στις [[Φιλιππίνες]], 36 άνθρωποι πεθαίνουν από την έκρηξη του ηφαιστείου [[Μαγιόν]].\n* [[1994]] - Σχεδόν δύο δεκαετίες από την πτώση της [[Σαϊγκόν]], ο Αμερικανός Πρόεδρος [[Μπιλ Κλίντον]] ανακοινώνει την άρση του εμπορικού εμπάργκο κατά του [[Βιετνάμ]].\n* [[1995]] - Στις [[ΗΠΑ]], εκτοξεύεται από τη [[Κέιπ Κανάβεραλ (πολεμική αεροπορική βάση)|βάση Κανάβεραλ]] το διαστημόπλοιο «Ντισκάβερι» με γυναίκα κυβερνήτη κι ένα Ρώσο κοσμοναύτη, με προορισμό το διαστημικό σταθμό [[ΜΙΡ]].\n* [[1996]] - Στην [[Τουρκία]], η Τανσού Τσιλέρ παραδίδει την εντολή στον Πρόεδρο Ντεμιρέλ, μετά την αποτυχία της να σχηματίσει κυβέρνηση.\n* [[2000]] - Ισπανικό δικαστήριο αναγνωρίζει στον Τούρκο μπασκετμπολίστα Σάνον Σερτάν Μίλι τα ίδια δικαιώματα, που έχουν και οι πολίτες της [[Ευρωπαϊκή Ένωση|Ευρωπαϊκής Ένωσης]], ανοίγοντας τον δρόμο για την ελεύθερη μετακίνηση παικτών από σχεδόν ολόκληρο τον κόσμο στα ευρωπαϊκά πρωταθλήματα\n* [[2002]] - Η Ρωσίδα Σβετλάνα Φεοφάνοβα σπάει το ρεκόρ της Στέισι Ντραγκίλα στο άλμα επί κοντώ με 4.71μ κατά τη διάρκεια διεθνούς μίτινγκ στη [[Στουτγκάρδη]].\n* [[2003]] - Παραιτείται από Πρόεδρος της [[Τσεχία]]ς ο Βάτσλαβ Χάβελ, δεκατρία χρόνια μετά τη Βελούδινη Επανάσταση που τον οδήγησε στην Προεδρία. Στην αποχαιρετιστήρια ομιλία του ευχαρίστησε όλους όσους τον στήριξαν, είπε ότι δεν περίμενε να παραμείνει τόσον καιρό στην ηγεσία της χώρας και ζήτησε συγγνώμη ακόμη και από τους εχθρούς του.\n\n== Γεννήσεις ==\n*[[1338]] - [[Ιωάννα των Βουρβόνων]], βασίλισσα της Γαλλίας\n*[[1736]] - [[Γιόχαν Γκέοργκ Άλμπρεχτσμπέργκερ]], Αυστριακός συνθέτης\n*[[1758]] - [[Βαλεντίν Βόντνικ]], Σλοβένος ιερέας, δημοσιογράφος και ποιητής\n*[[1791]] - [[Αλέξανδρος Μαυροκορδάτος]], Έλληνας πολιτικός\n*[[1809]] - [[Φέλιξ Μέντελσον]], Γερμανός συνθέτης\n*[[1887]] - [[Γκέοργκ Τρακλ]], Αυστριακός ποιητής\n*[[1891]] - [[Αριστείδης Μωραϊτίνης (αεροπόρος)|Αριστείδης Μωραϊτίνης]], Έλληνας αεροπόρος\n*[[1892]] - [[Χουάν Νεγρίν]], Ισπανός πολιτικός\n*[[1898]] - [[Άλβαρ Άαλτο]], Φινλανδός αρχιτέκτονας\n*[[1905]] - [[Πάουλ Αρίστε]], Εσθονός γλωσσολόγος\n*[[1909]] - [[Σιμόν Βέιλ (φιλόσοφος)|Σιμόν Βέιλ]], Γαλλίδα φιλόσοφος\n*[[1927]] - [[Ηλίας Ρωσίδης]], Έλληνας ποδοσφαιριστής\n*[[1939]] - [[Μάικλ Τσιμίνο]], Αμερικανός σκηνοθέτης\n*[[1941]] - [[Ντόρι Φανκ]], Αμερικανός παλαιστής\n*[[1946]] - [[Βασίλης Σκουλάς]], Έλληνας τραγουδιστής και λυράρης\n*[[1947]] - [[Πολ Όστερ]], Αμερικανός συγγραφέας\n*[[1951]] - [[Μπλεζ Κομπαορέ]], πρόεδρος της Μπουρκίνα Φάσο\n*[[1952]] - [[Μαλβίνα Κάραλη]], Ελληνίδα δημοσιογράφος\n*[[1955]] - [[Παντελής Καψής]], Έλληνας δημοσιογράφος\n*[[1956]] - [[Γιάννης Ζουγανέλης]], Έλληνας τραγουδοποιός και ηθοποιός\n*[[1960]] - [[Γιοάχιμ Λεβ]], Γερμανός προπονητής ποδοσφαίρου\n*[[1966]] - [[Κώστας Παταβούκας]], Έλληνας καλαθοσφαιριστής\n*[[1967]] - [[Θάνος Ανεστόπουλος]], Έλληνας τραγουδιστής\n*[[1968]] - [[Βλάντε Ντίβατς]], Σέρβος καλαθοσφαιριστής\n*[[1976]] - [[Άιλα Φίσερ]], Βρετανή ηθοποιός\n*[[1979]] - [[Οδυσσέας Παπασπηλιόπουλος]], Έλληνας ηθοποιός\n*[[1982]] - [[Βέρα Μπρέζνιεβα]], Ουκρανή τραγουδίστρια\n*[[1982]] - [[Νταβίδ Φουστέρ]], Ισπανός ποδοσφαιριστής\n*[[1983]] - [[Χίλαρυ Σκοτ]], Αμερικανίδα πορνογραφική ηθοποιός\n\n== Θάνατοι ==\n*[[1014]] - [[Σβεν Α΄ της Δανίας|Σβεν Α΄]], βασιλιάς της Δανίας\n*[[1134]] - [[Ροβέρτος Β΄ της Νορμανδίας|Ροβέρτος Β΄]], δούκας της Νορμανδίας\n*[[1399]] - [[Ιωάννης της Γάνδης]], δούκας του Λάνκαστερ\n*[[1451]] - [[Μουράτ Β΄]], Οθωμανός σουλτάνος\n*[[1468]] - [[Γουτεμβέργιος]], Γερμανός εφευρέτης\n*[[1832]] - [[Τζορτζ Κραμπ]], Άγγλος ποιητής\n*[[1862]] - [[Ζαν-Μπατίστ Μπιό]], Γάλλος φυσικός\n*[[1924]] - [[Γούντροου Ουίλσον]], 28ος πρόεδρος των Η.Π.Α.\n*[[1952]] - [[Εμίλ Μπρεχιέ]], Γάλλος φιλόσοφος και ιστορικός\n*[[1960]] - [[Θεόδωρος Χαβίνης]], Έλληνας στρατιωτικός και πολιτικός\n*[[1971]] - [[Άγγελος Τανάγρας]], Έλληνας ψυχοφυσιολόγος\n*[[1975]] - [[Ουμ Κάλσουμ]], Αιγύπτια τραγουδίστρια\n*[[1975]] - [[Κωνσταντίνος Κορόζος]], Έλληνας δικηγόρος και πολιτικός\n*[[1980]] - [[Ρέι Χάιντορφ]], Αμερικανός συνθέτης\n*[[1989]] - [[Τζον Κασσαβέτης]], Αμερικανός σκηνοθέτης και ηθοποιός\n*[[1993]] - [[Κάρελ Χούιφαρτς]], Βέλγος συνθέτης\n*[[2006]] - [[Βαλέριαν Μπόροβτσικ]], Πολωνός σκηνοθέτης\n*[[2009]] - [[Κωνσταντίνος Οιχαλιώτης]], Έλληνας στρατιωτικός και πολιτικός\n*[[2012]] - [[Νίκος Απέργης]], Έλληνας ηθοποιός\n*[[2016]] - [[Καίτη Δρόσου]], Ελληνίδα ποιήτρια\n*[[2016]] - [[Γιόζεφ Κάσα]], Σέρβος πολιτικός\n*[[2022]]- [[Χρήστος Σαρτζετάκης]] Έλληνας δικαστής, Πρόεδρος της Ελληνικής Δημοκρατίας (1985-90)\n\n== Αργίες και εορτές ==\n===Κόσμος===\n* {{MOZ}} - Ημέρα των Ηρώων\n\n=== [[Ορθόδοξη Εκκλησία]] ===\n{{Πύλη:Ορθοδοξία/Εορτολόγιο/3 Φεβρουαρίου}}\n\n\n{{Μήνες}}\n\n[[Κατηγορία:Ημέρες του έτους]]"}}}]}]}}