{"batchcomplete":true,"query":{"normalized":[{"fromencoded":false,"from":"3_Μαΐου","to":"3 Μαΐου"}],"pages":[{"pageid":1754,"ns":0,"title":"3 Μαΐου","revisions":[{"slots":{"main":{"contentmodel":"wikitext","contentformat":"text/x-wiki","content":"{{χωρίς παραπομπές}}\n\n{{Μήνες Μαΐου}}\n<center>[[2 Μαΐου]] | '''3 Μαΐου''' | [[4 Μαΐου]]</center>\n\n----\n{{ΗμερολόγιοΣεΠίνακα|5}}\nΗ '''3η Μαΐου''' είναι η 123η ημέρα του έτους κατά το [[Γρηγοριανό ημερολόγιο]] (124η σε δίσεκτα έτη).  Υπολείπονται 242 ημέρες.\n\n== Γεγονότα ==\n*[[1715]] - Μία ολική [[έκλειψη Ηλίου]] είναι ορατή σε όλη τη [[Ευρώπη|Βόρεια Ευρώπη]] και [[Ασία|Βόρεια Ασία]], όπως την είχε προβλέψει ο [[Έντμουντ Χάλλεϋ]] με ακρίβεια 4 λεπτών. \n*[[1791]] - Η [[Πολωνική-Λιθουανική Κοινοπολιτεία]] υιοθετεί το [[Σύνταγμα]] της 3ης Μαΐου (το πρώτο σύγχρονο Σύνταγμα στην [[Ευρώπη]]). \n*[[1802]] - Η [[Ουάσινγκτον]] αποκτά καταστατικό χάρτη.\n*[[1808]] - [[Πόλεμος της Ιβηρικής Χερσονήσου]]: Εκτελούνται στη [[Μαδρίτη]] οι στασιαστές που εξεγέρθηκαν στις [[2 Μαΐου]].\n*[[1815]] - Ο [[Βασίλειο της Νεαπόλεως|βασιλιάς της Νάπολης]], [[Ζοακίμ Μυρά]], ηττάται από τους [[Αυστρία|Αυστριακούς]] στη μάχη του Τολεντίνο.\n*[[1837]] - Ιδρύεται το [[Εθνικό και Καποδιστριακό Πανεπιστήμιο Αθηνών]].\n*[[1849]] - Αρχίζει η εξέγερση του Μαΐου στη [[Δρέσδη]]. Πρόκειται για την τελευταία από τις [[Γερμανική Επανάσταση 1848-1849|γερμανικές επαναστάσεις του 1848-1849]].\n*[[1860]] - Ο [[Κάρολος ΙΕ΄ της Σουηδίας|Κάρολος ΙΕ΄]] της [[Ένωση Σουηδίας–Νορβηγίας|Σουηδίας-Νορβηγίας]] στέφεται βασιλιάς της [[Σουηδία]]ς.\n*[[1901]] - Ξεσπά μεγάλη πυρκαγιά στο [[Τζάκσονβιλ (Φλόριντα)]].\n*[[1921]] - Διχοτόμηση της [[Ιρλανδία]]ς: Ψηφίζεται ο Νόμος της Ιρλανδικής Κυβέρνησης του 1920, διαιρώντας την Ιρλανδία στη [[Βόρεια Ιρλανδία|Βόρεια]] και Νότια Ιρλανδία. \n*[[1942]] - [[Β΄ Παγκόσμιος Πόλεμος]]: [[Ιαπωνία|ιαπωνικά]] ναυτικά στρατεύματα εισβάλλουν στο νησί Τουλάγκι στις [[Νήσοι Σολομώντα|νήσους του Σολομώντα]] κατά το πρώτο μέρος της επιχείρησης Μο, γεγονός που οδηγεί στη [[Ναυμαχία της Θάλασσας των Κοραλλίων]] μεταξύ των ιαπωνικών δυνάμεων και των δυνάμεων από τις [[Ηνωμένες Πολιτείες Αμερικής]] και την [[Αυστραλία]]. \n*[[1947]] - Τίθεται σε ισχύ το νέο μεταπολεμικό [[Σύνταγμα της Ιαπωνίας]].\n*[[1960]] - Ανοίγει στο [[Άμστερνταμ]] το [[Μουσείο Άννας Φρανκ]].\n*[[1960]] - Ιδρύεται η [[Ευρωπαϊκή Ζώνη Ελευθέρων Συναλλαγών]] (ΕΖΕΣ).\n*[[1973]] - Ολοκληρώνεται στο [[Σικάγο]] το 108 ορόφων και ύψους 442 μέτρων [[Γουίλις Τάουερ|Σίαρς Τάουερ]] ως το ψηλότερο κτίριο του κόσμου.  \n*[[1999]] - Το νοτιοδυτικό τμήμα της [[Οκλαχόμα Σίτι]] καταστρέφεται από [[Σίφωνας|σίφωνα]] κατηγορίας F5, με απολογισμό 41 νεκρούς και 583 τραυματίες και προκαλώντας ζημιές ύψους 1 δις $. Ο σίφωνας ήταν ένας από τους περισσότερους από 60 σιφώνες που ξέσπασαν στην [[Οκλαχόμα]] το 1999 ενώ παρήγαγε επίσης και την υψηλότερη ταχύτητα ανέμου που έχει καταγραφεί ποτέ (484±32 χλμ/ώρα).\n* [[2002]] - Ολοκληρώνεται η συγχώνευση των γιγάντων της πληροφορικής ''Hewlett Packard'' και ''Compaq Computer Corp.''\n* [[2006]] - Αεροπορική τραγωδία με 113 νεκρούς στην [[Μαύρη Θάλασσα]], όταν συνετρίβη αεροσκάφος τύπου [[Airbus 320]] των αρμενικών αερογραμμών Armavia, 6 χλμ ανοικτά των νοτίων ακτών της [[Ρωσία]]ς.\n* [[2009]] - Ο Παναθηναϊκός αναδεικνύεται πρωταθλητής Ευρώπης στο μπάσκετ για πεμπτη φορα στην ιστορια του. Στον τελικό του φάιναλ-φορ που έγινε στο O2 Arena του Βερολινου επικράτησε της ΤΣΣΚΑ Μόσχας με 73-71.\n\n== Γεννήσεις ==\n*[[612]] - [[Κωνσταντίνος Γ΄]], Βυζαντινός αυτοκράτορας\n*[[1276]] - [[Λουδοβίκος του Εβρέ|Λουδοβίκος]], κόμης του Εβρέ\n*[[1446]] - [[Μαργαρίτα της Υόρκης]], δούκισσα της Βουργουνδίας\n*[[1455]] - [[Ιωάννης Β΄ της Πορτογαλίας|Ιωάννης Β΄]], βασιλιάς της Πορτογαλίας\n*[[1469]] - [[Νικολό Μακιαβέλι]], Ιταλός ιστορικός και συγγραφέας\n*[[1670]] - [[Νικόλαος Μαυροκορδάτος (1670-1730)|Νικόλαος Μαυροκορδάτος]], ηγεμόνας της Μολδοβλαχίας\n*[[1678]] - [[Αμάρο Πάργο]], Ισπανός κουρσάρος \n*[[1812]] - [[Ουίλλιαμ Σάμιουελ Χένσον]], Άγγλος μηχανικός και εφευρέτης\n*[[1826]] - [[Κάρολος ΙΕ´ της Σουηδίας|Κάρολος ΙΕ΄]], βασιλιάς της Σουηδίας\n*[[1887]] - [[Μαρίκα Κοτοπούλη]], Ελληνίδα ηθοποιός\n*[[1889]] - [[Μπιούλα Μποντάι]], Αμερικανίδα ηθοποιός\n*[[1892]] - [[Τζορτζ Τόμσον]], Άγγλος φυσικός\n*[[1896]] - [[Ντόντι Σμιθ]], Αγγλίδα συγγραφέας\n*[[1898]] - [[Γκόλντα Μέιρ]], Ισραηλινή πολιτικός\n*[[1902]] - [[Αλφρέντ Καστλέρ]], Γάλλος φυσικός\n*[[1910]] - [[Αμπντούλ Ζαχίρ (πολιτικός)|Αμπντούλ Ζαχίρ]], Αφγανός πολιτικός\n*[[1913]] - [[Γουίλιαμ Ινγκ]], Αμερικανός δραματουργός\n*[[1915]] - [[Στου Χαρτ]], Καναδός παλαιστής\n*[[1917]] - [[Κίρο Γκλιγκόροφ]], πρόεδρος της Π.Γ.Δ.Μ.\n*[[1925]] - [[Νγκιρατκέλ Έτπιζον]], πρόεδρος του Παλάου\n*[[1932]] - [[Οδυσσέας Εσκιτζόγλου]], Έλληνας ιστιοπλόος\n*[[1934]] - [[Ζωρζ Μουστακί]], Γάλλος τραγουδοποιός\n*[[1940]] - [[Κόννυ Πλανκ]], Γερμανός μουσικός παραγωγός\n*[[1948]] - [[Ρένα Κουμιώτη]], Ελληνίδα τραγουδίστρια\n*[[1954]] - [[Κλάρα Μπαδιόλα]], Ισπανίδα ηθοποιός\n*[[1955]] - [[Νίκος Γιαννάτος]], Έλληνας μουσικός και τραγουδοποιός\n*[[1965]] - [[Θοδωρής Αθερίδης]], Έλληνας ηθοποιός\n*[[1966]] - [[Γιώργος Αγορογιάννης]], Έλληνας ποδοσφαιριστής\n*[[1977]] - [[Μαριάμ Μιρζαχανί]], Ιρανή μαθηματικός\n*[[1979]] - [[Τζενεβίβ Νάτζι]], Νιγηριανή ηθοποιός\n*[[1985]] - [[Εσεκιέλ Λαβέτσι]], Αργεντινός ποδοσφαιριστής\n\n== Θάνατοι ==\n*[[1257]] - [[Αικατερίνη της Αγγλίας|Αικατερίνη]], πριγκίπισσα της Αγγλίας\n*[[1270]] - [[Μπέλα Δ΄ της Ουγγαρίας|Μπέλα Δ΄]], βασιλιάς της Ουγγαρίας\n*[[1294]] - [[Ιωάννης Α΄ της Βραβάντης|Ιωάννης Α΄]], δούκας της Βραβάντης\n*[[1330]] - [[Αλέξιος Β΄ Μέγας Κομνηνός]], αυτοκράτορας της Τραπεζούντας\n*[[1410]] - [[Αντίπαπας Αλέξανδρος Ε΄]]\n*[[1481]] - [[Μωάμεθ Β΄ ο Πορθητής]], Οθωμανός σουλτάνος\n*[[1589]] - [[Ιούλιος του Βολφενμπύτελ|Ιούλιος]], πρίγκιπας του Βολφενμπύτελ\n*[[1616]] - [[Ουίλλιαμ Σαίξπηρ]], Άγγλος συγγραφέας\n*[[1704]] - [[Χάινριχ Ίγκνατς Μπίμπερ]], Βοημός συνθέτης\n*[[1758]] - [[Πάπας Βενέδικτος ΙΔ΄]]\n*[[1890]] - [[Ρόκκος Χοϊδάς]], Έλληνας δικαστικός και πολιτικός\n*[[1925]] - [[Κλεμάν Αντέρ]], Γάλλος μηχανικός\n*[[1957]] - [[Σπύρος Παπαλουκάς]], Έλληνας ζωγράφος\n*[[1958]] - [[Γεώργιος Παππάς]], Έλληνας ηθοποιός\n*[[1961]] - [[Μωρίς Μερλώ-Ποντύ]], Γάλλος φιλόσοφος\n*[[1968]] - [[Απόστολος Παγκούτσος]], Έλληνας πολιτικός\n*[[1980]] - [[Φώτιος Μακρής]], Έλληνας συνδικαλιστής και πολιτικός\n*[[1986]] - [[Γεώργιος Σταμάτης]], Έλληνας πολιτικός\n*[[1987]] - [[Δαλιδά]], Γαλλίδα τραγουδίστρια\n*[[1987]] - [[Μαρία Δεσύλλα – Λαβράνου]], Ελληνίδα ζωγράφος\n*[[1990]] - [[Πατριάρχης Μόσχας Ποιμήν]]\n*[[1994]] - [[Δημήτρης Παπαδήμος]], Έλληνας φωτογράφος\n*[[1996]] - [[Δημήτρης Φάμπας]], Έλληνας κιθαρίστας και συνθέτης\n*[[2008]] - [[Λεοπόλδο Κάλβο Σοτέλο]], Ισπανός πολιτικός\n*[[2011]] - [[Θανάσης Βέγγος]], Έλληνας ηθοποιός\n*[[2014]] - [[Τσετ Γιαστρέμσκι]], Αμερικανός κολυμβητής\n*[[2016]] - [[Γιαντράνκα Στογιάκοβιτς]], Βόσνια τραγουδίστρια\n\n== Αργίες και εορτές ==\n* Παγκόσμια Ημέρα Ελευθερίας του Τύπου.\n\n=== [[Ορθόδοξη Εκκλησία]] ===\n{{Πύλη:Ορθοδοξία/Εορτολόγιο/3 Μαΐου}}\n\n{{Μήνες}}\n\n[[Κατηγορία:Ημέρες του έτους]]"}}}]}]}}