{"batchcomplete":true,"query":{"normalized":[{"fromencoded":false,"from":"4_Δεκεμβρίου","to":"4 Δεκεμβρίου"}],"pages":[{"pageid":3729,"ns":0,"title":"4 Δεκεμβρίου","revisions":[{"slots":{"main":{"contentmodel":"wikitext","contentformat":"text/x-wiki","content":"{{Μήνες Δεκεμβρίου}}\n\n{{center|[[3 Δεκεμβρίου]] &#124; '''4 Δεκεμβρίου''' &#124; [[5 Δεκεμβρίου]]}}\n\n----\nΗ '''4η Δεκεμβρίου''' είναι η 338η ημέρα του έτους κατά το [[Γρηγοριανό ημερολόγιο]] (339η σε δίσεκτα έτη). Υπολείπονται 27 ημέρες.\n\n{{ΗμερολόγιοΣεΠίνακα|12}}\n\n== Γεγονότα ==\n*[[771]] - Πεθαίνει ο βασιλιάς της [[Αυστρασία]]ς, [[Καρλομάν Α΄]], αφήνοντας τον αδελφό του, [[Καρλομάγνος|Καρλομάγνο]], βασιλιά ολόκληρης της [[Φραγκία]]ς.\n*[[1110]] - Το [[Βασίλειο της Ιερουσαλήμ]] καταλαμβάνει τη [[Σιδώνα]].\n*[[1259]] - Οι βασιλείς [[Λουδοβίκος Θ΄ της Γαλλίας]] και [[Ερρίκος Γ΄ της Αγγλίας]] συμφωνούν με τη Συνθήκη των Παρισίων, κατά την οποία ο Ερρίκος παραιτείται από τις αξιώσεις του στα ελεγχόμενα από τους [[Γαλλία|Γάλλους]] εδάφη στην ηπειρωτική [[Ευρώπη]] (συμπεριλαμβανομένης της [[Νορμανδία]]ς) σε αντάλλαγμα για την απόσυρση της υποστήριξης του Λουδοβίκου στους [[Αγγλία|Άγγλους]] επαναστάτες. \n*[[1563]] - Λαμβάνει χώρα η τελευταία συνεδρίαση της [[Σύνοδος του Τρέντο|Συνόδου του Τρέντο]].\n*[[1676]] - Ο στρατός της [[Δανία]]ς υπό τη διοίκηση του βασιλιά [[Χριστιανός Ε΄ της Δανίας|Χριστιανού Ε΄]] ηττάται από τον [[Σουηδία|σουηδικό]] στρατό στη μάχη της [[Λουντ]].\n*[[1745]] - Ο στρατός του Κάρολου Εδουάρδου Στιούαρτ φτάνει στο [[Ντέρμπι]], το απώτατο σημείο του κατά τη διάρκεια της [[Εξέγερση των Ιακωβιτών (1745)|Εξέγερσης των Ιακωβιτών]].\n*[[1783]] - Ο [[Ηνωμένες Πολιτείες Αμερικής|Αμερικανός]] στρατηγός [[Τζορτζ Ουάσινγκτον]] αποχαιρετά στη [[Νέα Υόρκη]] τους αξιωματικούς του.\n*[[1786]] - Την ημέρα της γιορτής της [[Αγία Βαρβάρα (μεγαλομάρτυς)|Αγίας Βαρβάρας]], εγκαινιάζεται η ιεραποστολή της Αγίας Βαρβάρας στη σημερινή Σάντα Μπάρμπαρα της [[Καλιφόρνια]]ς.\n*[[1791]] - Εκδίδεται το πρώτο φύλλο της [[Μεγάλη Βρετανία|βρετανικής]] εφημερίδας ''The Observer'', της πρώτης κυριακάτικης εφημερίδας στον κόσμο.\n*[[1881]] - Εκδίδεται το πρώτο φύλλο των ''[[Los Angeles Times]]''.\n*[[1909]] - Ιδρύεται ο σύλλογος Μόντρεαλ Κανάντιενς, ο παλαιότερος σύλλογος επαγγελματικού [[χόκεϊ επί πάγου]] στον κόσμο. \n*[[1918]] - Ο πρόεδρος των [[Η.Π.Α.]] [[Γούντροου Ουίλσον]] αναχωρεί για τις [[Ανάκτορο των Βερσαλλιών|Βερσαλλίες]], για να συμμετάσχει στις ειρηνευτικές συνομιλίες του [[Α΄ Παγκόσμιος Πόλεμος|Α΄ Παγκοσμίου Πολέμου]], και γίνεται ο πρώτος εν ενεργεία πρόεδρος των Η.Π.Α. που ταξιδεύει στην [[Ευρώπη]].\n*[[1939]] - [[Β΄ Παγκόσμιος Πόλεμος]]: το ''HMS Nelson'' χτυπάει σε [[νάρκη θαλάσσης]] (η οποία αφέθηκε από U-31) στα ανοιχτά των ακτών της [[Σκωτία]]ς και αποσύρεται για επισκευές μέχρι τον Αύγουστο του [[1940]].\n*[[1945]] - Με ψήφους 65 υπέρ και 7 κατά, η [[Γερουσία (ΗΠΑ)|Γερουσία των Η.Π.Α.]] εγκρίνει τη συμμετοχή των [[Η.Π.Α.|Ηνωμένων Πολιτειών]] στον [[Οργανισμός Ηνωμένων Εθνών|Οργανισμό Ηνωμένων Εθνών]].\n*[[1969]] - Ο Φρεντ Χάμπτον και ο Μαρκ Κλαρκ, μέλη του [[Κόμμα Μαύρων Πανθήρων|Κόμματος των Μαύρων Πανθήρων]], πυροβολούνται και σκοτώνονται κατά τη διάρκεια εφόδου από 14 αστυνομικούς του [[Σικάγο|Σικάγου]].\n* [[1977]] - Ο [[Ζαν Μπεντέλ Μποκάσα]] αυτοανακηρύσσεται αυτοκράτορας της [[Κένυα]]ς.\n* [[1992]] - Απόβαση [[Η.Π.Α.|Αμερικάνικων]] δυνάμεων στη [[Σομαλία]].\n\n== Γεννήσεις ==\n*[[1660]] - [[Αντρέ Καμπρά]], Γάλλος συνθέτης και διευθυντής ορχήστρας\n*[[1865]] - [[Έντιθ Κάβελ]], Αγγλίδα νοσοκόμα\n*[[1875]] - [[Ράινερ Μαρία Ρίλκε]], Αυστριακός ποιητής\n*[[1878]] - [[Μιχαήλ Β΄ της Ρωσίας|Μιχαήλ Β΄]], μέγας δούκας της Ρωσίας\n*[[1892]] - [[Φρανθίσκο Φράνκο]], Ισπανός στρατηγός και πολιτικός\n*[[1908]] - [[Άλφρεντ Χέρσεϊ]], Αμερικανός βακτηριολόγος\n*[[1910]] - [[Άλεξ Νορθ]], Αμερικανός συνθέτης\n*[[1913]] - [[Ρόμπερτ Άντλερ]], Αυστριακός εφευρέτης\n*[[1922]] - [[Ζεράρ Φιλίπ]], Γάλλος ηθοποιός\n*[[1925]] - [[Λίνο Λατσεντέλλι]], Ιταλός ορειβάτης\n*[[1925]] - [[Άλμπερτ Μπαντούρα]], Καναδός ψυχολόγος\n*[[1927]] - [[Γιώργος Βελέντζας]], Έλληνας ηθοποιός\n*[[1944]] - [[Ζεντάνι Μουχάμαντ ας Ζεντάνι]], Λίβυος πολιτικός\n*[[1949]] - [[Τζεφ Μπρίτζες]], Αμερικανός ηθοποιός\n*[[1954]] - [[Τόνι Τοντ]], Αμερικανός ηθοποιός και παραγωγός\n*[[1962]] - [[Αλεξάντερ Λιτβινένκο]], Ρώσος πράκτορας\n*[[1963]] - [[Σεργκέι Μπούμπκα]], Ουκρανός αθλητής\n*[[1964]] - [[Τζόναθαν Γκολντστάιν]], Αμερικανός ηθοποιός\n*[[1964]] - [[Σερτάμπ Ερενέρ]], Τουρκάλα τραγουδίστρια\n*[[1964]] - [[Μαρίζα Τομέι]], Αμερικανίδα ηθοποιός\n*[[1969]] - [[Jay-Z]], Αμερικανός ράπερ και παραγωγός\n*[[1974]] - [[Τάσος Τρύφωνος]], Κύπριος παρουσιαστής\n*[[1981]] - [[Κόρτνεϊ Καμζ]], Αμερικανίδα πορνογραφική ηθοποιός\n*[[1984]] - [[Μπρουκ Τέσμακερ]], Αμερικανίδα παλαίστρια και μοντέλο\n*[[1990]] - [[Ντίμα Φιλίποφ]], Έλληνας πετοσφαιριστής\n*[[1999]] - [[Βασίλης Γαλαίος]], Έλληνας ηθοποιός\n\n== Θάνατοι ==\n*[[530 π.Χ.]] - [[Κύρος Β΄ της Περσίας|Κύρος Β΄]], βασιλιάς της Περσίας\n*[[749]] - [[Ιωάννης ο Δαμασκηνός]], Σύριος μοναχός\n*[[771]] - [[Καρλομάν Α΄]], βασιλιάς των Φράγκων\n*[[811]] - [[Κάρολος ο Νεότερος]], βασιλιάς των Φράγκων\n*[[1131]] - [[Ομάρ Καγιάμ]], Πέρσης ποιητής, αστρονόμος, μαθηματικός και φιλόσοφος\n*[[1214]] - [[Γουλιέλμος Α΄ της Σκωτίας|Γουλιέλμος Α΄]], βασιλιάς της Σκωτίας\n*[[1270]] - [[Θεοβάλδος Β΄ της Ναβάρρας|Θεοβάλδος Β΄]], βασιλιάς της Ναβάρρας\n*[[1334]] - [[Πάπας Ιωάννης ΚΒ΄]]\n*[[1642]] - [[Αρμάν Ζαν ντυ Πλεσσί ντε Ρισελιέ]], Γάλλος καρδινάλιος\n*[[1670]] - [[Αλένα Αρζαμάσκαγια]], Ρωσίδα επαναστάτρια\n*[[1679]] - [[Τόμας Χομπς]], Άγγλος φιλόσοφος\n*[[1732]] - [[Τζον Γκέι]], Άγγλος συγγραφέας\n*[[1798]] - [[Λουίτζι Γκαλβάνι]], Ιταλός φυσικός\n*[[1945]] - [[Αδάμ Βαβουράκης]], Έλληνας πολιτικός\n*[[1968]] - [[Άρτσι Μάγιο]], Αμερικανός σκηνοθέτης\n*[[1975]] - [[Χάνα Άρεντ]], Γερμανίδα πολιτική επιστήμονας\n*[[1976]] - [[Πάτροκλος Καραντινός]], Έλληνας αρχιτέκτονας\n*[[1976]] - [[Τόμι Μπόλιν]], Αμερικανός κιθαρίστας\n*[[1976]] - [[Μπέντζαμιν Μπρίτεν]], Άγγλος συνθέτης\n*[[1976]] - [[Βασίλειος Παπαρρηγόπουλος]], Έλληνας πολιτικός\n*[[1985]] - [[Πάνος Παπαρρηγόπουλος]], Έλληνας συγγραφέας\n*[[1993]] - [[Φρανκ Ζάπα]], Αμερικανός τραγουδοποιός\n*[[2004]] - [[Έλενα Σουλιώτη]], Ελληνίδα υψίφωνος\n*[[2009]] - [[Ουμάγκα]], Αμερικανός παλαιστής\n*[[2011]] - [[Σώκρατες (ποδοσφαιριστής)|Σώκρατες]], Βραζιλιάνος ποδοσφαιριστής\n*[[2013]] - [[Κωνσταντίνος Δρακάτος]], Έλληνας ακαδημαϊκός\n*[[2017]] - [[Αλί Αμπντουλάχ Σαλέχ]], πρόεδρος της Υεμένης\n\n== Αργίες και εορτές ==\n{{commonscat|4 December}}\n* Παγκόσμια Ημέρα κατά των ναρκών\n\n=== [[Ορθόδοξη Εκκλησία]] ===\n{{Πύλη:Ορθοδοξία/Εορτολόγιο/4 Δεκεμβρίου}}\n\n{{Μήνες}}\n\n[[Κατηγορία:Ημέρες του έτους]]"}}}]}]}}