{"batchcomplete":true,"query":{"normalized":[{"fromencoded":false,"from":"4_Οκτωβρίου","to":"4 Οκτωβρίου"}],"pages":[{"pageid":3346,"ns":0,"title":"4 Οκτωβρίου","revisions":[{"slots":{"main":{"contentmodel":"wikitext","contentformat":"text/x-wiki","content":"{{Μήνες Οκτωβρίου}}\n\n<center>[[3 Οκτωβρίου]] | '''4 Οκτωβρίου''' | [[5 Οκτωβρίου]]</center>\n\n----\n{{ΗμερολόγιοΣεΠίνακα|10}}\nΗ '''4η Οκτωβρίου''' είναι η 277η ημέρα του έτους κατά το [[Γρηγοριανό ημερολόγιο]] (278η σε δίσεκτα έτη). Υπολείπονται 88 ημέρες.\n\n== Γεγονότα ==\n*[[23]] - Επαναστάτες καταλαμβάνουν και λεηλατούν την [[Κίνα|κινεζική]] πρωτεύουσα Τσανγκάν κατά τη διάρκεια μίας εξέγερσης αγροτών. Δύο μέρες αργότερα θα εκτελέσουν τον αυτοκράτορα [[Ουάνγκ Μανγκ]].\n*[[610]] - Ο [[Ηράκλειος]] φτάνει με πλοίο από την [[Αφρική]] στην [[Κωνσταντινούπολη]] και ανατρέπει τον [[Βυζαντινή Αυτοκρατορία|Βυζαντινό αυτοκράτορα]] [[Φωκάς|Φωκά]].\n*[[1302]] - Υπογράφεται συνθήκη ειρήνης μεταξύ της [[Βυζαντινή Αυτοκρατορία|Βυζαντινής αυτοκρατορίας]] και της [[Γαληνοτάτη Δημοκρατία της Βενετίας|Δημοκρατίας της Βενετίας]].\n*[[1363]] - Οι [[Λαϊκή Δημοκρατία της Κίνας|κινέζικες]] επαναστατικές δυνάμεις των Κόκκινων Σαρικιών με επικεφαλής τον Τσου Γιουαντσάνγκ νικούν στη ναυμαχία της λίμνης Πογιάνγκ, σε μία από τις μεγαλύτερες ναυμαχίες της ιστορίας. \n*[[1582]] - Ο [[Πάπας Γρηγόριος ΙΓ΄]] εφαρμόζει το [[Γρηγοριανό ημερολόγιο]]. Στην [[Ιταλία]], την [[Πολωνία]], την [[Πορτογαλία]] και την [[Ισπανία]], η επόμενη ημέρα είναι η [[15 Οκτωβρίου|15η Οκτωβρίου]]. \n*[[1830]] - [[Βελγική Επανάσταση]]: Η προσωρινή κυβέρνηση του [[Βέλγιο|Βελγίου]] αποχωρεί από το [[Ηνωμένο Βασίλειο των Κάτω Χωρών]].\n*[[1853]] - [[Κριμαϊκός Πόλεμος]]: Η [[Οθωμανική Αυτοκρατορία]] κηρύττει τον πόλεμο στη [[Ρωσική Αυτοκρατορία]].\n*[[1895]] - Διεξάγεται στο Νιούπορτ του [[Ρόουντ Άιλαντ]], το πρώτο [[Αμερικανικό Όπεν γκολφ]].\n*[[1904]] - Ιδρύεται στο [[Γκέτεμποργκ]] της [[Σουηδία]]ς η [[ΙΦΚ Γκέτεμποργκ]].\n*[[1919]] - Ο [[Ελλάδα|ελληνικός]] στρατός απελευθερώνει την [[Ξάνθη]] από τους [[Βούλγαροι|Βούλγαρους]].\n*[[1927]] - Αρχίζει η κατασκευή του [[Εθνικό μνημείο του όρους Ράσμορ|Εθνικού μνημείου του όρους Ράσμορ]].\n*[[1944]] - Ο [[ΕΛΑΣ]] απελευθερώνει την [[Πάτρα]] από τη [[Κατοχή της Ελλάδας 1941-1944|γερμανική κατοχή]]. Καταδρομική επιχείρηση, κατάληψη και απελευθέρωση της [[Σάμος|Σάμου]].\n*[[1957]] - Εκτοξεύεται ο [[Σπούτνικ 1]], ο πρώτος τεχνητός δορυφόρος που τίθεται σε τροχιά γύρω από τη Γη.\n*[[1958]] - Υιοθετείται το ισχύον [[Σύνταγμα της Γαλλίας]].\n*[[1965]] - Ο [[Πάπας Παύλος ΣΤ΄]] φτάνει στη [[Νέα Υόρκη]] και γίνεται ο πρώτος [[Πάπας]] που επισκέπτεται την [[Αμερική]].\n*[[1966]] - Αναβιώνει η βυζαντινή γιορτή των [[Δημήτρια|Δημητριών]] στη [[Θεσσαλονίκη]] ως ετήσιο πολιτιστικό φεστιβάλ.\n*[[1966]] - Η Μπασουτολάνδη ανεξαρτητοποιείται από το [[Ηνωμένο Βασίλειο]] και μετονομάζεται σε [[Λεσότο]].\n*[[1967]] - Ο Ομάρ Αλί Σαϊφουντιέν Γ΄ του [[Μπρουνέι]] παραιτείται υπέρ του γιου του, [[Σουλτάνος Χασανάλ Μπολκιάχ|Χασανάλ Μπολκιάχ]].\n*[[1974]] - Ο [[Κωνσταντίνος Καραμανλής]] ιδρύει τη [[Νέα Δημοκρατία]].\n*[[1985]] - Ιδρύεται το [[Ίδρυμα Ελεύθερου Λογισμικού]] στη [[Μασαχουσέτη]] των [[Ηνωμένες Πολιτείες Αμερικής|Ηνωμένων Πολιτειών]].\n*[[1992]] - El Al Πτήση 1862: [[Boeing 747]] της [[El Al]] συντρίβεται σε δύο πολυκατοικίες στο [[Άμστερνταμ]], σκοτώνοντας 43 άτομα εκ των οποίων 39 στο έδαφος. \n* [[1999]] - Από τη σύγκρουση πούλμαν που μετέφερε οπαδούς του ΠΑΟΚ και ενός φορτηγού στα [[Τέμπη]], ανατρέπεται το πούλμαν και πέφτει σε χαράδρα, με αποτέλεσμα να σκοτωθούν 7 φίλαθλοι και άλλοι 27 να τραυματιστούν.\n* [[1999]] - Κάνει πρεμιέρα το τηλεπαιχνίδι [[Ποιος Θέλει Να Γίνει Εκατομμυριούχος]] στην [[Ελλάδα]].\n* [[2005]] - Επίσημη έναρξη των διαπραγματεύσεων ένταξης της Τουρκίας στην [[Ευρωπαϊκή Ένωση]].\n* [[2009]] - Νίκη του [[ΠΑΣΟΚ]] με 10,5 μονάδες διαφορά και 160 έδρες «έβγαλε» η κάλπη. Πεντακομματική Βουλή με [[ΠΑΣΟΚ]] 43,92%, [[Νέα Δημοκρατία]] 33,48% 91, [[Κ.Κ.Ε.]] 7,54% 21, [[Λαϊκός Ορθόδοξος Συναγερμός|ΛΑ.Ο.Σ]] 5,63% 15 και [[ΣΥ.ΡΙΖ.Α.]] 4,60% 13 να την αποτελούν. Την επόμενη μέρα ο [[Γιώργος Παπανδρέου]] ορκίστηκε [[πρωθυπουργός]].\n\n== Γεννήσεις ==\n*[[1160]] - [[Άλυς της Γαλλίας, κόμισσα του Βεξάν]]\n*[[1274]] - [[Ροδόλφος Α΄ της Βαυαρίας]], δούκας της Άνω Βαυαρίας\n*[[1289]] - [[Λουδοβίκος Ι΄ της Γαλλίας|Λουδοβίκος Ι']], βασιλιάς της Γαλλίας\n*[[1379]] - [[Ερρίκος Γ΄ της Καστίλης|Ερρίκος Γ']], βασιλιάς της Καστίλης\n*[[1472]] - [[Λούκας Κράναχ ο Πρεσβύτερος]], Γερμανός ζωγράφος\n*[[1528]] - [[Φρανθίσκο Γκερέρο]], Ισπανός συνθέτης\n*[[1550]] - [[Κάρολος Θ΄ της Σουηδίας|Κάρολος Θ']], βασιλιάς της Σουηδίας\n*[[1626]] - [[Ρίτσαρντ Κρόμγουελ]], Άγγλος πολιτικός\n*[[1676]] - [[Αλεξάντερ Σέλκιρκ]], Σκωτσέζος ναυτικός\n*[[1759]] - [[Γιόχαν Φίλιππ Ζίμπενκέες]], Γερμανός φιλόλογος\n*[[1814]] - [[Ζαν Φρανσουά Μιγέ]], Γάλλος ζωγράφος\n*[[1822]] - [[Ράδερφορντ Χαίηζ]], 19ος πρόεδρος των Η.Π.Α.\n*[[1881]] - [[Βάλτερ φον Μπράουχιτς]], Γερμανός στρατάρχης\n*[[1892]] - [[Ένγκελμπερτ Ντόλφους]], Αυστριακός πολιτικός\n*[[1895]] - [[Μπάστερ Κίτον]], Αμερικανός ηθοποιός και σκηνοθέτης\n*[[1903]] - [[Ερνστ Κάλτενμπρουνερ]], Αυστριακός στρατιωτικός\n*[[1913]] - [[Μαρσιάλ Σελεστέν]], πρωθυπουργός της Αϊτής\n*[[1916]] - [[Βιτάλι Γκίνζμπουργκ]], Ρώσος φυσικός\n*[[1923]] - [[Τσάρλτον Ίστον]], Αμερικανός ηθοποιός\n*[[1941]] - [[Ρόμπερτ Γουίλσον]], Αμερικανός σκηνοθέτης και θεατρικός συγγραφέας\n*[[1942]] - [[Γιόχανα Σιγκουρδαντότιρ]], Ισλανδή πολιτικός\n*[[1946]] - [[Σούζαν Σαράντον]], Αμερικανίδα ηθοποιός\n*[[1956]] - [[Κρίστοφ Βαλτς]], Αυστριακός ηθοποιός\n*[[1967]] - [[Λιβ Σράιμπερ]], Αμερικανός ηθοποιός\n*[[1970]] - [[Μάρτιν Βάνιακ]], Τσέχος ποδοσφαιριστής\n*[[1973]] - [[Αμπύς]], Αμερικανός παλαιστής\n*[[1975]] - [[Πάνος Κιάμος]], Έλληνας τραγουδιστής \n*[[1975]] - [[Αλεσάντρο Μαντσίνι]], πολιτικός από τον Άγιο Μαρίνο\n*[[1980]] - [[Τομάς Ροσίτσκι]], Τσέχος ποδοσφαιριστής\n*[[1983]] - [[Μάριος Νικολάου]], Κύπριος ποδοσφαιριστής\n*[[1984]] - [[Λένα Κάτινα]], Ρωσίδα τραγουδίστρια ([[Tatu]])\n*[[1988]] - [[Ντέρικ Ρόουζ]], Αμερικανός καλαθοσφαιριστής\n*[[1991]] - [[Λούκας Βιγιαφάνιες]], Αργεντινός ποδοσφαιριστής\n*[[1995]] - [[Μίκολας Γιόζεφ]], Τσέχος τραγουδιστής\n*2007 - Μηνάς Αραπάκης, Έλληνας επαγγελματίας ποδοσφαιριστής\n\n== Θάνατοι ==\n*[[744]] - [[Γιαζίντ Γ΄]], Άραβας χαλίφης\n*[[987]] - [[Μάτσου]], Κινέζα θεά\n*[[1160]] - [[Κωνσταντία της Καστίλης]], βασίλισσα της Γαλλίας\n*[[1518]] - [[Γουλιέλμος Θ΄ του Μομφερράτου|Γουλιέλμος Θ΄]], μαρκήσιος του Μομφερράτου\n*[[1669]] - [[Ρέμπραντ]], Ολλανδός ζωγράφος\n*[[1747]] - [[Αμάρο Πάργο]], Ισπανός κουρσάρος \n*[[1800]] - [[Ζαν Ερμάν]], Γάλλος ιατρός και φυσιοδίφης\n*[[1827]] - [[Γρηγόριος Ζαλύκης]], Έλληνας διπλωμάτης και λεξικογράφος\n*[[1851]] - [[Μανουέλ ντε Γοδόι]], Ισπανός πολιτικός\n*[[1890]] - [[Κάθριν Μπουθ]], Αγγλίδα συνιδρυτής του [[Στρατός της Σωτηρίας|Στρατού της Σωτηρίας]]\n*[[1903]] - [[Όττο Βάινινγκερ]], Αυστριακός φιλόσοφος\n*[[1904]] - [[Ωγκύστ Μπαρτολντί]], Γάλλος γλύπτης\n*[[1910]] - [[Παύλος Νικολαΐδης]], Έλληνας οπλαρχηγός\n*[[1947]] - [[Μαξ Πλανκ]], Γερμανός φυσικός\n*[[1955]] - [[Αλέξανδρος Παπάγος]], Έλληνας στρατηγός και πολιτικός\n*[[1968]] - [[Ηρακλής Μπάτζιος]], Έλληνας πολιτικός\n*[[1970]] - [[Τζάνις Τζόπλιν]], Αμερικανίδα τραγουδίστρια\n*[[1974]] - [[Ανν Σέξτον]], Αμερικανίδα ποιήτρια\n*[[1982]] - [[Γκλεν Γκουλντ]], Καναδός πιανίστας\n*[[1982]] - [[Στέφανος Χ. Στεφανόπουλος]], Έλληνας πολιτικός\n*[[1984]] - [[Βερνάρδος της Σαξονίας-Μάινινγκεν|Βερνάρδος]], πρίγκιπας της Σαξονίας-Μάινινγκεν\n*[[1997]] - [[Αθανάσιος Τσαλδάρης]], Έλληνας πολιτικός\n*[[2009]] - [[Μερσέδες Σόσα]], Αργεντινή τραγουδίστρια\n\n== Αργίες και εορτές ==\n* Παγκόσμια Γιορτή Πουλιών\n* Παγκόσμια ημέρα προστασίας των ζώων ([[Φραγκίσκος της Ασίζης|Αγίου Φραγκίσκου της Ασίζης]], προστάτη των ζώων και των πουλιών)\n* Γιορτάζουν: Ιερόθεος, Φραγκίσκος, Φραντζέσκος, Φραντζίσκος, Φραντζέσκα\n\n=== [[Ορθόδοξη Εκκλησία]] ===\n{{Πύλη:Ορθοδοξία/Εορτολόγιο/4 Οκτωβρίου}}\n\n\n{{Μήνες}}\n\n[[Κατηγορία:Ημέρες του έτους]]"}}}]}]}}