{"batchcomplete":true,"query":{"normalized":[{"fromencoded":false,"from":"4_Απριλίου","to":"4 Απριλίου"}],"pages":[{"pageid":6331,"ns":0,"title":"4 Απριλίου","revisions":[{"slots":{"main":{"contentmodel":"wikitext","contentformat":"text/x-wiki","content":"{{Μήνες Απριλίου}}\n\n<center>[[3 Απριλίου]] | '''4 Απριλίου''' | [[5 Απριλίου]] </center>\n\n----\nΗ '''4η Απριλίου''' είναι η 94η ημέρα του έτους κατά το [[Γρηγοριανό ημερολόγιο]].  Υπολείπονται 271 ημέρες.\n\n{{ΗμερολόγιοΣεΠίνακα|4}}\n\n== Γεγονότα ==\n*[[1081]] - Ο [[Αλέξιος Α΄ Κομνηνός]] στέφεται [[Βυζαντινή αυτοκρατορία|Βυζαντινός αυτοκράτορας]] στην [[Βυζαντινή Κωνσταντινούπολη|Κωνσταντινούπολη]].\n*[[1147]] - Πρώτη ιστορική καταγραφή της [[Μόσχα]]ς.\n*[[1460]] - Ιδρύεται το Πανεπιστήμιο της [[Βασιλεία (Ελβετία)|Βασιλείας]].\n*[[1581]] - Ο [[Φράνσις Ντρέικ]] χρίζεται ιππότης επειδή ολοκλήρωσε τον περίπλου της Γης.\n*[[1660]] - Διακήρυξη της Μπρέντα από τον βασιλιά [[Κάρολος Β΄ της Αγγλίας|Κάρολο Β΄ της Αγγλίας]]. \n*[[1818]] - Το [[Κογκρέσο των Ηνωμένων Πολιτειών]] υιοθετεί τη [[σημαία των Ηνωμένων Πολιτειών]] με 13 κόκκινες και λευκές ρίγες και ένα αστέρι για κάθε πολιτεία (τότε 20).\n*[[1841]] - Ο [[Ουίλιαμ Χένρι Χάρισον]] πεθαίνει από [[πνευμονία]] και γίνεται ο πρώτος [[πρόεδρος των Ηνωμένων Πολιτειών]] που πεθαίνει εν ενεργεία και κάνοντας ρεκόρ για την πιο σύντομη σε διάρκεια προεδρία. \n*[[1865]] - [[Αμερικανικός Εμφύλιος Πόλεμος]]: Μία μέρα αφότου οι δυνάμεις της [[Ένωση (Αμερικανικός Εμφύλιος Πόλεμος)|Ένωσης]] κατέλαβαν το [[Ρίτσμοντ (Βιρτζίνια)]], ο Αμερικανός πρόεδρος [[Αβραάμ Λίνκολν]] επισκέπτεται την πρωτεύουσα των [[Συνομόσπονδες Πολιτείες της Αμερικής|Συνομόσπονδων Πολιτειών]].    \n*[[1905]] - [[Σεισμός]] στην [[Ινδία]] σκοτώνει 20.000 άτομα και καταστρέφει πολλά κτίρια.\n*[[1913]] – [[Α΄ Βαλκανικός Πόλεμος]]: Ο [[Έλληνες|Έλληνας]] πιλότος [[Εμμανουήλ Αργυρόπουλος]] γίνεται το πρώτο θύμα της [[Ελληνική Πολεμική Αεροπορία|Ελληνικής Πολεμικής Αεροπορίας]] όταν το αεροπλάνο του συντρίβεται.\n*[[1925]] - Ιδρύεται στη [[Γερμανία]] η [[Σουτσστάφφελ]] (SS).\n*[[1942]] - Το [[Γλαύκος ΙΙ (υποβρύχιο)|υποβρύχιο ''Γλαύκος ΙΙ'']] βυθίζεται κατά τη διάρκεια [[Ναζιστική Γερμανία|γερμανικής]] αεροπορικής επίθεσης στο [[λιμάνι]] της [[Βαλέτα]] στη [[Μάλτα]].\n*[[1944]] - [[Β΄ Παγκόσμιος Πόλεμος]]: [[Αγγλία|Αγγλο]]-[[Ηνωμένες Πολιτείες Αμερικής|αμερικανικές]] δυνάμεις βομβαρδίζουν διυλιστήρια πετρελαίου στο [[Βουκουρέστι]].\n*[[1945]] - [[Β΄ Παγκόσμιος Πόλεμος]]: Τα [[Ηνωμένες Πολιτείες Αμερικής|αμερικανικά]] στρατεύματα καταλαμβάνουν το [[Κάσσελ (Έσση)|Κάσσελ]].\n*[[1945]] - [[Β΄ Παγκόσμιος Πόλεμος]]: Τα [[Ένωση Σοβιετικών Σοσιαλιστικών Δημοκρατιών|σοβιετικά]] στρατεύματα απελευθερώνουν την [[Ουγγαρία]] από τη [[Ναζιστική Γερμανία|γερμανική]] κατοχή και καταλαμβάνουν τη χώρα.\n*[[1946]] - Ο δικαστικός [[Παναγιώτης Πουλίτσας]] ορκίζεται υπηρεσιακός [[Πρωθυπουργός της Ελληνικής Δημοκρατίας|πρωθυπουργός της Ελλάδας]].\n*[[1949]] - Δώδεκα χώρες υπογράφουν το Βορειοατλαντικό Σύμφωνο δημιουργώντας το [[ΝΑΤΟ]].\n*[[1964]] - Οι [[The Beatles|Beatles]] καταλαμβάνουν τις πέντε πρώτες θέσεις του [[Billboard Hot 100]].\n*[[1967]] - Ο [[Μάρτιν Λούθερ Κινγκ]] εκφωνεί στη [[Νέα Υόρκη]] τον λόγο του «Πέρα από το Βιετνάμ».\n*[[1968]] - Ο [[Μάρτιν Λούθερ Κινγκ]] δολοφονείται από τον Τζέημς Ερλ Ρέυ σε ένα μοτέλ στο [[Μέμφις (Τενεσσί)]].\n*[[1968]] - [[Απόλλων (διαστημικό πρόγραμμα)|Πρόγραμμα Απόλλων]]: Η [[NASA]] εκτοξεύει την αποστολή [[Απόλλων 6]].\n*[[1968]] - Η [[Α.Ε.Κ. (καλαθοσφαίριση)|Α.Ε.Κ.]] κατακτά το [[Κύπελλο Κυπελλούχων Ευρώπης καλαθοσφαίρισης ανδρών 1967-68|Κύπελλο Κυπελλούχων Ευρώπης]] στην [[καλαθοσφαίριση]] νικώντας τη Σλάβια Πράγας στον τελικό, ο οποίος διεξάγεται στο [[Παναθηναϊκό Στάδιο]] ενώπιον 80.000 θεατών.\n*[[1969]] - Ο [[Ντέντον Κούλεϊ]] εμφυτεύει την πρώτη προσωρινή τεχνητή καρδιά.\n*[[1973]] - Εγκαινιάζεται επίσημα το [[Παγκόσμιο Κέντρο Εμπορίου]] στη [[Νέα Υόρκη]].\n*[[1975]] - Ο [[Μπιλ Γκέιτς]] και ο [[Πολ Άλεν]] ιδρύουν τη [[Microsoft]] στην [[Αλμπουκέρκη]] του [[Νέο Μεξικό|Νέου Μεξικού]]. \n*[[1977]] - Τελευταία μέρα λειτουργία του [[Τραμ Περάματος]].\n*[[1979]] - Εκτελείται ο πρωθυπουργός του [[Πακιστάν]] [[Ζούλφικαρ Άλι Μπούτο]].\n\n== Γεννήσεις ==\n*[[188]] - [[Καρακάλλας]], Ρωμαίος αυτοκράτορας\n*[[1661]] - [[Λουδοβίκος Αρμάνδος Α΄ του Κοντί|Λουδοβίκος Αρμάνδος Α΄]], πρίγκιπας του Κοντί\n*[[1758]] - [[Πιερ-Πωλ Πρυντόν]], Γάλλος ζωγράφος\n*[[1819]] - [[Μαρία Β΄ της Πορτογαλίας|Μαρία Β΄]], βασίλισσα της Πορτογαλίας\n*[[1846]] - [[Λωτρεαμόν]], Γάλλος ποιητής\n*[[1884]] - [[Ιζορόκου Γιαμαμότο]], Ιάπωνας ναύαρχος\n*[[1896]] - [[Ρόμπερτ Σέργουντ]], Αμερικανός θεατρικός συγγραφέας\n*[[1913]] - [[Μάντι Γουότερς]], Αμερικανός τραγουδοποιός\n*[[1914]] - [[Μαργκερίτ Ντυράς]], Γαλλίδα συγγραφέας και σκηνοθέτης\n*[[1920]] - [[Πατριάρχης Αντιοχείας Ιγνάτιος Δ΄]]\n*[[1928]] - [[Μάγια Αγγέλου]], Αμερικανίδα συγγραφέας\n*[[1932]] - [[Άντονι Πέρκινς]], Αμερικανός ηθοποιός\n*[[1932]] - [[Αντρέι Ταρκόφσκι]], Ρώσος σκηνοθέτης\n*[[1945]] - [[Ντανιέλ Κον-Μπεντίτ]], Γερμανός πολιτικός και ακτιβιστής\n*[[1949]] - [[Λίτσα Διαμάντη]], Ελληνίδα τραγουδίστρια\n*[[1949]] - [[Αμπντουλάχ Οτζαλάν]], Κούρδος ηγέτης\n*[[1952]] - [[Πατριάρχης Θεόφιλος Γ΄ Ιεροσολύμων]]\n*[[1952]] - [[Γκάρι Μουρ]], Βορειοϊρλανδός τραγουδοποιός\n*[[1957]] - [[Άκι Καουρισμάκι]], Φινλανδός σκηνοθέτης\n*[[1958]] - [[Πέτερ Μπάλτες]], Γερμανός μπασίστας\n*[[1960]] - [[Αζίμ Ιζαμπέκοφ]], πρωθυπουργός της Κιργιζίας\n*[[1960]] - [[Ζοζέ Πεσέιρο]], Πορτογάλος προπονητής\n*[[1965]] - [[Ρόμπερτ Ντάουνι Τζούνιορ]], Αμερικανός ηθοποιός\n*[[1966]] - [[Χρήστος Τσέκος (καλαθοσφαιριστής)|Χρήστος Τσέκος]], Έλληνας καλαθοσφαιριστής\n*[[1967]] - [[Γιώργος Μαυρωτάς]], Έλληνας υδατοσφαιριστής\n*[[1970]] - [[Γιώργος Αμανατίδης]], Έλληνας ποδοσφαιριστής\n*[[1970]] - [[Δημήτρης Μπάσης]], Έλληνας τραγουδιστής \n*[[1979]] - [[Χιθ Λέτζερ]], Αυστραλός ηθοποιός\n*[[1985]] - [[Ρούντι Φερνάντεθ]], Ισπανός καλαθοσφαιριστής\n*[[1987]] - [[Μάρκος Βελλίδης]], Έλληνας ποδοσφαιριστής\n*[[1987]] - [[Σάμι Κεντίρα]], Γερμανός ποδοσφαιριστής\n*[[1991]] - [[Τζέιμι Λιν Σπίαρς]], Αμερικανή τραγουδίστρια και ηθοποιός\n*[[1996]] - [[Όστιν Μαχόουν]], Αμερικανός τραγουδιστής\n\n== Θάνατοι ==\n*[[397]] - [[Αμβρόσιος Μεδιολάνων|Άγιος Αμβρόσιος]], επίσκοπος Μεδιολάνων\n*[[896]] - [[Πάπας Φορμόζος]]\n*[[1147]] – [[Φρειδερίκος Β΄ της Σουαβίας|Φρειδερίκος Β΄]], δούκας της Σουαβίας\n*[[1284]] - [[Αλφόνσος Ι΄ της Καστίλης]], βασιλιάς της Καστίλης\n*[[1292]] - [[Πάπας Νικόλαος Δ΄]]\n*[[1406]] - [[Ροβέρτος Γ΄ της Σκωτίας|Ροβέρτος Γ΄]], βασιλιάς της Σκωτίας\n*[[1536]] - [[Φρειδερίκος Α΄ του Βρανδεμβούργου-Άνσμπαχ|Φρειδερίκος Α΄]], μάργραβος του Βρανδεμβούργου-Άνσμπαχ\n*[[1588]] - [[Φρειδερίκος Β΄ της Δανίας|Φρειδερίκος Β΄]], βασιλιάς της Δανίας\n*[[1807]] - [[Ζερόμ Λαλάντ]], Γάλλος αστρονόμος\n*[[1817]] - [[Αντρέ Μασσενά]], Γάλλος στρατάρχης\n*[[1837]] - [[Λουί-Σεμπαστιάν Λενορμάν]], Γάλλος φυσικός\n*[[1841]] - [[Γιάκομπ Λινκ]], Γερμανός ζωγράφος και αρχαιολόγος\n*[[1841]] - [[Ουίλιαμ Χένρι Χάρισον]], 9ος πρόεδρος των Η.Π.Α.\n*[[1870]] - [[Χάινριχ Γκούσταβ Μάγκνους]], Γερμανός χημικός και φυσικός\n*[[1879]] - [[Ερρίκος Γουλιέλμος Ντόβε]], Γερμανός φυσικός\n*[[1913]] - [[Εμμανουήλ Αργυρόπουλος]], Έλληνας αεροπόρος\n*[[1913]] - [[Κωνσταντίνος Μάνος (ποιητής)|Κωνσταντίνος Μάνος]], Έλληνας αγωνιστής και ποιητής\n*[[1919]] - [[Ουίλιαμ Κρουκς]], Άγγλος χημικός και φυσικός\n*[[1923]] - [[Τζον Βενν]], Άγγλος μαθηματικός\n*[[1928]] - [[Κωνσταντίνος Μαλέας]], Έλληνας ζωγράφος\n*[[1929]] - [[Καρλ Μπεντς]], Γερμανός μηχανικός και εφευρέτης\n*[[1941]] - [[Εμινέ Ναζικεντά Καντινεφέντι]], Οθωμανή σουλτάνα\n*[[1953]] - [[Κάρολος Β΄ της Ρουμανίας|Κάρολος Β΄]], βασιλιάς της Ρουμανίας\n*[[1966]] - [[Μιχαήλ Πετρίδης]], Έλληνας γιατρός και πολιτικός\n*[[1968]] - [[Μάρτιν Λούθερ Κινγκ]], Αμερικανός ακτιβιστής\n*[[1979]] - [[Ζούλφικαρ Άλι Μπούτο]], Πακιστανός πολιτικός\n*[[1980]] - [[Γκίκας Μπινιάρης]], Έλληνας ηθοποιός\n*[[1982]] - [[Θουκυδίδης Βαλεντής]], Έλληνας αρχιτέκτονας\n*[[1983]] - [[Γκλόρια Σουάνσον]], Αμερικανίδα ηθοποιός\n*[[1984]] - [[Μιχαήλ Γαληνός]], Έλληνας πολιτικός\n*[[1985]] - [[Σωτηρία Ιατρίδου]], Ελληνίδα ηθοποιός\n*[[1991]] - [[Μαξ Φρις]], Ελβετός συγγραφέας\n*[[1993]] - [[Άλφρεντ Μόσερ Μπατς]], Αμερικανός αρχιτέκτονας και εφευρέτης του [[Σκραμπλ]]\n*[[2005]] - [[Μαρίκα Τζιραλίδου]], Ελληνίδα ηθοποιός\n*[[2011]] - [[Τζουλιάνο Μερ Καμίς]], Ισραηλινός ηθοποιός, σκηνοθέτης και ακτιβιστής\n*[[2012]] - [[Δημήτρης Χριστούλας]], Έλληνας αυτόχειρας\n*[[2013]] - [[Ρότζερ Ίμπερτ]], Αμερικανός δημοσιογράφος, κριτικός και σεναριογράφος\n*[[2014]] - [[Κούμπα Ιαλά]], πολιτικός της Γουινέας-Μπισσάου\n*[[2016]] - [[Τσους Λαμπρεάβε]], Ισπανίδα ηθοποιός\n\n== Αργίες και εορτές ==\n* Ημέρα των ηρώων στο [[Λεσότο]]\n* Ημέρα του παιδιού σε [[Χονγκ Κονγκ]] και [[Ταϊβάν]]\n* Παγκόσμια ημέρα κατά των ναρκών\n\n=== [[Ορθόδοξη Εκκλησία]] ===\n{{Πύλη:Ορθοδοξία/Εορτολόγιο/4 Απριλίου}}\n\n{{Μήνες}}\n\n[[Κατηγορία:Ημέρες του έτους]]"}}}]}]}}