{"batchcomplete":true,"query":{"normalized":[{"fromencoded":false,"from":"4_Αυγούστου","to":"4 Αυγούστου"}],"pages":[{"pageid":3003,"ns":0,"title":"4 Αυγούστου","revisions":[{"slots":{"main":{"contentmodel":"wikitext","contentformat":"text/x-wiki","content":"{{Μήνες Αυγούστου}}\n\n<center>[[3 Αυγούστου]] | '''4 Αυγούστου''' | [[5 Αυγούστου]]</center>\n\n----\nΗ '''4η Αυγούστου''' είναι η 216η ημέρα του έτους κατά το [[Γρηγοριανό ημερολόγιο]] (217η σε δίσεκτα έτη). Υπολείπονται 149 ημέρες.\n\n{{ΗμερολόγιοΣεΠίνακα|8}}\n\n== Γεγονότα ==\n*[[367]] - Ο [[Γρατιανός]] λαμβάνει τον τίτλο του [[Αύγουστος (τίτλος)|Αυγούστου]] υπό τον πατέρα του, [[Ουαλεντινιανός Α΄|Ουαλεντινιανό Α΄]].\n*[[1265]] - [[Δεύτερος πόλεμος των βαρώνων]]: μάχη του Ίβσαμ. Ο στρατός του πρίγκιπα Εδουάρδου (μελλοντικού βασιλιά [[Εδουάρδος Α΄ της Αγγλίας|Εδουάρδου Α΄ της Αγγλίας]]) νικά τις δυνάμεις των επαναστατημένων βαρόνων, σκοτώνοντας τον επικεφαλής τους, Σάιμον ντε Μόνφορτ, 6ο κόμη του Λέστερ, και πολλούς από τους συμμάχους του.\n*[[1704]] - [[Πόλεμος της Ισπανικής Διαδοχής]]: το [[Γιβραλτάρ]] καταλαμβάνεται από τον [[Αγγλία|αγγλικό]] και τον [[Ολλανδία|ολλανδικό]] στόλο και με σύμμαχο τον [[Κάρολος ΣΤ΄ της Αγίας Ρωμαϊκής Αυτοκρατορίας|αρχιδούκα Κάρολο]].\n* [[1789]] - Καταργείται η [[φεουδαρχία]] στη [[Γαλλία]].\n*[[1821]] - Ξεκινά η [[Μάχη του Σταυρού]] (1821).\n*[[1865]] - Με βασιλικό διάταγμα, ο ''[[Ύμνος εις την Ελευθερίαν]]'' που γράφηκε από το [[Διονύσιος Σολωμός|Διονύσιο Σολωμό]] και μελοποιήθηκε από το [[Νικόλαος Μάντζαρος|Νικόλαο Μάντζαρο]] καθιερώνεται ως [[εθνικός ύμνος]] της [[Ελλάδα]]ς.\n* [[1914]] - [[Α΄ Παγκόσμιος Πόλεμος]]: Η [[Γερμανία]] εισβάλλει στο [[Βέλγιο]]. Ως απάντηση το [[Ηνωμένο Βασίλειο]] κηρύσσει τον πόλεμο κατά της Γερμανίας.\n* [[1936]] - Αρχίζει η περίοδος της δικτατορίας του [[Ιωάννης Μεταξάς|Ιωάννη Μεταξά]]\n*[[1964]] - [[Η.Π.Α.|Αμερικανικό]] κίνημα για τα πολιτικά δικαιώματα: οι ακτιβιστές για τα πολιτικά δικαιώματα Μάικλ Σβέρνερ, [[Άντριου Γκούντμαν]] και Τζέιμς Τσάνεϊ βρίσκονται νεκροί στο [[Μισισίπι]] μετά την εξαφάνισή τους στις [[21 Ιουνίου]]. \n*[[1965]] - Καταψηφίζεται στη [[Βουλή των Ελλήνων|Βουλή]] η [[Κυβέρνηση Γεωργίου Αθανασιάδη-Νόβα 1965|κυβέρνηση Αθανασιάδη-Νόβα]] και παραιτείται την επομένη.\n*2020 - [[Έκρηξη στο λιμάνι της Βηρυτού (2020)]]\n\n== Γεννήσεις ==\n*[[1136]] - [[Ουμβέρτος Γ΄ της Σαβοΐας|Ουμβέρτος Γ΄]], κόμης της Σαβοΐας\n*[[1290]] - [[Λεοπόλδος Α΄ της Αυστρίας|Λεοπόλδος Α΄]], δούκας της Αυστρίας\n*[[1463]] - [[Λαυρέντιος των Μεδίκων ο νεότερος]], Ιταλός πολιτικός\n*[[1521]] - [[Πάπας Ουρβανός Ζ΄]]\n*[[1755]] - [[Νικολά-Ζακ Κοντέ]], Γάλλος ζωγράφος και εφευρέτης\n*[[1792]] - [[Πέρσι Σέλλεϋ]], Άγγλος ποιητής\n*[[1805]] - [[Γουίλιαμ Ρόουαν Χάμιλτον]], Ιρλανδός φυσικός, αστρονόμος και μαθηματικός\n*[[1834]] - [[Τζον Βενν]], Άγγλος μαθηματικός\n*[[1841]] - [[Γουίλιαμ Χένρι Χάντσον]], Βρετανός συγγραφέας\n*[[1859]] - [[Κνουτ Χάμσουν]], Νορβηγός συγγραφέας\n*[[1900]] - [[Βασιλομήτωρ Ελισάβετ του Ηνωμένου Βασιλείου]]\n*[[1901]] - [[Λούις Άρμστρονγκ]], Αμερικανός τρομπετίστας και τραγουδιστής\n*[[1904]] - [[Βίτολντ Γκομπρόβιτς]], Πολωνός συγγραφέας\n*[[1905]] - [[Σεΐχ Αμπέιντ Αμάνι Καρούμε]], πρόεδρος της Ζανζιβάρης\n*[[1922]] - [[Λόρο Μπορίτσι]], Αλβανός ποδοσφαιριστής\n*[[1936]] - [[Γιώργος Ζωγράφος]], Έλληνας τραγουδιστής\n*[[1936]] - [[Ανδρέας Μπάρκουλης]], Έλληνας ηθοποιός\n*[[1939]] - [[Μπέτυ Αρβανίτη]], Ελληνίδα ηθοποιός\n*[[1942]] - [[Βαγγέλης Βουλγαρίδης]], Έλληνας ηθοποιός\n*[[1947]] - [[Χιούμπερτ Ίνγκραμ]], πολιτικός από τις Μπαχάμες\n*[[1949]] - [[Δάνης Κατρανίδης]], Έλληνας ηθοποιός\n*[[1952]] - [[Εστανισλάου ντα Σίλβα]], πρωθυπουργός του Ανατολικού Τιμόρ\n*[[1960]] - [[Ντιν Μαλένκο]], Αμερικανός παλαιστής\n*[[1960]] - [[Χοσέ Λουίς Ροδρίγκεθ Θαπατέρο]], Ισπανός πολιτικός\n*[[1961]] - [[Μπαράκ Ομπάμα]], 44ος πρόεδρος των Η.Π.Α.\n*[[1961]] - [[Λόρεν Τομ]], Αμερικανίδα ηθοποιός\n*[[1965]] - [[Φρέντρικ Ράινφελντ]], Σουηδός πολιτικός\n*[[1965]] - [[Μίχαελ Σκίμπε]], Γερμανός προπονητής\n*[[1972]] - [[Πρέντραγκ Τζόρτζεβιτς]], Σέρβος ποδοσφαιριστής\n*[[1975]] - [[Νίκος Λυμπερόπουλος]], Έλληνας ποδοσφαιριστής\n*[[1977]] - [[Φράνκι Καζάριαν]], Αμερικανός παλαιστής\n*[[1983]] - [[Νίκος Κοκλώνης]], Έλληνας παρουσιαστής\n\n== Θάνατοι ==\n*[[966]] - [[Βερεγγάριος Β΄ της Ιταλίας|Βερεγγάριος Β΄]], βασιλιάς της Ιταλίας\n*[[1060]] - [[Ερρίκος Α΄ της Γαλλίας|Ερρίκος Α΄]], βασιλιάς της Γαλλίας\n*[[1072]] - [[Ρωμανός Δ΄ Διογένης]], Βυζαντινός αυτοκράτορας\n*[[1306]] - [[Βεγκέσλαος Γ΄ της Βοημίας|Βεγκέσλαος Γ΄]], βασιλιάς της Βοημίας\n*[[1338]] - [[Τόμας του Μπράδερτον, 1ος κόμης του Νόρφολκ]]\n*[[1430]] - [[Φίλιππος του Σαιν-Πολ]], δούκας της Βραβάντης\n*[[1526]] - [[Χουάν Σεμπαστιάν Ελκάνο]], Ισπανός εξερευνητής\n*[[1578]] - [[Σεβαστιανός της Πορτογαλίας|Σεβαστιανός]], βασιλιάς της Πορτογαλίας\n*[[1641]] - [[Όθων Γ΄ του Χάρμπουργκ]], δούκας του Μπράουνσβαϊχ-Λύνεμπουργκ\n*[[1834]] - [[Πανουργιάς]], Έλληνας οπλαρχηγός\n*[[1841]] - [[Γιόχαν Φρίντριχ Χέρμπαρτ]], Γερμανός φιλόσοφος\n*[[1875]] - [[Χανς Κρίστιαν Άντερσεν]], Δανός συγγραφέας\n*[[1900]] - [[Ισαάκ Λεβιτάν]], Ρώσος ζωγράφος\n*[[1922]] - [[Ισμαήλ Εμβέρ]], Τούρκος στρατιωτικός\n*[[1927]] - [[Ευγένιος Ατζέ]], Γάλλος φωτογράφος\n*[[1948]] - [[Μιλέβα Μάριτς]], Σέρβα φυσικός\n*[[1960]] - [[Χρήστος Βόσκογλου]], Έλληνας πολιτικός\n*[[1962]] - [[Δημήτριος Κατάβολος]], Έλληνας πολιτικός\n*[[1964]] - [[Σέργιος Γυαλίστρας]], Έλληνας στρατιωτικός\n*[[1968]] - [[Θεώνη Δρακοπούλου]], Ελληνίδα ποιήτρια\n*[[1971]] - [[Ευάγγελος Αρβανιτάκης]], Έλληνας πολιτικός\n*[[1977]] - [[Ερνστ Μπλοχ]], Γερμανός φιλόσοφος\n*[[1981]] - [[Μέλβιν Ντάγκλας]], Αμερικανός ηθοποιός\n*[[1982]] - [[Μπρους Γκοφ]], Αμερικανός αρχιτέκτονας\n*[[1991]] - [[Νικηφόρος Βρεττάκος]], Έλληνας συγγραφέας\n*[[1991]] - [[Γιώργος Μουφλουζέλης]], Έλληνας τραγουδιστής\n*[[1991]] - [[Ντον ΝταΓκράντι]], Αμερικανός σεναριογράφος\n*[[1997]] - [[Ζαν Καλμάν]], Γαλλίδα υπεραιωνόβια\n*[[2006]] - [[Βασίλης Καζάκος]], Έλληνας ζωγράφος και χαράκτης\n*[[2012]] - [[Λαυρεντία Μπερνιδάκη]], Ελληνίδα τραγουδίστρια\n\n== Αργίες και εορτές ==\n=== [[Ορθόδοξη Εκκλησία]] ===\n{{Πύλη:Ορθοδοξία/Εορτολόγιο/4 Αυγούστου}}\n\n{{Μήνες}}\n\n[[Κατηγορία:Ημέρες του έτους]]"}}}]}]}}