{"batchcomplete":true,"query":{"normalized":[{"fromencoded":false,"from":"4_Ιουνίου","to":"4 Ιουνίου"}],"pages":[{"pageid":1929,"ns":0,"title":"4 Ιουνίου","revisions":[{"slots":{"main":{"contentmodel":"wikitext","contentformat":"text/x-wiki","content":"{{Μήνες Ιουνίου}}\n\n<center>[[3 Ιουνίου]] | '''4 Ιουνίου''' | [[5 Ιουνίου]]</center>\n\n----\nΗ '''4η Ιουνίου''' είναι η 155η μέρα του έτους κατά το [[Γρηγοριανό ημερολόγιο]] (156η σε δίσεκτα έτη). Υπολείπονται 210 μέρες.\n\n{|width=100%\n| __TOC__\n| {{ΗμερολόγιοΣεΠίνακα|6}}\n|}\n\n== Γεγονότα ==\n*[[1411]] - Ο βασιλιάς [[Κάρολος ΣΤ΄ της Γαλλίας]] χορηγεί το μονοπώλιο της ωρίμανσης του τυριού [[ροκφόρ]] στους κατοίκους του Ροκφόρ-συρ-Σουλζόν.\n*[[1615]] - Πολιορκία της [[Οσάκα]]: Δυνάμεις υπό τον [[Τοκουγκάβα Ιεγιάσου]] καταλαμβάνουν το κάστρο της Οσάκα στην [[Ιαπωνία]]. \n*[[1745]] - [[Μάχη του Χόενφρίντμπεργκ]]: ο [[Πρωσία|πρωσικός]] στρατός του [[Φρειδερίκος Β΄ της Πρωσίας|Φρειδερίκου Β΄]] νικά τον [[Αυστρία|αυστριακό]] στρατό υπό τον πρίγκιπα [[Κάρολος Αλέξανδρος της Λωρραίνης|Κάρολο Αλέξανδρο της Λωρραίνης]] κατά τη διάρκεια του [[Πόλεμος της Αυστριακής Διαδοχής|Πολέμου της Αυστριακής Διαδοχής]].\n*[[1783]] - Οι [[αδελφοί Μονγκολφιέ]] επιδεικνύουν δημόσια το αερόστατό τους στο [[Ανοναί]] της Γαλλίας.\n*[[1784]] - Η [[Ελιζαμπέτ Τιμπλ]] γίνεται η πρώτη γυναίκα επιβάτης [[αερόστατο θερμού αέρα|αεροστάτου θερμού αέρα]] στη Γαλλία.\n* [[1876]] - Ένα [[τραίνο|τρένο-εξπρές]], το Transcontinental Express, φτάνει στο [[Σαν Φρανσίσκο]] από τη [[Νέα Υόρκη]], έχοντας διασχίσει τη διαδρομή, σε χρόνο-ρεκόρ για την εποχή, σε 83 ώρες και 39 λεπτά.\n* [[1878]] – Υπογράφεται η [[Συνθήκη Κωνσταντινούπολης (1878)|συνθήκη της Κωνσταντινούπολης]] με την οποία παραχωρείται η Κύπρος από την Οθωμανική Αυτοκρατορία στο Ηνωμένο Βασίλειο.\n* [[1896]] - Ο [[Χένρυ Φορντ]] δοκιμάζει στους δρόμους του [[Ντιτρόιτ]] το πρώτο [[αυτοκίνητο]] που κινείται με [[βενζίνη]], το «Τετράκυκλο». Δεν ήταν παρά μια δικύλινδρη μηχανή ανεβασμένη πάνω σε τέσσερις τροχούς [[Ποδήλατο|ποδηλάτου]], που έπιανε μέγιστη [[ταχύτητα]] 32 χλμ/ώρα.\n* [[1913]] - Η Αγγλίδα σουφραζέτα Εμιλι Ντέιβισον, η γυναίκα, που θεωρήθηκε μια από τις ηρωίδες του κινήματος, πέφτει μπροστά στα πόδια του αλόγου του βασιλιά Γεωργίου Ε΄ στο ντέρμπι του Επσομ. Θα υποκύψει στα τραύματα της λίγες ημέρες αργότερα. Τα ντοκουμέντα της εποχής συνηγορούν περισσότερο στο ότι, επρόκειτο για δυστύχημα στην προσπάθεια της να κρεμάσει τα χρώματα των σουφραζετών στο βασιλικό άλογο, παρά στην εκδοχή της αυτοκτονίας.\n* [[1917]] - Απονέμονται από το αμερικανικό πανεπιστήμιο Κολούμπια για πρώτη φορά τα [[Βραβείο Πούλιτζερ|βραβεία Πούλιτζερ]].\n* [[1919]] - Το αμερικανικό Κογκρέσο εγκρίνει την 19η τροποποίηση του Συντάγματος, με την οποία δίνεται στις γυναίκες το δικαίωμα της ψήφου.\n* [[1920]] - Η [[Ουγγαρία]] υπογράφει με τους Συμμάχους τη [[Συνθήκη του Τριανόν]], σύμφωνα με την οποία, η χώρα περιορίζεται σε 36.000 τετραγωνικά μίλια (από 125.000) και σε οκτώ εκατομμύρια κατοίκους (από 22 εκατομμύρια).\n* [[1928]] - Δολοφονείται ο Κινέζος πολέμαρχος και ηγεμόνας της Ματζουρίας [[Τσανγκ Τσο-Λιν]], παρά την πόλη [[Νανκίν]], από τον Ιάπωνα εθνικιστή Κομότο Νταϊσάκου. Η δολοφονία κρατήθηκε μυστική από τον κινεζικό τύπο για 17 ημέρες.\n* [[1932]] - Παραιτείται η κυβέρνηση Παπαναστασίου και σχηματίζεται πάλι Κυβέρνηση Βενιζέλου με νέους υπουργούς.\n* [[1936]] - Ο Γάλλος πολιτικός [[Λεόν Μπλούμ]] δημιουργεί τον κυβερνητικό συνασπισμό Λαϊκό Μέτωπο με την υποστήριξη αριστερών και κεντρώων κόμματων και γίνεται ο πρώτος σοσιαλιστής πρωθυπουργός της Γαλλίας. Στο χρονικό διάστημα, που ακολουθεί παρουσιάζει ένα ευρύ πρόγραμμα κοινωνικών μεταρρυθμίσεων, το οποίο εισάγει επαναστατικά μέτρα όπως μειώσεις στα ωράρια εργασίας και το θεσμό των πληρωμένων διακοπών.\n* [[1940]] - Οι δυνάμεις των Ναζί καταλαμβάνουν το λιμάνι της Δουνκέρκης, που βρίσκεται πάνω στη Μάγχη, κοντά στη γαλλοβελγική μεθόριο. Την ίδια ώρα, όμως, ολοκληρώνεται με επιτυχία η επιχείρηση-μαμούθ για την απομάκρυνση 338.000 ανδρών των δυνάμεων των Συμμάχων, που βρίσκονταν στην περιοχή.\n* [[1942]] - [[Β΄ Παγκόσμιος Πόλεμος]]: Αρχίζει η [[ναυμαχία του Μίντγουεϊ]].\n* 1942 - Πρώτος τουφεκισμός στο σκοπευτήριο της [[Καισαριανή]]ς από τους [[Γερμανία|Γερμανούς]]: Εκτελέστηκαν οι [[πλωτάρχης|πλωτάρχες]] του [[Λιμενικό Σώμα|Λ.Σ.]] Η. Καζάκος και Γ. Κωτούλας.\n* [[1943]] - Στην [[Αργεντινή]], στρατιωτικό πραξικόπημα ανατρέπει τον Πρόεδρο Ράμος Καστίγιο.\n* [[1944]] - Τα συμμαχικά στρατεύματα απελευθερώνουν τη [[Ρώμη]] από τις δυνάμεις του Άξονα.\n* [[1951]] - Το Ανώτατο Δικαστήριο των ΗΠΑ επικυρώνει το δικαίωμα των Πολιτειών να ζητούν πειστήρια μη κομμουνιστικής ιδεολογίας από τους υποψηφίους για διάφορες θέσεις εργασίας.\n* [[1959]] - Στη Γερμανία, ο καγκελάριος Κόνραντ Αντενάουερ αποσύρει την υποψηφιότητά του για την Προεδρία.\n*[[1961]] - Στη [[Σύνοδος κορυφής στη Βιέννη|σύνοδο κορυφής της Βιέννης]], ο [[Ένωση Σοβιετικών Σοσιαλιστικών Δημοκρατιών|Σοβιετικός]] ηγέτης [[Νικίτα Χρουστσόφ]] προκαλεί την Κρίση του [[Βερολίνο|Βερολίνου]], απειλώντας να υπογράψει ξεχωριστή συνθήκη ειρήνης με την [[Λαοκρατική Δημοκρατία της Γερμανίας|Ανατολική Γερμανία]] και δίνοντας τέλος στην [[Η.Π.Α.|αμερικανική]], [[Μεγάλη Βρετανία|βρετανική]] και [[Γαλλία|γαλλική]] πρόβαση στο Ανατολικό Βερολίνο.\n* [[1969]] - Στο [[Λαϊκή Δημοκρατία του Κονγκό|Κονγκό]], 100 φοιτητές σκοτώνονται από στρατιώτες σε διαδήλωση.\n*[[1970]] - Τα νησιά [[Τόνγκα]] αποκτούν την ανεξαρτησία τους από το [[Ηνωμένο Βασίλειο]].\n* [[1979]] - Στη [[Νότια Αφρική]], την παραίτησή του υποβάλει ο Πρόεδρος Βόρστερ.\n* [[1972]] - Η Αμερικανίδα Άντζελα [[Ιβόν Ντέιβις]] καθηγήτρια φιλοσοφίας και θρυλική μορφή του αντιρατσιστικού και του γυναικείου κινήματος, απαλλάσσεται έπειτα από δύο χρόνια από τις κατηγορίες της συνωμοσίας, της δολοφονίας και της απαγωγής.\n* [[1989]] - Τερματίζονται οι [[διαδηλώσεις στην πλατεία Τιεν Αν Μεν]], στο Πεκίνο, μετά από τη βίαιη επέμβαση του στρατού.\n* [[1991]] - Μετά από 20 ημέρες γενικής απεργίας, παραιτείται η κομμουνιστική κυβέρνηση της Αλβανίας υπό τον [[Φάτος Νάνο]].\n* [[1991]] - Στην [[Ιαπωνία]], έκρηξη του ηφαιστείου στο [[όρος Άνζεν]], κοντά στην πόλη [[Σιμαμπάρα]], προκαλεί το θάνατο σε 12 άτομα.\n* [[1992]] - Στη Γιουγκοσλαβία, το κυβερνών Σοσιαλιστικό Κόμμα του [[Σλόμπονταν Μιλόσεβιτς]] θριαμβεύει στις βουλευτικές εκλογές.\n* [[1994]] - Σημειώνεται δολοφονική απόπειρα κατά των υποψήφιων ευρωβουλευτών του ΚΚΕ Βασίλη Εφραιμίδη, Γιάννη Θεωνά και Μιχάλη Σπυριδάκη, κατά τη διάρκεια προεκλογικής συγκέντρωσης στη [[Θεσσαλονίκη]].\n* [[1997]] - Με το βραβείο ελληνοτουρκικής φιλίας Ιπεκτσί τιμούνται, μεταξύ άλλων, ο [[Κωνσταντίνος Μητσοτάκης]] και ο αναπληρωτής ΥΠΕΞ [[Γιώργος Παπανδρέου]].\n* [[2001]] - Ο βασιλιάς Ντιπέντρα του [[Νεπάλ]] πεθαίνει, τρεις ημέρες αφού δολοφόνησε τα περισσότερα μέλη της οικογένειας του.\n* [[2006]] - Οι κρατούμενοι Βασίλης Παλαιοκώστας και Αλκέτ Ριτζάι διαφεύγουν από τις φυλακές Κορυδαλλού με ελικόπτερο.\n\n== Γεννήσεις ==\n*[[1394]] - [[Φιλίππη της Αγγλίας, βασίλισσα της Δανίας]]\n*[[1489]] - [[Αντώνιος της Λωρραίνης|Αντώνιος]], δούκας της Λωρραίνης\n*[[1694]] - [[Φρανσουά Κενέ]], Γάλλος οικονομολόγος\n*[[1738]] - [[Γεώργιος Γ΄ του Ηνωμένου Βασιλείου|Γεώργιος Γ΄]], βασιλιάς του Ηνωμένου Βασιλείου\n*[[1867]] - [[Καρλ Γκούσταφ Έμιλ Μάνερχαϊμ]], Φινλανδός στρατιωτικός και πολιτικός\n*[[1889]] - [[Μπένο Γκούτενμπεργκ]], Γερμανός σεισμολόγος\n*[[1910]] - [[Κρίστοφερ Κόκερελ]], Άγγλος μηχανικός και εφευρέτης\n*[[1924]] - [[Τοφιλάου Έτι Αλεσάνα]], πρωθυπουργός των Σαμόα\n*[[1929]] - [[Κάρολος Παπούλιας]], Έλληνας πολιτικός\n*[[1934]] - [[Μόνικα Ντέικον]], πολιτικός από τον Άγιο Βικέντιο\n*[[1936]] - [[Μπρους Ντερν]], Αμερικανός ηθοποιός\n*[[1937]] - [[Γκορίλα Μονσούν]], Αμερικανός παλαιστής\n*[[1944]] - [[Λάκης Κομνηνός]], Έλληνας ηθοποιός\n*[[1947]] - [[Χουάν Μόντες]], Αργεντινός ποδοσφαιριστής\n*[[1948]] - [[Λέων Αρχιεπίσκοπος Φινλανδίας]]\n*[[1948]] - [[Γιούργκεν Σπάρβασερ]], Γερμανός ποδοσφαιριστής\n*[[1952]] - [[Μπρονίσλαφ Κομορόφσκι]], Πολωνός πολιτικός\n*[[1954]] - [[Λικ Αντόλφ Τιαό]], πολιτικός της Μπουρκίνα Φάσο\n*[[1961]] - [[Φέρεντς Γκιουρτσάνι]], Ούγγρος πολιτικός\n*[[1963]] - [[Ξάβιερ Μακντάνιελ]], Αμερικανός καλαθοσφαιριστής\n*[[1966]] - [[Τσετσίλια Μπάρτολι]], Ιταλίδα μεσόφωνος\n*[[1967]] - [[Αντώνης Παραράς]], Έλληνας τηλεπαρουσιαστής\n*[[1970]] - [[Ιζαμπέλα Σκορούπκο]], Πολωνή ηθοποιός\n*[[1971]] - [[Ζοζέφ Καμπιλά]], Κογκολέζος πολιτικός\n*[[1975]] - [[Αντζελίνα Τζολί]], Αμερικανίδα ηθοποιός\n*[[1977]] - [[Διονύσης Χιώτης]], Έλληνας ποδοσφαιριστής\n*[[1981]] - [[Γιούρκας Σεϊταρίδης]], Έλληνας ποδοσφαιριστής\n*[[1985]] - [[Έβαν Λάισατσεκ]], Αμερικανός αθλητής του καλλιτεχνικού πατινάζ\n*[[1985]] - [[Λούκας Ποντόλσκι]], Γερμανός ποδοσφαιριστής\n*[[1991]] - [[Κάθριν Πρέσκοτ]], Αγγλίδα ηθοποιός\n\n== Θάνατοι ==\n*[[1102]] - [[Βλάντισλαφ Α΄ Χέρμαν]], δούκας της Πολωνίας\n*[[1134]] - [[Μάγκνους Α΄ της Σουηδίας|Μάγκνους Α΄]], βασιλιάς της Σουηδίας\n*[[1206]] - [[Αδέλα της Καμπανίας]], βασίλισσα της Γαλλίας\n*[[1246]] - [[Ισαβέλλα του Ανγκουλέμ]], βασίλισσα της Αγγλίας\n*[[1394]] - [[Μαρία του Μπόχυν]], Αγγλίδα ευγενής\n*[[1530]] - [[Μαξιμιλιανός Σφόρτσα]], δούκας του Μιλάνου\n*[[1553]] - [[Ντμίτρι Ιβάνοβιτς τσάρεβιτς]], μέγας πρίγκιπας της Μόσχας\n*[[1592]] - [[Φραγκίσκος του Μονπανσιέ|Φραγκίσκος]], δούκας του Μονπανσιέ\n*[[1674]] - [[Γιαν Λίφενς]], Ολλανδός καλλιτέχνης\n*[[1798]] - [[Τζάκομο Καζανόβα]], Ιταλός τυχοδιώκτης και συγγραφέας\n*[[1875]] - [[Έντουαρντ Μέρικε]], Γερμανός ποιητής\n*[[1876]] - [[Αμπντούλ Αζίζ]], Οθωμανός σουλτάνος\n*[[1933]] - [[Αχμέτ Χασίμ]], Τούρκος ποιητής\n*[[1941]] - [[Γουλιέλμος Β΄ της Γερμανίας|Γουλιέλμος Β΄]], αυτοκράτορας της Γερμανίας\n*[[1942]] - [[Ράινχαρντ Χάιντριχ]], Γερμανός αξιωματικός των SS\n*[[1949]] - [[Μιχαήλ Αργυρόπουλος]], Έλληνας ποιητής\n*[[1952]] - [[Εύα Πάλμερ-Σικελιανού]], Αμερικανίδα μελετήτρια του ελληνικού πολιτισμού\n*[[1970]] - [[Δημήτριος Γεωργαντέλης]], Έλληνας πολιτικός\n*[[1971]] - [[Βασίλειος Καρδαμάκης]], Έλληνας στρατιωτικός\n*[[1994]] - [[Μάσιμο Τροΐζι]], Ιταλός ηθοποιός\n*[[1994]] - [[Χρήστος Λεττονός]], Έλληνας συνθέτης και τραγουδιστής\n*[[2001]] - [[Ντίνος Ηλιόπουλος]], Έλληνας ηθοποιός\n*[[2005]] - [[Χλόη Τζόουνς]], Αμερικανίδα πορνογραφική ηθοποιός\n*[[2007]] - [[Σωτήρης Μουστάκας]], Ελληνοκύπριος ηθοποιός\n*[[2008]] - [[Νίκος Σεργιανόπουλος]], Έλληνας ηθοποιός\n*[[2016]] - [[Κάρμεν Περέιρα]], πρόεδρος της Γουινέας-Μπισσάου\n*[[2017]] - [[Χουάν Γκοϊτισόλο]], Ισπανός συγγραφέας\n\n== Αργίες και εορτές ==\n\n=== [[Ορθόδοξη Εκκλησία]] ===\n{{Πύλη:Ορθοδοξία/Εορτολόγιο/4 Ιουνίου}}\n\n{{Μήνες}}\n\n[[Κατηγορία:Ημέρες του έτους]]"}}}]}]}}