{"batchcomplete":true,"query":{"normalized":[{"fromencoded":false,"from":"4_Ιουλίου","to":"4 Ιουλίου"}],"pages":[{"pageid":2850,"ns":0,"title":"4 Ιουλίου","revisions":[{"slots":{"main":{"contentmodel":"wikitext","contentformat":"text/x-wiki","content":"{{χωρίς παραπομπές}}\n\n{{Μήνες Ιουλίου}}\n\n<center>[[3 Ιουλίου]] | '''4 Ιουλίου''' | [[5 Ιουλίου]]</center>\n\n----\nΗ '''4η Ιουλίου''' είναι η 185η ημέρα του έτους κατά το [[Γρηγοριανό ημερολόγιο]] (186η σε δίσεκτα έτη). Υπολείπονται άλλες 180 ημέρες για το τέλος κάθε έτους.\n\n{{ΗμερολόγιοΣεΠίνακα|7}}\n\n== Γεγονότα ==\n*[[362 π.Χ.]] - [[Μάχη της Μαντινείας (362 π.Χ.)|Μάχη της Μαντινείας]]: Οι [[Αρχαία Θήβα|Θηβαίοι]], με επικεφαλής τον [[Επαμεινώνδας|Επαμεινώνδα]], νικούν τους [[Αρχαία Σπάρτη|Σπαρτιάτες]] και τους συμμάχους τους, όμως ο Επαμεινώνδας τραυματίζεται θανάσιμα.\n*[[414]] - Η [[Πουλχερία]] ανακηρύσσεται αυγούστα της [[Βυζαντινή Αυτοκρατορία|Βυζαντινής Αυτοκρατορίας]].\n*[[1054]] - Παρατηρείται έκρηξη [[Υπερκαινοφανείς αστέρες|υπερκαινοφανούς αστέρα]] στον αστερισμό του [[Ταύρος (αστερισμός)|Ταύρου]], που παραμένει ορατή για μήνες ακόμα και κατά τη διάρκεια της [[ημέρα]]ς. Τα υπολείμματα της έκρηξης σχηματίζουν το [[Νεφέλωμα του Καρκίνου]].\n*[[1187]] - [[Μάχη του Χαττίν]]: Ο [[Σαλαντίν]] συντρίβει τους [[Σταυροφορίες|σταυροφόρους]] του [[Γκυ των Λουζινιάν]].\n*[[1253]] - Ο [[Ιωάννης Α΄ του Αινώ]] νικά σε μάχη τον [[Γκυ, κόμης της Φλάνδρας|Γκυ, κόμη της Φλάνδρας]].\n*[[1456]] - Ξεκινά η πολιορκία του [[Βελιγράδι|Βελιγραδίου]] από τους [[Οθωμανική Αυτοκρατορία|Οθωμανούς]].\n*[[1534]] - Ο [[Χριστιανός Γ΄ της Δανίας|Χριστιανός Γ΄]] γίνεται βασιλιάς της [[Δανία]]ς.\n*[[1776]] - Αμερικανική Επανάσταση: η [[Διακήρυξη της Ανεξαρτησίας των ΗΠΑ]] εγκρίνεται από το Δεύτερο Ηπειρωτικό Κογκρέσο.\n*[[1802]] - Ανοίγει η [[Στρατιωτική Ακαδημία των ΗΠΑ]] στο Γουέστ Πόιντ της [[Νέα Υόρκη (πολιτεία)|Νέας Υόρκης]].\n*[[1803]] - Ανακοινώνεται στον [[Ηνωμένες Πολιτείες Αμερικής|αμερικανικό]] λαό η [[αγορά της Λουιζιάνας]].\n*[[1822]] - [[Ελληνική Επανάσταση του 1821|Ελληνική Επανάσταση]]: Οι δυνάμεις των [[Έλληνες|Ελλήνων]], υπό τον [[Αλέξανδρος Μαυροκορδάτος|Αλέξανδρο Μαυροκορδάτο]], και των [[Φιλέλληνας|Φιλελλήνων]] ηττώνται από τους [[Οθωμανική Αυτοκρατορία|Οθωμανούς]] στη [[μάχη του Πέτα]].\n*[[1826]] - Ο [[Τόμας Τζέφερσον]], τρίτος πρόεδρος των [[Ηνωμένες Πολιτείες Αμερικής|Ηνωμένων Πολιτειών]], πεθαίνει την ίδια μέρα με τον [[Τζον Άνταμς]], δεύτερο πρόεδρο των Η.Π.Α., την πεντηκοστή επέτειο από την υιοθέτηση της [[Διακήρυξη της Ανεξαρτησίας των ΗΠΑ|Διακήρυξης της Ανεξαρτησίας των ΗΠΑ]]. \n*[[1837]] - Ανοίγει η πρώτη υπεραστική σιδηροδρομική γραμμή στον κόσμο, μεταξύ του [[Μπέρμιγχαμ]] και του [[Λίβερπουλ]].\n*[[1855]] - Δημοσιεύεται στο [[Μπρούκλιν]] της [[Νέα Υόρκη (πολιτεία)|Νέας Υόρκης]], η πρώτη έκδοση της ποιητικής συλλογής του [[Ουώλτ Ουίτμαν]] ''Φύλλα Χλόης''.\n*[[1862]] - Ο [[Λιούις Κάρολ]] αφηγείται στην Άλις Λίντελ μία ιστορία που θα αναπτυχθεί στις ''[[Οι Περιπέτειες της Αλίκης στη Χώρα των Θαυμάτων|Περιπέτειες της Αλίκης στη Χώρα των Θαυμάτων]]'' και τις συνέχειές της.\n*[[1863]] - [[Αμερικανικός Εμφύλιος Πόλεμος]]: πολιορκία του Βίκσμπουργκ. Το Βίκσμπουργκ του [[Μισισίπι]] παραδίδεται στον [[Οδυσσεύς Γκραντ|Οδυσσέα Γκραντ]] μετά από 47 ημέρες πολιορκίας.\n*[[1863]] - [[Αμερικανικός Εμφύλιος Πόλεμος]]: ο στρατός της [[Βόρεια Βιρτζίνια|Βόρειας Βιρτζίνια]] αποχωρεί από το πεδίο της μάχης μετά την ήττα στη [[μάχη του Γκέτισμπεργκ]].\n*[[1892]] - Οι [[Σαμόα|Δυτικές Σαμόα]] αλλάζουν τη [[Διεθνής Γραμμή Ημερομηνίας|Διεθνή Γραμμή Ημερομηνίας]]. Η Δευτέρα 4 Ιουλίου λαμβάνει χώρα δύο φορές, με αποτέλεσμα ένα έτος με 367 ημέρες. \n*[[1911]] - Ένα τεράστιο κύμα καύσωνα πλήττει τις βορειοανατολικές [[Ηνωμένες Πολιτείες Αμερικής|Ηνωμένες Πολιτείες]], σκοτώνοντας 380 ανθρώπους σε έντεκα ημέρες και σπάζοντας το ρεκόρ θερμοκρασίας σε διάφορες πόλεις.\n*[[1913]] - Ο [[πρόεδρος των Ηνωμένων Πολιτειών]] [[Γούντροου Ουίλσον]] απευθύνεται στους βετεράνους του [[Αμερικανικός Εμφύλιος Πόλεμος|Αμερικανικού Εμφυλίου Πολέμου]] στη Μεγάλη Επανένωση του 1913. - [[Β΄ Βαλκανικός Πόλεμος]]: Ο [[Ελλάδα|ελληνικός]] στρατός απελευθερώνει το [[Νευροκόπι|Κάτω Νευροκόπι Δράμας]].\n*[[1941]] - Τα [[Ναζιστική Γερμανία|ναζιστικά]] στρατεύματα [[Εκτελέσεις Πολωνών καθηγητών και επιστημόνων στο Λβοφ|σφάζουν Πολωνούς επιστήμονες και συγγραφείς]] στην (πρώην πολωνική) πόλη [[Λβοφ]]. \n* [[1973]] - [[Αθήνα]] - [[Χούντα των Συνταγματαρχών|Δικτατορία]]: Συλλαμβάνεται ο [[Ευάγγελος Αβέρωφ]] ως υποκινητής και πολιτικός σύμβουλος του «Κινήματος του Ναυτικού 1973».\n* [[2004]] - Τελικός [[Ευρωπαϊκό Πρωτάθλημα Ποδοσφαίρου|Euro 2004]]. Μια από τις μεγαλύτερες εκπλήξεις στην ιστορία του ευρωπαϊκού ποδοσφαίρου. Ανεπανάληπτη και απρόσμενη επιτυχία στην [[Πορτογαλία]] για την [[Ελλάδα]], που κατακτά το τρόπαιο νικώντας 1-0 τη διοργανώτρια. Το νικητήριο γκολ για την Ελλάδα πέτυχε στο 57ο λεπτό με κεφαλιά ο Άγγελος Χαριστέας.\n* [[2015]] - Ο [[Τουπόου ΣΤ΄]] στέφεται 6ος Βασιλιάς των [[Τόνγκα]] τρία χρόνια μετά την άνοδό του στο θρόνο.\n\n== Γεννήσεις ==\n*[[1477]] - [[Ιωάννης Αβεντίνος]], Βαυαρός ιστορικός και φιλόλογος\n*[[1546]] - [[Μουράτ Γ΄]], Οθωμανός σουλτάνος\n*[[1694]] - [[Λουί-Κλωντ Ντακέν]], Γάλλος συνθέτης\n*[[1753]] - [[Ζαν-Πιερ Μπλανσάρ]], Γάλλος εφευρέτης και πρωτοπόρος της αεροπορίας\n*[[1799]] - [[Όσκαρ Α΄ της Σουηδίας|Όσκαρ Α΄]], βασιλιάς της Σουηδίας και της Νορβηγίας\n*[[1804]] - [[Ναθάνιελ Χόθορν]], Αμερικανός συγγραφέας\n*[[1807]] - [[Τζουζέπε Γκαριμπάλντι]], Ιταλός στρατιωτικός και πολιτικός\n*[[1868]] - [[Ενριέττα Σ. Λίβιτ]], Αμερικανίδα αστρονόμος\n*[[1872]] - [[Κάλβιν Κούλιτζ]], 30ος πρόεδρος των Η.Π.Α.\n*[[1910]] - [[Γκλόρια Στιούαρτ]], Αμερικανίδα ηθοποιός\n*[[1926]] - [[Αλφρέδο Ντι Στέφανο]], Αργεντινός ποδοσφαιριστής\n*[[1951]] - [[Κάθλιν Κένεντι Τάουνσεντ]], Αμερικανίδα πολιτικός\n*[[1952]] - [[Άλβαρο Ουρίμπε]], Κολομβιανός πολιτικός\n*[[1953]] - [[Νίκος Ζιώγαλας]], Έλληνας τραγουδοποιός\n*[[1960]] - [[Ρόλαντ Ράτζενμπεργκερ]], Αυστριακός οδηγός αγώνων\n*[[1965]] - [[Κυριάκος Καραταΐδης]], Έλληνας ποδοσφαιριστής\n*[[1966]] - [[Μηνάς Χατζίδης]], Έλληνας ποδοσφαιριστής\n*[[1973]] - [[Γιαν Μάγκνουσεν]], Δανός οδηγός αγώνων\n*[[1978]] - [[Βίκυ Καγιά]], Ελληνίδα μοντέλο\n*[[1978]] - [[Θάλεια Ματίκα]], Ελληνίδα ηθοποιός\n*[[1982]] - [[Χάννα Χάρπερ]], Αγγλίδα πορνογραφική ηθοποιός\n*[[1985]] - [[Δημήτρης Μαυροειδής]], Έλληνας καλαθοσφαιριστής\n*[[1990]] - [[Ντέιβιντ Κρος]], Γερμανός ηθοποιός\n*[[2003]] - [[Πωλίνα Μπογκουσέβιτς]], Ρωσίδα τραγουδίστρια\n\n== Θάνατοι ==\n*[[362 π.Χ.]] - [[Επαμεινώνδας]], Έλληνας στρατηγός\n*[[966]] - [[Πάπας Βενέδικτος Ε΄]]\n*[[1187]] - [[Ραϋνάλδος του Σατιγιόν]], πρίγκιπας της Αντιόχειας\n*[[1429]] - [[Κάρολος Α΄ Τόκκος]], δεσπότης της Ηπείρου\n*[[1483]] - [[Κοστάντσο Α΄ Σφόρτσα]], Ιταλός κοντοτιέρος\n*[[1546]] - [[Χαϊρεντίν Μπαρμπαρόσα]], Οθωμανός ναύαρχος\n*[[1623]] - [[Ουίλιαμ Μπερντ]], Άγγλος συνθέτης\n*[[1761]] - [[Σάμουελ Ρίτσαρντσον]], Άγγλος συγγραφέας\n*[[1780]] - [[Κάρολος Αλέξανδρος της Λωρραίνης]], Αυστριακός πρίγκιπας\n*[[1806]] - [[Σαρλ Ανρί Σανσόν]], Γάλλος δήμιος\n*[[1826]] - [[Τζον Άνταμς]], 2ος πρόεδρος των Η.Π.Α.\n*[[1826]] - [[Τόμας Τζέφερσον]], 3ος πρόεδρος των Η.Π.Α.\n*[[1831]] - [[Τζέιμς Μόνροου]], 5ος πρόεδρος των Η.Π.Α.\n*[[1848]] - [[Φρανσουά-Ρενέ ντε Σατωμπριάν]], Γάλλος συγγραφέας\n*[[1902]] - [[Προκόπιος Οικονομίδης]], Αρχιεπίσκοπος Αθηνών και πάσης Ελλάδος\n*[[1910]] - [[Τζιοβάνι Σκιαπαρέλι]], Ιταλός αστρονόμος\n*[[1921]] - [[Αντόνι Γκραμπόφσκι]], Πολωνός χημικός μηχανικός\n*[[1934]] - [[Μαρία Κιουρί]], Πολωνή επιστήμονας\n*[[1952]] - [[Μάρκος Θεοδωρίδης]], Έλληνας πολιτικός\n*[[1971]] - [[Μόρις Μπόουρα]], Βρετανός κριτικός\n*[[1974]] - [[Χάτζι Μοχάμεντ Αμίν αλ Χουσέινι]], Παλαιστίνιος ηγέτης\n*[[1980]] - [[Γκρέγκορι Μπέιτσον]], Άγγλος ανθρωπολόγος\n*[[1983]] - [[Βασίλειος Κορφιωτάκης]], Έλληνας πολιτικός\n*[[1987]] - [[Μπενγκτ Στρέμγκρεν]], Δανός αστρονόμος και αστροφυσικός\n*[[1992]] - [[Άστορ Πιατσόλα]], Αργεντινός συνθέτης\n*[[1994]] - [[Έντισον Βήχος]], Έλληνας ηθοποιός\n*[[2001]] - [[Κατερίνα Βασιλάκου]], Ελληνίδα ηθοποιός\n*[[2003]] - [[Μπάρυ Γουάιτ]], Αμερικανός τραγουδιστής\n*[[2003]] - [[Αντρέ Κλαβό]], Γάλλος τραγουδιστής\n*[[2003]] - [[Τάσος Σεχιώτης]], Έλληνας πολιτικός\n*[[2007]] - [[Κώστας Καπνίσης]], Έλληνας συνθέτης\n*[[2011]] - [[Σερμπάν Καντακουζηνός (ηθοποιός)|Σερμπάν Καντακουζηνός]], Ρουμάνος ηθοποιός\n*[[2011]] - [[Όθων των Αψβούργων]], Αυστριακός πρίγκιπας\n*[[2013]] - [[Ευγενία Κλειδαρά|Ηγουμένη Ευγενία Κλειδαρά]], Ελληνίδα μοναχή και λογοτέχνιδα\n*[[2014]] - [[Αντώνης Ζησιμάτος]], Έλληνας δημοσιογράφος\n\n== Αργίες και εορτές ==\n* «Ημέρα της Ανεξαρτησίας», εθνική εορτή των [[Ηνωμένες Πολιτείες της Αμερικής|Ηνωμένων Πολιτειών της Αμερικής]]\n\n=== [[Ορθόδοξη Εκκλησία]] ===\n{{Πύλη:Ορθοδοξία/Εορτολόγιο/4 Ιουλίου}}\n\n{{Μήνες}}\n\n[[Κατηγορία:Ημέρες του έτους]]"}}}]}]}}