{"batchcomplete":true,"query":{"normalized":[{"fromencoded":false,"from":"4_Ιανουαρίου","to":"4 Ιανουαρίου"}],"pages":[{"pageid":926,"ns":0,"title":"4 Ιανουαρίου","revisions":[{"slots":{"main":{"contentmodel":"wikitext","contentformat":"text/x-wiki","content":"{{Μήνες Ιανουαρίου}}\n\n<center>[[3 Ιανουαρίου]] | '''4 Ιανουαρίου''' | [[5 Ιανουαρίου]]</center>\n\n----\nΗ '''4η Ιανουαρίου''' είναι η 4η ημέρα του έτους κατά το [[Γρηγοριανό ημερολόγιο]]. Υπολείπονται 361 ημέρες (362 σε δίσεκτα έτη).\n\n{{ΗμερολόγιοΣεΠίνακα|1}}\n\n== Γεγονότα ==\n{{Commonscat|4 January}}\n*[[46 π.Χ.]] - Ο [[Ιούλιος Καίσαρ]] αντιμετωπίζει τον Τίτο Λαβιηνό στη [[μάχη της Ρουσπίνα]].\n*[[871]] - Ο [[Έθελρεντ του Ουέσσεξ και του Κεντ]] ηττάται από τον στρατό της [[Δανία]]ς στη μάχη του [[Ρέντινγκ]].\n*[[1490]] - Η [[Άννα της Βρετάνης]] ανακοινώνει ότι όλοι όσοι συμμαχήσουν με τον [[Κατάλογος μοναρχών της Γαλλίας|βασιλιά της Γαλλίας]] θα θεωρηθούν ένοχοι για εσχάτη προδοσία.\n*[[1642]] - Ο βασιλιάς [[Κάρολος Α΄ της Αγγλίας]] στέλνει στρατιώτες για να συλλάβουν πέντε μέλη του Κοινοβουλίου, οδηγώντας την [[Αγγλία]] σε [[Αγγλικός εμφύλιος πόλεμος|εμφύλιο πόλεμο]].\n*[[1717]] - Η [[Ολλανδική Δημοκρατία]], το [[Βασίλειο της Μεγάλης Βρετανίας]] και η [[Γαλλία]] υπογράφουν την Τριπλή Συμμαχία.\n*[[1762]] - Η [[Μεγάλη Βρετανία]] μπαίνει στον [[Επταετής Πόλεμος|Επταετή Πόλεμο]] κατά της [[Ισπανία]]ς και της [[Νάπολη]]ς.\n*[[1798]] - Ο [[Κωνσταντίνος Χαντζερής]] φτάνει στο [[Βουκουρέστι]], ως ο νέος πρίγκιπας της Βλαχίας, τοποθετημένος από την [[Οθωμανική Αυτοκρατορία]].\n*[[1847]] - Ο [[Σάμουελ Κολτ]] πουλά το πρώτο του [[περίστροφο]] στην κυβέρνηση των [[Ηνωμένες Πολιτείες Αμερικής|Ηνωμένων Πολιτειών]].\n*[[1854]] - Ο πλοίαρχος του ''Σάμαρανγκ'', Ουίλιαμ ΜακΝτόναλντ, ανακαλύπτει τις [[Νήσοι Χερντ και Μακντόναλντ|νήσους ΜακΝτόναλντ]].\n*[[1865]] - Το [[Χρηματιστήριο της Νέας Υόρκης]] ανοίγει την πρώτη του μόνιμη έδρα κοντά στην Wall Street στη [[Νέα Υόρκη]].\n*[[1878]] - [[Ρωσοτουρκικός πόλεμος (1877-1878)]]: Η [[Σόφια]] απελευθερώνεται από τον [[Οθωμανική Αυτοκρατορία|οθωμανικό]] ζυγό.\n*[[1887]] - [[Ελληνικές βουλευτικές εκλογές 1887|Βουλευτικές εκλογές στην Ελλάδα]]. Νικητής ο [[Χαρίλαος Τρικούπης]].\n*[[1896]] - Η [[Γιούτα]] γίνεται η 45η [[Πολιτείες των ΗΠΑ|πολιτεία των Η.Π.Α.]]\n*[[1948]] - Η [[Μιανμάρ|Βιρμανία]] αποκτά την ανεξαρτησία της από το [[Ηνωμένο Βασίλειο]].\n*[[1951]] - [[Πόλεμος της Κορέας]]: Οι [[Λαϊκή Δημοκρατία της Κίνας|κινεζικές]] και [[Βόρεια Κορέα|βορειοκορεατικές]] δυνάμεις καταλαμβάνουν τη [[Σεούλ]].\n*[[1956]] - Ο [[Κωνσταντίνος Καραμανλής]] ιδρύει την [[Εθνική Ριζοσπαστική Ένωσις|Εθνική Ριζοσπαστική Ένωση]] (ΕΡΕ).\n*[[1958]] - Ο [[Σπούτνικ 1]] πέφτει στη [[Γη]] από την τροχιά του.\n*[[1959]] - Το [[Λουνά 1]] γίνεται το πρώτο [[διαστημόπλοιο]] που φτάνει κοντά στη [[Σελήνη]]. \n*[[1965]] - Οι [[Τουρκία|τουρκικές]] αρχές δεσμεύουν το σύνολο των εισοδημάτων των [[Έλληνες|Ελλήνων]] υπηκόων μονίμων κατοίκων Τουρκίας, ενώ εντείνονται οι διώξεις των Ελλήνων της [[Ίμβρος|Ίμβρου]] και της [[Τένεδος|Τένεδου]]. \n*[[1966]] - Λαμβάνει χώρα στρατιωτικό [[πραξικόπημα]] στην Άνω Βόλτα (αργότερα [[Μπουρκίνα Φάσο]]), διαλύοντας το εθνικό κοινοβούλιο και οδηγώντας σε ένα νέο εθνικό σύνταγμα. \n*[[1976]] - [[Σύγκρουση στη Βόρεια Ιρλανδία]]: Η [[Εθελοντική Δύναμη του Όλστερ]] σκοτώνει έξι Ιρλανδούς καθολικούς πολίτες στη [[Βόρεια Ιρλανδία]]. Ως αντίποινα, την επόμενη μέρα ένοπλοι σκοτώνουν δέκα προτεστάντες πολίτες. \n*[[1998]] - Σφαγές στην [[Αλγερία]]: Πάνω από 172 άτομα σκοτώνονται σε τρία απομακρυσμένα χωριά.\n* [[2001]] - Ο [[Λίνους Τόρβαλντς]], τη δέκατη χρονιά του [[Linux]], εκδίδει τον [[Πυρήνας Linux|Kernel 2.4.0]]\n* [[2004]] - Ο [[Μιχαήλ Σαακασβίλι]] κερδίζει τις προεδρικές εκλογές τις [[Γεωργία]]ς με 96% των ψήφων και γίνεται ο νεότερος σε ηλικία ηγέτης στην [[Ευρώπη]].\n* [[2006]] - Ο [[Σεΐχης Μοχάμετ μπιν Ρασίντ αλ Μακτούμ]] αναλαμβάνει Κυβερνήτης του [[Ντουμπάι]], μετά τον θάνατο του μεγαλύτερου αδερφού του.\n* 2006 - Ο [[Εχούντ Ολμέρτ]] αναλαμβάνει Πρωθυπουργός του [[Ισραήλ]].\n* [[2014]] - Ισλαμικές ένοπλες μονάδες τζιχαντιστών που προσκείνονται στο [[Ισλαμικό Κράτος|ΙΚΙΛ]] καταλαμβάνουν την ιρακινή πολλή [[Φαλούτζα]].\n\n== Γεννήσεις ==\n*[[1334]] - [[Αμεδαίος ΣΤ΄ της Σαβοΐας|Αμεδαίος ΣΤ΄]], κόμης της Σαβοΐας\n*[[1643]] - [[Ισαάκ Νεύτων]], Άγγλος φυσικός και μαθηματικός\n*[[1710]] - [[Τζιοβάννι Μπαττίστα Περγκολέζι]], Ιταλός συνθέτης και μουσικός\n*[[1737]] - [[Λουί-Μπερνάρ Γκιτόν ντε Μορβώ]], Γάλλος χημικός και πολιτικός\n*[[1785]] - [[Γιάκομπ Γκριμ]], Γερμανός φιλόλογος και λαογράφος\n*[[1788]] - [[Αθανάσιος Διάκος]], Έλληνας οπλαρχηγός\n*[[1809]] - [[Λουί Μπράιγ]], Γάλλος καθηγητής, εφευρέτης του [[Κώδικας Μπράιγ|κώδικα Μπράιγ]]\n*[[1848]] - [[Κατσούρα Ταρό]], πρωθυπουργός της Ιαπωνίας\n*[[1893]] - [[Γιόνε Μιναγκάουα]], Γιαπωνέζα υπεραιωνόβια\n*[[1896]] - [[Αντρέ Μασόν]], Γάλλος ζωγράφος και σχεδιαστής\n*[[1901]] - [[Σίριλ Λάιονελ Ρόμπερτ Τζέιμς]], Τρινιντιανός συγγραφέας\n*[[1913]] - [[Μαλιετόα Τανουμαφίλι Β΄]], βασιλιάς των Σαμόα\n*[[1914]] - [[Ζαν-Πιερ Βερνάν]], Γάλλος ιστορικός και ανθρωπολόγος\n*[[1921]] - [[Τζουζέπε Μπενάτι]], Ιταλός σκηνοθέτης\n*[[1930]] - [[Σόρελ Μπουκ]], Αμερικανός ηθοποιός\n*[[1933]] - [[Πατριάρχης Γεωργίας Ηλίας Β΄]]\n*[[1940]] - [[Μπράιαν Τζόζεφσον]], Ουαλός φυσικός\n*[[1941]] - [[Τζωρτζ Κοσμάτος]], Έλληνας σκηνοθέτης\n*[[1946]] - [[Ράμσι Κάμπελ]], Άγγλος συγγραφέας\n*[[1948]] - [[Κώστας Δαβουρλής]], Έλληνας ποδοσφαιριστής\n*[[1953]] - [[Ανδρέας Βγενόπουλος]], Έλληνας επιχειρηματίας\n*[[1957]] - [[Σώτη Τριανταφύλλου]], Ελληνίδα συγγραφέας\n*[[1966]] - [[Κρίστιαν Κερν]], Αυστριακός πολιτικός\n*[[1980]] - [[Μπόμπι Ίντεν]], Ολλανδέζα πορνογραφική ηθοποιός\n*[[1986]] - [[Τζέιμς Μίλνερ]], Άγγλος ποδοσφαιριστής\n*[[1988]] - [[Ανέστης Αργυρίου]], Έλληνας ποδοσφαιριστής\n*[[1990]] - [[Τόνι Κρόος]], Γερμανός ποδοσφαιριστής\n\n== Θάνατοι ==\n*[[1207]] - [[Σιμόν Β΄ της Λωρραίνης|Σιμόν Β΄]], δούκας της Λωρραίνης\n*[[1248]] - [[Σάντσο Β΄ της Πορτογαλίας|Σάντσο Β΄]], βασιλιάς της Πορτογαλίας\n*[[1286]] - [[Άννα Αγγελίνα της Ηπείρου]], πριγκίπισσα της Αχαΐας\n*[[1424]] - [[Τζάκομο Αττεντόλο Σφόρτσα]], Ιταλός κοντοτιέρος\n*[[1428]] - [[Φρειδερίκος Α΄ της Σαξονίας|Φρειδερίκος Α΄]], εκλέκτορας της Σαξονίας\n*[[1665]] - [[Ερμάνος Φορτουνάτος της Βάδης-Ρόντεμαχερν|Χέρμαν Φορτουνάτος]], μάργραβος του Μπάντεν-Ρόντεμαχερν\n*[[1808]] - [[Βενέδικτος της Σαβοΐας]], Ιταλός στρατηγός\n*[[1825]] - [[Φερδινάνδος Α΄ των Δύο Σικελιών|Φερδινάνδος Α΄]], βασιλιάς των Δύο Σικελιών\n*[[1880]] - [[Άνσελμ Φόιερμπαχ]], Γερμανός ζωγράφος\n*[[1901]] - [[Νικόλαος Γύζης]], Έλληνας ζωγράφος\n*[[1941]] - [[Ανρί Μπεργκσόν]], Γάλλος φιλόσοφος\n*[[1943]] - [[Γεώργιος Ιβάνοφ]], Πολωνός αθλητής\n*[[1960]] - [[Αλμπέρ Καμύ]], Γάλλος φιλόσοφος\n*[[1961]] - [[Έρβιν Σρέντινγκερ]], Αυστριακός φυσικός\n*[[1962]] - [[Χανς Λάμερς]], Γερμανός αξιωματικός των SS\n*[[1965]] - [[Τόμας Στερνς Έλιοτ]], Αμερικανός ποιητής\n*[[1967]] - [[Ντόναλντ Κάμπελ]], Άγγλος οδηγός\n*[[1975]] - [[Αύγουστος Θεολογίτης]], Έλληνας πολιτικός\n*[[1976]] - [[Επαμεινώνδας Θωμόπουλος]], Έλληνας ζωγράφος\n*[[1977]] - [[Ιμπραχίμ Μπιτσακτσίου]], Αλβανός πολιτικός\n*[[1986]] - [[Φιλ Λάινοτ]], Ιρλανδός μουσικός ([[Thin Lizzy]])\n*[[1989]] - [[Θανάσης Μυλωνάς]], Έλληνας ηθοποιός\n*[[1997]] - [[Ιάσων Χατζηκρανιώτης]], Έλληνας πολιτικός\n*[[2000]] - [[Σπυρίδων Μαρκεζίνης]], Έλληνας πολιτικός\n*[[2006]] - [[Μάκτουμ μπιν Ρασίντ αλ Μάκτουμ]], πρόεδρος των Ηνωμένων Αραβικών Εμιράτων\n*[[2007]] - [[Μαράις Βιλιόεν]], Νοτιαφρικανός πολιτικός\n*[[2007]] - [[Σάντρο Σαλβαντόρε]], Ιταλός ποδοσφαιριστής\n*[[2008]] - [[Γιάννης Ταμτάκος]], Έλληνας πολιτικός αγωνιστής\n*[[2010]] - [[Γιόχαν Φεριέρ]], πολιτικός από το Σουρινάμ\n*[[2011]] - [[Μοχάμεντ Μπουαζίζι]], Τυνήσιος ακτιβιστής\n*[[2013]] - [[Νίκος Σαμαράς]], Έλληνας πετοσφαιριστής\n\n== Αργίες και εορτές ==\n=== Κόσμος ===\n* {{MMR}} - Ημέρα ανεξαρτησίας (από το [[Ηνωμένο Βασίλειο]] το [[1948]])\n\n=== [[Ορθόδοξη Εκκλησία]] ===\n{{Πύλη:Ορθοδοξία/Εορτολόγιο/4 Ιανουαρίου}}\n\n=== [[Ρωμαιοκαθολική Εκκλησία]] ===\n==== Παραδοσιακό εορτολόγιο ====\n** Όγδοη ημέρα από τη μνήμη των αγίων αθώων νηπίων\n\n{{Μήνες}}\n\n[[Κατηγορία:Ημέρες του έτους]]"}}}]}]}}