{"batchcomplete":true,"query":{"normalized":[{"fromencoded":false,"from":"4_Νοεμβρίου","to":"4 Νοεμβρίου"}],"pages":[{"pageid":3553,"ns":0,"title":"4 Νοεμβρίου","revisions":[{"slots":{"main":{"contentmodel":"wikitext","contentformat":"text/x-wiki","content":"{{Μήνες Νοεμβρίου}}\n\n<center>[[3 Νοεμβρίου]] | '''4 Νοεμβρίου''' | [[5 Νοεμβρίου]]</center>\n\n----\n{{ΗμερολόγιοΣεΠίνακα|11}}\nΗ '''4η Νοεμβρίου''' είναι η 308η ημέρα του έτους κατά το [[Γρηγοριανό ημερολόγιο]] (309η σε δίσεκτα έτη). Υπολείπονται 57 ημέρες.\n\n== Γεγονότα ==\n*[[1501]] - Η [[Αικατερίνη της Αραγονίας]] (μετέπειτα πρώτη σύζυγος του [[Ερρίκος Η΄ της Αγγλίας|Ερρίκου Η΄ της Αγγλίας]]) γνωρίζει τον [[Αρθούρος της Ουαλίας|Αρθούρο της Ουαλίας]], τον μεγαλύτερο αδελφό του Ερρίκου Η΄, και αργότερα θα παντρευτούν.\n*[[1576]] - [[Ογδοηκονταετής Πόλεμος]]: Στη [[Φλάνδρα]], οι [[Ισπανία|Ισπανοί]] καταλαμβάνουν την [[Αμβέρσα]] (μετά από τρεις ημέρες η πόλη έχει σχεδόν καταστραφεί).\n*[[1677]] - Η μέλλουσα [[Μαρία Β΄ της Αγγλίας]] παντρεύεται τον [[Γουλιέλμος Γ΄ της Αγγλίας|Γουλιέλμο, πρίγκιπα της Οράγγης]]. Αργότερα θα βασιλεύσουν από κοινού ως [[Γουλιέλμος και Μαρία]]. \n*[[1783]] - Η [[36η Συμφωνία (Μότσαρτ)|36η Συμφωνία]] του [[Βόλφγκανγκ Αμαντέους Μότσαρτ]] κάνει πρεμιέρα στο [[Λιντς]] της [[Αυστρία]]ς.\n*[[1798]] - Αρχίζει η [[Ρωσική Αυτοκρατορία|Ρωσο]]-[[Οθωμανική Αυτοκρατορία|Οθωμανική]] πολιορκία της [[Κέρκυρα|Κέρκυρας]].\n*[[1839]] - Ξεσπά εξέγερση στο [[Νιούπορτ]], η τελευταία μεγάλης κλίμακας ένοπλη εξέγερση ενάντια στην εξουσία στην ηπειρωτική [[Μεγάλη Βρετανία|Βρετανία]].\n*[[1847]] - Ο [[Σκωτία|Σκωτσέζος]] ιατρός Τζέιμς Γιανγκ Σίμπσον ανακαλύπτει τις αναισθητικές ιδιότητες του [[χλωροφόρμιο]]υ. \n*[[1852]] - Ο [[Καμίλο Μπένσο, Κόμης του Καβούρ]], γίνεται [[πρωθυπουργός]] του [[Πεδεμόντιο|Πεδεμόντιου]]-[[Βασίλειο της Σαρδηνίας|Σαρδηνίας]]. \n*[[1890]] - City & South London Railway: Ανοίγει η πρώτη μεγάλου βάθους γραμμή [[Μετρό Λονδίνου|μετρό του Λονδίνου]] μεταξύ της King William Street και του Στόκγουελ.\n*[[1912]] - [[Α΄ Βαλκανικός Πόλεμος]]: Οι [[Έλληνες]] νικούν τους [[Οθωμανική Αυτοκρατορία|Οθωμανούς]] στη [[Σιάτιστα]]. \n*[[1918]] - [[Α΄ Παγκόσμιος Πόλεμος]]: Τίθεται σε ισχύ η ανακωχή μεταξύ της [[Αυστροουγγαρία]]ς και της [[Ιταλία]]ς.\n*[[1921]] - Το σώμα περιφρούρησης του [[Εθνικοσοσιαλιστικό Γερμανικό Εργατικό Κόμμα|Ναζιστικού Κόμματος]] μετονομάζεται σε ''[[Sturmabteilung]]'' (τάγματα εφόδου) μετά από ταραχές που έλαβαν χώρα στο [[Μόναχο]]. \n*[[1921]] - Δολοφονείται στο [[Τόκιο]] ο [[πρωθυπουργός της Ιαπωνίας]] Χάρα Τακάσι.\n*[[1922]] - Στην [[Αίγυπτος|Αίγυπτο]], ο [[Αγγλία|Άγγλος]] αρχαιολόγος [[Χάουαρντ Κάρτερ]] και οι άντρες του ανακαλύπτουν την είσοδο του τάφου του [[φαραώ]] [[Τουταγχαμών]] στην [[Κοιλάδα των Βασιλέων]].\n*[[1942]] - [[Β΄ Παγκόσμιος Πόλεμος]]: [[Δεύτερη μάχη του Ελ Αλαμέιν]]. Παρακούοντας τη ρητή διαταγή του [[Αδόλφος Χίτλερ|Αδόλφου Χίτλερ]], ο στρατάρχης [[Έρβιν Ρόμελ]] οδηγεί τις δυνάμεις του σε υποχώρηση.\n*[[1944]] - [[Β΄ Παγκόσμιος Πόλεμος]]: Απελευθερώνεται η [[Μπίτολα]].\n*[[1952]] - Η [[ομοσπονδιακή κυβέρνηση των ΗΠΑ]] ιδρύει την Υπηρεσία Εθνικής Ασφάλειας ή [[NSA]]. \n*[[1956]] - [[Ένωση Σοβιετικών Σοσιαλιστικών Δημοκρατιών|Σοβιετικά]] στρατεύματα εισέρχονται στη [[Βουδαπέστη]] για να τερματίσουν την [[Ουγγαρία|ουγγρική]] επανάσταση ενάντια στη Σοβιετική Ένωση, που άρχισε στις [[23 Οκτωβρίου]]. Χιλιάδες άνθρωποι σκοτώνονται, περισσότεροι τραυματίζονται και σχεδόν 250.000 εγκαταλείπουν τη χώρα.\n*[[1966]] - Ο ποταμός Άρνος [[Πλημμύρα του Άρνου του 1966|πλημμυρίζει]] τη [[Φλωρεντία]] στην [[Ιταλία]], σε μέγιστο ύψος 6,7 μ., αφήνοντας χιλιάδες άστεγους και καταστρέφοντας εκατομμύρια αριστουργήματα τέχνης και σπάνια βιβλία. Επίσης, την ίδια μέρα η [[Βενετία]] πλημμυρίζει σε ύψος 1,94 μ. που αποτελεί το υψηλότερο καταγεγραμμένο όλων των εποχών. \n*[[1973]] - Η [[Ολλανδία]] βιώνει την πρώτη της Κυριακή χωρίς αυτοκίνητο λόγω της [[Πετρελαϊκή κρίση του 1973|πετρελαϊκής κρίσης του 1973]]. Οι αυτοκινητόδρομοι χρησιμοποιούνται μόνο απ' όσους μετακινούνται με [[Ποδηλασία|ποδήλατα]] και πατίνια.\n*[[1979]] - [[Κρίση των ομήρων (Ιράν)]]: Ένας όχλος Ιρανών, κυρίως φοιτητών, εισβάλει στην πρεσβεία των [[Ηνωμένες Πολιτείες Αμερικής|Η.Π.Α.]] στην [[Τεχεράνη]] και παίρνει 90 ομήρους (53 από τους οποίους είναι Αμερικανοί).\n*[[1980]] - Ο [[Ρόναλντ Ρήγκαν]] εκλέγεται ως ο 40ός [[πρόεδρος των Ηνωμένων Πολιτειών]], νικώντας τον εν ενεργεία [[Τζίμι Κάρτερ]]. \n*[[1995]] - Δολοφονείται ο [[Ισραήλ|Ισραηλινός]] πρωθυπουργός [[Γιτζάκ Ράμπιν]].\n*[[2008]] - Ο [[Μπαράκ Ομπάμα]] γίνεται το πρώτο πρόσωπο διαφυλετικής ή [[Αφροαμερικανοί|αφροαμερικανικής]] καταγωγής που εκλέγεται [[πρόεδρος των Ηνωμένων Πολιτειών]].\n\n== Γεννήσεις ==\n*[[1265]] - [[Αλφόνσος Γ΄ της Αραγωνίας|Αλφόνσος Γ΄]], βασιλιάς της Αραγωνίας\n*[[1448]] - [[Αλφόνσος Β΄ της Νάπολης|Αλφόνσος Β΄]], βασιλιάς της Νάπολης\n*[[1575]] - [[Γκουίντο Ρένι]], Ιταλός ζωγράφος\n*[[1785]] - [[Σαχ Σουτζά Ντουρανί]], Εμίρης του Αφγανιστάν\n*[[1883]] - [[Νικόλαος Πλαστήρας]], Έλληνας στρατηγός και πολιτικός\n*[[1901]] - [[Σπυρίδων Μαρινάτος]], Έλληνας αρχαιολόγος\n*[[1903]] - [[Ελένη Παπαδάκη]], Ελληνίδα ηθοποιός\n*[[1905]] - [[Ζήσης Παπαλαζάρου]], Έλληνας πολιτικός\n*[[1908]] - [[Στάνλι Κορτέζ]], Αμερικανός κινηματογραφιστής\n*[[1908]] - [[Τζόζεφ Ρότμπλατ]], Πολωνός φυσικός\n*[[1916]] - [[Γουόλτερ Κρόνκαϊτ]], Αμερικανός δημοσιογράφος\n*[[1929]] - [[Αρχιεπίσκοπος Τιράνων Αναστάσιος]]\n*[[1929]] - [[Πολ Βανς]], Αμερικανός τραγουδοποιός\n*[[1935]] - [[Ντάνιελ Ουίλιαμς]], γενικός κυβερνήτης της Γρενάδας\n*[[1936]] - [[Ντιντιέ Ρατσιράκα]], πρόεδρος της Μαδαγασκάρης\n*[[1938]] - [[Σαλβατόρε Μοράλε]], Ιταλός αθλητής\n*[[1948]] - [[Αμαντού Τουμανί Τουρέ]], πρόεδρος του Μάλι\n*[[1951]] - [[Τραϊάν Μπασέσκου]], Ρουμάνος πολιτικός\n*[[1952]] - [[Πάπας Θεόδωρος Β' Αλεξανδρείας]]\n*[[1955]] - [[Μάτι Βάνχανεν]], Φινλανδός πολιτικός\n*[[1956]] - [[Γιάννης Γεωργαράς]], Έλληνας ποδοσφαιριστής και προπονητής\n*[[1957]] - [[Τόνι Άμποτ]], Αυστραλός πολιτικός\n*[[1962]] - [[Ρομπέρτο Τζιορτζέτι]], κυβερνήτης του Αγίου Μαρίνου\n*[[1969]] - [[Μάθιου Μακόναχι]], Αμερικανός ηθοποιός\n*[[1972]] - [[Λουίς Φίγκο]], Πορτογάλος ποδοσφαιριστής\n*[[1977]] - [[Έκτορ Γκονσάλες]], Βενεζουελανός ποδοσφαιριστής\n*[[1979]] - [[Όντρεϊ Χολέιντερ]], Αμερικανίδα πορνογραφική ηθοποιός\n*[[1983]] - [[Φρανθίσκο Χαβιέρ Περάλ]], Ισπανός ποδοσφαιριστής\n*[[1987]] - [[T.O.P]], Νοτιοκορεάτης ράπερ\n\n== Θάνατοι ==\n*[[1004]] - [[Όθων Α΄ της Καρινθίας|Όθων Α']], δούκας της Καρινθίας\n*[[1025]] - [[Ματθίλδη της Σαξονίας]], κόμισσα της Λοθαριγγίας\n*[[1157]] - [[Ματθίλδη της Σαβοΐας]]\n*[[1672]] - [[Λούκας φαν Ούντεν]], Φλαμανδός ζωγράφος\n*[[1847]] - [[Φέλιξ Μέντελσον]], Γερμανός συνθέτης\n*[[1856]] - [[Ιπολίτ-Πωλ Ντελαρός]], Γάλλος ζωγράφος\n*[[1890]] – [[Φελίξ ντυ Ταμπλ ντε λα Κρουά]], Γάλλος εφευρέτης\n*[[1924]] - [[Γκαμπριέλ Φωρέ]], Γάλλος συνθέτης\n*[[1940]] - [[Κωστής Παπαδάκης]], Έλληνας δημοσιογράφος\n*[[1943]] - [[Δημήτριος Γιαννακόπουλος (ΕΔΕΣ)|Δημήτριος Γιαννακόπουλος]], Έλληνας αντιστασιακός\n*[[1958]] - [[Σαμ Ζίμπαλιστ]], Αμερικανός κινηματογραφικός παραγωγός\n*[[1982]] - [[Ζακ Τατί]], Γάλλος ηθοποιός και σκηνοθέτης\n*[[1983]] - [[Γεώργιος Ζήβας]], Έλληνας αθλητής\n*[[1985]] - [[Φέρντιναντ Κράμερ]], Γερμανός αρχιτέκτονας\n*[[1988]] - [[Κλεάνθης Βικελίδης]], Έλληνας ποδοσφαιριστής\n*[[1988]] - [[Χέρμαν Γκραφ]], Γερμανός πιλότος\n*[[1995]] - [[Ζιλ Ντελέζ]], Γάλλος φιλόσοφος\n*[[1995]] - [[Γιτζάκ Ράμπιν]], Ισραηλινός πολιτικός\n*[[2002]] - [[Νάκης Αυγερινός]], Έλληνας πολιτικός\n*[[2011]] - [[Αλφόνσο Κάνο]], Κολομβιανός αντάρτης\n*[[2015]] - [[Κώστας Τσάκωνας]], Έλληνας ηθοποιός\n\n== Αργίες και εορτές ==\n\n=== [[Ορθόδοξη Εκκλησία]] ===\n{{Πύλη:Ορθοδοξία/Εορτολόγιο/4 Νοεμβρίου}}\n\n{{Μήνες}}\n\n[[Κατηγορία:Ημέρες του έτους]]"}}}]}]}}