{"batchcomplete":true,"query":{"normalized":[{"fromencoded":false,"from":"4_Μαρτίου","to":"4 Μαρτίου"}],"pages":[{"pageid":1414,"ns":0,"title":"4 Μαρτίου","revisions":[{"slots":{"main":{"contentmodel":"wikitext","contentformat":"text/x-wiki","content":"{{χωρίς παραπομπές}}\n\n{{Μήνες Μαρτίου}}\n\n<center>[[3 Μαρτίου]] | '''4 Μαρτίου''' | [[5 Μαρτίου]]</center>\n\n----\nΗ '''4η Μαρτίου''' είναι η 63η ημέρα του έτους κατά το [[Γρηγοριανό ημερολόγιο]] (64η σε δίσεκτα έτη). Υπολείπονται 302 ημέρες.\n\n{{ΗμερολόγιοΣεΠίνακα|3}}\n\n== Γεγονότα ==\n{{Commonscat|4 March}}\n*[[852]] - Ο [[Κροάτες|Κροάτης]] πρίγκιπας Τρπιμίρ Α΄ εκδίδει ένα έγγραφο με την πρώτη γνωστή αναφορά του ονόματος των Κροατών σε [[Κροατία|κροατικές]] πηγές.\n*[[1152]] - Ο [[Φρειδερίκος Α΄ Βαρβαρόσσα]] εκλέγεται [[Κατάλογος μοναρχών της Γερμανίας|βασιλιάς της Γερμανίας]].\n*[[1386]] - Ο [[Λαδίσλαος Β΄ Γιαγκελόν]] στέφεται βασιλιάς της [[Πολωνία]]ς.\n*[[1461]] - [[Πόλεμος των Ρόδων]] στην [[Βασίλειο της Αγγλίας|Αγγλία]]: ο [[Μοναρχία του Ηνωμένου Βασιλείου|βασιλιάς]] [[Ερρίκος ΣΤ΄ της Αγγλίας]], του [[Οίκος του Λάνκαστερ|Οίκου του Λάνκαστερ]], καθαιρείται από τον ξάδελφό του, του [[Οίκος της Υόρκης|Οίκου της Υόρκης]], [[Εδουάρδος Δ΄ της Αγγλίας|Εδουάρδο Δ΄]]. \n*[[1493]] - Ο εξερευνητής [[Χριστόφορος Κολόμβος]] επιστρέφει στη [[Λισαβόνα]] ([[Πορτογαλία]]) από το ταξίδι του στις σημερινές [[Μπαχάμες]] και άλλα νησιά της [[Καραϊβική]]ς.\n*[[1665]] - Ο βασιλιάς [[Κάρολος Β΄ της Αγγλίας]] κηρύσσει πόλεμο στην [[Ολλανδία]] σηματοδοτώντας την έναρξη του Δεύτερου Αγγλο-Ολλανδικού πολέμου.\n*[[1675]] - Ο [[Τζον Φλάμστηντ]] διορίζεται ως ο πρώτος βασιλικός αστρονόμος της [[Αγγλία]]ς.\n*[[1789]] - Συνέρχεται στη [[Νέα Υόρκη]] το πρώτο [[Κογκρέσο των Ηνωμένων Πολιτειών]].\n*[[1790]] - Η [[Γαλλία]] διαιρείται σε 83 νομούς καταργώντας τις [[παλαιές επαρχίες της Γαλλίας|παλαιές επαρχίες]], σε μία προσπάθεια να αντιμετωπιστεί η περιφερειακή υποταγή που βασίζεται στην ιδιοκτησία της γης από την αριστοκρατία.\n*[[1791]] - Το [[Βερμόντ]] γίνεται η 14η [[Πολιτείες των ΗΠΑ|πολιτεία των Ηνωμένων Πολιτειών]].\n*[[1813]] - Ο [[Κύριλλος ΣΤ΄]] εκλέγεται [[Οικουμενικός Πατριάρχης Κωνσταντινουπόλεως]].\n*[[1848]] - Ο [[Κάρολος Αλβέρτος της Σαρδηνίας]] υπογράφει το Στατούτο Αλμπερτίνο, το οποίο θα μετουσιωθεί αργότερα στο πρώτο [[Σύνταγμα της Ιταλίας]].\n*[[1861]] - Υιοθετείται η πρώτη σημαία των [[Συνομόσπονδες Πολιτείες της Αμερικής|Συνομόσπονδων Πολιτειών Αμερικής]]. \n*[[1890]] - Ο [[πρίγκιπας της Ουαλίας]], αργότερα βασιλιάς [[Εδουάρδος Ζ΄ του Ηνωμένου Βασιλείου]], εγκαινιάζει στη [[Σκωτία]] τη [[γέφυρα Φορθ]], τη μεγαλύτερη σε μήκος γέφυρα στη [[Μεγάλη Βρετανία]].\n*[[1913]] - [[Α΄ Βαλκανικός Πόλεμος]]: [[Μάχη του Μπιζανίου]]. Ο [[Ελλάδα|ελληνικός]] στρατός εμπλέκεται σε μάχη με τους [[Οθωμανική Αυτοκρατορία|Οθωμανούς]] στο [[Δήμος Μπιζανίου|Μπιζάνι]], που θα καταλήξει σε νίκη των [[Έλληνες|Ελλήνων]] δύο ημέρες αργότερα.    \n*[[1944]] - Αρχίζει η [[μάχη της Κοκκινιάς]].\n*[[1970]] - Το [[Γαλλία|γαλλικό]] υποβρύχιο ''Ευρυδίκη'' εκρήγνυται μέσα στη θάλασσα, με αποτέλεσμα την απώλεια ολόκληρου του 57μελούς πληρώματος.\n\n== Γεννήσεις ==\n*[[1188]] - [[Λευκή της Καστίλης]], βασίλισσα της Γαλλίας\n*[[1394]] - [[Ερρίκος ο Θαλασσοπόρος]], Πορτογάλος εξερευνητής\n*[[1678]] - [[Αντόνιο Βιβάλντι]], Ιταλός συνθέτης\n*[[1769]] - [[Μεχμέτ Αλή Πασάς]], χεδίβης της Αιγύπτου\n*[[1772]] - [[Γεωργάκης Ολύμπιος]], Έλληνας αγωνιστής\n*[[1786]] - [[Αυγουστίνα της Αραγωνίας]], Ισπανή ηρωίδα\n*[[1851]] - [[Αλέξανδρος Παπαδιαμάντης]], Έλληνας συγγραφέας\n*[[1881]] - [[Τόντορ Αλεξάντρωφ]], Βούλγαρος επαναστάτης\n*[[1884]] - [[Κυριάκος Βαρβαρέσος]], Έλληνας πολιτικός\n*[[1903]] - [[Ζαν-Ζοζέφ Ραμπεαριβέλο]], Μαλαγάσιος ποιητής\n*[[1904]] - [[Ηλίας Βενέζης]], Έλληνας συγγραφέας\n*[[1904]] - [[Τζορτζ Γκάμοφ]], Ουκρανός φυσικός\n*[[1913]] - [[Τζον Γκάρφιλντ]], Αμερικανός ηθοποιός\n*[[1916]] - [[Τζόρτζιο Μπασσάνι]], Ιταλός συγγραφέας\n*[[1927]] - [[Ζακ Ντυπέν]], Γάλλος ποιητής\n*[[1937]] - [[Ελένη Κυπραίου]], Ελληνίδα ηθοποιός και δημοσιογράφος\n*[[1938]] - [[Αλφά Κοντέ]], πρόεδρος της Γουινέας\n*[[1943]] - [[Λούτσιο Ντάλλα]], Ιταλός τραγουδοποιός\n*[[1943]] - [[Φραγκίσκος Σούρπης]], Έλληνας ποδοσφαιριστής\n*[[1949]] - [[Σεργκέι Μπαγκάπς]], πρόεδρος της Αμπχαζίας\n*[[1951]] - [[Κέννυ Νταλγκλίς]], Σκωτσέζος ποδοσφαιριστής και προπονητής\n*[[1954]] - [[Φρανσουά Φιγιόν]], Γάλλος πολιτικός\n*[[1963]] - [[Τζέισον Νιούστεντ]], Αμερικανός μπασίστας\n*[[1964]] - [[Πολ Μπόσταφ]], Αμερικανός ντράμερ \n*[[1968]] - [[Κυριάκος Μητσοτάκης]], Έλληνας πολιτικός\n*[[1969]] - [[Χρήστος Φερεντίνος]], Έλληνας παρουσιαστής \n*[[1972]] - [[Γιώργος Μαζωνάκης]], Έλληνας τραγουδιστής\n*[[1972]] - [[Γιος Φερστάπεν]], Ολλανδός οδηγός αγώνων\n*[[1979]] - [[Βιτσισλάφ Μαλαφέεφ]], Ρώσος ποδοσφαιριστής\n*[[1984]] - [[Άκης Πετρετζίκης]], Έλληνας μάγειρας\n\n== Θάνατοι ==\n*[[561]] - [[Πάπας Πελάγιος Α΄]]\n*[[1172]] - [[Στέφανος Γ΄ της Ουγγαρίας|Στέφανος Γ΄]], βασιλιάς της Ουγγαρίας\n*[[1189]] - [[Ουμβέρτος Γ΄ της Σαβοΐας|Ουμβέρτος Γ΄]], κόμης της Σαβοΐας\n*[[1193]] - [[Σαλαντίν]], σουλτάνος της Αιγύπτου και της Συρίας\n*[[1238]] - [[Γιούρι Β΄ του Βλαντίμιρ|Γιούρι Β΄]], μέγας πρίγκιπας του Βλαντίμιρ\n*[[1238]] - [[Ιωάννα της Σκωτίας|Ιωάννα]], βασίλισσα της Σκωτίας\n*[[1429]] - [[Ανδρόνικος Παλαιολόγος (γιος Μανουήλ Β΄)|Ανδρόνικος Παλαιολόγος]], Βυζαντινός πρίγκιπας\n*[[1615]] - [[Χανς φον Άαχεν]], Γερμανός ζωγράφος\n*[[1832]] - [[Ζαν-Φρανσουά Σαμπολιόν]], Γάλλος λόγιος\n*[[1852]] - [[Νικολάι Γκόγκολ]], Ρώσος συγγραφέας\n*[[1916]] - [[Φραντς Μαρκ]], Γερμανός ζωγράφος\n*[[1942]] - [[Νικόλαος Πολίτης (διπλωμάτης)|Νικόλαος Πολίτης]], Έλληνας διπλωμάτης και πολιτικός\n*[[1948]] - [[Αντονέν Αρτώ]], Γάλλος ηθοποιός και σκηνοθέτης\n*[[1952]] - [[Τσαρλς Σκοτ Σέρινγκτον]], Άγγλος φυσιολόγος\n*[[1967]] - [[Αλέξανδρος Μυλωνάς]], Έλληνας πολιτικός και συγγραφέας\n*[[1977]] - [[Γιόχαν Λούντβιχ Γκραφ Σβερίν φον Κρόσιγκ]], Γερμανός πολιτικός\n*[[1987]] - [[Νικόλαος Πινιατώρος]], Έλληνας πολιτικός\n*[[1990]] - [[Άρης Βουδούρης]], Έλληνας δημοσιογράφος\n*[[1993]] - [[Κάσιο Ταντάο]], Ιάπωνας επιχειρηματίας\n*[[2006]] - [[Μαρία Πλυτά]], Ελληνίδα σκηνοθέτρια\n*[[2007]] - [[Ταντέους Ναλέπα]], Πολωνός συνθέτης και κιθαρίστας (Breakout)\n*[[2008]] - [[Έλενα Ναθαναήλ]], Ελληνίδα ηθοποιός\n*[[2008]] - [[Τζορτζ Ουόλτερ]], πρωθυπουργός της Αντίγκουα και Μπαρμπούντα\n*[[2012]] - [[Αναστάσιος Αλιφέρης|Τάσος Αλιφέρης]], Έλληνας πολιτικός\n*[[2018]] - [[Ντάβιντε Αστόρι]], Ιταλός ποδοσφαιριστής\n*[[2019|2019-]][[Λούκ Πέρρυ,]]<nowiki/>Ηθοποιός \n*[[2019|2019-]][[Keith Charles Flint]]‎ (Prodigy frontman)\n*[[2023]]-[[Σταύρος Παντελίδης]] ο πατέρας του [[Παντελής Παντελίδης|Παντελή Παντελίδη]]\n\n== Αργίες και εορτές ==\n=== [[Ορθόδοξη Εκκλησία]] ===\n{{Πύλη:Ορθοδοξία/Εορτολόγιο/4 Μαρτίου}}\n\n{{Μήνες}}\n\n[[Κατηγορία:Ημέρες του έτους]]"}}}]}]}}