{"batchcomplete":true,"query":{"normalized":[{"fromencoded":false,"from":"4_Φεβρουαρίου","to":"4 Φεβρουαρίου"}],"pages":[{"pageid":1212,"ns":0,"title":"4 Φεβρουαρίου","revisions":[{"slots":{"main":{"contentmodel":"wikitext","contentformat":"text/x-wiki","content":"{{χωρίς παραπομπές}}\n\n<center>\n[[Δεκέμβριος]] | [[Ιανουάριος]] | '''[[Φεβρουάριος]]''' | [[Μάρτιος]] | [[Απρίλιος]]</center>\n\n\n<center>\n[[3 Φεβρουαρίου]] | '''4 Φεβρουαρίου''' | [[5 Φεβρουαρίου]] </center>\n\n----\nΗ '''4η Φεβρουαρίου''' είναι η 35η μέρα του έτους κατά το [[Γρηγοριανό ημερολόγιο]]. Υπολείπονται 331 μέρες (332 σε δίσεκτα έτη).\n\n{{ΗμερολόγιοΣεΠίνακα|2}}\n\n== Γεγονότα ==\n{{Commonscat|4 February}}\n*[[211]] - Ο [[Ρωμαϊκή Αυτοκρατορία|Ρωμαίος αυτοκράτορας]] [[Σεπτίμιος Σεβήρος]] πεθαίνει στο Εβόρακο (σημερινό [[Γιορκ]], [[Αγγλία]]) ενώ προετοιμαζόταν να ηγηθεί μίας εκστρατείας εναντίον των Καληδονίων. Αφήνει την αυτοκρατορία υπό τον έλεγχο των δύο αντιμαχόμενων γιων του.\n*[[960]] - Η στέψη του Τσάο Κουάνγκγιν ως αυτοκράτορας της [[Λαϊκή Δημοκρατία της Κίνας|Κίνας]] με το όνομα Τάιτσου σηματοδοτεί την έναρξη της περιόδου της [[Δυναστεία Σονγκ|δυναστείας των Σονγκ]], η οποία θα διαρκέσει περισσότερο από τρεις αιώνες. \n*[[1169]] - Ισχυρός σεισμός χτυπά την ανατολική ακτή της [[Σικελία]]ς, και ιδιαίτερα την [[Κατάνια]], προκαλώντας το θάνατο περίπου 15.000 κατοίκων.\n*[[1758]] - Ιδρύεται η πόλη Μακαπά στη [[Βραζιλία]].\n*[[1789]] - Ο [[Τζορτζ Ουάσινγκτον]] εκλέγεται ομόφωνα από το [[Εκλεκτορικό Κολέγιο (ΗΠΑ)|Εκλεκτορικό Κολέγιο]] ως ο πρώτος [[πρόεδρος των Ηνωμένων Πολιτειών]].\n*[[1794]] - Καταργείται η [[δουλεία]] σε όλα τα εδάφη της [[Γαλλία|Γαλλικής Πρώτης Δημοκρατίας]]. Θα επανεισαχθεί στις γαλλικές Δυτικές Ινδίες το [[1802]].\n*[[1797]] - [[Σεισμός]] χτυπά στον [[Ισημερινός (χώρα)|Ισημερινό]], προκαλώντας το θάνατο σε περίπου 40.000 άτομα.\n*[[1820]] - Το πολεμικό ναυτικό της [[Χιλή]]ς υπό τη διοίκηση του [[Τόμας Κόχραν (10ος κόμης του Ντάντοναλντ)|λόρδου Κόχραν]] καταλαμβάνει τη [[Βαλδίβια]] με μόλις 300 άνδρες και 2 πλοία.\n*[[1859]] - Ανακαλύπτεται στην [[Αίγυπτος|Αίγυπτο]] ο [[Σιναϊτικός Κώδικας]].\n*[[1861]] - [[Αμερικανικός Εμφύλιος Πόλεμος]]: στο [[Μοντγκόμερι (Αλαμπάμα)]], αντιπρόσωποι από έξι αποσχισθείσες [[πολιτείες των ΗΠΑ]] συναντώνται και σχηματίζουν τις [[Συνομόσπονδες Πολιτείες της Αμερικής]].\n*[[1932]] - [[Δεύτερος Σινοϊαπωνικός Πόλεμος]]: οι [[Ιαπωνία|Ιάπωνες]] καταλαμβάνουν τη [[Χαρμπίν]] στη [[Μαντζουρία]].\n*[[1943]] - Εκτελείται από τους [[Ναζιστική Γερμανία|Γερμανούς]] στην [[Καισαριανή]] ο [[Κώστας Περρίκος]], αρχηγός της [[Πανελλήνιος Ένωσις Αγωνιζομένων Νέων|ΠΕΑΝ]].\n*[[1945]] - [[Β΄ Παγκόσμιος Πόλεμος]]: αρχίζει η [[Διάσκεψη της Γιάλτας]] μεταξύ των \"Τριών Μεγάλων\" ([[Ουίνστον Τσώρτσιλ]], [[Φραγκλίνος Ρούζβελτ|Φραγκλίνου Ρούζβελτ]] και [[Ιωσήφ Στάλιν]]) στο μέγαρο της Λιβάντια στην [[Κριμαία]].\n*[[1948]] - Η Κεϋλάνη (που αργότερα μετανομάστηκε σε [[Σρι Λάνκα]]) γίνεται ανεξάρτητη εντός της [[Κοινοπολιτεία των Εθνών|Κοινοπολιτείας των Εθνών]].\n*[[1966]] - Αεροσκάφος της All Nippon Airways συντρίβεται στον κόλπο του [[Τόκιο]], σκοτώνοντας 133 άτομα.\n* [[1974]] - Βόμβα του [[IRA]] εκρήγνυται σε λεωφορείο με Βρετανούς στρατιώτες σκοτώνοντας 11 απ' αυτούς.\n* [[1992]] - Ο [[Ούγκο Τσάβες]] με το MBR-200 πραγματοποιεί απόπειρα πραξικοπήματος κατά του προέδρου [[Κάρλος Άντρες Πέρες]], με 18 νεκρούς και 60 τραυματίες.\n* [[2000]] - Βγαίνει στα καταστήματα το ηλεκτρονικό παιχνίδι [[The Sims]] που θα πουλήσει πάνω από 6,3 εκατομμύρια αντίγραφα στις [[Η.Π.Α.]] και 58 εκατομμύρια στον υπόλοιπο κόσμο.\n* [[2000]] - Ο [[Βόλφγκαγκ Σύσελ]] αναλαμβάνει [[καγκελάριος]] της [[Αυστρία]]ς παρά την ήττα του κόμματός του στις εκλογές.\n* [[2003]] - Το ομοσπονδιακό κοινοβούλιο της [[Γιουγκοσλαβία]]ς δημιουργεί την κοινοπολιτεία [[Σερβία και Μαυροβούνιο|Σερβίας και Μαυροβουνίου]].\n*[[2004]] - Ο Μαρκ Ζούκερμπεργκ ιδρύει το Facebook.\n* [[2005]] - Ο [[Πασκάλ Γιοαντιμνατζί]] αναλαμβάνει Πρωθυπουργός του [[Τσαντ]].\n* [[2016]] - Πανελλαδική απεργία στην Ελλάδα λόγω του ασφαλιστικού. Κλειστά μέχρι και τα βενζινάδικα και οι καφετέριες.\n* [[2018]] - Συλλαλητήριο υπέρ της μη χρήσης του όρου Μακεδονία στην ονομασία της ΠΓΔΜ, στην πλατεία Συντάγματος των Αθηνών. Συμμετείχαν 140.000 πολίτες σύμφωνα και την ΕΛ.ΑΣ. και 1.500.000 πολίτες σύμφωνα με τους διοργανωτές.\n\n== Γεννήσεις ==\n*[[1495]] - [[Φραγκίσκος Β΄ Σφόρτσα]], δούκας του Μιλάνου\n*[[1815]] - [[Αλέξανδρος Κουμουνδούρος]], Έλληνας πολιτικός\n*[[1851]] - [[Καρλ Μπεργκ (βιομήχανος)|Καρλ Μπεργκ]], Γερμανός βιομήχανος\n*[[1856]] - [[Ρόμπερτ Ντικ Γουίλσον]], Αμερικανός γλωσσολόγος\n*[[1871]] - [[Φρίντριχ Έμπερτ]], Γερμανός πολιτικός\n*[[1872]] - [[Γκότσε Ντέλτσεφ]], Βούλγαρος επαναστάτης\n*[[1873]] - [[Ετιέν Ντεμαρτό]], Καναδός αθλητής\n*[[1881]] - [[Φερνάν Λεζέ]], Γάλλος ζωγράφος και γλύπτης\n*[[1889]] - [[Ουόλτερ Κάτλετ]], Αμερικανός ηθοποιός\n*[[1892]] - [[Αντρές Νιν]], Ισπανός επαναστάτης\n*[[1897]] - [[Λούντβιχ Έρχαρντ]], Γερμανός πολιτικός\n*[[1900]] - [[Ζακ Πρεβέρ]], Γάλλος ποιητής\n*[[1902]] - [[Τσαρλς Λίντμπεργκ]], Αμερικανός πιλότος\n*[[1906]] - [[Ντίτριχ Μπονχέφερ]], Γερμανός θεολόγος\n*[[1906]] - [[Κλάιντ Τόμπω]], Αμερικανός αστρονόμος\n*[[1912]] - [[Μπάιρον Νέλσον]], Αμερικανός γκόλφερ\n*[[1913]] - [[Ρόζα Παρκς]], Αμερικανίδα ακτιβίστρια\n*[[1915]] - [[Ρέι Έβανς]], Αμερικανός τραγουδοποιός\n*[[1917]] - [[Γιώργος Σικελιώτης]], Έλληνας ζωγράφος και χαράκτης\n*[[1921]] - [[Μπέττυ Φρίνταν]], Αμερικανίδα φεμινίστρια\n*[[1923]] - [[Ντόναλντ Νίκολ]], Άγγλος βυζαντινολόγος\n*[[1931]] - [[Ισαμπέλ Περόν]], Αργεντινή πολιτικός\n*[[1940]] - [[Τζωρτζ Ρομέρο]], Αμερικανός σκηνοθέτης\n*[[1941]] - [[Όπυ Ζούνη]], Ελληνίδα ζωγράφος\n*[[1941]] - [[Σερμπάν Καντακουζηνός (ηθοποιός)|Σερμπάν Καντακουζηνός]], Ρουμάνος ηθοποιός\n*[[1941]] - [[Λαϊσένια Καράζε]], πρωθυπουργός των νησιών Φίτζι\n*[[1943]] - [[Σβετλάνα Μπαμπάνινα]], Ρωσίδα κολυμβήτρια\n*[[1947]] - [[Λάκης Γκλέζος]], Έλληνας ποδοσφαιριστής\n*[[1948]] - [[Alice Cooper]], Αμερικανός τραγουδιστής\n*[[1948]] - [[Ραμ Μπαράν Γιαντάβ]], πρόεδρος του Νεπάλ\n*[[1951]] - [[Γιώργος Παπαδάκης]], Έλληνας παρουσιαστής\n*[[1972]] - [[Τζιοβάνι Σίλβα ντε Ολιβέιρα]], Βραζιλιάνος ποδοσφαιριστής\n*[[1973]] - [[Ναταλία Δραγούμη]], Ελληνίδα ηθοποιός\n*[[1978]] - [[Ντάνα Γκαρσία]], Κολομβιανή ηθοποιός\n*[[1979]] - [[Τζιόρτζιο Πάντανο]], Ιταλός οδηγός αγώνων\n*[[1981]] - [[Τζέισον Καπόνο]], Αμερικανός καλαθοσφαιριστής\n*[[1982]] - [[Κρις Σέιμπιν]], Αμερικανός παλαιστής\n*[[1990]] - [[Κατερίνα Στεφανίδη]], Ελληνίδα αθλήτρια στο άλμα επί κοντώ\n*[[2000]] - [[Γιώργος Αντζουλάς]], Έλληνας ποδοσφαιριστής\n\n== Θάνατοι ==\n*[[211]] - [[Σεπτίμιος Σεβήρος]], Ρωμαίος αυτοκράτορας\n*[[708]] - [[Πάπας Σισίνιος]]\n*[[1461]] - [[Όουεν Τυδώρ]], Ουαλός ευγενής\n*[[1508]] - [[Κόνραντ Κέλτις]], Γερμανός λόγιος\n*[[1615]] - [[Τζανμπαττίστα ντελα Πόρτα]], Ιταλός λόγιος\n*[[1843]] - [[Θεόδωρος Κολοκοτρώνης]], Έλληνας στρατάρχης\n*[[1905]] - [[Λουί-Ερνέστ Μπαριά]], Γάλλος γλύπτης\n*[[1925]] - [[Ρόμπερτ Κόλντεβαϊ]], Γερμανός αρχαιολόγος\n*[[1928]] - [[Χέντρικ Λόρεντς]], Ολλανδός φυσικός\n*[[1936]] - [[Βίλχελμ Γκούστλοφ]], Γερμανός ναζιστής\n*[[1940]] - [[Νικολάι Γιεζόφ]], Σοβιετικός αξιωματούχος της μυστικής αστυνομίας\n*[[1943]] - [[Κώστας Περρίκος]], Έλληνας στρατιωτικός και αντιστασιακός\n*[[1947]] - [[Λουίτζι Ρούσολο]], Ιταλός ζωγράφος και συνθέτης\n*[[1968]] - [[Νιλ Κάσαντι]], Αμερικανός συγγραφέας\n*[[1984]] - [[Μιχαήλ Μυριδάκης]], Έλληνας πολιτικός\n*[[1991]] - [[Ελένη Σκούρα]], Ελληνίδα πολιτικός\n*[[1995]] - [[Πατρίσια Χάισμιθ]], Αμερικανίδα συγγραφέας\n*[[1997]] - [[Αντώνης Παραράς]], Έλληνας τηλεοπτικός παρουσιαστής\n*[[2000]] - [[Αχιλλέας Ι. Παπαλουκάς]], Έλληνας δικηγόρος και πολιτικός\n*[[2001]] - [[Ιάννης Ξενάκης]], Έλληνας συνθέτης\n*[[2003]] - [[Μπενγιουσέφ Μπενχεντά]], Αλγερινός πολιτικός\n*[[2006]] - [[Μπέττυ Φρίνταν]], Αμερικανίδα φεμινίστρια\n*[[2009]] - [[Αλέκα Παΐζη]], Ελληνίδα ηθοποιός\n*[[2010]] - [[Κώστας Αξελός]], Έλληνας φιλόσοφος\n*[[2011]] - [[Παύλος Σαρλής]], Έλληνας πολιτικός\n*[[2011]] - [[Μαρσιάλ Σελεστέν]], πρωθυπουργός της Αϊτής\n*[[2012]] - [[Φλόρενς Γκριν]], Αγγλίδα βετεράνος του Α΄ Παγκοσμίου Πολέμου\n*[[2013]] - [[Παναγιώτης Κατερίνης]], Έλληνας αντιστασιακός και πολιτικός\n*[[2021]] - Παύλος Σάμιος Έλληνας ζωγράφος \n\n== Αργίες και εορτές ==\n=== Κόσμος ===\n* {{UNO}} - Παγκόσμια Ημέρα κατά του [[καρκίνος|Καρκίνου]]\n* {{AGO}} - Έναρξη του ένοπλου αγώνα κατά της [[Πορτογαλία|πορτογαλικής]] αποικιοκρατίας\n* {{LKA}} - Ημέρα ανεξαρτησίας (από το [[Ηνωμένο Βασίλειο]] το [[1948]])\n\n=== [[Ορθόδοξη Εκκλησία]] ===\n{{Πύλη:Ορθοδοξία/Εορτολόγιο/4 Φεβρουαρίου}}\n\n\n{{Μήνες}}\n\n[[Κατηγορία:Ημέρες του έτους]]"}}}]}]}}