{"batchcomplete":true,"query":{"normalized":[{"fromencoded":false,"from":"4_Μαΐου","to":"4 Μαΐου"}],"pages":[{"pageid":1755,"ns":0,"title":"4 Μαΐου","revisions":[{"slots":{"main":{"contentmodel":"wikitext","contentformat":"text/x-wiki","content":"{{χωρίς παραπομπές}}\n\n{{Μήνες Μαΐου}}\n\n<center>[[3 Μαΐου]] | '''4 Μαΐου''' | [[5 Μαΐου]]</center>\n\n----\nΗ '''4η Μαΐου''' είναι η 124η ημέρα του έτους κατά το [[Γρηγοριανό ημερολόγιο]] (125η σε [[Δίσεκτο έτος|δίσεκτα έτη]]).  Υπολείπονται 241 ημέρες.\n\n{{ΗμερολόγιοΣεΠίνακα|5}}\n\n== Γεγονότα ==\n*[[1415]] - Οι θρησκευτικοί μεταρρυθμιστές Τζον Ουίκλιφ και [[Γιαν Χους]] καταδικάζονται ως αιρετικοί από τη Σύνοδο της [[Κωνσταντία]]ς.\n*[[1471]] - [[Πόλεμος των Ρόδων]]: Μάχη του Τιούκσμπερι. Ο [[Εδουάρδος Δ΄ της Αγγλίας]] νικά τον στρατό του [[Οίκος του Λάνκαστερ|Οίκου του Λάνκαστερ]] και σκοτώνει τον [[Εδουάρδος του Ουεστμίνστερ|Εδουάρδο του Ουεστμίνστερ]], [[Πρίγκιπας της Ουαλίας|πρίγκιπα της Ουαλίας]].\n*[[1776]] - Το [[Ρόουντ Άιλαντ]] γίνεται η πρώτη [[Ηνωμένες Πολιτείες Αμερικής|αμερικανική]] αποικία που αποκηρύσσει την υπακοή στον βασιλιά [[Γεώργιος Γ΄ του Ηνωμένου Βασιλείου|Γεώργιο Γ΄ του Ηνωμένου Βασιλείου]].\n*[[1814]] - Ο αυτοκράτορας [[Ναπολέων Α΄]] φτάνει στο νησί [[Έλβα (νήσος)|Έλβα]] για να ξεκινήσει την εξορία του.\n*[[1814]] - Ο βασιλιάς [[Φερδινάνδος Ζ΄ της Ισπανίας]] υπογράφει το διάταγμα της 4ης Μαΐου, επιστρέφοντας την [[Ισπανία]] στην [[απόλυτη μοναρχία]].\n*[[1912]] - [[Ιταλοκρατία στα Δωδεκάνησα]]: Οι [[Ιταλία|Ιταλοί]] καταλαμβάνουν τη [[Ρόδος|Ρόδο]].\n*[[1919]] - [[Κίνημα της 4ης Μαΐου]]: Φοιτητές διαδηλώνουν στην [[πλατεία Τιενανμέν]] στο [[Πεκίνο]], διαμαρτυρόμενοι για τη [[Συνθήκη των Βερσαλλιών]], η οποία αποδίδει την [[Λαϊκή Δημοκρατία της Κίνας|κινεζική]] επικράτεια στην [[Ιαπωνία]]. \n*[[1942]] - [[Β΄ Παγκόσμιος Πόλεμος]]: Αρχίζει η [[ναυμαχία της Θάλασσας των Κοραλλίων]] με επίθεση αεροσκάφους από [[Ηνωμένες Πολιτείες Αμερικής|αμερικανικό]] [[αεροπλανοφόρο]] εναντίον [[Ιαπωνία|ιαπωνικών]] ναυτικών δυνάμεων στη νήσο Τουλάγκι στα [[Νήσοι Σολομώντα|νησιά Σολομώντα]]. Οι ιαπωνικές δυνάμεις είχαν εισβάλει στη νήσο Τουλάγκι την προηγούμενη μέρα.\n* [[1949]] - Η ποδοσφαιρική ομάδα της [[Τορίνο]] ξεκληρίζεται σε αεροπορικό δυστύχημα στην περιοχή ''Σουμπέργκα'' της βορείου [[Ιταλία]]ς.\n* [[1953]] - Ο [[Έρνεστ Χέμινγουεϊ]] τιμάται με [[βραβείο Πούλιτζερ]] για το έργο του ''[[Ο Γέρος και η Θάλασσα]]''.\n*[[1961]] - [[Ηνωμένες Πολιτείες Αμερικής|Αμερικανικό]] κίνημα για τα πολιτικά δικαιώματα: Οι \"[[Επιβάτες για την Ελευθερία]]\" αρχίζουν με λεωφορείο ταξίδι διαμαρτυρίας στις νότιες Πολιτείες των Η.Π.Α.\n*[[1967]] - Η [[Χούντα των Συνταγματαρχών|χούντα]] εκτοπίζει 6.000 αντικαθεστωτικούς στη νήσο [[Γυάρος|Γυάρο]]. Με διαταγή του αρχηγού [[Γενικό Επιτελείο Στρατού (Ελλάδα)|Γ.Ε.Σ.]] [[Οδυσσέας Αγγελής|Οδυσσέα Αγγελή]], διαλύονται 280 πολιτικές, συνδικαλιστικές, πολιτιστικές, φοιτητικές κ.α. οργανώσεις, ενώ ταυτόχρονα κατάσχονται τα αρχεία και όλα τα περιουσιακά τους στοιχεία.\n*[[1970]] - Πυροβολισμοί στο Κεντ Στέιτ: Η εθνοφρουρά του [[Οχάιο]], που στάλθηκε στο πανεπιστήμιο Κεντ Στέιτ μετά από ταραχές στην πόλη του Κεντ το προηγούμενο σαββατοκύριακο, ανοίγει πυρ σκοτώνοντας τέσσερις άοπλους φοιτητές και τραυματίζοντας εννέα άλλους. Οι φοιτητές διαμαρτύρονταν για την εκστρατεία των [[Ηνωμένες Πολιτείες Αμερικής|Ηνωμένων Πολιτειών]] και του Νότιου Βιετνάμ στην [[Καμπότζη]]. \n* [[1972]] - Αθήνα - Δικτατορία: Καταδικάζεται ο [[Μήτσος Παρτσαλίδης]], (πρώην γραμματέας του ΚΚΕ), σε ισόβια για τη δράση του στον εμφύλιο, πριν 25ετία. \n* [[1979]] - Η [[Μάργκαρετ Θάτσερ]] ορκίζεται πρωθυπουργός του [[Ηνωμένο Βασίλειο|Ηνωμένου Βασιλείου]] με το κόμμα των Συντηρητικών. Είναι η πρώτη γυναίκα πρωθυπουργός της χώρας.\n* [[1990]] - Η [[Λετονία]] ανακηρύσσει την ανεξαρτησία της από τη [[Σοβιετική Ένωση]].\n* [[1994]] Ο Πρωθυπουργός του [[Ισραήλ]] [[Γιτζάκ Ράμπιν]] και ο ηγέτης της [[Οργάνωση για την Απελευθέρωση της Παλαιστίνης|Οργάνωσης για την Απελευθέρωση της Παλαιστίνης]] [[Γιάσερ Αραφάτ]] επικυρώνουν, στο [[Κάιρο]] της [[Αίγυπτος|Αιγύπτου]], τη [[Συμφωνία του Όσλο]], για την παραχώρηση αυτονομίας στους Παλαιστινίους, στη Λωρίδα της Γάζας και την πόλη της Ιεριχούς. \n* [[1996]] - Το [[Λαϊκό Κόμμα της Ισπανίας]] αναλαμβάνει τη διακυβέρνηση, ύστερα από 13 χρόνια παρουσίας των Σοσιαλιστών στην εξουσία. Πρωθυπουργός της χώρας αναλαμβάνει ο [[Χοσέ Μαρία Αθνάρ]].\n* [[2001]] - Ο [[πάπας Ιωάννης Παύλος Β΄]] ταξιδεύει στη [[Μεσόγειος|Μεσόγειο]], από την [[Ελλάδα]] ως τη [[Συρία]] και από εκεί στη [[Μάλτα]], ακολουθώντας την πορεία του [[Απόστολος Παύλος|αποστόλου Παύλου]].\n\n== Γεννήσεις ==\n*[[1008]] - [[Ερρίκος Α΄ της Γαλλίας|Ερρίκος Α΄]], βασιλιάς της Γαλλίας\n*[[1622]] - [[Χουάν Ντε Βαλντές Λεάλ]], Ισπανός ζωγράφος και χαράκτης\n*[[1723]] -[[Φρανσουά Πουλέν ντε λα Μπαρ]] - Γάλλος φιλόσοφος, συγγραφέας και φεμινιστής\n*[[1776]] - [[Γιόχαν Φρίντριχ Χέρμπαρτ]], Γερμανός φιλόσοφος και συγγραφέας\n*[[1825]] - [[Τόμας Χάξλεϋ]], Άγγλος βιολόγος\n*[[1881]] - [[Αλέξανδρος Κερένσκι]], Ρώσος πολιτικός\n*[[1901]] - [[Νεβαρέ Χανιμεφέντι]], Οθωμανή σουλτάνα\n*[[1910]] - [[Στέλιος Κυριακίδης]], Κύπριος αθλητής\n*[[1913]] - [[Πριγκίπισσα Αικατερίνη της Ελλάδας]]\n*[[1922]] - [[Γιουτζίνι Κλαρκ]], Αμερικανή ιχθυολόγος\n*[[1928]] - [[Χόσνι Μουμπάρακ]], Αιγύπτιος στρατιωτικός και πολιτικός\n*[[1929]] - [[Όντρεϊ Χέπμπορν]], Βρετανή ηθοποιός\n*[[1930]] - [[Ρομπέρτα Πέτερς]], Αμερικανίδα υψίφωνος\n*[[1934]] - [[Μίστερ Φούτζι]], Αμερικανός παλαιστής\n*[[1939]] - [[Άμος Οζ]], Ισραηλινός συγγραφέας\n*[[1948]] - [[Γεώργιος Τουπόου Ε΄]], βασιλιάς των Τόνγκα\n*[[1958]] - [[Αντώνης Μήνου]], Έλληνας ποδοσφαιριστής\n*[[1960]] - [[Βέρνερ Φάιμαν]], Αυστριακός πολιτικός\n*[[1968]] - [[Σοφία Αρβανίτη]], Ελληνίδα τραγουδίστρια\n*[[1972]] - [[Μάικ Ντερντ]], Αμερικανός μπασίστας ([[Green Day]])\n*[[1977]] - [[Νέστορας Κόμματος]], Έλληνας καλαθοσφαιριστής\n*[[1979]] - [[Ράιαν Σέι]], Αμερικανός δρομέας\n*[[1982]] - [[Γιώργος Τσιάρας]], Έλληνας καλαθοσφαιριστής\n*[[1987]] - [[Χόρχε Λορένθο]], Ισπανός μοτοσικλετιστής\n*[[1987]] - [[Σεσκ Φάμπρεγας]], Ισπανός ποδοσφαιριστής\n*[[1987]] - [[SNIK]], Έλληνας ράπερ \n*[[1988]] - [[Γιώργος Ιωαννίδης]], Έλληνας ποδοσφαιριστής\n*[[1989]] - [[Άρης Ταταρούνης]], Έλληνας καλαθοσφαιριστής\n*[[1990]] - [[Νταβίντ Χάσλερ]], ποδοσφαιριστής από το Λίχτενσταϊν\n\n== Θάνατοι ==\n*[[1471]] - [[Εδουάρδος του Ουεστμίνστερ]], πρίγκιπας της Ουαλίας\n*[[1519]] - [[Λαυρέντιος των Μεδίκων, δούκας του Ουρμπίνο]]\n*[[1615]] - [[Άντριαν φαν Ρόομεν]], Φλαμανδός μαθηματικός\n*[[1710]] - [[Λουδοβίκος Γ΄ του Κοντέ|Λουδοβίκος Γ΄]], πρίγκιπας του Κοντέ\n*[[1714]] - [[Κάρολος του Μπερί|Κάρολος]], δούκας του Μπερί\n*[[1727]] - [[Λουδοβίκος Αρμάνδος Β΄ του Κοντί|Λουδοβίκος Αρμάνδος Β΄]], πρίγκιπας του Κοντί\n*[[1840]] - [[Ανδρέας Ζαΐμης]], Έλληνας αγωνιστής και πολιτικός\n*[[1849]] - [[Κατσουσίκα Χοκουσάι]], Ιάπωνας καλλιτέχνης\n*[[1863]] - [[Χριστόφορος Περραιβός]], Έλληνας στρατιωτικός και συγγραφέας\n*[[1903]] - [[Γκότσε Ντέλτσεφ]], Βούλγαρος επαναστάτης\n*[[1913]] - [[Δημήτρης Χατσόπουλος]], Έλληνας πολιτικός\n*[[1938]] - [[Καρλ φον Οσιέτσκι]], Γερμανός ειρηνιστής\n*[[1940]] - [[Κωνσταντίνος Καλλάρης]], Έλληνας στρατιωτικός\n*[[1945]] - [[Φέντορ φον Μποκ]], Γερμανός στρατάρχης\n*[[1970]] - [[Ευγενία Λιβανού]], Ελληνίδα κοσμική\n*[[1971]] - [[Χρήστος Ευθυμίου]], Έλληνας ηθοποιός\n*[[1971]] - [[Σπυρίδων Παππάς]], Έλληνας πολιτικός\n*[[1973]] - [[Δημήτριος Ν. Γαλάνης]], Έλληνας πανεπιστημιακός\n*[[1980]] - [[Γιόσιπ Μπροζ Τίτο]], Γιουγκοσλάβος πολιτικός\n*[[1984]] - [[Παύλος Βαρδινογιάννης]], Έλληνας πολιτικός\n*[[1988]] - [[Ξενοφών Γρηγόρης]], Έλληνας πολιτικός\n*[[1997]] - [[Χρήστος Αποστολάκος]], Έλληνας πολιτικός\n*[[2006]] - [[Αλέξης Δαμιανός]], Έλληνας σκηνοθέτης\n*[[2012]] - [[Ρασίντ Γιεκινί]], Νιγηριανός ποδοσφαιριστής\n*[[2013]] - [[Λουκάς Αδαμόπουλος]], Έλληνας αθλητής\n*[[2013]] - [[Κριστιάν ντε Ντυβ]], Βέλγος κυτταρολόγος και βιοχημικός\n*[[2016]] - [[Ζαν-Μπατίστ Μπαγκαζά]], πρόεδρος του Μπουρούντι\n\n== Αργίες και εορτές ==\n* Παγκόσμια Ημέρα για το [[Άσθμα]]\n* [[Ολλανδία]]: Ημέρα Μνήμης των νεκρών του [[Β΄ Παγκόσμιος Πόλεμος|Β΄ Παγκόσμιου Πολέμου]]\n\n=== [[Ορθόδοξη Εκκλησία]] ===\n{{Πύλη:Ορθοδοξία/Εορτολόγιο/4 Μαΐου}}\n\n== Βλέπε επίσης ==\n\n[[4 Απριλίου]] - [[4 Ιουνίου]]\n\n{{Μήνες}}\n\n[[Κατηγορία:Ημέρες του έτους]]"}}}]}]}}