{"batchcomplete":true,"query":{"normalized":[{"fromencoded":false,"from":"5_Σεπτεμβρίου","to":"5 Σεπτεμβρίου"}],"pages":[{"pageid":8017,"ns":0,"title":"5 Σεπτεμβρίου","revisions":[{"slots":{"main":{"contentmodel":"wikitext","contentformat":"text/x-wiki","content":"{{Μήνες Σεπτεμβρίου}}\n\n<center>[[4 Σεπτεμβρίου]] | '''5 Σεπτεμβρίου''' | [[6 Σεπτεμβρίου]]</center>\n\n----\nΗ '''5η Σεπτεμβρίου''' είναι η 248η ημέρα του έτους κατά το [[Γρηγοριανό ημερολόγιο]] (249η σε δίσεκτα έτη). Υπολείπονται 117 ημέρες.\n\n{|width=100%\n| __TOC__\n| {{ΗμερολόγιοΣεΠίνακα|9}}\n|}\n\n== Γεγονότα ==\n\n* [[1590]] – Ο στρατός του Αλέξανδρου Φαρνέζε αναγκάζει τον [[Ερρίκος Δ΄ της Γαλλίας|Ερρίκο Δ΄ της Γαλλίας]] να άρει την πολιορκία του [[Παρίσι|Παρισιού]].\n\n*[[1661]] – Ο Νικολά Φουκέ, υπουργός Οικονομικών του [[Λουδοβίκος ΙΔ΄ της Γαλλίας|Λουδοβίκου ΙΔ΄ της Γαλλίας]], συλλαμβάνεται στη [[Νάντη]] από τον Ντ' Αρτανιάν, αρχηγό των σωματοφυλάκων του βασιλιά. \n*[[1666]] – Κατασβήνεται η [[μεγάλη πυρκαγιά του Λονδίνου]]: Δέκα χιλιάδες κτίρια, συμπεριλαμβανομένου και του [[Καθεδρικός ναός Αγίου Παύλου (Λονδίνο)|Καθεδρικού ναού του Αγίου Παύλου]], καταστράφηκαν, αλλά μόνο έξι άνθρωποι είναι γνωστό ότι έχουν χάσει τη ζωή τους.\n*[[1697]] – [[Εννεαετής Πόλεμος]]: Ένα [[Γαλλία|γαλλικό]] πολεμικό πλοίο νικά μια [[Αγγλία|αγγλική]] μοίρα στη ναυμαχία του [[Κόλπος Χάντσον|κόλπου Χάντσον]].\n*[[1698]] – Σε μία προσπάθεια δυτικοποίησης της αριστοκρατίας του, ο [[τσάρος]] [[Πέτρος Α΄ της Ρωσίας]] επιβάλλει φόρο στις γενειάδες για όλους τους άνδρες εκτός από τους κληρικούς και τους αγρότες.\n*[[1725]] – Ο [[Λουδοβίκος ΙΕ΄ της Γαλλίας]] παντρεύεται τη [[Μαρία Λεστσίνσκα]].\n*[[1774]] – Συνέρχεται στη [[Φιλαδέλφεια (Πενσυλβάνια)]] το πρώτο Ηπειρωτικό Κογκρέσο.\n*[[1781]] – [[Αμερικανική Επανάσταση]]: Το [[Μεγάλη Βρετανία|βρετανικό]] ναυτικό απωθείται από το [[Γαλλία|γαλλικό]] ναυτικό κατά τη ναυμαχία του Τσέσαπικ, συμβάλλοντας στην [[Πολιορκία του Γιόρκταουν|παράδοση των Βρετανών στο Γιόρκταουν]].\n*[[1793]] – [[Γαλλική Επανάσταση]]: Η [[Συμβατική Εθνοσυνέλευση]] ξεκινά τη Βασιλεία της Τρομοκρατίας.\n*[[1812]] – [[Αγγλοαμερικανικός πόλεμος του 1812]]: Αρχίζει η πολιορκία του [[Φορτ Γουέιν]].\n*[[1836]] – Ο [[Σαμ Χιούστον]] εκλέγεται ως ο πρώτος πρόεδρος της [[Δημοκρατία του Τέξας|Δημοκρατίας του Τέξας]].\n*[[1839]] – [[Πρώτος Πόλεμος του Οπίου]]: Το [[Ηνωμένο Βασίλειο]] κηρύσσει τον πόλεμο στη [[δυναστεία Τσινγκ]] της [[Λαϊκή Δημοκρατία της Κίνας|Κίνας]].\n*[[1840]] – Κάνει πρεμιέρα στη [[Σκάλα του Μιλάνου]] η ''Μια Μέρα βασιλείας'' του [[Τζουζέπε Βέρντι]].\n*[[1877]] – Ο Ινδιάνος αρχηγός [[Τρελό Άλογο]] λογχίζεται από [[Ηνωμένες Πολιτείες Αμερικής|Αμερικανό]] στρατιώτη σε ένα φυλάκιο στη [[Νεμπράσκα]].\n*[[1882]] – Ιδρύεται η [[Ποδόσφαιρο|ποδοσφαιρική]] ομάδα [[Τότεναμ Χότσπερ]] (ως Hotspur F.C.).\n*[[1887]] – Φωτιά στο Βασιλικό Θέατρο του Έξετερ στην [[Αγγλία]] σκοτώνει 186 άτομα.\n*[[1905]] – [[Ρωσοϊαπωνικός Πόλεμος]]: Με τη μεσολάβηση του Αμερικανού προέδρου [[Θεόδωρος Ρούζβελτ|Θεόδωρου Ρούζβελτ]], υπογράφεται στο [[Νιου Χάμσαϊρ]] των [[Ηνωμένες Πολιτείες Αμερικής|Η.Π.Α.]] η συνθήκη του Πόρτσμουθ, με την οποία τερματίζεται ο πόλεμος.\n*[[1914]] – [[Α΄ Παγκόσμιος Πόλεμος]]: Αρχίζει η [[Πρώτη Μάχη του Μάρνη]]. Βορειοανατολικά του [[Παρίσι|Παρισιού]], οι [[Γαλλία|Γάλλοι]] επιτίθενται και νικούν τις [[Γερμανία|γερμανικές]] δυνάμεις που προχωρούσαν προς την πρωτεύουσα.\n*[[1932]] – Η Γαλλική Άνω Βόλτα διασπάται μεταξύ της [[Ακτή Ελεφαντοστού|Ακτής Ελεφαντοστού]], του [[Γαλλικό Σουδάν|Γαλλικού Σουδάν]] και του [[Νίγηρας|Νίγηρα]].\n*[[1941]] – Ολόκληρη η επικράτεια της [[Εσθονία]]ς καταλαμβάνεται από τη [[Ναζιστική Γερμανία]].\n*[[1944]] – Το [[Βέλγιο]], η [[Ολλανδία]] και το [[Λουξεμβούργο]] δημιουργούν τη [[Μπενελούξ]].\n*[[1944]] – [[Ναζιστική Γερμανία|Γερμανοί]] εκτελούν στο σκοπευτήριο της [[Καισαριανή|Καισαριανής]] 50 [[Έλληνες]], μεταξύ των οποίων και τη 17χρονη [[Ηρώ Κωνσταντοπούλου]].\n*[[1948]] – Στη [[Γαλλία]], ο [[Ρομπέρ Σουμάν]] γίνεται πρόεδρος του Συμβουλίου ενώ είναι [[υπουργός Εξωτερικών]] και με αυτή την ιδιότητα είναι ο διαπραγματευτής των σημαντικών συνθηκών στο τέλος του [[Β΄ Παγκόσμιος Πόλεμος|Β΄ Παγκοσμίου Πολέμου]].\n*[[1960]] – Ο [[Μοχάμεντ Άλι]] (τότε γνωστός ως Κάσιους Κλέι) κερδίζει χρυσό μετάλλιο στην πυγμαχία στους [[Θερινοί Ολυμπιακοί Αγώνες 1960|Ολυμπιακούς Αγώνες της Ρώμης]].\n*[[1967]] – [[Δολοφονία του Γιάννη Χαλκίδη]]: δολοφονείται στη Θεσσαλονίκη με ριπή όπλου από όργανα της [[Χούντα των Συνταγματαρχών|χούντας]] ο γραμματέας της [[Νεολαία Λαμπράκη|Νεολαίας Λαμπράκη]] της [[Αμπελόκηποι Θεσσαλονίκης|Επταλόφου]], Γιάννης Χαλκίδης.\n* [[1972]] – Κατά την διάρκεια των Ολυμπιακών Αγώνων, Άραβες τρομοκράτες της οργάνωσης [[Οργάνωση Μαύρος Σεπτέμβρης|Μαύρος Σεπτέμβρης]] επιτίθενται στο Ολυμπιακό Χωριό σκοτώνοντας δύο μέλη της ισραηλινής ολυμπιακής ομάδας, συλλαμβάνοντας πολλούς ομήρους. Αργότερα εννιά Ισραηλινοί όμηροι, πέντε τρομοκράτες και ένας Δυτικογερμανός αστυνομικός, σκοτώνονται στις συγκρούσεις που ακολούθησαν στο αεροδρόμιο του Μονάχου κατά τη διάρκεια διαχείρισης αιτημάτων και την άρνηση της [[Γκόλντα Μέιρ]] να ικανοποιήσει έστω και μερικό αίτημα απελευθέρωσης Παλαιστινίων.\n*[[1970]] – Ο [[Γιόχεν Ριντ]] σκοτώνεται στα δοκιμαστικά του [[Ιταλία|ιταλικού]] γκραν πρι της [[Φόρμουλα 1]] για το [[Παγκόσμιο πρωτάθλημα Φόρμουλα 1 (1970)|παγκόσμιο πρωτάθλημα του 1970]].\n* [[1975]] – Εκδηλώνεται αποτυχημένη απόπειρα δολοφονίας του προέδρου των ΗΠΑ [[Τζέραλντ Φορντ]] από τη [[Λινέτ Φρομ]].\n* [[1977]] – Εκτοξεύεται στο [[Διάστημα]] η διαστημοσυσκευή «[[Βόγιατζερ 2|Βόγιατζερ 1]]».\n* [[1980]] – Στις [[ελβετικές Άλπεις]], ανοίγει η μεγαλύτερη σήραγγα για αυτοκίνητο στον κόσμο (του Αγίου Γοτθάρδου, μήκους 16,32 χλμ.).\n* [[1984]] – Η [[Δυτική Αυστραλία]] γίνεται το τελευταίο κρατίδιο της Αυστραλίας που καταργεί τη [[θανατική ποινή]].\n* [[1986]] – Αεροπειρατεία με 20 νεκρούς σε αεροσκάφος της «Πανάμ» λαμβάνει χώρα στο [[Καράτσι]] του [[Πακιστάν]].\n* [[1996]] – Θεμελιώνεται το νέο [[αεροδρόμιο]] [[Διεθνής Αερολιμένας Αθηνών «Ελευθέριος Βενιζέλος»|«Ελευθέριος Βενιζέλος»]] στα [[Σπάτα]].\n* [[1997]] - Η Αθήνα και επίσημα πλέον επιλέγεται για να φιλοξενήσει την [[Θερινοί Ολυμπιακοί Αγώνες 2004|28η Ολυμπιάδα]], το 2004.\n* [[2002]] – Παραδίδεται στη [[Γενική Αστυνομική Διεύθυνση Αττικής]] ο [[Δημήτριος Κουφοντίνας]], ο οποίος ήταν συνεργός στην τρομοκρατική οργάνωση «[[17 Νοέμβρη]]».\n* [[2005]] – Συντριβή επιβατηγού αεροσκάφους σε κατοικημένη περιοχή στη [[Σουμάτρα]], σκοτώνονται 104 επιβάτες και 39 κάτοικοι.\n* [[2008]] – Την πρώτη επίσκεψη επικεφαλής της αμερικανικής διπλωματίας στη [[Λιβύη]] από το 1953 πραγματοποιεί η Αμερικανίδα υπουργός εξωτερικών [[Κοντολίζα Ράις]].\n* [[2008]] – Η πρώτη γυναίκα στο αξίωμα του Γενικού Διοικητή στην [[Αυστραλία]] γίνεται η [[Κουέντιν Μπράις]].\n* [[2009]] – Η [[Δανία]] γιορτάζει την πρώτη εθνική εορτή της σημαίας, στη μνήμη των πεσόντων Δανών σε πολέμους στο εξωτερικό από το 1948.\n\n== Γεννήσεις ==\n*[[1187]] – [[Λουδοβίκος Η΄ της Γαλλίας|Λουδοβίκος Η΄]], βασιλιάς της Γαλλίας\n*[[1201]] – [[Αλίκη της Βρετάνης|Αλίκη]], δούκισσα της Βρετάνης\n*[[1249]] – [[Αμεδαίος Ε΄ της Σαβοΐας|Αμεδαίος Ε΄]], κόμης της Σαβοΐας\n*[[1568]] – [[Τομάζο Καμπανέλα]], Ιταλός θεολόγος, φιλόσοφος και ποιητής\n*[[1638]] – [[Λουδοβίκος ΙΔ΄ της Γαλλίας|Λουδοβίκος ΙΔ΄]], βασιλιάς της Γαλλίας\n*[[1667]] – [[Τζοβάνι Τζιρόλαμο Σακέρι]], Ιταλός μαθηματικός\n*[[1771]] – [[Κάρολος Λουδοβίκος της Αυστρίας-Τέσεν|Αρχιδούκας Κάρολος]], Αυστριακός στρατάρχης\n*[[1774]] – [[Κάσπαρ Ντάβιντ Φρίντριχ]], Γερμανός ζωγράφος\n*[[1791]] – [[Τζάκομο Μέγιερμπερ]], Γερμανός συνθέτης\n*[[1827]] – [[Γκοφρέντο Μαμέλι]], Ιταλός συγγραφέας\n*[[1847]] – [[Τζέσε Τζέιμς]], Αμερικανός κακοποιός\n*[[1850]] – [[Ευγένιος Γκολντστάιν]], Γερμανός φυσικός\n*[[1876]] – [[Βίλχελμ Ρίττερ φον Λέεμπ]], Γερμανός στρατάρχης\n*[[1905]] – [[Άρθουρ Κέσλερ]], Ούγγρος συγγραφέας και δημοσιογράφος\n*[[1912]] – [[Κριστίνα Σέντερμπαουμ]], Σουηδέζα ηθοποιός και φωτογράφος\n*[[1912]] – [[Τζων Κέιτζ]], Αμερικανός συνθέτης\n*[[1921]] - [[Διονύσιος Ίκκος]], Έλληνας γιατρός\n*[[1934]] – [[Φρέντυ Γερμανός]], Έλληνας δημοσιογράφος και συγγραφέας\n*[[1935]] – [[Ανδρέας Λεντάκης]], Έλληνας πολιτικός\n*[[1940]] – [[Κωνσταντίνος Τριανταφυλλίδης]], Έλληνας γενετιστής και πανεπιστημιακός\n*[[1946]] – [[Φρέντι Μέρκιουρι]], Βρετανός τραγουδιστής ([[Queen]])\n*[[1951]] – [[Βιλσόν Αχμέτι]], Πρωθυπουργός της Αλβανίας\n*[[1951]] – [[Μάικλ Κίτον]], Αμερικανός ηθοποιός\n*[[1966]] – [[Μίλινκο Πάντιτς]], Σέρβος ποδοσφαιριστής\n*[[1967]] – [[Ματίας Ζάμμερ]], Γερμανός ποδοσφαιριστής\n*[[1973]] – [[Ρόουζ Μακ Γκάουαν]], Αμερικανίδα ηθοποιός\n*[[1976]] – [[Δημήτρης Μάζης]], Έλληνας υδατοσφαιριστής\n*[[1976]] – [[Καρίς φαν Χάουτεν]], Ολλανδή ηθοποιός\n*[[1988]] – [[Νουρί Σαχίν]], Τούρκος ποδοσφαιριστής\n*[[2002]] – [[Αλέξανδρος Λώλης]], Έλληνας ποδοσφαιριστής\n\n== Θάνατοι ==\n*[[590]] – [[Αυθάριος]], βασιλιάς των Λομβαρδών\n*[[1235]] – [[Ερρίκος Α΄ της Βραβάντης|Ερρίκος Α΄]], δούκας της Βραβάντης\n*[[1803]] – [[Πιερ Σοντερλό ντε Λακλό]], Γάλλος στρατιωτικός και συγγραφέας\n*[[1857]] – [[Ογκίστ Κοντ]], Γάλλος κοινωνιολόγος\n*[[1867]] – [[Γουλιέλμος της Έσσης-Κάσσελ|Γουλιέλμος]], πρίγκιπας της Έσσης–Κάσσελ\n*[[1877]] – [[Τρελό Άλογο]], Ινδιάνος αρχηγός\n*[[1902]] – [[Ρούντολφ Βίρχοβ]], Γερμανός επιστήμονας και πολιτικός\n*[[1906]] – [[Λούντβιχ Μπόλτσμαν]], Αυστριακός φυσικός\n*[[1931]] – [[Νικόλαος Βότσης]], Έλληνας υποναύαρχος\n*[[1944]] – [[Ηρώ Κωνσταντοπούλου]], Ελληνίδα αντιστασιακή\n*[[1953]] – [[Ρίχαρντ Βάλτερ Νταρέ]], Γερμανός πολιτικός\n*[[1962]] - [[Λεωνής Καλβοκορέσης]], Έλληνας πολιτικός\n*[[1970]] – [[Γιόχεν Ριντ]], Αυστριακός οδηγός αγώνων\n*[[1979]] – [[Κώστας Κολιγιάννης]], Έλληνας πολιτικός\n*[[1991]] – [[Φαχρελνισά Ζεΐντ]], Τουρκάλα ζωγράφος\n*[[1997]] – [[Μητέρα Τερέζα]], Αλβανή ιεραπόστολος\n*[[1998]] – [[Βέρνερ Πάντον]], Δανός σχεδιαστής επίπλων\n*[[1998]] – [[Τάκης Παπουλίδης]], Έλληνας ποδοσφαιριστής\n*[[2002]] – [[Στέφανος Τσαπάρας]], Έλληνας πολιτικός\n*[[2006]] – [[Απόστολος Σουγκλάκος]], Έλληνας παλαιστής\n*[[2007]] – [[Νίκος Νικολαΐδης (σκηνοθέτης)|Νίκος Νικολαΐδης]], Έλληνας σκηνοθέτης και συγγραφέας\n*[[2010]] – [[Γκιγιώμ Κορνέλις βαν Μπέβερλοο]], Ολλανδός ζωγράφος\n*[[2011]] – [[Γεώργιος - Αλέξανδρος Μαγκάκης]], Έλληνας πολιτικός\n*[[2013]] – [[Ρόχους Μις]], Γερμανός αξιωματούχος των SS\n*[[2014]] – [[Γιάννης Κερδεμελίδης]], Έλληνας ποδοσφαιριστής\n\n== Αργίες και εορτές ==\n=== [[Ορθόδοξη Εκκλησία]] ===\n{{Πύλη:Ορθοδοξία/Εορτολόγιο/5 Σεπτεμβρίου}}\n\n{{Μήνες}}\n\n[[Κατηγορία:Ημέρες του έτους]]"}}}]}]}}