{"batchcomplete":true,"query":{"normalized":[{"fromencoded":false,"from":"5_Απριλίου","to":"5 Απριλίου"}],"pages":[{"pageid":6368,"ns":0,"title":"5 Απριλίου","revisions":[{"slots":{"main":{"contentmodel":"wikitext","contentformat":"text/x-wiki","content":"{{Μήνες Απριλίου}}\n\n<center>[[4 Απριλίου]] | '''5 Απριλίου''' | [[6 Απριλίου]] </center>\n\n----\nΗ '''5η Απριλίου''' είναι η 95η ημέρα του έτους κατά το [[Γρηγοριανό ημερολόγιο]].  Υπολείπονται 270 ημέρες.\n{{ΗμερολόγιοΣεΠίνακα|4}}\n\n== Γεγονότα ==\n*[[823]] - Ο [[Λοθάριος Α΄]] στέφεται [[Κατάλογος βασιλέων της Ιταλίας|βασιλιάς της Ιταλίας]] από τον [[Πάπας Πασχάλης Α΄|Πάπα Πασχάλη Α΄]].\n*[[1242]] - Κατά τη διάρκεια της [[Μάχη των Πάγων|μάχης των Πάγων]] στη [[Πέιπους (λίμνη)|λίμνη Πέιπους]], οι [[Δημοκρατία του Νόβγκοροντ|ρωσικές]] δυνάμεις, με επικεφαλής τον [[Αλέξανδρος Νιέφσκι|Αλέξανδρο Νιέφσκι]], αποκρούουν απόπειρα εισβολής των [[Τευτονικό Τάγμα|Τευτόνων Ιπποτών]].\n*[[1566]] - Διακόσιοι [[Ολλανδία|Ολλανδοί]] αριστοκράτες καταγγέλουν την ισπανική Ιερά Εξέταση στις [[Δεκαεπτά Επαρχίες]].\n*[[1614]] - Στη [[Βιρτζίνια]], η [[Ιθαγενείς πληθυσμοί της Αμερικής|Ινδιάνα]] [[Ποκαχόντας]] παντρεύεται τον [[Αγγλία|Άγγλο]] άποικο Τζον Ρολφ.\n*[[1722]] - Ο [[Ολλανδία|Ολλανδός]] εξερευνητής Γιάκομπ Ρόγκεβεν ανακαλύπτει το [[Νησί του Πάσχα]].\n*[[1792]] - Ο [[Ηνωμένες Πολιτείες Αμερικής|Αμερικανός]] πρόεδρος [[Τζορτζ Ουάσινγκτον]] ασκεί το δικαίωμα της [[αρνησικυρία]]ς σε ένα νομοσχέδιο. Πρόκειται για την πρώτη φορά που χρησιμοποιείται αυτή η εξουσία στις Ηνωμένες Πολιτείες.\n*[[1795]] - Υπογράφεται στη [[Βασιλεία (Ελβετία)]] συνθήκη ειρήνης μεταξύ της [[Γαλλία]]ς και της [[Πρωσία]]ς.\n*[[1879]] - Η [[Χιλή]] κηρύσσει τον πόλεμο στη [[Βολιβία]] και το [[Περού]], αρχίζοντας τον [[Πόλεμος του Ειρηνικού|Πόλεμο του Ειρηνικού]].\n*[[1902]] - Έναρξη λειτουργίας του [[Τραμ Πατρών|τραμ της Πάτρας]].\n*[[1904]] - Διεξάγεται στο Γουίγκαν της [[Αγγλία]]ς ο πρώτος διεθνής αγώνας [[ράγκμπι λιγκ]] μεταξύ της [[Εθνική Αγγλίας (ράγκμπι λιγκ ανδρών)|Αγγλίας]] και μίας ομάδας άλλων εθνικοτήτων ([[Ουαλία|Ουαλοί]] και [[Σκωτία|Σκωτσέζοι]] παίκτες).\n*[[1936]] - Ανεμοστρόβιλος έντασης [[Κλίμακα Φουτζίτα|F5]] σκοτώνει 233 άτομα στο Τούπελο του [[Μισισίπι]].\n*[[1942]] - [[Β΄ Παγκόσμιος Πόλεμος]]: Το αυτοκρατορικό [[Ιαπωνία|ιαπωνικό]] ναυτικό εξαπολύει αεροπορική επίθεση στο Κολόμπο της [[Σρι Λάνκα|Κεϋλάνης]]. Καταστρέφονται το λιμάνι και μη στρατιωτικές εγκαταστάσεις, ενώ δύο [[Καταδρομικό|καταδρομικά]] του [[Βασιλικό Ναυτικό|Βασιλικού Ναυτικού]] βυθίζονται νοτιοδυτικά του νησιού.\n*[[1944]] – [[Β΄ Παγκόσμιος Πόλεμος]]: 270 κάτοικοι της [[Κλεισούρα Καστοριάς|Κλεισούρας]] εκτελούνται από τους [[Ναζιστική Γερμανία|Γερμανούς]].\n*[[1945]] - [[Ψυχρός Πόλεμος]]: Ο [[Σοσιαλιστική Ομοσπονδιακή Δημοκρατία της Γιουγκοσλαβίας|Γιουγκοσλάβος]] ηγέτης [[Γιόσιπ Μπροζ Τίτο]] υπογράφει συμφωνία με τη [[Ένωση Σοβιετικών Σοσιαλιστικών Δημοκρατιών|Σοβιετική Ένωση]] για να επιτρέψει την «προσωρινή είσοδο σοβιετικών στρατευμάτων στο έδαφος της Γιουγκοσλαβίας».\n*[[1965]] - Δεκαεπτά άτομα χάνουν τη ζωή τους και 217 τραυματίζονται από νέο ισχυρότατο [[Σεισμός|σεισμό]], που πλήττει την κεντρική και δυτική [[Πελοπόννησος|Πελοπόννησο]] προκαλώντας μεγάλες καταστροφές στη [[Μεγαλόπολη]] και την [[Πάτρα]].\n*[[1966]] - Διασπώντας το ναυτικό αποκλεισμό της [[Ζιμπάμπουε|Ροδεσίας]], το πετρελαιοφόρο ''Ιωάννα Β'', με πλοίαρχο τον [[Γεώργιος Βαρδινογιάννης|Γεώργιο Βαρδινογιάννη]], προσεγγίζει το λιμάνι της [[Μπέιρα]], στη [[Μοζαμβίκη]], με 12.000 τόννους πετρελαίου για το ρατσιστικό καθεστώς της αποσχιθείσας [[Μεγάλη Βρετανία|βρετανικής]] αποικίας, προκαλώντας την οργή τόσο του [[Λονδίνο]]υ όσο και των υπόλοιπων [[Έλληνες|Ελλήνων]] εφοπλιστών.\n*[[1986]] - Τρία άτομα σκοτώνονται σε βομβιστική επίθεση σε ντισκοτέκ του [[Δυτικό Βερολίνο|Δυτικού Βερολίνου]] στη [[Γερμανία]]\n*\n*\n\n== Γεννήσεις ==\n*[[1315]] - [[Ιάκωβος Γ΄ της Μαγιόρκας|Ιάκωβος Γ΄]], βασιλιάς της Μαγιόρκας\n*[[1447]] - [[Αγία Αικατερίνη (Γένουας)]]\n*[[1526]] - [[Τζουζέπε Αρτσιμπόλντο]], Ιταλός καλλιτέχνης\n*[[1568]] - [[Πάπας Ουρβανός Η΄]]\n*[[1588]] - [[Τόμας Χομπς]], Άγγλος φιλόσοφος\n*[[1604]] - [[Κάρολος Δ΄ της Λωρραίνης|Κάρολος Δ΄]], δούκας της Λωρραίνης\n*[[1732]] - [[Ζαν Ονορέ Φραγκονάρ]], Γάλλος καλλιτέχνης\n*[[1769]] - [[Σερ Τόμας Χάρντυ]], Άγγλος αντιναύαρχος\n*[[1822]] - [[Αλέξανδρος Βογορίδης]], Οθωμανός αξιωματούχος\n*[[1837]] - [[Άλτζερνον Τσαρλς Σουίνμπερν]], Άγγλος ποιητής\n*[[1863]] - [[Βικτώρια της Έσσης και του Ρήνου]]\n*[[1900]] - [[Σπένσερ Τρέισι]], Αμερικανός ηθοποιός\n*[[1901]] - [[Μέλβιν Ντάγκλας]], Αμερικανός ηθοποιός\n*[[1905]] - [[Σώτος Βασιλειάδης]], Έλληνας μουσικός\n*[[1908]] - [[Μπέτι Ντέιβις]], Αμερικανίδα ηθοποιός\n*[[1908]] - [[Χέρμπερτ φον Κάραγιαν]], Αυστριακός διευθυντής ορχήστρας\n*[[1916]] - [[Γκρέγκορι Πεκ]], Αμερικανός ηθοποιός\n*[[1938]] - [[Γιώργος Σιδέρης]], Έλληνας ποδοσφαιριστής\n*[[1942]] - [[Πασκάλ Κουσπέν]], Ελβετός πολιτικός\n*[[1947]] - [[Γκλόρια Αρόγιο]], Φιλιππινέζα πολιτικός\n*[[1949]] - [[Τζούντιθ Ρέσνικ]], Αμερικανίδα αστροναύτης\n*[[1956]] - [[Ντάιαμοντ Ντάλας Πέιτζ]], Αμερικανός παλαιστής\n*[[1960]] - [[Αστέρης Κούτουλας]], Έλληνας μουσικός παραγωγός και συγγραφέας\n*[[1960]] - [[Άντναν Τέρζιτς]], Βόσνιος πολιτικός\n*[[1969]] - [[Ντίνος Αγγελίδης]], Έλληνας καλαθοσφαιριστής\n*[[1971]] - [[Κρίστα Άλλεν]], Αμερικανίδα ηθοποιός\n*[[1972]] - [[Πολ Όκον]], Αυστραλός ποδοσφαιριστής\n*[[1977]] - [[Ντάνιελ Μαϊστόροβιτς]], Σουηδός ποδοσφαιριστής\n*[[1980]] - [[Μάριο Κασούν]], Κροάτης καλαθοσφαιριστής\n*[[1983]] - [[Χόρχε Αντρές Μαρτίνες]], Ουρουγουανός ποδοσφαιριστής\n*[[1984]] - [[Αράμ MP3]], Αρμένιος τραγουδιστής\n*[[1993]] - [[Ανδρέας Μπουχαλάκης]], Έλληνας ποδοσφαιριστής\n\n== Θάνατοι ==\n*[[582]] - [[Πατριάρχης Ευτύχιος|Ευτύχιος]], Πατριάρχης Κωνσταντινουπόλεως\n*[[828]] - [[Πατριάρχης Νικηφόρος Α΄|Νικηφόρος]], Πατριάρχης Κωνσταντινουπόλεως\n*[[1205]] - [[Ισαβέλλα Α΄ της Ιερουσαλήμ|Ισαβέλλα]], βασίλισσα της Ιερουσαλήμ\n*[[1305]] - [[Ροζέ ντε Φλορ]], Ιταλός στρατιωτικός\n*[[1431]] - [[Βερνάρδος Α΄ της Βάδης|Βερνάρδος Α΄]], μάργραβος του Μπάντεν-Μπάντεν\n*[[1654]] - [[Πατριάρχης Αθανάσιος Γ΄|Αθανάσιος Γ΄]], Πατριάρχης Κωνσταντινουπόλεως\n*[[1697]] - [[Κάρολος ΙΑ΄ της Σουηδίας|Κάρολος ΙΑ΄]], βασιλιάς της Σουηδίας\n*[[1751]] - [[Φρειδερίκος της Σουηδίας|Φρειδερίκος]], βασιλιάς της Σουηδίας\n*[[1794]] - [[Ζωρζ Ζακ Νταντόν]], Γάλλος επαναστάτης\n*[[1794]] - [[Καμίγ Ντεμουλέν]], Γάλλος δημοσιογράφος και πολιτικός\n*[[1842]] - [[Σαχ Σουτζά Ντουρανί]], Εμίρης του Αφγανιστάν\n*[[1887]] - [[Ιβάν Κραμσκόι]], Ρώσος ζωγράφος\n*[[1943]] - [[Βασίλειος Μπάλκος]], Έλληνας πολιτικός, \n*[[1945]] - [[Καρλ Κοχ]], Γερμανός αξιωματικός των SS\n*[[1964]] - [[Ντάγκλας Μακάρθουρ]], Αμερικανός στρατηγός\n*[[1967]] - [[Γεώργιος Βηλαράς]], Έλληνας πολιτικός\n*[[1975]] - [[Τσιανγκ Κάι Σεκ]], Κινέζος πολιτικός και στρατιωτικός\n*[[1976]] - [[Χάουαρντ Χιουζ]], Αμερικανός επιχειρηματίας\n*[[1982]] - [[Δημήτρης Δούκαρης]], Έλληνας λογοτέχνης\n*[[1987]] - [[Λεαμπούα Τζόναθαν]], πολιτικός του [[Λεσότο]]\n*[[1993]] - [[Αθανάσιος Γ. Γιαννόπουλος]], Έλληνας πολιτικός\n*[[1994]] - [[Κερτ Κομπέιν]], Αμερικανός μουσικός ([[Nirvana]])\n*[[1997]] - [[Άλλεν Γκίνσμπεργκ]], Αμερικανός ποιητής\n*[[1997]] - [[Ινιάτσιο Μπουττίττα]], Ιταλός ποιητής\n*[[1998]] - [[Κόζι Πάουελ]], Άγγλος μουσικός\n*[[2005]] - [[Σολ Μπέλοου]], Καναδός συγγραφέας\n*[[2008]] - [[Τσάρλτον Ίστον]], Αμερικανός ηθοποιός\n*[[2010]] - [[Τάκης Τσιόγκας]], Έλληνας πολιτικός\n*[[2011]] - [[Μπαρούχ Σάμιουελ Μπλούμπεργκ]], Αμερικανός επιστήμονας\n*[[2011]] - [[Ανζ Φελίξ Πατασέ]], πολιτικός της Κεντροαφρικανικής Δημοκρατίας\n*[[2012]] - [[Μπίνγκου γουά Μουταρίκα]], πρόεδρος του Μαλάουι\n*[[2013]] - [[Νικόλαος Παππάς]], Έλληνας αξιωματικός του Πολεμικού Ναυτικού\n*[[2016]] - [[Κώτσος Κασάπογλου]], Τούρκος ποδοσφαιριστής\n\n== Αργίες και εορτές ==\n=== [[Ορθόδοξη Εκκλησία]] ===\n{{Πύλη:Ορθοδοξία/Εορτολόγιο/5 Απριλίου}}\n\n{{Μήνες}}\n\n[[Κατηγορία:Ημέρες του έτους]]"}}}]}]}}