{"batchcomplete":true,"query":{"normalized":[{"fromencoded":false,"from":"5_Αυγούστου","to":"5 Αυγούστου"}],"pages":[{"pageid":3004,"ns":0,"title":"5 Αυγούστου","revisions":[{"slots":{"main":{"contentmodel":"wikitext","contentformat":"text/x-wiki","content":"{{Μήνες Αυγούστου}}\n\n<center>[[4 Αυγούστου]] | '''5 Αυγούστου''' | [[6 Αυγούστου]]</center>\n\n----\nΗ '''5η Αυγούστου''' είναι η 217η ημέρα του έτους κατά το [[Γρηγοριανό ημερολόγιο]] (218η σε δίσεκτα έτη). Υπολείπονται 148 ημέρες.\n\n{{ΗμερολόγιοΣεΠίνακα|8}}\n\n== Γεγονότα ==\n*[[25]] - Ο [[Αυτοκράτορας Κουάνγκγου των Χαν|Κουάνγκγου]] γίνεται αυτοκράτορας, αποκαθιστώντας τη [[δυναστεία Χαν]] μετά την κατάρρευση της βραχύβιας [[Δυναστεία Σιν|δυναστείας Σιν]].\n*[[642]] - Μάχη του Μέισερφιλντ: Ο [[Πέντα της Μερκίας]] νικά και σκοτώνει τον [[Άγιος Όσβαλντ|Όσβαλντ της Νορθουμβρίας]].\n*[[910]] - Οι συμμαχικές δυνάμεις της [[Μερκία]]ς και του [[Ουέσσεξ]], με επικεφαλής τον βασιλιά [[Εδουάρδος ο Πρεσβύτερος|Εδουάρδο τον Πρεσβύτερο]] και τον [[Έθελρεντ, λόρδος της Μερκίας|Έθελρεντ, λόρδο της Μερκίας]], νικούν στη μάχη του Τέτενχολ τον τελευταίο μεγάλο στρατό της [[Δανία]]ς που εισέβαλλε στο [[Βασίλειο της Αγγλίας]].\n*[[1068]] - Οι Ιταλο-Νορμανδοί ξεκινούν μία πολιορκία του [[Μπάρι]], η οποία διήρκεσε σχεδόν τρία χρόνια. \n*[[1100]] - Ο [[Ερρίκος Α΄ της Αγγλίας|Ερρίκος Α΄]] στέφεται [[Κατάλογος Άγγλων μοναρχών|βασιλιάς της Αγγλίας]] στο [[Αββαείο του Ουέστμινστερ]].\n*[[1198]] - Ο [[Ιωάννης Ι΄ Καματηρός]] γίνεται [[Οικουμενικός Πατριάρχης Κωνσταντινουπόλεως|Πατριάρχης Κωνσταντινουπόλεως]].\n*[[1278]] - [[Ρεκονκίστα]]: Τερματίζεται η πολιορκία της [[Αλχεθίρας]] με το [[Εμιράτο της Γρανάδας]] να νικά στη μάχη το [[Βασίλειο της Καστίλης]]. \n*[[1305]] - Ο [[Γουίλιαμ Γουάλας]], ο οποίος ηγήθηκε της [[Σκωτία|σκωτσέζικης]] αντίστασης εναντίον της [[Αγγλία]]ς, συλλαμβάνεται από τους Άγγλους κοντά στη [[Γλασκώβη]] και μεταφέρεται στο [[Λονδίνο]], όπου θα προσαχθεί σε δίκη και θα εκτελεστεί.\n*[[1583]] - Ιδρύεται ο [[Άγιος Ιωάννης Νέας Γης]], η πρώτη [[Αγγλία|αγγλική]] [[αποικία]] στη [[Βόρεια Αμερική]].\n*[[1781]] - Λαμβάνει χώρα η ναυμαχία του [[Ντόγγερ Μπανκ]].\n*[[1824]] - [[Ελληνική Επανάσταση του 1821]]: Ο [[Κωνσταντίνος Κανάρης]] ηγείται του [[Ελλάδα|ελληνικού]] στόλου στη νίκη του ενάντια στις [[Οθωμανική Αυτοκρατορία|οθωμανικές]] και [[Αίγυπτος|αιγυπτιακές]] ναυτικές δυνάμεις στη [[ναυμαχία της Σάμου]].\n*[[1860]] - Ο [[Κάρολος ΙΕ΄ της Σουηδίας]] στέφεται βασιλιάς της [[Νορβηγία]]ς στο [[Τρόντχαϊμ]].\n*[[1861]] - [[Αμερικανικός Εμφύλιος Πόλεμος]]: Για να μπορέσει να ενισχύσει οικονομικά την πολεμική προσπάθεια, η [[ομοσπονδιακή κυβέρνηση των ΗΠΑ]] θεσπίζει νόμο για τον [[Φόρος εισοδήματος|φόρο εισοδήματος]] (3% επί του συνόλου των εισοδημάτων άνω των 800 δολαρίων· καταργήθηκε το [[1872]]). \n*[[1861]] - Ο [[Στρατός Ξηράς των ΗΠΑ]] καταργεί τη [[μαστίγωση]]. \n*[[1862]] - [[Αμερικανικός Εμφύλιος Πόλεμος]]: Μάχη του [[Μπατόν Ρουζ]]. Τα στρατεύματα των [[Συνομόσπονδες Πολιτείες της Αμερικής|Συνομόσπονδων Πολιτειών της Αμερικής]] επιχειρούν να καταλάβουν την πόλη Μπατόν Ρουζ στη [[Λουιζιάνα]] αλλά απωθούνται από τις δυνάμεις της [[Ένωση (Αμερικανικός Εμφύλιος Πόλεμος)|Ένωσης]].\n*[[1884]] - Τίθεται ο ακρογωνιαίος λίθος του [[Άγαλμα της Ελευθερίας|αγάλματος της Ελευθερίας]].\n*[[1901]] - Ο Πίτερ Ο'Κόνορ κάνει το πρώτο αναγνωρισμένο από τη [[Διεθνής Ένωση Ομοσπονδιών Κλασικού Αθλητισμού|Διεθνή Ένωση Ομοσπονδιών Κλασικού Αθλητισμού]] [[Παγκόσμια ρεκόρ ανοικτού στίβου|παγκόσμιο ρεκόρ]] στο [[άλμα εις μήκος]] με 7,61 μ. Το ρεκόρ θα παραμείνει για 20 χρόνια.\n*[[1914]] - Τοποθετείται στο [[Κλίβελαντ]] ο πρώτος ηλεκτρικός [[φωτεινός σηματοδότης]].\n*[[1925]] - Ιδρύεται το [[Plaid Cymru]] με στόχο της διάδοση της [[Ουαλική γλώσσα|ουαλικής γλώσσας]]. \n* [[1944]] - Στη [[Μάχη στις Καρούτες]] ο ΕΛΑΣ διαλύει Γερμανικό τάγμα. \n* [[1944]] - Στη Βαρσοβία αντάρτες ελευθερώνουν 348 Εβραίους σκλάβους εργάτες από ένα στρατόπεδο εργασίας.\n*[[1960]] - Η Άνω Βόλτα (σημερινή [[Μπουρκίνα Φάσο]]) αποκτά την ανεξαρτησία της από τη [[Γαλλία]].\n* [[1962]] - Στη [[Νότια Αφρική]] φυλακίζεται ο ηγέτης του κινήματος κατά του [[Άπαρτχαϊντ]] και μελλοντικός πρόεδρος [[Νέλσον Μαντέλα]]. Απελευθερώνεται το 1990.\n*[[1963]] - Οι [[Ηνωμένες Πολιτείες Αμερικής]], το [[Ηνωμένο Βασίλειο]] και η [[Ένωση Σοβιετικών Σοσιαλιστικών Δημοκρατιών|Σοβιετική Ένωση]] υπογράφουν συνθήκη για την απαγόρευση πυρηνικών δοκιμών.\n* [[1969]] - Το διαστημόπλοιο ''[[Μάρινερ 6 και 7|Μάρινερ 7]]'' σημειώνει την κοντινότερη προσέγγιση στον πλανήτη Άρη (3524 χιλιόμετρα) που είχε επιτευχθεί ως τότε από τεχνητό αντικείμενο.\n\n== Γεννήσεις ==\n*[[79 π.Χ.]] ή [[78 π.Χ.]] - [[Τουλλία Κικερόνις]], κόρη του [[Μάρκος Τύλλιος Κικέρων|Κικέρωνα]]\n*[[1103]] - [[Γουλιέλμος Άντελιν]], δούκας της Νορμανδίας\n*[[1262]] - [[Λαδίσλαος Δ΄ της Ουγγαρίας|Λαδίσλαος Δ΄]], βασιλιάς της Ουγγαρίας\n*[[1301]] - [[Εδμόνδος του Γούντστοκ, 1ος κόμης του Κεντ]]\n*[[1638]] - [[Νικολά Μαλμπράνς]], Γάλλος φιλόσοφος\n*[[1802]] - [[Νιλς Χένρικ Άμπελ]], Νορβηγός μαθηματικός\n*[[1827]] - [[Ντεοντόρο ντα Φονσέκα]], Πορτογάλος στρατιωτικός και πολιτικός\n*[[1844]] - [[Ιλιά Ρέπιν]], Ρώσος ζωγράφος και γλύπτης\n*[[1850]] - [[Γκυ ντε Μωπασσάν]], Γάλλος συγγραφέας\n*[[1862]] - [[Τζόζεφ Μέρικ]], ο «Άνθρωπος-Ελέφαντας»\n*[[1887]] - [[Ρέτζιναλντ Όουεν]], Άγγλος ηθοποιός\n*[[1889]] - [[Κόνραντ Άικεν]], Αμερικανός συγγραφέας\n*[[1899]] - [[Μαρτ Σταμ]], Ολλανδός αρχιτέκτονας\n*[[1905]] - [[Βασίλι Λεοντίεφ]], Ρώσος οικονομολόγος\n*[[1906]] - [[Τζον Χιούστον]], Αμερικανός σκηνοθέτης\n*[[1921]] - [[Φιάμε Ματαάφα Μουλινούου Β΄]], πολιτικός των Σαμόα\n*[[1926]] - [[Κλίφορντ Χάσμπαντς]], πολιτικός των Μπαρμπάντος\n*[[1930]] - [[Νηλ Άρμστρονγκ]], Αμερικανός αστροναύτης\n*[[1932]] - [[Ανδρέας Φ. Ζαΐμης]], Έλληνας πολιτικός\n*[[1937]] - [[Τζέιμς Κάρλαϊλ]], πολιτικός της Αντίγκουα και Μπαρμπούντα\n*[[1937]] - [[Μανουέλ Πίντο ντα Κόστα]], πολιτικός του Σάο Τομέ και Πρίνσιπε\n*[[1946]] - [[Σέσαρ Βιλανουέβα]], Περουβιανός πολιτικός\n*[[1947]] - [[Ανδρέας Φούρας]], Έλληνας πολιτικός\n*[[1948]] - [[Μπόλντουιν Λόνσντεϊλ]], πολιτικός του Βανουάτου\n*[[1952]] - [[Χουν Σεν]], πολιτικός της Καμπότζης\n*[[1965]] - [[Στράτος Τζώρτζογλου]], Έλληνας ηθοποιός \n*[[1968]] - [[Μαρίν Λε Πεν]], Γαλλίδα πολιτικός\n*[[1968]] - [[Κόλιν Μακ Ρέι]], Σκωτσέζος οδηγός αγώνων\n*[[1976]] - [[Τζένιφερ Γκονζάλες]], Αμερικανίδα πολιτικός\n*[[1976]] - [[Ανδρέας Κιλιγκαρίδης]], Έλληνας αθλητής του κανόε καγιάκ\n*[[1978]] - [[Νεκταρία Καραντζή]], Ελληνίδα τραγουδίστρια\n*[[1984]] - [[Ελένε Φίσερ]], Γερμανίδα τραγουδίστρια\n*[[1991]] - [[Εστέμπαν Γκουτιέρες]], Μεξικανός οδηγός αγώνων\n*[[2002]] - [[Jester]], Έλληνας rapper\n\n== Θάνατοι ==\n*[[642]] - [[Εόβα της Μερκίας|Εόβα]], βασιλιάς της Μερκίας\n*[[642]] - [[Άγιος Όσβαλντ]]\n*[[882]] - [[Λουδοβίκος Γ΄ της Γαλλίας|Λουδοβίκος Γ΄]], βασιλιάς των Φράγκων\n*[[890]] - [[Ρανούλφος Β΄ του Πουατιέ|Ρανούλφ Β΄]], δούκας της Ακουιτανίας\n*[[917]] - [[Πατριάρχης Ευθύμιος Α΄|Ευθύμιος Α΄]], Πατριάρχης Κωνσταντινουπόλεως\n*[[1415]] - [[Ριχάρδος του Κέιμπριτζ|Ριχάρδος]], 3ος κόμης του Κέιμπριτζ\n*[[1812]] - [[Αδάμ Μπαλλάς]], Ρώσος στρατηγός\n*[[1832]] - [[Δημήτριος Υψηλάντης]], Έλληνας στρατιωτικός\n*[[1878]] - [[Πατριάρχης Ιωακείμ Β΄|Ιωακείμ Β΄]], Πατριάρχης Κωνσταντινουπόλεως\n*[[1895]] - [[Φρίντριχ Ένγκελς]], Γερμανός φιλόσοφος\n*[[1901]] - [[Βικτωρία Αυγούστα]], αυτοκράτειρα της Γερμανίας\n*[[1919]] - [[Σπυρίδων Λάμπρος]], Έλληνας πολιτικός\n*[[1921]] - [[Δημήτριος Ράλλης]], Έλληνας πολιτικός\n*[[1942]] - [[Γιάνους Κόρτσακ]], Πολωνός συγγραφέας, παιδίατρος και παιδαγωγός\n*[[1946]] - [[Βίλχελμ Μαρξ]], Γερμανός πολιτικός\n*[[1962]] - [[Μέριλιν Μονρόε]], Αμερικανίδα ηθοποιός\n*[[1975]] - [[Γκούσταφ φον Βανγκενχάιμ]], Γερμανός ηθοποιός και σκηνοθέτης\n*[[1981]] - [[Ιερώνυμος Πίντος]], Έλληνας πανεπιστημιακός και οικονομολόγος\n*[[1984]] - [[Ρίτσαρντ Μπάρτον]], Ουαλός ηθοποιός\n*[[1991]] - [[Σοϊτσίρο Χόντα]], Ιάπωνας μηχανικός και επιχειρηματίας\n*[[1997]] - [[Γρηγόρης Γιάνναρος]], Έλληνας πολιτικός\n*[[1998]] - [[Τόντορ Ζίβκοβ]], Βούλγαρος πολιτικός\n*[[2000]] - [[Άλεκ Γκίνες]], Άγγλος ηθοποιός\n*[[2001]] - [[Θωμάς Αλεξίου]], Έλληνας πολιτικός\n*[[2004]] - [[Αλέξανδρος Δεσποτόπουλος]], Έλληνας ιστορικός\n*[[2006]] - [[Ντάνιελ Σμιντ]], Ελβετός σκηνοθέτης\n*[[2008]] - [[Νηλ Μπάρτλετ]], Άγγλος χημικός\n*[[2012]] - [[Τσαβέλα Βάργας]], Κοσταρικανή τραγουδίστρια\n*[[2020]] - [[Αγάθωνας Ιακωβίδης]], Έλληνας λαϊκός τραγουδιστής\n\n== Αργίες και εορτές ==\n* Διεθνής Ημέρα της Μπίρας \n\n=== [[Ορθόδοξη Εκκλησία]] ===\n{{Πύλη:Ορθοδοξία/Εορτολόγιο/5 Αυγούστου}}\n\n{{Μήνες}}\n\n[[Κατηγορία:Ημέρες του έτους]]"}}}]}]}}