{"batchcomplete":true,"query":{"normalized":[{"fromencoded":false,"from":"5_Ιουλίου","to":"5 Ιουλίου"}],"pages":[{"pageid":2851,"ns":0,"title":"5 Ιουλίου","revisions":[{"slots":{"main":{"contentmodel":"wikitext","contentformat":"text/x-wiki","content":"{{χωρίς παραπομπές|05|02|2020}}\n\n{{Μήνες Ιουλίου}}\n\n<center>[[4 Ιουλίου]] | '''5 Ιουλίου''' | [[6 Ιουλίου]]</center>\n\n----\nΗ '''5η Ιουλίου''' είναι η 186η ημέρα του έτους κατά το [[Γρηγοριανό ημερολόγιο]] (187η σε δίσεκτα έτη). Υπολείπονται 179 ημέρες.\n\n{{ΗμερολόγιοΣεΠίνακα|7}}\n\n== Γεγονότα ==\n*[[1316]] - Διεξάγεται η [[μάχη της Μανωλάδας]], όπου οι δυνάμεις του Δουκάτου της [[Βουργουνδία]]ς νικούν εκείνες του Βασιλείου της [[Μαγιόρκα]]ς, για τον έλεγχο του [[Πριγκιπάτο της Αχαΐας|Πριγκιπάτου της Αχαΐας]].\n*[[1610]] - Ο Τζον Γκάι αναχωρεί από το [[Μπρίστολ]] μαζί με άλλους 39 [[Αποικία|άποικους]] για τη [[Νέα Γη]] στον [[Καναδάς|Καναδά]].\n*[[1687]] - Ο [[Ισαάκ Νεύτων]] εκδίδει το ''[[Philosophiae Naturalis Principia Mathematica]]''.\n*[[1770]] - Αρχίζει η ναυμαχία του [[Τσεσμέ]] μεταξύ της [[Ρωσική Αυτοκρατορία|Ρωσικής]] και της [[Οθωμανική Αυτοκρατορία|Οθωμανικής αυτοκρατορίας]].\n*[[1811]] - Η [[Βενεζουέλα]] ανακηρύσσει την ανεξαρτησία της από την [[Ισπανία]].\n*[[1821]] - [[Ελληνική Επανάσταση του 1821]]: κηρύσσεται επανάσταση στην περιοχή [[Κοινότητα Ασπροποτάμου Τρικάλων|Ασπροποτάμου Τρικάλων]].\n*[[1821]] - Οι [[Ελληνική Επανάσταση του 1821|Έλληνες επαναστάτες]] νικούν τους [[Οθωμανική Αυτοκρατορία|Οθωμανούς]] στη [[Μάχη του Καβοφονιά]] στη [[Σάμος|Σάμο]].\n*[[1824]] - 600 [[Ελληνική Επανάσταση του 1821|Έλληνες επαναστάτες]] υπό τον [[Γιάννης Γκούρας|Γιάννη Γκούρα]] νικούν στον [[Μαραθώνας|Μαραθώνα]] 3.000 [[Οθωμανική Αυτοκρατορία|Οθωμανούς]] του Ομέρ Πασά.\n*[[1917]] - Απαγχονίζεται από στρατιώτες του βουλγαρικού κατοχικού στρατού στο Δάτο Φιλίππων, ο [[Μητροπολίτης Ελευθερουπόλεως Γερμανός Σακελλαρίδης]].\n*[[1921]] - [[Μικρασιατική Εκστρατεία]]: ο [[Ελλάδα|ελληνικός]] στρατός εμπλέκεται σε μάχη με τους [[Τουρκία|Τούρκους]] στην περιοχή Ουτς Σεράι.\n*[[1943]] - [[Β΄ Παγκόσμιος Πόλεμος]]: Οι [[Ναζιστική Γερμανία|γερμανικές]] δυνάμεις ξεκινούν μαζική επίθεση εναντίον της [[Ένωση Σοβιετικών Σοσιαλιστικών Δημοκρατιών|Σοβιετικής Ένωσης]] στη [[μάχη του Κουρσκ]], γνωστή και ως Επιχείρηση Ακρόπολη.\n* [[1950]] - Η [[Κνεσέτ]], το κοινοβούλιο του Ισραήλ, παρέχει σε όλους τους Εβραίους με νόμο το δικαίωμα να επιστρέψουν στο Ισραήλ.\n* [[1962]] - Η [[Αλγερία]] γίνεται ανεξάρτητη από τη [[Γαλλία]].\n*[[1964]] - Θρίαμβος της [[Ενιαία Δημοκρατική Αριστερά|Ε.Δ.Α.]] στις [[Ελληνικές αυτοδιοικητικές εκλογές 1964|δημοτικές εκλογές]]. Στην [[Αθήνα]] και τον [[Πειραιάς|Πειραιά]] επικρατούν οι αριστεροί υποψήφιοι [[Νίκος Κιτσίκης]] και [[Γεώργιος Κυριακάκος]], ενώ στη [[Θεσσαλονίκη]] εκλέγεται ο κοινός υποψήφιος Ε.Δ.Α.-[[Ένωσις Κέντρου|Ένωσης Κέντρου]] Κωνσταντίνος Τσίρος.\n* [[1975]] - Το [[Πράσινο Ακρωτήριο]] γίνεται ανεξάρτητο κράτος από την [[Πορτογαλία]].\n* [[2015]] - [[Ελληνικό δημοψήφισμα του 2015|Δημοψήφισμα στην Ελλάδα]] με ερώτημα αν πρέπει να γίνει αποδεκτό το σχέδιο συμφωνίας των τριών θεσμών, της [[Ευρωπαϊκή Επιτροπή|Ευρωπαϊκής Επιτροπής]], της [[Ευρωπαϊκή Κεντρική Τράπεζα|Ευρωπαϊκής Κεντρικής Τράπεζας]] και του [[Διεθνές Νομισματικό Ταμείο|Διεθνούς Νομισματικού Ταμείου]], που προτάθηκε στην Ελλάδα στις 25 Ιουνίου. Το αποτέλεσμα του δημοψηφίσματος ήταν η απόρριψη της πρότασης του σχεδίου συμφωνίας με ποσοστό 61,3%.\n\n== Γεννήσεις ==\n*[[1321]] - [[Ιωάννα του Πύργου]], βασίλισσα της Σκωτίας\n*[[1466]] - [[Τζοβάνι Σφόρτσα]], Ιταλός ευγενής\n*[[1549]] - [[Φραντσέσκο Μαρία Ντελ Μόντε]], Ιταλός διπλωμάτης\n*[[1580]] - [[Κάρλο Κονταρίνι]], δόγης της Βενετίας\n*[[1717]] - [[Πέτρος Γ΄ της Πορτογαλίας|Πέτρος Γ΄]], βασιλιάς της Πορτογαλίας\n*[[1793]] - [[Πάβελ Πέστελ]], Ρώσος επαναστάτης\n*[[1820]] - [[Ουίλιαμ Ράνκιν]], Σκωτσέζος μηχανικός και φυσικός\n*[[1837]] - [[Πατριάρχης Ιωακείμ Δ΄|Ιωακείμ Δ΄]], Πατριάρχης Κωνσταντινουπόλεως\n*[[1879]] - [[Βάντα Λάντοβσκα]], Πολωνή μουσικός\n*[[1889]] - [[Ζαν Κοκτώ]], Γάλλος συγγραφέας\n*[[1897]] - [[Γεώργιος Γρίβας]], Κύπριος αγωνιστής και στρατιωτικός\n*[[1899]] - [[Μαρσέλ Ασάρ]], Γάλλος συγγραφέας\n*[[1902]] - [[Χένρυ Κάμποτ Λοτζ]], Αμερικανός πολιτικός\n*[[1911]] - [[Ζωρζ Πομπιντού]], Γάλλος πολιτικός\n*[[1913]] - [[Γεώργιος Κωστάκης]], Έλληνας συλλέκτης έργων τέχνης\n*[[1914]] - [[Άγγελος Αγγελούσης]], Έλληνας πολιτικός\n*[[1914]] - [[Βάσω Κατράκη]], Ελληνίδα ζωγράφος και χαράκτρια\n*[[1915]] - [[Τζον Γούντραφ]], Αμερικανός δρομέας\n*[[1921]] - [[Νάνος Βαλαωρίτης]], Έλληνας συγγραφέας\n*[[1928]] - [[Πιέρ Μωρουά]], Γάλλος πολιτικός\n*[[1932]] - [[Πολύκαρπος Γιωρκάτζης]], Κύπριος πολιτικός\n*[[1933]] - [[Λέοναρντ Λίτζιο]], Αμερικανός συγγραφέας\n*[[1936]] - [[Φρέντερικ Μπάλανταϊν]], γενικός κυβερνήτης του Αγίου Βικεντίου και των Γρεναδίνων\n*[[1956]] - [[Οράσιο Κάρτες]], Παραγουανός πολιτικός\n*[[1958]] - [[Ηλίας Λάγιος]], Έλληνας ποιητής\n*[[1966]] - [[Τζανφράνκο Τζόλα]], Ιταλός ποδοσφαιριστής\n*[[1974]] - [[Μάρσιο Αμορόζο]], Βραζιλιάνος ποδοσφαιριστής\n*[[1980]] – [[Εύα Γκριν]], Γαλλίδα ηθοποιός και μοντέλο\n*[[1982]] - [[Τουμπά Μπουγιουκουστούν]], Τουρκάλα ηθοποιός\n*[[1989]] - [[Γεώργιος Εφραίμ]], Κύπριος ποδοσφαιριστής\n\n== Θάνατοι ==\n*[[1316]] - [[Φερδινάνδος της Μαγιόρκας|Φερδινάνδος]], πρίγκιπας της Μαγιόρκας\n*[[1375]] - [[Κάρολος Γ΄ του Αλανσόν|Κάρολος Γ΄]], κόμης του Αλανσόν\n*[[1413]] - [[Μουσά Τσελεμπή]], Οθωμανός κυβερνήτης\n*[[1888]] - [[Ιωάννης Βαλασόπουλος]], Έλληνας πολιτικός\n*[[1917]] - [[Μητροπολίτης Ελευθερουπόλεως Γερμανός Σακελλαρίδης|Γερμανός Σακελλαρίδης]], Μητροπολίτης Ελευθερουπόλεως\n*[[1935]] - [[Ευάγγελος Γαρουφαλιάς]], Έλληνας πολιτικός\n*[[1948]] - [[Ζωρζ Μπερνανός]], Γάλλος συγγραφέας\n*[[1966]] - [[Αθανάσιος Παπαχριστοδούλου]], Έλληνας στρατιωτικός\n*[[1969]] - [[Βάλτερ Γκρόπιους]], Γερμανός αρχιτέκτονας\n*[[1969]] - [[Λίο ΜακΚάρεϊ]], Αμερικανός σκηνοθέτης\n*[[1969]] - [[Βίλχελμ Μπακχάουζ]], Γερμανός πιανίστας\n*[[1975]] - [[Ότο Σκορτσένυ]], Αυστριακός στρατιωτικός των SS\n*[[1989]] - [[Μαρία Βασιλείου]], Ελληνίδα ηθοποιός\n*[[2003]] - [[Ν! Ξάου]], ηθοποιός από τη Ναμίμπια\n*[[2006]] - [[Κεν Λέι]], Αμερικανός επιχειρηματίας\n*[[2007]] - [[Κέρουιν Μάθιους]], Αμερικανός ηθοποιός\n*[[2008]] - [[Ρενέ Χάρις]], πολιτικός του Ναουρού\n\n== Αργίες και εορτές ==\n* «Ημέρα του Συντάγματος» στην [[Αρμενία]]\n* Ημέρα της Ανεξαρτησίας στην [[Αλγερία]], τη [[Βενεζουέλα]] και το [[Πράσινο Ακρωτήριο]]\n\n=== [[Ορθόδοξη Εκκλησία]] ===\n{{Πύλη:Ορθοδοξία/Εορτολόγιο/5 Ιουλίου}}\n\n{{Μήνες}}\n\n[[Κατηγορία:Ημέρες του έτους]]"}}}]}]}}