{"batchcomplete":true,"query":{"normalized":[{"fromencoded":false,"from":"5_Ιουνίου","to":"5 Ιουνίου"}],"pages":[{"pageid":1930,"ns":0,"title":"5 Ιουνίου","revisions":[{"slots":{"main":{"contentmodel":"wikitext","contentformat":"text/x-wiki","content":"{{Μήνες Ιουνίου}}\n\n<center>[[4 Ιουνίου]] | '''5 Ιουνίου''' | [[6 Ιουνίου]]</center>\n\n----\nΗ '''5η Ιουνίου''' είναι η 156η ημέρα του έτους κατά το [[Γρηγοριανό ημερολόγιο]] (157η σε δίσεκτα έτη).  Υπολείπονται 209 ημέρες.\n\n{{ΗμερολόγιοΣεΠίνακα|6}}\n\n== Γεγονότα ==\n*[[754]] - Ο Αγγλοσάξονας ιεραπόστολος [[Άγιος Βονιφάτιος|Βονιφάτιος]] δολοφονείται από μία ομάδα [[Παγανισμός|παγανιστών]] στο Ντόκουμ της [[Φρισία]]ς.\n*[[1283]] - Ναυμαχία του Κόλπου της [[Νάπολη (επαρχία)|Νάπολης]]: ο [[Ρουτζέρο ντι Λαούρια]], ναύαρχος του βασιλιά [[Πέτρος Γ΄ της Αραγωνίας|Πέτρου Γ΄ της Αραγωνίας]], συλλαμβάνει τον [[Κάρολος Β΄ της Νεαπόλεως|Κάρολο Β΄ της Νάπολης]].\n*[[1625]] - Η πόλη της [[Μπρέντα]] παραδίδεται στα [[Ισπανικός Στρατός Ξηράς|ισπανικά]] [[τέρθιο]]ς.\n*[[1825]] - Ξεκινά η [[Μάχη της Τραμπάλας]] ενάντια στον [[Ιμπραήμ Πασάς|Ιμπραήμ Πασά]].\n*[[1829]] - Το HMS ''Pickle'' καταλαμβάνει το δουλεμπορικό πλοίο ''Voladora'' στα ανοικτά των ακτών της [[Κούβα]]ς.\n*[[1832]] - Ξεσπά στο [[Παρίσι]] η [[Ιουνιανή Εξέγερση]], σε μία προσπάθεια να ανατραπεί η μοναρχία του [[Λουδοβίκος Φίλιππος της Γαλλίας|Λουδοβίκου Φιλίππου]].\n*[[1837]] - Συστήνεται το [[Χιούστον]] από τη [[Δημοκρατία του Τέξας]].\n*[[1849]] - Η [[Δανία]] γίνεται [[Βασιλευόμενη Κοινοβουλευτική Δημοκρατία|συνταγματική μοναρχία]] με την υπογραφή νέου [[Σύνταγμα της Δανίας|συντάγματος]].\n*[[1851]] - Δημοσιεύεται στην [[Ηνωμένες Πολιτείες Αμερικής|αμερικανική]] εφημερίδα ''National Era'' το πρώτο μέρος της ''[[Η Καλύβα του Μπαρμπα-Θωμά|Καλύβας του Μπαρμπα-Θωμά]]'' της [[Χάριετ Μπίτσερ Στόου]].\n*[[1883]] - Αναχωρεί από το [[Παρίσι]] το πρώτο προγραμματισμένο δρομολόγιο του [[Οριάν Εξπρές]].\n*[[1888]] - [[Σεισμός]] χτυπά το [[Ρίο ντε λα Πλάτα]].\n*[[1900]] - Δεύτερος πόλεμος των Μπόερς: Οι [[Μεγάλη Βρετανία|Βρετανοί]] στρατιώτες καταλαμβάνουν την [[Πρετόρια]].\n*[[1915]] - Η [[Δανία]] τροποποιεί το [[Σύνταγμα της Δανίας|σύνταγμά της]] για να παραχωρήσει το δικαίωμα ψήφου στις γυναίκες.\n*[[1917]] - [[Α΄ Παγκόσμιος Πόλεμος]]: Αρχίζει η στρατολόγηση στις [[Ηνωμένες Πολιτείες Αμερικής]].\n*[[1925]] - Ψηφίζεται στη [[Βουλή των Ελλήνων]] ο ιδρυτικός νόμος του [[Αριστοτέλειο Πανεπιστήμιο Θεσσαλονίκης|Αριστοτελείου Πανεπιστημίου Θεσσαλονίκης]].\n*[[1933]] - Το [[Κογκρέσο των Ηνωμένων Πολιτειών]] καταργεί τη χρήση του κανόνα του χρυσού των [[Ηνωμένες Πολιτείες Αμερικής|Ηνωμένων Πολιτειών]] με τη θέσπιση ενός κοινού ψηφίσματος που ακυρώνει το δικαίωμα των πιστωτών να απαιτούν την πληρωμή τους σε [[Χρυσός|χρυσό]].\n*[[1940]] - [[Β΄ Παγκόσμιος Πόλεμος]]: Μετά από μία σύντομη ανάπαυλα στη [[μάχη της Γαλλίας (1940)|μάχη της Γαλλίας]], οι [[Ναζιστική Γερμανία|Γερμανοί]] επιτίθενται ενάντια στις υπόλοιπες [[Γαλλία|γαλλικές]] μεραρχίες νότια του ποταμού Σομμ.\n*[[1941]] - [[Β΄ Παγκόσμιος Πόλεμος]]: Τέσσερις χιλιάδες κάτοικοι της [[Τσονγκτσίνγκ]] πεθαίνουν από ασφυξία σε καταφύγιο κατά τη διάρκεια του βομβαρδισμού της πόλης.\n*[[1942]] - [[Β΄ Παγκόσμιος Πόλεμος]]: Οι [[Ηνωμένες Πολιτείες Αμερικής]] κηρύσσουν τον πόλεμο στη [[Βουλγαρία]], την [[Ουγγαρία]] και τη [[Βασίλειο της Ρουμανίας|Ρουμανία]].\n*[[1944]] - [[Β΄ Παγκόσμιος Πόλεμος]]: Πάνω από 1000 [[Μεγάλη Βρετανία|βρετανικά]] βομβαρδιστικά ρίχνουν 5.000 τόνους βόμβες στο [[Ναζιστική Γερμανία|γερμανικό]] [[Τείχος του Ατλαντικού]] στις ακτές της [[Νορμανδία (διοικητική περιοχή)|Νορμανδίας]] στο πλαίσιο της προετοιμασίας για την [[απόβαση στη Νορμανδία]].\n*[[1945]] - Αναλαμβάνει επίσημα την εξουσία στη [[Γερμανία]] το [[Συμμαχικό Συμβούλιο Ελέγχου]], το στρατιωτικό κατοχικό κυβερνητικό όργανο της χώρας.\n*[[1946]] - Πυρκαγιά σε ξενοδοχείο του [[Σικάγο|Σικάγου]] στο [[Ιλινόι]] σκοτώνει 61 άτομα. \n*[[1947]] - [[Σχέδιο Μάρσαλ]]: Σε ομιλία του στο [[Πανεπιστήμιο Χάρβαρντ]], ο [[Ηνωμένες Πολιτείες Αμερικής|Αμερικανός]] υπουργός Εξωτερικών Τζορτζ Μάρσαλ ζητά την οικονομική ενίσχυση της κατεστραμμένης από τον πόλεμο [[Ευρώπη]]ς.\n*[[1956]] - Ο [[Έλβις Πρίσλεϊ]] παρουσιάζει στο ''The Milton Berle Show'' το νέο του τραγούδι, ''Hound Dog'', σκανδαλίζοντας το κοινό με τις υπονοούμενες κινήσεις των γοφών του.\n*[[1959]] - Ορκίζεται η πρώτη κυβέρνηση της [[Σιγκαπούρη]]ς.\n*[[1960]] - Διακομιδή των οστών του ποιητή [[Ανδρέας Κάλβος|Ανδρέα Κάλβου]] και της συζύγου του στη [[Ζάκυνθος|Ζάκυνθο]].\n*[[1963]] - Ο [[Μεγάλη Βρετανία|Βρετανός]] υπουργός Πολέμου Τζον Προφιούμο παραιτείται λόγω ενός σεξουαλικού σκανδάλου γνωστού ως «[[Υπόθεση Προφιούμο]]».\n*[[1963]] - Στο [[Ιράν]] ξεσπούν διαμαρτυρίες εναντίον του [[Σάχης|σάχη]] [[Μοχάμεντ Ρεζά Παχλαβί]] για τη σύλληψη του [[Αγιατολάχ]] [[Ρουχολάχ Χομεϊνί]]. Σε πολλές πόλεις, μάζες εξαγριωμένων διαδηλωτών αντιμετωπίζονται με άρματα και αλεξιπτωτιστές. \n*[[1967]] - Αρχίζει ο [[Πόλεμος των Έξι Ημερών]]: Το [[Ισραήλ]] πραγματοποιεί αιφνιδιαστικές επιθέσεις εναντίον των [[Αίγυπτος|αιγυπτιακών]] αεροδρομίων ως απάντηση στην κινητοποίηση των αιγυπτιακών δυνάμεων στα σύνορα με το Ισραήλ.\n*[[1968]] - Ο [[Ηνωμένες Πολιτείες Αμερικής|Αμερικανός]] υποψήφιος πρόεδρος [[Ρόμπερτ Κένεντι]] πυροβολείται σε ξενοδοχείο του [[Λος Άντζελες]] από τον [[Παλαιστίνη (ιστορική περιοχή)|Παλαιστίνιο]] Σιρχάν Σιρχάν. Ο Κένεντι πεθαίνει την επόμενη μέρα.\n*[[1969]] – Δραπετεύει από τις φυλακές Μπογιατίου ο [[Αλέκος Παναγούλης]], ο οποίος επικηρύσσεται με ποσό 500.000 δραχμών και συλλαμβάνεται τρεις ημέρες αργότερα σε διαμέρισμα της οδού Πάτμου.\n*[[1970]] - Αφήνεται ελεύθερος ο πρώην κοινοβουλευτικός εκπρόσωπος της [[Ενιαία Δημοκρατική Αριστερά|Ε.Δ.Α.]], [[Ηλίας Ηλιού]], ο οποίος ήταν υπό εκτόπιση στη [[Λέρος|Λέρο]], αλλά νοσηλευόταν στο νοσοκομείο των [[Φυλακές Αβέρωφ|φυλακών Αβέρωφ]].\n*[[1975]] - Ανοίγει για πρώτη φορά η [[διώρυγα Σουέζ]] μετά τον [[Πόλεμος των Έξι Ημερών|Πόλεμο των Έξι Ημερών]].\n*[[1975]] - Το [[Ηνωμένο Βασίλειο]] πραγματοποιεί το πρώτο του δημοψήφισμα σε ολόκληρη τη χώρα σχετικά με την παραμονή στην [[Ευρωπαϊκή Οικονομική Κοινότητα]].\n*[[1989]] - [[Διαδηλωτής απέναντι στο τανκ|Διαδηλωτής σταματά φάλαγγα αρμάτων μάχης]] για πάνω από μισή ώρα μετά τη [[φοιτητική εξέγερση στην πλατεία Τιεν Αν Μεν]]. \n*[[1995]] - Δημιουργείται για πρώτη φορά το [[συμπύκνωμα Μπόζε-Αϊνστάιν]].\n* [[1997]] - Στην [[Αλγερία]] διεξάγονται οι πρώτες βουλευτικές εκλογές από το 1992, όταν η ακύρωση της διαφαινόμενης εκλογικής νίκης των ισλαμιστών πυροδότησε την έκρηξη βίας και αιματοχυσίας που συνεχίζεται μέχρι σήμερα.\n* [[2002]] - Κυκλοφορεί η πρώτη έκδοση του προγράμματος για περιήγηση στο διαδίκτυο, Mozilla 1.0.\n* [[2014]] - Δυνάμεις τζιχαντιστών που προσκείνονται στο [[Ισλαμικό Κράτος|ΙΚΙΛ]] καταλαμβάνουν την πόλη [[Σαμάρα (Ιράκ)|Σαμάρα]] του [[Ιράκ]].\n\n== Γεννήσεις ==\n*[[1341]] - [[Εδμόνδος του Λάνγκλεϊ]], δούκας της Υόρκης\n*[[1523]] - [[Μαργαρίτα της Γαλλίας (1523-1574)]]\n*[[1599]] - [[Ντιέγο Βελάθκεθ]], Ισπανός ζωγράφος\n*[[1656]] - [[Ζοζέφ Πιτόν ντε Τουρνεφόρ]], Γάλλος βοτανολόγος\n*[[1878]] - [[Πάντσο Βίγια]], Μεξικανός επαναστάτης\n*[[1883]] - [[Τζων Μέυναρντ Κέυνς]], Άγγλος οικονομολόγος\n*[[1887]] - [[Ρουθ Μπένεντικτ]], Αμερικανίδα ανθρωπολόγος και λαογράφος\n*[[1898]] - [[Φεδερίκο Γκαρθία Λόρκα]], Ισπανός συγγραφέας\n*[[1900]] - [[Ντένις Γκέιμπορ]], Ούγγρος μηχανικός και φυσικός\n*[[1921]] - [[Γιάννα Περσάκη]], Ελληνίδα ζωγράφος\n*[[1932]] - [[Κρίστι Μπράουν]], Ιρλανδός συγγραφέας\n*[[1938]] - [[Κάριν Μπάλτσερ]], Γερμανίδα αθλήτρια\n*[[1942]] - [[Τεοδόρο Ομπιάνγκ Νγκέμα Μπασόνγκο]], πρόεδρος της Ισημερινής Γουινέας\n*[[1947]] - [[Λόρι Άντερσον]], Αμερικανίδα καλλιτέχνιδα\n*[[1951]] - [[Αλέκος Παπαδόπουλος (ποδοσφαιριστής)|Αλέκος Παπαδόπουλος]], Έλληνας ποδοσφαιριστής και προπονητής\n*[[1953]] - [[Σούζι Άτγουντ]], Αμερικανίδα κολυμβήτρια\n*[[1954]] - [[Λάκης Μπέλλος]], Έλληνας δημοσιογράφος και θεατρικός συγγραφέας\n*[[1955]] - [[Ντίνος Κούης]], Έλληνας ποδοσφαιριστής\n*[[1956]] - [[Μιχάλης Ζαμπέτας]], Έλληνας συνθέτης\n*[[1958]] - [[Αχμέτ Αμπντάλα Σαμπί]], πρόεδρος των Κομορών\n*[[1964]] - [[Ρικ Ρίορνταν]], Αμερικανός συγγραφέας\n*[[1971]] - [[Μαρκ Γουόλμπεργκ]], Αμερικανός ηθοποιός και τραγουδιστής\n*[[1976]] - [[Γιάννης Γιαννούλης (καλαθοσφαιριστής)|Γιάννης Γιαννούλης]], Έλληνας καλαθοσφαιριστής\n*[[1978]] - [[Φερνάντο Μέιρα]], Πορτογάλος ποδοσφαιριστής\n*[[1979]] - [[Στέφανος Κοτσόλης]], Έλληνας ποδοσφαιριστής\n*[[1980]] - Ντράκο Μαλφόυ, φανταστικός χαρακτήρας από [[Χάρι Πότερ]]\n*[[1995]] - [[Τρόι Σιβάν Μέλλετ]], Αυστραλός ηθοποιός\n*[[1998]] - [[Γιούλια Λιπνίτσκαγια]], Ρωσίδα αθλήτρια του καλλιτεχνικού πατινάζ\n\n== Θάνατοι ==\n*[[535]] - [[Πατριάρχης Επιφάνιος|Επιφάνιος]], Πατριάρχης Κωνσταντινουπόλεως\n*[[754]] - [[Άγιος Βονιφάτιος]]\n*[[928]] - [[Λουδοβίκος ο Τυφλός]], αυτοκράτορας της Αγίας Ρωμαϊκής Αυτοκρατορίας\n*[[1226]] - [[Ερρίκος Μπόρβιν Β΄ του Μεκλεμβούργου|Ερρίκος Μπόρβιν Β΄]], πρίγκιπας του Μεκλεμβούργου\n*[[1249]] - [[Ούγος Ι΄ του Λουζινιάν]], κόμης του Μαρς\n*[[1296]] - [[Εδμόνδος Κράουτσμπακ]], κόμης του Λάνκαστερ\n*[[1310]] - [[Αμαλρίκ, κύριος της Τύρου]]\n*[[1316]] - [[Λουδοβίκος Ι΄ της Γαλλίας|Λουδοβίκος Ι΄]], βασιλιάς της Γαλλίας\n*[[1383]] - [[Ντμίτρι του Σούζνταλ|Ντμίτρι]], πρίγκιπας του Σούζνταλ\n*[[1434]] - [[Γιούρι του Ζβενίγκοροντ]], μέγας πρίγκιπας της Μόσχας\n*[[1568]] - [[Λάμοραλ, κόμης του Έχμοντ]], Φλαμανδός στρατηγός και πολιτικός\n*[[1625]] - [[Ορλάντο Γκίμπονς]], Άγγλος συνθέτης\n*[[1688]] - [[Κωνσταντίνος Γεράκης]], Έλληνας τυχοδιώκτης\n*[[1825]] - [[Οδυσσέας Ανδρούτσος]], Έλληνας αγωνιστής\n*[[1826]] - [[Καρλ Μαρία φον Βέμπερ]], Γερμανός συνθέτης\n*[[1916]] - [[Χέρμπερτ Κίτσενερ, 1ος κόμης Κίτσενερ]], Βρετανός στρατάρχης\n*[[1925]] - [[Περικλής Ζερλέντης]], Έλληνας λόγιος και ιστορικός\n*[[1941]] - [[Μιχαήλ Κοθρής]], Έλληνας πολιτικός\n*[[1942]] - [[Ηλίας Καζάκος]], Έλληνας αξιωματικός του λιμενικού\n*[[1942]] - [[Γεώργιος Κωτούλας]], Έλληνας αξιωματικός του λιμενικού\n*[[1971]] - [[Γκέοργκ Λούκατς]], Ούγγρος φιλόσοφος\n*[[1979]] - [[Γεώργιος Μαριδάκης]], Έλληνας πανεπιστημιακός\n*[[1983]] - [[Κουρτ Τανκ]], Γερμανός μηχανικός αεροναυπηγικής\n*[[1989]] - [[Νότης Καπνίσης]], Έλληνας πολιτικός\n*[[1991]] - [[Θεόφραστος Παππάς]], Έλληνας πολιτικός\n*[[2004]] - [[Ρόναλντ Ρήγκαν]], 40ός πρόεδρος των Η.Π.Α.\n*[[2009]] - [[Μπασίρο Ντάμπο]], πολιτικός από τη Γουινέα-Μπισσάου\n*[[2012]] - [[Ρέι Μπράντμπερι]], Αμερικανός συγγραφέας\n*[[2012]] - [[Αθηνόδωρος Προύσαλης]], Έλληνας ηθοποιός\n*[[2015]] - [[Ταρέκ Αζίζ]], Ιρακινός πολιτικός\n*[[2016]] - [[Ταομάτι Γιούτα]], πολιτικός από το Κιριμπάτι\n*[[2016]] - [[Τζερόμ Μπρούνερ]], Αμερικανός ψυχολόγος\n*[[2017]] - [[Σεΐκ Ισμαέλ Τιοτέ]], Ιβοριανός ποδοσφαιριστής\n*[[2018]] - [[Άρης Ραφτόπουλος]], Έλληνας καλαθοσφαιριστής και προπονητής μπάσκετ\n*[[2023]] - [[Γιώργος Γεωργίου (αθλητικογράφος)|Γιώργος Γεωργίου]] Έλληνας αθλητικός δημοσιογράφος\n\n== Αργίες και εορτές ==\n* [[Παγκόσμια Ημέρα Περιβάλλοντος]], από την γενική σύνοδο των [[Ηνωμένα Έθνη|Ηνωμένων Εθνών]] το [[1972]].\n\n=== [[Ορθόδοξη Εκκλησία]] ===\n{{Πύλη:Ορθοδοξία/Εορτολόγιο/5 Ιουνίου}}\n\n{{Μήνες}}\n\n[[Κατηγορία:Ημέρες του έτους]]"}}}]}]}}