{"batchcomplete":true,"query":{"normalized":[{"fromencoded":false,"from":"5_Ιανουαρίου","to":"5 Ιανουαρίου"}],"pages":[{"pageid":922,"ns":0,"title":"5 Ιανουαρίου","revisions":[{"slots":{"main":{"contentmodel":"wikitext","contentformat":"text/x-wiki","content":"{{Μήνες Ιανουαρίου}}\n\n<center>[[4 Ιανουαρίου]] | '''5 Ιανουαρίου''' | [[6 Ιανουαρίου]]</center>\n\n----\nΗ '''5η Ιανουαρίου''' είναι η 5η ημέρα του έτους κατά το [[Γρηγοριανό ημερολόγιο]]. Υπολείπονται 360 ημέρες (361 σε δίσεκτα έτη).\n\n{{ΗμερολόγιοΣεΠίνακα|1}}\n\n== Γεγονότα ==\n{{Commonscat|5 January}}\n*[[1066]] - Ο [[Εδουάρδος ο Ομολογητής]] πεθαίνει άτεκνος, προκαλώντας μία κρίση διαδοχής που θα οδηγήσει τελικά στην κατάκτηση της [[Αγγλία]]ς από τους [[Νορμανδοί|Νορμανδούς]]. \n*[[1477]] - Μάχη του [[Νανσύ]]: Ο [[Κάρολος της Βουργουνδίας]] σκοτώνεται και η [[Βουργουνδία]] γίνεται μέρος της [[Γαλλία]]ς.\n*[[1500]] - Ο δούκας [[Λουδοβίκος Σφόρτσα]] καταλαμβάνει το [[Μιλάνο]].\n*[[1668]] - Ο [[Μεθόδιος Γ΄]] εκλέγεται [[Οικουμενικός Πατριάρχης Κωνσταντινουπόλεως]].\n*[[1757]] - Ο Ρομπέρ Φρανσουά Νταμιάν αποπειράται ανεπιτυχώς να δολοφονήσει τον βασιλιά [[Λουδοβίκος ΙΕ΄ της Γαλλίας|Λουδοβίκο ΙΕ΄ της Γαλλίας]].\n*[[1781]] - [[Αμερικανική Επανάσταση]]: [[Βασίλειο της Μεγάλης Βρετανίας|βρετανικές]] ναυτικές δυνάμεις, με επικεφαλής τον Μπένεντικτ Άρνολντ, καίνε το [[Ρίτσμοντ (Βιρτζίνια)]].\n*[[1875]] - Εγκαινιάζεται στο [[Παρίσι]] το [[Παλέ Γκαρνιέ]], ένα από τα πιο διάσημα [[Όπερα (κτήριο)|κτίρια όπερας]] στον κόσμο.\n*[[1895]] - [[Υπόθεση Ντρέιφους]]: ο [[Γάλλοι|Γάλλος]] αξιωματικός του στρατού Άλφρεντ Ντρέιφους καθαιρείται από το αξίωμά του και καταδικάζεται σε ισόβια κάθειρξη στη [[Νήσος του Διαβόλου|Νήσο του Διαβόλου]].\n*[[1900]] - Ηλεκτροφωτίζεται ο [[Πειραιάς]], καθώς μπαίνει σε λειτουργία το εργοστάσιο παραγωγής ηλεκτρικού ρεύματος κοντά στον σιδηροδρομικό σταθμό Πελοποννήσου. \n*[[1913]] - [[Α΄ Βαλκανικός πόλεμος]]: κατά τη διάρκεια της [[Ναυμαχία της Λήμνου|Ναυμαχίας της Λήμνου]], ο [[Έλληνες|Έλληνας]] ναύαρχος [[Παύλος Κουντουριώτης]] αναγκάζει τον [[Τουρκία|τουρκικό]] στόλο να υποχωρήσει στη βάση του στον [[Ελλήσποντος|Ελλήσποντο]].\n*[[1914]] - Η [[Ford Motor Company]] ανακοινώνει την εφαρμογή της οκτάωρης ημέρας εργασίας και την καταβολή «μισθού διαβίωσης» τουλάχιστον 5 [[Δολάριο ΗΠΑ|δολαρίων]] για εργασία μίας ημέρας.\n*[[1919]] - Ιδρύεται το Γερμανικό Εργατικό Κόμμα, το οποίο αργότερα θα πάρει το όνομα [[Εθνικοσοσιαλιστικό Γερμανικό Εργατικό Κόμμα]].\n*[[1925]] - Η Νέλλυ Τέιλου Ρος γίνεται κυβερνήτης του [[Ουαϊόμινγκ]], η πρώτη γυναίκα κυβερνήτης στις [[Ηνωμένες Πολιτείες Αμερικής]].\n* [[1933]] - Ξεκινάει στο Σαν Φρανσισκο η κατασκευη της γέφυρας [[Γκόλντεν Γκέιτ]].\n*[[1968]] - Ο [[Αλεξάντερ Ντούμπτσεκ]] αναλαμβάνει την εξουσία στην [[Τσεχοσλοβακία]]. Αρχίζει η «[[Άνοιξη της Πράγας]]».\n* [[1998]] - Ο [[Ντάνιελ Αραπ Μόι]] χρίζεται Πρόεδρος της [[Κένυα]]ς για πέμπτη συνεχή φορά.\n* [[2005]] - Ο [[Μοχάμεντ μπιν Ρασίντ αλ Μακτούμ]] γίνεται Πρωθυπουργός και αντιπρόεδρος της κυβέρνησης των [[Ηνωμένα Αραβικά Εμιράτα|Ηνωμένων Αραβικών Εμιράτων]].\n* [[2007]] - Ο [[Καναδάς]] κερδίζει για τρίτη συνεχή χρονιά το [[Παγκόσμιο πρωτάθλημα χόκεϊ επί πάγου νέων]], με νίκη στον τελικό στη Σουηδία επί των Ρώσων, με 4-2. Το χάλκινο μετάλλιο κέρδισαν οι ΗΠΑ νικώντας με 3-1 τη Σουηδία.\n* [[2009]] - [[Αθήνα]], η τρομοκρατική οργάνωση [[Επαναστατικός Αγώνας]] εξαπέλυσε επίθεση με 31 σφαίρες από καλάσνικοφ και αμυντική χειροβομβίδα εναντίον αστυνομικών της διμοιρίας Α-542 στο υπουργείο Πολιτισμού.\n\n== Γεννήσεις ==\n*[[1209]] - [[Ριχάρδος Α΄ της Κορνουάλης|Ριχάρδος Α']], κόμης της Κορνουάλης\n*[[1425]] - [[Ερρίκος Δ΄ της Καστίλης|Ερρίκος Δ΄]], βασιλιάς της Καστίλης\n*[[1639]] - [[Ότο Βίλχελμ φον Κένιξμαρκ]], Σουηδός στρατιωτικός\n*[[1846]] - [[Ρούντολφ Όικεν]], Γερμανός φιλόσοφος και συγγραφέας\n*[[1867]] - [[Δημήτριος Γούναρης]], Έλληνας πολιτικός\n*[[1876]] - [[Κόνραντ Αντενάουερ]], Γερμανός πολιτικός\n*[[1878]] - [[Στυλιανός Γαλερός]], Έλληνας οπλαρχηγός\n*[[1893]] - [[Παραμχάνσα Γιογκανάντα]], Ινδός γκουρού\n*[[1909]] - [[Στίβεν Κλέινι]], Αμερικανός μαθηματικός\n*[[1913]] - [[Κωνσταντίνος Βοβολίνης]], Έλληνας πολιτικός\n*[[1921]] - [[Φρήντριχ Ντύρενματ]], Ελβετός συγγραφέας\n*[[1928]] - [[Ζούλφικαρ Άλι Μπούτο]], Πακιστανός πολιτικός\n*[[1931]] - [[Χουάν Γκοϊτισόλο]], Ισπανός συγγραφέας\n*[[1931]] - [[Ρόμπερτ Ντιβάλ]], Αμερικανός ηθοποιός\n*[[1932]] - [[Ουμπέρτο Έκο]], Ιταλός φιλόσοφος και συγγραφέας\n*[[1938]] - [[Χουάν Κάρλος Α' της Ισπανίας|Χουάν Κάρλος Α΄]], βασιλιάς της Ισπανίας\n*[[1941]] - [[Χαγιάο Μιγιαζάκι]], Ιάπωνας σκηνοθέτης\n*[[1942]] - [[Τερένσι Μος]], Ισπανός συγγραφέας\n*[[1942]] - [[Τάκης Μαρκόπουλος]], Έλληνας ποδοσφαιριστής\n*[[1946]] - [[Ντάιαν Κίτον]], Αμερικανίδα ηθοποιός\n*[[1950]] - [[Κριστόφ Βιελίτσκι]], Πολωνός ορειβάτης\n*[[1956]] - [[Φρανκ-Βάλτερ Σταϊνμάιερ]], Γερμανός πολιτικός\n*[[1959]] - [[Κλάνσι Μπράουν]], Αμερικανός ηθοποιός\n*[[1966]] - [[Δημήτρης Βασιλειάδης]], Έλληνας αθλητής\n*[[1968]] - [[DJ BoBo]], Ελβετός τραγουδιστής\n*[[1969]] - [[Μέριλυν Μάνσον]], Αμερικανός τραγουδιστής\n*[[1972]] - [[Σάκης Ρουβάς]], Έλληνας τραγουδιστής\n*[[1973]] - [[Γεωργία Αποστόλου]], Ελληνίδα ηθοποιός\n*[[1975]] - [[Μπράντλεϊ Κούπερ]], Αμερικανός ηθοποιός\n*[[1975]] - [[Άντζελο Φίγκους]], Ιταλός σχεδιαστής μόδας\n\n== Θάνατοι ==\n*[[1066]] - [[Εδουάρδος ο Ομολογητής]], βασιλιάς της Αγγλίας\n*[[1387]] - [[Πέτρος Δ΄ της Αραγωνίας|Πέτρος Δ΄]], βασιλιάς της Αραγωνίας\n*[[1430]] - [[Φιλίππη της Αγγλίας, βασίλισσα της Δανίας]]\n*[[1441]] - [[Ιωάννης Β΄ του Λινύ]], Γάλλος ευγενής\n*[[1465]] - [[Κάρολος Α΄ της Ορλεάνης|Κάρολος Α΄]], δούκας της Ορλεάνης\n*[[1477]] - [[Κάρολος της Βουργουνδίας|Κάρολος]], δούκας της Βουργουνδίας\n*[[1541]] - [[Φίλιππος του Παλατινάτου, επίσκοπος|Φίλιππος του Παλατινάτου]], επίσκοπος του Φράιζινγκ\n*[[1589]] - [[Αικατερίνη των Μεδίκων]], βασίλισσα της Γαλλίας\n*[[1592]] - [[Γουλιέλμος του Γύλιχ-Κλέβης-Μπεργκ|Γουλιέλμος]], δούκας του Γύλιχ-Κλέβης-Μπεργκ\n*[[1625]] - [[Σίμων Μάγερ]], Γερμανός αστρονόμος\n*[[1762]] - [[Ελισάβετ της Ρωσίας|Ελισάβετ]], αυτοκράτειρα της Ρωσίας\n*[[1808]] - [[Αλέξιος Ορλώφ]], Ρώσος στρατιωτικός\n*[[1896]] – [[Τζέιμς Γουάλας Μπλακ]], Αμερικανός φωτογράφος\n*[[1900]] - [[Χένρι Τρέισι Κόξγουελ]], Άγγλος αεροναυτικός\n*[[1910]] - [[Λεόν Βαλράς]], Γάλλος οικονομολόγος\n*[[1910]] - [[Νικόλαος Δηλιγιάννης του Πέτρου|Νικόλαος Δηλιγιάννης]], Έλληνας πολιτικός\n*[[1922]] - [[Έρνεστ Σάκλετον]], Ιρλανδός εξερευνητής\n*[[1930]] - [[Χρήστος Κορύλλος]], Έλληνας πολιτικός\n*[[1933]] - [[Κάλβιν Κούλιτζ]], 30ος πρόεδρος των Η.Π.Α.\n*[[1936]] - [[Ραμόν ντελ Βάγιε-Ινκλάν]], Ισπανός συγγραφέας\n*[[1952]] - [[Χρίστο Τατάρτσεφ]], Βούλγαρος επαναστάτης\n*[[1970]] - [[Μαξ Μπορν]], Γερμανός φυσικός\n*[[1972]] - [[Κωνσταντίνος Νικολόπουλος (δήμαρχος)|Κωνσταντίνος Νικολόπουλος]], Έλληνας αθλητής της ξιφασκίας και πολιτικός\n*[[1975]] - [[Ιωάννης Αθητάκης]], Έλληνας πολιτικός\n*[[1992]] - [[Ιωάννης Καρμίρης]], Έλληνας θεολόγος και ακαδημαϊκός\n*[[1992]] - [[Γιάννης Σόδης]], Έλληνας χημικός και πολιτικός\n*[[2007]] - [[Μομοφούκου Άντο]], Ταϊβανέζος επιχειρηματίας\n*[[2007]] - [[Πίτσα Μπουρνόζου]], Ελληνίδα ηθοποιός\n*[[2014]] - [[Εουσέμπιο]], Πορτογάλος ποδοσφαιριστής\n\n== Αργίες και εορτές ==\n=== [[Ορθόδοξη Εκκλησία]] ===\n{{Πύλη:Ορθοδοξία/Εορτολόγιο/5 Ιανουαρίου}}\n\n{{Μήνες}}\n\n[[Κατηγορία:Ημέρες του έτους]]"}}}]}]}}