{"batchcomplete":true,"query":{"normalized":[{"fromencoded":false,"from":"5_Μαρτίου","to":"5 Μαρτίου"}],"pages":[{"pageid":1415,"ns":0,"title":"5 Μαρτίου","revisions":[{"slots":{"main":{"contentmodel":"wikitext","contentformat":"text/x-wiki","content":"{{χωρίς παραπομπές|05|02|2020}}\n\n{{Μήνες Μαρτίου}}\n\n<center>[[4 Μαρτίου]] | '''5 Μαρτίου''' | [[6 Μαρτίου]]</center>\n\n----\nΗ '''5η Μαρτίου''' είναι η 64η ημέρα του έτους κατά το [[Γρηγοριανό ημερολόγιο]] (65η σε δίσεκτα έτη). Υπολείπονται 301 ημέρες.\n\n{|width=100%\n| __TOC__\n| {{ΗμερολόγιοΣεΠίνακα|3}}\n|}\n\n== Γεγονότα ==\n*[[363]] – Ο Ρωμαίος αυτοκράτορας [[Ιουλιανός]] κινείται από την [[Αντιόχεια]] για να επιτεθεί εναντίον της [[Αυτοκρατορία των Σασσανιδών|αυτοκρατορίας των Σασσανιδών]], σε μία εκστρατεία που θα επιφέρει το θάνατό του.\n*[[1496]] - Ο βασιλιάς [[Ερρίκος Ζ΄ της Αγγλίας]] δίνει την άδεια στον [[Τζιοβάννι Καμπότο]] και τους γιους του να εξερευνήσουν άγνωστους τόπους. \n*[[1616]] - Το βιβλίο του [[Νικόλαος Κοπέρνικος|Νικόλαου Κοπέρνικου]] ''[[De Revolutionibus Orbium Coelestium]]'' απαγορεύεται από την [[Καθολική Εκκλησία]].\n*[[1770]] - Στη [[Βοστώνη]], πέντε [[Η.Π.Α.|Αμερικανοί]] πυροβολούνται θανάσιμα από τα [[Βασίλειο της Μεγάλης Βρετανίας|βρετανικά]] στρατεύματα, γεγονός που θα συμβάλει στο ξέσπασμα της [[Αμερικανική Επανάσταση|Αμερικανικής Επανάστασης]] πέντε χρόνια αργότερα. \n*[[1824]] - Πρώτος αγγλοβιρμανικός πόλεμος: Η [[Μεγάλη Βρετανία]] κηρύσσει επισήμως τον πόλεμο στη [[Μιανμάρ|Βιρμανία]].\n*[[1836]] - Ο [[Σάμουελ Κολτ]] παράγει το πρώτο [[περίστροφο]] μαζικής παραγωγής.\n*[[1868]] - Η όπερα του [[Αρρίγκο Μπόιτο]] ''[[Μεφιστοφελής (όπερα)|Μεφιστοφελής]]'' κάνει πρεμιέρα στη [[Σκάλα του Μιλάνου]].\n*[[1933]] – Το [[Εθνικοσοσιαλιστικό Γερμανικό Εργατικό Κόμμα]] του [[Αδόλφος Χίτλερ|Αδόλφου Χίτλερ]] λαμβάνει το 43,9% στις εκλογές του Ράιχσταγκ, γεγονός που επιτρέπει στους Ναζί να εγκαθιδρύσουν αργότερα δικτατορία.  \n* [[1940]] – Υπογράφεται από τις [[Σοβιετική Ένωση|σοβιετικές αρχές]] το έγγραφο που θα οδηγήσει στην μαζική εκτέλεση 22.000 [[Πολωνοί|Πολωνών]] αξιωματικών, διανοουμένων και πολιτικών κρατουμένων, έγκλημα γνωστό ως [[σφαγή του Κατύν]].\n*[[1950]] - Στην [[Ελλάδα]] διεξάγονται [[Ελληνικές βουλευτικές εκλογές 1950|βουλευτικές εκλογές]]. \n*[[1966]] - Αεροσκάφος της BOAC συντρίβεται στο όρος [[Φούτζι]] στην [[Ιαπωνία]], σκοτώνοντας 124 άτομα.\n*[[1970]] - Η [[Συνθήκη μη διάδοσης πυρηνικών όπλων]] τίθεται σε ισχύ μετά την επικύρωσή της από 43 κράτη.\n\n== Γεννήσεις ==\n*[[1133]] – [[Ερρίκος Β΄ της Αγγλίας|Ερρίκος Β΄]], βασιλιάς της Αγγλίας\n*[[1324]] – [[Δαυίδ Β΄ της Σκωτίας|Δαυίδ Β΄]], βασιλιάς της Σκωτίας\n*[[1326]] – [[Λουδοβίκος Α΄ της Ουγγαρίας|Λουδοβίκος Α΄]], βασιλιάς της Ουγγαρίας\n*[[1512]] - [[Γεράρδος Μερκάτορ]], Φλαμανδός χαρτογράφος\n*[[1527]] - [[Ούλριχ του Μεκλεμβούργου|Ούλριχ]], δούκας του Μεκλεμβούργου\n*[[1585]] - [[Ιωάννης Γεώργιος Α΄ της Σαξονίας|Ιωάννης Γεώργιος Α΄]], εκλέκτορας της Σαξονίας\n*[[1685]] - [[Γκέοργκ Φρήντριχ Χαίντελ]], Γερμανός συνθέτης\n*[[1696]] – [[Τζανμπαττίστα Τιέπολο]], Ιταλός ζωγράφος\n*[[1750]] – [[Ζαν-Μπατίστ ντε Βιλουαζόν]], Γάλλος λόγιος\n*[[1841]] - [[Φρειδερίκος Κ. Καρρέρ]], Έλληνας συγγραφέας και πολιτικός\n*[[1857]] - [[Άγγελος Γιαλλινάς]], Έλληνας ζωγράφος\n*[[1871]] – [[Ρόζα Λούξεμπουργκ]], Γερμανίδα επαναστάτρια\n*[[1898]] - [[Μιζάο Οκάουα]], Γιαπωνέζα υπεραιωνόβια\n*[[1901]] - [[Λούις Καν]], Εσθονός αρχιτέκτονας\n*[[1908]] – [[Ρεξ Χάρισον]], Άγγλος ηθοποιός\n*[[1910]] – [[Μομοφούκου Άντο]], Ταϊβανέζος επιχειρηματίας\n*[[1918]] - [[Τζέιμς Τόμπιν]], Αμερικανός οικονομολόγος\n*[[1920]] - [[Γκαμπριέλ Ρομπέρ]], Γάλλος ποδοσφαιριστής\n*[[1922]] – [[Πιερ Πάολο Παζολίνι]], Ιταλός συγγραφέας και σκηνοθέτης\n*[[1925]] - [[Πολ Βερζέ]], Γάλλος πολιτικός\n*[[1929]] – [[J. B. Lenoir]], Αμερικανός τραγουδοποιός\n*[[1933]] – [[Κώστας Λινοξυλάκης]], Έλληνας ποδοσφαιριστής\n*[[1935]] - [[Γεώργιος Τόλης]], Έλληνας ιατρός\n*[[1942]] – [[Φελίπε Γκονθάλεθ]], Ισπανός πολιτικός\n*[[1942]] - [[Αντριέν Ουνγκμπετζί]], πρωθυπουργός του Μπενίν\n*[[1945]] - [[Ράντι Μάτσον]], Αμερικανός αθλητής\n*[[1950]] – [[Φερνάντο ντα Πιεντάντε Ντίας ντος Σάντος]], πρωθυπουργός της Ανγκόλας\n*[[1955]] - [[Γιώργος Παπαστάμκος]], Έλληνας νομικός και πολιτικός\n*[[1963]] – [[Τζόελ Όστιν]], Αμερικανός επίσκοπος\n*[[1966]] – [[Άασιφ Μάντβι]], Ινδός ηθοποιός\n*[[1968]] – [[Γκόρντον Μπάιναϊ]], Ούγγρος πολιτικός\n*[[1968]] - [[Αμπρόουζ Μαντβούλο Ντλαμίνι]], πολιτικός από το Εσουατίνι\n*[[1969]] - [[Θανάσης Βισκαδουράκης]], Έλληνας ηθοποιός \n*[[1970]] – [[Τζον Φρουσιάντε]], Αμερικανός μουσικός ([[Red Hot Chili Peppers]])\n*[[1972]] – [[Λούκα Τουρίλλι]], Ιταλός μουσικός\n*[[1973]] – [[Γιάννης Αναστασίου]], Έλληνας ποδοσφαιριστής\n*[[1974]] – [[Εύα Μέντες]], Αμερικανίδα ηθοποιός\n*[[1975]] - [[Λουτσιάνο Μπούρτι]], Βραζιλιάνος οδηγός αγώνων\n*[[1976]] – [[Σαρούνας Γιασικέβιτσιους]], Λιθουανός καλαθοσφαιριστής\n*[[1982]] - [[Μίλος Μάριτς]], Σέρβος ποδοσφαιριστής\n*[[1984]] – [[Γκιγιόμ Οαρό]], Γάλλος ποδοσφαιριστής\n*[[1986]] - [[Μίκα Νιούτον]], Ουκρανή τραγουδίστρια και ηθοποιός\n*[[1993]] - [[Δημήτρης Διαμαντάκος]], Έλληνας ποδοσφαιριστής\n\n== Θάνατοι ==\n*[[254]] – [[Πάπας Λούκιος Α΄]]\n*[[1303]] - [[Δανιήλ της Μόσχας|Δανιήλ]], πρίγκιπας της Μόσχας\n*[[1417]] - [[Μανουήλ Γ΄ Μέγας Κομνηνός]], αυτοκράτορας της Τραπεζούντας\n*[[1534]] - [[Κορρέτζο]], Ιταλός ζωγράφος\n*[[1588]] - [[Ερρίκος Α΄ των Βουρβόνων του Κοντέ|Ερρίκος Α΄ των Βουρβόνων]], πρίγκιπας του Κοντέ\n*[[1815]] - [[Φραντς Άντον Μέσμερ]], Γερμανός ιατρός\n*[[1827]] – [[Αλεσάντρο Βόλτα]], Ιταλός φυσικός\n*[[1827]] – [[Πιέρ Σιμόν Λαπλάς]], Γάλλος μαθηματικός\n*[[1876]] - [[Φραντσέσκο Μαρία Πιάβε]], Ιταλός λιμπρετίστας\n*[[1903]] - [[Εζέν-Ανατόλ Ντεμαρσέ]], Γάλλος χημικός\n*[[1903]] - [[Γκαστόν Παρί]], Γάλλος λόγιος\n*[[1907]] – [[Φρίντριχ Μπλας]], Γερμανός λόγιος\n*[[1925]] - [[Γιόχαν Γένσεν]], Δανός μαθηματικός και μηχανικός\n*[[1943]] - [[Εδμόνδος Τορόν]], Έλληνας αντιστασιακός\n*[[1953]] – [[Σεργκέι Προκόφιεφ]], Ρώσος συνθέτης\n*[[1953]] – [[Ιωσήφ Στάλιν]], Σοβιετικός ηγέτης\n*[[1964]] - [[Αδελφοί Μανάκη|Μίλτος Μανάκης]], Έλληνας κινηματογραφιστής\n*[[1966]] – [[Άννα Αχμάτοβα]], Ρωσίδα ποιήτρια\n*[[1966]] - [[Κωνσταντίνος Σπετσιώτης]], Έλληνας αθλητής\n*[[1967]] - [[Μοχάμεντ Μοσαντέκ]], Ιρανός πολιτικός\n*[[1970]] - [[Ιωάννης Γιαννηκώστας (υποναύαρχος)|Ιωάννης Γιαννηκώστας]], Έλληνας αξιωματικός του Ναυτικού\n*[[1979]] - [[Άγγελος Μαυρόπουλος]], Έλληνας ηθοποιός\n*[[1982]] – [[Τζον Μπελούσι]], Αμερικανός ηθοποιός\n*[[1986]] - [[Τζορτζ Νέλσον]], Αμερικανός βιομηχανικός σχεδιαστής\n*[[1989]] - [[Θάνος Τζενεράλης]], Έλληνας ηθοποιός\n*[[1998]] - [[Χρήστος Σβολόπουλος]], Έλληνας αθλητικογράφος\n*[[2000]] – [[Ρένα Ντορ]], Ελληνίδα ηθοποιός\n*[[2004]] - [[Φίλιππος Ηλιού]], Έλληνας ιστορικός\n*[[2006]] - [[Μίλαν Μπάμπιτς]], Σέρβος πολιτικός\n*[[2011]] – [[Μανώλης Ρασούλης]], Έλληνας τραγουδοποιός\n*[[2013]] – [[Ούγκο Τσάβες]], Βενεζουελανός πολιτικός\n*[[2016]] - [[Παναγιώτης Τέτσης]], Έλληνας ζωγράφος\n*[[2016]] - [[Ρέι Τόμλινσον]], Αμερικανός προγραμματιστής υπολογιστών\n*[[2016]] - [[Νικόλαους Χάρνονκουρτ]], Αυστριακός διευθυντής ορχήστρας\n*[[2017]] - [[Κουρτ Μολλ]], Γερμανός βαθύφωνος\n\n== Αργίες και εορτές ==\n=== [[Ορθόδοξη Εκκλησία]] ===\n{{Πύλη:Ορθοδοξία/Εορτολόγιο/5 Μαρτίου}}\n\n{{Μήνες}}\n\n[[Κατηγορία:Ημέρες του έτους]]"}}}]}]}}