{"batchcomplete":true,"query":{"normalized":[{"fromencoded":false,"from":"5_Φεβρουαρίου","to":"5 Φεβρουαρίου"}],"pages":[{"pageid":1213,"ns":0,"title":"5 Φεβρουαρίου","revisions":[{"slots":{"main":{"contentmodel":"wikitext","contentformat":"text/x-wiki","content":"{{χωρίς παραπομπές|05|02|2020}}\n\n{{Μήνες Φεβρουαρίου}}\n\n<center>\n[[4 Φεβρουαρίου]] | '''5 Φεβρουαρίου''' | [[6 Φεβρουαρίου]] </center>\n\n----\nΗ '''5η Φεβρουαρίου''' είναι η 36η ημέρα του έτους κατά το [[Γρηγοριανό ημερολόγιο]].  Υπολείπονται 330 ημέρες (331 σε δίσεκτα έτη).\n\n{|width=100%\n| __TOC__\n| {{ΗμερολόγιοΣεΠίνακα|2}}\n|}\n== Γεγονότα ==\n*[[62]] – Ισχυρός [[σεισμός]] συγκλονίζει την [[Πομπηία]] στην [[Ιταλία]].\n*[[756]] - Ο Αν Λουσάν, ηγέτης εξέγερσης εναντίον της [[Δυναστεία Τανγκ|Δυναστείας των Τανγκ]], αυτοανακηρύσσεται αυτοκράτορας.\n*[[1576]] – [[Γαλλικοί θρησκευτικοί πόλεμοι]]: ο [[Ερρίκος Δ΄ της Γαλλίας|Ερρίκος της Ναβάρρας]] αποκηρύσσει τον [[Καθολική Εκκλησία|καθολικισμό]] στο [[Τουρ]] και επανασυνδέεται με τις [[Προτεσταντισμός|προτεσταντικές]] δυνάμεις.\n*[[1597]] – 26 [[Ιαπωνία|Ιάπωνες]] [[Χριστιανισμός|χριστιανοί]] σκοτώνονται από τη νέα κυβέρνηση της Ιαπωνίας καθώς εκλαμβάνονται ως απειλή για την κοινωνία.\n*[[1782]] - Οι [[Ισπανία|Ισπανοί]] νικούν τις [[Μεγάλη Βρετανία|βρετανικές]] δυνάμεις και καταλαμβάνουν τη [[Μινόρκα (Μενόρκα)|Μινόρκα]].\n*[[1783]] - Αρχίζει μία σειρά ισχυρών [[Σεισμός|σεισμών]] στην [[Καλαβρία]].\n*[[1810]] - [[Ιβηρικός πόλεμος]]: αρχίζει η πολιορκία του [[Κάδιθ]].\n*[[1818]] - Ο [[Κάρολος ΙΔ΄ Ιωάννης της Σουηδίας|Ζαν Μπατίστ Ζυλ Μπερναντότ]] γίνεται βασιλιάς της [[Σουηδία]]ς και της [[Νορβηγία]]ς.\n*[[1852]] - Ανοίγει για το κοινό το νέο μουσείο [[Ερμιτάζ]] στην [[Αγία Πετρούπολη]] της [[Ρωσία]]ς, ένα από τα μεγαλύτερα και παλαιότερα μουσεία στον κόσμο.\n*[[1913]] - Οι [[Ελληνική Πολεμική Αεροπορία|Έλληνες αεροπόροι]] [[Μιχαήλ Μουτούσης]] και [[Αριστείδης Μωραϊτίνης (αεροπόρος)|Αριστείδης Μωραϊτίνης]] εκτελούν την πρώτη [[Ναυτική αεροπορία|αεροναυτική]] αποστολή στην ιστορία, με ένα υδροπλάνο [[Farman MF.7]].\n*[[1917]] - Το [[Κογκρέσο των Ηνωμένων Πολιτειών]] περνά το νόμο περί μετανάστευσης του 1917, παρά το βέτο του προέδρου [[Γούντροου Ουίλσον]]. Ο νόμος απαγορεύει τη μετανάστευση από το σύνολο σχεδόν της νότιας και νοτιοανατολικής [[Ασία]]ς. \n*[[1924]] - Το [[Αστεροσκοπείο του Γκρήνουιτς]] αρχίζει να εκπέμπει από το [[BBC Ραδιόφωνο|ραδιόφωνο του BBC]] τα ωριαία σήματα χρόνου.\n*[[1958]] - Μία [[βόμβα υδρογόνου]] χάνεται από την πολεμική αεροπορία των [[Ηνωμένες Πολιτείες Αμερικής|Η.Π.Α.]] στα ανοικτά των ακτών της Σαβάννα στην [[Τζόρτζια]].\n*[[1966]] - Ένα άτομο χάνει τη ζωή του, πενήντα τραυματίζονται και περισσότερα από πέντε χιλιάδες μένουν άστεγα από ισχυρότατο [[Σεισμός|σεισμό]] που πλήττει την [[Νομός Ευρυτανίας|Ευρυτανία]] ισοπεδώνοντας δεκαπέντε χωριά.\n* [[1991]] – Αεροσκάφος [[C-130]] της [[Ελληνική Πολεμική Αεροπορία|Ελληνικής Πολεμικής Αεροπορίας]] συντρίβεται στο [[Όρος Όθρυς]] κατά τη διάρκεια της προσέγγισης στο αεροδρόμιο της [[Νέα Αγχίαλος|Νέας Αγχιάλου]]. Νεκροί και οι 63 επιβαίνοντες, εκ των οποίων 19 αξιωματικοί και υπαξιωματικοί και 44 στρατεύσιμοι. \n\n== Γεννήσεις ==\n*[[1321]] - [[Ιωάννης Β΄ του Μομφερράτου|Ιωάννης Β΄]], μαρκήσιος του Μομφερράτου\n*[[1626]] – [[Μαντάμ ντε Σεβινιέ]], Γαλλίδα συγγραφέας\n*[[1745]] - [[Τζον Τζέφρις]], Αμερικανός επιστήμονας\n*[[1809]] - [[Σαράντης Αρχιγένης]], Έλληνας ιατρός και εθνικός ευεργέτης\n*[[1840]] - [[Χάιραμ Μάξιμ]], Άγγλος εφευρέτης\n*[[1848]] – [[Ζορίς-Καρλ Υσμάν]], Γάλλος συγγραφέας\n*[[1861]] - [[Άουγκουστ φον Πάρσεβαλ]], Γερμανός μηχανικός\n*[[1878]] - [[Αντρέ Σιτροέν]], Γάλλος βιομήχανος\n*[[1887]] - [[Ομέρ Νισάνι]], Αλβανός πολιτικός\n*[[1914]] – [[Γουίλιαμ Μπάροουζ]], Αμερικανός συγγραφέας\n*[[1915]] – [[Ρόμπερτ Χόφσταντερ]], Αμερικανός φυσικός\n*[[1919]] – [[Ρεντ Μπάτονς]], Αμερικανός ηθοποιός\n*[[1919]] – [[Ανδρέας Παπανδρέου]], Έλληνας πολιτικός\n*[[1932]] - [[Τσέζαρε Μαλντίνι]], Ιταλός ποδοσφαιριστής και προπονητής\n*[[1937]] - [[Γκάστον Ρέλαντς]], Βέλγος αθλητής\n*[[1940]] - [[Γιάγκος Σημαντήρης]], Έλληνας ποδοσφαιριστής\n*[[1946]] - [[Σαρλότ Ράμπλινγκ]], Αγγλίδα ηθοποιός\n*[[1948]] - [[Τομ Γουίλκινσον]], Άγγλος ηθοποιός\n*[[1949]] – [[Κουρτ Μπεκ]], Γερμανός πολιτικός\n*[[1954]] - [[Πέτρος Κωστόπουλος]], Έλληνας πρώην επιχειρηματίας και εκδότης\n*[[1960]] – [[Άρης Χριστοφέλλης]], Έλληνας κοντρα-τενόρος\n*[[1961]] – [[Σάββας Κωφίδης]], Έλληνας ποδοσφαιριστής και προπονητής\n*[[1964]] – [[Αλέξια]], Κύπρια τραγουδίστρια\n*[[1964]] – [[Λόρα Λίνεϊ]], Αμερικανίδα ηθοποιός\n*[[1965]] - [[Γκεόργκι Χάτζι]], Ρουμάνος ποδοσφαιριστής\n*[[1966]] – [[Σονέρ Αριτσά]], Τούρκος τραγουδιστής\n*[[1967]] - [[Φρέντερικ Πίτσερ]], πρόεδρος του Ναουρού\n*[[1968]] - [[Μάρκους Γκρόνχολμ]], Φινλανδός οδηγός αγώνων\n*[[1972]] - [[Μαίρη της Δανίας|Μαίρη]], πριγκίπισσα της Δανίας\n*[[1976]] – [[Τζον Αλοΐζι]], Αυστραλός ποδοσφαιριστής\n*[[1981]] – [[Λουκάς Βύντρα]], Έλληνας ποδοσφαιριστής\n*[[1982]] – [[Διονύσης Μακρής]], Έλληνας τραγουδιστής\n*[[1982]] – [[Ροδρίγο Παλάσιο]], Αργεντινός ποδοσφαιριστής\n*[[1984]] – [[Κάρλος Τέβες]], Αργεντινός ποδοσφαιριστής\n*[[1985]] – [[Κριστιάνο Ρονάλντο]], Πορτογάλος ποδοσφαιριστής\n*[[1986]] – [[Μάντισον Ρέιν]], Αμερικανίδα παλαίστρια\n*[[1986]] - [[Βέντραν Τσόρλουκα]], Κροάτης ποδοσφαιριστής\n*[[1987]] - [[Ντάρεν Κρις]], Αμερικανός τραγουδιστής και ηθοποιός\n*[[1988]] - [[Ηλιάνα Παπαγεωργίου]], Ελληνίδα μοντέλο\n*[[1992]] – [[Νεϊμάρ]], Βραζιλιάνος ποδοσφαιριστής\n*[[1995]] - [[Αντνάν Γιανουζάι]], Βέλγος ποδοσφαιριστής\n\n== Θάνατοι ==\n*[[552]] - [[Δάσιος Μεδιολάνων|Δάσιος]], αρχιεπίσκοπος Μεδιολάνων\n*[[1157]] - [[Κορράδος του Μάισσεν|Κορράδος]], μάργραβος του Μάισσεν\n*[[1204]] – [[Νικόλαος Καναβός]], Βυζαντινός αξιωματούχος\n*[[1434]] - [[Ιωάννης Α΄ του Μπουρμπόν|Ιωάννης Α']], δούκας των Βουρβόνων\n*[[1661]] - [[Αυτοκράτορας Σουντσί|Σουντσί]], Κινέζος αυτοκράτορας\n*[[1775]] - [[Ευσέβιος Αμόρτ]], Γερμανός θεολόγος\n*[[1818]] - [[Κάρολος ΙΓ΄ της Σουηδίας|Κάρολος ΙΓ']], βασιλιάς της Σουηδίας\n*[[1863]] – [[Ιωάννης-Γαβριήλ Εϋνάρδος]], Ελβετός τραπεζίτης\n*[[1931]] – [[Αθανάσιος Ευταξίας]], Έλληνας πολιτικός\n*[[1944]] - [[Αλέξανδρος Κανάρης]], Έλληνας πολιτικός\n*[[1946]] – [[Τζορτζ Άρλις]], Άγγλος ηθοποιός\n*[[1948]] – [[Γιοχάνες Μπλάσκοβιτς]], Γερμανός στρατηγός\n*[[1993]] – [[Τζόζεφ Λ. Μάνκιεβιτς]], Αμερικανός σκηνοθέτης και παραγωγός\n*[[1999]] – [[Βασίλι Λεόντιεφ]], Ρώσος οικονομολόγος\n*[[2005]] – [[Γκνασινγκμπέ Εγιαντεμά]], πρόεδρος του Τόγκο\n*[[2011]] – [[Μπράιαν Ζακ]], Άγγλος συγγραφέας\n*[[2012]] – [[Φερεϊντούν Φαριάντ]], Ιρανός ποιητής\n*[[2014]] – [[Τζένη Βάνου]], Ελληνίδα τραγουδίστρια\n\n== Αργίες και εορτές ==\n=== [[Ορθόδοξη Εκκλησία]] ===\n{{Πύλη:Ορθοδοξία/Εορτολόγιο/5 Φεβρουαρίου}}\n\n\n{{Μήνες}}\n\n[[Κατηγορία:Ημέρες του έτους]]"}}}]}]}}