{"batchcomplete":true,"query":{"normalized":[{"fromencoded":false,"from":"5_Μαΐου","to":"5 Μαΐου"}],"pages":[{"pageid":1756,"ns":0,"title":"5 Μαΐου","revisions":[{"slots":{"main":{"contentmodel":"wikitext","contentformat":"text/x-wiki","content":"{{χωρίς παραπομπές|05|02|2020}}\n\n{{Μήνες Μαΐου}}\n\n<center>[[4 Μαΐου]] | '''5 Μαΐου''' | [[6 Μαΐου]]</center>\n\n----\nΗ '''5η Μαΐου''' είναι η 125η ημέρα του έτους κατά το [[Γρηγοριανό ημερολόγιο]] (126η σε δίσεκτα έτη). Υπολείπονται 240 ημέρες.\n\n{|width=100%\n| __TOC__\n| {{ΗμερολόγιοΣεΠίνακα|5}}\n|}\n\n== Γεγονότα ==\n*[[553]] – Αρχίζει στην [[Βυζαντινή Κωνσταντινούπολη|Κωνσταντινούπολη]] η [[Οικουμενικές Σύνοδοι|Ε΄ Αγία Οικουμενική Σύνοδος]].\n*[[1260]] - Ο [[Κουμπλάι Χαν]] γίνεται κυβερνήτης της [[Μογγολική αυτοκρατορία|Μογγολικής αυτοκρατορίας]].\n*[[1494]] - Ο [[Χριστόφορος Κολόμβος]] αποβιβάζεται στην [[Τζαμάικα]] και τη διεκδικεί για την [[Ισπανία]].\n*[[1762]] - Η [[Ρωσία]] και η [[Πρωσία]] υπογράφουν τη [[Συνθήκη της Αγίας Πετρούπολης (1762)|συνθήκη της Αγίας Πετρούπολης]].\n*[[1789]] - Στη [[Γαλλία]], συνέρχεται για πρώτη φορά από το [[1614]] η [[Συνέλευση των Τάξεων]].\n*[[1818]] - Ο [[Παναγιώτης Σέκερης]] μυείται στη [[Φιλική Εταιρεία]].\n*[[1821]] - Ο αυτοκράτορας [[Ναπολέων Α΄]] πεθαίνει εξόριστος στη [[Νήσος Αγίας Ελένης|νήσο της Αγίας Ελένης]] στον νότιο [[Ατλαντικός Ωκεανός|Ατλαντικό Ωκεανό]].\n*[[1821]] – Ο πλοίαρχος [[Ευάγγελος Ματζαράκης]] σηκώνει το λάβαρο της [[Ελληνική επανάσταση του 1821|επανάστασης]] στη [[Σαντορίνη]].\n*[[1835]] - Ανοίγει μεταξύ [[Περιοχή των Βρυξελλών|Βρυξελλών]] και [[Μέχελεν]] ο πρώτος σιδηρόδρομος στην ηπειρωτική [[Ευρώπη]].\n*[[1860]] - Ο [[Τζουζέπε Γκαριμπάλντι]] σαλπάρει από τη [[Γένοβα]], ηγούμενος της εκστρατείας των Χιλίων για να κατακτήσει το [[Βασίλειο των Δύο Σικελιών]]. \n* [[1925]] – Τα [[Αφρικάανς γλώσσα|Αφρικάανς]] γίνονται επίσημη γλώσσα στη [[Νότια Αφρική]].\n* [[1936]] – Οι ιταλικές δυνάμεις καταλαμβάνουν την [[Αντίς Αμπέμπα]] στην [[Αιθιοπία]].\n* [[1941]] – Ο αυτοκράτορας της [[Αιθιοπία]]ς [[Χαϊλέ Σελασιέ]] επιστρέφει στη χώρα.\n* [[1945]] – [[Β΄ Παγκόσμιος Πόλεμος]]: Η [[Πράγα]] επαναστατεί κατά των [[ναζί]]. Την ίδια ημέρα απελευθερώνεται το στρατόπεδο συγκέντρωσης [[Στρατόπεδο συγκέντρωσης Μαουτχάουζεν-Γκούζεν|Μαουτχάουζεν]].\n* [[1949]] – Ιδρύεται το [[Συμβούλιο της Ευρώπης]].\n*[[1961]] - [[Πρόγραμμα Μέρκιουρι]]: ο Άλαν Σέπαρντ γίνεται ο πρώτος [[Ηνωμένες Πολιτείες Αμερικής|Αμερικανός]] που ταξιδεύει στο [[διάστημα]], σε μία υποτροχιακή πτήση.\n* [[1980]] – Ο [[Κωνσταντίνος Γ. Καραμανλής|Κωνσταντίνος Καραμανλής]] εκλέγεται πρόεδρος της Ελληνικής Δημοκρατίας για πρώτη φορά.\n* [[2001]] – Ο [[Πάπας Ιωάννης Παύλος Β΄]] επισκέπτεται την [[Ελλάδα]]. Είναι η πρώτη επίσκεψη πάπα της [[Ρωμαιοκαθολική Εκκλησία|Ρωμαιοκαθολικής Εκκλησίας]] μετά το σχίσμα του 1054.\n* [[2002]] – Ο [[ΚΑΕ Παναθηναϊκός Α.Ο.|Παναθηναϊκός]] αναδεικνύεται πρωταθλητής Ευρώπης στο [[μπάσκετ]] για τρίτη φορά στην ιστορία του. Στον τελικό του [[φάιναλ-φορ]] που έγινε στην [[Μπολόνια]] της [[Ιταλία]]ς επικράτησε της [[Κίντερ Μπολόνια]] με 89-83.\n* [[2005]] – Στις εθνικές εκλογές του [[Ηνωμένο Βασίλειο|Ηνωμένου Βασιλείου]], ο [[Τόνι Μπλερ]] εκλέγεται για τρίτη συνεχόμενη φορά πρωθυπουργός.\n* [[2010]] - Μεγάλη απεργία στην Ελλάδα κατά της υπογραφής μνημονίου με το [[ΔΝΤ]] και την [[ΕΕ]] για την αποτροπή της χρεοκοπίας. Πραγματοποιούνται διαδηλώσεις σε όλη τη χώρα. Στην τράπεζα [[Marfin Investment Group|Marfin]]  πραγματοποιείται [[Εμπρησμός της τράπεζας Marfin|εμπρηστική επίθεση]] κατά την οποία τρεις εργαζόμενοι χάνουν τη ζωή τους.\n\n== Γεννήσεις==\n*[[1210]] – [[Αλφόνσος Γ΄ της Πορτογαλίας|Αλφόνσος Γ΄]], βασιλιάς της Πορτογαλίας\n*[[1352]] - [[Ρούπερτ της Γερμανίας|Ρούπερτ]], βασιλιάς της Γερμανίας\n*[[1590]] - [[Ιωάννης Αλβέρτος Β΄ του Μεκλεμβούργου|Ιωάννης Αλβέρτος Β΄]], δούκας του Μεκλεμβούργου\n*[[1591]] - [[Φρειδερίκος Αχιλλέας της Βυρτεμβέργης-Νόιενστατ|Φρειδερίκος Αχιλλέας]], δούκας της Βυρτεμβέργης-Νόιενστατ\n*[[1652]] - [[Μπαρίς Σερεμέτιεφ]], Ρώσος ευγενής\n*[[1747]] – [[Λεοπόλδος Β΄ της Αγίας Ρωμαϊκής Αυτοκρατορίας|Λεοπόλδος Β΄]], αυτοκράτορας της Αγίας Ρωμαϊκής Αυτοκρατορίας\n*[[1766]] - [[Αντουάν Μορλό]], Γάλλος στρατηγός\n*[[1813]] – [[Σαίρεν Κίρκεγκωρ]], Δανός φιλόσοφος\n*[[1818]] – [[Καρλ Μαρξ]], Γερμανός φιλόσοφος\n*[[1826]] - [[Ευγενία ντε Μοντίχο]], αυτοκράτειρα της Γαλλίας\n*[[1846]] – [[Χένρικ Σιενκιέβιτς]], Πολωνός συγγραφέας\n*[[1864]] - [[Ελίζαμπεθ Κόχραν]], Αμερικανίδα δημοσιογράφος\n*[[1882]] - [[Σίλβια Πάνκχερστ]], Αγγλίδα σουφραζέτα\n*[[1889]] - [[Βασίλης Ρώτας]], Έλληνας συγγραφέας\n*[[1905]] – [[Φλόιντ Γκόντφρεντσον]], Αμερικανός σχεδιαστής κόμικς\n*[[1919]] - [[Ζιλ Αντριαμαχαζό]], στρατιωτικός από τη Μαδαγασκάρη\n*[[1919]] – [[Γεώργιος Παπαδόπουλος]], Έλληνας δικτάτορας \n*[[1922]] - [[Νταν Γεωργιάδης]], Έλληνας προπονητής ποδοσφαίρου\n*[[1927]] - [[Τσαρλς Ρόζεν]], Αμερικανός πιανίστας και μουσικολόγος\n*[[1933]] - [[Ρατνασίρι Γουικρεμαναγιάκε]], πρωθυπουργός της Σρι Λάνκα\n*[[1935]] – [[Κοραλία Ανδρειάδη]], Ελληνίδα ποιήτρια\n*[[1947]] - [[Μαλάμ Μπακάι Σανιά]], πρόεδρος της Γουινέας-Μπισσάου\n*[[1948]] - [[Μπιλ Γουόρντ]], Άγγλος μουσικός\n*[[1955]] - [[Κώστας Χαριτοδιπλωμένος]], Έλληνας τραγουδοποιός\n*[[1963]] - [[Τζέιμς ΛαΜπρι]], Καναδός τραγουδιστής ([[Dream Theater]])\n*[[1965]] - [[Αλέξανδρος Ρήγας]], Έλληνας ηθοποιός και σκηνοθέτης\n*[[1966]] - [[Σεργκέι Στάνισεφ]], Βούλγαρος πολιτικός\n*[[1976]] – [[Τάσος Πάντος]], Έλληνας ποδοσφαιριστής\n*[[1983]] - [[Χένρι Κάβιλ]], Βρετανός ηθοποιός\n*[[1987]] – [[Μαρίγια Σέστιτς]], Βόσνια τραγουδίστρια\n*[[1988]] – [[Αντέλ]], Αγγλίδα τραγουδίστρια\n\n== Θάνατοι ==\n*[[311]] – [[Γαλέριος]], Ρωμαίος αυτοκράτορας\n*[[984]] - [[Γκέρμπεργκα της Σαξονίας]], βασίλισσα της Γαλλίας\n*[[1198]] - [[Σοφία του Μινσκ]], βασίλισσα της Δανίας\n*[[1309]] - [[Κάρολος Β΄ της Νεαπόλεως|Κάρολος Β΄]], βασιλιάς της Νάπολης\n*[[1426]] - [[Άγιος Εφραίμ της Νέας Μάκρης]]\n*[[1432]] - [[Φραντσέσκο Μπουσσόνε ντα Καρμανιόλα]], Ιταλός τυχοδιώκτης\n*[[1600]] - [[Ζαν Νικό]], Γάλλος διπλωμάτης και λόγιος\n*[[1705]] – [[Λεοπόλδος Α΄ της Αγίας Ρωμαϊκής Αυτοκρατορίας|Λεοπόλδος Α΄]], αυτοκράτορας της Αγίας Ρωμαϊκής Αυτοκρατορίας\n*[[1821]] – [[Ναπολέων Α΄]], Γάλλος στρατιωτικός και πολιτικός ηγέτης\n*[[1827]] – [[Φρειδερίκος-Αύγουστος Α΄ της Σαξωνίας]], βασιλιάς της Σαξωνίας\n*[[1930]] - [[Γεώργιος Μ. Αβέρωφ]], Έλληνας πολιτικός\n*[[1948]] – [[Αλέξανδρος Γκιάλας]], Έλληνας ποιητής\n*[[1965]] – [[Νίκος Γούναρης]], Έλληνας τραγουδιστής\n*[[1977]] – [[Λούντβιγκ Έρχαρντ]], Γερμανός πολιτικός\n*[[1981]] - [[Μπόμπι Σαντς]], Ιρλανδός αγωνιστής\n*[[1984]] - [[Φωκίων Βουνάτσος]], Έλληνας πολιτικός\n*[[1991]] - [[Λευτέρης Κιοσκλής]], Έλληνας πολιτικός\n*[[1993]] - [[Ηλίας Κατριβάνος]], Έλληνας πολιτικός\n*[[1993]] - [[Παναγής Παπαληγούρας]], Έλληνας πολιτικός\n*[[1995]] – [[Μιχαήλ Μποτβίνικ]], Ρώσος σκακιστής\n*[[1999]] – [[Βασίλης Διαμαντόπουλος]], Έλληνας ηθοποιός\n*[[2010]] – [[Ουμάρου Γιαρ Αντούα]], Νιγηριανός πολιτικός\n*[[2017]] - [[Ελί Ουλντ Μοχάμεντ Βαλ]], Μαυριτανός πολιτικός\n\n== Αργίες και εορτές ==\n* {{USA}} - Ημέρα για τις Αγνοούμενες και Δολοφονημένες Αυτόχθονες Γυναίκες και Κορίτσια\n=== [[Ορθόδοξη Εκκλησία]] ===\n{{Πύλη:Ορθοδοξία/Εορτολόγιο/5 Μαΐου}}\n\n{{Μήνες}}\n\n[[Κατηγορία:Ημέρες του έτους]]"}}}]}]}}