{"batchcomplete":true,"query":{"normalized":[{"fromencoded":false,"from":"6_Σεπτεμβρίου","to":"6 Σεπτεμβρίου"}],"pages":[{"pageid":8018,"ns":0,"title":"6 Σεπτεμβρίου","revisions":[{"slots":{"main":{"contentmodel":"wikitext","contentformat":"text/x-wiki","content":"{{5μήνες|μ=9}}\n\n<center>[[5 Σεπτεμβρίου]] | '''6 Σεπτεμβρίου''' | [[7 Σεπτεμβρίου]]</center>\n\n----\nΗ '''6η Σεπτεμβρίου''' είναι η 249η ημέρα του έτους κατά το [[Γρηγοριανό ημερολόγιο]] (250ή σε δίσεκτα έτη). Υπολείπονται 116 ημέρες.\n\n{|width=100%\n| __TOC__\n| {{ΗμερολόγιοΣεΠίνακα|9}}\n|}\n\n== Γεγονότα ==\n*[[394]] - Μάχη του ποταμού Φρίγδου: Ο αυτοκράτορας [[Θεοδόσιος Α΄]] νικά τον σφετεριστή Ευγένιο και τον [[Φράγκοι|Φράγκο]] Αρβογάστη.\n*[[1492]] - Ο [[Χριστόφορος Κολόμβος]] σαλπάρει από τη [[Λα Γκομέρα]] των [[Κανάριες Νήσοι|Καναρίων Νήσων]], το τελευταίο λιμάνι που έπιασε πριν διασχίσει για πρώτη φορά τον [[Ατλαντικός Ωκεανός|Ατλαντικό Ωκεανό]]. \n*[[1522]] - Το ''Victoria'', το μόνο πλοίο που απέμεινε από την αποστολή του [[Φερδινάνδος Μαγγελάνος|Φερδινάνδου Μαγγελάνου]], επιστρέφει στο [[Σανλούκαρ δε Μπαραμέδα]] της [[Ισπανία]]ς και γίνεται το πρώτο [[πλοίο]] που έκανε τον περίπλου του κόσμου.\n*[[1634]] - [[Τριακονταετής Πόλεμος]]: Ο καθολικός [[Αγία Ρωμαϊκή Αυτοκρατορία|αυτοκρατορικός]] στρατός νικά τις προτεσταντικές δυνάμεις της [[Σουηδία]]ς και των συμμάχων της στη μάχη του [[Νέρντλινγκεν]].\n*[[1803]] - Ο [[Αγγλία|Άγγλος]] επιστήμονας [[Τζων Ντάλτον]] αρχίζει να χρησιμοποιεί σύμβολα για να αντιπροσωπεύσει τα άτομα διαφορετικών στοιχείων.\n*[[1847]] - Ο [[Χένρι Ντέιβιντ Θόρω]] αφήνει το Γουόλτεν Ποντ και μετακομίζει στο Κόνκορντ της [[Μασαχουσέτη]]ς.\n*[[1901]] - Ένας άνεργος [[Αναρχισμός|αναρχικός]], ο Λίον Κχόλγκοζ, πυροβολεί και τραυματίζει θανάσιμα τον [[Πρόεδρος των Ηνωμένων Πολιτειών|πρόεδρο των Η.Π.Α.]], [[Ουίλλιαμ ΜακΚίνλεϊ]], στην παναμερικανική έκθεση στο [[Μπάφαλο (Νέα Υόρκη)]]. \n*[[1930]] - Στρατιωτικό πραξικόπημα ανατρέπει τον δημοκρατικά εκλεγμένο πρόεδρο της [[Αργεντινή]]ς, Ιπόλιτο Ιριγόγιεν.\n*[[1939]] - [[Β΄ Παγκόσμιος Πόλεμος]]: Η [[Νότια Αφρική]] κηρύσσει τον πόλεμο στη [[Ναζιστική Γερμανία]].\n*[[1940]] - Ο βασιλιάς [[Κάρολος Β΄ της Ρουμανίας]] παραιτείται και τον διαδέχεται ο γιος του, [[Μιχαήλ της Ρουμανίας]].\n*[[1944]] - [[Β΄ Παγκόσμιος Πόλεμος]]: Η πόλη της [[Υπρ]] στο [[Βέλγιο]] απελευθερώνεται από τις συμμαχικές δυνάμεις.\n*[[1944]] - [[Β΄ Παγκόσμιος Πόλεμος]]: Οι [[Ένωση Σοβιετικών Σοσιαλιστικών Δημοκρατιών|σοβιετικές]] δυνάμεις απελευθερώνουν την πόλη [[Τάρτου]] στην [[Σοβιετική Σοσιαλιστική Δημοκρατία της Εσθονίας|Εσθονία]].\n*[[1955]] - [[Σεπτεμβριανά]]: Οι [[Έλληνες|ελληνικές]], [[Εβραίοι|εβραϊκές]] και [[Αρμένιοι|αρμενικές]] μειονότητες της [[Κωνσταντινούπολη|Κωνσταντινούπολης]] είναι ο στόχος ενός πογκρόμ που υποστηρίζεται από την [[Τουρκία|τουρκική]] κυβέρνηση. Δεκάδες σκοτώνονται στις επακόλουθες ταραχές.\n*[[1966]] - Στο [[Κέιπ Τάουν]] της [[Νότια Αφρική|Νότιας Αφρικής]], ο αρχιτέκτονας του [[απαρτχάιντ]], [[πρωθυπουργός]] [[Χέντρικ Φέρβερντ]], μαχαιρώνεται μέχρι θανάτου κατά τη διάρκεια κοινοβουλευτικής συνεδρίασης.\n*[[1968]] - Το [[Εσουατίνι]] γίνεται ανεξάρτητη χώρα.\n*[[1968]] - Παγκόσμιας σημασίας οι ανασκαφές στη [[Σαντορίνη]] καθώς τα ευρήματα που ήταν θαμμένα μέσα στη στάχτη δίνουν μοναδικές πληροφορίες για την ζωή το 1550 π.Χ.-1520 π.Χ.\n*[[1970]] - [[Παλαιστίνιοι]] [[Τρομοκρατία|τρομοκράτες]], μέλη του [[Λαϊκό Μέτωπο για την Απελευθέρωση της Παλαιστίνης|Λαϊκού Μετώπου για την Απελευθέρωση της Παλαιστίνης]], πραγματοποιούν αεροπειρατεία ταυτόχρονα σε δύο επιβατικά αεροσκάφη από την [[Ευρώπη]] προς τη [[Νέα Υόρκη]] και τα μεταφέρουν στην [[Ιορδανία]].\n*[[1972]] - [[Σφαγή του Μονάχου]]: Εννέα [[Ισραήλ|Ισραηλινοί]] αθλητές (μαζί με έναν [[Γερμανοί|Γερμανό]] αστυνομικό) σκοτώνονται από την [[Παλαιστίνιοι|παλαιστινιακή]] τρομοκρατική ομάδα Μαύρος Σεπτέμβρης, αφού πάρθηκαν όμηροι κατά τους [[Θερινοί Ολυμπιακοί Αγώνες 1972|Ολυμπιακούς Αγώνες του Μονάχου]].\n*[[1991]] - Η [[Ένωση Σοβιετικών Σοσιαλιστικών Δημοκρατιών|Σοβιετική Ένωση]] αναγνωρίζει την ανεξαρτησία των [[Βαλτικά κράτη|Βαλτικών κρατών]]: της [[Εσθονία]]ς, της [[Λετονία]]ς και της [[Λιθουανία]]ς.\n*[[1991]] - Το όνομα [[Αγία Πετρούπολη]] αποκαθίσταται στη δεύτερη μεγαλύτερη πόλη της [[Ρωσία]]ς, αντικαθιστώντας το Λένιγκραντ με το οποίο ήταν γνωστή από το [[1924]].\n*[[1997]] - Πραγματοποιείται στο [[Λονδίνο]] η κηδεία της [[Νταϊάνα, πριγκίπισσα της Ουαλίας|πριγκίπισσας Νταϊάνα]]. Πάνω από 1.000.000 άνθρωποι κατέκλυσαν τους δρόμους και 2,5 δισεκατομμύρια παγκοσμίως παρακολούθησαν την κηδεία στην τηλεόραση.\n*[[2020]] - Ο [[Πιερ Γκασλί|Pierre Gasly]] κάνει την πρώτη του νίκη στην [[Φόρμουλα 1]] στο Grand Prix της Ιταλίας.\n\n== Γεννήσεις ==\n*[[1666]] - [[Ιβάν Ε΄ της Ρωσίας|Ιβάν Ε΄]], τσάρος της Ρωσίας\n*[[1757]] - [[Ζιλμπέρ ντυ Μοτιέ ντε Λα Φαγιέτ]], Γάλλος στρατηγός\n*[[1766]] - [[Τζων Ντάλτον]], Άγγλος χημικός και φυσικός\n*[[1773]] - [[Λογγίνος Χέυδεν]], Ρώσος ναύαρχος\n*[[1852]] - [[Χαράλαμπος Άννινος]], Έλληνας συγγραφέας\n*[[1860]] - [[Λορέντζος Μαβίλης]], Έλληνας ποιητής\n*[[1879]] - [[Γιόζεφ Βιρτ]], Γερμανός πολιτικός\n*[[1879]] - [[Μαξ Σρεκ]], Γερμανός ηθοποιός\n*[[1888]] - [[Τζόζεφ Πάτρικ Κένεντι]], Αμερικανός πολιτικός\n*[[1892]] - [[Έντουαρντ Βίκτορ Άπλετον]], Άγγλος φυσικός\n*[[1906]] - [[Λουίς Φεδερίκο Λελουάρ]], Αργεντινός βιοχημικός\n*[[1913]] - [[Λεονίντας ντα Σίλβα]], Βραζιλιάνος ποδοσφαιριστής\n*[[1923]] - [[Πέτρος Β΄ της Γιουγκοσλαβίας|Πέτρος Β΄]], βασιλιάς της Γιουγκοσλαβίας\n*[[1942]] - [[Ψαραντώνης]], Έλληνας μουσικός\n*[[1943]] - [[Ρότζερ Γουώτερς]], Άγγλος τραγουδιστής και μουσικός ([[Pink Floyd]])\n*[[1944]] - [[Κριστιάν Μπολτανσκί]], Γάλλος καλλιτέχνης\n*[[1948]] - [[Βασίλης Στραβοπόδης]], Έλληνας ποδοσφαιριστής\n*[[1954]] - [[Δημήτρης Κίζας]], Κύπριος ποδοσφαιριστής\n*[[1956]] - [[Σάκαρι Κουόσμανεν]], Φινλανδός ηθοποιός και τραγουδιστής\n*[[1957]] - [[Μικαέλ Ζαν]], γενική κυβερνήτρια του Καναδά\n*[[1957]] - [[Ζοζέ Σόκρατες]], Πορτογάλος πολιτικός\n*[[1963]] - [[Γκερτ Βίλντερς]], Ολλανδός πολιτικός\n*[[1966]] - [[Εμίλ Μποκ]], Ρουμάνος πολιτικός\n*[[1975]] - [[Gala]], Ιταλίδα τραγουδίστρια\n*[[1976]] - [[Αλέν Ραγκουέλ]], Γάλλος ποδοσφαιριστής\n*[[1977]] - [[Νίκος Μουτσινάς]], Έλληνας παρουσιαστής και ηθοποιός \n*[[1978]] - [[Μαρλέν Αγγελίδου]], Ελληνίδα τραγουδίστρια\n*[[1979]] - [[Μιχάλης Αρναούτης]], Έλληνας πυγμάχος\n*[[1987]] - [[Χρήστος Τσακμάκης]], Έλληνας αθλητής\n\n== Θάνατοι ==\n*[[628]] - [[Καβάδης Β΄ της Περσίας|Καβάδης Β΄]], βασιλιάς της Περσίας\n*[[957]] - [[Λιούντολφ της Σουαβίας|Λιούντολφ]], δούκας της Σουαβίας\n*[[972]] - [[Πάπας Ιωάννης ΙΓ΄]]\n*[[1581]] - [[Γκιγιόμ Ποστέλ]], Γάλλος γλωσσολόγος\n*[[1683]] - [[Ζαν Μπατίστ Κολμπέρ]], Γάλλος πολιτικός\n*[[1873]] - [[Ζαν Σακορνάκ]], Γάλλος αστρονόμος\n*[[1907]] - [[Συλί Προυντόμ]], Γάλλος συγγραφέας\n*[[1938]] - [[Αλφόνσος των Αστουριών (1907-1938)]], Ισπανός πρίγκιπας\n*[[1956]] - [[Μάικλ Βέντρις]], Άγγλος αρχιτέκτονας\n*[[1966]] - [[Χέντρικ Φέρβερντ]], Νοτιοαφρικανός πολιτικός\n*[[1978]] - [[Μαξ Ντεκουζί]], Γάλλος αντισφαιριστής\n*[[1998]] - [[Ακίρα Κουροσάβα]], Ιάπωνας σκηνοθέτης\n*[[2002]] - [[Ίλυα Λιβυκού]], Ελληνίδα ηθοποιός\n*[[2004]] - [[Τώνης Γιακωβάκης]], Έλληνας ηθοποιός\n*[[2007]] - [[Λουτσιάνο Παβαρόττι]], Ιταλός τενόρος\n*[[2021]] - [[wikidata:Q24005923|Άντονι Τζόνσον]] Αμερικανός ηθοποιός\n*[[2021]] - [[Ζαν Πολ Μπελμοντό]], Γάλλος ηθοποιός\n\n== Αργίες και εορτές ==\n=== [[Ορθόδοξη Εκκλησία]] ===\n{{Πύλη:Ορθοδοξία/Εορτολόγιο/6 Σεπτεμβρίου}}\n\n{{Μήνες}}\n\n[[Κατηγορία:Ημέρες του έτους]]"}}}]}]}}