{"batchcomplete":true,"query":{"normalized":[{"fromencoded":false,"from":"6_Αυγούστου","to":"6 Αυγούστου"}],"pages":[{"pageid":3005,"ns":0,"title":"6 Αυγούστου","revisions":[{"slots":{"main":{"contentmodel":"wikitext","contentformat":"text/x-wiki","content":"{{Μήνες Αυγούστου}}\n\n<center>[[5 Αυγούστου]] | '''6 Αυγούστου''' | [[7 Αυγούστου]]</center>\n\n----\nΗ '''6η Αυγούστου''' είναι η 218η ημέρα του έτους κατά το [[Γρηγοριανό ημερολόγιο]] (219η σε δίσεκτα έτη). Υπολείπονται 147 ημέρες.\n\n{|width=100%\n| __TOC__\n| {{ΗμερολόγιοΣεΠίνακα|8}}\n|}\n\n== Γεγονότα ==\n*[[1538]] - Ιδρύεται η [[Μπογκοτά]] στην [[Κολομβία]].\n*[[1661]] - Υπογράφεται η Συνθήκη της [[Χάγη]]ς από την [[Πορτογαλία]] και την [[Ολλανδική Δημοκρατία]].\n*[[1806]] – Παραιτείται ο [[Φραγκίσκος Β´ της Αγίας Ρωμαϊκής Αυτοκρατορίας|Φραγκίσκος Β΄]], ο τελευταίος [[αυτοκράτορας της Αγίας Ρωμαϊκής Αυτοκρατορίας]], δίνοντας τέλος στην [[Αγία Ρωμαϊκή Αυτοκρατορία]].\n*[[1825]] – Η [[Βολιβία]] αποκτά την ανεξαρτησία της από την [[Ισπανία]]. \n*[[1861]] - Το [[Ηνωμένο Βασίλειο]] προσαρτά το [[Λάγος]] της [[Νιγηρία]]ς.\n*[[1862]] - [[Αμερικανικός Εμφύλιος Πόλεμος]]: Η [[Συνομόσπονδες Πολιτείες της Αμερικής|συνομόσπονδη]] [[θωρακοβάρις]] CSS ''Arkansas'' αυτοβυθίζεται στον [[Ποταμός Μισσισσιππής|ποταμό Μισσισσιππή]] αφού υπέστη καταστροφική μηχανική βλάβη κοντά στο [[Μπατόν Ρουζ]]. \n*[[1890]] – Στην [[Νέα Υόρκη (πολιτεία)|πολιτεία της Νέας Υόρκης]], ο δολοφόνος Γουίλιαμ Κέμλερ γίνεται ο πρώτος άνθρωπος που [[Θανατική ποινή|εκτελείται]] στην [[ηλεκτρική καρέκλα]].\n*[[1914]] – [[Α΄ Παγκόσμιος Πόλεμος]]: Η [[Σερβία]] κηρύσσει τον πόλεμο στη [[Γερμανία]] και η [[Αυστρία]] κηρύσσει τον πόλεμο στη [[Ρωσία]].\n*[[1926]] - Η [[Γερτρούδη Έντερλε]] γίνεται η πρώτη γυναίκα που διασχίζει τη [[Μάγχη]] κολυμπώντας.\n*[[1940]] - Η [[Ένωση Σοβιετικών Σοσιαλιστικών Δημοκρατιών|Σοβιετική Ένωση]] προσαρτά παράνομα την [[Εσθονία]].\n*[[1945]] – [[Β΄ Παγκόσμιος Πόλεμος]]: [[Ρίψη ατομικής βόμβας στη Χιροσίμα και το Ναγκασάκι|Καταστρέφεται]] η [[Χιροσίμα]] στην [[Ιαπωνία]] μετά τη ρίψη της [[Πυρηνικό όπλο|ατομικής βόμβας]] \"Little Boy\" από το [[Ηνωμένες Πολιτείες Αμερικής|αμερικανικό]] B-29 ''Enola Gay''. Περίπου 70.000 άνθρωποι σκοτώνονται ακαριαία και μερικές δεκάδες χιλιάδες πεθαίνουν τα επόμενα χρόνια από εγκαύματα και επιπτώσεις της [[ραδιενέργεια]]ς.\n*[[1962]] - Η [[Τζαμάικα]] αποκτά την ανεξαρτησία της από το [[Ηνωμένο Βασίλειο]].\n*[[1990]] - [[Πόλεμος του Κόλπου]]: Το [[Συμβούλιο Ασφαλείας Ηνωμένων Εθνών]] αποφασίζει παγκόσμιο εμπορικό εμπάργκο εναντίον του [[Ιράκ]] ως απάντηση στην εισβολή του Ιράκ στο [[Κουβέιτ]]. \n*[[1991]] - Ο [[Τιμ Μπέρνερς Λι]] κυκλοφορεί αρχεία που περιγράφουν την ιδέα του για τον [[Παγκόσμιος Ιστός|Παγκόσμιο Ιστό]]. Το WWW κάνει την πρώτη του εμφάνιση ως δημοσίως διαθέσιμη υπηρεσία στο [[διαδίκτυο]].\n*[[1996]] - Οι [[Ramones]] δίνουν την αποχαιρετιστήρια συναυλία τους στο [[Λος Άντζελες]], [[Καλιφόρνια]].\n*[[1997]] - Η πτήση 801 της Korean Air συντρίβεται στο [[Γκουάμ]], σκοτώνοντας τους 228 από τους 254 επιβαίνοντες.\n*[[2020]] - Υπογράφεται συμμαχία Ελλάδας-Αιγύπτου για την οριοθέτηση Α.Ο.Ζ.\n\n== Γεννήσεις ==\n*[[1644]] – [[Λουίζα ντε λα Βαλλιέρ]], Γαλλίδα ευγενής\n*[[1651]] - [[Καρλ Γκούσταφ Ρένσκιελντ]], Σουηδός στρατιωτικός\n*[[1651]] - [[Φρανσουά Φενελόν]], Γάλλος θεολόγος\n*[[1682]] – [[Λουδοβίκος, δούκας της Βουργουνδίας]]\n*[[1697]] - [[Κάρολος Ζ΄ της Αγίας Ρωμαϊκής Αυτοκρατορίας|Κάρολος Ζ΄]], αυτοκράτορας της Αγίας Ρωμαϊκής Αυτοκρατορίας\n*[[1768]] – [[Ζαν Μπατίστ Μπεσσιέρ]], Γάλλος στρατάρχης\n*[[1775]] - [[Λουδοβίκος της Γαλλίας (1775-1844)|Λουδοβίκος]], βασιλιάς της Γαλλίας\n*[[1809]] - [[Άλφρεντ Τέννυσον]], Άγγλος ποιητής\n*[[1814]] - [[Παναγιώτης Χιώτης]], Έλληνας συγγραφέας\n*[[1859]] - [[Άρτουρ Μπέρσον]], Γερμανός μετεωρολόγος\n*[[1881]] – [[Αλεξάντερ Φλέμινγκ]], Σκωτσέζος επιστήμονας\n*[[1894]] - [[Νίκος Καλλιανέσης]], Έλληνας εκδότης\n*[[1904]] – [[Γιάννης Ντεσσές]], Έλληνας σχεδιαστής μόδας\n*[[1911]] – [[Λουσίλ Μπολ]], Αμερικανίδα ηθοποιός\n*[[1917]] - [[Ρόμπερτ Μίτσαμ]], Αμερικανός ηθοποιός\n*[[1918]] - [[Καγιετάνο Κάρπιο]], πολιτικός από το Ελ Σαλβαδόρ\n*[[1928]] – [[Άντι Γουόρχολ]], Αμερικανός καλλιτέχνης\n*[[1930]] – [[Άμπεϊ Λίνκολν]], Αμερικανίδα τραγουδίστρια και ηθοποιός\n*[[1931]] - [[Ουμπέρτο Λέντσι]], Ιταλός σκηνοθέτης\n*[[1951]] - [[Κριστόφ ντε Μαρζερί]], Γάλλος επιχειρηματίας\n*[[1952]] - [[Λάκης Γαβαλάς]], Έλληνας σχεδιαστής μόδας \n*[[1963]] – [[Κέβιν Μίτνικ]], Αμερικανός χάκερ\n*[[1968]] - [[Μίνως Μάτσας]], Έλληνας συνθέτης\n*[[1979]] - [[Γιώργος Γιαννιάς (τραγουδιστής)|Γιώργος Γιαννιάς]], Έλληνας τραγουδιστής \n*[[1983]] – [[Ρόμπιν Φαν Πέρσι]], Ολλανδός ποδοσφαιριστής\n*[[1985]] – [[Μπαφετιμπί Γκομί]], Γάλλος ποδοσφαιριστής\n\n== Θάνατοι ==\n*[[258]] – [[Πάπας Σίξτος Β΄]]\n*[[523]] – [[Πάπας Ορμίσδας]]\n*[[1027]] - [[Ριχάρδος Γ΄ της Νορμανδίας|Ριχάρδος Γ΄]], δούκας της Νορμανδίας\n*[[1162]] – [[Ραϋμόνδος Βερεγγάριος Δ΄ της Βαρκελώνης|Ραϋμόνδος Βερεγγάριος Δ΄]], κόμης της Βαρκελώνης\n*[[1195]] - [[Ερρίκος ο Λέων]], δούκας της Σαξονίας και της Βαυαρίας\n*[[1272]] – [[Στέφανος Ε΄ της Ουγγαρίας|Στέφανος Ε΄]], βασιλιάς της Ουγγαρίας\n*[[1384]] - [[Φραντσέσκο Α΄ Γκαττιλούζι]], άρχοντας της Λέσβου\n*[[1414]] – [[Λαδίσλαος Α΄ της Νάπολης|Λαδίσλαος Α΄]], βασιλιάς της Νάπολης\n*[[1458]] – [[Πάπας Κάλλιστος Γ΄]]\n*[[1520]] - [[Κουνιγούνδη της Αυστρίας]], δούκισσα της Βαυαρίας\n*[[1530]] - [[Τζάκοπο Σαννατσάρο]], Ιταλός ποιητής\n*[[1553]] – [[Τζιρόλαμο Φρακαστόρο]], Ιταλός ιατρός\n*[[1637]] – [[Μπεν Τζόνσον (δραματικός ποιητής)|Μπεν Τζόνσον]], Άγγλος συγγραφέας\n*[[1657]] – [[Μπογκντάν Χμελνίτσκι]], Κοζάκος ηγέτης\n*[[1660]] – [[Ντιέγο Βελάθκεθ]], Ισπανός ζωγράφος\n*[[1660]] - [[Τζοβάνι Μπατίστα Οντιέρνα]], Ιταλός αστρονόμος\n*[[1865]] - [[Αλέξανδρος Μαυροκορδάτος]], Έλληνας πολιτικός\n*[[1870]] - [[Γερακίνα (λαογραφία)|Γερακίνα]], Ελληνίδα θρυλική μορφή\n*[[1916]] - [[Μιχαήλ Θεοτόκης]], Έλληνας πολιτικός\n*[[1969]] – [[Τέοντορ Αντόρνο]], Γερμανός κοινωνιολόγος και φιλόσοφος\n*[[1970]] – [[Νίκος Τσιφόρος]], Έλληνας σεναριογράφος και σκηνοθέτης\n*[[1973]] – [[Φουλχένσιο Μπατίστα]], Κουβανός δικτάτορας\n*[[1978]] – [[Πάπας Παύλος ΣΤ΄]]\n*[[1979]] - [[Φέοντορ Λίνεν]], Γερμανός βιοχημικός\n*[[1980]] - [[Μαρίνο Μαρίνι]], Ιταλός γλύπτης\n*[[1983]] – [[Κλάους Νόμι]], Γερμανός τραγουδιστής\n*[[1983]] – [[Μιχάλης Ρούσσος]], Έλληνας δημοσιογράφος\n*[[1994]] – [[Ντομένικο Μοντούνιο]], Ιταλός τραγουδιστής και πολιτικός\n*[[1999]] – [[Ρίτα Σακελλαρίου]], Ελληνίδα τραγουδίστρια\n*[[2001]] - [[Χόρχε Αμάντο]], Βραζιλιάνος συγγραφέας\n*[[2002]] – [[Έντσγκερ Ντάικστρα]], Ολλανδός επιστήμονας πληροφορικής\n*[[2005]] - [[Τάσος Μήνης]], Έλληνας στρατιωτικός και αντιστασιακός\n*[[2005]] – [[Κέτερ Μπετς]], Αμερικανός μπασίστας\n*[[2012]] – [[Λευτέρης Βερυβάκης]], Έλληνας πολιτικός\n*[[2015]] - [[Κώστας Βίρβος]], Έλληνας στιχουργός\n\n== Αργίες και εορτές ==\n=== [[Ορθόδοξη Εκκλησία]] ===\n{{Πύλη:Ορθοδοξία/Εορτολόγιο/6 Αυγούστου}}\n\n{{Μήνες}}\n\n[[Κατηγορία:Ημέρες του έτους]]"}}}]}]}}