{"batchcomplete":true,"query":{"normalized":[{"fromencoded":false,"from":"6_Ιουλίου","to":"6 Ιουλίου"}],"pages":[{"pageid":2852,"ns":0,"title":"6 Ιουλίου","revisions":[{"slots":{"main":{"contentmodel":"wikitext","contentformat":"text/x-wiki","content":"{{χωρίς παραπομπές}}\n\n{{Μήνες Ιουλίου}}\n\n<center>[[5 Ιουλίου]] | '''6 Ιουλίου''' | [[7 Ιουλίου]]</center>\n\n----\nΗ '''6η Ιουλίου''' είναι η 187η ημέρα του έτους κατά το [[Γρηγοριανό ημερολόγιο]] (188η σε δίσεκτα έτη). Υπολείπονται 178 ημέρες.\n\n{|width=100%\n| __TOC__\n| {{ΗμερολόγιοΣεΠίνακα|7}}\n|}\n\n== Γεγονότα ==\n*[[371 π.Χ.]] – [[Μάχη των Λεύκτρων]]: Οι [[Θήβα|Θηβαίοι]], υπό τον [[Επαμεινώνδας|Επαμεινώνδα]], νικούν τους [[Αρχαία Σπάρτη|Σπαρτιάτες]] του [[Κλεόμβροτος Α΄|Κλεόμβροτου Α΄]]. \n*[[640]] - Ο [[Μουσουλμάνος|μουσουλμανικός]] [[Αραβία|αραβικός]] στρατός νικά τις [[Βυζαντινή Αυτοκρατορία|βυζαντινές]] δυνάμεις στη μάχη της [[Ηλιούπολις|Ηλιούπολης]] στην [[Διοίκηση Αιγύπτου|Αίγυπτο]].\n*[[1189]] – Ο [[Ριχάρδος ο Λεοντόκαρδος]] γίνεται βασιλιάς της [[Αγγλία]]ς.\n*[[1348]] - Ο Πάπας Κλήμης ΣΤ΄ εκδίδει παπική βούλα προστατεύοντας τους [[Εβραίοι|Εβραίους]] από την [[Αντισημιτισμός|κατηγορία]] ότι προκάλεσαν τη [[Μαύρη πανώλη]]. \n*[[1411]] - Ο ναύαρχος της [[Δυναστεία Μινγκ|Δυναστείας των Μινγκ]], [[Τσενκ Χι]], επιστρέφει στη [[Ναντσίνγκ]] από το τρίτο ταξίδι του.\n*[[1415]] - Καίγεται στην πυρά ως αιρετικός ο [[Γιαν Χους]].\n*[[1483]] – Ο [[Ριχάρδος Γ΄ της Αγγλίας|Ριχάρδος Γ΄]] στέφεται βασιλιάς της [[Αγγλία]]ς.\n*[[1535]] - Ο [[Τόμας Μορ]] εκτελείται για [[προδοσία]] εναντίον του βασιλιά [[Ερρίκος Η΄ της Αγγλίας|Ερρίκου Η΄ της Αγγλίας]].\n*[[1573]] - Ο Χερόνιμο Λουίς ντε Καμπρέρα ιδρύει την πόλη [[Κόρδοβα (Αργεντινή)|Κόρδοβα]] στην [[Αργεντινή]].\n*[[1630]] – [[Τριακονταετής Πόλεμος]]: τα [[Σουηδία|σουηδικά]] στρατεύματα του Γουστάβου Αδόλφου πραγματοποιούν απόβαση στην [[Πομερανία]] της [[Γερμανία]]ς.\n*[[1751]] - Ο Πάπας Βενέδικτος ΙΔ΄ καταργεί το Πατριαρχείο της Ακουιλήιας και ιδρύει την Αρχιεπισκοπή του [[Ούντινε]] και της [[Γκορίτσια]].\n*[[1779]] - Κατά τη διάρκεια της [[Αμερικανική Επανάσταση|Αμερικανικής Επανάστασης]], οι [[Γαλλία|γαλλικές]] ναυτικές δυνάμεις νικούν τις [[Μεγάλη Βρετανία|βρετανικές]] στη [[Γρενάδα]]. \n*[[1801]] - [[Ναυμαχία της Αλχεθίρας]]: τα πλοία του [[Γαλλία|γαλλικού]] ναυτικού νικούν το [[Μεγάλη Βρετανία|βρετανικό]] βασιλικό ναυτικό στο οχυρωμένο [[Ισπανία|ισπανικό]] λιμάνι της [[Αλχεθίρας]].\n*[[1819]] - Η [[Σοφί Μπλανσάρ]] γίνεται η πρώτη γυναίκα που σκοτώνεται σε αεροπορικό δυστύχημα, όταν το [[αερόστατο|αερόστατό]] της παίρνει φωτιά κατά την διάρκεια επιδείξεων στο [[Παρίσι]].\n* [[1827]] – [[Αγγλία]], [[Γαλλία]] και [[Ρωσία]] υπογράφουν τη [[Συνθήκη του Λονδίνου (1827)|Συνθήκη του Λονδίνου]] για τη σύσταση ελληνικού κράτους. Στην [[Τουρκία]] επιβάλλεται η αποδοχή της Αυτονομίας της Ελλάδας, η προστασία των Ελλήνων και η διμερής κατάπαυση των εχθροπραξιών. Η μη συμμόρφωση της Τουρκίας είχε ως αποτέλεσμα την αποστολή των τριών Στόλων στα ελληνικά ύδατα και στη συνέχεια τη [[Ναυμαχία του Ναυαρίνου]].\n* [[1921]] – Ο Ελληνικός Στρατός (Γ΄ ΣΣ), μετά από σκληρή και αποφασιστική μάχη καταλαμβάνει το [[Δορύλαιο]] (Εσκί Σεχίρ) της Μικράς Ασίας.\n* [[1947]] – [[Ισπανία]]: Εθνικό δημοψήφισμα επικυρώνει νόμο περί διαδοχής και παλινόρθωσης βασιλευομένης δημοκρατίας.\n*[[1964]] - Η Νυασαλάνδη γίνεται ανεξάρτητη από τη Βρετανία και αποκτά το όνομα [[Μαλάουι]].\n*[[1965]] - Ένας νεκρός, εννέα τραυματίες και εκτεταμένες υλικές ζημιές από ισχυρό [[Σεισμός|σεισμό]] στην περιοχή της [[Άμφισσα]]ς και στην [[Δήμος Αιγιαλείας|Αιγιαλεία]].\n*[[1975]] - Οι [[Κομόρες]] γίνονται ανεξάρτητες από τη Γαλλία.\n\n== Γεννήσεις ==\n*[[1747]] – [[Τζον Πωλ Τζόουνς]], ήρωας της Αμερικανικής Επανάστασης\n*[[1782]] – [[Μαρία Λουίζα της Ισπανίας, δούκισσα της Λούκκα]], βασίλισσα της Ετρουρίας\n*[[1789]] – [[Μαρία Ισαβέλλα της Ισπανίας]], βασίλισσα της Ισπανίας\n*[[1796]] – [[Νικόλαος Α΄ της Ρωσίας|Νικόλαος Α΄]], τσάρος της Ρωσίας\n*[[1832]] – [[Μαξιμιλιανός Α΄ του Μεξικού|Μαξιμιλιανός Α΄]], αυτοκράτορας του Μεξικού\n*[[1859]] – [[Καρλ Γκούσταφ Βέρνερ φον Χάιντενσταμ]], Σουηδός συγγραφέας\n*[[1877]] - [[Νιθέτο Αλκαλά-Θαμόρα]], Ισπανός πολιτικός\n*[[1885]] – [[Ερνστ Μπους]], Γερμανός στρατάρχης\n*[[1899]] - [[Σουζάνα Μούσατ Τζόουνς]], Αμερικανίδα υπεραιωνόβια\n*[[1905]] - [[Χουάν Ο'Γκόρμαν]], Μεξικανός αρχιτέκτονας\n*[[1907]] – [[Φρίντα Κάλο]], Μεξικανή ζωγράφος\n*[[1914]] – [[Βινς Μακμάν Sr.]], Αμερικανός επιχειρηματίας\n*[[1921]] - [[Νάνσυ Ρίγκαν]], Αμερικανίδα ηθοποιός και πρώτη κυρία των Η.Π.Α.\n*[[1923]] - [[Βόιτσεχ Γιαρουζέλσκι]], Πολωνός πολιτικός\n*[[1925]] – [[Μπιλ Χάλεϊ]], Αμερικανός τραγουδιστής (Bill Haley & His Comets)\n*[[1932]] – [[Χέρμαν Χέρτζμπεργκερ]], Ολλανδός αρχιτέκτονας\n*[[1935]] - [[Τενζίν Γκιάτσο]], 14ος Δαλάι Λάμα\n*[[1937]] - [[Μάικλ Σάτα]], πρόεδρος της Ζάμπιας\n*[[1939]] - [[Άννα Φόνσου]], Ελληνίδα ηθοποιός\n*[[1940]] – [[Νουρσουλτάν Ναζαρμπάγιεφ]], πρόεδρος του Καζακστάν\n*[[1941]] - [[Αντώνης Αντάπασης]], Έλληνας νομικός\n*[[1946]] – [[Τζορτζ Μπους (νεότερος)]], 43ος πρόεδρος των Η.Π.Α.\n*[[1946]] – [[Σιλβέστερ Σταλόνε]], Αμερικανός ηθοποιός\n*[[1950]] – [[Τζον Μπερν]], Άγγλος συγγραφέας και εικονογράφος\n*[[1951]] – [[Τζέφρεϊ Ρας]], Αυστραλός ηθοποιός\n*[[1959]] – [[Ρισάρ Ντακουρί]], Γάλλος καλαθοσφαιριστής\n*[[1959]] - [[Δημήτρης Παπαδημητρίου (μουσικός)|Δημήτρης Παπαδημητρίου]], Έλληνας συνθέτης\n*[[1975]] – [[50 Cent]], Αμερικανός ράπερ\n*[[1977]] – [[Κωνσταντίνος Μπλάτσης]], Αυστραλός ποδοσφαιριστής\n*[[1980]] – [[Πάου Γκασόλ]], Ισπανός καλαθοσφαιριστής\n*[[1983]] - [[Ευγενία Καράγιωργα]], Ελληνίδα χειροσφαιρίστρια\n\n== Θάνατοι ==\n*[[371 π.Χ.]] - [[Κλεόμβροτος Α΄]], βασιλιάς της Σπάρτης\n*[[918]] - [[Γουλιέλμος Α΄ της Ακουιτανίας|Γουλιέλμος Α΄]], δούκας της Ακουιτανίας\n*[[1189]] – [[Ερρίκος Β΄ της Αγγλίας|Ερρίκος Β΄]], βασιλιάς της Αγγλίας\n*[[1218]] – [[Εύδης Γ΄ της Βουργουνδίας|Εύδης Γ΄]], δούκας της Βουργουνδίας\n*[[1249]] – [[Αλέξανδρος Β΄ της Σκωτίας|Αλέξανδρος Β΄]], βασιλιάς της Σκωτίας\n*[[1415]] – [[Γιαν Χους]], Τσέχος ιερέας και φιλόσοφος\n*[[1476]] – [[Ρεγιομοντάνος]], Γερμανός αστρονόμος\n*[[1511]] - [[Αδόλφος Γ΄ του Νασσάου-Βήσμπαντεν]], Γερμανός ευγενής\n*[[1533]] – [[Λοντοβίκο Αριόστο]], Ιταλός ποιητής\n*[[1535]] - [[Τόμας Μορ]], Άγγλος συγγραφέας και πολιτικός\n*[[1553]] - [[Εδουάρδος ΣΤ΄ της Αγγλίας|Εδουάρδος ΣΤ΄]], βασιλιάς της Αγγλίας\n*[[1566]] - [[Άγιος Κύριλλος ο οσιομάρτυρας ο Θεσσαλονικεύς]], Έλληνας μοναχός και μάρτυρας \n*[[1641]] - [[Λουδοβίκος του Σουασόν|Λουδοβίκος]], κόμης του Σουασόν\n*[[1819]] - [[Σοφί Μπλανσάρ]], Γαλλίδα αεροναυτικός\n*[[1854]] – [[Γκέοργκ Ωμ]], Γερμανός φυσικός\n*[[1893]] – [[Γκυ ντε Μωπασσάν]], Γάλλος συγγραφέας\n*[[1904]] - [[Δημήτριος Ζαγγογιάννης]], Έλληνας παιδαγωγός\n*[[1915]] - [[Λόρενς Χάργκρεϊβ]], Αυστραλός μηχανικός\n*[[1916]] - [[Αρχιεπίσκοπος Κύπρου Κύριλλος Β΄]]\n*[[1934]] - [[Νέστορ Μαχνό]], Ουκρανός αναρχικός\n*[[1959]] – [[Τζορτζ Γκρος]], Γερμανός ζωγράφος\n*[[1961]] – [[Κωνσταντίνος Λογοθετόπουλος]], Έλληνας πολιτικός\n*[[1962]] – [[Γουίλιαμ Φώκνερ]], Αμερικανός συγγραφέας\n*[[1971]] – [[Λούις Άρμστρονγκ]], Αμερικανός τραγουδιστής και μουσικός\n*[[1975]] - [[Ιωάννης Πιτσίκας]], Έλληνας στρατιωτικός και πολιτικός\n*[[1983]] - [[Στυλιανός Λέφας]], Έλληνας πολιτικός\n*[[1985]] - [[Αλέξανδρος Τσάτσος]], Έλληνας βιομήχανος και επιχειρηματίας\n*[[1999]] - [[Χοακίν Ροδρίγο]], Ισπανός συνθέτης\n*[[2000]] - [[Λάζαρ Κολισέφσκι]], Σέρβος πολιτικός\n*[[2010]] - [[Γιάννης Παπασπύρου]], Έλληνας πολιτικός\n*[[2019]] - [[Κάμερον Μπόις]], Αμερικάνος ηθοποιός.\n*[[2019]] - [[Κατερίνα Μαριδάκη-Κασσωτάκη]] Ελληνίδα καθηγήτρια ψυχολογίας στο τμήμα Οικιακής Οικονομίας και Οικολογίας του Χαροκοπείου Πανεπιστημίου και συγγραφέας.\n\n== Αργίες και εορτές ==\n* Παγκόσμια Ημέρα συνεργασίας.\n\n=== [[Ορθόδοξη Εκκλησία]] ===\n{{Πύλη:Ορθοδοξία/Εορτολόγιο/6 Ιουλίου}}\n\n\n{{Μήνες}}\n\n[[Κατηγορία:Ημέρες του έτους]]"}}}]}]}}