{"batchcomplete":true,"query":{"normalized":[{"fromencoded":false,"from":"6_Ιουνίου","to":"6 Ιουνίου"}],"pages":[{"pageid":1931,"ns":0,"title":"6 Ιουνίου","revisions":[{"slots":{"main":{"contentmodel":"wikitext","contentformat":"text/x-wiki","content":"{{Μήνες Ιουνίου}}\n\n<center>[[5 Ιουνίου]] | '''6 Ιουνίου''' | [[7 Ιουνίου]]</center>\n\n----\n\nΗ '''6η Ιουνίου''' είναι η 157η ημέρα του έτους κατά το [[Γρηγοριανό ημερολόγιο|Γρηγοριανό Ημερολόγιο]] (158η σε δίσεκτα έτη). Υπολείπονται 208 ημέρες.\n\n{{ΗμερολόγιοΣεΠίνακα|6}}\n\n==Γεγονότα==\n*[[913]] - Ο αυτοκράτορας [[Αλέξανδρος (Βυζαντινός αυτοκράτορας)|Αλέξανδρος]] πεθαίνει από την εξάντληση ενώ παίζει [[Τζυκανιστήριο|τζυκάνιο]] ([[Βυζαντινή Αυτοκρατορία|βυζαντινή]] ονομασία για το [[Πόλο με άλογα|πόλο]]). Τον διαδέχεται ο 8χρονος ανιψιός του, [[Κωνσταντίνος Ζ΄]]. \n*[[1513]] – Μάχη της [[Νοβάρα]]: Τα [[Ελβετία|ελβετικά]] στρατεύματα νικούν τους [[Γαλλία|Γάλλους]] αναγκάζοντάς τους να εγκαταλείψουν το [[Μιλάνο]]. Αποκαθίσταται ο δούκας [[Μαξιμιλιανός Σφόρτσα]].\n*[[1523]] – Ο [[Σουηδία|Σουηδός]] αντιβασιλέας [[Γουσταύος Α΄ της Σουηδίας|Γουσταύος Α΄]] εκλέγεται βασιλιάς της Σουηδίας, σηματοδοτώντας το τέλος της [[Ένωση του Κάλμαρ|Ένωσης του Κάλμαρ]]. Αυτή είναι η ημέρα της Εθνικής Εορτής της Σουηδίας.\n*[[1644]] – Οι δυνάμεις των [[Μαντσού]] της [[Δυναστεία Τσινγκ|δυναστείας Τσινγκ]], υπό την ηγεσία του [[Αυτοκράτορας Σουντσί|αυτοκράτορα Σουντσί]], καταλαμβάνουν το [[Πεκίνο]] κατά την κατάρρευση της [[Δυναστεία Μινγκ|δυναστείας των Μινγκ]].\n*[[1654]] - Η βασίλισσα [[Χριστίνα της Σουηδίας]] παραιτείται από το [[Σουηδία|σουηδικό]] θρόνο και τη διαδέχεται ο ξάδελφός της, [[Κάρολος Ι΄ Γουσταύος της Σουηδίας]].\n*[[1674]] - Ο Σιβάτζι στέφεται [[Αυτοκρατορία των Μαράτα|αυτοκράτορας των Μαράτα]].\n*[[1762]] - [[Επταετής Πόλεμος]]: Οι [[Μεγάλη Βρετανία|βρετανικές]] δυνάμεις αρχίζουν την πολιορκία της [[Αβάνα]]ς στην [[Κούβα]] και καταλαμβάνουν προσωρινά την πόλη.\n*[[1808]] - Ο αδελφός του [[Ναπολέων Α΄|Ναπολέοντα]], [[Ιωσήφ Βοναπάρτης]], γίνεται [[Μοναρχία της Ισπανίας|βασιλιάς της Ισπανίας]].\n*[[1809]] – Η [[Σουηδία]] δημοσιεύει νέο [[Σύνταγμα]], το οποίο αποκαθιστά την πολιτική εξουσία στο κοινοβούλιο μετά από 20 χρόνια [[Πεφωτισμένη δεσποτεία|πεφωτισμένης δεσποτείας]]. Ταυτόχρονα, εκλέγεται ο [[Κάρολος ΙΓ΄ της Σουηδίας]] για να διαδεχθεί τον [[Γουσταύος Δ΄ Αδόλφος της Σουηδίας|Γουσταύο Δ΄ Αδόλφο]] ως βασιλιάς της Σουηδίας.\n*[[1822]] – Ο [[Κωνσταντίνος Κανάρης]] πυρπολεί την [[Οθωμανική Αυτοκρατορία|οθωμανική]] ναυαρχίδα στη [[Χίος|Χίο]], παίρνοντας εκδίκηση για τη [[Σφαγή της Χίου]]. Σκοτώνονται 2.000 Οθωμανοί ναυτικοί και αξιωματικοί, μεταξύ των οποίων και ο ναύαρχος Καρά Αλής.\n* [[1859]] – Κατοχυρώνεται νομικά από τη βασίλισσα Βικτωρία ως ανεξάρτητη αποικία το [[Κουίνσλαντ]] στην [[Αυστραλία]].\n* [[1862]] – Κατά τον [[Αμερικανικός Εμφύλιος Πόλεμος|Αμερικανό Εμφύλιο]], η [[Ένωση (Αμερικανικός Εμφύλιος Πόλεμος)|Ένωση]] καταλαμβάνει το [[Μέμφις (Τενεσσί)|Μέμφις]] του [[Τενεσί]].\n* [[1910]] – Ο Ζαν Σαρκό επιστρέφει απογοητευμένος στη Γαλλία, επειδή δεν κατάφερε να φτάσει στο Νότιο Πόλο.\n* [[1912]] – Καταγράφεται η πρώτη έκρηξη του ηφαιστείου Νοβαράπτα της [[Αλάσκα]].\n* [[1918]] – Κατά τη διάρκεια του [[ΑΠΠ|Α΄ Παγκοσμίου Πολέμου]] αρχίζει η μάχη του Μπελό Γουντ.\n* [[1923]] – Στη Διάσκεψη της [[Λωζάνη]]ς καθορίζονται οριστικά τα ελληνοτουρκικά σύνορα. Σύνορο μεταξύ Ελλάδας και Τουρκίας ορίζεται το μέσο του ρου του ποταμού [[Έβρος (Θράκη)|Έβρου]]. Η [[Άγκυρα]] ανακαλεί κάθε αντίρρηση για παραχώρηση στην [[Ιταλία]] του Καστελόριζου.\n* [[1925]] – Ιδρύεται η αυτοκινητοβιομηχανία Chrysler.\n* [[1929]] – Παραιτείται η κυβέρνηση Βενιζέλου, προκειμένου να ανασχηματισθεί.\n* [[1933]] – Ανοίγει τις πύλες του ο πρώτος drive-in κινηματογράφος, στο [[Κάμντεν (Νιου Τζέρσεϊ)|Κάμντεν]] του [[Νιου Τζέρσεϊ]].\n* [[1933]] – Nέα δολοφονική απόπειρα κατά του [[Ελευθέριος Βενιζέλος|Ελευθερίου Βενιζέλου]], αυτή τη φορά στην [[Αθήνα]], την ώρα που βρίσκεται μαζί με τη σύζυγό του Έλενα στο αυτοκίνητο.\n* [[1940]] – Στη [[Νορβηγία]], οι Σύμμαχοι αναγκάζονται να [[Επιχείρηση Αλφάβητος|εκκενώσουν το Νάρβικ]].\n* [[1942]] – Κατά τη διάρκεια του [[ΒΠΠ|Β΄ Παγκοσμίου Πολέμου]] οι [[Ναζί]] [[Σφαγή του Λίντιτσε|καίνε το τσεχικό χωριό Λίντετσε]] ως αντίποινα για τη [[Δολοφονία Ράινχαρντ Χάιντριχ|δολοφονία]] του στρατηγού των [[SS]] [[Ράινχαρντ Χάιντριχ]].\n* [[1944]] – [[Απόβαση της Νορμανδίας]]: Οι σύμμαχοι αποβιβάζονται στη Νορμανδία και αρχίζει η μεγάλη επίθεση.\n* [[1946]] – Ιδρύεται το ΒΑΑ και διοργανώνει το πρώτο Επαγγελματικό Πρωτάθλημα Μπάσκετ Αμερικής.\n* [[1949]] – Νέος αρχιεπίσκοπος Αθηνών εκλέγεται ο μητροπολίτης Ιωαννίνων [[Αρχιεπίσκοπος Σπυρίδων|Σπυρίδων]].\n* [[1949]] – Ο [[Τζωρτζ Όργουελ]] εκδίδει το δυστοπικό μυθιστόρημα ''Χίλια Εννιακόσια Ογδόντα Τέσσερα''.\n* [[1950]] – Η Πολωνία και η Λαοκρατική Δημοκρατία της Γερμανίας αναγνωρίζουν τη γραμμή Όντερ-Νάισε ως τα νέα «σύνορα ειρήνης» ανάμεσα στις δύο χώρες.\n*[[1968]] - Δολοφονία του [[Ρόμπερτ Κένεντι]]: Ο Ρόμπερτ Κένεντι, γερουσιαστής του [[Δημοκρατικό Κόμμα (ΗΠΑ)|Δημοκρατικού Κόμματος]] από τη [[Νέα Υόρκη]] και αδελφός του 35ου προέδρου [[Τζον Φιτζέραλντ Κένεντι]], υποκύπτει στα τραύματά του από τους πυροβολισμούς που δέχθηκε στις [[5 Ιουνίου]].\n* [[1971]] – Εκτοξεύεται στο διάστημα ο ρωσικός πύραυλος ''[[Σογιούζ 11]]''.\n* [[1971]] – Ο Ραμόν Κρουζ εκλέγεται Πρόεδρος της [[Ονδούρα]]ς.\n* [[1972]] – Στη [[Ροδεσία]], υπόγεια έκρηξη προκαλεί το θάνατο 422 ανθρακωρύχων.\n* [[1974]] – Δημοσιεύεται το νομικό έγγραφο με το οποίο η [[Σουηδία]] γίνεται κοινοβουλευτική Μοναρχία.\n* [[1981]] – 800 είναι οι νεκροί στο χειρότερο σιδηροδρομικό δυστύχημα του κόσμου, στο [[Μπιχάρ]] της Ινδίας.\n* [[1987]] – Η [[Στέφι Γκραφ]], 9 ημέρες πριν κλείσει τα 18, γίνεται η νεότερη παγκόσμια πρωταθλήτρια του Ρολάν Γκαρός με τη νίκη της στον τελικό επί της [[Μαρτίνα Ναβρατίλοβα]] με 6-4, 4-6, 8-6.\n* [[1991]] – 8 νεκροί, 128 τραυματίες και πολλές συλλήψεις είναι ο τραγικός απολογισμός των πανηγυρισμών για την πρώτη επιτυχία της [[Χιλή]]ς στο Κόπα Λιμπερταδόρες μετά τη νίκη της Κόλο-Κόλο επί της Ολίμπια της [[Παραγουάη]]ς με 3-0 μπροστά σε 65.000 θεατές στο [[Σαντιάγο]].\n* [[1993]] – Στη [[Γουατεμάλα]] νέος Πρόεδρος εκλέγεται ο Ραμίρο ντε Λεόν Κάρπιο.\n* [[1993]] – Στη [[Λιβερία]] το Πατριωτικό Εθνικό Μέτωπο εξαπολύει σφοδρή επίθεση εναντίον των εγκαταστάσεων της εταιρίας ''Firestone'', με αποτέλεσμα να σκοτωθούν 250 άμαχοι.\n* [[1994]] – Κινέζικο αεροσκάφος Τουπόλεφ συντρίβεται λίγα λεπτά μετά την απογείωση του, κοντά στην πόλη Σιάν, με αποτέλεσμα να χάσουν τη ζωή τους 146 επιβάτες και το 14μελές πλήρωμα.\n* [[1995]] – Η Νότια Αφρική καταργεί τη θανατική ποινή.\n* [[1996]] – Στην [[Τσεχία]], ο Πρόεδρος Χάβελ δίνει εντολή σχηματισμού κυβέρνησης στον [[Βάτσλαβ Κλάους]].\n* [[1999]] – Ο Αντρέ Αγκάσι κερδίζει το Roland Garros και γίνεται ο πρώτος τενίστας που κατακτά και τα τέσσερα τουρνουά του Grand Slam (Wimbledon 1992, US Open 1994, Australian Open 1995) μετά από 30 χρόνια ισοφαρίζοντας το ρεκόρ των Donald Budge (1938), Fred Perry (1934), Roy Emerson (1964) και Rod Laver (1969).\n* [[1999]] – Ολοκληρώνεται το Eurobasket γυναικών, που διεξάγεται στο [[Κατοβίτσε]] της [[Πολωνία]]ς. Η Πολωνία ανακηρύσσεται για πρώτη φορά στην ιστορία της πρωταθλήτρια Ευρώπης κερδίζοντας στον τελικό τη Γαλλία με 59-56.\n\n==Γεννήσεις==\n*[[1436]] – [[Ρεγιομοντάνος]], Γερμανός μαθηματικός και αστρονόμος\n*[[1471]] - [[Ιάκωβος Β΄ της Βάδης]], αρχιεπίσκοπος-εκλέκτορας του Τρηρ\n*[[1511]] - [[Γιάκομπ Σεγκ]], Γερμανός φιλόσοφος\n*[[1584]] - [[Γιουάν Τσονγκχουάν]], Κινέζος στρατηγός\n*[[1606]] – [[Πιερ Κορνέιγ]], Γάλλος συγγραφέας\n*[[1714]] – [[Ιωσήφ Α΄ της Πορτογαλίας|Ιωσήφ Α΄]], βασιλιάς της Πορτογαλίας\n*[[1749]] - [[Νικόδημος ο Αγιορείτης]], Έλληνας ασκητής\n*[[1772]] – [[Μαρία Θηρεσία της Νάπολης και της Σικελίας]], αυτοκράτειρα της Αγίας Ρωμαϊκής Αυτοκρατορίας\n*[[1799]] – [[Αλεξάντρ Σεργκέγεβιτς Πούσκιν]], Ρώσος ποιητής\n*[[1850]] – [[Καρλ Φέρντιναντ Μπράουν]], Γερμανός φυσικός \n*[[1851]] - [[Άντζελο Μοριόντο]], Ιταλός εφευρέτης \n*[[1868]] – [[Ρόμπερτ Φάλκον Σκοτ]], Άγγλος εξερευνητής\n*[[1875]] – [[Τόμας Μαν]], Γερμανός συγγραφέας\n*[[1891]] - [[Έριχ Μαρκς]], Γερμανός στρατηγός\n*[[1896]] – [[Χένρι Όλιγχαμ]], Άγγλος υπεραιωνόβιος\n*[[1900]] – [[Μάνφρεντ Σάκελ]], Πολωνός ψυχίατρος\n*[[1901]] - [[Σουκάρνο]], Ινδονήσιος πολιτικός\n*[[1903]] – [[Αράμ Χατσατουριάν]], Αρμένιος συνθέτης\n*[[1905]] - [[Μίνως Ζώτος]], Έλληνας ποιητής\n*[[1905]] - [[Χαράλαμπος Φραγκίστας]], Έλληνας πολιτικός\n*[[1909]] – [[Αϊζάια Μπερλίν]], Ρώσος φιλόσοφος\n*[[1916]] – [[Αμανί Ντιορί]], πρόεδρος του Νίγηρα\n*[[1918]] - [[Μάρτιν Έσλιν]], Ούγγρος δραματουργός\n*[[1925]] - [[Μαξίν Κούμιν]], Αμερικανίδα συγγραφέας\n*[[1927]] - [[Ελίγια Μουντέντα]], πρωθυπουργός της Ζάμπιας\n*[[1930]] - [[Γαλάτεια Γρηγοριάδου-Σουρέλη]], Ελληνίδα συγγραφέας\n*[[1931]] - [[Κική Δημουλά]], Ελληνίδα ποιήτρια\n*[[1934]] – [[Αλβέρτος Β΄ του Βελγίου|Αλβέρτος Β΄]], βασιλιάς του Βελγίου\n*[[1944]] - [[Τόμι Σμιθ]], Αμερικανός αθλητής\n*[[1947]] - [[Άντα Κοκ]], Ολλανδέζα κολυμβήτρια\n*[[1949]] – [[Γιάννης Μαντζουράκης]], Έλληνας ποδοσφαιριστής και προπονητής\n*[[1951]] – [[Μαριέττα Γιαννάκου]], Ελληνίδα πολιτικός\n*[[1951]] - [[Πάουλο Κασόμα]], πολιτικός από την Ανγκόλα\n*[[1952]] - [[Ανδρέας Μικρούτσικος]], Έλληνας τραγουδοποιός\n*[[1953]] – [[Δημήτρης Αβραμόπουλος]], Έλληνας πολιτικός\n*[[1953]] - [[Απόστολος Κ. Δοξιάδης]], Έλληνας συγγραφέας\n*[[1956]] - [[Μπιορν Μποργκ]], Σουηδός αντισφαιριστής\n*[[1958]] - [[Τρέισι Άνταμς]], Αμερικανίδα πορνογραφική ηθοποιός\n*[[1959]] – [[Γεώργιος Βουλγαράκης]], Έλληνας πολιτικός\n*[[1961]] – [[Τομ Αράγια]], Χιλιανός τραγουδιστής και μουσικός ([[Slayer]])\n*[[1963]] – [[Τζέισον Ισαάκς]], Άγγλος ηθοποιός\n*[[1966]] - [[Φωρ Γκνασινγκμπέ]], Τογκολέζος πολιτικός\n*[[1966]] - [[Πασχάλης Τσαρούχας]], Έλληνας ηθοποιός \n*[[1967]] - [[Αλέξανδρος Σταύρου]], Έλληνας ηθοποιός\n*[[1967]] - [[Πολ Τζιαμάτι]], Αμερικανός ηθοποιός\n*[[1969]] - [[Ματθίλδη Μαγγίρα]], Ελληνίδα ηθοποιός\n*[[1970]] - [[Τάκης Ζαχαράτος]], Έλληνας μίμος, ηθοποιός και τραγουδιστής \n*[[1983]] - [[Δημήτρης Μοθωναίος]], Έλληνας ηθοποιός \n*[[1985]] - [[Ροδρίγο Χαβιέρ Αρτσούμπι]], Αργεντινός ποδοσφαιριστής\n*[[1985]] – [[Ντρου Μάκινταϊρ]], Σκωτσέζος παλαιστής\n\n==Θάνατοι==\n*[[810]] - [[Ροτρούδη]], πριγκίπισσα των Φράγκων\n*[[913]] – [[Αλέξανδρος του Βυζαντίου|Αλέξανδρος]], Βυζαντινός αυτοκράτορας\n*[[1217]] - [[Ερρίκος Α΄ της Καστίλης|Ερρίκος Α΄]], βασιλιάς της Καστίλης\n*[[1530]] - [[Βονιφάτιος Δ΄ του Μομφερράτου|Βονιφάτιος Δ΄]], μαρκήσιος του Μομφερράτου\n*[[1710]] - [[Λουίζα ντε λα Βαλλιέρ]], Γαλλίδα ευγενής\n*[[1832]] – [[Τζέρεμι Μπένθαμ]], Άγγλος φιλόσοφος \n*[[1861]] - [[Καμίλο Μπένσο, Κόμης του Καβούρ]], Ιταλός πολιτικός\n*[[1891]] - [[Τζον Μακντόναλντ]], πρωθυπουργός του Καναδά\n*[[1916]] - [[Μιχαήλ Μητσάκης]], Έλληνας δημοσιογράφος και συγγραφέας\n*[[1943]] – [[Παντελής Πουλιόπουλος]], Έλληνας πολιτικός\n*[[1946]] – [[Γκέρχαρτ Χάουπτμαν]], Γερμανός δραματουργός\n*[[1948]] – [[Ωγκύστ και Λουί Λυμιέρ|Λουί Λυμιέρ]], Γάλλος κινηματογραφιστής\n*[[1960]] – [[Σπυρίδων Βικάτος]], Έλληνας ζωγράφος\n*[[1960]] – [[Χρήστος Μάντικας]], Έλληνας αθλητής\n*[[1961]] – [[Καρλ Γκούσταβ Γιουνγκ]], Ελβετός ψυχίατρος\n*[[1961]] – [[Ιωάννης Θεοτόκης]], Έλληνας πολιτικός\n*[[1962]] – [[Υβ Κλάιν]], Γάλλος καλλιτέχνης \n*[[1968]] – [[Ρόμπερτ Κένεντι]], Αμερικανός πολιτικός\n*[[1978]] - [[Άγγελος Μεσσάρης]], Έλληνας ποδοσφαιριστής\n*[[1989]] - [[Δημήτριος Βακάλης]], Έλληνας πολιτικός\n*[[1995]] – [[Διαμαντής Διαμαντόπουλος]], Έλληνας ζωγράφος\n*[[2001]] - [[Χοσέ Μανουέλ Καστανιόν]], Ισπανός συγγραφέας\n*[[2005]] – [[Αν Μπάνκροφτ]], Αμερικανίδα ηθοποιός\n*[[2016]] - [[Βίκτορ Κορτσνόι]], Ρώσος σκακιστής\n*[[2016]] - [[Σπύρος Πισσάνος]], Έλληνας αεροπόρος\n*[[2016]] - [[Πήτερ Σάφερ]], Άγγλος θεατρικός συγγραφέας\n*[[2023]] - [[Γιάννης Φλωρινιώτης]] Έλληνας τραγουδιστής\n*[[2023]] -[[Φώτης Πονηρός]], Έλληνας κοσμηματοπώλης\n\n==Αργίες και εορτές==\n===[[Ορθόδοξη Εκκλησία]]===\n{{Πύλη:Ορθοδοξία/Εορτολόγιο/6 Ιουνίου}}\n\n{{Μήνες}}\n\n[[Κατηγορία:Ημέρες του έτους]]"}}}]}]}}