{"batchcomplete":true,"query":{"normalized":[{"fromencoded":false,"from":"6_Νοεμβρίου","to":"6 Νοεμβρίου"}],"pages":[{"pageid":3563,"ns":0,"title":"6 Νοεμβρίου","revisions":[{"slots":{"main":{"contentmodel":"wikitext","contentformat":"text/x-wiki","content":"{{Μήνες Νοεμβρίου}}\n\n<center>[[5 Νοεμβρίου]] | '''6 Νοεμβρίου''' | [[7 Νοεμβρίου]]</center>\n\n----\nΗ '''6η Νοεμβρίου''' είναι η 310η ημέρα του έτους κατά το [[Γρηγοριανό ημερολόγιο]] (311η σε δίσεκτα έτη). Υπολείπονται 55 ημέρες.\n\n{|width=100%\n| __TOC__\n| {{ΗμερολόγιοΣεΠίνακα|11}}\n|}\n\n==Γεγονότα==\n*[[355]] – Ο [[Ρωμαίος αυτοκράτορας]] [[Κωνστάντιος Β´]] δίνει τον τίτλο του [[Καίσαρας|καίσαρα]] στον ξάδελφό του [[Ιουλιανός|Ιουλιανό]].\n*[[447]] - Ισχυρός [[σεισμός]] καταστρέφει μεγάλα τμήματα των [[Τείχη της Κωνσταντινούπολης|Τειχών της Κωνσταντινούπολης]], συμπεριλαμβανομένων 57 πύργων.\n*[[963]] - Ο [[Πάπας Ιωάννης ΙΒ΄]] καθαιρείται κατηγορούμενος για ένοπλη εξέγερση εναντίον του [[Όθων Α΄ της Αγίας Ρωμαϊκής Αυτοκρατορίας|Όθωνα Α΄ της Αγίας Ρωμαϊκής Αυτοκρατορίας]]. \n*[[1528]] – Ο ναυαγός [[Ισπανία|Ισπανός]] κατακτητής Άλβαρ Νούνιεθ Καμπέθα δε Βάκα γίνεται ο πρώτος γνωστός [[Ευρώπη|Ευρωπαίος]] που πατάει το πόδι του στην περιοχή που σήμερα λέγεται [[Τέξας]].\n*[[1844]] – Η [[Δομινικανή Δημοκρατία]] αποκτά το πρώτο της [[Σύνταγμα]].\n*[[1856]] - Υποβάλλεται για δημοσίευση το ''Σκηνές κληρικού βίου'', το πρώτο έργο φαντασίας της συγγραφέως που έγινε αργότερα γνωστή ως [[Τζορτζ Έλιοτ]].\n*[[1860]] - Ο [[Αβραάμ Λίνκολν]] εκλέγεται ως ο 16ος [[πρόεδρος των Ηνωμένων Πολιτειών]]. \n*[[1861]] - [[Αμερικανικός Εμφύλιος Πόλεμος]]: Ο [[Τζέφερσον Ντέηβις]] εκλέγεται [[πρόεδρος των Συνομόσπονδων Πολιτειών της Αμερικής]].\n*[[1865]] - [[Αμερικανικός Εμφύλιος Πόλεμος]]: Το πλοίο CSS ''Shenandoah'' είναι η τελευταία συνομόσπονδη μονάδα μάχης που παραδίδεται, αφού έκανε τον γύρο του κόσμου βυθίζοντας και αιχμαλωτίζοντας 38 άοπλα εμπορικά πλοία της [[Ένωση (Αμερικανικός Εμφύλιος Πόλεμος)|Ένωσης]]. \n*[[1912]] – Ο [[Ελληνικός Στρατός Ξηράς|ελληνικός στρατός]] απελευθερώνει το [[Αμύνταιο]].\n*[[1917]] – [[Α΄ Παγκόσμιος Πόλεμος]]: Λήγει η [[μάχη του Πασεντάλε]]. Μετά από τρεις μήνες σφοδρών μαχών, οι [[Καναδάς|καναδικές]] δυνάμεις καταλαμβάνουν την Πασεντάλε στο [[Βέλγιο]]. \n*[[1928]] - Ο [[Χέρμπερτ Χούβερ]] εκλέγεται ως ο 31ος [[πρόεδρος των Ηνωμένων Πολιτειών]]. \n*[[1941]] - [[Β΄ Παγκόσμιος Πόλεμος]]: Κατά τη διάρκεια της [[Μάχη της Μόσχας|μάχης της Μόσχας]], ο [[Ιωσήφ Στάλιν]] απευθύνεται στον [[Ένωση Σοβιετικών Σοσιαλιστικών Δημοκρατιών|σοβιετικό]] λαό για δεύτερη φορά. \n*[[1942]] - [[Β΄ Παγκόσμιος Πόλεμος]]: Πρώτη πτήση του [[Heinkel He 219]].\n*[[1943]] - [[Β΄ Παγκόσμιος Πόλεμος]]: Ο [[Ένωση Σοβιετικών Σοσιαλιστικών Δημοκρατιών|σοβιετικός]] [[Κόκκινος Στρατός]] καταλαμβάνει εκ νέου το [[Κίεβο]]. Πριν την υποχώρηση, οι [[Γερμανία|Γερμανοί]] καταστρέφουν τα περισσότερα αρχαία κτίσματα της πόλης.\n*[[1944]] - Στο Χάνφορντ των [[Ηνωμένες Πολιτείες Αμερικής|Η.Π.Α.]] παράγεται για πρώτη φορά [[πλουτώνιο]], το οποίο θα χρησιμοποιηθεί στη συνέχεια στην [[Πυρηνικό όπλο|ατομική βόμβα]] που έπεσε στο [[Ναγκασάκι]].\n*[[1962]] - [[Απαρτχάιντ]]: η [[Γενική Συνέλευση του Οργανισμού Ηνωμένων Εθνών]] περνάει ψήφισμα που καταδικάζει τις πολιτικές του απαρτχάιντ στη [[Νότια Αφρική]] και καλεί όλα τα κράτη μέλη του [[Οργανισμός Ηνωμένων Εθνών|Ο.Η.Ε.]] να διακόψουν τις στρατιωτικές και οικονομικές σχέσεις με τη χώρα.\n*[[1963]] - Ο [[Γεώργιος Παπανδρέου]] λαμβάνει εντολή για τον σχηματισμό [[Κυβέρνηση Γεωργίου Παπανδρέου 1963|κυβέρνησης]] από τον βασιλιά [[Παύλος της Ελλάδας|Παύλο]]. Η [[Εθνική Ριζοσπαστική Ένωσις|Ε.Ρ.Ε.]] καταγγέλλει την εισήγηση Παπανδρέου για την ανάθεση εντολής, με τον ισχυρισμό ότι εφόσον η [[Ένωσις Κέντρου|Ένωση Κέντρου]], χωρίς την υποστήριξη της [[Ενιαία Δημοκρατική Αριστερά|Ε.Δ.Α.]], δεν διαθέτει πλειοψηφία στη [[Βουλή των Ελλήνων|Βουλή]], η κυβέρνηση που θα σχηματιστεί θα είναι κυβέρνηση μειοψηφίας.\n* [[1996]] – Η ελληνική πυραυλάκατος «[[Κωστάκος (Περιπολικό)|Κωστάκος]]» βυθίζεται έναντι της παραλίας Αυλάκια της [[Σάμος|Σάμου]].\n* [[1999]] – Σε δημοψήφισμα οι [[Αυστραλία|Αυστραλοί]] επιλέγουν να διατηρήσουν τη [[Ηνωμένο Βασίλειο|Βρετανίδα]] [[μοναρχία|μονάρχη]] ως αρχηγό του κράτους.\n\n==Γεννήσεις==\n*[[15]] - [[Ιουλία Αγριππίνα]], Ρωμαία αυτοκράτειρα\n*[[331]] - [[Ιουλιανός]], Ρωμαίος αυτοκράτορας\n*[[1479]] – [[Ιωάννα Α΄ της Καστίλης|Ιωάννα Α΄]], βασίλισσα της Καστίλης\n*[[1479]] - [[Φίλιππος Α΄ της Βάδης|Φίλιππος Α']], μάργραβος του Μπάντεν\n*[[1494]] – [[Σουλεϊμάν Α΄ ο Μεγαλοπρεπής]], Οθωμανός σουλτάνος \n*[[1661]] – [[Κάρολος Β΄ της Ισπανίας|Κάρολος Β΄]], βασιλιάς της Ισπανίας\n*[[1787]] - [[Βουκ Στεφάνοβιτς Κάρατζιτς]], Σέρβος γλωσσολόγος\n*[[1814]] – [[Αντόλφ Σαξ]], Βέλγος κατασκευαστής μουσικών οργάνων, εφευρέτης του σαξόφωνου\n*[[1835]] – [[Τσέζαρε Λομπρόζο]], Ιταλός εγκληματολόγος \n*[[1861]] – [[Τζέιμς Νάισμιθ]], Καναδός επινοητής της καλαθοσφαίρισης \n*[[1880]] – [[Ρόμπερτ Μούζιλ]], Αυστριακός συγγραφέας\n*[[1885]] - [[Ζίγκμουντ Λέβε]], Ανατολικογερμανός μηχανικός και επιχειρηματίας\n*[[1896]] - [[Βόλφγκανκ της Έσσης|Βόλφγκανκ]], πρίγκιπας της Έσσης\n*[[1896]] - [[Φίλιππος της Έσσης|Φίλιππος]], εκλέκτορας της Έσσης\n*[[1905]] - [[Πιερ Τζεμαγιέλ]], Λιβανέζος πολιτικός\n*[[1929]] - [[Τζουν Σκουίμπ]], Αμερικανίδα ηθοποιός\n*[[1931]] – [[Μάικ Νίκολς]], Αμερικανός σκηνοθέτης\n*[[1933]] - [[Κάρλος Κορέια]], πρωθυπουργός της Γουινέας-Μπισσάου\n*[[1939]] - [[Μάρθα Καραγιάννη]], Ελληνίδα ηθοποιός\n*[[1946]] - [[Ρομαίν Αργυρούδης]], Γάλλος ποδοσφαιριστής\n*[[1946]] – [[Σάλι Φιλντ]], Αμερικανίδα ηθοποιός\n*[[1947]] – [[Έντουαρντ Γιανγκ]], Κινέζος σκηνοθέτης\n*[[1947]] - [[Μεσούτ Γιλμάζ]], Τούρκος πολιτικός\n*[[1947]] - [[Λάρι Τζέιμς]], Αμερικανός αθλητής\n*[[1949]] - [[Μπραντ Ντέιβις]], Αμερικανός ηθοποιός\n*[[1952]] – [[Μάικλ Κάνινγκαμ]], Αμερικανός συγγραφέας\n*[[1969]] - [[Βίκυ Σταυροπούλου]], Ελληνίδα ηθοποιός\n*[[1970]] – [[Ήθαν Χοκ]], Αμερικανός ηθοποιός, σκηνοθέτης και σεναριογράφος\n*[[1972]] – [[Άδωνις Γεωργιάδης]], Έλληνας πολιτικός\n*[[1972]] – [[Ρεμπέκα Ρομέιν]], Αμερικανίδα ηθοποιός\n*[[1977]] - [[Ντούσαν Κέτσμαν]], Σέρβος καλαθοσφαιριστής\n*[[1982]] - [[Τζόζεφ Ενακαρίρε]], Νιγηριανός ποδοσφαιριστής\n*[[1987]] – [[Άνα Ιβάνοβιτς]], Σέρβα αντισφαιρίστρια\n*[[1988]] - [[Κοντσίτα Βουρστ]], Αυστριακός τραγουδιστής\n*[[1988]] – [[Έμμα Στόουν]], Αμερικανίδα ηθοποιός\n\n==Θάνατοι==\n*[[1003]] - [[Πάπας Ιωάννης ΙΖ΄]]\n*[[1078]] - [[Βερθόλδος Α΄ του Τσέρινγκεν|Μπέρτολτ Β']], δούκας της Καρινθίας\n*[[1231]] – [[Αυτοκράτορας Τσουτσιμικάντο]] της Ιαπωνίας\n*[[1406]] – [[Πάπας Ιννοκέντιος Ζ΄]]\n*[[1597]] - [[Αικατερίνη Μικαέλα της Ισπανίας|Αικατερίνη Μικαέλα]], ινφάντα της Ισπανίας\n*[[1656]] – [[Ιωάννης Δ΄ της Πορτογαλίας|Ιωάννης Δ΄]], βασιλιάς της Πορτογαλίας\n*[[1817]] - [[Καρλόττα της Ουαλίας|Καρλόττα]], πριγκίπισσα της Ουαλίας\n*[[1835]] – [[Ανρί ντε Ρινί]], Γάλλος αντιναύαρχος\n*[[1836]] – [[Κάρολος Ι΄ της Γαλλίας|Κάρολος Ι΄]], βασιλιάς της Γαλλίας\n*[[1893]] – [[Πιότρ Τσαϊκόφσκι]], Ρώσος συνθέτης\n*[[1930]] - [[Άντολφ Βέλφλι]], Ελβετός καλλιτέχνης\n*[[1952]] - [[Γιάννης Ανδριανόπουλος]], Έλληνας ποδοσφαιριστής\n*[[1960]] – [[Έριχ Ραίντερ]], Γερμανός ναύαρχος\n*[[1964]] – [[Χανς φον Όιλερ-Τσέλπιν]], Γερμανός χημικός\n*[[1978]] – [[Χάρι Μπερτόια]], Ιταλός γλύπτης και σχεδιαστής\n*[[1989]] – [[Μαρία Ιορδανίδου]], Ελληνίδα συγγραφέας\n*[[1990]] - [[Δημήτριος Αλιπράντης]], Έλληνας πολιτικός\n*[[1991]] - [[Γιάννης Βάζος]], Έλληνας ποδοσφαιριστής\n*[[1991]] – [[Γεώργιος Β. Μαγκάκης]], Έλληνας νομικός και πολιτικός\n*[[1991]] - [[Τζιν Τίρνεϊ]], Αμερικανίδα ηθοποιός\n*[[1998]] - [[Μοχάμετ Τακί]], πρόεδρος των Κομορών\n*[[2003]] - [[Μιχάλης Δελαβίνιας]], Έλληνας ποδοσφαιριστής\n*[[2005]] - [[Τζων Σωσσίδης]], Έλληνας διπλωμάτης\n*[[2007]] - [[Γεώργιος Φράγκου]], Έλληνας ποδοσφαιριστής\n*[[2008]] - [[Λάρι Τζέιμς]], Αμερικανός αθλητής\n*[[2012]] – [[Πατριάρχης Σόφιας Μάξιμος]]\n*[[2014]] - [[Παρασκευάς Φουντάς]], Έλληνας πολιτικός\n*[[2015]] - [[Γιτζάκ Ναβόν]], Ισραηλινός πολιτικός\n*[[2016]] - [[Νικόλαος Κατσάνος]], Έλληνας χημικός\n*[[2017]] - [[Κάριν Ντορ]], Γερμανίδα ηθοποιός\n*2021- Λουίζ Αντόνιο ντος Σάντος βραζιλιάνος δρομέας μεγάλων αποστάσεων\n*2021 -Μαρίνκο Ρόκβιτς Σέρβος λαϊκός τραγουδιστής \n*2021- Ραούλ Ριβέρο Κουβανός ποιητής \n*2021- Σον Ρόουντεν Αμερικανός επαγγελματίας\n*2021- Astro Βρετανός τραγουδιστής και μουσικός\n*2021- Βασίλης Αναστασίου Έλληνας ηθοποιός και σκηνοθέτης \n*2021- Ανδρέας Νομικός Έλληνας ηθοποιός \n\n==Αργίες και εορτές==\n=== [[Ορθόδοξη Εκκλησία]] ===\n{{Πύλη:Ορθοδοξία/Εορτολόγιο/6 Νοεμβρίου}}\n\n{{Μήνες}}\n\n[[Κατηγορία:Ημέρες του έτους]]"}}}]}]}}