{"batchcomplete":true,"query":{"normalized":[{"fromencoded":false,"from":"6_Μαρτίου","to":"6 Μαρτίου"}],"pages":[{"pageid":1416,"ns":0,"title":"6 Μαρτίου","revisions":[{"slots":{"main":{"contentmodel":"wikitext","contentformat":"text/x-wiki","content":"{{χωρίς παραπομπές}}\n\n{{Μήνες Μαρτίου}}\n\n<center>[[5 Μαρτίου]] | '''6 Μαρτίου''' | [[7 Μαρτίου]]</center>\n\n----\nΗ '''6η Μαρτίου''' είναι η 65η ημέρα του έτους κατά το [[Γρηγοριανό ημερολόγιο]] (66η σε δίσεκτα έτη). Υπολείπονται 300 ημέρες.\n\n{|width=100%\n| __TOC__\n| {{ΗμερολόγιοΣεΠίνακα|3}}\n|}\n\n== Γεγονότα ==\n*[[12 π.Χ.]] - Ο [[Ρωμαϊκή Αυτοκρατορία|Ρωμαίος αυτοκράτορας]] [[Οκταβιανός Αύγουστος]] ονομάζεται [[Pontifex Maximus]], ενσωματώνοντας τη θέση σε εκείνη του αυτοκράτορα.\n*[[845]] - Εκτέλεση των [[42 Μάρτυρες του Αμορίου|42 Μαρτύρων του Αμορίου]] στη [[Σαμάρα (Ιράκ)|Σαμάρα]].\n*[[961]] – Ο [[Νικηφόρος Β´ Φωκάς]] καταλαμβάνει το [[Ηράκλειο Κρήτης|Χάνδακα]], δίνοντας τέλος στο [[Εμιράτο της Κρήτης]].\n*[[1521]] – Ο [[Φερδινάνδος Μαγγελάνος]] φτάνει στη νήσο [[Γκουάμ]].\n*[[1788]] - Ο Πρώτος Στόλος φτάνει στο [[νησί Νόρφολκ]] προκειμένου να ιδρύσει μία αποικία καταδίκων.\n*[[1820]] - Ο πρόεδρος των [[Ηνωμένες Πολιτείες Αμερικής|Η.Π.Α.]], [[Τζέιμς Μόνροου]], υπογράφει σε νόμο το Συμβιβασμό του Μιζούρι. Ο συμβιβασμός επιτρέπει στο [[Μιζούρι (πολιτεία)|Μιζούρι]] να εισέλθει στην [[Ένωση (Αμερικανικός Εμφύλιος Πόλεμος)|Ένωση]] ως πολιτεία σκλάβων και το [[Μέιν]] να εισέλθει στην Ένωση ως ελεύθερη πολιτεία.\n*[[1834]] - Η Υόρκη του [[Καναδάς|Άνω Καναδά]] μετονομάζεται σε [[Τορόντο]].\n*[[1836]] – [[Επανάσταση του Τέξας]]: [[Μάχη του Άλαμο]]. Μετά από πολιορκία 13 ημερών, ο [[Μεξικό|μεξικανικός]] στρατός καταλαμβάνει το Άλαμο. Οι εθελοντές του [[Τέξας]] που υπερασπίζονταν το Άλαμο, συμπεριλαμβανομένου του [[Ντέιβιντ Κρόκετ]], σκοτώνονται.\n*[[1882]] - Επανιδρύεται το [[Βασίλειο της Σερβίας]].\n*[[1899]] – Η [[Bayer AG|Bayer]] καταχωρεί την [[ασπιρίνη]] ως [[εμπορικό σήμα]].\n*[[1902]] – Ιδρύεται η [[Ρεάλ Μαδρίτης]]. \n*[[1910]] – Ο ελληνικός στρατός ανοίγει πυρ και σκοτώνει στο χωριό [[Κιλελέρ]] δύο αγρότες έπειτα από επεισόδια με τους σιδηροδρομικούς. Άλλοι δυο νεκροί πέφτουν στο χωριό [[Μελία Λάρισας|Τσουλάρ]], γεγονός που οδηγεί σε εξέγερση των αγροτών.\n*[[1921]] - Ιδρύεται το [[Πορτογαλικό Κομμουνιστικό Κόμμα]] ως παράρτημα της [[Κομμουνιστική Διεθνής|Κομμουνιστικής Διεθνούς]].\n*[[1933]] – Αποτυγχάνει [[Κίνημα Πλαστήρα 6ης Μαρτίου 1933|πραξικόπημα]] του στρατηγού [[Νικόλαος Πλαστήρας|Νικόλαου Πλαστήρα]] για να καταλάβει την εξουσία και να αποτρέψει τον σχηματισμό [[Κυβέρνηση Παναγή Τσαλδάρη 1933|κυβερνήσεως]] από τον νικητή των [[Ελληνικές βουλευτικές εκλογές 1933|εκλογών]] [[Παναγής Τσαλδάρης|Παναγή Τσαλδάρη]].\n*[[1964]] – Ο βασιλιάς [[Παύλος της Ελλάδας]] πεθαίνει ύστερα από βασιλεία 16 χρόνων, 11 μηνών και 5 ημερών και ο διάδοχος [[Κωνσταντίνος Β΄ της Ελλάδας|Κωνσταντίνος Β΄]] ορκίζεται [[Βασίλειο της Ελλάδας|βασιλιάς των Ελλήνων]].\n*[[1968]] - Τρεις αντάρτες εκτελούνται στη [[Ροδεσία]]. Πρόκειται για τις πρώτες εκτελέσεις από τη μονομερή ανακήρυξη της ανεξαρτησίας της Ροδεσίας, προκαλώντας τη διεθνή κατακραυγή. \n* [[1992]] – Ενεργοποιείται ένας [[Ιός (υπολογιστές)|ιός]] με το όνομα «Μιχαήλ Άγγελος» την επέτειο της γέννησης του μεγάλου αναγεννησιακού δημιουργού [[Μιχαήλ Άγγελος|Μιχαήλ Άγγελου]] προκαλώντας ζημιές σε εκατομμύρια [[υπολογιστές]] σε όλο τον κόσμο.\n\n== Γεννήσεις ==\n*[[1405]] - [[Ιωάννης Β΄ της Καστίλης|Ιωάννης Β΄]], βασιλιάς της Καστίλης\n*[[1475]] – [[Μιχαήλ Άγγελος]], Ιταλός καλλιτέχνης\n*[[1483]] – [[Φραντσέσκο Γκουιτσαρντίνι]], Ιταλός πολιτικός και ιστορικός\n*[[1619]] – [[Συρανό ντε Μπερζεράκ (συγγραφέας)|Συρανό ντε Μπερζεράκ]], Γάλλος στρατιωτικός και ποιητής\n*[[1787]] – [[Γιόζεφ φον Φράουνχοφερ]], Γερμανός φυσικός\n*[[1806]] – [[Ελίζαμπεθ Μπάρετ Μπράουνινγκ]], Αγγλίδα ποιήτρια\n*[[1867]] - [[Σάμιουελ Φράνκλιν Κόντι]], Αμερικανός αεροπόρος\n*[[1898]] - [[Νικόλαος Λούρος]], Έλληνας ακαδημαϊκός και πολιτικός\n*[[1917]] – [[Σαμαέλ Αούν Βεόρ]], Κολομβιανός συγγραφέας\n*[[1917]] – [[Γουίλ Έισνερ]], Αμερικανός εικονογράφος\n*[[1926]] - [[Αντρέι Βάιντα]], Πολωνός σκηνοθέτης\n*[[1927]] – [[Γκαμπριέλ Γκαρσία Μάρκες]], Κολομβιανός συγγραφέας\n*[[1931]] - [[Ανέστης Λώρας]], Έλληνας πολιτικός\n*[[1936]] – [[Τσουμάλι Σαγιασόνε]], πρόεδρος του Λάος \n*[[1937]] – [[Βαλεντίνα Τερεσκόβα]], Ρωσίδα κοσμοναύτης\n*[[1937]] - [[Μητροπολίτης πρώην Κίτρους, Κατερίνης και Πλαταμώνος Αγαθόνικος Φατούρος]]\n*[[1946]] – [[Ντέιβιντ Γκίλμορ]], Άγγλος μουσικός ([[Pink Floyd]])\n*[[1949]] – [[Σαουκάτ Αζίζ]], Πακιστανός πολιτικός\n*[[1951]] – [[Γκέρι Κνέτεμαν]], Ολλανδός ποδηλάτης\n*[[1953]] – [[Μαντχάβ Κουμάρ Νεπάλ]], Νεπαλέζος πολιτικός\n*[[1953]] – [[Κάρολιν Πόρκο]], Αμερικανίδα πλανητολόγος\n*[[1954]] - [[Αντύπας (τραγουδιστής)|Αντύπας]], Έλληνας τραγουδιστής\n*[[1972]] – [[Σακίλ Ο'Νιλ]], Αμερικανός καλαθοσφαιριστής\n*[[1975]] - [[Σαΐκ Ουμάρ Καν]], ιατρός από τη Σιέρα Λεόνε\n*[[1976]] – [[Κεν Άντερσον]], Αμερικανός παλαιστής\n*[[1977]] – [[Γιώργος Καραγκούνης]], Έλληνας ποδοσφαιριστής\n*[[1979]] – [[Τιμ Χάουαρντ]], Αμερικανός ποδοσφαιριστής\n*[[1983]] – [[Τομάζο Μπέρνι]], Ιταλός ποδοσφαιριστής\n*[[1986]] -- [[Αθηνά Οικονομάκου]], Ελληνίδα ηθοποιός\n*[[1996]] - [[Ευθύμης Κουλούρης]], Έλληνας ποδοσφαιριστής\n\n== Θάνατοι ==\n*[[1040]] - [[Αλχαζέν]], Άραβας αστρονόμος και φυσικός\n*[[1052]] - [[Έμμα της Νορμανδίας]], βασίλισσα της Αγγλίας\n*[[1638]] - [[Πάουλους Μορέιλσε]], Ολλανδός ζωγράφος\n*[[1701]] - [[Λουδοβίκος Μαρία Σινιστράρι]], Ιταλός ιερέας και συγγραφέας\n*[[1836]] - [[Ντέιβιντ Κρόκετ]], Αμερικανός στρατιωτικός και πολιτικός\n*[[1888]] – [[Λουίζα Μέι Άλκοτ]], Αμερικανίδα συγγραφέας\n*[[1900]] - [[Γκότλιμπ Ντάιμλερ]], Γερμανός μηχανικός και επιχειρηματίας\n*[[1952]] – [[Γιούργκεν Στρόοπ]], Γερμανός στρατηγός των SS\n*[[1958]] - [[Κωνσταντίνος Γκότσης]], Έλληνας πολιτικός\n*[[1964]] – [[Παύλος της Ελλάδας|Παύλος]], βασιλιάς της Ελλάδας\n*[[1967]] – [[Ζόλταν Κόνταλυ]], Ούγγρος συνθέτης\n*[[1973]] – [[Περλ Μπακ]], Αμερικανίδα συγγραφέας\n*[[1982]] – [[Άυν Ραντ]], Ρωσίδα συγγραφέας\n*[[1984]] - [[Αλέξανδρος Τσιγγούνης]], Έλληνας στρατιωτικός\n*[[1986]] - [[Τζόρτζια Ο'Κιφ]], Αμερικανίδα ζωγράφος\n*[[1994]] – [[Μελίνα Μερκούρη]], Ελληνίδα ηθοποιός και πολιτικός\n*[[2000]] - [[Τζων Κολίκος]], Καναδός ηθοποιός\n*[[2005]] - [[Χανς Μπέτε]], Γερμανίδα φυσικός \n*[[2005]] – [[Τερέζα Ράιτ]], Αμερικανίδα ηθοποιός\n*[[2007]] – [[Πιέρ Μουανό]], Γάλλος συγγραφέας\n*[[2009]] - [[Κρίστον Τεμπό]], στρατιωτικός και πολιτικός από τη Ζάμπια\n*[[2012]] - [[Ρόμπερτ Σέρμαν]], Αμερικανός τραγουδοποιός\n*[[2013]] - [[Άλβιν Λι]], Άγγλος τραγουδιστής και κιθαρίστας ([[Ten Years After]])\n*[[2014]] - [[Μορίς Φορ]], Γάλλος πολιτικός\n*[[2015]] - [[Βασίλης Μαγγίνας]], Έλληνας πολιτικός\n*[[2016]] - [[Νάνσυ Ρίγκαν]], Αμερικανίδα ηθοποιός και πρώτη κυρία των Η.Π.Α.\n\n== Αργίες και εορτές ==\n* [[Γκάνα]] - Ημέρα ανεξαρτησίας (από το [[Ηνωμένο Βασίλειο]] το [[1957]])\n* [[Νησί Νόρφολκ]] - Ίδρυση ([[1788]])\n\n=== [[Ορθόδοξη Εκκλησία]] ===\n{{Πύλη:Ορθοδοξία/Εορτολόγιο/6 Μαρτίου}}\n\n{{Μήνες}}\n\n[[Κατηγορία:Ημέρες του έτους]]"}}}]}]}}