{"batchcomplete":true,"query":{"normalized":[{"fromencoded":false,"from":"6_Φεβρουαρίου","to":"6 Φεβρουαρίου"}],"pages":[{"pageid":1214,"ns":0,"title":"6 Φεβρουαρίου","revisions":[{"slots":{"main":{"contentmodel":"wikitext","contentformat":"text/x-wiki","content":"{{χωρίς παραπομπές}}\n\n{{Μήνες Φεβρουαρίου}}\n\n<center>[[5 Φεβρουαρίου]] | '''6 Φεβρουαρίου''' | [[7 Φεβρουαρίου]]</center>\n\n----\nΗ '''6η Φεβρουαρίου''' είναι η 37η ημέρα του έτους κατά το [[Γρηγοριανό ημερολόγιο]]. Υπολείπονται 328 ημέρες (329 σε δίσεκτα έτη).\n\n{{ΗμερολόγιοΣεΠίνακα|2}}\n\n== Γεγονότα ==\n{{Commonscat|6 February}}\n*[[1649]] - Ο βασιλιάς [[Κάρολος Β΄ της Αγγλίας|Κάρολος Β΄ της Σκωτίας]] ανακηρύσσεται βασιλιάς της [[Μεγάλη Βρετανία|Μεγάλης Βρετανίας]] από το Κοινοβούλιο της [[Σκωτία]]ς. Η κίνηση αυτή δεν ακολουθήθηκε από το Κοινοβούλιο της [[Αγγλία]]ς ούτε από το Κοινοβούλιο της [[Ιρλανδία]]ς.\n*[[1685]] - Ο [[Ιάκωβος Β΄ της Αγγλίας|Ιάκωβος Β΄]] γίνεται [[Μοναρχία του Ηνωμένου Βασιλείου|βασιλιάς της Αγγλίας]] μετά το θάνατο του αδελφού του, [[Κάρολος Β΄ της Αγγλίας|Καρόλου Β΄]].\n*[[1778]] - [[Αμερικανική Επανάσταση]]: Οι [[Ηνωμένες Πολιτείες Αμερικής]] και η [[Γαλλία]] υπογράφουν στο [[Παρίσι]] τη Συνθήκη Συμμαχίας και τη Συνθήκη Φιλίας και Εμπορίου, σηματοδοτώντας την επίσημη αναγνώριση του νέου κράτους από τη [[Γαλλία]].\n*[[1788]] - Η [[Μασαχουσέτη]] γίνεται η έκτη πολιτεία που επικυρώνει το Σύνταγμα των [[Ηνωμένες Πολιτείες Αμερικής|Ηνωμένων Πολιτειών]].\n*[[1806]] - Ναυμαχία του Σάντο Ντομίγκο: Το [[Μεγάλη Βρετανία|βρετανικό]] ναυτικό νικά το [[Γαλλία|γαλλικό]] στην [[Καραϊβική Θάλασσα]]. \n*[[1819]] - Ο Τόμας Στάμφορντ Ραφλς ιδρύει τη [[Σιγκαπούρη]].\n*[[1820]] - Οι πρώτοι 86 [[Αφροαμερικανοί]] μετανάστες με τη βοήθεια της Αμερικανικής Εταιρείας Αποικισμού αναχωρούν από τη [[Νέα Υόρκη]] για να ιδρύσουν έναν οικισμό στη σημερινή [[Λιβερία]].\n*[[1833]] - Ο [[Όθων της Ελλάδας|Όθων]] γίνεται ο πρώτος [[Κατάλογος Βασιλέων της Ελλάδας|βασιλιάς της Ελλάδας]]. \n*[[1840]] - Υπογράφεται η [[Συνθήκη του Γουαϊτάνγκι]], με την οποία η [[Νέα Ζηλανδία]] γίνεται [[Μεγάλη Βρετανία|βρετανική]] αποικία.\n*[[1862]] - [[Αμερικανικός Εμφύλιος Πόλεμος]]: Οι δυνάμεις της [[Ένωση (Αμερικανικός Εμφύλιος Πόλεμος)|Ένωσης]] επιτυγχάνουν την πρώτη τους νίκη στον πόλεμο, νικώντας στη [[μάχη του Φορτ Χένρυ]]. \n*[[1879]] - Πραγματοποιείται απόπειρα δολοφονίας εναντίον του μητροπολίτη [[Αδριανούπολη]]ς [[Πατριάρχης Διονύσιος Ε΄|Διονύσιου]] από [[Βούλγαροι|Βούλγαρους]].\n*[[1899]] - [[Ισπανοαμερικανικός πόλεμος]]: Η [[Γερουσία (ΗΠΑ)|Γερουσία των Ηνωμένων Πολιτειών]] επικυρώνει τη [[Συνθήκη ειρήνης|Συνθήκη]] των Παρισίων μεταξύ των [[Ηνωμένες Πολιτείες Αμερικής|Ηνωμένων Πολιτειών]] και της [[Ισπανία|Ισπανίας]].\n*[[1918]] - Οι [[Μεγάλη Βρετανία|Βρετανίδες]] άνω των 30 ετών αποκτούν δικαίωμα ψήφου.\n*[[1922]] - Υπογράφεται στην [[Ουάσινγκτον]] ναυτική συνθήκη, η οποία περιορίζει τον ναυτικό εξοπλισμό των [[Ηνωμένες Πολιτείες Αμερικής|Ηνωμένων Πολιτειών]], της [[Βρετανική Αυτοκρατορία|Βρετανικής Αυτοκρατορίας]], της [[Ιαπωνία]]ς, της [[Γαλλία]]ς και της [[Ιταλία]]ς.\n*[[1934]] - Απόπειρα [[Πραξικόπημα|πραξικοπήματος]] κατά της Τρίτης Γαλλικής Δημοκρατίας δημιουργεί πολιτική κρίση στη [[Γαλλία]].  \n*[[1952]] - Η [[Ελισάβετ Β΄ του Ηνωμένου Βασιλείου|Ελισάβετ Β΄]] γίνεται βασίλισσα του [[Ηνωμένο Βασίλειο|Ηνωμένου Βασιλείου]] μετά τον θάνατο του πατέρα της, [[Γεώργιος ΣΤ΄ του Ηνωμένου Βασιλείου|Γεωργίου ΣΤ΄ του Ηνωμένου Βασιλείου]]. Τη στιγμή της διαδοχής, η Ελισάβετ Β΄ βρισκόταν στην [[Κένυα]].\n*[[1958]] - Οκτώ παίκτες της [[Μάντσεστερ Γιουνάιτεντ]] και άλλοι 15 επιβάτες σκοτώνονται σε αεροπορικό δυστύχημα στο [[Μόναχο]].\n*[[1959]] - Ο Τζακ Κίλμπυ καταθέτει την πρώτη [[Ευρεσιτεχνία|πατέντα]] για [[ολοκληρωμένο κύκλωμα]].\n*[[1959]] - Στο ακρωτήριο Κανάβεραλ στη [[Φλόριντα]], πραγματοποιείται η πρώτη επιτυχημένη δοκιμαστική εκτόξευση του διηπειρωτικού βαλλιστικού πύραυλου [[Τιτάνας (τύπος πύραυλου)|Τιτάνας]]. \n*[[1960]] - Τερματίζεται ο διετής «ψυχρός πόλεμος» μεταξύ της [[Μαρία Κάλλας|Μαρίας Κάλλας]] και της [[Σκάλα του Μιλάνου|Σκάλας του Μιλάνου]].\n*[[1963]] - Οι [[Ηνωμένες Πολιτείες Αμερικής]] επιβάλλουν απαγόρευση προσέγγισης δυτικών πλοίων στην [[Κούβα]], δημιουργώντας έτσι σοβαρή εστία τριβής με τους [[Έλληνες]] πλοιοκτήτες.\n*[[2000]] - [[Δεύτερος Πόλεμος της Τσετσενίας]]: Οι [[Ρώσοι]] καταλαμβάνουν το [[Γκρόζνυ]] της [[Δημοκρατία της Τσετσενίας|Τσετσενίας]], αναγκάζοντας την κυβέρνηση των αυτονομιστών να οδηγηθεί στην εξορία.\n\n== Γεννήσεις ==\n*[[1402]] - [[Λουδοβίκος Α΄ της Έσσης|Λουδοβίκος Α΄]], λάντγκραβος της Έσσης\n*[[1664]] - [[Μουσταφά Β΄]], Οθωμανός σουλτάνος\n*[[1665]] - [[Άννα της Μεγάλης Βρετανίας|Άννα]], βασίλισσα της Αγγλίας, Σκωτίας και Ιρλανδίας\n*[[1695]] - [[Νικόλαους Β' Μπερνούλι]], Ελβετός μαθηματικός\n*[[1748]] - [[Άνταμ Βάισχαουπτ]], Γερμανός φιλόσοφος\n*[[1796]] - [[Τζον Στήβενς Χένσλοου]], Άγγλος βοτανολόγος και γεωλόγος\n*[[1811]] - [[Χένρι Λίντελ]], Άγγλος φιλόλογος\n*[[1876]] - [[Εζέν Ανρί Γκραβελό]], Γάλλος ξιφομάχος\n*[[1895]] - [[Μπέιμπ Ρουθ]], Αμερικανός παίκτης του μπέιζμπολ\n*[[1908]] - [[Αμιντόρε Φανφάνι]], Ιταλός πολιτικός\n*[[1911]] - [[Ρόναλντ Ρήγκαν]], 40ός πρόεδρος των Η.Π.Α.\n*[[1912]] - [[Εύα Μπράουν]], Γερμανίδα σύζυγος του [[Αδόλφος Χίτλερ|Αδόλφου Χίτλερ]]\n*[[1913]] - [[Μαίρη Λίκι]], Βρετανή παλαιοανθρωπολόγος\n*[[1932]] - [[Καμίλο Σιενφουέγος]], Κουβανός επαναστάτης\n*[[1932]] - [[Φρανσουά Τρυφώ]], Γάλλος σκηνοθέτης\n*[[1945]] - [[Γιόζεφ Κάσα]], Σέρβος πολιτικός\n*[[1945]] - [[Μπομπ Μάρλεϊ]], Τζαμαϊκανός μουσικός\n*[[1947]] - [[Κώστας Καράλης]], Έλληνας τραγουδιστής\n*[[1962]] - [[Αξλ Ρόουζ]], Αμερικανός τραγουδιστής ([[Guns N' Roses]])\n*[[1968]] - [[Αδόλφο Βαλένσια]], Κολομβιανός ποδοσφαιριστής\n\n== Θάνατοι ==\n*[[743]] - [[Χισάμ]], Άραβας χαλίφης\n*[[893]] - [[Πατριάρχης Φώτιος Α΄|Φώτιος Α΄]], Πατριάρχης Κωνσταντινουπόλεως\n*[[1143]] - [[Ούγος Β΄ της Βουργουνδίας|Ούγος Β΄]], δούκας της Βουργουνδίας\n*[[1289]] - [[Λέων Γ΄ της Αρμενίας|Λέων Γ΄]], βασιλιάς της Αρμενίας\n*[[1378]] - [[Ιωάννα των Βουρβόνων]], βασίλισσα της Γαλλίας\n*[[1411]] - [[Ησαύ Μπουοντελμόντι]], δεσπότης της Ηπείρου\n*[[1497]] - [[Γιοχάνες Όκεγχεμ]], Φλαμανδός συνθέτης\n*[[1515]] - [[Άλδος Μανούτιος]], Ιταλός τυπογράφος\n*[[1553]] - [[Ερνέστος του Μπάντεν-Ντούρλαχ|Ερνέστος]], μάργραβος του Μπάντεν-Ντούρλαχ\n*[[1593]] - [[Ζακ Αμυό]], Γάλλος συγγραφέας\n*[[1685]] - [[Κάρολος Β΄ της Αγγλίας|Κάρολος Β΄]], βασιλιάς της Αγγλίας\n*[[1689]] - [[Γεράσιμος Β΄]], Πατριάρχης Κωνσταντινουπόλεως\n*[[1695]] - [[Αχμέτ Β΄]], Οθωμανός σουλτάνος\n*[[1740]] - [[Πάπας Κλήμης ΙΒ΄]]\n*[[1793]] - [[Κάρλο Γκολντόνι]], Ιταλός θεατρικός συγγραφέας\n*[[1804]] - [[Τζόζεφ Πρίστλυ]], Άγγλος θεολόγος\n*[[1899]] - [[Λέο φον Καπρίβι]], καγκελάριος της Γερμανίας\n*[[1916]] - [[Ρουμπέν Νταρίο]], Νικαραγουανός συγγραφέας\n*[[1918]] - [[Γκούσταφ Κλιμτ]], Αυστριακός ζωγράφος\n*[[1923]] - [[Έντουαρντ Έμερσον Μπάρναρντ]], Αμερικανός αστρονόμος\n*[[1931]] - [[Μοτιλάλ Νεχρού]], Ινδός ηγέτης\n*[[1945]] - [[Ρομπέρ Μπραζιγιάκ]], Γάλλος συγγραφέας\n*[[1952]] - [[Γεώργιος ΣΤ΄ του Ηνωμένου Βασιλείου|Γεώργιος ΣΤ΄]], βασιλιάς του Ηνωμένου Βασιλείου\n*[[1957]] - [[Νικόλαος Δίκας]], Έλληνας πολιτικός\n*[[1957]] - [[Αναστάσιος Μπακάλμπασης]], Έλληνας πολιτικός\n*[[1963]] - [[Αλέξανδρος Παπαδάμ]], Έλληνας πολιτικός\n*[[1966]] - [[Γεώργιος Βαλούρδος]], Έλληνας πολιτικός\n*[[1969]] - [[Λεωνίδας Οικονομόπουλος]] Έλληνας πολιτικός\n*[[1981]] - [[Φρειδερίκη της Ελλάδας|Φρειδερίκη]], βασίλισσα της Ελλάδας\n*[[1988]] - [[Νανά Καλλιανέση]], Ελληνίδα εκδότρια\n*[[1991]] - [[Μαρία Θαμπράνο]], Ισπανίδα συγγραφέας\n*[[1991]] - [[Σαλβαδόρ Λούρια]], Ιταλός βιολόγος\n*[[1994]] - [[Δημήτριος Αντωνίου (ποιητής)|Δημήτριος Αντωνίου]], Έλληνας ποιητής\n*[[1994]] - [[Τζακ Κίρμπι]], Αμερικανός συγγραφέας κόμικς\n*[[1994]] - [[Τζόζεφ Κότεν]], Αμερικανός ηθοποιός\n*[[1996]] - [[Νικόλαος Γαζής]], Έλληνας νομικός και πολιτικός\n*[[1998]] - [[Φάλκο]], Αυστριακός τραγουδιστής\n*[[2007]] - [[Γουίλι Γουάιτ]], Αμερικανίδα αθλήτρια\n*[[2007]] - [[Φρανκ Λέιν]], Αμερικανός τραγουδιστής\n*[[2007]] - [[Αλέκος Παπαδόπουλος (ποδοσφαιριστής)|Αλέκος Παπαδόπουλος]], Έλληνας ποδοσφαιριστής και προπονητής\n*[[2011]] - [[Τζοζέφα Ιλόιλο]], πρόεδρος των Φίτζι\n*[[2011]] - [[Γκάρι Μουρ]], Βορειοϊρλανδός τραγουδοποιός\n*[[2014]] - [[Μαξίν Κούμιν]], Αμερικανίδα συγγραφέας\n*[[2015]] - [[Μαρία Κυπριωτάκη - Περράκη]], Ελληνίδα πολιτικός\n*[[2015]] - [[Αντρέ Μπρινκ|Αντρέ Φιλίππους Μπρινκ]], Νοτιοαφρικανός μυθιστοριογράφος\n*[[2022]] -[[Μαριανίνα Κριεζή]] Ελληνίδα στιχουργός\n\n== Αργίες και εορτές ==\n=== Κόσμος ===\n* {{NZL}} - Εθνική εορτή\n\n=== [[Ορθόδοξη Εκκλησία]] ===\n{{Πύλη:Ορθοδοξία/Εορτολόγιο/6 Φεβρουαρίου}}\n\n{{Μήνες}}\n\n[[Κατηγορία:Ημέρες του έτους]]"}}}]}]}}