{"batchcomplete":true,"query":{"normalized":[{"fromencoded":false,"from":"6_Μαΐου","to":"6 Μαΐου"}],"pages":[{"pageid":1757,"ns":0,"title":"6 Μαΐου","revisions":[{"slots":{"main":{"contentmodel":"wikitext","contentformat":"text/x-wiki","content":"{{χωρίς παραπομπές}}\n\n{{Μήνες Μαΐου}}\n\n<center>[[5 Μαΐου]] | '''6 Μαΐου''' | [[7 Μαΐου]]</center>\n\n----\nΗ '''6η Μαΐου''' είναι η 126η ημέρα του έτους κατά το [[Γρηγοριανό ημερολόγιο]] (127η σε δίσεκτα έτη).  Υπολείπονται 239 ημέρες.\n\n{|width=100%\n| __TOC__\n| {{ΗμερολόγιοΣεΠίνακα|5}}\n|}\n\n== Γεγονότα ==\n*[[1527]] – [[Ισπανία|Ισπανικά]] και [[Γερμανία|γερμανικά]] στρατεύματα λεηλατούν τη [[Ρώμη]], γεγονός που ορισμένοι το θεωρούν ως το τέλος της [[Αναγέννηση]]ς. 147 [[Ελβετική Φρουρά|Ελβετοί φρουροί]], συμπεριλαμβανομένου του διοικητή τους, σκοτώνονται μαχόμενοι εναντίον των δυνάμεων του [[Κάρολος Κουίντος|Καρόλου Ε΄]] προκειμένου να διαφύγει ο [[Πάπας Κλήμης Ζ΄]] στο [[Καστέλ Σαντ'Άντζελο]].\n*[[1536]] - Αρχίζει η πολιορκία του [[Κούσκο]], κατά την οποία οι δυνάμεις των [[Ίνκα]]ς προσπαθούν να ανακαταλάβουν το Κούσκο από τους [[Ισπανία|Ισπανούς]]. \n*[[1682]] – Ο [[Λουδοβίκος ΙΔ΄ της Γαλλίας]] μεταφέρει την έδρα του στο [[Ανάκτορο των Βερσαλλιών]].\n*[[1757]] - Μάχη της [[Πράγα]]ς: ο [[Πρωσία|πρωσικός]] στρατός αντιμετωπίζει τον [[Αυστρία|αυστριακό]] στρατό στην Πράγα, κατά τη διάρκεια του [[Επταετής Πόλεμος|Επταετούς πολέμου]].\n*[[1782]] - Αρχίζει η κατασκευή του Μεγάλου Παλατιού, της βασιλικής κατοικίας του βασιλιά του Σιάμ στη [[Μπανγκόκ]].\n*[[1801]] - Ο πλοίαρχος [[Τόμας Κόχραν (10ος κόμης του Ντάντοναλντ)|Τόμας Κόχραν]] του HMS ''Speed'' καταλαμβάνει την [[Ισπανία|ισπανική]] φρεγάτα ''El Gamo''.\n*[[1835]] - Εκδίδεται το πρώτο φύλλο της εφημερίδας ''New York Herald''.\n*[[1840]] - Το [[γραμματόσημο]] Πένι Μπλακ καθίσταται έγκυρο για χρήση στο [[Ηνωμένο Βασίλειο]].\n*[[1863]] - [[Αμερικανικός Εμφύλιος Πόλεμος]]: η μάχη στο Τσάνσελορσβιλ λήγει με νίκη των [[Συνομόσπονδες Πολιτείες της Αμερικής|συνομόσπονδων]] στρατευμάτων. \n*[[1876]] – [[Σφαγή των προξένων]]: μουσουλμανικός όχλος δολοφονεί στη [[Θεσσαλονίκη]] τους προξένους της [[Γαλλία]]ς και της [[Γερμανία]]ς, γεγονός που προκαλεί την οργισμένη αντίδραση των [[Μεγάλες Δυνάμεις|μεγάλων δυνάμεων]].\n*[[1877]] - Ο [[Ιθαγενείς πληθυσμοί της Αμερικής|Ινδιάνος]] αρχηγός [[Τρελό Άλογο]] παραδίδεται στα [[Ηνωμένες Πολιτείες Αμερικής|αμερικανικά]] στρατεύματα στη [[Νεμπράσκα]].\n*[[1889]] – Ο [[Πύργος του Άιφελ]] ανοίγει επίσημα για το κοινό στην Παγκόσμια Έκθεση του [[Παρίσι|Παρισιού]].\n*[[1910]] - Ο [[Γεώργιος Ε΄ του Ηνωμένου Βασιλείου|Γεώργιος Ε΄]] γίνεται βασιλιάς του [[Ηνωμένο Βασίλειο|Ηνωμένου Βασιλείου]] μετά το θάνατο του πατέρα του, [[Εδουάρδος Ζ΄ του Ηνωμένου Βασιλείου|Εδουάρδου Ζ΄]].\n*[[1916]] - 21 [[Λίβανος|Λιβανέζοι]] εθνικιστές εκτελούνται στην Πλατεία των Μαρτύρων στη [[Βηρυτός|Βηρυτό]] από τον [[Αχμέτ Τζεμάλ]].\n*[[1937]] – [[Καταστροφή του Χίντενμπουργκ]]: Το [[Ναζιστική Γερμανία|γερμανικό]] [[αερόπλοιο]] ''Χίντενμπουργκ'' πιάνει φωτιά και καταστρέφεται μέσα σε ένα λεπτό ενώ προσπαθεί να δέσει στο [[Νιου Τζέρσεϊ]]. Σκοτώνονται 36 άτομα.\n*[[1942]] – [[Β΄ Παγκόσμιος Πόλεμος]]: οι τελευταίες [[Ηνωμένες Πολιτείες Αμερικής|αμερικανικές]] δυνάμεις στις [[Φιλιππίνες]] παραδίδονται στους [[Ιαπωνία|Ιάπωνες]].\n*[[1945]] - [[Β΄ Παγκόσμιος Πόλεμος]]: η [[Μίλντρεντ Γκίλλαρς]] εκφωνεί την τελευταία [[Προπαγάνδα|προπαγανδιστική]] της εκπομπή προς τα [[Συμμαχικές δυνάμεις (Β΄ Παγκόσμιος Πόλεμος)|συμμαχικά στρατεύματα]].\n*[[1960]] - Πάνω από 20.000.000 τηλεθεατές παρακολουθούν τον πρώτο βασιλικό γάμο που μεταδίδεται από την τηλεόραση, όταν η πριγκίπισσα [[Μαργαρίτα του Ηνωμένου Βασιλείου]] παντρεύεται τον Άντονι Άρμστρονγκ-Τζόουνς στο [[Αββαείο του Ουέστμινστερ]].\n*[[1966]] - Η Μάιρα Χίντλεϊ και ο Γιαν Μπρέιντι καταδικάζονται σε ισόβια κάθειρξη για τις δολοφονίες στους βάλτους της [[Αγγλία]]ς.\n*[[1970]] - Απεργία πείνας μίας εβδομάδας αρχίζει ο [[Μανώλης Γλέζος]] διαμαρτυρόμενος για την μη απόλυση όλων των πολιτικών κρατουμένων.\n* [[1976]] – 989 νεκροί από σεισμό τη βορειοανατολική [[Ιταλία]].\n* [[1994]] – Εγκαινιάζεται το [[τούνελ της Μάγχης]].\n* [[2001]] – Ο [[Πάπας Ιωάννης Παύλος Β΄]] γίνεται ο πρώτος προκαθήμενος της [[Ρωμαιοκαθολική Εκκλησία|Ρωμαιοκαθολικής Εκκλησίας]] που επισκέπτεται [[μουσουλμανικό τέμενος]], στη [[Δαμασκός|Δαμασκό]].\n*[[2007]] – Ο [[Παναθηναϊκός (καλαθοσφαίριση ανδρών)|Παναθηναϊκός]] αναδεικνύεται για τέταρτη φορά [[Ευρωλίγκα ανδρών|πρωταθλητής Ευρώπης]] στην [[καλαθοσφαίριση]], νικώντας στον τελικό την [[ΤΣΣΚΑ Μόσχας (καλαθοσφαίριση ανδρών)|ΤΣΣΚΑ Μόσχας]] με 93-91.\n*[[2012]] – [[Ελληνικές βουλευτικές εκλογές Μαΐου 2012|Βουλευτικές εκλογές]] στην [[Ελλάδα]]: Η [[Νέα Δημοκρατία]] υπό τον [[Αντώνης Σαμαράς|Αντώνη Σαμαρά]] αναδεικνύεται πρώτη με 18,85% και 108 έδρες.\n*[[2023]]- Στέψη του [[Κάρολος Γ΄ του Ηνωμένου Βασιλείου|Καρόλου Γ']], βασιλιά του Ηνωμένου Βασιλείου \n\n== Γεννήσεις ==\n*[[973]] - [[Ερρίκος Β΄ της Αγίας Ρωμαϊκής Αυτοκρατορίας|Ερρίκος Β΄]], αυτοκράτορας της Αγίας Ρωμαϊκής Αυτοκρατορίας\n*[[1405]] – [[Σκεντέρμπεης]], Αλβανός ήρωας\n*[[1501]] – [[Πάπας Μάρκελλος Β΄]]\n*[[1574]] – [[Πάπας Ιννοκέντιος Ι΄]]\n*[[1758]] – [[Αντρέ Μασσενά]], Γάλλος στρατάρχης\n*[[1758]] – [[Μαξιμιλιανός Ροβεσπιέρος]], Γάλλος πολιτικός\n*[[1769]] – [[Φερδινάνδος Γ΄, Μέγας Δούκας της Τοσκάνης]]\n*[[1856]] – [[Σίγκμουντ Φρόυντ]], Αυστριακός ψυχίατρος\n*[[1861]] – [[Μοτιλάλ Νεχρού]], Ινδός πολιτικός\n*[[1872]] – [[Βίλεμ ντε Σίτερ]], [[Ολλανδία|Ολλανδός]] επιστήμονας\n*[[1880]] - [[Ερνστ Λούντβιχ Κίρχνερ]], Γερμανός ζωγράφος\n*[[1882]] - [[Γουλιέλμος της Πρωσίας|Γουλιέλμος]], πρίγκιπας της Πρωσίας\n*[[1895]] - [[Στρατής Δούκας]], Έλληνας συγγραφέας και ζωγράφος\n*[[1898]] – [[Κόνραντ Χένλαϊν]], Τσέχος πολιτικός\n*[[1912]] - [[Έλεν Πράις]], Αυστριακή ξιφομάχος\n*[[1914]] - [[Αμπντουλάχ Γιακτά]], Αφγανός πολιτικός\n*[[1915]] – [[Όρσον Γουέλς]], Αμερικανός σκηνοθέτης και ηθοποιός\n*[[1916]] - [[Αντριάνα Κασελότι]], Αμερικανίδα ηθοποιός\n*[[1921]] - [[Νικόλαος Αστρινίδης]], Έλληνας συνθέτης\n*[[1923]] - [[Βερίνα Χούμπερ-Ντάισον]], Ελβετίδα μαθηματικός\n*[[1924]] – [[Πατρίσια Κένεντι Λόφορντ]], Αμερικανίδα κοσμική\n*[[1941]] - [[Ίβιτσα Όσιμ]], Βόσνιος ποδοσφαιριστής και προπονητής\n*[[1951]] – [[Σάμιουελ Ντόε]], Λιβεριανός πολιτικός\n*[[1953]] – [[Τόνι Μπλερ]], Βρετανός πολιτικός\n*[[1954]] – [[Ντόρα Μπακογιάννη]], Ελληνίδα πολιτικός\n*[[1956]] – [[Λάκης Λαζόπουλος]], Έλληνας ηθοποιός\n*[[1961]] – [[Τζορτζ Κλούνεϊ]], Αμερικανός ηθοποιός και σκηνοθέτης\n*[[1973]] – [[Ντέγιαν Τομάσεβιτς]], Σέρβος καλαθοσφαιριστής\n*[[1979]] - [[Γκερντ Κάντερ]], Εσθονός δισκοβόλος\n*[[1980]] – [[Δημήτρης Διαμαντίδης]], Έλληνας καλαθοσφαιριστής\n*[[1983]] – [[Ντανιέλ Άλβες]], Βραζιλιάνος ποδοσφαιριστής\n*[[1985]] - [[Κρις Πωλ]], Αμερικανός καλαθοσφαιριστής\n*[[1987]] – [[Μουν Γκουν-γιονγκ]], Νοτιοκορεάτισσα ηθοποιός\n*[[1991]] – [[Λευτέρης Κοσμίδης]], Έλληνας γυμναστής\n*[[1994]] - [[Ματέο Κόβασιτς]], Κροάτης ποδοσφαιριστής\n== Θάνατοι ==\n*[[680]] - [[Μωαβίας Α΄]], ιδρυτής του [[Χαλιφάτο των Ομεϋαδών|χαλιφάτου των Ομεϋαδών]]\n*[[988]] - [[Ντιρκ Β΄ της Ολλανδίας|Ντιρκ Β΄]], κόμης της Ολλανδίας\n*[[1527]] - [[Κάρολος Γ΄ του Μπουρμπόν|Κάρολος Γ΄]], δούκας της Βουρβόνης\n*[[1859]] – [[Αλεξάντερ φον Χούμπολτ]], Γερμανός φυσιοδίφης και εξερευνητής\n*[[1862]] – [[Χένρι Ντέιβιντ Θόρω]], Αμερικανός συγγραφέας και φιλόσοφος\n*[[1898]] - [[Σωτήριος Σωτηρόπουλος]], Έλληνας πολιτικός\n*[[1910]] – [[Εδουάρδος Ζ΄ του Ηνωμένου Βασιλείου|Εδουάρδος Ζ΄]], βασιλιάς του Ηνωμένου Βασιλείου\n*[[1913]] – [[Αλέξανδρος Σχινάς]], Έλληνας δολοφόνος του βασιλιά [[Γεώργιος Α΄ της Ελλάδας|Γεώργιου Α΄]]\n*[[1919]] - [[Φρανκ Μπάουμ]], Αμερικανός συγγραφέας\n*[[1933]] - [[Λι Τσινγκ Γιουν]], Κινέζος βοτανολόγος\n*[[1949]] – [[Μορίς Μαίτερλινκ]], Βέλγος συγγραφέας\n*[[1950]] - [[Γρηγόριος Ευστρατιάδης]], Έλληνας πολιτικός\n*[[1952]] – [[Μαρία Μοντεσσόρι]], Ιταλίδα παιδαγωγός\n*[[1964]] - [[Μάρκος Τσαρλαμπάς]], Έλληνας πολιτικός\n*[[1990]] - [[Μερκούρης Κυρατσούς]], Έλληνας πολιτικός\n*[[1991]] - [[Σπύρος Δοξιάδης]], Έλληνας γιατρός\n*[[1991]] - [[Κωνσταντίνος Εγκολφόπουλος]], Έλληνας αξιωματικός του Πολεμικού Ναυτικού\n*[[1992]] – [[Μαρλέν Ντίτριχ]], Γερμανίδα ηθοποιός\n*[[1995]] - [[Γεώργιος Μαύρος]], Έλληνας πολιτικός\n*[[1998]] - [[Σύμπιλ Κόνολυ]], Ιρλανδή σχεδιάστρια μόδας\n*[[2000]] - [[Στέλιος Ανεμοδουράς]], Έλληνας συγγραφέας\n*[[2012]] – [[Κώστας Καρράς]], Έλληνας ηθοποιός και πολιτικός\n*[[2012]] – [[Μαρίκα Μητσοτάκη]], Ελληνίδα σύζυγος του [[Κωνσταντίνος Μητσοτάκης|Κωνσταντίνου Μητσοτάκη]]\n*[[2013]] – [[Τζούλιο Αντρεότι]], Ιταλός πολιτικός\n*[[2014]] - [[Αντώνιος Πάντος]], Έλληνας πολιτικός\n\n== Αργίες και εορτές ==\n=== [[Ορθόδοξη Εκκλησία]] ===\n{{Πύλη:Ορθοδοξία/Εορτολόγιο/6 Μαΐου}}\n\n\n{{Μήνες}}\n\n[[Κατηγορία:Ημέρες του έτους]]"}}}]}]}}