{"batchcomplete":true,"query":{"normalized":[{"fromencoded":false,"from":"7_Δεκεμβρίου","to":"7 Δεκεμβρίου"}],"pages":[{"pageid":3734,"ns":0,"title":"7 Δεκεμβρίου","revisions":[{"slots":{"main":{"contentmodel":"wikitext","contentformat":"text/x-wiki","content":"{{χωρίς παραπομπές|04|12|2023}}\n{{Μήνες Δεκεμβρίου}}\n\n<center>[[6 Δεκεμβρίου]] | '''7 Δεκεμβρίου''' | [[8 Δεκεμβρίου]]</center>\n\n----\nΗ '''7η Δεκεμβρίου''' είναι η 341η ημέρα του έτους κατά το [[Γρηγοριανό ημερολόγιο]] (342η σε δίσεκτα έτη). Υπολείπονται 24 ημέρες.\n\n{{ΗμερολόγιοΣεΠίνακα|12}}\n\n== Γεγονότα ==\n*[[43 π.Χ.]] - Δολοφονείται ο [[Μάρκος Τύλλιος Κικέρων]].\n*[[574]] - Ο [[Βυζαντινή Αυτοκρατορία|Βυζαντινός αυτοκράτορας]] [[Ιουστίνος Β΄]] αποσύρεται λόγω επαναλαμβανόμενων κρίσεων παράνοιας και παραιτείται από το θρόνο υπέρ του στρατηγού [[Τιβέριος Β΄|Τιβέριου Β΄]], ανακηρύσσοντάς τον [[Καίσαρας|καίσαρα]].  \n*[[1703]] - Ξεσπάει η Μεγάλη Καταιγίδα του 1703, η μεγαλύτερη ανεμοθύελλα που έχει καταγραφεί ποτέ στο νότιο τμήμα της [[Μεγάλη Βρετανία|Μεγάλης Βρετανίας]].\n*[[1724]] - Οι [[Πολωνία|πολωνικές]] αρχές εκτελούν εννέα [[Προτεσταντισμός|προτεστάντες]] πολίτες και τον δήμαρχο του [[Τόρουν]], λόγω των θρησκευτικών ταραχών που είχαν ξεσπάσει στην πόλη.\n*[[1776]] - Ο [[Ζιλμπέρ ντυ Μοτιέ ντε Λα Φαγιέτ]] μπαίνει στον [[Ηνωμένες Πολιτείες Αμερικής|αμερικανικό]] στρατό ως υποστράτηγος.   \n*[[1787]] - Το [[Ντέλαγουερ]] γίνεται η πρώτη πολιτεία που επικυρώνει το [[Σύνταγμα]] των [[Ηνωμένες Πολιτείες Αμερικής|Η.Π.Α.]]\n*[[1826]] - Ο [[Γεώργιος Καραϊσκάκης]] νικά τους [[Οθωμανική Αυτοκρατορία|Οθωμανούς]] στο Τουρκοχώρι [[Ελάτεια]]ς.\n*[[1869]] - Ο [[Ηνωμένες Πολιτείες Αμερικής|Αμερικανός]] κακοποιός [[Τζέσε Τζέιμς]] πραγματοποιεί την πρώτη του επιβεβαιωμένη ληστεία τράπεζας στο [[Μιζούρι (πολιτεία)|Μιζούρι]].\n*[[1912]] - Ο [[Ελληνικός Στρατός Ξηράς|ελληνικός στρατός]] απελευθερώνει την [[Κορυτσά]].\n*[[1917]] - [[Α΄ Παγκόσμιος Πόλεμος]]: Οι [[Ηνωμένες Πολιτείες Αμερικής]] κηρύσσουν τον πόλεμο στην [[Αυστροουγγαρία]]. \n*[[1930]] - Ο τηλεοπτικός σταθμός W1XAV στη [[Βοστώνη]] μεταδίδει βίντεο από το ορχηστρικό ραδιοφωνικό πρόγραμμα του [[CBS]]. Η τηλεοπτική εκπομπή περιλαμβάνει επίσης την πρώτη τηλεοπτική εμπορική διαφήμιση στις [[Ηνωμένες Πολιτείες Αμερικής]], μία διαφήμιση επιχείρησης επεξεργασίας γούνας, η οποία χρηματοδότησε τη ραδιοφωνική εκπομπή.   \n*[[1941]] - [[Β΄ Παγκόσμιος Πόλεμος]]: [[Επίθεση στο Περλ Χάρμπορ]]. Το αυτοκρατορικό [[Ιαπωνία|ιαπωνικό]] ναυτικό πραγματοποιεί αιφνιδιαστική επίθεση κατά των [[Ηνωμένες Πολιτείες Αμερικής|αμερικανικών]] δυνάμεων στο [[Περλ Χάρμπορ]] της [[Χαβάη]]ς.\n*[[1946]] - Πυρκαγιά σε ξενοδοχείο στην [[Ατλάντα]] σκοτώνει 119 άτομα. Πρόκειται για την πιο θανατηφόρα πυρκαγιά σε ξενοδοχείο στην [[Ηνωμένες Πολιτείες Αμερικής|αμερικανική]] ιστορία.\n*[[1949]] - [[Κινέζικος Εμφύλιος Πόλεμος]]: Η κυβέρνηση της [[Δημοκρατία της Κίνας|Δημοκρατίας της Κίνας]] μετακινείται από τη [[Ναντσίνγκ]] στην [[Ταϊπέι]].\n*[[1963]] - Συλλαμβάνεται ως ύποπτος για τις δολοφονίες που αποδίδονται στο \"Δράκο του Σέιχ Σου\", ο [[Αριστείδης Παγκρατίδης]], ο οποίος υποβάλλεται σε εξαντλητική ανάκριση. Αρνείται αρχικά την ενοχή του, ομολογεί τέσσερις ημέρες αργότερα ότι αυτός είναι ο \"δράκος\" που τρομοκρατεί επί τέσσερα χρόνια τη [[Θεσσαλονίκη]], για να ανακαλέσει στη συνέχεια την ομολογία του, επικαλούμενος πιέσεις.\n*[[1965]] - Ο [[Πάπας Παύλος ΣΤ΄]] και ο [[Πατριάρχης Αθηναγόρας]] ανακαλούν ταυτόχρονα τους αμοιβαίους [[Θρησκευτικές ποινές|αφορισμούς]] που είχαν τεθεί σε ισχύ από το [[1054]].\n*[[1972]] - Εκτοξεύεται ο ''Απόλλων 17'', η τελευταία αποστολή του [[Απόλλων (διαστημικό πρόγραμμα)|προγράμματος Απόλλων]] στη [[Σελήνη]].\n*[[1983]] - [[Boeing 727]] της [[Iberia Líneas Aéreas de España]] συγκρούεται με DC-9 της Aviaco, ενώ τα δύο αεροπλάνα τροχοδρομούσαν μέσα σε πυκνή ομίχλη στο [[Διεθνές Αεροδρόμιο Μαδρίτης Μπαράχας]], σκοτώνοντας 93 άτομα. \n*[[2003]] - Συστήνεται επίσημα το [[Συντηρητικό Κόμμα του Καναδά]], μετά τη συγχώνευση της Καναδικής Συμμαχίας και του Προοδευτικού Συντηρητικού Κόμματος του Καναδά.  \n\n== Γεννήσεις ==\n*[[1598]] - [[Τζαν Λορέντσο Μπερνίνι]], Ιταλός γλύπτης\n*[[1801]] - [[Γιόχαν Νέστροϋ]], Αυστριακός ηθοποιός και θεατρικός συγγραφέας\n*[[1862]] - [[Πωλ Αντάμ]], Γάλλος συγγραφέας\n*[[1863]] - [[Πιέτρο Μασκάνι]], Ιταλός συνθέτης\n*[[1873]] - [[Βίκτορ Τσερνόφ]], Ρώσος επαναστάτης\n*[[1889]] - [[Γκαμπριέλ Μαρσέλ]], Γάλλος φιλόσοφος\n*[[1893]] - [[Φέι Μπέιντερ]], Αμερικανίδα ηθοποιός\n*[[1905]] - [[Γκέραρντ Κάιπερ]], Ολλανδός αστρονόμος\n*[[1915]] - [[Ίλαϊ Γουάλας]], Αμερικανός ηθοποιός\n*[[1924]] - [[Μάριο Σοάρες]], Πορτογάλος πολιτικός\n*[[1928]] - [[Νόαμ Τσόμσκι]], Αμερικανός γλωσσολόγος και φιλόσοφος\n*[[1932]] - [[Έλεν Μπέρστιν]], Αμερικανίδα ηθοποιός\n*[[1948]] - [[Λάκης Παπαδόπουλος]], Έλληνας τραγουδοποιός\n*[[1949]] - [[Τομ Γουέιτς]], Αμερικανός τραγουδοποιός και ηθοποιός\n*[[1956]] - [[Λάρι Μπερντ]], Αμερικανός καλαθοσφαιριστής\n*[[1956]] - [[Ιβέτα Ραντίτσοβα]], Σλοβάκα πολιτικός\n*[[1967]] - [[Δημήτρης Μπασλάμ]], Έλληνας μουσικός και συγγραφέας\n*[[1972]] - [[Τάμι Λιν Σιτς]], Αμερικανίδα παλαίστρια\n*[[1974]] - [[Παναγιώτης Λιαδέλης]], Έλληνας καλαθοσφαιριστής\n*[[1978]] - [[Mr. Porter]], Αμερικανός ράπερ και παραγωγός\n*[[1979]] - [[Μάριαν Κέλεμεν]], Σλοβάκος ποδοσφαιριστής\n*[[1979]] - [[Λάμπρος Χούτος]], Έλληνας ποδοσφαιριστής\n*[[1980]] - [[Τζον Τέρι]], Άγγλος ποδοσφαιριστής\n*[[1982]] - [[Χρύσπα]], Ελληνίδα τραγουδίστρια\n*[[1984]] - [[Ρόμπερτ Κούμπιτσα]], Πολωνός οδηγός αγώνων\n*[[1985]] - [[Ντιν Άμπροουζ]], Αμερικανός παλαιστής\n*[[2003]] - [[Αικατερίνη Αμαλία της Ολλανδίας|Αικατερίνη Αμαλία]], πριγκίπισσα της Ολλανδίας\n\n== Θάνατοι ==\n{{commonscat|7 December}}\n*[[43 π.Χ.]] - [[Μάρκος Τύλλιος Κικέρων]], Ρωμαίος πολιτικός και φιλόσοφος\n*[[283]] - [[Πάπας Ευτυχιανός]]\n*[[983]] - [[Όθων Β΄ της Αγίας Ρωμαϊκής Αυτοκρατορίας|Όθων Β΄]], αυτοκράτορας της Αγίας Ρωμαϊκής Αυτοκρατορίας\n*[[1254]] - [[Πάπας Ιννοκέντιος Δ΄]]\n*[[1560]] - [[Ερνέστος της Βαυαρίας (1500-1560)|Ερνέστος]], αρχιεπίσκοπος του Σάλτσμπουργκ\n*[[1815]] - [[Μισέλ Νεΰ]], Γάλλος στρατιωτικός\n*[[1874]] - [[Κόνσταντιν φον Τίσεντορφ]], Γερμανός λόγιος\n*[[1894]] - [[Φερντινάν Λεσσέψ]], Γάλλος διπλωμάτης και επιχειρηματίας\n*[[1960]] - [[Ιωάννης Δεμέστιχας]], Έλληνας στρατιωτικός και πολιτικός\n*[[1975]] - [[Θόρντον Ουάιλντερ]], Αμερικανός συγγραφέας\n*[[1976]] - [[Κώστας Μουσούρης]], Έλληνας ηθοποιός και σκηνοθέτης\n*[[1979]] - [[Σεσίλια Πέιν-Γκαπόσκιν]], Αγγλίδα αστρονόμος\n*[[1982]] - [[Δημήτριος Βουρδουμπάς]], Έλληνας πολιτικός\n*[[1985]] - [[Ρόμπερτ Γκρέιβς]], Άγγλος συγγραφέας\n*[[1986]] - [[Κώστας Πούλης]], Έλληνας ποδοσφαιριστής\n\n== Αργίες και εορτές ==\n\n=== [[Ορθόδοξη Εκκλησία]] ===\n{{Πύλη:Ορθοδοξία/Εορτολόγιο/7 Δεκεμβρίου}}\n\n{{Μήνες}}\n\n[[Κατηγορία:Ημέρες του έτους]]"}}}]}]}}