{"batchcomplete":true,"query":{"normalized":[{"fromencoded":false,"from":"7_Σεπτεμβρίου","to":"7 Σεπτεμβρίου"}],"pages":[{"pageid":8019,"ns":0,"title":"7 Σεπτεμβρίου","revisions":[{"slots":{"main":{"contentmodel":"wikitext","contentformat":"text/x-wiki","content":"{{Μήνες Σεπτεμβρίου}}\n\n<center>[[6 Σεπτεμβρίου]] | '''7 Σεπτεμβρίου''' | [[8 Σεπτεμβρίου]]</center>\n\n----\n{{ΗμερολόγιοΣεΠίνακα|9}}\nΗ '''7η Σεπτεμβρίου''' είναι η 250η ημέρα του έτους κατά το [[Γρηγοριανό ημερολόγιο]] (251η σε δίσεκτα έτη). Υπολείπονται 115 ημέρες.\n\n== Γεγονότα ==\n*[[70]] - Ο [[Ρωμαϊκή Αυτοκρατορία|ρωμαϊκός]] στρατός υπό τον [[Τίτος|Τίτο]] [[Πολιορκία της Ιερουσαλήμ (70 μ.Χ.)|καταλαμβάνει και λεηλατεί]] την [[Ιερουσαλήμ]].\n*[[878]] - Ο [[Λουδοβίκος ο Τραυλός]] στέφεται βασιλιάς της [[Δυτική Φραγκία|Δυτικής Φραγκίας]] από τον [[Πάπας Ιωάννης Η΄|Πάπα Ιωάννη Η΄]].\n*[[1159]] - Εκλέγεται ο [[Πάπας Αλέξανδρος Γ΄]].\n*[[1191]] - [[Γ΄ Σταυροφορία]]: Ο [[Ριχάρδος ο Λεοντόκαρδος]] νικά τον [[Σαλαντίν]] στη μάχη του [[Απολλωνία-Αρσούφ|Αρσούφ]].\n*[[1228]] - Ο [[αυτοκράτορας της Αγίας Ρωμαϊκής Αυτοκρατορίας]] [[Φρειδερίκος Β΄ Χοενστάουφεν]] φτάνει στην [[Άκρα]] του [[Ισραήλ]] και ξεκινά την [[ΣΤ΄ Σταυροφορία]], η οποία έχει ως αποτέλεσμα την ειρηνική παλινόρθωση του [[Βασίλειο της Ιερουσαλήμ|Βασιλείου της Ιερουσαλήμ]].\n*[[1303]] - Ο [[Πάπας Βονιφάτιος Η΄]] αιχμαλωτίζεται εξ ονόματος του [[Φίλιππος Δ΄ της Γαλλίας|Φιλίππου Δ΄ της Γαλλίας]].\n*[[1571]] - Ο Τόμας Χάουαρντ, 4ος δούκας του Νόρφολκ, συλλαμβάνεται για το ρόλο του στη συνωμοσία Ριντόλφι, που είχε ως σκοπό τη δολοφονία της βασίλισσας [[Ελισάβετ Α΄ της Αγγλίας]] και την αντικατάστασή της με τη [[Μαρία Α΄ της Σκωτίας]].\n*[[1652]] - Περίπου 15.000 [[Κινέζοι Χαν]] επαναστατούν κατά της [[Ολλανδία|ολλανδικής]] κυριαρχίας στην [[Δημοκρατία της Κίνας|Ταϊβάν]].\n*[[1706]] - [[Πόλεμος της Ισπανικής Διαδοχής]]: Τερματίζεται η πολιορκία του [[Τορίνο]], οδηγώντας στην αποχώρηση των [[Γαλλία|γαλλικών]] δυνάμεων από τη βόρεια [[Ιταλία]].\n*[[1776]] - Σύμφωνα με [[Ηνωμένες Πολιτείες Αμερικής|αμερικανικές]] αποικιακές αναφορές, ο Έζρα Λι πραγματοποιεί την πρώτη [[Υποβρύχιο|υποβρύχια]] επίθεση στον κόσμο με το ''Turtle'', προσπαθώντας να τοποθετήσει ωρολογιακή βόμβα στο κύτος του HMS ''Eagle'' στο λιμάνι της [[Νέα Υόρκη|Νέας Υόρκης]] (ωστόσο στα [[Μεγάλη Βρετανία|βρετανικά]] αρχεία δεν υπάρχει καμία αναφορά σ' αυτή την επίθεση).\n*[[1778]] - [[Αμερικανική Επανάσταση]]: Οι [[Γαλλία|Γάλλοι]] εισβάλλουν στη [[Δομινίκα]], στις Βρετανικές Δυτικές Ινδίες, προτούν καν ενημερωθεί η [[Μεγάλη Βρετανία]] για την εμπλοκή της Γαλλίας στον πόλεμο.\n*[[1812]] - [[Γαλλική εισβολή στη Ρωσία]]: Διεξάγεται κοντά στη [[Μόσχα]] η [[μάχη του Μποροντίνο]], η πιο αιματηρή μάχη των [[Ναπολεόντειοι Πόλεμοι|Ναπολεόντειων Πολέμων]], η οποία λήγει με νίκη των [[Γαλλία|Γάλλων]].\n*[[1818]] - Ο [[Κάρολος ΙΔ΄ Ιωάννης της Σουηδίας]] στέφεται βασιλιάς της [[Ένωση Σουηδίας-Νορβηγίας|Νορβηγίας]] στο [[Τρόντχαϊμ]].\n*[[1822]] - Στο [[Σάο Πάολο]], ο [[Πέτρος Α΄ της Βραζιλίας|Πέτρος Α΄]] ανακηρύσσει τη [[Βραζιλία]] ανεξάρτητη από την [[Πορτογαλία]]. \n*[[1860]] - [[Ιταλική ενοποίηση]]: Ο [[Τζουζέπε Γκαριμπάλντι]] μπαίνει στη [[Νάπολη]].\n*[[1864]] - [[Αμερικανικός Εμφύλιος Πόλεμος]]: Η [[Ατλάντα]] εκκενώνεται κατόπιν διαταγής του [[Στρατός της Ένωσης|στρατηγού της Ένωσης]], Τεκάμσε Σέρμαν.\n*[[1876]] - Ο [[Τζέσε Τζέιμς]] και η συμμορία του προσπαθούν να ληστέψουν μία τράπεζα στο Νόρθφιλντ της [[Μινεσότα]] αλλά εκδιώκονται από ένοπλους πολίτες.\n*[[1893]] - Ιδρύεται η [[Τζένοα]], ο παλαιότερος [[Ιταλία|ιταλικός]] [[Ποδόσφαιρο|ποδοσφαιρικός]] σύλλογος.\n*[[1895]] - Διεξάγεται στην [[Αγγλία]] ο πρώτος αγώνας [[ράγκμπι λιγκ]].\n*[[1901]] - Υπογράφεται το Πρωτόκολλο των Μπόξερς, με το οποίο τερματίζεται επίσημα η [[Εξέγερση των Μπόξερ]] στην [[Δυναστεία Τσινγκ|Κίνα]].\n*[[1907]] - Το [[RMS Lusitania]] σαλπάρει για το παρθενικό του ταξίδι από το [[Λίβερπουλ]] της [[Αγγλία]]ς στη [[Νέα Υόρκη]]. \n*[[1928]] - Αρχίζει ο πρώτος ποδηλατικός Γύρος της [[Πολωνία]]ς.\n* [[1999]] - [[Σεισμός της Αθήνας του 1999|Σεισμός μεγέθους 5,9 βαθμών Ρίχτερ]] πλήττει την Αθήνα, με απολογισμό 143 νεκρούς, 700 τραυματίες και χιλιάδες άστεγους.\n* [[2004]] - Ο [[τυφώνας]] Ιβάν πλήττει τη [[Γρενάδα]], με 39 νεκρούς.\n* [[2005]] - Πρώτες προεδρικές εκλογές στην [[Αίγυπτος|Αίγυπτο]].\n\n== Γεννήσεις ==\n*[[1524]] - [[Τόμας Εράστους]], Ελβετός θεολόγος\n*[[1533]] - [[Ελισάβετ Α΄ της Αγγλίας|Ελισάβετ Α΄]], βασίλισσα της Αγγλίας\n*[[1641]] - [[Αλέξανδρος Μαυροκορδάτος (ο εξ απορρήτων)]], Έλληνας διπλωμάτης\n*[[1683]] - [[Μαρία Άννα της Αυστρίας|Μαρία Άννα]], αρχιδούκισσα της Αυστρίας\n*[[1726]] - [[Φρανσουά-Αντρέ Ντανικάν Φιλιντόρ]], Γάλλος συνθέτης και σκακιστής\n*[[1842]] - [[Γιόχαν Τσούκερτορτ]], Πολωνός σκακιστής\n*[[1883]] - [[Θεόφραστος Σακελλαρίδης]], Έλληνας συνθέτης\n*[[1909]] - [[Ελία Καζάν]], Έλληνας σκηνοθέτης\n*[[1911]] - [[Τόντορ Ζίβκοβ]], Βούλγαρος πολιτικός\n*[[1913]] - [[Άντονι Κουέιλ]], Άγγλος ηθοποιός και σκηνοθέτης\n*[[1914]] - [[Τζέιμς Βαν Άλεν]], Αμερικανός επιστήμονας\n*[[1914]] - [[Λίντα Μπάροβα]], Τσέχα ηθοποιός\n*[[1925]] - [[Λόρα Άσλεϊ]], Ουαλή σχεδιάστρια μόδας\n*[[1930]] - [[Βαλδουίνος του Βελγίου|Βαλδουίνος]], βασιλιάς του Βελγίου\n*[[1931]] - [[Νικόδημος Αναγνώστου]], Έλληνας μητροπολίτης\n*[[1931]] - [[Μακάντα Μακιντιρέ]], Αμερικανός μουσικός\n*[[1936]] - [[Απόστολος Κακλαμάνης]], Έλληνας πολιτικός\n*[[1939]] - [[Στανισλάβ Γεβγκράφοβιτς Πετρόφ]], Ρώσος στρατιωτικός\n*[[1939]] - [[Χρήστος Τσάγκας]], Έλληνας ηθοποιός\n*[[1942]] - [[Βασίλης Κοντογιαννόπουλος]], Έλληνας πολιτικός\n*[[1949]] - [[Πέτρος Βαγιόπουλος]], Έλληνας συνθέτης\n*[[1949]] - [[Γκλόρια Γκέινορ]], Αμερικανίδα τραγουδίστρια\n*[[1952]] - [[Γιώργος Γερολυμάτος]], Έλληνας τραγουδιστής\n*[[1952]] - [[Μοντιμπό Σιντιμπέ]], πρωθυπουργός του Μάλι\n*[[1958]] - [[Γκόραν Χάτζιτς]], Σέρβος πολιτικός\n*[[1959]] - [[Θαλής Τσιριμώκος]], Έλληνας ποδοσφαιριστής\n*[[1963]] - [[Eazy-E]], Αμερικανός ράπερ\n*[[1981]] - [[Γκοκχάν Ζαν]], Τούρκος ποδοσφαιριστής\n*[[1981]] - [[Ιμπραχίμ Χαλίλ Μπαράν]], Τούρκος συγγραφέας\n*[[1983]] - [[Μεχμέτ Τοπούζ]], Τούρκος ποδοσφαιριστής\n*[[1987]] - [[Έβαν Ρέιτσελ Γουντ]], Αμερικανίδα ηθοποιός\n*[[1988]] - [[Κέβιν Λαβ]], Αμερικανός καλαθοσφαιριστής\n*[[1992]] - [[Γκιζέμ Καρατζά]], Τουρκάλα ηθοποιός και μοντέλο\n\n== Θάνατοι ==\n*[[1151]] - [[Γοδεφρείδος Ε΄ του Ανζού|Γοδεφρείδος Ε΄]], κόμης του Ανζού\n*[[1312]] - [[Φερδινάνδος Δ΄ της Καστίλης|Φερδινάνδος Δ΄]], βασιλιάς της Καστίλης\n*[[1362]] - [[Ιωάννα του Πύργου]], βασίλισσα της Σκωτίας\n*[[1464]] - [[Φρειδερίκος Β΄ της Σαξονίας|Φρειδερίκος Β΄]], εκλέκτορας της Σαξονίας\n*[[1548]] - [[Αικατερίνη Παρ]], βασίλισσα της Αγγλίας\n*[[1566]] - [[Σουλεϊμάν Α΄ ο Μεγαλοπρεπής]], Οθωμανός σουλτάνος\n*[[1910]] - [[Ουίλιαμ Χόλμαν Χαντ]], Άγγλος ζωγράφος\n*[[1933]] - [[Έντουαρντ Γκρέι]], Άγγλος πολιτικός\n*[[1949]] - [[Χοσέ Κλεμέντε Ορόσκο]], Μεξικανός ζωγράφος\n*[[1962]] - [[Κάρεν Μπλίξεν]], Δανή συγγραφέας\n*[[1978]] - [[Κιθ Μουν]], Άγγλος ντράμερ ([[The Who]])\n*[[1981]] - [[Κρίστι Μπράουν]], Ιρλανδός συγγραφέας\n*[[1988]] - [[Σπύρος Θεοτόκης]], Έλληνας πολιτικός\n*[[1991]] - [[Έντουιν Μ. ΜακΜίλαν]], Αμερικανός φυσικός\n*[[1997]] - [[Μομπούτου Σέσε Σέκο]], πρόεδρος του Ζαΐρ\n*[[2002]] - [[Εουτζέν Κοσέριου]], Ρουμάνος γλωσσολόγος\n*[[2003]] - [[Αρτέμης Μάτσας]], Έλληνας ηθοποιός\n*[[2005]] - [[Σέρτζο Εντρίγκο]], Ιταλός τραγουδιστής\n*[[2007]] - [[Τζον Κόμπτον]], πρωθυπουργός της Αγίας Λουκίας\n*[[2015]] - [[Βούλα Ζουμπουλάκη]], Ελληνίδα ηθοποιός\n*[[2017]] - [[Δημήτρης Βάρος]], Έλληνας συγγραφέας\n*[[2017]] - [[Μπέμπα Μπλανς]], Ελληνίδα τραγουδίστρια\n\n== Αργίες και εορτές ==\n=== [[Ορθόδοξη Εκκλησία]] ===\n{{Πύλη:Ορθοδοξία/Εορτολόγιο/7 Σεπτεμβρίου}}\n\n{{Μήνες}}\n\n[[Κατηγορία:Ημέρες του έτους]]"}}}]}]}}