{"batchcomplete":true,"query":{"normalized":[{"fromencoded":false,"from":"7_Αυγούστου","to":"7 Αυγούστου"}],"pages":[{"pageid":3006,"ns":0,"title":"7 Αυγούστου","revisions":[{"slots":{"main":{"contentmodel":"wikitext","contentformat":"text/x-wiki","content":"{{Μήνες Αυγούστου}}\n\n<center>[[6 Αυγούστου]] | '''7 Αυγούστου''' | [[8 Αυγούστου]]</center>\n\n----\nΗ '''7η Αυγούστου''' είναι η 219η ημέρα του έτους κατά το [[Γρηγοριανό ημερολόγιο]] (220η σε δίσεκτα έτη). Υπολείπονται 146 ημέρες.\n\n{{ΗμερολόγιοΣεΠίνακα|8}}\n\n== Γεγονότα ==\n*[[322 π.Χ.]] - Οι [[Μακεδονία (αρχαίο βασίλειο)|Μακεδόνες]] νικούν τους [[Αρχαία Αθήνα|Αθηναίους]] στη [[μάχη της Κραννώνας]].\n*[[461]] - Ο Ρωμαίος αυτοκράτορας [[Μαϊοριανός]] αποκεφαλίζεται στη βορειοδυτική [[Ιταλία]] μετά τη σύλληψή του και την εκθρόνισή του από τον Ρικίμερο.\n*[[626]] - Οι στρατοί των [[Άβαροι|Αβάρων]] και των [[Σλάβοι|Σλάβων]] εγκαταλείπουν την [[Πολιορκία της Κωνσταντινούπολης (626)|πολιορκία της Κωνσταντινούπολης]].\n*[[768]] - Ο [[Πάπας Στέφανος Γ΄|Στέφανος Γ΄]] γίνεται [[Πάπας]].\n*[[936]] - Ο [[Όθων Α΄ της Αγίας Ρωμαϊκής Αυτοκρατορίας|Όθων Α΄]] στέφεται βασιλιάς της [[Γερμανία]]ς.\n*[[1427]] - Ο στόλος των [[Οίκος των Βισκόντι|Βισκόντι]] καταστρέφεται από τους [[Βενετική Δημοκρατία|Βενετούς]] στον ποταμό [[Πάδος|Πάδο]].\n*[[1679]] - Το [[βριγαντίνο]] ''Le Griffon'' ρυμουλκείται στο νοτιοανατολικό άκρο του ποταμού [[Νιαγάρας|Νιαγάρα]], για να γίνει το πρώτο πλοίο που θα πλεύσει στις άνω [[Μεγάλες Λίμνες]] της [[Βόρεια Αμερική|Βόρειας Αμερικής]].  \n*[[1819]] - Ο [[Σιμόν Μπολίβαρ]] θριαμβεύει επί της [[Ισπανία]]ς στη [[μάχη της Μπογιακά]].\n*[[1929]] - Ιδρύεται στο [[Ηράκλειο Κρήτης]] ο [[Γ.Σ. Εργοτέλης]].\n*[[1942]] - [[Β΄ Παγκόσμιος Πόλεμος]]: Ξεκινάει η μάχη του [[Γκουανταλκανάλ]] καθώς το [[Σώμα Πεζοναυτών των ΗΠΑ]] πραγματοποιεί την πρώτη [[Ηνωμένες Πολιτείες Αμερικής|αμερικανική]] επίθεση του πολέμου με αποβάσεις στις [[Νήσοι Σολομώντα|Νήσους Σολομώντα]].\n*[[1947]] - Η ξύλινη σχεδία του [[Θορ Χέιερνταλ]] συντρίβεται σε [[Ύφαλος|ύφαλο]] στην ατόλη Ραρόια στο [[Τουαμότου Αρχιπέλαγος|αρχιπέλαγος Τουαμότου]] μετά από ένα ταξίδι 101 ημερών και 7.000 χιλιομέτρων στον [[Ειρηνικός Ωκεανός|Ειρηνικό Ωκεανό]], σε μια προσπάθεια να αποδείξει ότι οι προϊστορικοί λαοί θα μπορούσαν να έχουν ταξιδέψει εκεί από τη Νότια Αμερική. \n*[[1959]] - [[Πρόγραμμα Explorer]]: Εκτοξεύεται ο Explorer 6.\n*[[1960]] - Η [[Ακτή Ελεφαντοστού]] αποκτά την ανεξαρτησία της από τη [[Γαλλία]].\n*[[1964]] - [[Πόλεμος του Βιετνάμ]]: Το [[Κογκρέσο των Ηνωμένων Πολιτειών]] υπερψηφίζει το «ψήφισμα του κόλπου Τόνκιν» παραχωρώντας στον πρόεδρο των [[Ηνωμένες Πολιτείες Αμερικής|Η.Π.Α.]], [[Λύντον Τζόνσον]], ευρείες εξουσίες πολέμου για να αντιμετωπιστούν οι επιθέσεις του Βορείου [[Βιετνάμ]] εναντίον των αμερικανικών δυνάμεων.\n*[[1976]] - Πρόγραμμα Βίκινγκ: Το Βίκινγκ 2 μπαίνει σε τροχιά γύρω από τον [[Άρης (πλανήτης)|Άρη]].\n*[[1990]] - [[Πόλεμος του Κόλπου]]: Φτάνουν στη [[Σαουδική Αραβία]] οι πρώτοι [[Ηνωμένες Πολιτείες Αμερικής|Αμερικανοί]] στρατιώτες.\n*[[1998]] - Βομβιστικές επιθέσεις στις πρεσβείες των [[Ηνωμένες Πολιτείες Αμερικής|Ηνωμένων Πολιτειών]] στο [[Νταρ ες Σαλάμ]], [[Τανζανία]], και στο [[Ναϊρόμπι]], [[Κένυα]], σκοτώνουν συνολικά 224 άτομα.\n\n== Γεννήσεις ==\n*[[317]] - [[Κωνστάντιος Β´]], Ρωμαίος αυτοκράτορας\n*[[1533]] - [[Βάλεντιν Βάιγκελ]], Γερμανός θεολόγος\n*[[1560]] - [[Ελισάβετ Μπάθορι]], Ουγγαρέζα ευγενής\n*[[1867]] - [[Έμιλ Νόλντε]], Δανός ζωγράφος\n*[[1876]] - [[Μάτα Χάρι]], Ολλανδέζα κατάσκοπος\n*[[1881]] - [[Φρανσουά Ζαν Νταρλάν]], Γάλλος ναύαρχος και πολιτικός\n*[[1919]] - [[Ιάσων Δεπούντης]], Έλληνας ποιητής\n*[[1932]] - [[Αμπέμπε Μπικίλα]], Αιθίοπας δρομέας\n*[[1934]] - [[Γεώργιος Κατσάνης]], Έλληνας στρατιωτικός\n*[[1937]] - [[Μάτζικ Σλιμ]], Αμερικανός τραγουδιστής και κιθαρίστας\n*[[1938]] - [[Τζορτζέτο Τζουτζιάρο]], Ιταλός σχεδιαστής αυτοκινήτων\n*[[1943]] - [[Γρηγόρης Αγανιάν]], Έλληνας ποδοσφαιριστής\n*[[1948]] - [[Αντώνης Βαρδής]], Έλληνας τραγουδοποιός\n*[[1951]] - [[Γκάρι Χολ]], Αμερικανός κολυμβητής\n*[[1955]] - [[Γρηγόρης Βαλτινός]], Έλληνας ηθοποιός και σκηνοθέτης\n*[[1958]] - [[Μπρους Ντίκινσον]], Άγγλος τραγουδιστής ([[Iron Maiden]])\n*[[1962]] - [[Αλέν Ρομπέρ]], Γάλλος αναρριχητής\n*[[1966]] - [[Τζίμι Γουέιλς]], Αμερικανός επιχειρηματίας, συνιδρυτής της [[Βικιπαίδεια]]ς\n*[[1970]] - [[Έρικ Νέιμσνικ]], Αμερικανός κολυμβητής\n*[[1973]] - [[Κέβιν Μούσκατ]], Αυστραλός ποδοσφαιριστής\n*[[1975]] - [[Σαρλίζ Θερόν]], Νοτιοαφρικανή ηθοποιός\n*[[1976]] - [[Δημήτρης Ελευθερόπουλος]], Έλληνας ποδοσφαιριστής\n*[[1982]] - [[Μάρτιν Βούτσιτς]], Σλαβομακεδόνας τραγουδιστής\n*[[1982]] - [[Βασίλης Σπανούλης]], Έλληνας καλαθοσφαιριστής\n*[[1984]] - [[Στράτος Περπέρογλου]], Έλληνας καλαθοσφαιριστής\n\n== Θάνατοι ==\n*[[461]] - [[Μαϊοριανός]], Ρωμαίος αυτοκράτορας\n*[[833]] - [[Αλ-Μαμούν]], χαλίφης των Αββασιδών\n*[[1106]] - [[Ερρίκος Δ΄ της Αγίας Ρωμαϊκής Αυτοκρατορίας|Ερρίκος Δ΄]], αυτοκράτορας της Αγίας Ρωμαϊκής Αυτοκρατορίας\n*[[1485]] - [[Αλέξανδρος Στιούαρτ, δούκας του Όλμπανυ]]\n*[[1616]] - [[Βιτσέντζο Σκαμότσι]], Ιταλός αρχιτέκτονας\n*[[1785]] - [[Λουδοβίκος Αντώνιος των Βουρβόνων]], ινφάντης της Ισπανίας\n*[[1848]] - [[Γιονς Γιάκομπ Μπερτσέλιους]], Σουηδός χημικός\n*[[1893]] - [[Αλφρέντο Καταλάνι]], Ιταλός συνθέτης\n*[[1913]] - [[Σάμιουελ Φράνκλιν Κόντι]], Αμερικανός αεροπόρος\n*[[1921]] - [[Αλεξάντρ Μπλοκ]], Ρώσος ποιητής\n*[[1938]] - [[Κονσταντίν Στανισλάφσκι]], Ρώσος ηθοποιός και σκηνοθέτης\n*[[1941]] - [[Ραμπιντρανάθ Ταγκόρ]], Ινδός συγγραφέας\n*[[1957]] - [[Όλιβερ Χάρντι]], Αμερικανός ηθοποιός\n*[[1970]] - [[Δημήτριος Στρατής]], Έλληνας πολιτικός\n*[[1972]] - [[Ασπασία Μάνου]], πριγκίπισσα της Ελλάδος\n*[[1995]] - [[Αντώνης Αμπατιέλος]], Έλληνας πολιτικός\n*[[2006]] - [[Ανδρέας Λαζάνης]], Έλληνας μετεωρολόγος\n*[[2022]] - [[Διονύσης Σιμόπουλος]], Έλληνας αστροφυσικός και επίτιμος διευθυντής του [[Ευγενίδειο Πλανητάριο|Ευγενιδείου Πλανηταρίου]]\n\n== Αργίες και εορτές ==\n\n=== [[Ορθόδοξη Εκκλησία]] ===\n{{Πύλη:Ορθοδοξία/Εορτολόγιο/7 Αυγούστου}}\n\n{{Μήνες}}\n\n[[Κατηγορία:Ημέρες του έτους]]"}}}]}]}}