{"batchcomplete":true,"query":{"normalized":[{"fromencoded":false,"from":"7_Ιουνίου","to":"7 Ιουνίου"}],"pages":[{"pageid":1932,"ns":0,"title":"7 Ιουνίου","revisions":[{"slots":{"main":{"contentmodel":"wikitext","contentformat":"text/x-wiki","content":"{{Μήνες Ιουνίου}}\n\n<center>[[6 Ιουνίου]] | '''7 Ιουνίου''' | [[8 Ιουνίου]]</center>\n\n----\nΗ '''7η Ιουνίου''' είναι η 158η ημέρα του έτους κατά το [[Γρηγοριανό ημερολόγιο]] (159η σε δίσεκτα έτη).  Υπολείπονται 207 ημέρες.\n\n{{ΗμερολόγιοΣεΠίνακα|6}}\n\n== Γεγονότα ==\n*[[421]] - Ο αυτοκράτορας [[Θεοδόσιος Β´]] παντρεύεται στην [[Βυζαντινή Κωνσταντινούπολη|Κωνσταντινούπολη]] την [[Αιλία Ευδοκία]].\n*[[879]] - Ο [[Πάπας Ιωάννης Η΄]] αναγνωρίζει το Δουκάτο της Κροατίας ως ανεξάρτητο κράτος.\n*[[1002]] - Ο [[Ερρίκος Β΄ της Αγίας Ρωμαϊκής Αυτοκρατορίας|Ερρίκος Β΄]], ξάδελφος του αυτοκράτορα [[Όθων Γ΄ της Αγίας Ρωμαϊκής Αυτοκρατορίας|Όθωνα Γ΄ της Αγίας Ρωμαϊκής Αυτοκρατορίας]] γίνεται [[Βασίλειο της Γερμανίας|βασιλιάς της Γερμανίας]]. \n*[[1099]] - [[Α΄ Σταυροφορία]]: Αρχίζει η πολιορκία της [[Ιερουσαλήμ]].\n*[[1420]] - Στρατεύματα της [[Βενετική Δημοκρατία|Βενετικής Δημοκρατίας]] καταλαμβάνουν το [[Ούντινε]], δίνοντας τέλος στην ανεξαρτησία του Πατριαρχικού Κράτους του [[Φρίουλι-Βενέτσια Τζούλια|Φρίουλι]]. \n*[[1494]] - Η [[Ισπανία]] και η [[Πορτογαλία]] υπογράφουν τη [[Αλεξανδρινή γραμμή|Συνθήκη της Τορδεσίγιας]], η οποία μοιράζει το [[Νέος Κόσμος|Νέο Κόσμο]] στις δύο χώρες.\n*[[1654]] - Ο [[Λουδοβίκος ΙΔ΄ της Γαλλίας|Λουδοβίκος ΙΔ΄]] στέφεται βασιλιάς της [[Βασίλειο της Γαλλίας|Γαλλίας]].\n*[[1692]] - Καταστροφικός [[σεισμός]] χτυπά το Πορτ Ρουαγιάλ στην [[Τζαμάικα]]. Σε τρία μόλις λεπτά σκοτώνονται 1.600 άτομα και 3.000 τραυματίζονται σοβαρά. \n*[[1776]] - Ο Ρίτσαρντ Χένρι Λι παρουσιάζει το «Ψήφισμα Λι» στο Ηπειρωτικό Κογκρέσο. Η κίνηση αυτή υποστηρίχθηκε από τον [[Τζον Άνταμς]] και οδήγησε στη [[Διακήρυξη της Ανεξαρτησίας των ΗΠΑ]].\n*[[1788]] - [[Γαλλική Επανάσταση]]: Πολίτες της [[Γκρενόμπλ]] πετούν κεραμίδια και διάφορα άλλα αντικείμενα πάνω στα βασιλικά στρατεύματα.\n*[[1810]] - Κυκλοφορεί στην [[Αργεντινή]] το πρώτο φύλλο της εφημερίδας ''Gazeta de Buenos Ayres''.\n*[[1880]] - [[Πόλεμος του Ειρηνικού]]: Λαμβάνει χώρα η μάχη της [[Αρίκα]].\n*[[1905]] - Το κοινοβούλιο της [[Νορβηγία]]ς διαλύει την [[ένωση Σουηδίας-Νορβηγίας]]. Η απόφαση αυτή επικυρώθηκε με [[δημοψήφισμα]] στις [[13 Αυγούστου]] του ίδιου έτους.\n*[[1906]] - Καθελκύεται στη [[Γλασκώβη]] της [[Σκωτία]]ς το ''[[RMS Lusitania]]''.\n*[[1917]] - [[Α΄ Παγκόσμιος Πόλεμος]]: [[Μάχη της Μεσσίν]]. Τα συμμαχικά στρατεύματα πυροδοτούν νάρκες κάτω από τα [[Γερμανία|γερμανικά]] χαρακώματα, σκοτώνοντας 10.000 [[Γερμανοί|Γερμανούς]] στρατιώτες. \n*[[1919]] - Εθνικιστικές ταραχές ξεσπούν στη [[Βαλέτα]], πρωτεύουσα της [[Μάλτα]]ς. Οι [[Μεγάλη Βρετανία|Βρετανοί]] στρατιώτες πυροβολούν στο πλήθος σκοτώνοντας τέσσερις ανθρώπους. \n*[[1929]] - Επικυρώνεται η συνθήκη του Λατερανού, με την οποία ιδρύεται το [[Βατικανό]].\n*[[1938]] - Το [[Douglas DC-4E]] κάνει την πρώτη του δοκιμαστική πτήση.\n*[[1938]] - Ιδρύεται από την [[Τράπεζα της Ελλάδος]] το [[Ίδρυμα Εκτύπωσης Τραπεζογραμματίων και Αξιών]].\n*[[1940]] - Ο βασιλιάς [[Χάακον Ζ´ της Νορβηγίας]], ο πρίγκιπας [[Όλαφ Ε΄ της Νορβηγίας|Όλαφ]] και η [[Νορβηγία|νορβηγική]] κυβέρνηση αφήνουν το [[Τρόμσε]] και αυτοεξορίζονται στο [[Λονδίνο]]. Θα επιστρέψουν ακριβώς πέντε χρόνια αργότερα.\n*[[1942]] - [[Β΄ Παγκόσμιος Πόλεμος]]: Η [[ναυμαχία του Μίντγουεϊ]] ολοκληρώνεται με νίκη των [[Ηνωμένες Πολιτείες Αμερικής|Αμερικανών]].\n*[[1942]] - [[Β΄ Παγκόσμιος Πόλεμος]]: Εκστρατεία στις [[Αλεούτιες νήσοι|Αλεούτιες νήσους]]. Οι [[Ιαπωνία|Ιάπωνες]] στρατιώτες αρχίζουν να καταλαμβάνουν τα νησιά Αττού και Κίσκα, στα ανοικτά της [[Αλάσκα]]ς.\n*[[1946]] - Το [[BBC One]], το κύριο κανάλι του [[Μεγάλη Βρετανία|βρετανικού]] [[BBC]], εκπέμπει ξανά μετά από απουσία 7 ετών λόγω του [[Β΄ Παγκόσμιος Πόλεμος|Β΄ Παγκοσμίου Πολέμου]].  \n*[[1948]] - Ο [[Έντουαρντ Μπένες]] παραιτείται από [[Κατάλογος Προέδρων της Τσεχοσλοβακίας|πρόεδρος της Τσεχοσλοβακίας]], αρνούμενος να υπογράψει το Σύνταγμα της Ενάτης Μαΐου που καθιστούσε τη χώρα του [[κομμουνιστικό κράτος]].\n*[[1967]] - [[Πόλεμος των Έξι Ημερών]]: Οι [[Ισραήλ|Ισραηλινοί]] στρατιώτες μπαίνουν στην [[Ιερουσαλήμ]].\n*[[1977]] - 500.000.000 άνθρωποι παρακολουθούν στην τηλεόραση τους εορτασμούς του Ασημένιου Ιωβηλαίου της βασίλισσας [[Ελισάβετ Β΄ του Ηνωμένου Βασιλείου]]. \n*[[1981]] - Η [[Ισραήλ|ισραηλινή]] πολεμική αεροπορία καταστρέφει [[Πυρηνικός αντιδραστήρας|πυρηνικό αντιδραστήρα]] στο [[Ιράκ]] κατά τη διάρκεια της [[Επιχείρηση Όπερα|Επιχείρησης Όπερα]].\n*[[1982]] - Η [[Πρισίλα Πρίσλεϊ]] ανοίγει τη Γκρέισλαντ στο κοινό. Το μπάνιο όπου πέθανε ο [[Έλβις Πρίσλεϊ]] πέντε χρόνια νωρίτερα παραμένει μη επισκέψιμο.   \n* [[1990]] - Εκλογή Πατριάρχου Μόσχας [[Πατριάρχης Μόσχας Αλέξιος Β΄|Αλέξιου του Β΄]] (από Επίσκοπος [[Λένινγκραντ]])\n* [[1990]] - Στη Νότια Αφρική ο Πρόεδρος [[Φρεντερίκ ντε Κλερκ]] ανακοινώνει την άρση της κατάστασης έκτακτης ανάγκης, που επικρατεί στη χώρα τα τελευταία 14 χρόνια.\n* [[1993]] - Ο Ισπανός σοσιαλιστής ηγέτης [[Φελίπε Γκονθάλεθ]] οδηγεί το Σοσιαλιστικό Κόμμα σε τέταρτη διαδοχική εκλογική νίκη\n* [[1994]] - Στη Σουηδία, η Βουλή εγκρίνει νόμο βάσει του οποίου οι ομοφυλόφιλοι μπορούν να παντρεύονται, χωρίς ωστόσο να χαίρουν των ιδίων προνομίων με τα ετεροφυλόφιλα ζευγάρια.\n* [[1997]] - Ένας χάκερ με το όνομα \"_eci\" προκαλεί ανησυχία στη [[Microsoft]], αφού απειλεί την ασφάλεια των λειτουργικών συστημάτων [[Windows 95]] και Windows NT.\n* [[1997]] - Στην [[Ιρλανδία]], η πολιτική πτέρυγα του [[IRA]], [[Σιν Φέιν]], εξασφαλίζει για πρώτη φορά έδρα στη Βουλή, σύμφωνα με τα αποτελέσματα των βουλευτικών εκλογών.\n* [[2017]] - Τρομοκρατικές επιθέσεις σημειώθηκαν στο Ιρανικό κοινοβούλιο και στο μαυσωλείο του [[Αγιατολάχ Χομεϊνί]] στην Τεχεράνη με 12 νεκρούς και 39 τραυματίες. Την ευθύνη ανέλαβε το [[Ισλαμικό Κράτος]].\n\n== Γεννήσεις ==\n*[[1422]] - [[Φεντερίκο ντα Μοντεφέλτρο]], δούκας του Ούρμπινο\n*[[1502]] - [[Ιωάννης Γ΄ της Πορτογαλίας|Ιωάννης Γ΄]], βασιλιάς της Πορτογαλίας\n*[[1532]] - [[Έιμι Ρόμπσαρτ]], Αγγλίδα ευγενής\n*[[1660]] - [[Γεώργιος Α΄ της Μεγάλης Βρετανίας|Γεώργιος Α΄]], βασιλιάς της Μεγάλης Βρετανίας\n*[[1837]] - [[Αλοΐσιος Χίτλερ]], Αυστριακός δημόσιος υπάλληλος\n*[[1848]] - [[Πωλ Γκωγκέν]], Γάλλος ζωγράφος\n*[[1862]] - [[Φίλιπ Λέναρντ]], Αυστριακός φυσικός\n*[[1868]] - [[Τσαρλς Μάκιντος]], Σκωτσέζος αρχιτέκτονας και σχεδιαστής\n*[[1877]] - [[Τσαρλς Γκλόβερ Μπάρκλα]], Άγγλος φυσικός\n*[[1896]] - [[Ρόμπερτ Μιούλικεν]], Αμερικανός χημικός\n*[[1896]] - [[Ίμρε Νάγκυ]], Ούγγρος πολιτικός\n*[[1907]] - [[Μιρέιγ Φλερύ]], Ελληνίδα υψίφωνος\n*[[1909]] - [[Τζέσικα Τάντι]], Αγγλίδα ηθοποιός\n*[[1915]] - [[Φίλιπς Τάλμποτ]], Αμερικανός διπλωμάτης\n*[[1916]] - [[Τζορτζ Τσαρλς]], πολιτικός από την Αγία Λουκία\n*[[1917]] - [[Ντιν Μάρτιν]], Αμερικανός τραγουδιστής και ηθοποιός\n*[[1920]] - [[Ζορζ Μαρσέ]], Γάλλος πολιτικός\n*[[1929]] - [[Γκραντ Γουίζαρντ]], Αμερικανός μάνατζερ πάλης\n*[[1931]] - [[Δημήτρης Βράσκος]], Έλληνας βιολιστής\n*[[1934]] - [[Κολόα Ταλάκε]], πρωθυπουργός του Τουβαλού\n*[[1940]] - [[Τομ Τζόουνς]], Ουαλός τραγουδιστής\n*[[1942]] - [[Μουαμάρ αλ Καντάφι]], Λίβυος πολιτικός\n*[[1943]] - [[Μπίλι Γκράχαμ]], Αμερικανός παλαιστής\n*[[1945]] - [[Πέτρος Γαλακτόπουλος]], Έλληνας παλαιστής\n*[[1945]] - [[Βόλφγκαγκ Σύσελ]], Αυστριακός πολιτικός\n*[[1950]] - [[Χάουαρντ Φίνκελ]], Αμερικανός εκφωνητής αγώνων πάλης\n*[[1952]] - [[Λίαμ Νίσον]], Βορειοϊρλανδός ηθοποιός\n*[[1952]] - [[Ορχάν Παμούκ]], Τούρκος συγγραφέας\n*[[1957]] - [[Χουάν Λουίς Γκέρρα]], Δομινικανός τραγουδιστής\n*[[1958]] - [[Prince]], Αμερικανός τραγουδοποιός\n*[[1964]] - [[Τέτα Ντούζου]], Ελληνίδα ηθοποιός\n*[[1965]] - [[Μικ Φόλεϊ]], Αμερικανός παλαιστής\n*[[1966]] - [[Κώστας Κόκλας]], Έλληνας ηθοποιός\n*[[1969]] - [[Ιωακείμ της Δανίας|Ιωακείμ]], πρίγκιπας της Δανίας\n*[[1970]] - [[Καφού]], Βραζιλιάνος ποδοσφαιριστής\n*[[1975]] - [[Άλεν Άιβερσον]], Αμερικανός καλαθοσφαιριστής\n*[[1976]] - [[Necro]], Αμερικανός ράπερ\n*[[1990]] - [[Ίγκι Αζάλια]], Αυστραλή τραγουδίστρια\n*[[1991]] - [[Έμιλι Ραταϊκόφσκι]], Αμερικανίδα ηθοποιός και μοντέλο\n\n== Θάνατοι ==\n*[[555]] - [[Πάπας Βιγίλιος]]\n*[[929]] - [[Έλφθριθ της Φλάνδρας|Έλφθριθ]], κόμισσα της Φλάνδρας\n*[[1329]] - [[Ροβέρτος Α΄ της Σκωτίας|Ροβέρτος Α΄]], βασιλιάς της Σκωτίας\n*[[1337]] - [[Γουλιέλμος Α΄ του Αινώ|Γουλιέλμος Α΄]], κόμης του Αινώ\n*[[1603]] - [[Ηγεμόνας Μαχμούτ (γιος του Μεχμέτ Γ΄)|Μαχμούτ]], Οθωμανός πρίγκιπας\n*[[1821]] - [[Τούντορ Βλαντιμιρέσκου]], ηγέτης της Βλαχίας\n*[[1826]] - [[Γιόζεφ φον Φράουνχοφερ]], Γερμανός οπτικός\n*[[1867]] - [[Αθανάσιος Μιαούλης]], Έλληνας πολιτικός\n*[[1896]] - [[Παύλος Καρρέρ]], Έλληνας συνθέτης\n*[[1907]] - [[Καπετάν Άγρας]], Έλληνας αγωνιστής\n*[[1937]] - [[Τζιν Χάρλοου]], Αμερικανίδα ηθοποιός\n*[[1948]] - [[Εκρέμ Λιμποχόβα]], Αλβανός πολιτικός\n*[[1954]] - [[Άλαν Τιούρινγκ]], Άγγλος μαθηματικός και επιστήμονας των υπολογιστών\n*[[1961]] - [[Κωνσταντίνος Παπαδάκης]], Έλληνας πολιτικός\n*[[1965]] - [[Τζούντι Χόλιντεϊ]], Αμερικανίδα ηθοποιός\n*[[1966]] - [[Ζαν Αρπ]], Γερμανός καλλιτέχνης και ποιητής\n*[[1967]] - [[Ντόροθι Πάρκερ]], Αμερικανίδα συγγραφέας\n*[[1969]] - [[Πέτρος Κ. Μαυρομιχάλης (1887-1969)|Πέτρος Κ. Μαυρομιχάλης]], Έλληνας πολιτικός\n*[[1970]] - [[Έντουαρντ Μόργκαν Φόρστερ]], Άγγλος συγγραφέας\n*[[1980]] - [[Χένρυ Μίλλερ]], Αμερικανός συγγραφέας\n*[[1988]] - [[Αντώνιος Φλώρος]], Έλληνας δικαστικός\n*[[1990]] - [[Κωνσταντίνος Μπόνης]], Έλληνας θεολόγος\n*[[1991]] - [[Σωτήρης Πατατζής]], Έλληνας συγγραφέας\n*[[1993]] - [[Ντράζεν Πέτροβιτς]], Κροάτης καλαθοσφαιριστής\n*[[2000]] - [[Γεώργιος Τζιτζικώστας]], Έλληνας πολιτικός\n*[[2002]] - [[Μαλβίνα Κάραλη]], Ελληνίδα δημοσιογράφος και συγγραφέας\n*[[2006]] - [[Αμπού Μουσάμπ Αλ Ζαρκάουι]], Ιορδανός τρομοκράτης\n*[[2008]] - [[Τζόζεφ Καμπούι]], αυτονομιστής ηγέτης της Μπουγκενβίλ\n*[[2011]] - [[Χόρχε Σεμπρούν]], Ισπανός συγγραφέας\n*[[2013]] - [[Πιέρ Μωρουά]], Γάλλος πολιτικός\n*[[2015]] - [[Κρίστοφερ Λι]], Άγγλος ηθοποιός\n*[[2023]] - [[Θανάσης Σπυρόπουλος]] Έλληνας καραγκιοζοπαίκτης\n\n== Αργίες και εορτές ==\n=== [[Ορθόδοξη Εκκλησία]] ===\n{{Πύλη:Ορθοδοξία/Εορτολόγιο/7 Ιουνίου}}\n\n{{Μήνες}}\n\n[[Κατηγορία:Ημέρες του έτους]]"}}}]}]}}