{"batchcomplete":true,"query":{"normalized":[{"fromencoded":false,"from":"7_Ιουλίου","to":"7 Ιουλίου"}],"pages":[{"pageid":2853,"ns":0,"title":"7 Ιουλίου","revisions":[{"slots":{"main":{"contentmodel":"wikitext","contentformat":"text/x-wiki","content":"{{χωρίς παραπομπές}}\n\n{{Μήνες Ιουλίου}}\n\n<center>[[6 Ιουλίου]] | '''7 Ιουλίου''' | [[8 Ιουλίου]]</center>\n\n----\nΗ '''7η Ιουλίου''' είναι η 188η ημέρα του έτους κατά το [[Γρηγοριανό ημερολόγιο]] (189η σε δίσεκτα έτη). Υπολείπονται 177 ημέρες.\n\n{{ΗμερολόγιοΣεΠίνακα|7}}\n\n== Γεγονότα ==\n*[[1124]] - Οι [[Σταυροφορίες|σταυροφόροι]] καταλαμβάνουν την [[Τύρος|Τύρο]].\n*[[1456]] - Η [[Ιωάννα της Λωραίνης]] αθωώνεται από εκκλησιαστικό δικαστήριο στη [[Ρουέν]], 25 χρόνια μετά το θάνατό της στην πυρά ως αιρετική.\n*[[1534]] - Πραγματοποιείται στο [[Νιού Μπράνζγουικ]] η πρώτη γνωστή συναλλαγή μεταξύ [[Ευρώπη|Ευρωπαίων]] και ιθαγενών του κόλπου Αγίου Λαυρεντίου.\n*[[1865]] -Εκτέλεση των τεσσάρων συνωμοτών της δολοφονίας του προέδρου [[Αβραάμ Λίνκολν|Λίνκολν]] στην [[Ουάσινγκτον]].\n* [[1913]] – [[Β΄ Βαλκανικός Πόλεμος]]: ο [[Ελληνικός Στρατός Ξηράς|Ελληνικός Στρατός]] καταλαμβάνει το [[Πέτσοβο]].\n* [[1969]] - Στον [[Καναδάς|Καναδά]], η [[γαλλική γλώσσα]] εξισώνεται με την αγγλική και γίνεται μια από τις δύο επίσημες γλώσσες του κράτους.\n* [[1974]] - Η [[Δυτική Γερμανία]] κερδίζει το [[Παγκόσμιο Κύπελλο Ποδοσφαίρου 1974|Παγκόσμιο Κύπελλο της FIFA]].\n* [[2005]] - Τετραπλή βομβιστική ενέργεια στον υπόγειο σιδηρόδρομο και σε αστικό λεωφορείο του Λονδίνου, που αποδίδεται σε εξτρεμιστική ισλαμική οργάνωση, προκαλεί τον θάνατο 56 ανθρώπων και τον τραυματισμό περίπου επτακοσίων.\n*[[2019]]  [[Ελληνικές βουλευτικές εκλογές 2019]] κατά τις οποίες η [[Νέα Δημοκρατία]] αναδείχθηκε πρώτο κόμμα με ποσοστό 39,85%, διαδεχόμενη την [[Κυβέρνηση Αλέξη Τσίπρα Σεπτεμβρίου 2015|κυβέρνηση του Αλέξη Τσίπρα]].\n\n== Γεννήσεις ==\n*[[1207]] - [[Αγία Ελισάβετ της Ουγγαρίας]]\n*[[1418]] - [[Πέτρος Β΄ της Βρετάνης|Πέτρος Β΄]], δούκας της Βρετάνης\n*[[1528]] - [[Άννα της Αυστρίας (1528-1590)|Άννα της Αυστρίας]], δούκισσα της Βαυαρίας\n*[[1833]] - [[Φελισιέν Ροπς]], Βέλγος καλλιτέχνης\n*[[1838]] - [[Φελίτσε Ναπολεόνε Κανεβάρο]], Ιταλός ναύαρχος\n*[[1843]] - [[Καμίλλο Γκόλτζι]], Ιταλός ιατρός\n*[[1860]] - [[Γκούσταβ Μάλερ]], Αυστριακός συνθέτης\n*[[1887]] - [[Μαρκ Σαγκάλ]], Ρώσος ζωγράφος\n*[[1899]] - [[Τζορτζ Κιούκορ]], Αμερικανός σκηνοθέτης\n*[[1901]] - [[Βιττόριο ντε Σίκα]], Ιταλός σκηνοθέτης\n*[[1903]] - [[Στήβεν Ράνσιμαν]], Άγγλος ιστορικός\n*[[1908]] - [[Οδυσσέας Δημητριάδης]], Έλληνας μουσικός\n*[[1936]] - [[Νίκος Ξυλούρης]], Έλληνας τραγουδιστής\n*[[1940]] - [[Ρίνγκο Σταρ]], Άγγλος μουσικός ([[The Beatles]])\n*[[1941]] - [[Γεώργιος Σουφλιάς]], Έλληνας πολιτικός\n*[[1942]] - [[Μάικλ Ότζιο]], γενικός κυβερνήτης της Παπούα Νέας Γουινέας\n*[[1944]] - [[Αρακέν Ντεμέλο]], Βραζιλιάνος ποδοσφαιριστής\n*[[1945]] - [[Μονσέφ Μαρζουκί]], Τυνήσιος πολιτικός\n*[[1945]] - [[Μάτι Σάλμινεν]], Φινλανδός βαθύφωνος\n*[[1947]] - [[Γκιανέντρα]], βασιλιάς του Νεπάλ\n*[[1948]] - [[Λάρι Ράινχαρτ]], Αμερικανός κιθαρίστας\n*[[1968]] - [[Μαργαρίτα Μυτιληναίου]], Ελληνίδα ραδιοφωνική παραγωγός\n*[[1976]] - [[Μπερενίς Μπεζό]], Αργεντινή ηθοποιός\n*[[1984]] - [[Αλμπέρτο Ακουιλάνι]], Ιταλός ποδοσφαιριστής\n*[[1984]] - [[Μηνάς Αλοζίδης]], Έλληνας αθλητής\n*[[1991]] - [[Alesso]], Σουηδός DJ και μουσικός παραγωγός\n\n== Θάνατοι ==\n*[[1304]] - [[Πάπας Βενέδικτος ΙΑ΄]]\n*[[1307]] - [[Εδουάρδος Α΄ της Αγγλίας|Εδουάρδος Α΄]], βασιλιάς της Αγγλίας\n*[[1531]] - [[Τίλμαν Ρίμενσνάιντερ]], Γερμανός γλύπτης\n*[[1537]] - [[Μαγδαληνή της Γαλλίας (1520-1537)]], βασίλισσα της Σκωτίας\n*[[1572]] - [[Σιγισμούνδος Β΄ Αύγουστος της Πολωνίας|Σιγισμούνδος Β΄ Αύγουστος]], βασιλιάς της Πολωνίας\n*[[1606]] - [[Χριστόφορος του Χάρμπουργκ|Χριστόφορος]], πρίγκιπας του Χάρμπουργκ\n*[[1718]] - [[Αλεξέι Πετρόβιτς]], τσάρεβιτς της Ρωσίας\n*[[1865]] - Εκτέλεση των τεσσάρων συνωμοτών της δολοφονίας του Αμερικανού προέδρου [[Αβραάμ Λίνκολν]].\n** [[Λιούις Πάουελ]] (γεν.1844)\n** Μαίρυ Σουράτ. Η πρώτη γυναίκα που εκτελέστηκε από την Αμερικανική κυβέρνηση στην ιστορία της χώρας.\n** [[Ντέιβιντ Χέρολντ]] (γεν.1842)\n** Τζορτζ Άντσεροντ (γεν.1835)\n*[[1870]] - [[Γεώργιος Λασσάνης]], Έλληνας λόγιος και πολιτικός\n*[[1873]] - [[Αναστάσιος Πολυζωίδης]], Έλληνας δικαστικός\n*[[1930]] - [[Άρθουρ Κόναν Ντόυλ]], Σκωτσέζος συγγραφέας\n*[[1942]] - [[Θωμάς Ξενάκης]], Έλληνας γυμναστής\n*[[1965]] - [[Άγγελος Μπουρόπουλος]], Έλληνας δικαστικός\n*[[1967]] - [[Σταμάτης Μερκούρης]], Έλληνας πολιτικός\n*[[1968]] - [[Ούγκο Φριγκέριο]], Ιταλός αθλητής\n*[[1972]] - [[Πατριάρχης Αθηναγόρας|Αθηναγόρας]], Πατριάρχης Κωνσταντινουπόλεως\n*[[1973]] - [[Μαξ Χορκχάιμερ]], Γερμανός φιλόσοφος\n*[[1975]] - [[Ότο Σκορτσένυ]], Αυστριακός στρατιωτικός\n*[[1978]] - [[Φρανσίσκο Μέντες]], πολιτικός της Γουινέας Μπισσάου\n*[[1981]] - [[Σταμάτης Μανούσης]], Έλληνας πολιτικός\n*[[1982]] - [[Αλέξανδρος Σακελλαρίου]], Έλληνας ναύαρχος\n*[[2006]] - [[Ροζέ Μιλλιέξ]], Γάλλος διανοούμενος\n*[[2006]] - [[Σιντ Μπάρετ]], Άγγλος μουσικός ([[Pink Floyd]])\n*[[2006]] - [[Μεθόδιος Φούγιας]], Έλληνας μητροπολίτης\n*[[2006]] - [[Ελίας Χράουι]], Λιβανέζος πολιτικός\n*[[2014]] - [[Αλφρέδο Ντι Στέφανο]], Αργεντινός ποδοσφαιριστής και προπονητής\n*[[2014]] - [[Έντβαρντ Σεβαρντνάτζε]], Γεωργιανός πολιτικός\n\n== Αργίες και εορτές ==\n=== [[Ορθόδοξη Εκκλησία]] ===\n{{Πύλη:Ορθοδοξία/Εορτολόγιο/7 Ιουλίου}}\n\n{{Μήνες}}\n\n[[Κατηγορία:Ημέρες του έτους]]"}}}]}]}}