{"batchcomplete":true,"query":{"normalized":[{"fromencoded":false,"from":"7_Ιανουαρίου","to":"7 Ιανουαρίου"}],"pages":[{"pageid":949,"ns":0,"title":"7 Ιανουαρίου","revisions":[{"slots":{"main":{"contentmodel":"wikitext","contentformat":"text/x-wiki","content":"{{χωρίς παραπομπές|17|07|2022}}\n{{Μήνες Ιανουαρίου}}\n\n<center>[[6 Ιανουαρίου]] | '''7 Ιανουαρίου''' | [[8 Ιανουαρίου]]</center>\n\n----\nΗ '''7η Ιανουαρίου''' είναι η 7η ημέρα του έτους κατά το [[Γρηγοριανό ημερολόγιο]]. Υπολείπονται 358 ημέρες (359 σε δίσεκτα έτη).\n\n{{ΗμερολόγιοΣεΠίνακα|1}}\n\n== Γεγονότα ==\n{{Commonscat|7 January}}\n*[[1131]] - Ο [[Κνούτος Λαβάρντ]] δολοφονείται στη [[Δανία]] από τον ξάδελφό του, [[Μάγκνους Α΄ της Σουηδίας]].\n*[[1325]] - Ο [[Αλφόνσος Δ΄ της Πορτογαλίας|Αλφόνσος Δ΄]] γίνεται βασιλιάς της [[Πορτογαλία]]ς.\n*[[1558]] - Η [[Γαλλία]] καταλαμβάνει το [[Καλαί]], την τελευταία κτήση της [[Ηνωμένο Βασίλειο|Αγγλίας]] στο γαλλικό έδαφος.\n*[[1566]] - Εκλέγεται ο [[Πάπας]] Πίος Ε΄.\n*[[1610]] - Ο [[Γαλιλαίος Γαλιλέι]] ανακαλύπτει τους τέσσερις μεγαλύτερους [[Δορυφόροι Γαλιλαίου|δορυφόρους]] του πλανήτη [[Δίας (πλανήτης)|Δία]]: τον [[Γανυμήδης (δορυφόρος)|Γανυμήδη]], την [[Καλλιστώ (δορυφόρος)|Καλλιστώ]], την [[Ιώ (δορυφόρος)|Ιώ]] και την [[Ευρώπη (δορυφόρος)|Ευρώπη]].\n*[[1785]] - Ο Γάλλος [[Ζαν-Πιερ Μπλανσάρ]] και ο Αμερικανός [[Τζον Τζέφρις]] ταξιδεύουν από το Ντόβερ της [[Αγγλία]]ς μέχρι το [[Καλαί]] της [[Γαλλία]]ς μ' ένα [[αερόστατο]] αερίου υδρογόνου και γίνονται οι πρώτοι που διασχίζουν τη [[Μάγχη]] από αέρος. \n*[[1797]] - Υιοθετείται η σύγχρονη [[σημαία της Ιταλίας]].\n*[[1922]] - Η [[Κάτω Βουλή της Ιρλανδίας]] επικυρώνει την Αγγλοϊρλανδική Συνθήκη με 64 ψήφους υπέρ και 57 κατά.\n*[[1935]] - Ο [[Μπενίτο Μουσολίνι]] και ο [[Γαλλία|Γάλλος]] [[υπουργός Εξωτερικών]] [[Πιερ Λαβάλ]] υπογράφουν τη Γαλλο-Ιταλική Συμφωνία.\n*[[1942]] - [[Β΄ Παγκόσμιος Πόλεμος]]: αρχίζει η πολιορκία της χερσονήσου Μπαταάν.\n*[[1945]] - [[Β΄ Παγκόσμιος Πόλεμος]]: ο [[Ηνωμένο Βασίλειο|Βρετανός]] στρατηγός [[Μπέρναρντ Μοντγκόμερυ]] δίνει συνέντευξη τύπου, στην οποία διεκδικεί τα εύσημα για τη νίκη των συμμάχων στη [[μάχη των Αρδεννών]].\n*[[1954]] - Πραγματοποιείται στην έδρα της [[IBM]] στη [[Νέα Υόρκη]], η πρώτη δημόσια επίδειξη συστήματος [[Μηχανική μετάφραση|μηχανικής μετάφρασης]]. \n*[[1959]] - Οι [[Ηνωμένες Πολιτείες Αμερικής]] αναγνωρίζουν την κυβέρνηση του [[Φιντέλ Κάστρο]] στην [[Κούβα]]. \n*[[1968]] - [[Πρόγραμμα Surveyor]]: το [[Surveyor 7]], το τελευταίο διαστημικό σκάφος της σειράς Surveyor, απογειώνεται από το [[συγκρότημα εκτοξεύσεων 36]] του [[Κέιπ Κανάβεραλ (πολεμική αεροπορική βάση)|Κέιπ Κανάβεραλ]].\n*[[1979]] - Τα [[Βιετνάμ|βιετναμέζικα]] στρατεύματα καταλαμβάνουν την [[Πνομ Πεν]], εκδιώχνοντας τον [[Πολ Ποτ]] και τους [[Ερυθροί Χμερ|Ερυθρούς Χμερ]]. \n\n== Γεννήσεις ==\n*[[1355]] - [[Θωμάς του Γούντστοκ]], 1ος δούκας του Γκλόστερ\n*[[1502]] - [[Πάπας Γρηγόριος ΙΓ΄]]\n*[[1768]] - [[Ιωσήφ Βοναπάρτης]], βασιλιάς της Νάπολης\n*[[1796]] - [[Καρλόττα της Ουαλίας|Καρλόττα]], πριγκίπισσα της Ουαλίας\n*[[1800]] - [[Μίλαρντ Φίλμορ]], 13ος πρόεδρος των Η.Π.Α.\n*[[1827]] - [[Σάντφορντ Φλέµινγκ]], Σκωτσέζος μηχανικός\n*[[1834]] - [[Φίλιπ Ράις]], Γερμανός φυσικός και εφευρέτης\n*[[1845]] - [[Λουδοβίκος Γ΄ της Βαυαρίας|Λουδοβίκος Γ΄]], βασιλιάς της Βαυαρίας\n*[[1875]] - [[Γουσταύος Φλάτοβ]], Γερμανός γυμναστής\n*[[1881]] - [[Χένρικ Γκάλεεν]], Αυστριακός σκηνοθέτης, σεναριογράφος και ηθοποιός\n*[[1883]] - [[Άντριου Κάννινγκαμ]], Βρετανός ναύαρχος\n*[[1899]] - [[Φρανσίς Πουλένκ]], Γάλλος συνθέτης\n*[[1903]] - [[Ιωάννης Δεσποτόπουλος]], Έλληνας αρχιτέκτονας\n*[[1916]] - [[Φερνάντο Σάντσο]], Ισπανός ηθοποιός\n*[[1918]] - [[Κέβιν Λιντς]], Αμερικανός πολεοδόμος και συγγραφέας\n*[[1925]] - [[Τζέραλντ Ντάρελ]], Βρετανός φυσιοδίφης\n*[[1928]] - [[Εμίλιο Περίκολι]], Ιταλός τραγουδιστής\n*[[1934]] - [[Τάσσος Παπαδόπουλος]], Κύπριος πολιτικός\n*[[1937]] - [[Αλί Σοϊλί]], πρόεδρος των Κομορών\n*[[1939]] - [[Πρίγκιπας Μιχαήλ της Ελλάδας]]\n*[[1943]] - [[Σαντάκο Σασάκι]], Ιαπωνέζα σύμβολο των αθώων θυμάτων πολέμου\n*[[1945]] - [[Ράιλα Οντίνγκα]], πρωθυπουργός της Κένυας\n*[[1947]] - [[Σαδίκ Αχμέτ]], Έλληνας πολιτικός\n*[[1948]] - [[Ιτσίρο Μιζούκι]], Ιάπωνας ηθοποιός και τραγουδιστής\n*[[1949]] - [[Εδουάρδος Κοντογιωργάκης]], Αργεντινός ποδοσφαιριστής\n*[[1950]] - [[Ηλίας Ανδριόπουλος]], Έλληνας συνθέτης\n*[[1956]] - [[Ντέιβιντ Καρούζο]], Αμερικανός ηθοποιός\n*[[1956]] - [[Κώστας Πετρόπουλος]], Έλληνας καλαθοσφαιριστής και προπονητής\n*[[1963]] - [[Χρήστος Θηβαίος]], Έλληνας τραγουδοποιός\n*[[1963]] - [[Κλιντ Μάνσελ]], Άγγλος μουσικός και συνθέτης\n*[[1963]] - [[Ραντ Πολ]], Αμερικανός πολιτικός\n*[[1964]] - [[Νίκολας Κέιτζ]], Αμερικανός ηθοποιός\n*[[1967]] - [[Νικ Κλεγκ]], Άγγλος πολιτικός\n*[[1971]] - [[Τζέρεμι Ρένερ]], Αμερικανός ηθοποιός\n*[[1979]] - [[Μπιπάσα Μπάσου]], Ινδή ηθοποιός και μοντέλο\n*[[1984]] - [[Μαξ Ρίμελτ]], Γερμανός ηθοποιός\n*[[1985]] - [[Λιούις Χάμιλτον]], Άγγλος οδηγός αγώνων\n*[[1987]] - [[Ντάβιντε Αστόρι]], Ιταλός ποδοσφαιριστής\n*[[1987]] - [[Sirusho]], Αρμένια τραγουδίστρια\n*[[1988]] - [[Δημήτρης Μπασδάνης]], Έλληνας μουσικός και συνθέτης\n*[[1991]] - [[Εντέν Αζάρ]], Βέλγος ποδοσφαιριστής\n\n== Θάνατοι ==\n*[[1079]] - [[Εύδης της Βρετάνης]], κόμης του Παντιέβρ\n*[[1131]] - [[Κνούτος Λαβάρντ]], Δανός πρίγκιπας\n*[[1285]] - [[Κάρολος ο Ανδεγαυός]], βασιλιάς της Νάπολης\n*[[1325]] - [[Διονύσιος της Πορτογαλίας|Διονύσιος]], βασιλιάς της Πορτογαλίας\n*[[1355]] - [[Ινές ντε Κάστρο]], βασίλισσα της Πορτογαλίας\n*[[1451]] - [[Αμεδαίος Η΄ της Σαβοΐας|Αμεδαίος Η']], κόμης της Σαβοΐας\n*[[1536]] - [[Αικατερίνη της Αραγονίας]], βασίλισσα της Αγγλίας\n*[[1547]] - [[Αλβέρτος Ζ΄ του Μεκλεμβούργου|Αλβέρτος Ζ']], δούκας του Μεκλεμβούργου\n*[[1655]] - [[Πάπας Ιννοκέντιος Ι΄]]\n*[[1715]] - [[Φρανσουά Φενελόν]], Γάλλος θεολόγος και συγγραφέας\n*[[1830]] - [[Τόμας Λόρενς]], Άγγλος ζωγράφος\n*[[1858]] - [[Μουσταφά Ρεσίτ Πασάς]], Οθωμανός πολιτικός\n*[[1864]] - [[Σπυρίδων Καλογερόπουλος]], Έλληνας πολιτικός\n*[[1882]] - [[Ιγκνάσι Λουκασιέβιτς]], Πολωνός φαρμακοποιός και εφευρέτης\n*[[1893]] - [[Γιόζεφ Στέφαν]], Σλοβένος φυσικός και μαθηματικός\n*[[1904]] - [[Εμμανουήλ Ροΐδης]], Έλληνας συγγραφέας\n*[[1927]] - [[Νικόλαος Καλογερόπουλος]], Έλληνας πολιτικός\n*[[1938]] - [[Γεώργιος Γερογιάννης]], Έλληνας πολιτικός\n*[[1943]] - [[Νίκολα Τέσλα]], Σέρβος εφευρέτης και ηλεκτρολόγος μηχανικός \n*[[1951]] - [[Ρενέ Γκενόν]], Γάλλος συγγραφέας\n*[[1954]] - [[Χριστόφορος Πανταζίδης]], Έλληνας πολιτικός\n*[[1958]] - [[Κωνσταντίνος Βλαχοθανάσης]], Έλληνας γιατρός και πολιτικός\n*[[1972]] - [[Ευτυχία Παπαγιαννοπούλου]], Ελληνίδα στιχουργός\n*[[1982]] - [[Αθανάσιος Ευσταθίου]], Έλληνας πολιτικός\n*[[1984]] - [[Αλφρέντ Καστλέρ]], Γάλλος φυσικός\n*[[1988]] - [[Τρέβορ Χάουαρντ]], Άγγλος ηθοποιός\n*[[1989]] - [[Στέφανος Κότσιανος]], Έλληνας δικηγόρος και πολιτικός\n*[[1989]] - [[Χιροχίτο]], αυτοκράτορας της Ιαπωνίας\n*[[1995]] - [[Μάρεϊ Ρόθμπαρντ]], Αμερικανός οικονομολόγος \n*[[1998]] - [[Ρίτσαρντ Χάμινγκ]], Αμερικανός μαθηματικός\n*[[2002]] - [[Γεώργιος Τζατζάνης]], Έλληνας νομικός και πολιτικός\n*[[2006]] - [[Λέων Καραπαναγιώτης]], Έλληνας δημοσιογράφος\n*[[2007]] - [[Τάσος Μπαντής]], Έλληνας ηθοποιός\n*[[2009]] - [[Μαρία Δημητριάδη]], Ελληνίδα τραγουδίστρια\n*[[2015]] - [[Ζωρζ Βολίνσκυ]], Γάλλος σκιτσογράφος\n*[[2016]] - [[Άννα Συνοδινού]], Ελληνίδα ηθοποιός\n*[[2017]] - [[Μάριο Σοάρες]], Πορτογάλος πολιτικός\n*[[2019]] - [[Στρατής Φιλιππότης]], Έλληνας συγγραφέας και εκδότης\n\n== Αργίες και εορτές ==\n=== Κόσμος ===\n* {{ITA}} - Ημέρα της [[σημαία της Ιταλίας|σημαίας]]\n\n=== [[Ορθόδοξη Εκκλησία]] ===\n{{Πύλη:Ορθοδοξία/Εορτολόγιο/7 Ιανουαρίου}}\n\n{{Μήνες}}\n\n[[Κατηγορία:Ημέρες του έτους]]"}}}]}]}}