{"batchcomplete":true,"query":{"normalized":[{"fromencoded":false,"from":"7_Φεβρουαρίου","to":"7 Φεβρουαρίου"}],"pages":[{"pageid":1215,"ns":0,"title":"7 Φεβρουαρίου","revisions":[{"slots":{"main":{"contentmodel":"wikitext","contentformat":"text/x-wiki","content":"{{χωρίς παραπομπές}}\n\n<center>\n[[Δεκέμβριος]] | [[Ιανουάριος]] | '''[[Φεβρουάριος]]''' | [[Μάρτιος]] | [[Απρίλιος]]</center>\n\n<center>\n[[6 Φεβρουαρίου]] | '''7 Φεβρουαρίου''' | [[8 Φεβρουαρίου]] </center>\n\n----\nΗ '''7η Φεβρουαρίου''' είναι η 38η μέρα του έτους κατά το [[Γρηγοριανό ημερολόγιο]]. Υπολείπονται 328 μέρες (329 σε δίσεκτα έτη).\n\n{{ΗμερολόγιοΣεΠίνακα|2}}\n\n== Γεγονότα ==\n{{Commonscat|7 February}}\n*[[457]] - Ο [[Λέων Α΄]] γίνεται αυτοκράτορας της [[Βυζαντινή Αυτοκρατορία|Βυζαντινής αυτοκρατορίας]].\n*[[1301]] - Ο Εδουάρδος του [[Κερνάρφον]] (αργότερα βασιλιάς [[Εδουάρδος Β΄ της Αγγλίας]]) γίνεται ο πρώτος [[Αγγλία|Άγγλος]] [[πρίγκιπας της Ουαλίας]].\n*[[1497]] - Η «Πυρά της Ματαιοδοξίας»: Υποστηρικτές του [[Τζιρόλαμο Σαβοναρόλα]] καίνε χιλιάδες καλλυντικά, [[Τέχνη|έργα τέχνης]] και [[Βιβλίο|βιβλία]] στη [[Φλωρεντία]] της [[Ιταλία]]ς.\n*[[1783]] - [[Αμερικανική Επανάσταση]]: Οι [[Γαλλία|γαλλικές]] και [[Ισπανία|ισπανικές]] δυνάμεις άρουν τη μεγάλη πολιορκία του [[Γιβραλτάρ]]. \n*[[1795]] - Επικυρώνεται η 11η τροπολογία του Συντάγματος των [[Ηνωμένες Πολιτείες Αμερικής|Ηνωμένων Πολιτειών]].\n*[[1807]] - [[Ναπολεόντειοι Πόλεμοι]]: [[Μάχη του Άιλαου]]. Ο [[Ναπολέων Α΄ της Γαλλίας]] βρίσκει τις [[Ρωσία|ρωσικές]] δυνάμεις του Μπένιγκσεν στο Άιλαου. Μετά από σκληρή μάχη, οι [[Γαλλία|Γάλλοι]] καταλαμβάνουν την πόλη αλλά οι [[Ρώσοι]] επανέρχονται την επόμενη μέρα.\n*[[1854]] - Εγκρίνεται ο νόμος για την ίδρυση του [[ETH Ζυρίχης|Ελβετικού Ομοσπονδιακού Ινστιτούτου Τεχνολογίας]]. Οι διδασκαλίες ξεκίνησαν στις [[16 Οκτωβρίου]] του [[1855]]. \n*[[1863]] - Το HMS ''Orpheus'' βυθίζεται ανοικτά των ακτών του [[Ώκλαντ]] στη [[Νέα Ζηλανδία]], με απολογισμό 189 νεκρούς.\n*[[1898]] - [[Υπόθεση Ντρέιφους]]: Ο [[Εμίλ Ζολά]] προσάγεται σε δίκη για [[δυσφήμιση]] μετά τη δημοσίευση του ''Κατηγορώ''.\n*[[1904]] - Πυρκαγιά στη [[Βαλτιμόρη]] του [[Μέριλαντ]] καταστρέφει πάνω από 1.500 κτίρια σε 30 ώρες.\n*[[1937]] - Συλλαμβάνεται ο [[Παναγιώτης Κανελλόπουλος]] έπειτα από υπόμνημα διαμαρτυρίας στον βασιλιά [[Γεώργιος Β΄ της Ελλάδας|Γεώργιο Β΄]] για την εγκαθίδρυση της [[Δικτατορία της 4ης Αυγούστου|δικτατορίας της 4ης Αυγούστου]].\n*[[1940]] - Κάνει πρεμιέρα η δεύτερη μεγάλου μήκους ταινία κινουμένων σχεδίων του [[Ουώλτ Ντίσνεϋ]], ''[[Πινόκιο (ταινία, 1940)|Πινόκιο]]''.\n*[[1943]] - [[Β΄ Παγκόσμιος Πόλεμος]]: Το αυτοκρατορικό [[Ιαπωνία|ιαπωνικό]] ναυτικό ολοκληρώνει την εκκένωση των αυτοκρατορικών ιαπωνικών στρατευμάτων από το [[Γκουανταλκανάλ]], δίνοντας τέλος στις προσπάθειες των Ιαπώνων να ανακαταλάβουν το νησί από τις [[Συμμαχικές δυνάμεις (Β΄ Παγκόσμιος Πόλεμος)|συμμαχικές δυνάμεις]].\n*[[1946]] - Το [[Εθνικό Απελευθερωτικό Μέτωπο|Ε.Α.Μ.]] αποφασίζει να μη μετάσχει στις πρώτες βουλευτικές εκλογές που προκήρυξε η [[Κυβέρνηση Θεμιστοκλή Σοφούλη 1945|κυβέρνηση Σοφούλη]], ακολουθώντας τη σκληρή γραμμή [[Νίκος Ζαχαριάδης|Ζαχαριάδη]], και στρέφεται στην ένοπλη εξέγερση.\n*[[1951]] - [[Πόλεμος της Κορέας]]: Περισσότεροι από 700 ύποπτοι ως συμπαθούντες τον κομμουνισμό σφαγιάζονται από τις [[Νότια Κορέα|νοτιοκορεατικές]] δυνάμεις.  \n*[[1962]] - [[Εμπάργκο των Η.Π.Α. κατά της Κούβας]]: Οι [[Ηνωμένες Πολιτείες Αμερικής]] απαγορεύουν όλες τις [[Κούβα|κουβανικές]] εισαγωγές και εξαγωγές. \n*[[1963]] - Παλιρροϊκό κύμα ύψους 10 μέτρων σαρώνει την παραλία του [[Αίγιο|Αιγίου]] μέχρι βάθους τριακοσίων μέτρων από την ακτή, προκαλώντας εκτεταμένες καταστραφές, τέσσερις νεκρούς και 26 τραυματίες, ενώ στην [[Μακεδονία (διαμέρισμα)|Μακεδονία]] και τη [[Θράκη]] τεράστιοι όγκοι νερού και πάγου κατέρχονται από τη [[Βουλγαρία]] και τη [[Γιουγκοσλαβία]] προκαλώντας πλημμύρες.\n*[[1966]] - Εκδίδεται ύστερα από διαδικασία 33 μηνών το πόρισμα του Συμβουλίου Πλημμελειοδικών Θεσσαλονίκης για τη δολοφονία του [[Γρηγόρης Λαμπράκης|Γρηγόρη Λαμπράκη]]. Σε δίκη για τη δολοφονία παραπέμπονται ο μοίραρχος [[Εμμανουήλ Καπελώνης]] ως ηθικός αυτουργός και οι Σπύρος Γκοτζαμάνης-Μανώλης Εμμανουηλίδης ως φυσικοί αυτουργοί, ενώ για παράβαση καθήκοντος σε βαθμό πλημμελήματος παραπέμπονται οι αξιωματικοί [[Κωνσταντίνος Μήτσου]], [[Ευθύμιος Καμουτσής]] κ.α.\n*[[1974]] - Η [[Γρενάδα]] αποκτά την ανεξαρτησία της από το [[Ηνωμένο Βασίλειο]].\n*[[1979]] - Ο [[Πλούτωνας (πλανήτης νάνος)|Πλούτωνας]] κινείται εντός της τροχιάς του [[Ποσειδώνας (πλανήτης)|Ποσειδώνα]] για πρώτη φορά από τότε που ανακαλύφθηκε.\n*[[1991]] - [[Σύγκρουση στη Βόρεια Ιρλανδία|Ταραχές]]: ο IRA πραγματοποιεί επίθεση με όλμους στην Ντάουνινγκ Στριτ 10 στο [[Λονδίνο]], στην έδρα της [[Μεγάλη Βρετανία|βρετανικής]] κυβέρνησης.\n*[[1992]] - Υπογράφεται η [[Συνθήκη του Μάαστριχτ]], οδηγώντας στη δημιουργία της [[Ευρωπαϊκή Ένωση|Ευρωπαϊκής Ένωσης]].\n* [[1999]] - Ο [[Αμπντάλα Β΄]] διαδέχεται τον πατέρα του [[Χουσεΐν ιμπν Ταλάλ]] ως βασιλιάς της [[Ιορδανία]]ς.\n* [[2008]] - Ο μητροπολίτης Θηβών και Λεβαδείας [[Αρχιεπίσκοπος Ιερώνυμος Β´|Ιερώνυμος]] εκλέγεται νέος [[Εκκλησία της Ελλάδος|Αρχιεπίσκοπος Αθηνών και πάσης Ελλάδος]].\n\n== Γεννήσεις ==\n*[[1102]] - [[Αυτοκράτειρα Ματθίλδη|Ματθίλδη]], αυτοκράτειρα της Αγίας Ρωμαϊκής Αυτοκρατορίας\n*[[1478]] - [[Τόμας Μορ]], Άγγλος πολιτικός και συγγραφέας\n*[[1693]] - [[Άννα Ιβάνοβνα]], αυτοκράτειρα της Ρωσίας\n*[[1741]] - [[Γιόχαν Χάινριχ Φίσλι]], Ελβετός καλλιτέχνης\n*[[1812]] - [[Κάρολος Ντίκενς]], Άγγλος συγγραφέας\n*[[1870]] - [[Άλφρεντ Άντλερ]], Αυστριακός ψυχολόγος\n*[[1873]] - [[Τόμας Άντριους]], Ιρλανδός ναυπηγός\n*[[1877]] - [[Γκόντφρεϊ Χάρολντ Χάρντι]], Άγγλος μαθηματικός\n*[[1885]] - [[Σίνκλερ Λιούις]], Αμερικανός συγγραφέας\n*[[1905]] - [[Ουλφ φον Όιλερ]], Σουηδός φυσιολόγος\n*[[1906]] - [[Όσιος Πορφύριος ο Καυσοκαλυβίτης]]\n*[[1915]] - [[Πατριάρχης Βουκουρεστίου Θεόκτιστος]]\n*[[1919]] - [[Ντέιβιντ Χάφλερ]], Αμερικανός μηχανικός ήχου\n*[[1934]] - [[Έντι Φενέκ Αντάμι]], Μαλτέζος πολιτικός\n*[[1934]] - [[Ανέστης Βλάχος]], Έλληνας ηθοποιός\n*[[1935]] - [[Μητροπολίτης Βελγίου Παντελεήμων Κοντογιάννης]]\n*[[1946]] - [[Έκτορ Μπαμπένκο]], Αργεντινός σκηνοθέτης\n*[[1947]] - [[Φλέμινγκ Γιόργκενσεν]], Δανός ηθοποιός και τραγουδιστής\n*[[1947]] - [[Νέλσον Οντούμπερ]], πρωθυπουργός της Αρούμπα\n*[[1954]] - [[Ντίτερ Μπόλεν]], Γερμανός συνθέτης\n*[[1961]] - [[Φρανσουά ντ'Ορλεάν (1961-2017)|Φραγκίσκος]], κόμης του Κλερμόν\n*[[1962]] - [[Ντέιβιντ Μπράιαν]], Αμερικανός μουσικός ([[Bon Jovi]])\n*[[1967]] - [[Βασίλης Τσαμπρόπουλος]], Έλληνας συνθέτης και πιανίστας\n*[[1974]] - [[Στιβ Νας]], Καναδός καλαθοσφαιριστής\n*[[1976]] - [[Τιγιάνα Τοντέφσκα]], τραγουδίστρια από την Π.Γ.Δ.Μ.\n*[[1977]] - [[Γιώργος Αλεξόπουλος]], Έλληνας ποδοσφαιριστής\n*[[1977]] - [[Δημήτρης Παπανικολάου]], Έλληνας καλαθοσφαιριστής\n*[[1978]] - [[Άστον Κούτσερ]], Αμερικανός ηθοποιός\n*[[1979]] - [[Νίκος Ανδρουλάκης]], Έλληνας πολιτικός\n*[[1981]] - [[Νταρσί Νέτο]], Βραζιλιάνος ποδοσφαιριστής\n*[[1983]] - [[Γιώργος Γκουγκουλιάς]], Έλληνας ποδοσφαιριστής\n*[[1983]] - [[Κρίστιαν Κλιν]], Αυστριακός οδηγός αγώνων\n*[[1989]] - [[Νικ Καλάθης]], Έλληνας καλαθοσφαιριστής\n*[[1990]] - [[Άννα Αμπρέου]], Φινλανδή τραγουδίστρια\n*[[1996]] - [[Πιερ Γκασλί]], Γάλλος οδηγός αγώνων\n\n== Θάνατοι ==\n*[[590]] - [[Πάπας Πελάγιος Β΄]]\n*[[780]] - [[Πατριάρχης Νικήτας Α΄|Νικήτας Α΄]], Πατριάρχης Κωνσταντινουπόλεως\n*[[1317]] - [[Ροβέρτος του Κλερμόν|Ροβέρτος]], κόμης του Κλερμόν\n*[[1575]] - [[Άννα Μαρία Ζίγκλεριν]], Γερμανίδα αλχημίστρια\n*[[1626]] - [[Γουλιέλμος Ε΄ της Βαυαρίας|Γουλιέλμος Ε΄]], δούκας της Βαυαρίας\n*[[1707]] - [[Δοσίθεος Β΄ Ιεροσολύμων|Δοσίθεος Β΄]], Πατριάρχης Ιεροσολύμων\n*[[1736]] - [[Στήβεν Γκρέυ]], Άγγλος αστρονόμος και επιστήμονας\n*[[1837]] - [[Γουσταύος Δ΄ Αδόλφος της Σουηδίας|Γουσταύος Δ΄ Αδόλφος]], βασιλιάς της Σουηδίας\n*[[1864]] - [[Βουκ Στεφάνοβιτς Κάρατζιτς]], Σέρβος γλωσσολόγος\n*[[1878]] - [[Πάπας Πίος Θ΄]]\n*[[1894]] - [[Αντόλφ Σαξ]], Βέλγος κατασκευαστής μουσικών οργάνων, εφευρέτης του σαξόφωνου\n*[[1896]] - [[Ανδρέας Αυγερινός]], Έλληνας πολιτικός\n*[[1898]] - [[Αντόλφο Φαρσάρι]], Ιταλός φωτογράφος\n*[[1901]] - [[Άνα Μπετανκούρτ]], Κουβανή επαναστάτρια και φεμινίστρια\n*[[1903]] - [[Τζέιμς Γκλέισερ]], Άγγλος μετεωρολόγος και αεροναυτικός\n*[[1931]] - [[Τομάζο Τιττόνι]], Ιταλός πολιτικός\n*[[1942]] - [[Ιβάν Μπιλίμπιν]], Ρώσος εικονογράφος\n*[[1942]] - [[Ντοράντο Πιέτρι]], Ιταλός αθλητής\n*[[1952]] - [[Φίλιπ Έπσταϊν]], Αμερικανός σεναριογράφος\n*[[1958]] - [[Βλαντιμίρ Λόσκι]], Ρώσος θεολόγος\n*[[1964]] - [[Σοφοκλής Βενιζέλος]], Έλληνας πολιτικός\n*[[1965]] - [[Λουκής Ακρίτας]], Έλληνας πολιτικός\n*[[1965]] - [[Περικλής Ιωαννίδης]], Έλληνας αντιναύαρχος\n*[[1979]] - [[Γιόζεφ Μένγκελε]], Γερμανός εγκληματίας πολέμου\n*[[1984]] - [[Αθανάσιος Λεονταρίδης]], Έλληνας πολιτικός\n*[[1984]] - [[Μάρκος Νομικός]], Έλληνας εφοπλιστής και πολιτικός\n*[[1986]] - [[Μπεάτα Κιτσίκη]], Ελληνίδα φεμινίστρια και αντιστασιακή\n*[[1987]] - [[Κλαούντιο Βίλα]], Ιταλός τραγουδιστής\n*[[2007]] - [[Αλέκος Ζαρταλούδης]], Έλληνας ηθοποιός\n*[[2007]] - [[Άλαν Μακντιάρμιντ]], Νεοζηλανδός χημικός\n*[[2008]] - [[Χρήστος Γραμματίδης]], Έλληνας πολιτικός και δημοσιογράφος\n*[[2008]] - [[Άντριου Μπερτιέ]], Άγγλος πρίγκιπας και μέγας μάγιστρος του Κυρίαρχου Στρατιωτικού Τάγματος της Μάλτας\n*[[2009]] - [[Τάσος Δενέγρης]], Έλληνας ποιητής\n*[[2010]] - [[Αντρέ Κολινγκμπά]], Κεντροαφρικανός πολιτικός\n*[[2014]] - [[Ορέστης Κολοζώφ]], Έλληνας πολιτικός\n*[[2014]] - [[Ηλίας Χατζοπλάκης]], Έλληνας πολιτικός\n*[[2016]] - [[Κωνσταντίνος Δεσποτόπουλος]], Έλληνας φιλόσοφος και πολιτικός\n*[[2017]] - [[Κυβέλη Θεοχάρη]], Ελληνίδα ηθοποιός\n*[[2017]] - [[Λουκιανός Κηλαηδόνης]], Έλληνας τραγουδοποιός\n*[[2017]] - [[Χανς Ρόσλινγκ]], Σουηδός ακαδημαϊκός\n*[[2017]] - [[Τσβέταν Τοντόροφ]], Βούλγαρος φιλόσοφος\n*[[2017]] - [[Ρίτσαρντ Χατς]], Αμερικανός ηθοποιός\n*[[2020]] - [[Λι Ουενλιάνγκ]], Κινέζος οφθαλμίατρος\n\n== Αργίες και εορτές ==\n=== Κόσμος ===\n* {{GRD}} - Ημέρα ανεξαρτησίας (από το [[Ηνωμένο Βασίλειο]] το [[1974]])\n\n=== [[Ορθόδοξη Εκκλησία]] ===\n{{Πύλη:Ορθοδοξία/Εορτολόγιο/7 Φεβρουαρίου}}\n\n\n{{Μήνες}}\n\n[[Κατηγορία:Ημέρες του έτους]]"}}}]}]}}