{"batchcomplete":true,"query":{"normalized":[{"fromencoded":false,"from":"7_Μαΐου","to":"7 Μαΐου"}],"pages":[{"pageid":1758,"ns":0,"title":"7 Μαΐου","revisions":[{"slots":{"main":{"contentmodel":"wikitext","contentformat":"text/x-wiki","content":"{{χωρίς παραπομπές}}\n\n{{Μήνες Μαΐου}}\n\n<center>[[6 Μαΐου]] | '''7 Μαΐου''' | [[8 Μαΐου]]</center>\n\n----\nΗ '''7η Μαΐου''' είναι η 127η ημέρα του έτους κατά το [[Γρηγοριανό ημερολόγιο]] (128η σε δίσεκτα έτη).  Υπολείπονται 238 ημέρες.\n\n{{ΗμερολόγιοΣεΠίνακα|5}}\n\n== Γεγονότα ==\n*[[558]] - Καταρρέει ο [[τρούλος]] της [[Αγία Σοφία (Κωνσταντινούπολη)|Αγίας Σοφίας]] στην [[Βυζαντινή Κωνσταντινούπολη|Κωνσταντινούπολη]]. Ο [[Ιουστινιανός Α´]] διατάσσει άμεσα την ανακατασκευή του.\n*[[1274]] - Συνέρχεται η [[Δεύτερη Σύνοδος της Λυών]] στη [[Γαλλία]]. \n*[[1429]] - Η [[Ιωάννα της Λωραίνης]] νικά κατά την [[πολιορκία της Ορλεάνης]], τραβώντας ένα βέλος από τον [[Ώμος|ώμο]] της και επιστρέφοντας τραυματισμένη για να ηγηθεί της τελικής επίθεσης. Η νίκη αυτή σηματοδοτεί μία κρίσιμη καμπή του [[Εκατονταετής Πόλεμος|Εκατονταετούς Πολέμου]].\n*[[1664]] - Ο [[Λουδοβίκος ΙΔ΄ της Γαλλίας]] ξεκινά την κατασκευή του [[Ανάκτορο των Βερσαλλιών|Ανακτόρου των Βερσαλλιών]].\n*[[1697]] - Το βασιλικό κάστρο της [[Στοκχόλμη]]ς (που χρονολογείται από τους [[Μεσαίωνας|μεσαιωνικούς]] χρόνους) καταστρέφεται από πυρκαγιά. Αντικαταστάθηκε από το σημερινό Βασιλικό Παλάτι το 18ο αιώνα. \n*[[1718]] - Ιδρύεται η [[Νέα Ορλεάνη]].\n*[[1794]] - [[Γαλλική Επανάσταση]]: ο [[Μαξιμιλιανός Ροβεσπιέρος]] εισάγει στην Εθνοσυνέλευση τη λατρεία του Υπέρτατου Όντος ως τη νέα [[επίσημη θρησκεία]].  \n*[[1824]] - Πραγματοποιείται η παγκόσμια πρεμιέρα της [[9η Συμφωνία (Μπετόβεν)|9ης Συμφωνίας]] του [[Λούντβιχ βαν Μπετόβεν]] στη [[Βιέννη]], υπό την εποπτεία του συνθέτη.\n*[[1832]] - Αναγνωρίζεται με το [[Πρωτόκολλο του Λονδίνου (1832)|Πρωτόκολλο του Λονδίνου]] η ανεξαρτησία της [[Ελλάδα]]ς. \n*[[1846]] - Εκδίδεται στο [[Κέιμπριτζ (Μασαχουσέτη)]] το πρώτο φύλλο της ''Cambridge Chronicle'', της παλαιότερης σωζόμενης εβδομαδιαίας [[εφημερίδα]]ς των [[Ηνωμένες Πολιτείες Αμερικής|Η.Π.Α.]]\n*[[1895]] - Στην [[Αγία Πετρούπολη]], ο [[Ρωσία|Ρώσος]] επιστήμονας [[Αλέξανδρος Ποπόφ]] παρουσιάζει στη Ρώσικη Φυσικοχημική Εταιρεία την εφεύρεσή του: έναν πρώιμο ραδιοφωνικό δέκτη. Σε ορισμένα μέρη της πρώην [[Ένωση Σοβιετικών Σοσιαλιστικών Δημοκρατιών|Σοβιετικής Ένωσης]] η επέτειος αυτή εορτάζεται ως Ημέρα του Ραδιοφώνου.\n*[[1915]] - [[Α΄ Παγκόσμιος Πόλεμος]]: [[Γερμανία|γερμανικό]] [[υποβρύχιο]] U-20 βυθίζει το RMS ''[[Λουζιτάνια]]'', σκοτώνοντας 1.198 ανθρώπους.\n*[[1920]] - [[Πολωνία|Πολωνικά]] στρατεύματα με επικεφαλής τον [[Γιούζεφ Πιουσούτσκι]] και επικουρούμενα από μία συμβολική [[Ουκρανία|ουκρανική]] δύναμη καταλαμβάνουν το [[Κίεβο]]. Ένα μήνα αργότερα εκδιώχνονται έπειτα από αντεπίθεση του [[Κόκκινος Στρατός|Κόκκινου Στρατού]]. \n*[[1943]] - Ο [[Ελληνικός Λαϊκός Απελευθερωτικός Στρατός]] (ΕΛΑΣ) επιτίθεται στο αρχηγείο του [[Γεώργιος Παπαϊωάννου|Γεώργιου Παπαϊωάννου]] στο [[Θέρμο]].\n*[[1945]] - [[Β΄ Παγκόσμιος Πόλεμος]]: Ο στρατηγός [[Άλφρεντ Γιοντλ]] υπογράφει στη [[Ρενς]] άνευ όρων παράδοση, δίνοντας τέλος στη συμμετοχή της [[Ναζιστική Γερμανία|Γερμανίας]] στον πόλεμο. Το έγγραφο ισχύει από την επόμενη ημέρα. \n*[[1960]] - [[Ψυχρός πόλεμος]]: [[Κατάρριψη του U2 από τους Σοβιετικούς]]. Ο [[Ένωση Σοβιετικών Σοσιαλιστικών Δημοκρατιών|Σοβιετικός]] ηγέτης [[Νικίτα Χρουστσόφ]] ανακοινώνει ότι ο [[Ηνωμένες Πολιτείες Αμερικής|Αμερικανός]] πιλότος του U2, Φράνσις Γκάρι Πάουερς, βρίσκεται στα χέρια των Σοβιετικών. \n*[[1976]] - Λανσάρεται επίσημα το [[Honda Accord]].\n*[[1986]] - Ο [[Καναδάς|Καναδός]] Πάτρικ Μόροου γίνεται το πρώτο πρόσωπο που αναρριχήθηκε σε κάθε μία από τις [[Επτά Κορυφές]].\n*[[1999]] - [[Πόλεμος του Κοσσυφοπεδίου]]: 3 [[Λαϊκή Δημοκρατία της Κίνας|Κινέζοι]] πολίτες σκοτώνονται και 20 τραυματίζονται όταν αεροσκάφος του [[ΝΑΤΟ]] βομβαρδίζει κατά λάθος την κινεζική πρεσβεία στο [[Βελιγράδι]].\n\n== Γεννήσεις ==\n*[[165]] - [[Ιουλία Μαίσα]], Ρωμαία αριστοκράτισσα\n*[[1480]] - [[Φίλιππος του Παλατινάτου, επίσκοπος|Φίλιππος του Παλατινάτου]], επίσκοπος του Φράιζινγκ\n*[[1530]] - [[Λουδοβίκος Α΄ του Κοντέ]], Γάλλος στρατηγός\n*[[1605]] - [[Πατριάρχης Μόσχας Νίκων]]\n*[[1711]] - [[Ντέιβιντ Χιουμ]], Σκωτσέζος φιλόσοφος και ιστορικός\n*[[1745]] - [[Καρλ Στάμιτς]], Γερμανός συνθέτης\n*[[1833]] - [[Γιοχάνες Μπραμς]], Γερμανός συνθέτης\n*[[1840]] - [[Πιότρ Τσαϊκόφσκι]], Ρώσος συνθέτης\n*[[1841]] - [[Γκυστάβ Λε Μπον]], Γάλλος κοινωνιολόγος\n*[[1861]] - [[Ραμπιντρανάθ Ταγκόρ]], Ινδός συγγραφέας\n*[[1867]] - [[Βλαντυσλάβ Ρέυμοντ]], Πολωνός συγγραφέας\n*[[1874]] - [[Ιλμάρι Κιάντο]], Φινλανδός συγγραφέας\n*[[1884]] - [[Τόμμυ Σόλομον]], ο τελευταίος Μαριορί\n*[[1892]] - [[Γιόσιπ Μπροζ Τίτο]], Γιουγκοσλάβος πολιτικός\n*[[1901]] - [[Γκάρι Κούπερ]], Αμερικανός ηθοποιός\n*[[1917]] - [[Ντέιβιντ Τόμλινσον]], Άγγλος ηθοποιός\n*[[1919]] - [[Εβίτα Περόν]], Αργεντινή σύζυγος του [[Χουάν Περόν]]\n*[[1923]] - [[Αν Μπάξτερ]] Αμερικανίδα ηθοποιός\n*[[1923]] - [[Μπουλέντ Ουλουσού]], Τούρκος ναύαρχος και πολιτικός\n*[[1940]] - [[Ευγένιος Γκέραρντ]], Ολλανδός προπονητής ποδοσφαίρου\n*[[1940]] - [[Χάρρυ Κλυνν]], Έλληνας κωμικός\n*[[1956]] - [[Γιαν Πέτερ Μπαλκενέντε]], Ολλανδός πολιτικός\n*[[1965]] - [[Όουεν Χαρτ]], Καναδός παλαιστής\n*[[1968]] - [[Τρέισι Λορντς]], Αμερικανίδα ηθοποιός\n*[[1969]] - [[Ραατμπέκ Σανατμπάγιεφ]], Κιργίζιος παλαιστής\n*[[1971]] - [[Τομά Πικετί]], Γάλλος οικονομολόγος\n*[[1977]] - [[Βλάνταν Ίβιτς]], Σέρβος ποδοσφαιριστής και προπονητής\n*[[1981]] - [[Γεωργία Κοκλώνη]], Ελληνίδα αθλήτρια\n*[[1984]] - [[Κέβιν Στιν]], Καναδός παλαιστής\n*[[1987]] - [[Ζερεμί Μενέζ]], Γάλλος ποδοσφαιριστής\n\n== Θάνατοι ==\n*[[685]] - [[Μαρουάν Α΄]], Άραβας χαλίφης\n*[[973]] - [[Όθων Α΄ της Αγίας Ρωμαϊκής Αυτοκρατορίας|Όθων Α΄]], αυτοκράτορας της Αγίας Ρωμαϊκής Αυτοκρατορίας\n*[[1166]] - [[Γουλιέλμος Α΄ της Σικελίας|Γουλιέλμος Α΄]], βασιλιάς της Σικελίας\n*[[1315]] - [[Ισαβέλλα ντε Σαμπράν]], πριγκίπισσα της Μαγιόρκας\n*[[1667]] - [[Γιόχαν Γιάκομπ Φρόμπεργκερ]], Γερμανός συνθέτης και μουσικός\n*[[1682]] - [[Φιοντόρ Γ΄ της Ρωσίας|Φιοντόρ Γ΄]], τσάρος της Ρωσίας\n*[[1793]] - [[Πιέτρο Ναρντίνι]], Ιταλός συνθέτης και βιολιστής\n*[[1825]] - [[Αντόνιο Σαλιέρι]], Ιταλός συνθέτης\n*[[1840]] - [[Κάσπαρ Ντάβιντ Φρίντριχ]], Γερμανός ζωγράφος\n*[[1941]] - [[Τζέιμς Φρέιζερ]], Σκωτσέζος ανθρωπολόγος\n*[[1951]] - [[Γουόρνερ Μπάξτερ]], Αμερικανός ηθοποιός\n*[[1995]] - [[Ιωάννης Τούμπας]], Έλληνας πολιτικός\n*[[2003]] - [[Πάνος Φειδάκης]], Έλληνας ζωγράφος\n*[[2007]] - [[Ντιέγκο Κοράλες]], Αμερικανός πυγμάχος\n*[[2007]] - [[Τομάζι Κουλιμοετόκε Β΄]], βασιλιάς του Ουαλίς και Φουτουνά\n\n== Αργίες και εορτές ==\n=== [[Ορθόδοξη Εκκλησία]] ===\n{{Πύλη:Ορθοδοξία/Εορτολόγιο/7 Μαΐου}}\n\n{{Μήνες}}\n\n== Πηγές ==\n<references />\n\n[[Κατηγορία:Ημέρες του έτους]]"}}}]}]}}