{"batchcomplete":true,"query":{"normalized":[{"fromencoded":false,"from":"8_Δεκεμβρίου","to":"8 Δεκεμβρίου"}],"pages":[{"pageid":3735,"ns":0,"title":"8 Δεκεμβρίου","revisions":[{"slots":{"main":{"contentmodel":"wikitext","contentformat":"text/x-wiki","content":"{{Μήνες Δεκεμβρίου}}\n\n<center>[[7 Δεκεμβρίου]] | '''8 Δεκεμβρίου''' | [[9 Δεκεμβρίου]]</center>\n\n----\nΗ '''8η Δεκεμβρίου''' είναι η 342η ημέρα του έτους κατά το [[Γρηγοριανό ημερολόγιο]] (343η σε δίσεκτα έτη). Υπολείπονται 23 ημέρες.\n\n{{ΗμερολόγιοΣεΠίνακα|12}}\n\n==Γεγονότα==\n*[[877]] - Ο [[Λουδοβίκος ο Τραυλός]] (γιος του [[Κάρολος ο Φαλακρός|Κάρολου του Φαλακρού]]) στέφεται βασιλιάς της [[Δυτική Φραγκία|Δυτικής Φραγκίας]]. \n*[[1660]] - Για πρώτη φορά εμφανίζεται σε [[Αγγλία|αγγλική]] θεατρική σκηνή γυναίκα ηθοποιός. Η ηθοποιός (η Μάργκαρετ Χιουζ ή η Αν Μάρσαλ) υποδύεται τη Δεισδαιμόνα στον ''[[Οθέλλος|Οθέλλο]]'' του [[Ουίλλιαμ Σαίξπηρ]].\n*[[1813]] - Πρεμιέρα της [[7η Συμφωνία (Μπετόβεν)|7ης Συμφωνίας]] του [[Λούντβιχ βαν Μπετόβεν]]. \n*[[1854]] - Στο αποστολικό του διάταγμα ''Ineffabilis Deus'', ο [[Πάπας Πίος Θ΄]] κηρύσσει το [[Αλάθητο του Πάπα|δογματικό ορισμό]] της [[Άμωμος σύλληψη|Αμώμου Σύλληψης]], η οποία υποστηρίζει ότι η [[Παναγία]] συνελήφθη χωρίς το [[προπατορικό αμάρτημα]].\n*[[1864]] - Ο [[Πάπας Πίος Θ΄]] εκδίδει την εγκύκλιο ''Quanta cura'' με την οποία αποτυπώνει την εξουσία της [[Καθολική Εκκλησία|Καθολικής Εκκλησίας]] και καταδικάζει διάφορες [[Φιλελευθερισμός|φιλελεύθερες]] ιδέες.  \n*[[1907]] - Ο [[Γουσταύος Ε΄ της Σουηδίας|Γουσταύος Ε΄]] ανέρχεται στον [[Σουηδία|σουηδικό]] θρόνο.\n*[[1912]] - Οι ηγέτες της [[Γερμανική Αυτοκρατορία|Γερμανικής Αυτοκρατορίας]] συνέρχονται σε αυτοκρατορικό πολεμικό συμβούλιο για να συζητήσουν το ενδεχόμενο να ξεσπάσει πόλεμος. \n*[[1914]] - [[Α΄ Παγκόσμιος Πόλεμος]]: Μία μοίρα του [[Μεγάλη Βρετανία|βρετανικού]] [[Βασιλικό Ναυτικό|βασιλικού ναυτικού]] νικά μία μοίρα του [[Γερμανία|γερμανικού]] αυτοκρατορικού στόλου στη ναυμαχία των [[Νήσοι Φώκλαντ|νήσων Φώκλαντ]] στο νότιο [[Ατλαντικός Ωκεανός|Ατλαντικό ωκεανό]].\n*[[1941]] - [[Β΄ Παγκόσμιος Πόλεμος]]: Ο [[Ηνωμένες Πολιτείες Αμερικής|Αμερικανός]] πρόεδρος [[Φραγκλίνος Ρούζβελτ]] κηρύσσει τον πόλεμο στην [[Ιαπωνία]].\n*[[1941]] - [[Β΄ Παγκόσμιος Πόλεμος]]: [[Ιαπωνία|Ιαπωνικές]] δυνάμεις εισβάλλουν ταυτόχρονα στη [[Μαλαισία]], την [[Ταϊλάνδη]], το [[Χονγκ Κονγκ]], τις [[Φιλιππίνες]] και τις Ολλανδικές Ανατολικές Ινδίες.\n*[[1955]] - Το [[Συμβούλιο της Ευρώπης]] υιοθετεί την [[Ευρωπαϊκή σημαία]].\n*[[1962]] - Εργαζόμενοι σε τέσσερις εφημερίδες της [[Νέα Υόρκη|Νέας Υόρκης]] (που αργότερα θα αυξηθούν σε εννέα) κατεβαίνουν σε απεργία, η οποία θα διαρκέσει 114 ημέρες.   \n*[[1963]] - [[Αστραπή]] χτυπάει [[Boeing 707]] της Pan Am, το οποίο συντρίβεται στο [[Μέριλαντ]] σκοτώνοντας και τους 81 επιβαίνοντες.\n*[[1965]] - Η [[Εκκλησία της Ελλάδος]] διατυπώνει ενστάσεις για την άρση των αφορισμών μεταξύ του [[Πάπας Παύλος ΣΤ΄|Πάπα Παύλου ΣΤ΄]] και του [[Πατριάρχης Αθηναγόρας|Πατριάρχη Αθηναγόρα]].\n*[[1966]] - Το [[Ελλάδα|ελληνικό]] πλοίο ''[[Ηράκλειον (Ε/Γ-Ο/Γ)]]'' βυθίζεται στο [[Αιγαίο Πέλαγος]], με απολογισμό πάνω από 200 νεκρούς.\n*[[1969]] - Η [[Ολυμπιακή Αεροπορία Πτήση ΟΑ 954|πτήση 954 της Ολυμπιακής Αεροπορίας]] προσκρούει σε βουνό έξω από την [[Κερατέα]] σκοτώνοντας 90 άτομα στο χειρότερο δυστύχημα με Douglas DC-6 στην ιστορία.\n*[[1971]] - Ινδο-Πακιστανικός Πόλεμος: Το [[Ινδία|ινδικό]] ναυτικό πραγματοποιεί επίθεση στο [[Καράτσι]] του δυτικού [[Πακιστάν]].\n*[[1971]] - Ο καρδιοχειρουργός [[Γεώργιος Τόλης]] πραγματοποιεί την πρώτη επαναγγείωση μυοκαρδίου με παρακαμπτήριο φλεβικό μόσχευμα στο [[νοσοκομείο Ευαγγελισμός]].\n*[[1972]] - [[Boeing 737]] της United Airlines συντρίβεται μετά τη διακοπή απόπειρας προσγείωσης στο [[Σικάγο]], σκοτώνοντας 45 άτομα. Αυτή είναι η πρώτη απώλεια ενός Boeing 737.  \n*[[1974]] - Το [[ελληνικό δημοψήφισμα του 1974]] έχει ως αποτέλεσμα την κατάργηση της [[Μοναρχία της Ελλάδας|μοναρχίας στην Ελλάδα]].\n*[[1980]] - Ο πρώην [[The Beatles|Beatle]] [[Τζον Λένον]] δολοφονείται από τον Μαρκ Ντέιβιντ Τσάπμαν μπροστά από το κτίριο Ντακότα στη [[Νέα Υόρκη]].\n*[[1987]] - [[Ψυχρός Πόλεμος]]: Ο [[Ηνωμένες Πολιτείες Αμερικής|Αμερικανός]] πρόεδρος [[Ρόναλντ Ρήγκαν]] και ο [[Ένωση Σοβιετικών Σοσιαλιστικών Δημοκρατιών|Σοβιετικός]] ηγέτης [[Μιχαήλ Γκορμπατσώφ]] υπογράφουν στον [[Λευκός Οίκος|Λευκό Οίκο]] τη Συνθήκη για τις Πυρηνικές Δυνάμεις Μεσαίου Βεληνεκούς.\n*[[1987]] - [[Ισραήλ|Ισραηλινό]] άρμα μάχης σκοτώνει τέσσερις [[Παλαιστίνιοι|Παλαιστίνιους]] πρόσφυγες και τραυματίζει επτά άλλους κατά τη διάρκεια ενός τροχαίου ατυχήματος στα σύνορα του Ισραήλ με τη [[Λωρίδα της Γάζας]]. Το γεγονός πυροδοτεί την [[Πρώτη Ιντιφάντα]].\n* [[1991]] - Οι ηγέτες της [[Ρωσία]]ς, [[Ουκρανία]]ς και [[Λευκορωσία]]ς συμφωνούν στη διάλυση της ΕΣΣΔ και τη δημιουργία της [[Κοινοπολιτεία Ανεξάρτητων Κρατών|Κοινοπολιτείας Ανεξαρτήτων Κρατών]] (Κ.Α.Κ.) με πρωτεύουσα το Μινσκ.\n\n==Γεννήσεις==\n*[[65 π.Χ.]] - [[Οράτιος]], Ρωμαίος ποιητής\n*[[1542]] - [[Μαρία Α΄ της Σκωτίας|Μαρία Α΄]], βασίλισσα της Σκωτίας\n*[[1708]] - [[Φραγκίσκος Α΄ της Αγίας Ρωμαϊκής Αυτοκρατορίας|Φραγκίσκος Α΄]], αυτοκράτορας της Αγίας Ρωμαϊκής Αυτοκρατορίας\n*[[1815]] - [[Άντολφ φον Μέντσελ]], Γερμανός ζωγράφος και εικονογράφος\n*[[1832]] - [[Μπιέρνστιερνε Μπιέρνσον]], Νορβηγός συγγραφέας\n*[[1842]] - [[Αλφόνς Μπορελλύ]], Γάλλος αστρονόμος\n*[[1861]] - [[Αριστίντ Μαγιόλ]], Γάλλος γλύπτης και ζωγράφος\n*[[1861]] - [[Ζωρζ Μελιές]], Γάλλος σκηνοθέτης\n*[[1864]] - [[Καμίλ Κλοντέλ]], Γαλλίδα εικονογράφος και γλύπτρια\n*[[1865]] - [[Γιαν Σιμπέλιους]], Φινλανδός συνθέτης\n*[[1886]] - [[Ντιέγκο Ριβέρα]], Μεξικανός ζωγράφος\n*[[1890]] - [[Μπόχουσλαβ Μαρτίνου]], Τσέχος συνθέτης\n*[[1911]] - [[Νίκος Γκάτσος]], Έλληνας ποιητής και στιχουργός\n*[[1918]] - [[Γιώργος Σουρέλης]], Ελληνας συγγραφέας\n*[[1929]] - [[Ζεράρ ντε Βιλιέ]], Γάλλος συγγραφέας\n*[[1930]] - [[Μαξιμίλιαν Σελλ]], Αυστριακός ηθοποιός και σκηνοθέτης\n*[[1936]] - [[Ντέιβιντ Καραντάιν]], Αμερικανός ηθοποιός\n*[[1938]] - [[Τζον Κουφούρ]], Γκανέζος πολιτικός\n*[[1940]] - [[Θύμιος Καρακατσάνης]], Έλληνας ηθοποιός και σκηνοθέτης\n*[[1943]] - [[Τζιμ Μόρισον]], Αμερικανός τραγουδιστής ([[The Doors]])\n*[[1945]] - [[Τζον Μπάνβιλ]], Ιρλανδός συγγραφέας και δημοσιογράφος\n*[[1950]] - [[Ουλφ Έκμαν]], Σουηδός εκκλησιαστικός ηγέτης\n*[[1953]] - [[Κιμ Μπέισινγκερ]], Αμερικανίδα ηθοποιός\n*[[1959]] - [[Τζιμ Γιονγκ Κιμ]], Κορεάτης ιατρός\n*[[1962]] - [[Μάρτι Φρίντμαν]], Αμερικανός κιθαρίστας ([[Megadeth]])\n*[[1962]] - [[Νίκος Καραγεωργίου]], Έλληνας ποδοσφαιριστής\n*[[1966]] - [[Σινέντ Ο' Κόνορ]], Ιρλανδή τραγουδίστρια\n*[[1968]] - [[Μάικλ Κόουλ]], Αμερικανός αθλητικός σχολιαστής\n*[[1976]] - [[Ντόμινικ Μόναχαν]], Βρετανός ηθοποιός\n*[[1978]] - [[Ίαν Σομερχάλντερ]], Αμερικανός ηθοποιός\n*[[1982]] - [[Νίκι Μινάζ]], τραγουδίστρια από το Τρινιντάντ\n*[[1985]] - [[Ντουάιτ Χάουαρντ]], Αμερικανός καλαθοσφαιριστής\n\n==Θάνατοι==\n*[[899]] - [[Αρνούλφος της Καρινθίας]], αυτοκράτορας της Αγίας Ρωμαϊκής Αυτοκρατορίας\n*[[1186]] - [[Βερθόλδος Δ΄ του Τσέρινγκεν|Μπέρτολτ Δ']], δούκας του Τσέρινγκεν\n*[[1383]] - [[Βεγκέσλαος Α΄ του Λουξεμβούργου|Βεγκέσλαος Α']], δούκας του Λουξεμβούργου\n*[[1521]] - [[Χριστίνα της Σαξονίας, βασίλισσα της Δανίας|Χριστίνα της Σαξονίας]], βασίλισσα της Σουηδίας, της Νορβηγίας και της Δανίας\n*[[1793]] - [[Μαντάμ Ντυμπαρύ]], Γαλλίδα κόμισσα\n*[[1831]] - [[Τζέιμς Χόμπαν]], Ιρλανδός αρχιτέκτονας\n*[[1864]] - [[Τζορτζ Μπουλ]], Άγγλος μαθηματικός και φιλόσοφος\n*[[1894]] - [[Παφνούτι Τσεμπισιόφ]], Ρώσος μαθηματικός\n*[[1903]] - [[Χέρμπερτ Σπένσερ]], Άγγλος φιλόσοφος\n*[[1907]] - [[Όσκαρ Β΄ της Σουηδίας|Όσκαρ Β΄]], βασιλιάς της Σουηδίας\n*[[1955]] - [[Χέρμαν Βέιλ]], Γερμανός μαθηματικός, θεωρητικός φυσικός και φιλόσοφος\n*[[1971]] - [[Άλκης Θρύλος|Ελένη Ουράνη]], Ελληνίδα ποιήτρια\n*[[1975]] - [[Γκάρι Τέην]], Νεοζηλανδός μπασίστας ([[Uriah Heep]])\n*[[1978]] - [[Γκόλντα Μέιρ]], Ισραηλινή πολιτικός\n*[[1980]] - [[Τζον Λένον]], Άγγλος μουσικός και τραγουδιστής ([[The Beatles]])\n*[[1984]] - [[Νίκολας Ντίνγκλι]], ντράμερ των [[Hanoi Rocks]]\n*[[1989]] - [[Γκόλφω Μπίνη]], Ελληνίδα ηθοποιός\n*[[1994]] - [[Σέμνη Καρούζου]], Ελληνίδα αρχαιολόγος\n*[[2000]] - [[Ιονάτανα Ιονάτανα]], πρωθυπουργός του Τουβαλού\n*[[2004]] - [[Ιωάννης Μπούτος]], Έλληνας πολιτικός\n*[[2004]] -  [[Ντάιμπαγκ Νταρέλ]], Αμερικανός κιθαρίστας ([[Pantera]], [[Damageplan]])\n*[[2016]] - [[Τζον Γκλεν]], Αμερικανός αστροναύτης και πολιτικός\n\n==Αργίες και εορτές==\n\n=== [[Ορθόδοξη Εκκλησία]] ===\n{{Πύλη:Ορθοδοξία/Εορτολόγιο/8 Δεκεμβρίου}}\n{{commonscat|8 December}}\n== Βλέπε επίσης ==\n\n[[8 Νοεμβρίου]] - [[8 Ιανουαρίου]]\n\n{{Μήνες}}\n\n[[Κατηγορία:Ημέρες του έτους]]"}}}]}]}}