{"batchcomplete":true,"query":{"normalized":[{"fromencoded":false,"from":"8_Σεπτεμβρίου","to":"8 Σεπτεμβρίου"}],"pages":[{"pageid":8022,"ns":0,"title":"8 Σεπτεμβρίου","revisions":[{"slots":{"main":{"contentmodel":"wikitext","contentformat":"text/x-wiki","content":"{{Μήνες Σεπτεμβρίου}}\n\n<center>[[7 Σεπτεμβρίου]] | '''8 Σεπτεμβρίου''' | [[9 Σεπτεμβρίου]]</center>\n\n----\n{{ΗμερολόγιοΣεΠίνακα|9}}\nΗ '''8η Σεπτεμβρίου''' είναι η 251η ημέρα του έτους κατά το [[Γρηγοριανό ημερολόγιο]] (252η σε δίσεκτα έτη). Υπολείπονται 114 ημέρες.\n\n== Γεγονότα ==\n*[[1100]] - Εκλέγεται ο [[Αντίπαπας Θευδέριχος]].\n*[[1276]] - Εκλέγεται ο [[Πάπας Ιωάννης ΚΑ΄]].\n*[[1331]] - Ο [[Στέφανος Δουσάν]] ανακηρύσσεται βασιλιάς της [[Σερβία]]ς.\n*[[1380]] - [[Μάχη του Κουλίκοβο]]: Οι [[Ρώσοι|ρωσικές]] δυνάμεις νικούν το μικτό στρατό [[Τάταροι|Τατάρων]] και [[Μογγόλοι|Μογγόλων]], σταματώντας την προέλασή τους.\n*[[1479]] - Οι [[Οθωμανική Αυτοκρατορία|Οθωμανοί]] καταλαμβάνουν τη [[Ζάκυνθος|Ζάκυνθο]] καταλύοντας την [[Παλατινή Κομητεία της Κεφαλονιάς και της Ζακύνθου]].\n*[[1504]] - Πραγματοποιούνται στη [[Φλωρεντία]] τα αποκαλυπτήρια του [[Δαβίδ του Μιχαήλ Άγγελου]].\n*[[1514]] - Μάχη της Όρσα: Σε μία από τις μεγαλύτερες μάχες του αιώνα, οι [[Λιθουανία|Λιθουανοί]] και οι [[Πολωνία|Πολωνοί]] νικούν το [[Ρωσία|ρωσικό]] στρατό.\n*[[1551]] - Ιδρύεται η πόλη [[Βιτόρια (Βραζιλία)]].\n*[[1565]] - Οι [[Οθωμανική Αυτοκρατορία|Οθωμανοί]] άρουν την πολιορκία της [[Μάλτα]]ς που ξεκίνησε στις [[18 Μαΐου]].\n*[[1612]] - Ιδρύεται το [[Σάο Λουίς]] στη [[Βραζιλία]]. \n*[[1655]] - Μία μικρή δύναμη υπό τη διοίκηση του [[Κάρολος Ι΄ Γουσταύος της Σουηδίας|Καρόλου Ι΄ Γουσταύου της Σουηδίας]] καταλαμβάνει χωρίς αντίσταση τη [[Βαρσοβία]]. Πρόκειται για την πρώτη φορά που η πόλη καταλαμβάνεται από ξένο στρατό.\n*[[1727]] - Μία πυρκαγιά σε αχυρώνα κατά τη διάρκεια κουκλοθέατρου σε χωριό στο Κέιμπριτζσαϊρ της [[Αγγλία]]ς σκοτώνει 78 άτομα, πολλά εκ των οποίων είναι παιδιά.\n*[[1761]] - Ο βασιλιάς [[Γεώργιος Γ΄ του Ηνωμένου Βασιλείου]] παντρεύεται τη δούκισσα [[Καρλόττα του Μεκλεμβούργου-Στρέλιτς]].\n*[[1831]] - Ο [[Γουλιέλμος Δ΄ του Ηνωμένου Βασιλείου|Γουλιέλμος Δ΄]] και η [[Αδελαΐδα της Σαξονίας-Μάινινγκεν]] στέφονται [[Κατάλογος μοναρχών της Βρετανίας|βασιλιάς]] και [[Κατάλογος Βρετανικών βασιλικών συζύγων|βασίλισσα]] του [[Ηνωμένο Βασίλειο|Ηνωμένου Βασιλείου]].\n*[[1888]] - Στο [[Λονδίνο]], ανακαλύπτεται το σώμα της Άνι Τσάπμαν, του δεύτερου θύματος του [[Τζακ ο Αντεροβγάλτης|Τζακ του Αντεροβγάλτη]]. \n*[[1888]] - Διεξάγονται οι πρώτοι έξι αγώνες της [[Αγγλική Φούτμπολ Λιγκ|Αγγλικής Φούτμπολ Λιγκ]].\n*[[1900]] - Ισχυρός [[τροπικός κυκλώνας]] χτυπά το Γκάλβεστον του [[Τέξας]], σκοτώνοντας περίπου 8.000 άτομα.\n*[[1905]] - Σεισμός μεγέθους 7,1 Ρίχτερ κλονίζει την [[Καλαβρία]] στη νότια [[Ιταλία]], σκοτώνοντας 557 άτομα.\n*[[1922]] - [[Μικρασιατική Καταστροφή]]: Οι πρώτοι Τούρκοι στρατιώτες μπαίνουν στην Σμύρνη. 5 μέρες αργότερα ακολουθούν οι καταστροφές και οι σφαγές. \n*[[1926]] - Η [[Δημοκρατία της Βαϊμάρης]] εντάσσεται στην [[Κοινωνία των Εθνών]].\n*[[1941]] - [[Β΄ Παγκόσμιος Πόλεμος]]: Αρχίζει η [[πολιορκία του Λένινγκραντ]]. Οι [[Ναζιστική Γερμανία|γερμανικές]] δυνάμεις αρχίζουν την πολιορκία του [[Αγία Πετρούπολη|Λένινγκραντ]], της δεύτερης μεγαλύτερης πόλης της [[Ένωση Σοβιετικών Σοσιαλιστικών Δημοκρατιών|Σοβιετικής Ένωσης]].\n*[[1943]] - [[Β΄ Παγκόσμιος Πόλεμος]]: Ο [[Ηνωμένες Πολιτείες Αμερικής|Αμερικανός]] [[στρατηγός]] [[Ντουάιτ Αϊζενχάουερ]] ανακοινώνει δημοσίως την ανακωχή των [[Συμμαχικές δυνάμεις (Β΄ Παγκόσμιος Πόλεμος)|συμμάχων]] με την [[Ιταλία]].\n*[[1944]] - Οι [[Ναζιστική Γερμανία|Γερμανοί]] εκτελούν στο [[άλσος Χαϊδαρίου]] 28 [[Έλληνες]] αγωνιστές, μεταξύ των οποίων και τη [[Λέλα Καραγιάννη]].\n*[[1945]] - [[Ψυχρός πόλεμος]]: [[Ηνωμένες Πολιτείες Αμερικής|Αμερικανικά]] στρατεύματα φτάνουν στην Κορέα για να διαχωρίσουν το νότιο τμήμα της χώρας ως απάντηση στην κατοχή του βόρειου τμήματος της χερσονήσου από τα [[Ένωση Σοβιετικών Σοσιαλιστικών Δημοκρατιών|σοβιετικά]] στρατεύματα ένα μήνα νωρίτερα. \n*[[1946]] - Σε δημοψήφισμα στη [[Βουλγαρία]], το 92,72% ψηφίζει υπέρ της κατάργησης της μοναρχίας. \n*[[1951]] - Συνθήκη του [[Σαν Φρανσίσκο]]: Στο Σαν Φρανσίσκο, [[Καλιφόρνια]], 48 χώρες υπογράφουν [[συνθήκη ειρήνης]] με την [[Ιαπωνία]].\n*[[1966]] - Προβάλλεται το πρώτο επεισόδιο της [[Ηνωμένες Πολιτείες Αμερικής|αμερικανικής]] τηλεοπτικής σειράς επιστημονικής φαντασίας ''[[Σταρ Τρεκ]]''.\n* [[1974]] - Ο Πρόεδρος [[Τζέραλντ Φορντ]] δίνει χάρη στον [[Ρίτσαρντ Νίξον]] για όλα τα αδικήματα (που αφορούν το [[σκάνδαλο Γουότερ Γκέιτ]]) που τέλεσε εν υπηρεσία.\n*  1974 - [[Πτήση TWA 841 (1974)|Συντριβή αεροσκάφους]] [[Boeing 707]] της TWA στο [[Ιόνιο Πέλαγος]], με απολογισμό 88 νεκρούς.\n* [[1991]] - Η [[Βόρεια Μακεδονία]] γίνονται ανεξάρτητο κράτος από τη [[Γιουγκοσλαβία]], όπως αποφασίζεται σε [[δημοψήφισμα]].\n* [[1994]] - Συντριβή αεροσκάφους [[Boeing 737]] της USAir στο Πίτσμπουργκ των ΗΠΑ, με απολογισμό 131 νεκρούς (όλοι οι επιβαίνοντες).\n\n== Γεννήσεις ==\n*[[1157]] - [[Ριχάρδος ο Λεοντόκαρδος]], βασιλιάς της Αγγλίας\n*[[1209]] - [[Σάντσο Β΄ της Πορτογαλίας|Σάντσο Β΄]], βασιλιάς της Πορτογαλίας\n*[[1271]] - [[Κάρολος Μαρτέλος της Ουγγαρίας|Κάρολος Μαρτέλος]], βασιλιάς της Ουγγαρίας\n*[[1474]] - [[Λοντοβίκο Αριόστο]], Ιταλός ποιητής\n*[[1621]] - [[Λουδοβίκος Β΄ των Βουρβόνων-Κοντέ]], Γάλλος στρατηγός\n*[[1633]] - [[Φερδινάνδος Δ΄ της Αυστρίας|Φερδινάνδος Δ΄]], βασιλιάς της Γερμανίας\n*[[1779]] - [[Μουσταφά Δ΄]], Οθωμανός σουλτάνος\n*[[1804]] - [[Έντουαρντ Μέρικε]], Γερμανός ποιητής\n*[[1830]] - [[Φρεντερίκ Μιστράλ]], Γάλλος ποιητής\n*[[1841]] - [[Αντονίν Ντβόρζακ]], Τσέχος συνθέτης\n*[[1873]] - [[Αλφρέ Ζαρρύ]], Γάλλος συγγραφέας\n*[[1901]] - [[Χέντρικ Φέρβερντ]], Νοτιοαφρικανός πολιτικός\n*[[1904]] - [[Τζαβαλάς Καρούσος]], Έλληνας ηθοποιός\n*[[1910]] - [[Ζαν Λουί Μπαρό]], Γάλλος ηθοποιός και σκηνοθέτης\n*[[1914]] - [[Πατριάρχης Δημήτριος|Δημήτριος]], Πατριάρχης Κωνσταντινουπόλεως\n*[[1918]] - [[Ντέρεκ Μπάρτον]], Άγγλος χημικός\n*[[1925]] - [[Πίτερ Σέλλερς]], Άγγλος ηθοποιός\n*[[1928]] - [[Τζορτζ Ουόλτερ]], πολιτικός από την Αντίγκουα και Μπαρμπούντα\n*[[1930]] - [[Μάριο Άντορφ]], Ελβετός ηθοποιός\n*[[1941]] - [[Μπέρνι Σάντερς]], Αμερικανός πολιτικός\n*[[1944]] - [[Αλί Μπενφλίς]], Αλγερινός πολιτικός\n*[[1951]] - [[Νίκος Καρβέλας]], Έλληνας συνθέτης\n*[[1957]] - [[Ρικάρδο Μοντανέρ]], Αργεντινός τραγουδιστής\n*[[1959]] - [[Κέρι Κένεντι]], Αμερικανίδα ακτιβίστρια\n*[[1961]] - [[Μητροπολίτης Μεσσηνίας Χρυσόστομος Σαββάτος]]\n*[[1963]] - [[Αλέξης Αλεξίου]], Έλληνας ποδοσφαιριστής\n*[[1966]] - [[Καρόλα]], Σουηδέζα τραγουδίστρια\n*[[1968]] - [[ Μάρκος Σεφερλής]], Έλληνας κωμικός-ηθοποιός\n*[[1971]] - [[Ντέιβιντ Αρκέτ]], Αμερικανός ηθοποιός\n*[[1974]] - [[Μάριος Αγαθοκλέους]], Κύπριος ποδοσφαιριστής\n*[[1979]] - [[Pink (τραγουδίστρια)|Pink]], Αμερικανίδα τραγουδίστρια\n*[[1981]] - [[Τζόναθαν Τέιλορ Τόμας]], Αμερικανός ηθοποιός\n*[[1984]] - [[Βιτάλι Πετρόφ]], Ρώσος οδηγός αγώνων\n*[[1986]] - [[Κιρίλλ Ναμπάμπκιν]], Ρώσος ποδοσφαιριστής\n*[[1987]] - [[Wiz Khalifa]], Αμερικανός ράπερ\n*[[1989]] - [[Avicii]], Σουηδός DJ και παραγωγός\n*[[2002]] - [[Γκάτεν Ματαράτσο]], Αμερικανός ηθοποιός\n\n== Θάνατοι ==\n*[[701]] - [[Πάπας Σέργιος Α΄]]\n*[[780]] - [[Λέων Δ΄]], Βυζαντινός αυτοκράτορας\n*[[1397]] - [[Θωμάς του Γούντστοκ]], δούκας του Γκλόστερ\n*[[1476]] - [[Ιωάννης Β΄ του Αλανσόν|Ιωάννης Β΄]], δούκας του Αλανσόν\n*[[1560]] - [[Έιμι Ρόμπσαρτ]], Αγγλίδα ευγενής\n*[[1613]] - [[Κάρλο Τζεζουάλντο]], Ιταλός συνθέτης\n*[[1645]] - [[Φρανθίσκο δε Κεβέδο]], Ισπανός συγγραφέας\n*[[1774]] - [[Άγιος νεομάρτυς Αθανάσιος ο εν Ξηροκρήνη]], Έλληνας νεομάρτυρας\n*[[1860]] - [[Ανδρέας Π. Μεταξάς]], Έλληνας πολιτικός\n*[[1882]] - [[Ζοζέφ Λιουβίλ]], Γάλλος μαθηματικός\n*[[1929]] - [[Άγιος Δανιήλ Κατουνακιώτης ο Σμυρναίος]], Έλληνας ορθόδοξος μοναχός \n*[[1933]] - [[Φαϊζάλ Α΄ του Ιράκ|Φαϊζάλ Α']], βασιλιάς του Ιράκ\n*[[1944]] - [[Λέλα Καραγιάννη]], Ελληνίδα αντιστασιακός\n*[[1949]] - [[Ρίχαρντ Στράους]], Γερμανός συνθέτης\n*[[1965]] - [[Χέρμαν Στάουντινγκερ]], Γερμανός χημικός\n*[[1978]] - [[Σόλων Γκίκας]], Έλληνας στρατιωτικός και πολιτικός\n*[[1978]] - [[Ρικάρδο Θαμόρα]], Ισπανός ποδοσφαιριστής\n*[[1981]] - [[Χίντεκι Γιουκάβα]], Ιάπωνας φυσικός\n*[[1982]] - [[Ηλίας Βασιλάς]], Έλληνας συγγραφέας\n*[[1991]] - [[Άλεξ Νορθ]], Αμερικανός συνθέτης\n*[[1991]] - [[Μπραντ Ντέιβις]], Αμερικανός ηθοποιός\n*[[1998]] - [[Τρύφωνας Τζανετής]], Έλληνας ποδοσφαιριστής και προπονητής\n*[[1999]] - [[Λάγκουμοτ Χάρις]], πρόεδρος του Ναουρού\n*[[2000]] - [[Βασίλης Ραφαηλίδης]], Έλληνας δημοσιογράφος και συγγραφέας\n*[[2003]] - [[Λένι Ρίφενσταλ]], Γερμανίδα σκηνοθέτης\n*[[2017]] - [[Πιερ Μπερζέ]], Γάλλος επιχειρηματίας\n*[[2022]] - [[Βασίλισσα Ελισάβετ Β']], Μονάρχης του Ηνωμένου Βασιλείου\n\n== Αργίες και εορτές ==\n* [[Διεθνής Ημέρα για την Εξάλειψη του Αναλφαβητισμού]] ([[OHE]]).\n* Παγκόσμια ημέρα κατά της [[λύσσα]]ς.\n* Εθνική εορτή στην [[Ανδόρα]] (Mare de Deu de Meritxell).\n\n=== [[Ορθόδοξη Εκκλησία]] ===\n{{Πύλη:Ορθοδοξία/Εορτολόγιο/8 Σεπτεμβρίου}}\n\n{{Μήνες}}\n\n[[Κατηγορία:Ημέρες του έτους]]"}}}]}]}}