{"batchcomplete":true,"query":{"normalized":[{"fromencoded":false,"from":"8_Απριλίου","to":"8 Απριλίου"}],"pages":[{"pageid":6436,"ns":0,"title":"8 Απριλίου","revisions":[{"slots":{"main":{"contentmodel":"wikitext","contentformat":"text/x-wiki","content":"{{Μήνες Απριλίου}}\n\n<center class=\"noprint\">[[7 Απριλίου]] | '''8 Απριλίου''' | [[9 Απριλίου]] </center>\n\n----\nΗ '''8η Απριλίου''' είναι η 98η ημέρα του έτους κατά το [[Γρηγοριανό ημερολόγιο]].  Υπολείπονται 267 ημέρες.\n{{ΗμερολόγιοΣεΠίνακα|4}}\n\n== Γεγονότα ==\n*[[217]] - Δολοφονείται ο Ρωμαίος αυτοκράτορας [[Καρακάλλας]]. Τον διαδέχεται ο διοικητής της Πραιτωριανής του φρουράς, [[Μακρίνος]].\n*[[1093]] - Εγκαινιάζεται ο νέος καθεδρικός ναός του Γουίντσεστερ.\n*[[1271]] - Ο σουλτάνος [[Μπαϊμπάρ]] καταλαμβάνει το [[Κρακ των Ιπποτών]] στη [[Συρία]].\n*[[1730]] - Εγκαινιάζεται η πρώτη [[συναγωγή]] στη [[Νέα Υόρκη]]. \n*[[1820]] – Ανακαλύπτεται στη [[Μήλος|Μήλο]] το άγαλμα της [[Αφροδίτη της Μήλου|Αφροδίτης της Μήλου]].\n*[[1864]] - [[Αμερικανικός Εμφύλιος Πόλεμος]]: οι δυνάμεις των [[Συνομόσπονδες Πολιτείες της Αμερικής|Συνομόσπονδων Πολιτειών της Αμερικής]] εξουδετερώνουν τις δυνάμεις της [[Ένωση (Αμερικανικός Εμφύλιος Πόλεμος)|Ένωσης]] στο Μάνσφιλντ της [[Λουιζιάνα]].\n*[[1866]] - Η [[Ιταλία]] και η [[Πρωσία]] συνάπτουν συμμαχία εναντίον της [[Αυστριακή Αυτοκρατορία|Αυστριακής Αυτοκρατορίας]] λίγο πριν από την έναρξη του [[Αυστρο-πρωσικός πόλεμος|Αυστρο-πρωσικού πολέμου]].\n*[[1904]] - Η [[Γαλλία]] και το [[Ηνωμένο Βασίλειο]] υπογράφουν την [[Αντάντ]].\n*[[1961]] - Μεγάλη έκρηξη στο πλοίο ''Ντάρα'' στον [[Περσικός Κόλπος|Περσικό κόλπο]] σκοτώνει 238 άτομα.\n*[[1970]] - [[Ισραήλ|Ισραηλινά]] βομβαρδιστικά χτυπούν [[Αίγυπτος|αιγυπτιακό]] σχολείο στην περιοχή Μπαχρ ελ Μπάκαρ. Σκοτώνονται 30 παιδιά.\n*[[1990]] - Η [[Νέα Δημοκρατία]] αναδεικνύεται πρώτο κόμμα στις [[Ελληνικές βουλευτικές εκλογές 1990|βουλευτικές εκλογές]], εξασφαλίζοντας το 46,89% των ψήφων έναντι 38,61% του [[Πανελλήνιο Σοσιαλιστικό Κίνημα|ΠΑΣΟΚ]]. Ο [[Κωνσταντίνος Μητσοτάκης]] σχηματίζει [[Κυβέρνηση Κωνσταντίνου Μητσοτάκη 1990|κυβέρνηση]] με οριακή κοινοβουλευτική αυτοδυναμία.\n\n== Γεννήσεις ==\n*[[1320]] - [[Πέτρος Α΄ της Πορτογαλίας|Πέτρος Α΄]], βασιλιάς της Πορτογαλίας\n*[[1460]] - [[Χουάν Πόνθε ντε Λεόν]], Ισπανός κατακτητής\n*[[1605]] - [[Φίλιππος Δ´ της Ισπανίας|Φίλιππος Δ΄]], βασιλιάς της Ισπανίας\n*[[1798]] - [[Διονύσιος Σολωμός]], Έλληνας ποιητής\n*[[1818]] - [[Χριστιανός Θ΄ της Δανίας|Χριστιανός Θ΄]], βασιλιάς της Δανίας\n*[[1851]] - [[Σπυρίδων Λάμπρος]], Έλληνας ιστορικός και πολιτικός\n*[[1859]] - [[Έντμουντ Χούσερλ]], Γερμανός φιλόσοφος\n*[[1870]] - [[Τζον Πέιν]], Αμερικανός σκοπευτής\n*[[1875]] - [[Αλβέρτος Α΄ του Βελγίου|Αλβέρτος Α΄]], βασιλιάς του Βελγίου\n*[[1886]] - [[Δημήτριος Λεβίδης (συνθέτης)|Δημήτριος Λεβίδης]], Έλληνας συνθέτης\n*[[1892]] - [[Ρίτσαρντ Τζόζεφ Νόιτρα]], Αυστριακός αρχιτέκτονας\n*[[1892]] - [[Μαίρη Πίκφορντ]], Καναδή ηθοποιός\n*[[1898]] - [[Μόρις Μπόουρα]], Βρετανός κριτικός\n*[[1912]] - [[Αλόις Μπρούνερ]], Αυστριακός εγκληματίας πολέμου\n*[[1913]] - [[Σουρού-Μιγκάν Απιτί]], πρόεδρος της Δαχομέης\n*[[1913]] - [[Μίμης Φωτόπουλος]], Έλληνας ηθοποιός\n*[[1921]] - [[Γιάννης Φέρμης]], Έλληνας ηθοποιός\n*[[1929]] - [[Ζακ Μπρελ]], Βέλγος τραγουδοποιός\n*[[1930]] - [[Κάρολος Ούγος των Βουρβόνων-Πάρμας|Κάρολος-Ούγος]], δούκας της Πάρμας\n*[[1934]] - [[Κίσο Κουροκάβα]], Ιάπωνας αρχιτέκτονας\n*[[1938]] - [[Κόφι Ανάν]], Γκανέζος διπλωμάτης, γενικός γραμματέας του Ο.Η.Ε.\n*[[1939]] - [[Μανώλης Αγγελόπουλος]], Έλληνας τραγουδιστής\n*[[1943]] - [[Μπάρμπαρα Γκέμπελ]], Γερμανίδα κολυμβήτρια\n*[[1947]] - [[Ρόμπερτ Κιγιοσάκι]], Αμερικανός επενδυτής, επιχειρηματίας και συγγραφέας\n*[[1950]] - [[Γκρέγκορζ Λάτο]], Πολωνός ποδοσφαιριστής\n*[[1951]] - [[Γκέιρ Χάαρντε]], Ισλανδός πολιτικός\n*[[1966]] - [[Ρόμπιν Ράιτ]], Αμερικανίδα ηθοποιός\n*[[1966]] - [[Ευριπίδης Στυλιανίδης]], Έλληνας πολιτικός\n*[[1968]] - [[Πατρίσια Αρκέτ]], Αμερικανίδα ηθοποιός\n*[[1977]] - [[Άνα ντε λα Ρεγκέρα]], Μεξικανή ηθοποιός\n*[[1982]] - [[Φελίπε Σαντσόν]], Ισπανός ποδοσφαιριστής\n*[[1986]] - [[Ίγκορ Ακινφέεφ]], Ρώσος ποδοσφαιριστής\n*[[1996]] - [[Άννα Κορακάκη]], Ελληνίδα σκοπεύτρια\n\n== Θάνατοι ==\n*[[217]] - [[Καρακάλλας]], Ρωμαίος αυτοκράτορας\n*[[1143]] - [[Ιωάννης Β΄ Κομνηνός]], Βυζαντινός αυτοκράτορας\n*[[1364]] - [[Ιωάννης Β΄ της Γαλλίας|Ιωάννης Β΄]], βασιλιάς της Γαλλίας\n*[[1492]] - [[Λαυρέντιος ο Μεγαλοπρεπής]], άρχοντας της Φλωρεντίας\n*[[1841]] - [[Γεώργιος Καποδίστριας]], Έλληνας επιχειρηματίας\n*[[1848]] - [[Γκαετάνο Ντονιτσέττι]], Ιταλός συνθέτης\n*[[1867]] - [[Δημήτριος Καλλέργης]]. Έλληνας αγωνιστής και πολιτικός\n*[[1880]] - [[Ουίλιαμ Δαρβίνος Φοξ]], Άγγλος κληρικός και φυσιοδίφης\n*[[1897]] - [[Μάρκος Ρενιέρης]], Έλληνας νομικός και λόγιος\n*[[1905]] - [[Αντώνιος Μηλιαράκης]], Έλληνας γεωγράφος\n*[[1910]] - [[Περικλής Γιαννόπουλος]], Έλληνας ποιητής\n*[[1931]] - [[Έρικ Άξελ Κάρλφελντ]], Σουηδός συγγραφέας\n*[[1936]] - [[Αριστομένης Προβελέγγιος]], Έλληνας πολιτικός και συγγραφέας\n*[[1936]] - [[Τσουχάτσι Νινομίγια]], Ιάπωνας εφευρέτης\n*[[1950]] - [[Βάτσλαφ Νιζίνσκι]], Ρώσος χορευτής και χορογράφος\n*[[1957]] - [[Ιωάννης Καρελλάς]], Έλληνας πολιτικός\n*[[1965]] - [[Μιχαήλ Κοτσιανός]], Έλληνας πολιτικός\n*[[1970]] - [[Φελίξ των Βουρβόνων-Πάρμας|Φελίξ]], πρίγκιπας των Βουρβόνων-Πάρμας\n*[[1973]] - [[Πάμπλο Πικάσο]], Ισπανός καλλιτέχνης\n*[[1984]] - [[Πιοτρ Καπίτσα]], Ρώσος φυσικός\n*[[1984]] - [[Ιωάννης Π. Παρασκευόπουλος]], Έλληνας πολιτικός\n*[[1986]] - [[Δημήτριος Αγγελόπουλος]], Έλληνας  βιομήχανος\n*[[1990]] - [[Απόστολος Καλδάρας]], Έλληνας συνθέτης\n*[[1990]] - [[Ράιαν Ουάιτ]], Αμερικανός ακτιβιστής\n*[[1991]] - [[Αλέξανδρος Βερνίκος]], Έλληνας βιομήχανος και πολιτικός\n*[[1992]] - [[Κωνσταντίνος Δεσποτόπουλος (βουλευτής Χίου)|Κώστας Δεσποτόπουλος]], Έλληνας πολιτικός\n*[[1992]] - [[Ντανιέλ Μποβέ]], Ελβετός φαρμακολόγος\n*[[2010]] - [[Ζαν Πολ Προυστ]], Γάλλος πολιτικός\n*[[2013]] - [[Μάργκαρετ Θάτσερ]], Αγγλίδα πολιτικός\n*[[2014]] - [[Ούλτιμεϊτ Γουόριορ]], Αμερικανός παλαιστής\n\n== Αργίες και εορτές ==\n\n=== [[Ορθόδοξη Εκκλησία]] ===\n{{Πύλη:Ορθοδοξία/Εορτολόγιο/8 Απριλίου}}\n\n{{Μήνες}}\n\n[[Κατηγορία:Ημέρες του έτους]]"}}}]}]}}