{"batchcomplete":true,"query":{"normalized":[{"fromencoded":false,"from":"8_Αυγούστου","to":"8 Αυγούστου"}],"pages":[{"pageid":2652,"ns":0,"title":"8 Αυγούστου","revisions":[{"slots":{"main":{"contentmodel":"wikitext","contentformat":"text/x-wiki","content":"{{χωρίς παραπομπές}}\n\n{{Μήνες Αυγούστου}}\n\n<center>[[7 Αυγούστου]] | '''8 Αυγούστου''' | [[9 Αυγούστου]]</center>\n\n----\nΗ '''8η Αυγούστου''' είναι η 220η ημέρα του έτους κατά το [[Γρηγοριανό ημερολόγιο]] (221η σε δίσεκτα έτη). Υπολείπονται 145 ημέρες.\n\n{{ΗμερολόγιοΣεΠίνακα|8}}\n\n== Γεγονότα ==\n*[[870]] - [[Συνθήκη του Μέρσεν]]: Ο βασιλιάς [[Λουδοβίκος ο Γερμανικός]] και ο ετεροθαλής αδελφός του, [[Κάρολος ο Φαλακρός]], χωρίζουν τη [[Μέση Φραγκία]] σε δύο τμήματα (ανατολική και δυτική).\n*[[891]] - [[Ηλιακή έκλειψη της 8ης Αυγούστου 891|Ολική έκλειψη ηλίου]], ορατή στην [[Κωνσταντινούπολη]], πρωτεύουσα της [[Ανατολική Ρωμαϊκή Αυτοκρατορία|Ανατολικής Ρωμαϊκής Αυτοκρατορίας]].\n*[[1303]] - [[Σεισμός στην Κρήτη το 1303|Σεισμός]] προκαλεί εκτεταμένες ζημιές στην Κρήτη και καταστρέφει τον [[Φάρος της Αλεξάνδρειας|Φάρο της Αλεξάνδρειας]], ένα από τα [[επτά θαύματα του αρχαίου κόσμου]].\n*[[1503]] - Ο βασιλιάς [[Ιάκωβος Δ΄ της Σκωτίας]] παντρεύεται τη [[Μαργαρίτα Τυδώρ]], κόρη του βασιλιά [[Ερρίκος Ζ΄ της Αγγλίας|Ερρίκου Ζ΄ της Αγγλίας]], στο [[Εδιμβούργο]] της [[Σκωτία]]ς.\n*[[1576]] - Τίθεται ο ακρογωνιαίος λίθος για το αστεροσκοπείο του [[Τύχο Μπράχε]] στο νησί [[Βεν]].\n*[[1588]] - Αγγλο-Ισπανικός Πόλεμος: Η [[Ισπανική Αρμάδα]] εγκαταλείπει την προσπάθειά της να εισβάλει στην [[Αγγλία]]. \n*[[1605]] - Ο [[Κάρολος Θ΄ της Σουηδίας]] ιδρύει το [[Όουλου]] στη [[Φινλανδία]].\n*[[1709]] - Ο [[Μπαρτολομέου ντε Γκουσμάο]] επιδεικνύει την ανυψωτική ισχύ του ζεστού αέρα σε ακροατήριο ενώπιον του βασιλιά της [[Πορτογαλία]]ς στη [[Λισαβόνα]].\n*[[1786]] - Οι Ζακ Μπαλμά και Μισέλ-Γκαμπριέλ Πακάρ γίνονται οι πρώτοι άνθρωποι που ανεβαίνουν στην κορυφή του [[Λευκό Όρος|Λευκού Όρους]] στα [[Γαλλία|γαλλο]]-[[Ιταλία|ιταλικά]] σύνορα. \n*[[1863]] - [[Αμερικανικός Εμφύλιος Πόλεμος]]: Μετά την ήττα του στη [[μάχη του Γκέτισμπεργκ]], ο στρατηγός [[Ρόμπερτ Λη]] στέλνει επιστολή παραίτησης προς τον πρόεδρο των [[Συνομόσπονδες Πολιτείες της Αμερικής|Συνομόσπονδων Πολιτειών Αμερικής]], [[Τζέφερσον Ντέηβις]], η οποία απορρίπτεται.\n*[[1908]] - Ο Γουίλμπουρ Ράιτ πραγματοποιεί στο [[Λε Μαν]] της [[Γαλλία]]ς την πρώτη δημόσια πτήση των [[Αδελφοί Ράιτ|αδελφών Ράιτ]]. \n*[[1918]] - [[Α΄ Παγκόσμιος Πόλεμος]]: Αρχίζει η [[μάχη της Αμιένης]].\n*[[1942]] - Ξεκινά στην [[Ινδία]] το [[Εγκαταλείψτε την Ινδία (κίνημα)|κίνημα «Εγκαταλείψτε την Ινδία»]] κατά της [[Μεγάλη Βρετανία|βρετανικής]] κυριαρχίας. \n*[[1963]] - [[Η Μεγάλη Ληστεία του Τρένου]]: Στην [[Αγγλία]], μία συμμορία 15 ληστών κλέβει από τρένο 2.600.000 [[Στερλίνα|λίρες]] σε χαρτονομίσματα. \n*[[1967]] - Η [[Ινδονησία]], η [[Μαλαισία]], οι [[Φιλιππίνες]], η [[Σιγκαπούρη]] και η [[Ταϊλάνδη]] ιδρύουν την [[Ένωση Χωρών της Νοτιοανατολικής Ασίας]] (ASEAN). \n*[[1968]] - Ο [[Ρίτσαρντ Νίξον]] παίρνει το χρίσμα του [[Ρεπουμπλικανικό Κόμμα (ΗΠΑ)|Ρεπουμπλικανικού Κόμματος]] για την προεδρία, στο συνέδριο του [[Μαϊάμι]], με 692 ψήφους έναντι 277 του [[Νέλσον Ροκφέλερ]] και 182 του [[Ρόναλντ Ρήγκαν]]. Υποψήφιος αντιπρόεδρος εκλέγεται ο [[Έλληνες|Ελληνο]][[Ηνωμένες Πολιτείες Αμερικής|αμερικανός]] κυβερνήτης του [[Μέριλαντ]], [[Σπύρο Άγκνιου]].\n*[[1973]] - Απάγεται ο [[Νότια Κορέα|Νοτιοκορεάτης]] πολιτικός, και αργότερα πρόεδρος της χώρας, [[Κιμ Ντε-τζουνγκ]].\n*[[1974]] - Ο [[Ρίτσαρντ Νίξον]], σε εθνική τηλεοπτική μετάδοση, ανακοινώνει την παραίτησή του από το αξίωμα του [[Πρόεδρος των Ηνωμένων Πολιτειών|προέδρου των Ηνωμένων Πολιτειών]], με ισχύ από το μεσημέρι της επόμενης ημέρας.\n*[[1989]] - Το [[Διαστημικό Λεωφορείο Κολούμπια]] απογειώνεται για μία μυστική πενθήμερη στρατιωτική αποστολή. \n*[[2008]] - Επίσημη τελετή έναρξης των [[Θερινοί Ολυμπιακοί Αγώνες 2008|Ολυμπιακών Αγώνων στο Πεκίνο]].\n\n== Γεννήσεις ==\n*[[1879]] - [[Εμιλιάνο Ζαπάτα]], Μεξικανός στρατιωτικός\n*[[1900]] - [[Αλέξης Μινωτής]], Έλληνας ηθοποιός\n*[[1901]] - [[Έρνεστ Ορλάντο Λόρενς]], Αμερικανός φυσικός\n*[[1901]] - [[Νίνα Μπερμπέροβα]], Ρωσίδα συγγραφέας\n*[[1902]] - [[Πολ Ντιράκ]], Άγγλος φυσικός\n*[[1904]] - [[Γεώργιος Μαρκόπουλος]], Έλληνας πολιτικός\n*[[1912]] - [[Ντάνιελ Μαν]], Αμερικανός σκηνοθέτης\n*[[1919]] - [[Ντίνο ντε Λαουρέντις]], Ιταλός σκηνοθέτης και παραγωγός\n*[[1924]] - [[Άγγελος Βασιλειάδης]], Έλληνας ποδοσφαιριστής\n*[[1925]] - [[Αλίγια Ιζετμπέγκοβιτς]], Βόσνιος πολιτικός\n*[[1930]] - [[Γιάννης Νεγρεπόντης]], Έλληνας συγγραφέας και στιχουργός\n*[[1934]] - [[Ρίκα Διαλυνά]], Ελληνίδα ηθοποιός\n*[[1937]] - [[Μπρούνο Λάουζι]], Ιταλός τραγουδοποιός\n*[[1937]] - [[Ντάστιν Χόφμαν]], Αμερικανός ηθοποιός\n*[[1939]] - [[Βιορίκα Βισκοπολεάνου]], Ρουμάνα αθλήτρια\n*[[1943]] - [[Έσμα Ρετζέποβα]], Ρομά τραγουδίστρια\n*[[1944]] - [[Τζων Χολμς]], Αμερικανός πορνογραφικός ηθοποιός\n*[[1946]] - [[Ραλφ Γκονσάλβες]], πρωθυπουργός του Άγιου Βικέντιου και Γρεναδίνων\n*[[1953]] - [[Νάιτζελ Μάνσελ]], Βρετανός οδηγός αγώνων\n*[[1964]] - [[Τζουζέπε Κόντε]], Ιταλός πολιτικός\n*[[1978]] - [[Λουί Σαχά]], Γάλλος ποδοσφαιριστής\n*[[1981]] - [[Μίρνες Σίσιτς]], Σλοβένος ποδοσφαιριστής\n*[[1981]] - [[Ρότζερ Φέντερερ]], Ελβετός αντισφαιριστής\n*[[1988]] - [[Βεατρίκη της Υόρκης]], Βρετανή πριγκίπισσα\n*[[1998]] - [[Σον Μέντες]], Καναδός τραγουδιστής και μοντέλο.\n\n== Θάνατοι ==\n*[[117]] - [[Τραϊανός]], Ρωμαίος αυτοκράτορας\n*[[869]] - [[Λοθάριος Β΄ της Λοθαριγγίας|Λοθάριος Β΄]], βασιλιάς της Λοθαριγγίας \n*[[1171]] - [[Ερρίκος του Μπλουά]], επίσκοπος του Ουίντσεστερ\n*[[1524]] - [[Στανίσλαφ Α΄ της Μασοβίας]], Πολωνός δούκας\n*[[1702]] - [[Καλλίνικος Β΄ Κωνσταντινουπόλεως|Καλλίνικος Β΄]], Πατριάρχης Κωνσταντινουπόλεως\n*[[1827]] - [[Τζωρτζ Κάνινγκ]], Άγγλος πολιτικός\n*[[1849]] - [[Ούγκο Μπάσι]], Ιταλός ιερέας\n*[[1898]] - [[Εζέν Μπουντέν]], Γάλλος ζωγράφος\n*[[1900]] - [[Εμίλ Σκόντα]], Τσέχος βιομήχανος\n*[[1930]] - [[Λάντσεστον Έλιοτ]], Σκωτσέζος αθλητής\n*[[1944]] - [[Μίχαελ Βίττμαν]], Γερμανός στρατιωτικός\n*[[1959]] - [[Παναγής Κοκκινάτος]], Έλληνας πολιτικός\n*[[1965]] - [[Σίρλεϊ Τζάκσον]], Αμερικανίδα συγγραφέας\n*[[1971]] - [[Γεώργιος Λούλης]], Έλληνας πολιτικός\n*[[1973]] - [[Ευάγγελος Φωτιάδης]], Έλληνας φιλόλογος και ιστορικός\n*[[1981]] - [[Τάκης Μουζενίδης]], Έλληνας σκηνοθέτης\n*[[2003]] - [[Αντώνης Σαμαράκης]], Έλληνας συγγραφέας\n*[[2003]] - [[Μάρθα Τσέις]], Αμερικανίδα γενετίστρια\n*[[2004]] - [[Δημήτρης Παπαμιχαήλ]], Έλληνας ηθοποιός\n*[[2009]] - [[Ντανιέλ Χάρκε]], Ισπανός ποδοσφαιριστής\n*[[2010]] - [[Πατρίσια Νιλ]], Αμερικανίδα ηθοποιός\n*[[2011]] - [[Αναστάσιος Πεπονής]], Έλληνας πολιτικός\n*[[2012]] - [[Γεώργιος Κατσιφάρας]], Έλληνας πολιτικός\n*[[2016]] - [[Ντόρα Σιμοπούλου]], Ελληνίδα ηθοποιός\n*[[2017]] - [[Αρλέτα]], Ελληνίδα τραγουδίστρια\n\n== Αργίες και εορτές ==\n\n=== [[Ορθόδοξη Εκκλησία]] ===\n{{Πύλη:Ορθοδοξία/Εορτολόγιο/8 Αυγούστου}}\n\n{{Μήνες}}\n\n[[Κατηγορία:Ημέρες του έτους]]"}}}]}]}}