{"batchcomplete":true,"query":{"normalized":[{"fromencoded":false,"from":"8_Ιουλίου","to":"8 Ιουλίου"}],"pages":[{"pageid":2854,"ns":0,"title":"8 Ιουλίου","revisions":[{"slots":{"main":{"contentmodel":"wikitext","contentformat":"text/x-wiki","content":"{{χωρίς παραπομπές}}\n\n{{Μήνες Ιουλίου}}\n\n<center>[[7 Ιουλίου]] | '''8 Ιουλίου''' | [[9 Ιουλίου]]</center>\n\n----\nΗ '''8η Ιουλίου''' είναι η 189η ημέρα του έτους κατά το [[Γρηγοριανό ημερολόγιο]] (190η σε δίσεκτα έτη). Υπολείπονται 176 ημέρες.\n\n{{ΗμερολόγιοΣεΠίνακα|7}}\n\n== Γεγονότα ==\n*[[1099]] - [[Α΄ Σταυροφορία]]: 15.000 πεινασμένοι [[Χριστιανισμός|Χριστιανοί]] στρατιώτες παρελαύνουν σε θρησκευτική [[λιτανεία]] γύρω από τα τείχη της [[Ιερουσαλήμ]], υπό το βλέμμα των [[Ισλάμ|μουσουλμάνων]] υπερασπιστών της πόλης.\n*[[1497]] - Ο [[Βάσκο ντα Γκάμα]] σαλπάρει για το πρώτο απευθείας ταξίδι από την [[Ευρώπη]] προς την [[Ινδία]].\n*[[1579]] - Ανακαλύπτεται στο [[Καζάν]] ([[Δημοκρατία του Ταταρστάν]]) η Παναγία του Καζάν, ιερή [[Αγιογραφία|εικόνα]] της [[Ρωσική Ορθόδοξη Εκκλησία|Ρωσικής Ορθόδοξης Εκκλησίας]]. \n*[[1709]] - Ο [[Πέτρος Α΄ της Ρωσίας (ο Μέγας)]] νικά τον [[Κάρολος ΙΒ΄ της Σουηδίας|Κάρολο ΙΒ΄ της Σουηδίας]] στη [[μάχη της Πολτάβας]], τερματίζοντας έτσι ουσιαστικά τον ρόλο της [[Σουηδία]]ς ως μεγάλη δύναμη στην [[Ευρώπη]].\n*[[1730]] - [[Σεισμός]] εκτιμώμενου μεγέθους 8,7 βαθμών προκαλεί [[τσουνάμι]] που καταστρέφει περισσότερα από 1.000 χιλιόμετρα ακτής στη [[Χιλή]].\n*[[1824]] - Δύναμη από 6.000 [[Οθωμανική Αυτοκρατορία|Οθωμανούς]] υπό τον Αμπάς Πασά, το Βελή Αγά και τον Πράχο Πρεβίστα συγκρούονται στην Μπινίτσα του [[Λιδωρίκι Φωκίδας|Λιδωρικίου]] με μικρή [[Ελλάδα|ελληνική]] δύναμη υπό το Σκαλτσά. Μετά από εξάωρη σκληρή μάχη οι [[Έλληνες]] έτρεψαν τους Οθωμανούς σε άτακτη φυγή.\n*[[1859]] - Ο [[Κάρολος ΙΕ´ της Σουηδίας|Κάρολος ΙΕ΄]] ανεβαίνει στον θρόνο της [[Ένωση Σουηδίας–Νορβηγίας|Σουηδίας-Νορβηγίας]].\n*[[1889]] - Εκδίδεται το πρώτο φύλλο της εφημερίδας ''[[The Wall Street Journal]]''.\n*[[1892]] - Καταστρέφεται από μεγάλη πυρκαγιά ο [[Άγιος Ιωάννης Νέας Γης]].\n*[[1921]] - [[Μικρασιατική εκστρατεία]]: Ο [[Ελληνικός Στρατός Ξηράς|ελληνικός στρατός]] σημειώνει μεγάλη νίκη στη μάχη του Δορυλαίου στο [[Εσκισεχίρ]] της [[Μικρά Ασία|Μικράς Ασίας]] και προελαύνει προς την [[Άγκυρα]].\n*[[1943]] - Πραγματοποιείται στην συνοικία της [[Αμπελόκηποι Θεσσαλονίκης |Επταλόφου]] της Θεσσαλονίκης, μεσούσης της ναζιστικής κατοχής, μεγάλη διαδήλωση των κατοίκων ενάντια στην προοπτική επέκτασης της βουλγαρικής κατοχής στο μεγαλύτερο τμήμα της Κεντρικής Μακεδονίας.\n*[[1947]] - [[Συμβάν του Ρόσγουελ]]: Μεταδίδεται η είδηση ότι ένα [[ΑΤΙΑ]] συνετρίβη στο Ρόσγουελ του [[Νέο Μεξικό|Νέου Μεξικού]]. \n*[[1982]] - Πραγματοποιείται απόπειρα δολοφονίας εναντίον του [[Ιράκ|Ιρακινού]] προέδρου [[Σαντάμ Χουσεΐν]].\n*[[2019]] - Ο [[Κυριάκος Μητσοτάκης]] πρόεδρος της [[Νέα Δημοκρατία|Νέας Δημοκρατίας]], ορκίστηκε ως [[Πρωθυπουργός της Ελληνικής Δημοκρατίας|πρωθυπουργός]].  Η σύνθεσή της νέας [[Κυβέρνηση Κυριάκου Μητσοτάκη 2019|Κυβέρνησης Κυριάκου Μητσοτάκη 2019]] ανακοινώθηκε την ίδια μέρα, και ορκίστηκε στις [[9 Ιουλίου]] [[2019]].\n\n== Γεννήσεις ==\n*[[1528]] - [[Εμμανουήλ Φιλιβέρτος της Σαβοΐας|Εμμανουήλ Φιλιβέρτος]], δούκας της Σαβοΐας\n*[[1545]] - [[Κάρολος των Αστουριών|Κάρολος]], πρίγκιπας των Αστουριών\n*[[1593]] - [[Αρτεμίζια Τζεντιλέσκι]], Ιταλίδα ζωγράφος\n*[[1621]] - [[Ζαν ντε Λα Φονταίν]], Γάλλος συγγραφέας\n*[[1831]] - [[Τζον Στιθ Πέμπερτον]], Αμερικανός χημικός, εφευρέτης της [[Coca-Cola]]\n*[[1838]] - [[Φερδινάνδος φον Ζέπελιν]], Γερμανός στρατιωτικός\n*[[1839]] - [[Τζον Ντ. Ροκφέλερ]], Αμερικανός βιομήχανος και φιλάνθρωπος\n*[[1851]] - [[Άρθουρ Έβανς]], Άγγλος αρχαιολόγος\n*[[1872]] - [[Θεόδωρος Νάτσινας]], Έλληνας εκπαιδευτικός\n*[[1876]] - [[Αλέξανδρος Παπαναστασίου]], Έλληνας πολιτικός\n*[[1885]] - [[Ερνστ Μπλοχ]], Γερμανός φιλόσοφος\n*[[1894]] - [[Πιοτρ Καπίτσα]], Ρώσος φυσικός\n*[[1906]] - [[Φίλιπ Τζόνσον]], Αμερικανός αρχιτέκτονας\n*[[1908]] - [[Νέλσον Ροκφέλερ]], Αμερικανός επιχειρηματίας και πολιτικός\n*[[1913]] - [[Μπιλ Τόμσον]], Αμερικανός ηθοποιός \n*[[1932]] - [[Δέσποινα Στυλιανοπούλου]], Ελληνίδα ηθοποιός\n*[[1934]] - [[Μάρτι Φέλντμαν]], Άγγλος κωμικός\n*[[1943]] - [[Ρικάρδο Παβόνι]], Ουρουγουανός ποδοσφαιριστής\n*[[1945]] - [[Μισλίν Καλμί-Ρέι]], Ελβετίδα πολιτικός\n*[[1951]] - [[Αντζέλικα Χιούστον]], Αμερικανίδα ηθοποιός\n*[[1952]] - [[Αχμέτ Ναζίφ]], Αιγύπτιος πολιτικός\n*[[1958]] - [[Τζίπι Λίβνι]], Ισραηλινή πολιτικός\n*[[1958]] - [[Κέβιν Μπέικον]], Αμερικανός ηθοποιός\n*[[1968]] - [[Μπίλι Κράνταπ]], Αμερικανός ηθοποιός\n*[[1969]] - [[Τζωρτζ Φίσερ]], Αμερικανός μουσικός\n*[[1974]] - [[Ζάννα Φρίσκε]], Ρωσίδα ηθοποιός και τραγουδίστρια\n*[[1976]] - [[Ταλάλ Ελ Καρκουρί]], Μαροκινός ποδοσφαιριστής\n*[[1980]] - [[Ρόμπι Κιν]], Ιρλανδός ποδοσφαιριστής\n*[[1981]] - [[Άσλεϊ Μπλου]], Αμερικανίδα πορνογραφική ηθοποιός\n*[[1982]] - [[Χακίμ Γουόρικ]], Αμερικανός καλαθοσφαιριστής\n*[[1982]] - [[Σοφία Μπους]], Αμερικανίδα ηθοποιός\n*[[1992]] - [[Σον Χιουνγκ-μιν]], Νοτιοκορεάτης ποδοσφαιριστής\n\n== Θάνατοι ==\n*[[810]] - [[Πεπίνος της Ιταλίας|Πεπίνος]], βασιλιάς της Ιταλίας\n*[[885]] - [[Πάπας Αδριανός Γ΄]]\n*[[975]] - [[Έντγκαρ Α΄ ο Ειρηνικός]], βασιλιάς της Αγγλίας\n*[[1115]] - [[Πέτρος ο Ερημίτης]], Γάλλος ιερέας και σταυροφόρος\n*[[1253]] - [[Θεοβάλδος Α΄ της Ναβάρρας|Θεοβάλδος Α΄]], βασιλιάς της Ναβάρρας\n*[[1261]] - [[Αδόλφος Δ΄ του Χόλσταϊν]], κόμης του Σάουενμπουργκ\n*[[1390]] - [[Αλβέρτος της Σαξονίας (φιλόσοφος)|Αλβέρτος της Σαξονίας]], Γερμανός φιλόσοφος\n*[[1422]] - [[Μιχαέλα του Βαλουά]], δούκισσα της Βουργουνδίας\n*[[1538]] - [[Ντιέγο ντε Αλμάγρο]], Ισπανός εξερευνητής\n*[[1623]] - [[Πάπας Γρηγόριος ΙΕ΄]]\n*[[1695]] - [[Κρίστιαν Χόυχενς]], Ολλανδός αστρονόμος\n*[[1822]] - [[Πέρσι Σέλλεϋ]], Άγγλος ποιητής\n*[[1859]] - [[Όσκαρ Α΄ της Σουηδίας|Όσκαρ Α΄]], βασιλιάς της Σουηδίας και της Νορβηγίας\n*[[1895]] - [[Γιόζεφ Λόσμιντ]], Αυστριακός χημικός και φυσικός\n*[[1950]] - [[Ιωάννης Παπαδόπουλος (βουλευτής Πειραιώς)|Ιωάννης Παπαδόπουλος]], Έλληνας έμπορος και πολιτικός\n*[[1956]] - [[Παναγιώτης Παρασκευόπουλος]], Έλληνας αθλητής\n*[[1967]] - [[Βίβιαν Λι]], Βρετανίδα ηθοποιός\n*[[1979]] - [[Ρόμπερτ Μπερνς Γούντγουορντ]], Αμερικανός χημικός\n*[[1987]] - [[Χεράρδο Ντιέγο]], Ισπανός ποιητής\n*[[1994]] - [[Κιμ Ίλ-σονγκ]], Βορειοκορεάτης πολιτικός\n*[[1996]] - [[Δημήτρης Κουκής]], Έλληνας ηθοποιός\n*[[2002]] - [[Γεώργιος Μιχαηλίδης - Νουάρος]], Έλληνας νομικός\n*[[2004]] - [[Ιωάννης Μπούτος]], Έλληνας πολιτικός\n*[[2006]] - [[Πιέτερ Αρμπνόρι]], Αλβανός πολιτικός\n*[[2011]] - [[Αριστομένης Περρωτής]], Έλληνας πολιτικός\n*[[2012]] - [[Έρνεστ Μποργκνάιν]], Αμερικανός ηθοποιός\n*[[2016]] - [[Αμπντούλ Σατάρ Εντχί]], Πακιστανός φιλάνθρωπος\n*[[2016]] - [[Ουίλιαμ Χάρντι Μακνήλ]], Καναδός ιστορικός\n*[[2016]] - [[Τζέφρι Νέιπ]], πολιτικός από την Παπούα Νέα Γουινέα\n*[[2020]] - [[Νάγια Ριβέρα]], Αμερικανίδα ηθοποιός\n\n== Αργίες και εορτές ==\n=== [[Ορθόδοξη Εκκλησία]] ===\n{{Πύλη:Ορθοδοξία/Εορτολόγιο/8 Ιουλίου}}\n\n{{Μήνες}}\n\n[[Κατηγορία:Ημέρες του έτους]]"}}}]}]}}