{"batchcomplete":true,"query":{"normalized":[{"fromencoded":false,"from":"8_Ιουνίου","to":"8 Ιουνίου"}],"pages":[{"pageid":1933,"ns":0,"title":"8 Ιουνίου","revisions":[{"slots":{"main":{"contentmodel":"wikitext","contentformat":"text/x-wiki","content":"{{χωρίς παραπομπές|28|05|2022}}\n{{Μήνες Ιουνίου}}\n\n<center>[[7 Ιουνίου]] | '''8 Ιουνίου''' | [[9 Ιουνίου]]</center>\n\n----\nΗ '''8η Ιουνίου''' είναι η 159η ημέρα του έτους κατά το [[Γρηγοριανό ημερολόγιο]] (160η σε δίσεκτα έτη).  Υπολείπονται 206 ημέρες.\n\n{{ΗμερολόγιοΣεΠίνακα|6}}\n\n== Γεγονότα ==\n*[[218]] - Μάχη της [[Αρχαία Αντιόχεια|Αντιοχείας]]: Με την υποστήριξη των [[Λεγεώνα|λεγεώνων]] του, ο [[Ηλιογάβαλος]] νικά τις δυνάμεις του αυτοκράτορα [[Μακρίνος|Μακρίνου]]. Εκείνος διαφεύγει, αλλά συλλαμβάνεται κοντά στη [[Χαλκηδόνα]] και αργότερα εκτελείται στην [[Καππαδοκία]].\n*[[632]] - Πεθαίνει στη [[Μεδίνα]] ο [[προφήτης]] του Ισλάμ, [[Μωάμεθ]].\n*[[1042]] - Ο [[Εδουάρδος ο Ομολογητής]] γίνεται βασιλιάς της [[Αγγλία]]ς, ένας από τους τελευταίους [[Αγγλοσάξονες]] βασιλείς της Αγγλίας.\n*[[1191]] - Ο [[Ριχάρδος ο Λεοντόκαρδος]] φτάνει στην [[Άκρα (πόλη)|Άκρα]], αρχίζοντας έτσι τη σταυροφορία του.\n*[[1405]] - Ο Ριχάρδος λε Σκροπ, αρχιεπίσκοπος του [[Γιορκ]], εκτελείται στο Γιορκ κατόπιν εντολής του [[Ερρίκος Δ΄ της Αγγλίας|Ερρίκου Δ΄ της Αγγλίας]]. \n*[[1783]] - Το [[ηφαίστειο]] [[Λάκι]] στην [[Ισλανδία]] αρχίζει μία έκρηξη που θα διαρκέσει 8 μήνες. Η έκρηξη θα σκοτώσει πάνω από 9.000 άτομα και θα οδηγήσει σε επτά χρόνια λιμού.\n*[[1789]] - Ο [[Τζέιμς Μάντισον]] προτείνει [[Διακήρυξη των Ανθρωπίνων Δικαιωμάτων (1791)|δώδεκα τροποποιήσεις του αμερικανικού Συντάγματος]] στη [[Βουλή των Αντιπροσώπων (ΗΠΑ)]]. \n*[[1794]] - Ο [[Μαξιμιλιανός Ροβεσπιέρος]] εγκαινιάζει τη νέα επίσημη θρησκεία της [[Γαλλική Επανάσταση|Γαλλικής Επανάστασης]], τη Λατρεία του Υπέρτατου Όντος, με μεγάλες οργανωμένες εκδηλώσεις σε όλη τη [[Γαλλία]].  \n*[[1856]] - Μία ομάδα 194 ατόμων από τα [[Νήσοι Πίτκαιρν|νησιά Πίτκαιρν]], απόγονοι των στασιαστών του ''Bounty'', φτάνει στο [[νησί Νόρφολκ]], αρχίζοντας την τρίτη αποίκηση της νήσου.   \n*[[1861]] - [[Αμερικανικός Εμφύλιος Πόλεμος]]: Το [[Τενεσί]] αποσχίζεται από την [[Ένωση (Αμερικανικός Εμφύλιος Πόλεμος)|Ένωση]].\n*[[1867]] - Ο [[Φραγκίσκος Ιωσήφ Α΄ της Αυστρίας]] στέφεται βασιλιάς της [[Ουγγαρία]]ς.\n*[[1906]] - Ο [[Θεόδωρος Ρούζβελτ]] υπογράφει τον Νόμο περί Αρχαιοτήτων, ο οποίος επιτρέπει στον [[Πρόεδρος των Ηνωμένων Πολιτειών|πρόεδρο των Ηνωμένων Πολιτειών]] να περιορίσει τη χρήση ορισμένων αγροτεμαχίων δημόσιας γης με ιστορική αξία.\n*[[1940]] - [[Β΄ Παγκόσμιος Πόλεμος]]: Ολοκληρώνεται η απομάκρυνση των συμμαχικών δυνάμεων από το [[Νάρβικ]] της [[Νορβηγία]]ς.\n*[[1941]] - [[Β΄ Παγκόσμιος Πόλεμος]]: Οι [[Συμμαχικές δυνάμεις (Β΄ Παγκόσμιος Πόλεμος)|συμμαχικές δυνάμεις]] αρχίζουν εκστρατεία εναντίον των κτήσεων της [[Γαλλία του Βισύ|Γαλλίας του Βισύ]] στην [[Λεβάντες|Ανατολή]].\n*[[1949]] - Δημοσιεύεται το ''[[1984 (μυθιστόρημα)|1984]]'' του [[Τζωρτζ Όργουελ]].\n*[[1953]] - Ένας ανεμοστρόβιλος F5 χτυπά το [[Μίσιγκαν]], σκοτώνοντας 116 άτομα, τραυματίζοντας 844 και καταστρέφοντας 340 σπίτια. \n*[[1966]] - Η [[Τοπίκα]] στο [[Κάνσας]] καταστρέφεται από τυφώνα που καταγράφεται ως F5 στην [[κλίμακα Φουτζίτα]]. Πρόκειται για τον πρώτο τυφώνα που ξεπέρασε σε ζημιές τα 100 εκατομμύρια $. 18 άνθρωποι σκοτώθηκαν, 543 τραυματίστηκαν και χιλιάδες σπίτια υπέστησαν ζημιές ή καταστράφηκαν.\n*[[1967]] - [[Πόλεμος των Έξι Ημερών]]: Το [[Ηνωμένες Πολιτείες Αμερικής|αμερικανικό]] πλοίο ''Λίμπερτι'' δέχεται από λάθος επίθεση από [[Ισραήλ|ισραηλινές]] δυνάμεις, με απολογισμό 34 νεκρούς και 171 τραυματίες.\n*[[1987]] - Η κυβέρνηση των [[Εργατικό Κόμμα της Νέας Ζηλανδίας|Εργατικών της Νέας Ζηλανδίας]] θεσπίζει μία εθνική αποπυρηνικοποιημένη ζώνη. \n* [[1990]] - Ξεκινά στην [[Ιταλία]] το 14ο Παγκόσμιο πρωτάθλημα ποδοσφαίρου.\n* [[1992]] - Στο [[Αζερμπαϊτζάν]] οι εθνικιστές του Λαϊκού Μετώπου κερδίζουν τις βουλευτικές εκλογές.\n* [[1993]] - Σε αυτοκινητιστικό δυστύχημα στη [[Γερμανία]] σκοτώνεται ο 28χρονος Κροάτης [[καλαθοσφαίριση|καλαθοσφαιριστής]] [[Ντράζεν Πέτροβις]].\n* [[1993]] - Στη Γαλλία, ο [[Ρενέ Μπουκέ]], 82 ετών, αστυνομικός διοικητής της [[Κυβέρνηση του Βισύ|κυβέρνησης του Βισύ]] κατά τη διάρκεια του Β΄ Παγκοσμίου Πολέμου, δολοφονείται έξω από το σπίτι του στο [[Παρίσι]].\n* [[1995]] - Στην [[Ουκρανία]], ο πρόεδρος [[Λεονίντ Κούτσμα]] διορίζει νέο πρωθυπουργό τον [[Γεβγκέν Μαρτσούκ]].\n* [[1996]] - Αυλαία για το 10ο [[Ευρωπαϊκό Πρωτάθλημα Ποδοσφαίρου]] (Euro '96) στην [[Αγγλία]], με τον αγώνα Αγγλίας - Ελβετίας (1-1) στο Γουέμπλεϊ με γκολ των Σίρερ (Shearer) και Τουρκγιλμάζ (Turkyilmaz).\n* [[1996]] - Η [[Κίνα]] προβαίνει σε υπόγεια, ειρηνική, πυρηνική δοκιμή στο [[Λοπ Νορ]].\n* [[1998]] - Ο [[Τσάρλτον Ίστον]] αναλαμβάνει την προεδρία της [[Αμερικανική Ένωση Οπλοχρηστών|Αμερικανικής Ένωσης Οπλοχρηστών]].\n* [[2000]] - Η τρομοκρατική οργάνωση [[17 Νοέμβρη]] δολοφονεί τον Βρετανό στρατιωτικό ακόλουθο [[Στήβεν Σόντερς]] στη λεωφόρο Κηφισίας.\n\n== Γεννήσεις ==\n*[[1625]] – [[Τζιοβάνι Ντομένικο Κασίνι]], Ιταλός επιστήμονας\n*[[1671]] – [[Τομάζο Αλμπινόνι]], Ιταλός συνθέτης\n*[[1810]] – [[Ρόμπερτ Σούμαν]], Γερμανός συνθέτης\n*[[1812]] - [[Σπυρίδων Ξύνδας]], Έλληνας συνθέτης\n*[[1829]] - [[Τζων Έβερετ Μίλαι]], Άγγλος ζωγράφος και εικονογράφος\n*[[1837]] - [[Ιβάν Κραμσκόι]], Ρώσος ζωγράφος\n*[[1867]] – [[Φρανκ Λόιντ Ράιτ]], Αμερικανός αρχιτέκτονας και εκπαιδευτικός\n*[[1876]] - [[Αλέξανδρος Τουφερής]], Έλληνας αθλητής\n*[[1893]] - [[Ρόναλντ Σκόμπι]], Βρετανός στρατιωτικός\n*[[1895]] - [[Σαντιάγο Μπερναμπέου]], Ισπανός ποδοσφαιριστής\n*[[1903]] – [[Μαργκερίτ Γιουρσενάρ]], Γαλλίδα συγγραφέας\n*[[1903]] - [[Βλαντιμίρ Λόσκι]], Ρώσος θεολόγος\n*[[1916]] - [[Λουίτζι Κομεντσίνι]], Ιταλός σκηνοθέτης\n*[[1916]] – [[Φράνσις Κρικ]], Άγγλος βιολόγος\n*[[1921]] – [[Σουχάρτο]], Ινδονήσιος στρατιωτικός και πολιτικός\n*[[1923]] - [[Κάρελ Χούιφαρτς]], Βέλγος συνθέτης\n*[[1924]] - [[Άγγελος Βασιλειάδης]], Έλληνας ποδοσφαιριστής\n*[[1925]] - [[Μπάρμπαρα Μπους]], πρώτη κυρία των Η.Π.Α.\n*[[1929]] - [[Γκαστόνε Μοσκίν]], Ιταλός ηθοποιός\n*[[1933]] - [[Βαγγέλης Πανάκης]], Έλληνας ποδοσφαιριστής\n*[[1937]] - [[Τζίμμυ Κορίνης]], Έλληνας συγγραφέας και δημιουργός κόμικς\n*[[1937]] - [[Μπρους Μακάντλες ΙΙ]], Αμερικανός αστροναύτης\n*[[1942]] – [[Νίκος Κωνσταντόπουλος]], Έλληνας πολιτικός\n*[[1945]] - [[Ευγενία Φακίνου]], Ελληνίδα συγγραφέας\n*[[1946]] - [[Λαίδη Περλέτ Λουίζι]], γενική κυβερνήτρια της Αγίας Λουκίας\n*[[1951]] – [[Μπόνι Τάιλερ]], Ουαλή τραγουδίστρια\n*[[1953]] - [[Ίβο Σάναντερ]], Κροάτης πολιτικός\n*[[1954]] - [[Μάριος Τόκας]], Κύπριος συνθέτης\n*[[1955]] – [[Τιμ Μπέρνερς Λι]], Άγγλος επιστήμονας υπολογιστών και μηχανικός, εφευρέτης του [[Παγκόσμιος Ιστός|Παγκόσμιου Ιστού]]\n*[[1961]] – [[Καίτη Γαρμπή]], Ελληνίδα τραγουδίστρια\n*[[1970]] - [[Γκάμπριελ Γκίφορντς]], Αμερικανίδα πολιτικός\n*[[1972]] - [[Ρούζβελτ Σκέριτ]], πρωθυπουργός της Δομινίκας\n*[[1977]] - [[Κάνιε Γουέστ]], Αμερικανός ράπερ \n*[[1978]] – [[Μαρία Μενούνος]], Αμερικανίδα δημοσιογράφος και ηθοποιός\n*[[1980]] - [[Γκουστάβο Μαντούκα]], Βραζιλιάνος ποδοσφαιριστής\n*[[1983]] - [[Παντελής Καπετάνος]], Έλληνας ποδοσφαιριστής\n*[[1984]] - [[Χαβιέρ Μαστσεράνο]], Αργεντινός ποδοσφαιριστής\n*[[1987]] - Ευάγγελος Γκότοβος ([[Iratus]]), Έλληνας Ράπερ\n*[[1995]] - [[Αλίνα Γκρόσου]], Ουκρανή τραγουδίστρια\n\n== Θάνατοι ==\n*[[62]] - [[Κλαυδία Οκταβία]], Ρωμαία αυτοκράτειρα\n*[[632]] – [[Μωάμεθ]], Άραβας προφήτης\n*[[1042]] - [[Αρθακανούτος]], βασιλιάς της Δανίας και της Αγγλίας\n*[[1104]] - [[Αμπού Νασρ Σαμς αλ-Μουλούκ Ντουκάκ]], εμίρης της Δαμασκού\n*[[1376]] - [[Εδουάρδος του Γούντστοκ]], Άγγλος πρίγκιπας\n*[[1492]] - [[Ελισάβετ Γούντβιλ]], βασίλισσα της Αγγλίας\n*[[1505]] - [[Αυτοκράτορας Χονγκ-τσι|Χονγκ-τσι]], αυτοκράτορας της Κίνας\n*[[1578]] - [[Δωροθέα του Μάνσφελντ]], Γερμανίδα ευγενής\n*[[1768]] - [[Γιόχαν Γιοάχιμ Βίνκελμαν]], Γερμανός λόγιος και αρχαιολόγος\n*[[1795]] - [[Λουδοβίκος ΙΖ΄ της Γαλλίας]]\n*[[1809]] - [[Τόμας Πέιν]], Άγγλος συγγραφέας\n*[[1845]] – [[Άντριου Τζάκσον]], 7ος πρόεδρος των Η.Π.Α.\n*[[1865]] - [[Τζόζεφ Πάξτον]], Άγγλος κηπουρός, αρχιτέκτονας και πολιτικός\n*[[1876]] – [[Γεωργία Σάνδη]], Γαλλίδα συγγραφέας\n*[[1881]] - [[Γρηγόριος ΣΤ΄]], Πατριάρχης Κωνσταντινουπόλεως\n*[[1954]] - [[Κάρλ φον Λε Σουϊρ]], Γερμανός στρατηγός\n*[[1960]] - [[Μαρίνος Γερουλάνος]], Έλληνας ακαδημαϊκός\n*[[1970]] - [[Αβραάμ Μάσλοου]], Αμερικανός ψυχολόγος\n*[[1973]] – [[Μάρκος Αυγέρης]], Έλληνας συγγραφέας και κριτικός\n*[[1973]] - [[Τούμπι Χέις]], Άγγλος μουσικός\n*[[1987]] - [[Αλέξανδρος Ιόλας]], Έλληνας συλλέκτης έργων τέχνης\n*[[2000]] - [[Στήβεν Σόντερς]], Άγγλος διπλωμάτης\n*[[2007]] - [[Αντέν Αμπντουλέ Οσμάν]], Σομαλός πολιτικός\n*[[2009]] - [[Ομάρ Μπονγκό]], πρόεδρος της Γκαμπόν\n*[[2010]] - [[Ανδρέας Βουτσινάς]], Έλληνας ηθοποιός και σκηνοθέτης\n*[[2017]] - [[Σαμ Πανόπουλος]], Έλληνας μάγειρας\n*[[2018]] - [[Άντονι Μπουρντέν]], Αμερικανός μάγειρας\n\n== Αργίες και εορτές ==\n\n* Παγκόσμια Ημέρα των [[Ωκεανών]]. \n* Ημέρα του Λιαχάρδου 3ου ήρωα της Γαλλικής Επανάστασης\n\n=== [[Ορθόδοξη Εκκλησία]] ===\n{{Πύλη:Ορθοδοξία/Εορτολόγιο/8 Ιουνίου}}\n\n{{Commonscat|8 June}}\n\n{{msg:Μήνες}}\n\n[[Κατηγορία:Ημέρες του έτους]]"}}}]}]}}