{"batchcomplete":true,"query":{"normalized":[{"fromencoded":false,"from":"8_Ιανουαρίου","to":"8 Ιανουαρίου"}],"pages":[{"pageid":950,"ns":0,"title":"8 Ιανουαρίου","revisions":[{"slots":{"main":{"contentmodel":"wikitext","contentformat":"text/x-wiki","content":"{{Μήνες Ιανουαρίου}}\n\n<center>[[7 Ιανουαρίου]] | '''8 Ιανουαρίου''' | [[9 Ιανουαρίου]]</center>\n\n----\n\nΗ '''8η Ιανουαρίου''' είναι η 8η ημέρα του έτους κατά το [[Γρηγοριανό ημερολόγιο]]. Υπολείπονται 357 ημέρες (358 σε δίσεκτα έτη).\n\n{{ΗμερολόγιοΣεΠίνακα|1}}\n\n== Γεγονότα ==\n{{Commonscat|8 January}}\n*[[871]] - Ο στρατός του [[Ουέσσεξ]] με επικεφαλής τον [[Αλφρέδος του Ουέσσεξ|Αλφρέδο]] νικά τους [[Βίκινγκ]] στη μάχη του Ασντάουν.\n*[[1297]] - Ο Φραγκίσκος Γκριμάλντι, μεταμφιεσμένος ως μοναχός, οδηγεί τους άντρες του στην κατάληψη του φρουρίου που προστατεύει το [[Βράχος του Μονακό|Βράχο του Μονακό]], εγκαθιστώντας την [[Οίκος των Γκριμάλντι|οικογένειά του]] ως κυβερνήτες του [[Μονακό]].\n*[[1499]] - Ο [[Λουδοβίκος ΙΒ΄ της Γαλλίας]] παντρεύεται την [[Άννα της Βρετάνης]].\n*[[1735]] - Πρεμιέρα του ''[[Αριοδάντης (Χαίντελ)|Αριοδάντη]]'' του [[Γκέοργκ Φρήντριχ Χαίντελ]] στο Κόβεντ Γκάρντεν.\n*[[1889]] - Ο [[Χέρμαν Χόλεριθ]] λαμβάνει [[ευρεσιτεχνία]] για την πινακοποίηση δεδομένων από διάτρητες κάρτες.\n*[[1918]] - Ο πρόεδρος των [[Η.Π.Α.]], [[Γούντροου Ουίλσον]], ανακοινώνει τα «[[Διάγγελμα δεκατεσσάρων σημείων|Δεκατέσσερα σημεία]]» του για την επαύριο του [[Α΄ Παγκόσμιος Πόλεμος|Α΄ Παγκόσμιου Πόλεμου]].\n*[[1940]] - [[Β΄ Παγκόσμιος Πόλεμος]]: η [[Μεγάλη Βρετανία]] καθιερώνει δελτίο τροφίμων.\n*[[1961]] - Στη [[Γαλλία]], [[δημοψήφισμα]] στηρίζει την πολιτική του [[Σαρλ ντε Γκωλ]] στην [[Αλγερία]].\n*[[1962]] - 93 άτομα σκοτώνονται σε σιδηροδρομικό δυστύχημα στην [[Ολλανδία]].\n*[[1968]] - Το [[Ελλάδα|ελληνικό]] φορτηγό πλοίο ''Πελταστής'' βυθίζεται αύτανδρο, με πλήρωμα οκτώ ανδρών, στη βόρεια [[Αδριατική θάλασσα]].\n*[[1969]] - Ο αρχηγός ενόπλων δυνάμεων, αντιστράτηγος [[Οδυσσέας Αγγελής]], αναλαμβάνει υπουργός Άμυνας, θέση την οποία διατηρούσε ο ίδιος ο [[Γεώργιος Παπαδόπουλος]].\n* [[1973]] - [[Σκάνδαλο Γουότεργκεητ]]: Ξεκινά η δίκη επτά ανδρών που κατηγορούνται ότι έβαλαν κοριούς στα γραφεία του Δημοκρατικού κόμματος.\n* [[1991]] - Δολοφονήθηκε ο εκπαιδευτικός [[Νίκος Τεμπονέρας]] από τον πρόεδρο της [[ΟΝΝΕΔ]] [[Νομός Αχαΐας|Αχαΐας]] και δημοτικό σύμβουλο Ιωάννη Καλαμπόκα κατά τη διάρκεια μαθητικών κινητοποιήσεων.\n* [[1994]] - Ο Ρώσος κοσμοναύτης [[Βαλέρι Πολυάκοφ]] από το [[Πρόγραμμα Σογιούζ|Soyuz TM-18]] μεταβαίνει στον [[Μιρ|διαστημικό σταθμό Μιρ]]. Θα μείνει στον διαστημικό σταθμό μέχρι τις [[22 Μαρτίου]] [[1995]], κάνοντας ρεκόρ με 437 ημέρες στο διάστημα.\n\n== Γεννήσεις ==\n*[[626]] - [[Χουσεΐν ιμπν Αλί]], ιμάμης των Σιιτών\n*[[1529]] - [[Ιωάννης Φρειδερίκος Β΄ της Σαξονίας|Ιωάννης Φρειδερίκος Β΄]], δούκας της Σαξονίας\n*[[1638]] - [[Ελιζαμπέτα Σιρανί]], Ιταλίδα ζωγράφος\n*[[1788]] - [[Αρχιδούκας Ροδόλφος της Αυστρίας|Ροδόλφος]], αρχιδούκας της Αυστρίας\n*[[1823]] - [[Άλφρεντ Ράσελ Γουάλας]], Ουαλός φυσιοδίφης και βιολόγος\n*[[1836]] - [[Λώρενς Άλμα-Τάντεμα]], Ολλανδός καλλιτέχνης\n*[[1841]] - [[Αλεξάντερ Στιούαρτ Μάρρεϊ]], Σκωτσέζος αρχαιολόγος\n*[[1849]] - [[Ιερώνυμος Βαρλαάμ]], Κύπριος λόγιος\n*[[1867]] - [[Χρυσόστομος Σμύρνης|Χρυσόστομος]], μητροπολίτης Σμύρνης\n*[[1870]] - [[Μιγκέλ Πρίμο ντε Ριβέρα]], Ισπανός δικτάτορας\n*[[1883]] - [[Πάβελ Φιλόνοφ]], Ρώσος ζωγράφος\n*[[1891]] - [[Βάλτερ Μπότε]], Γερμανός φυσικός\n*[[1908]] - [[Γουίλιαμ Χάρτνελ]], Άγγλος ηθοποιός\n*[[1909]] - [[Νικόλαος Πλάτων]], Έλληνας αρχαιολόγος\n*[[1912]] - [[Χοσέ Φερρέρ]], Πορτορικανός ηθοποιός\n*[[1920]] - [[Κάρολος Λαμπρίνο]], Ρουμάνος πρίγκιπας\n*[[1922]] - [[Χοσέ Μπεναζέραφ]], Γάλλος σκηνοθέτης και παραγωγός\n*[[1926]] - [[Κέρουιν Μάθιους]], Αμερικανός ηθοποιός\n*[[1926]] - [[Γιάννης Χρήστου (συνθέτης)|Γιάννης Χρήστου]], Έλληνας συνθέτης\n*[[1929]] - [[Δημήτρης Σαραντάκος]], Έλληνας συγγραφέας\n*[[1935]] - [[Έλβις Πρίσλεϊ]], Αμερικανός τραγουδιστής\n*[[1937]] - [[Σίρλεϊ Μπάσεϊ]], Ουαλή τραγουδίστρια\n*[[1942]] - [[Στήβεν Χώκινγκ]], Άγγλος φυσικός και συγγραφέας \n*[[1946]] - [[Ρόμπι Κρίγκερ]], Αμερικανός μουσικός ([[The Doors]])\n*[[1947]] - [[Ντέιβιντ Μπάουι]], Άγγλος τραγουδιστής, παραγωγός και ηθοποιός\n*[[1951]] - [[Κένι Άντονι]], πολιτικός από την Αγία Λουκία\n*[[1955]] - [[Σπύρος Λιβαθηνός]], Έλληνας ποδοσφαιριστής\n*[[1979]] - [[Στίπε Πλετίκοσα]], Κροάτης ποδοσφαιριστής\n*[[1981]] - [[Γιάννης Κοκκώδης]], Έλληνας κολυμβητής\n*[[1983]] - [[Φελίπε Κολόμπο]], Μεξικανός ηθοποιός και τραγουδιστής\n*[[1983]] - [[Κρις Μάστερς]], Αμερικανός παλαιστής\n*[[1984]] - [[Κιμ Γιονγκ Ουν]], Βορειοκορεάτης ηγέτης\n*[[1986]] - [[Νταβίδ Σίλβα]], Ισπανός ποδοσφαιριστής\n*[[1988]] - [[Αδριάν Λόπεθ]], Ισπανός ποδοσφαιριστής\n*[[1992]] - [[Απόστολος Βέλλιος]], Έλληνας ποδοσφαιριστής \n*1999-Νταμιάνο Νταβίντ,Ιταλός τραγουδιστής στο συγκρότημα <nowiki>''</nowiki>maneskin<nowiki>''</nowiki> \n*[[2011]] - [[Ιωσηφίνα της Δανίας|Ιωσηφίνα]], πριγκίπισσα της Δανίας\n\n== Θάνατοι ==\n*[[1079]] - [[Αδέλα της Γαλλίας, κόμισσα της Φλάνδρας]]\n*[[1107]] - [[Έντγκαρ της Σκωτίας|Έντγκαρ]], βασιλιάς της Σκωτίας\n*[[1198]] - [[Πάπας Κελεστίνος Γ΄]]\n*[[1324]] - [[Μάρκο Πόλο]], Ιταλός εξερευνητής\n*[[1337]] - [[Τζόττο]], Ιταλός καλλιτέχνης\n*[[1642]] - [[Γαλιλαίος Γαλιλέι]], Ιταλός αστρονόμος και επιστήμονας \n*[[1713]] - [[Αρκάντζελο Κορέλλι]], Ιταλός συνθέτης\n*[[1819]] - [[Βαλεντίν Βόντνικ]], Σλοβένος ιερέας, δημοσιογράφος και ποιητής\n*[[1877]] - [[Δημήτριος Χρηστίδης]], Έλληνας πολιτικός\n*[[1896]] - [[Πωλ Βερλαίν]], Γάλλος ποιητής\n*[[1902]] - [[Γεώργιος Αλ. Μαυροκορδάτος]], Έλληνας ιστοριοδίφης\n*[[1916]] - [[Θέμος Άννινος]], Έλληνας γελοιογράφος\n*[[1925]] - [[Φερνάντ Σανζ]], Γάλλος ποδηλάτης \n*[[1941]] - [[Ρόμπερτ Μπέηντεν-Πάουελ]], Άγγλος στρατιωτικός, συγγραφέας και ιδρυτής του προσκοπισμού \n*[[1942]] - [[Ιωσήφ Ρόδερφορντ]], Αμερικανός θρησκευτικός εκδότης\n*[[1944]] - [[Ναπολέων Λαπαθιώτης]], Έλληνας ποιητής\n*[[1948]] - [[Κουρτ Σβίττερς]], Γερμανός καλλιτέχνης\n*[[1948]] - [[Ρίχαρντ Τάουμπερ]], Αυστριακός τενόρος\n*[[1950]] - [[Γιόζεφ Σουμπέτερ]], Αυστριακός οικονομολόγος\n*[[1962]] - [[Αρχιεπίσκοπος Θεόκλητος Β΄|Θεόκλητος Β΄]], αρχιεπίσκοπος Αθηνών και πάσης Ελλάδος\n*[[1970]] - [[Γιάννης Χρήστου (συνθέτης)|Γιάννης Χρήστου]], Έλληνας συνθέτης\n*[[1989]] - [[Ανδρέας Φιλιππίδης]], Έλληνας ηθοποιός\n*[[1991]] - [[Νίκος Τεμπονέρας]], Έλληνας μαθηματικός \n*[[1996]] - [[Φρανσουά Μιτεράν]], Γάλλος πολιτικός\n*[[1996]] - [[Θεοφάνης Τόμπρας]], Έλληνας στρατιωτικός\n*[[2002]] - [[Αλεξάντρ Πρόχοροφ]], Ρώσος φυσικός\n*[[2006]] - [[Γεώργιος Γουλιέλμος του Αννοβέρου (1915-2006)|Γεώργιος Γουλιέλμος]], πρίγκιπας του Αννοβέρου\n*[[2006]] - [[Γιάννης Γκοβόστης]], Έλληνας εκδότης\n*[[2006]] - [[Έλσον Εβέλιο Μπεσέρρα]], Κολομβιανός ποδοσφαιριστής\n*[[2006]] - [[Ραατμπέκ Σανατμπάγιεφ]], Κιργίζιος παλαιστής\n*[[2007]] - [[Ιβόν ντε Κάρλο]], Καναδή ηθοποιός\n*[[2014]] - [[Γιώργος Κόρος]], Έλληνας βιολιστής και συνθέτης\n*[[2017]] - [[Τζέιμς Μάντσαμ]], πρόεδρος των Σεϋχελλών\n*[[2019]] - [[Ήβη Μελεάγρου]], Ελληνίδα συγγραφέας \n*[[2019]] - [[Φάνης Κακριδής]], Έλληνας φιλόλογος\n\n== Αργίες και εορτές ==\n=== Κόσμος ===\n* {{MNP}} - Ημέρα της Κοινοπολιτείας\n\n=== [[Ορθόδοξη Εκκλησία]] ===\n{{Πύλη:Ορθοδοξία/Εορτολόγιο/8 Ιανουαρίου}}\n\nΟνόματα που Γιορτάζουν:\n\nΒΑΣΙΛΙΣΣΑ (Βασίλισσα.)\n\n{{Μήνες}}\n\n[[Κατηγορία:Ημέρες του έτους]]"}}}]}]}}