{"batchcomplete":true,"query":{"normalized":[{"fromencoded":false,"from":"8_Νοεμβρίου","to":"8 Νοεμβρίου"}],"pages":[{"pageid":3560,"ns":0,"title":"8 Νοεμβρίου","revisions":[{"slots":{"main":{"contentmodel":"wikitext","contentformat":"text/x-wiki","content":"{{Μήνες Νοεμβρίου}}\n\n<center>[[7 Νοεμβρίου]] | '''8 Νοεμβρίου''' | [[9 Νοεμβρίου]]</center>\n\n----\nΗ '''8η Νοεμβρίου''' είναι η 312η ημέρα του έτους κατά το [[Γρηγοριανό ημερολόγιο]] (313η σε δίσεκτα έτη). Υπολείπονται 53 ημέρες.\n\n{{ΗμερολόγιοΣεΠίνακα|11}}\n\n==Γεγονότα==\n*[[392]] - Ο αυτοκράτορας [[Θεοδόσιος Α΄]] θέτει εκτός νόμου τις αρχαίες θρησκείες.\n*[[960]] - Οι [[Βυζαντινή Αυτοκρατορία|Βυζαντινοί]] υπό τον [[Λέων Φωκάς ο Νεότερος|Λέοντα Φωκά τον Νεότερο]] καταφέρνουν συντριπτική νίκη επί του [[Χαμδανίδες|Χαμδανίδη]] εμίρη [[Σαΐφ αλ-Ντάουλα]] στην Ανδρασσό.\n*[[1519]] - Ο [[Ερνάν Κορτές]] εισέρχεται στην [[Τενοτστιτλάν]] και ο [[Αζτέκοι|Αζτέκος]] ηγέτης [[Μοντεζούμα Β´]] τον καλωσορίζει με μία μεγάλη γιορτή.\n*[[1520]] - Λουτρό αίματος στη [[Στοκχόλμη]]: Μετά την εισβολή τους στη [[Σουηδία]], οι [[Δανία|Δανοί]] εκτελούν περίπου 100 άτομα.\n*[[1576]] - [[Ογδοηκονταετής Πόλεμος]]: Ειρήνευση της [[Γάνδη]]ς. Οι επαρχίες της [[Ολλανδία]]ς ενώνονται για να αντιταχθούν στην [[Ισπανία|ισπανική]] κατοχή. \n*[[1602]] - Ανοίγει τις πύλες του στο κοινό η [[Βιβλιοθήκη Μπόντλιαν]] του [[Πανεπιστήμιο της Οξφόρδης|Πανεπιστημίου της Οξφόρδης]].\n*[[1612]] - Ισχυρός [[σεισμός]] σημειώνεται στην [[Κρήτη]], προκαλώντας μεγάλες ζημιές.\n*[[1620]] - Λαμβάνει χώρα κοντά στην [[Πράγα]] η μάχη του Λευκού Όρους, η οποία λήγει με νίκη των [[Καθολική Εκκλησία|καθολικών]].\n*[[1644]] - Ο [[αυτοκράτορας Σουντσί]], ο τρίτος αυτοκράτορας της [[Δυναστεία Τσινγκ|δυναστείας των Τσινγκ]], ενθρονίζεται στο [[Πεκίνο]] μετά την κατάρρευση της [[Δυναστεία Μινγκ|δυναστείας των Μινγκ]] ως ο πρώτος αυτοκράτορας της δυναστείας των Τσινγκ που θα κυβερνήσει σε όλη την [[Κίνα]]. \n*[[1745]] - Ο Κάρολος Εδουάρδος Στιούαρτ εισβάλλει στην [[Αγγλία]] μ' έναν στρατό περίπου 5.000 ανδρών.\n*[[1861]] - [[Αμερικανικός Εμφύλιος Πόλεμος]]: Υπόθεση Τρεντ. Το USS ''San Jacinto'' σταματά το [[Μεγάλη Βρετανία|βρετανικό]] ταχυδρομικό πλοίο ''Trent'' και συλλαμβάνει δύο [[Συνομόσπονδες Πολιτείες της Αμερικής|Συνομόσπονδους]] απεσταλμένους, πυροδοτώντας διπλωματική κρίση μεταξύ του [[Ηνωμένο Βασίλειο|Ηνωμένου Βασιλείου]] και των [[Ηνωμένες Πολιτείες Αμερικής|Η.Π.Α.]] \n*[[1889]] - Η [[Μοντάνα]] γίνεται η 41η [[Πολιτείες των ΗΠΑ|πολιτεία των Η.Π.Α.]]\n*[[1892]] - Αρχίζει γενική [[απεργία]] στη [[Νέα Ορλεάνη]], ενώνοντας για πρώτη φορά λευκούς και [[Αφροαμερικανοί|μαύρους]] συνδικαλιστές σε μία επιτυχημένη τετραήμερη γενική απεργία.  \n*[[1895]] - Καθώς πειραματίζεται με την ηλεκτρική ενέργεια, ο [[Βίλχελμ Κόνραντ Ρέντγκεν]] ανακαλύπτει τις [[ακτίνες Χ]].\n*[[1901]] - [[Ευαγγελικά]]: Αιματηρά επεισόδια ξεσπούν στην [[Αθήνα]] με αφορμή τη μετάφραση των [[Ευαγγέλιο|Ευαγγελίων]] στη [[δημοτική γλώσσα]].\n*[[1912]] - Απελευθέρωση της [[Φλώρινα]]ς και της [[Μυτιλήνη]]ς.\n*[[1923]] - [[Πραξικόπημα της μπιραρίας]]: Στο [[Μόναχο]], ο [[Αδόλφος Χίτλερ]] ηγείται των [[Ναζισμός|Ναζί]] σε μία ανεπιτυχή προσπάθεια να ανατρέψει τη [[Γερμανία|γερμανική]] κυβέρνηση.\n*[[1926]] - Ιδρύεται ο [[Αθλητικός Ποδοσφαιρικός Όμιλος Ελλήνων Λευκωσίας]] (ΑΠΟΕΛ).\n*[[1936]] - [[Ισπανικός εμφύλιος πόλεμος]]: Τα στρατεύματα του [[Δικτατορία του Φρανθίσκο Φράνκο|Φράνκο]] αποτυγχάνουν στην προσπάθειά τους να καταλάβουν τη [[Μαδρίτη]] αλλά θα ξεκινήσουν την 3ετή πολιορκία της πόλης.\n*[[1939]] - Δύο [[Μεγάλη Βρετανία|Βρετανοί]] πράκτορες της [[Secret Intelligence Service]] συλλαμβάνονται από τους [[Γερμανοί|Γερμανούς]] στο [[Φένλο]].  \n*[[1939]] - Στο [[Μόναχο]], ο [[Αδόλφος Χίτλερ]] γλιτώνει από απόπειρα δολοφονίας ενώ γιόρταζε την 16η επέτειο από το [[πραξικόπημα της μπιραρίας]].\n*[[1940]] - [[Ελληνοϊταλικός Πόλεμος]]: Η [[Ιταλία|ιταλική]] εισβολή στην [[Ελλάδα]] αποτυγχάνει καθώς οι ελληνικές μονάδες αποκρούουν τους Ιταλούς στη [[μάχη Ελαίας - Καλαμά]].\n*[[1942]] - [[Β΄ Παγκόσμιος Πόλεμος]]: Η [[Γαλλική Αντίσταση]] πραγματοποιεί χτύπημα στο [[Αλγέρι]], στο οποίο 400 [[Γαλλία|Γάλλοι]] πατριώτες εξουδετερώνουν, μετά από 15 ώρες μάχης, το 19ο Σώμα Στρατού της [[Γαλλία του Βισύ|Γαλλίας του Βισύ]] και συλλαμβάνουν αρκετούς στρατηγούς, επιτρέποντας την άμεση επιτυχία της [[Επιχείρηση Πυρσός|επιχείρησης Πυρσός]] στο Αλγέρι.\n*[[1950]] - [[Πόλεμος της Κορέας]]: Η [[Αμερικανική Πολεμική Αεροπορία]] καταρρίπτει δύο [[Βόρεια Κορέα|βορειοκορεάτικα]] αεροπλάνα στην πρώτη [[αερομαχία]] με [[Αεροσκάφος τζετ|αεροσκάφη τζετ]] στην ιστορία.\n*[[1957]] - Η πτήση 7 της Pan American εξαφανίζεται μεταξύ [[Σαν Φρανσίσκο]] και [[Χονολουλού]]. Συντρίμμια και σώματα ανακαλύπτονται μία εβδομάδα αργότερα.\n*[[1957]] - Το [[Ηνωμένο Βασίλειο]] πραγματοποιεί την πρώτη του επιτυχημένη δοκιμή [[Βόμβα υδρογόνου|βόμβας υδρογόνου]] στο [[Κιριτιμάτι]] στον [[Ειρηνικός Ωκεανός|Ειρηνικό Ωκεανό]].\n*[[1963]] - Ορκίζεται η [[Κυβέρνηση Γεωργίου Παπανδρέου 1963|κυβέρνηση Γεωργίου Παπανδρέου]]. Ο [[Στέφανος Χ. Στεφανόπουλος]] δεν συμμετέχει στην κυβέρνηση και αρνείται την αντιπροεδρία, ως άνευ περιεχομένου.\n*[[1965]] - Ιδρύεται το [[Βρετανικό Έδαφος Ινδικού Ωκεανού]], αποτελούμενο από το [[Τσάγκος Αρχιπέλαγος|αρχιπέλαγος Τσάγκος]] και τα νησιά [[Αλντάμπρα]], Φαρκουχάρ και Ντεσρότσες.\n*[[1965]] - Καταργείται επίσημα η [[θανατική ποινή]] στο [[Ηνωμένο Βασίλειο]], εκτός από περιπτώσεις προδοσίας, \"πειρατείας με βία\" (πειρατεία με την πρόθεση πρόκλησης θανάτου ή σοβαρής σωματικής βλάβης), εμπρησμού στα βασιλικά ναυπηγεία και κατασκοπείας, καθώς και άλλων αξιόποινων πράξεων του στρατιωτικού δικαίου. Η θανατική ποινή θα καταργηθεί σε όλες τις περιπτώσεις το [[1998]]. \n*[[1966]] - Ο πρώην γενικός εισαγγελέας της [[Μασαχουσέτη]]ς Έντουαρντ Μπρουκ γίνεται ο πρώτος [[Αφροαμερικανοί|Αφροαμερικανός]] που εκλέγεται στη [[Γερουσία (ΗΠΑ)|Γερουσία των Η.Π.Α.]] από την εποχή της Ανασυγκρότησης.\n*[[1968]] - Αεροπειρατεία σε αεροσκάφος της [[Ολυμπιακές Αερογραμμές|Ολυμπιακής Αεροπορίας]], λίγο μετά την απογείωσή του από το [[Αεροδρόμιο Ορλύ]] των [[Παρίσι|Παρισίων]] με προορισμό την [[Αθήνα]]. Οι δύο [[Ιταλία|Ιταλοί]] δράστες συλλαμβάνονται και κινδυνεύουν με λιντσάρισμα από τους εξαγριωμένους επιβάτες.\n*[[1972]] - Το [[HBO]] αρχίζει το πρόγραμμά του με την προβολή της ταινίας ''Οι Ατρόμητοι'', με πρωταγωνιστές τους [[Πωλ Νιούμαν]] και [[Χένρι Φόντα]].\n*[[1977]] - Ο [[Έλληνες|Έλληνας]] αρχαιολόγος και καθηγητής στο [[Αριστοτέλειο Πανεπιστήμιο Θεσσαλονίκης]] [[Μανόλης Ανδρόνικος]] ανακαλύπτει τον τάφο του [[Φίλιππος Β΄ της Μακεδονίας|Φιλίππου Β΄ της Μακεδονίας]] στη [[Βεργίνα]].\n* [[1987]] - Εκρήγνυται βόμβα στο [[Ενισκίλεν]], στη [[Βόρεια Ιρλανδία]], κατά τη διάρκεια τελετής απόδοσης τιμών σε όσους έχασαν τη ζωή τους σε πολέμους όπου συμμετείχαν οι [[Μεγάλη Βρετανία|βρετανικές]] δυνάμεις. Δώδεκα άνθρωποι σκοτώνονται και εξήντα τρεις τραυματίζονται.   \n* [[1996]] - Ένα λεπτό κίτρινο σουηδικό γραμματόσημο του 19ου αιώνα πωλείται σε δημοπρασία για 2,26 εκατομμύρια δολάρια και έτσι γίνεται το πολυτιμότερο γραμματόσημο στον κόσμο.\n* [[2002]] - Το Συμβούλιο Ασφαλείας του ΟΗΕ ανοίγει τον δρόμο στις ΗΠΑ του Τζορτζ Μπους για επέμβαση στο Ιράκ.\n* [[2003]] - Το Ριάντ της Σαουδικής Αραβίας συγκλονίζεται από πολύνεκρη επίθεση αυτοκτονίας, που αποδίδεται σε βομβιστές-καμικάζι μέλη της Αλ Κάιντα.\n* [[2016]] - [[Προεδρική εκλογή των Ηνωμένων Πολιτειών 2016|Εκλογές στις ΗΠΑ]]. Ο [[Ντόναλντ Τραμπ]] εκλέγεται 45ος [[Πρόεδρος των Ηνωμένων Πολιτειών|Πρόεδρος των ΗΠΑ]] και γίνεται ο πλουσιότερος πρόεδρος στην ιστορία της χώρας. \n\n==Γεννήσεις==\n*[[30]] - [[Νέρβας]], Ρωμαίος αυτοκράτορας\n*[[1563]] - [[Ερρίκος Β΄ της Λωρραίνης|Ερρίκος Β΄]], δούκας της Λωρραίνης\n*[[1622]] - [[Κάρολος Ι΄ Γουσταύος της Σουηδίας|Κάρολος Ι΄ Γουσταύος]], βασιλιάς της Σουηδίας\n*[[1656]] - [[Έντμουντ Χάλλεϋ]], Άγγλος αστρονόμος και μαθηματικός\n*[[1715]] - [[Ελισάβετ Κριστίνα]], βασίλισσα της Πρωσίας\n*[[1843]] - [[Μόριτζ Πας]], Γερμανός μαθηματικός\n*[[1847]] - [[Μπραμ Στόκερ]], Ιρλανδός συγγραφέας\n*[[1848]] - [[Γκότλομπ Φρέγκε]], Γερμανός μαθηματικός και φιλόσοφος\n*[[1855]] - [[Νικόλαος Τριανταφυλλάκος]], Έλληνας πολιτικός\n*[[1885]] - [[Γιώργος Μπουζιάνης]], Έλληνας ζωγράφος\n*[[1895]] - [[Φώτης Κόντογλου]], Έλληνας συγγραφέας και ζωγράφος\n*[[1898]] - [[Κάρλ φον Λε Σουϊρ]], Γερμανός στρατηγός\n*[[1899]] - [[Αγγέλα Παπάζογλου]], Ελληνίδα τραγουδίστρια\n*[[1900]] - [[Μάργκαρετ Μίτσελ]], Αμερικανίδα συγγραφέας\n*[[1903]] - [[Ηλίας Κυριακόπουλος]], Έλληνας νομικός και πολιτικός\n*[[1912]] - [[Στυλιανός Παττακός]], Έλληνας στρατιωτικός\n*[[1913]] - [[Πάτι Πέιτζ]], Αμερικανίδα τραγουδίστρια\n*[[1920]] - [[Γαλάτεια Σαράντη]], Ελληνίδα συγγραφέας\n*[[1922]] - [[Κρίστιαν Μπάρναρντ]], Νοτιοαφρικανός χειρουργός\n*[[1935]] - [[Στράτος Διονυσίου]], Έλληνας τραγουδιστής\n*[[1935]] - [[Αλέν Ντελόν]], Γάλλος ηθοποιός\n*[[1935]] - [[Δημήτριος Σαπουντζής]], Έλληνας πολιτικός\n*[[1936]] - [[Βίρνα Λίζι]], Ιταλίδα ηθοποιός\n*[[1945]] - [[Αντόνιο Καρατόνι]], διοικητής του Αγίου Μαρίνου\n*[[1945]] - [[Αμπντελαζίζ Μπελχαντέμ]], Αλγερινός πολιτικός\n*[[1946]] - [[Γκους Χίντιγκ]], Ολλανδός ποδοσφαιριστής και προπονητής\n*[[1947]] - [[Μίρκα Παπακωνσταντίνου]], Ελληνίδα ηθοποιός\n*[[1947]] - [[Μίνι Ράιπερτον]], Αμερικανίδα τραγουδίστρια\n*[[1950]] - [[Λου Λέον Γκερέρο]], πολιτικός του Γκουάμ\n*[[1953]] - [[Γιώργος Σταθάκης]], Έλληνας πολιτικός\n*[[1953]] - [[Γιώργος Φοιρός]], Έλληνας ποδοσφαιριστής και προπονητής\n*[[1954]] - [[Αριστίντες Γκόμες]], πρωθυπουργός της Γουινέας-Μπισσάου\n*[[1954]] - [[Καζούο Ισιγκούρο]],Ιάπωνας συγγραφέας\n*[[1960]] - [[Μίκαελ Νίκβιστ]], Σουηδός ηθοποιός\n*[[1970]] - [[Χουάν Χοσέ Μπορέλι]], Αργεντινός ποδοσφαιριστής\n*[[1971]] - [[Tech N9ne]], Αμερικανός ράπερ\n*[[1972]] - [[Γκρέτσεν Μολ]], Αμερικανίδα ηθοποιός\n*[[1974]] - [[Κισιμότο Μασάσι]], Ιάπωνας εικονογράφος\n*[[1980]] - [[Λουίς Φαμπιάνο]], Βραζιλιάνος ποδοσφαιριστής\n*[[1982]] - [[Τεντ Ντιμπιάσι Τζούνιορ]], Αμερικανός παλαιστής\n*[[1983]] - [[Μπλάνκα Βλάσιτς]], Κροάτισσα αθλήτρια\n*[[1983]] - [[Πάβελ Πογκρεμπνιάκ]], Ρώσος ποδοσφαιριστής\n*[[1986]] - [[Άαρον Σουόρτς]], Αμερικανός προγραμματιστής υπολογιστών και ακτιβιστής\n*[[2003]] - [[Λαίδη Λουίζα Ουίνδσορ|Λουίζα Ουίνδσορ]], Αγγλίδα λαίδη\n\n==Θάνατοι==\n{{commonscat|8 November}}\n*[[618]] - [[Πάπας Αδεοδάτος Α΄]]\n*[[955]] - [[Πάπας Αγαπητός Β΄]]\n*[[1122]] - [[Νατζ αντ-Ντιν Ιλγκαζί ιμπν Αρτούκ]], Τουρκομάνος ηγέτης\n*[[1226]] - [[Λουδοβίκος Η΄ της Γαλλίας|Λουδοβίκος Η΄]], βασιλιάς της Γαλλίας\n*[[1365]] - [[Νικολό Ατσαγιόλι]], Ιταλός ευγενής\n*[[1494]] - [[Μελότσο ντα Φορλί]], Ιταλός ζωγράφος\n*[[1599]] - [[Φρανθίσκο Γκερέρο]], Ισπανός συνθέτης\n*[[1606]] - [[Τζερόνιμο Μερκουριάλι]], Ιταλός φιλόλογος και ιατρός\n*[[1670]] - [[Εμμανουήλ του Άνχαλτ-Κέτεν|Εμμανουήλ]], πρίγκιπας του Άνχαλτ-Κέτεν\n*[[1674]] - [[Τζον Μίλτον]], Άγγλος ποιητής\n*[[1688]] - [[Σερμπάν Καντακουζηνός (πρίγκιπας)|Σερμπάν Καντακουζηνός]], πρίγκιπας της Βλαχίας\n*[[1719]] - [[Μισέλ Ρολ]], Γάλλος μαθηματικός\n*[[1817]] - [[Αντρέα Απιάνι]], Ιταλός ζωγράφος\n*[[1830]] - [[Φραγκίσκος Α΄ των Δύο Σικελιών|Φραγκίσκος Α΄]], βασιλιάς των Δύο Σικελιών\n*[[1871]] - [[Κάρολος Φραγκίσκος Χολ]], Αμερικανός εξερευνητής\n*[[1893]] - [[Φράνσις Πάρκμαν]], Αμερικανός ιστορικός\n*[[1908]] - [[Τομάς Εστράδα Πάλμα]], Κουβανός πολιτικός\n*[[1920]] - [[Άγιος Νεκτάριος Αιγίνης]]\n*[[1933]] - [[Μοχάμεντ Ναντίρ Σαχ]], Βασιλιάς του Αφγανιστάν\n*[[1953]] - [[Ιβάν Μπούνιν]], Ρώσος συγγραφέας\n*[[1977]] - [[Τάσος Γιαννόπουλος]], Έλληνας ηθοποιός\n*[[1986]] - [[Βιατσεσλάβ Μόλοτοφ]], Ρώσος πολιτικός\n*[[2001]] - [[Αριστείδης Μόσχος]], Έλληνας μουσικός\n*[[2005]] - [[Αλέκος Αλεξανδράκης]], Έλληνας ηθοποιός\n*[[2006]] - [[Βασίλης Πολυδούρης]], Αμερικανός συνθέτης\n*[[2009]] - [[Βιτάλι Γκίνζμπουργκ]], Ρώσος φυσικός\n*[[2017]] - [[Αντόνιο Καρλούτσιο]], Ιταλός εστιάτορας\n\n==Αργίες και εορτές==\n=== [[Ορθόδοξη Εκκλησία]] ===\n{{Πύλη:Ορθοδοξία/Εορτολόγιο/8 Νοεμβρίου}}\nΟνόματα που Γιορτάζουν:\n\n* ΑΓΓΕΛΟΣ (Άγγελος, Αγγελής, Αγγελέτος.)\n\n* ΑΓΓΕΛΙΚΗ (Αγγελική, Αγγελικό, Αγγελικούλα, Αγγέλο.)\n\n* ΑΡΧΑΓΓΕΛΟΣ (Αρχάγγελος, Άγγελος.)\n\n* ΜΙΧΑΗΛ (Μιχαήλ, Μιχάλης.)\n\n* ΜΙΧΑΕΛΑ (Μιχαέλα.)\n\n* ΓΑΒΡΙΗΛ  (Γαβριήλ.)\n\n* ΓΑΒΡΙΕΛΑ (Γαβριέλα.)\n{{Μήνες}}\n\n[[Κατηγορία:Ημέρες του έτους]]"}}}]}]}}