{"batchcomplete":true,"query":{"normalized":[{"fromencoded":false,"from":"8_Μαρτίου","to":"8 Μαρτίου"}],"pages":[{"pageid":1418,"ns":0,"title":"8 Μαρτίου","revisions":[{"slots":{"main":{"contentmodel":"wikitext","contentformat":"text/x-wiki","content":"{{χωρίς παραπομπές}}\n\n<center>\n[[Ιανουάριος]] | [[Φεβρουάριος]] | '''[[Μάρτιος]]''' | [[Απρίλιος]] | [[Μάιος]]</center>\n\n<center>\n[[7 Μαρτίου]] | '''8 Μαρτίου''' | [[9 Μαρτίου]] </center>\n\n----\nΗ '''8η Μαρτίου''' είναι η 67η μέρα του έτους κατά το [[Γρηγοριανό ημερολόγιο]]. Υπολείπονται 300 μέρες (301 σε δίσεκτα έτη).\n\n{{ΗμερολόγιοΣεΠίνακα|3}}\n\n== Γεγονότα ==\n*[[1010]] – Ο [[Φερντοσί]] ολοκληρώνει το επικό του ποίημα ''[[Σαχναμέ]]''.\n*[[1126]] – Μετά τον θάνατο της μητέρα του, Ουράκα, ο [[Αλφόνσος Ζ΄ του Λεόν και της Καστίλης|Αλφόνσος Ζ΄]] ανακηρύσσεται βασιλιάς της [[Καστίλλη και Λεόν|Καστίλλης και Λεόν]].\n*[[1702]] – Η [[Άννα της Μεγάλης Βρετανίας|Άννα Στιούαρτ]], αδελφή της [[Μαρία Β΄ της Αγγλίας|Μαρίας Β΄ της Αγγλίας]], γίνεται βασίλισσα της [[Βασίλειο της Αγγλίας|Αγγλίας]], [[Σκωτία]]ς και [[Ιρλανδία]]ς.\n*[[1775]] – Ένας ανώνυμος συγγραφέας, ο οποίος θεωρείται από μερικούς ότι είναι ο [[Τόμας Πέιν]], δημοσιεύει ένα άρθρο με τίτλο ''Η Αφρικανική δουλεία στην Αμερική'', το πρώτο άρθρο στις [[Ηνωμένες Πολιτείες Αμερικής|αμερικανικές]] αποικίες που κάνει έκκληση για την απελευθέρωση των σκλάβων και την κατάργηση της δουλείας.  \n*[[1782]] – Ενενήντα έξι [[Ιθαγενείς πληθυσμοί της Αμερικής|Ινδιάνοι]], οι οποίοι είχαν ασπαστεί το [[Χριστιανισμός|Χριστιανισμό]], σκοτώνονται στο Γκνάντενχουτεν στο [[Οχάιο]] από πολιτοφύλακες της [[Πενσυλβάνια]], ως αντίποινα για επιδρομές που πραγματοποιήθηκαν από άλλους Ινδιάνους.\n*[[1817]] – Ιδρύεται το [[Χρηματιστήριο της Νέας Υόρκης]].\n*[[1822]] – Οι [[κλέφτες]] του [[Όλυμπος|Ολύμπου]] υψώνουν το λάβαρο της [[Ελληνική Επανάσταση του 1821|επανάστασης]] στο μοναστήρι της Αγίας Τριάδος στο [[Λιβάδι Λάρισας]].\n*[[1844]] – Ο [[Όσκαρ Α΄ της Σουηδίας|Όσκαρ Α΄]] ανεβαίνει στο θρόνο της [[Ένωση Σουηδίας–Νορβηγίας|Σουηδίας και της Νορβηγίας]].\n*[[1862]] – [[Αμερικανικός Εμφύλιος Πόλεμος]]: Αρχίζει η ναυμαχία του [[Χάμπτον Ρόουντς]].\n*[[1917]] – Διαδηλώσεις στην [[Αγία Πετρούπολη]] κατά την [[Παγκόσμια ημέρα της γυναίκας]], σηματοδοτούν την έναρξη της [[Επανάσταση του Φεβρουαρίου|Επανάστασης του Φεβρουαρίου]] ([[23 Φεβρουαρίου]] στο [[ιουλιανό ημερολόγιο]]).\n*[[1920]] – Ιδρύεται το [[Αραβικό Βασίλειο της Συρίας]], το πρώτο σύγχρονο [[Άραβες|αραβικό]] κράτος.\n*[[1937]] – [[Ισπανικός εμφύλιος πόλεμος]]: Ξεκινά η μάχη της Γουαδαλαχάρα.\n*[[1942]] – [[Β΄ Παγκόσμιος Πόλεμος]]: Οι αυτοκρατορικές [[Ιαπωνία|ιαπωνικές]] δυνάμεις καταλαμβάνουν τη [[Γιανγκόν]] στη [[Μιανμάρ|Βιρμανία]].\n* [[1957]] – Η [[Αίγυπτος]] ανοίγει εκ νέου τη [[Διώρυγα του Σουέζ]].\n*[[1963]] – Στη [[Συρία]], το [[Κόμμα Μπάαθ]] ανέρχεται στην εξουσία με [[πραξικόπημα]] που πραγματοποιεί μία ομάδα αριστερών αξιωματικών του στρατού. \n* [[1965]] – Κατά τον πόλεμο στο [[Βιετνάμ]], 3.500 στρατιώτες των [[ΗΠΑ]] καταφτάνουν στο Βιετνάμ και γίνονται τα πρώτα αμερικανικά στρατεύματα, που πατούν την ασιατική χώρα.\n*[[1966]] – Βόμβα τοποθετημένη από αγωνιστές του [[IRA|Ιρλανδικού Δημοκρατικού Στρατού]] καταστρέφει τη στήλη του Νέλσωνα στο [[Δουβλίνο]].\n* [[1970]] – Σημειώνεται αποτυχημένη δολοφονική απόπειρα κατά του [[Κύπρος|Κύπριου]] Προέδρου [[Αρχιεπίσκοπος Κύπρου Μακάριος Γ΄|αρχιεπισκόπου Μακαρίου]], καθώς απογειώνεται με ελικόπτερο από το Μέγαρο της Αρχιεπισκοπής για να μεταβεί στη [[Μονή Μαχαιρά]], για το ετήσιο μνημόσυνο του [[Γρηγόρης Αυξεντίου|Γρηγόρη Αυξεντίου]].\n* [[1971]] – Πεθαίνει ο γνωστός Αμερικανός κωμικός του βωβού κινηματογράφου, [[Χάρολντ Λόιντ]].\n*   1971   – Στο Madison Square Garden της [[Νέα Υόρκη|Νέας Υόρκης]] γίνεται ο \"αγώνας του αιώνα\" μεταξύ των [[Μοχάμεντ Άλι]] και του [[Τζο Φρέιζερ]] έναντι αμοιβής 2,5 εκατ. δολαρίων. Στο 15ο γύρο ο Φρέιζερ ρίχνει τον Άλι στο καναβάτσο και ανακηρύσσεται νικητής με ομόφωνη απόφαση, που προσβάλλει ο Άλι στο Ανώτατο Δικαστήριο και ανακηρύσσεται αυτός νικητής.\n* [[1972]] – Πετά για πρώτη φορά το αερόστατο της εταιρίας ελαστικών [[Goodyear]].\n* [[1974]] – Ανοίγει στο [[Παρίσι]] το [[Αεροδρόμιο Παρισιού-Σαρλ-ντε-Γκωλ|αεροδρόμιο Σάρλ Ντε Γκολ]].\n* [[1986]] – Η [[Μαρτίνα Ναβρατίλοβα]] γίνεται η πρώτη τενίστρια που κερδίζει περισσότερα από 10 εκατομμύρια δολάρια σε τουρνουά τένις. Ακόμα κατέχει το ρεκόρ κερδών σε μια χρονιά με 2.173.556 δολάρια το 1984.\n* 1986 – Κάνει πρεμιέρα η \"Μάσκα\" με την [[Σερ]] και τον [[Έρικ Στόλτζ]].\n* [[1988]] – Συγκρούονται στο Φόρτ Κάμπελ του [[Κεντάκι]] δύο ελικόπτερα του [[ΗΠΑ|αμερικανικού]] στρατού. Από τη σύγκρουση 17 στρατιώτες χάνουν τη ζωή τους.\n* [[1989]] – Προφυλακίζεται για το [[σκάνδαλο Κοσκωτά]] ο γενικός διευθυντής των [[ΕΛΤΑ]], [[Παναγιώτης Βουρνάς]].\n* [[1991]] – Η πρεμιέρα του έργου [[New Jack City]], συνοδεύεται από κύματα βίας στις [[ΗΠΑ]] κατά τα οποία σκοτώνεται ένα άτομο στη [[Νέα Υόρκη]]. Πολλοί κατηγόρησαν ότι, η βία προκλήθηκε από τις εξαιρετικά βίαιες σκηνές της ταινίας, στην οποία πρωταγωνιστούσαν ο ράπερ [[Ice Tea|Άις Τι]] και ο [[Γουέσλεϊ Σνάιπς]].\n* 1991 – Ο πρώην αρχηγός των Ενόπλων Δυνάμεων της [[Ουρουγουάη]]ς παραδέχεται ότι οι στρατιώτες βασάνιζαν τους κρατούμενους στη διάρκεια της δικτατορίας, από το 1973 έως το 1985.\n* 1991 – Ο τερματοφύλακας της [[Ατλέτικο Μαδρίτης]] [[Αμπέλ Ρεσίνο]] κάνει νέο παγκόσμιο ρεκόρ όταν δεν δέχεται γκολ για 1.274 λεπτά.\n* [[1992]] – Στην [[Ταϊλάνδη]], 119 είναι οι νεκροί όταν το πλοίο, που τους μεταφέρει στο νησάκι Σι Τσανγκ για να παρακολουθήσουν μια [[βουδισμός|βουδιστική]] γιορτή, συγκρούεται με πετρελαιοφόρο.\n* [[1993]] – Ο γ.γ. του [[ΟΗΕ]] καταγγέλλει τη σεξουαλική βία κατά των γυναικών, με αφορμή την [[παγκόσμια ημέρα της γυναίκας]].\n* 1993 – Στο [[Αφγανιστάν]], ο ηγέτης των σκληροπυρηνικών ανταρτών [[Γκουλμπουντίν Χεκματυάρ]] αποδέχεται επισήμως το αξίωμα του πρωθυπουργού.\n* [[1994]] – Είναι η πρώτη φορά που δύο συμπαίκτες, ο [[Πιτ Μάιερς]] και ο [[Σκότι Πίπεν]] των [[Σικάγο Μπουλς]], σημειώνουν 4ποντα (τρίποντο που συνοδεύεται από εύστοχο σουτ από φάουλ) στον ίδιο αγώνα, στη νίκη των ''ταύρων'' επί των [[Ατλάντα Χοκς]] με 116–95.\n* [[1995]] – Ελλάδα: Νέος [[Πρόεδρος της Δημοκρατίας]] εκλέγεται ο [[Κωστής Στεφανόπουλος]], στην τρίτη ψηφοφορία, που διεξάγεται στη Βουλή.\n* [[1997]] – Σε μια ταπεινωτική ήττα για τον Πρόεδρο της [[Αλβανία]]ς [[Σαλί Μπερίσα]], επαναστάτες κυριεύουν το [[Αργυρόκαστρο]], τελευταίο κυβερνητικό οχυρό στο Νότο.\n* 1997 – Στα [[Φίτζι|νησιά Φίτζι]], πέντε άνθρωποι σκοτώνονται και 1.300 μένουν άστεγοι εξαιτίας του κυκλώνα Γκάβιν.\n* [[1999]] – Για τη βομβιστική επίθεση κατά της Οκλαχόμα, το Ανώτατο Δικαστήριο των ΗΠΑ επιδοκιμάζει την καταδίκη του [[Τίμοθι Μακ Βέιχ]].\n* [[1999]] – [[Ουγγαρία]], [[Πολωνία]] και [[Τσεχία]] εντάσσονται στο [[ΝΑΤΟ]] ανεβάζοντας σε 19 τα κράτη – μέλη του.\n* [[2002]] – Λιγοστεύουν οι όποιες ελπίδες για εκτόνωση της έντασης στη [[Μέση Ανατολή]], αφού συνεχίζονται οι βομβαρδισμοί, οι επιδρομές και οι σφοδρές συγκρούσεις, που έχουν ως αποτέλεσμα να σκοτωθούν περίπου 70 άνθρωποι. Περισσότεροι από 400 [[Κράτος της Παλαιστίνης|Παλαιστίνιοι]] συλλαμβάνονται από τον ισραηλινό στρατό. Ο γ.γ του [[ΟΗΕ]] απευθύνει δημόσια έκκληση προς Παλαιστινίους και [[Ισραήλ|Ισραηλινούς]] να θέσουν τέρμα στη βία και να ξανακαθίσουν στο τραπέζι των διαπραγματεύσεων. Ιστορικό είναι το ψήφισμα του Συμβουλίου Ασφαλείας του ΟΗΕ, που κάνει λόγο για ανεξάρτητο παλαιστινιακό κράτος.\n\n== Γεννήσεις ==\n*[[1286]] – [[Ιωάννης Γ΄ της Βρετάνης|Ιωάννης Γ΄]], δούκας της Βρετάνης\n*[[1566]] – [[Κάρλο Τζεζουάλντο]], Ιταλός συνθέτης\n*[[1575]] – [[Γιάκομπ Μπέμε]], Γερμανός μυστικιστής\n*[[1822]] – [[Ιγκνάσι Λουκασιέβιτς]], Πολωνός εφευρέτης\n*[[1823]] – [[Γκιούλα Αντράσυ]], Ούγγρος πολιτικός\n*[[1849]] – [[Γεώργιος Βιζυηνός]], Έλληνας συγγραφέας\n*[[1863]] – [[Γεώργιος Χρηστάκης - Ζωγράφος]], Έλληνας πολιτικός\n*[[1877]] – [[Σάτριγιος Ραγκάνα]], Λιθουανή συγγραφέας\n*[[1879]] – [[Ότο Χαν]], Γερμανός χημικός\n*[[1881]] – [[Γαλάτεια Καζαντζάκη]], Ελληνίδα συγγραφέας\n*[[1904]] – [[Νίκος Σκαλκώτας]], Έλληνας συνθέτης\n*[[1907]] – [[Κωνσταντίνος Καραμανλής]], Έλληνας πολιτικός\n*[[1922]] – [[Ραλφ Μπάερ]], Γερμανός εφευρέτης\n*[[1923]] – [[Σταύρος Ξενίδης]], Έλληνας ηθοποιός\n*[[1929]] – [[Ήβη Καμάργο]], Βραζιλιάνα ηθοποιός και τραγουδίστρια\n*[[1937]] – [[Ζουβενάλ Χαμπιαριμάνα]], πρόεδρος της Ρουάντα\n*[[1939]] – [[Αλεξάντερ Μέξι]], Αλβανός πολιτικός\n*[[1942]] – [[Αν Πάκερ]], Αγγλίδα αθλήτρια\n*[[1943]] – [[Διονύσης Σιμόπουλος]], Έλληνας φυσικός και αστρονόμος\n*[[1946]] – [[Γιάννης Πάριος]], Έλληνας τραγουδιστής\n*[[1948]] – [[Πόπη Αστεριάδη]], Ελληνίδα τραγουδίστρια\n*[[1949]] – [[Τεόφιλο Κουμπίγιας]], Περουβιανός ποδοσφαιριστής\n*[[1950]] – [[Δημήτρης Σπεντζόπουλος]], Έλληνας ποδοσφαιριστής\n*[[1953]] – [[Άγγελος Αναστασιάδης]], Έλληνας ποδοσφαιριστής και προπονητής\n*[[1957]] – [[Κλάιβ Μπαρ]], Άγγλος ντράμερ ([[Iron Maiden]])\n*[[1958]] – [[Γκάρι Νούμαν]], Άγγλος τραγουδιστής\n*[[1960]] – [[Τζέφρι Ευγενίδης]], Αμερικανός συγγραφέας\n*[[1963]] – [[Χουάν Χιλμπέρτο Φούνες]], Αργεντινός ποδοσφαιριστής\n*[[1968]] – [[Μπάμπης Στόκας]], Έλληνας τραγουδιστής\n*[[1970]] – [[Αρτούρ Μικαελιάν]], Αρμένιος πυγμάχος\n*[[1970]] – [[Βαλέριου Στρέλετς]], Μολδαβός πολιτικός\n*[[1972]] – [[Γιώργος Χ. Γεωργιάδης]], Έλληνας ποδοσφαιριστής\n*[[1975]] – [[Πέγκυ Ζήνα]], Ελληνίδα τραγουδίστρια\n*[[1975]]  - [[Πέτρος Λαγούτης]], Έλληνας ηθοποιός\n*[[1981]] – [[Μάικλ Μπόσαμπ]], Αυστραλός ποδοσφαιριστής\n*[[1982]] – [[Λεωνίδας Καμπάνταης]], Έλληνας ποδοσφαιριστής\n*[[1984]] – [[Ραφίκ Τζεμπούρ]], Αλγερινός ποδοσφαιριστής\n*[[1990]] – [[Πέτρα Κβίτοβα]], Τσέχα αντισφαιρίστρια\n\n== Θάνατοι ==\n*[[415]] – [[Υπατία]], Ελληνίδα φιλόσοφος\n*[[925]] – [[Μπέρτα, κόρη του Λοθαρίου Β΄|Μπέρτα]], κόμισσα της Αρλ\n*[[1137]] – [[Αδέλα της Νορμανδίας, κόμισσα του Μπλουά]]\n*[[1144]] – [[Πάπας Κελεστίνος Β΄]]\n*[[1279]] – [[Αδελαΐδα, κόμισσα της Βουργουνδίας]]\n*[[1403]] – [[Βαγιαζήτ Α΄]], Οθωμανός σουλτάνος\n*[[1418]] – [[Κάρολος Ζένος]], Βενετός ναύαρχος\n*[[1466]] – [[Φραγκίσκος Α΄ Σφόρτσα]], δούκας του Μιλάνου\n*[[1723]] – [[Κρίστοφερ Ρεν]], Άγγλος αρχιτέκτονας, αστρονόμος και μαθηματικός\n*[[1844]] – [[Κάρολος ΙΔ΄ Ιωάννης της Σουηδίας|Κάρολος ΙΔ΄ Ιωάννης]], βασιλιάς της Σουηδίας\n*[[1869]] – [[Εκτόρ Μπερλιόζ]], Γάλλος συνθέτης\n*[[1874]] – [[Μίλαρντ Φίλμορ]], 13ος πρόεδρος των Η.Π.Α.\n*[[1899]] – [[Αναστάσιος Ζίννης]], Έλληνας παιδίατρος και πανεπιστημιακός\n*[[1905]] – [[Άνθιμος Γιοβανόπουλος]], Έλληνας αρχιμανδρίτης\n*[[1907]] – [[Μαρίνος Αντύπας]], Έλληνας αγωνιστής\n*[[1917]] – [[Φερδινάνδος φον Ζέπελιν]], Γερμανός στρατιωτικός\n*[[1922]] – [[Ελίζαμπεθ Χόουπ]], Βρετανίδα ευαγγελίστρια\n*[[1923]] – [[Γιοχάννες φαν Ντερ Βάαλς]], Ολλανδός φυσικός\n*[[1930]] – [[Ουίλιαμ Χάουαρντ Ταφτ]], 27ος πρόεδρος των Η.Π.Α.\n*[[1933]] – [[Κυριακούλης Βαρδουλάκης]], Έλληνας στρατιωτικός και πολιτικός\n*[[1935]] – [[Χάτσικο]], Ιάπωνας σκύλος\n*[[1936]] – [[Ζαν Πατού]], Γάλλος σχεδιαστής μόδας\n*[[1941]] – [[Σέργουντ Άντερσον]], Αμερικανός συγγραφέας\n*[[1942]] – [[Χοσέ Ραούλ Καπαμπλάνκα]], Κουβανός σκακιστής\n*[[1950]] – [[Πέτρος Κανελλόπουλος]], Έλληνας πολιτικός\n*[[1961]] – [[Τόμας Μπίτσαμ]], Άγγλος διευθυντής ορχήστρας\n*[[1964]] – [[Πραξιτέλης Μουτζουρίδης]], Έλληνας πολιτικός\n*[[1968]] – [[Εμμανουήλ Μάντακας]], Έλληνας στρατιωτικός\n*[[1970]] – [[Μιχαήλ Χλουβεράκης]], Έλληνας γιατρός και πολιτικός\n*[[1975]] – [[Τζορτζ Στίβενς]], Αμερικανός σκηνοθέτης\n*[[1983]] – [[Άρης Δικταίος]], Έλληνας συγγραφέας\n*[[1986]] – [[Δημήτριος Παπαδημητρίου (βουλευτής Αργολίδας)|Δημήτριος Παπαδημητρίου]], Έλληνας πολιτικός\n*[[1990]] – [[Δημήτριος Σειραδάκης]], Έλληνας στρατιωτικός\n*[[1997]] – [[Λευτέρης Μίλος]], Αλβανός ποδοσφαιριστής\n*[[1997]] – [[Ζήσης Σκάρος]], Έλληνας συγγραφέας\n*[[1999]] – [[Άλκης Στέας]], Έλληνας παρουσιαστής\n*[[2002]] – [[Ζιστέν Αχομαντεγκμπέ-Τομετέν]], πρωθυπουργός της Δαχομέης\n*[[2007]] – [[Βίκυ Βανίτα]], Ελληνίδα ηθοποιός\n*[[2016]] – [[Τζορτζ Μάρτιν]], Άγγλος παραγωγός\n\n== Αργίες, επέτειοι και εορτές ==\n\n* [[Παγκόσμια ημέρα της γυναίκας]]\n\n=== [[Ορθόδοξη Εκκλησία]] ===\n{{Πύλη:Ορθοδοξία/Εορτολόγιο/8 Μαρτίου}}\n\n{{Μήνες}}\n\n[[Κατηγορία:Ημέρες του έτους]]"}}}]}]}}