{"batchcomplete":true,"query":{"normalized":[{"fromencoded":false,"from":"8_Φεβρουαρίου","to":"8 Φεβρουαρίου"}],"pages":[{"pageid":1216,"ns":0,"title":"8 Φεβρουαρίου","revisions":[{"slots":{"main":{"contentmodel":"wikitext","contentformat":"text/x-wiki","content":"{{χωρίς παραπομπές}}\n\n{{Μήνες Φεβρουαρίου}}\n\n<center>[[7 Φεβρουαρίου]] | '''8 Φεβρουαρίου''' | [[9 Φεβρουαρίου]]</center>\n\n----\nΗ '''8η Φεβρουαρίου''' είναι η 39η ημέρα του έτους κατά το [[Γρηγοριανό ημερολόγιο]]. Υπολείπονται 326 ημέρες (327 σε δίσεκτα έτη).\n\n{{ΗμερολόγιοΣεΠίνακα|2}}\n\n== Γεγονότα ==\n{{Commonscat|8 February}}\n*[[421]] - Ο [[Κωνστάντιος Γ΄]] γίνεται συναυτοκράτορας της [[Δυτική Ρωμαϊκή Αυτοκρατορία|Δυτικής Ρωμαϊκής Αυτοκρατορίας]].\n*[[1238]] - Οι [[Αυτοκρατορία των Μογγόλων|Μογγόλοι]] καταλαμβάνουν τη [[Ρωσία|ρωσική]] πόλη [[Βλαντίμιρ]].\n*[[1250]] - [[Ζ΄ Σταυροφορία]]: Οι σταυροφόροι εμπλέκονται σε μάχη με τους [[Αγιουβίδες]] στη [[Μανσούρα (Αίγυπτος)]].\n*[[1347]] - Τερματίζεται ο [[Βυζαντινός εμφύλιος πόλεμος 1341-47]] με τη συμφωνία καταμερισμού της εξουσίας μεταξύ του [[Ιωάννης ΣΤ´ Καντακουζηνός|Ιωάννη ΣΤ΄ Καντακουζηνού]] και του [[Ιωάννης Ε΄ Παλαιολόγος|Ιωάννη Ε΄ Παλαιολόγου]].\n*[[1575]] - Ιδρύεται το [[Πανεπιστήμιο του Λέιντεν]].\n*[[1587]] - Η [[Μαρία Α΄ της Σκωτίας]] εκτελείται με την κατηγορία ότι συμμετείχε στη συνωμοσία του Μπάμπιγκτον με σκοπό τη δολοφονία της ξαδέλφης της, βασίλισσας [[Ελισάβετ Α΄ της Αγγλίας]].\n*[[1807]] - Μετά από δύο ημέρες σκληρής μάχης, ο [[Ναπολέων Α΄ της Γαλλίας]] νικά τους [[Ρωσία|Ρώσους]] υπό τον Μπένιγκσεν και τους [[Πρωσία|Πρώσους]] υπό τον Λ'Εστόκ στη [[μάχη του Άιλαου]]. \n*[[1833]] - Με βασιλικό διάταγμα του [[Όθων της Ελλάδας|Όθωνα]], αντικαθίσταται ο [[Φοίνιξ (νόμισμα)|φοίνικας]] με τη [[δραχμή]].\n*[[1863]] - Στρατιωτικό κίνημα στην [[Αθήνα]] ([[Φεβρουαριανά]]).\n*[[1865]] - Το [[Ντέλαγουερ]] αρνείται να επικυρώσει τη 13η τροπολογία του Συντάγματος των Η.Π.Α. Η δουλεία τέθηκε εκτός νόμου στις [[Ηνωμένες Πολιτείες Αμερικής]], συμπεριλαμβανομένου του Ντέλαγουερ, όταν η τροποποίηση επικυρώθηκε από τον απαιτούμενο αριθμό πολιτειών στις [[6 Δεκεμβρίου]] του 1865. Το Ντέλαγουερ επικύρωσε τη 13η τροπολογία στις [[12 Φεβρουαρίου]] του [[1901]], στην 92η επέτειο από τη γέννηση του [[Αβραάμ Λίνκολν]]. \n*[[1879]] - Ο [[Σάντφορντ Φλέµινγκ]] προτείνει για πρώτη φορά την υιοθέτηση [[Παγκόσμια ώρα|παγκόσμιας ώρας]] σε μία συνάντηση του Βασιλικού Καναδικού Ινστιτούτου.\n*[[1885]] - Οι πρώτοι εγκεκριμένοι από την κυβέρνηση [[Ιαπωνία|Ιάπωνες]] μετανάστες φτάνουν στη [[Χαβάη]].\n*[[1904]] - Ναυμαχία του [[Πορτ Άρθουρ]]: Οι [[Ιαπωνία|Ιάπωνες]] πραγματοποιούν ξαφνική επίθεση με [[Τορπίλη|τορπίλες]] στο Πορτ Άρθουρ της [[Λαϊκή Δημοκρατία της Κίνας|Κίνας]]. Αρχίζει ο [[Ρωσοϊαπωνικός Πόλεμος]].   \n*[[1912]] - Ο [[Έλληνες|Έλληνας]] αεροπόρος [[Εμμανουήλ Αργυρόπουλος]] εκτελεί με ένα [[αεροσκάφος]] Nieuport IV.G την πρώτη πτήση στην [[Ελλάδα]]. Στη δεύτερη πτήση, που εκτελεί ο Αργυρόπουλος την ίδια μέρα, έχει συνεπιβάτη τον πρωθυπουργό [[Ελευθέριος Βενιζέλος|Ελευθέριο Βενιζέλο]].\n*[[1915]] - Κάνει πρεμιέρα στο [[Λος Άντζελες]] η αμφιλεγόμενη ταινία του Ντέιβιντ Ουόρκ Γκρίφιθ ''[[Η Γέννηση ενός Έθνους]]''. \n*[[1924]] - Πραγματοποιείται στη [[Νεβάδα]] η πρώτη [[Θανατική ποινή|εκτέλεση]] σε [[Θάλαμος αερίων|θάλαμο αερίων]] στις [[Ηνωμένες Πολιτείες Αμερικής]].\n*[[1942]] - [[Β΄ Παγκόσμιος Πόλεμος]]: Η [[Ιαπωνία]] εισβάλλει στη [[Σιγκαπούρη]].\n*[[1950]] - Ιδρύεται η [[Στάζι]], η μυστική αστυνομία της [[Λαοκρατική Δημοκρατία της Γερμανίας|Ανατολικής Γερμανίας]].\n*[[1962]] - Εννέα άτομα σκοτώνονται στο [[Παρίσι]], κατά τη διάρκεια [[Σφαγή στο Παρίσι (1961)|συγκρούσεων]] με τη [[Γαλλία|γαλλική]] αστυνομία.\n*[[1963]] - Η κυβέρνηση του [[Τζον Φιτζέραλντ Κένεντι]] καθιστά παράνομα τα ταξίδια και τις οικονομικές και εμπορικές συναλλαγές των [[Ηνωμένες Πολιτείες Αμερικής|Αμερικανών]] πολιτών στην [[Κούβα]]. \n*[[1963]] - Το καθεστώς του πρωθυπουργού του [[Ιράκ]], Κασέμ, ανατρέπεται από το κόμμα Μπάαθ.\n*[[1965]] - Η πτήση 663 της Eastern Air Lines καταλήγει στον [[Ατλαντικός Ωκεανός|Ατλαντικό Ωκεανό]] και εκρήγνυται, σκοτώνοντας όλους τους επιβαίνοντες.\n*[[1981]] - [[Τραγωδία της Θύρας 7]]: 19 οπαδοί του [[Ολυμπιακός Σ.Φ.Π. (ποδόσφαιρο)|Ολυμπιακού]] ποδοπατούνται μέχρι θανάτου στο [[στάδιο Γεώργιος Καραϊσκάκης]], μετά τον [[Ποδόσφαιρο|ποδοσφαιρικό]] αγώνα μεταξύ του Ολυμπιακού και της [[Α.Ε.Κ. (ποδόσφαιρο)|Α.Ε.Κ.]]. Δύο ακόμη πεθαίνουν μετά από ολιγοήμερη νοσηλεία σε νοσοκομείο, ανεβάζοντας το συνολικό αριθμό των νεκρών σε 21.\n*[[1989]] - Η πτήση 1851 της Independent Air συντρίβεται σε βουνό ενώ προσεγγίζει τη [[Σάντα Μαρία (Αζόρες)]], σκοτώνοντας και τους 144 επιβαίνοντες.\n*[[1993]] - Η [[General Motors]] μηνύει το [[NBC]] μετά την προβολή της εκπομπής ''Dateline NBC'', η οποία φέρεται να έστησε δύο συγκρούσεις που αποσκοπούσαν στο να αποδείξουν ότι μερικά ημιφορτηγά της GM μπορούν να αρπάξουν εύκολα φωτιά αν χτυπήσουν σε συγκεκριμένα σημεία. Το NBC διευθετεί την αγωγή την επόμενη μέρα. \n\n== Γεννήσεις ==\n*[[412]] - [[Πρόκλος]], Έλληνας φιλόσοφος\n*[[1191]] - [[Γιαροσλάβ Β΄ του Βλαντίμιρ|Γιαροσλάβ Β΄]], πρίγκιπας του Βλαντίμιρ\n*[[1291]] - [[Αλφόνσος Δ΄ της Πορτογαλίας|Αλφόνσος Δ΄]], βασιλιάς της Πορτογαλίας\n*[[1293]] - [[Κλημεντία του Ανζού]], βασίλισσα της Γαλλίας και της Ναβάρρας\n*[[1405]] - [[Κωνσταντίνος ΙΑ΄ Παλαιολόγος]], Βυζαντινός αυτοκράτορας\n*[[1630]] - [[Πιερ-Ντανιέλ Υέ]], Γάλλος επίσκοπος και λόγιος\n*[[1634]] - [[Θεοδόσιος της Μπραγκάνσα]], πρίγκιπας της Βραζιλίας\n*[[1688]] - [[Εμάνουελ Σβέντενμποργκ]], Σουηδός επιστήμονας, φιλόσοφος και θεολόγος\n*[[1700]] - [[Ντάνιελ Μπερνούλι]], Ελβετός μαθηματικός\n*[[1805]] - [[Ωγκύστ Μπλανκί]], Γάλλος ακτιβιστής\n*[[1819]] - [[Τζον Ράσκιν]], Άγγλος συγγραφέας\n*[[1825]] - [[Ανρί Ζιφάρ]], Γάλλος εφευρέτης\n*[[1828]] - [[Ιούλιος Βερν]], Γάλλος συγγραφέας\n*[[1830]] - [[Αμπντούλ Αζίζ]], Οθωμανός σουλτάνος\n*[[1834]] - [[Ντμίτρι Μεντελέγιεφ]], Ρώσος χημικός\n*[[1868]] - [[Γεώργιος Σαμαρτζής]], Έλληνας ζωγράφος\n*[[1878]] - [[Μάρτιν Μπούμπερ]], Αυστριακός φιλόσοφος\n*[[1879]] - [[Ζωρζ Ταϊλαντιέ]], Γάλλος ποδηλάτης\n*[[1880]] - [[Μαλίκ Μπουσάτι]], Αλβανός πολιτικός\n*[[1880]] - [[Φραντς Μαρκ]], Γερμανός ζωγράφος\n*[[1883]] - [[Γιόζεφ Σουμπέτερ]], Αυστριακός οικονομολόγος\n*[[1888]] - [[Τζουζέπε Ουνγκαρέτι]], Ιταλός ποιητής\n*[[1897]] - [[Ρούντολφ Ντράικωρς]], Αυστριακός ψυχοφυσιολόγος Αμερικανικής καταγωγής\n*[[1913]] - [[Αλέξανδρος Δεσποτόπουλος]], Έλληνας ιστορικός\n*[[1913]] - [[Κωνσταντίνος Δεσποτόπουλος]], Έλληνας ακαδημαϊκός\n*[[1913]] - [[Δανάη Στρατηγοπούλου]], Ελληνίδα τραγουδίστρια\n*[[1913]] - [[Μπέτι Φιλντ]], Αμερικανίδα ηθοποιός\n*[[1918]] - [[Φρέντι Μπλάσι]], Αμερικανός παλαιστής\n*[[1925]] - [[Τζακ Λέμον]], Αμερικανός ηθοποιός και σκηνοθέτης\n*[[1926]] - [[Νιλ Κάσαντι]], Αμερικανός συγγραφέας\n*[[1931]] - [[Τζέιμς Ντιν]], Αμερικανός ηθοποιός\n*[[1932]] - [[Τζον Γουίλιαμς]], Αμερικανός συνθέτης\n*[[1933]] - [[Ιωσήφ Άρπαντ, αρχιδούκας της Αυστρίας]]\n*[[1936]] - [[Κλωντ Νομπς]], Ελβετός επιχειρηματίας\n*[[1941]] - [[Δούκισσα (τραγουδίστρια)|Δούκισσα]], Ελληνίδα τραγουδίστρια\n*[[1956]] - [[Κώστας Τριανταφυλλόπουλος]], Έλληνας ηθοποιός\n*[[1958]] - [[Σέρι Μάρτελ]], Αμερικανίδα παλαιστής\n*[[1959]] - [[Μαουρίσιο Μάκρι]], Αργεντινός πρόεδρος\n*[[1960]] - [[Μπενίνιο Ακίνο ο Τρίτος]], Φιλιππινέζος πολιτικός\n*[[1960]] - [[Άλφρεντ Γκουζενμπάουερ]], Αυστριακός πολιτικός\n*[[1962]] - [[Γιάννης Τσιντσάρης]], Έλληνας αρσιβαρίστας\n*[[1966]] - [[Χρίστο Στόιτσκοφ]], Βούλγαρος ποδοσφαιριστής\n*[[1972]] - [[Μπιγκ Σόου]], Αμερικανός παλαιστής\n*[[1977]] - [[Μπρίτζετ Κερκόβι]], Αμερικανίδα πορνογραφική ηθοποιός\n*[[1982]] - [[Κλέλια Ρένεση]], Ελληνίδα ηθοποιός\n*[[1983]] - [[Τζένη Θεωνά]], Ελληνίδα ηθοποιός\n*[[1984]] - [[Παναγιώτης Βασιλόπουλος]], Έλληνας καλαθοσφαιριστής\n*[[1987]] - [[Καρολίνα Κόστνερ]], Ιταλίδα αθλήτρια του καλλιτεχνικού πατινάζ\n*[[1990]] - [[Κλέι Τόμσον]], Αμερικανός καλαθοσφαιριστής\n*[[1991]] - [[Αριστείδης Σοϊλέδης|Άρης Σοϊλέδης]], Έλληνας ποδοσφαιριστής\n\n== Θάνατοι ==\n*[[1204]] - [[Αλέξιος Δ΄ Άγγελος]], Βυζαντινός αυτοκράτορας\n*[[1204]] - [[Ισαάκιος Β΄ Άγγελος]], Βυζαντινός αυτοκράτορας\n*[[1250]] - [[Ροβέρτος Α΄ του Αρτουά]], Γάλλος πρίγκιπας\n*[[1296]] - [[Πσέμισλ Β΄]], βασιλιάς της Πολωνίας\n*[[1314]] - [[Έλενα των Ανζού]], βασίλισσα της Σερβίας\n*[[1553]] - [[Ιωάννης Ερνέστος της Σαξονίας-Κόμπουργκ|Ιωάννης Ερνέστος]], δούκας της Σαξονίας-Κόμπουργκ\n*[[1587]] - [[Μαρία Α΄ της Σκωτίας|Μαρία Α΄]], βασίλισσα της Σκωτίας\n*[[1640]] - [[Μουράτ Δ΄]], Οθωμανός σουλτάνος\n*[[1676]] - [[Αλέξιος της Ρωσίας|Αλέξιος]], τσάρος της Ρωσίας\n*[[1696]] - [[Ιβάν Ε΄ της Ρωσίας|Ιβάν Ε΄]], τσάρος της Ρωσίας\n*[[1709]] - [[Τζουζέπε Τορέλλι]], Ιταλός συνθέτης\n*[[1725]] - [[Πέτρος Α΄ της Ρωσίας (ο Μέγας)|Πέτρος Α΄]], τσάρος της Ρωσίας\n*[[1902]] - [[Σεργκέι Ιβανόβιτς Μοσίν]], Ρώσος μηχανικός και σχεδιαστής όπλων\n*[[1917]] - [[Φρειδερίκος Κ. Καρρέρ]], Έλληνας συγγραφέας και πολιτικός\n*[[1921]] - [[Πιοτρ Κροπότκιν]], Ρώσος αναρχικός\n*[[1937]] - [[Ευθύμιος Βλάμης]], Έλληνας πολιτικός\n*[[1938]] - [[Πρίγκιπας Νικόλαος της Ελλάδας]]\n*[[1942]] - [[Φριτς Τοτ]], Γερμανός μηχανικός\n*[[1957]] - [[Βάλτερ Μπότε]], Γερμανός φυσικός\n*[[1957]] - [[Τζον φον Νόιμαν]], Ούγγρος μαθηματικός και φυσικός\n*[[1960]] - [[Τζάιλς Γκίλμπερτ Σκοτ]], Άγγλος αρχιτέκτονας\n*[[1972]] - [[Μάρκος Βαμβακάρης]], Έλληνας τραγουδοποιός\n*[[1980]] - [[Νίκος Ξυλούρης]], Έλληνας τραγουδιστής\n*[[1980]] - [[Μιχαήλ Σκουλάς]], Έλληνας πολιτικός\n*[[1983]] - [[Αντώνιος Τζίζης]], Έλληνας πολιτικός\n*[[1985]] - [[Γεώργιος Καραγκιόζης]], Έλληνας πολιτικός\n*[[1994]] - [[Στέργιος Σπανάκης]], Έλληνας συγγραφέας\n*[[1998]] - [[Χαλντόρ Λάξνες]], Ισλανδός συγγραφέας\n*[[1998]] - [[Ίνοχ Πάουελ]], Βρετανός πολιτικός\n*[[2000]] - [[Εμμανουήλ Κοθρής]], Έλληνας πολιτικός\n*[[2001]] - [[Γιώργος Ζουράρις]], Έλληνας αντιστασιακός και γιατρός\n*[[2002]] - [[Τώνης Γεωργίου]], Έλληνας πιανίστας\n*[[2002]] - [[Γιάννης Παθιακάκης]], Έλληνας ποδοσφαιριστής και προπονητής\n*[[2003]] - [[Άγγελος Σ. Βλάχος]], Έλληνας διπλωμάτης και συγγραφέας\n*[[2007]] - [[Άννα Νικόλ Σμιθ]], Αμερικανίδα ηθοποιός και μοντέλο\n*[[2008]] - [[Φίλις Γουίτνεϊ]], Αμερικανίδα συγγραφέας\n*[[2018]] - [[Γέροντας Νεκτάριος Βιτάλης]], Έλληνας μοναχός\n\n== Αργίες και εορτές ==\n=== Κόσμος ===\n* {{SVN}} - Ημέρα του ποιητή France Prešeren - Ημέρα Σλοβενικού Πολιτισμού\n\n=== [[Ορθόδοξη Εκκλησία]] ===\n{{Πύλη:Ορθοδοξία/Εορτολόγιο/8 Φεβρουαρίου}}\n\n{{Μήνες}}\n\n[[Κατηγορία:Ημέρες του έτους]]"}}}]}]}}