{"batchcomplete":true,"query":{"normalized":[{"fromencoded":false,"from":"8_Μαΐου","to":"8 Μαΐου"}],"pages":[{"pageid":1759,"ns":0,"title":"8 Μαΐου","revisions":[{"slots":{"main":{"contentmodel":"wikitext","contentformat":"text/x-wiki","content":"{{χωρίς παραπομπές}}\n\n{{Μήνες Μαΐου}}\n\n<center>[[7 Μαΐου]] | '''8 Μαΐου''' | [[9 Μαΐου]]</center>\n\n----\nΗ '''8η Μαΐου''' είναι η 128η ημέρα του έτους κατά το [[Γρηγοριανό ημερολόγιο]] (129η σε δίσεκτα έτη).  Υπολείπονται 237 ημέρες.\n{{ΗμερολόγιοΣεΠίνακα|5}}\n\n== Γεγονότα ==\n*[[413]] - Ο αυτοκράτορας [[Φλάβιος Ονώριος]] υπογράφει διάταγμα που παρέχει φορολογικές ελαφρύνσεις στις [[Ιταλία|ιταλικές]] επαρχίες [[Βιτέρμπο (επαρχία)|Βιτέρμπο]], [[Καμπανία (Ιταλία)|Καμπανία]], [[Πικηνόν]], [[Απουλία]], [[Λευκανία]] και [[Καλαβρία]], οι οποίες λεηλατήθηκαν από τους [[Βησιγότθοι|Βησιγότθους]].\n*[[1429]] - Η [[Ιωάννα της Λωραίνης]] κάνει τους [[Αγγλία|Άγγλους]] να άρουν την [[πολιορκία της Ορλεάνης]], αλλάζοντας τη ροή του [[Εκατονταετής Πόλεμος|Εκατονταετούς Πολέμου]]. \n*[[1794]] - Κατηγορούμενος ως προδότης από τους [[Γαλλική Επανάσταση|επαναστάτες]] κατά τη διάρκεια της Βασιλείας του Τρόμου, ο [[Γαλλία|Γάλλος]] χημικός [[Αντουάν Λωράν Λαβουαζιέ]], ο οποίος ήταν επίσης φοροεισπράκτορας, δικάζεται, καταδικάζεται και [[Γκιλοτίνα|αποκεφαλίζεται]] την ίδια μέρα στο [[Παρίσι]].\n*[[1821]] - [[Ελληνική Επανάσταση του 1821]]: Οι [[Έλληνες]] νικούν τους [[Οθωμανική Αυτοκρατορία|Οθωμανούς]] στο [[Μάχη στο Χάνι της Γραβιάς|Χάνι της Γραβιάς]].\n*[[1842]] - Ένα τρένο εκτροχιάζεται και αρπάζει φωτιά κοντά στο [[Παρίσι]], σκοτώνοντας 55 άτομα.\n*[[1846]] - [[Αμερικανικό-Μεξικανικός πόλεμος]]: Ο [[Ζαχαρίας Τέιλορ]] νικά μία [[Μεξικό|μεξικανική]] δύναμη βόρεια του [[Ρίο Γκράντε]] στην πρώτη μεγάλη μάχη του πολέμου.\n*[[1886]] - Ο φαρμακοποιός [[Τζον Στιθ Πέμπερτον]] πωλεί πρώτος ένα ανθρακούχο ποτό με το όνομα \"[[Coca-Cola]]\" ως [[γιατροσόφι]]. \n*[[1898]] - Διεξάγονται οι πρώτοι αγώνες του [[Ιταλία|ιταλικού]] πρωταθλήματος [[Ποδόσφαιρο|ποδοσφαίρου]].\n*[[1902]] - Εκρήγνυται το [[όρος Πελέ]] στη [[Μαρτινίκα]], καταστρέφοντας την πόλη [[Σαιν-Πιερ (Μαρτινίκα)|Σαιν-Πιερ]] και σκοτώνοντας πάνω από 30.000 ανθρώπους. Ελάχιστοι άνθρωποι επιβίωσαν από την έκρηξη.\n*[[1912]] - Ιδρύεται η [[Paramount Pictures]].\n*[[1942]] - [[Β΄ Παγκόσμιος Πόλεμος]]: Τερματίζεται η [[ναυμαχία της Θάλασσας των Κοραλλίων]] με την αεροπορική επίθεση από [[Αεροπλανοφόρο]] του αυτοκρατορικού [[Ιαπωνία|ιαπωνικού]] ναυτικού και τη βύθιση του αεροπλανοφόρου ''Lexington'' του [[Πολεμικό Ναυτικό των ΗΠΑ|Πολεμικού Ναυτικού των Η.Π.Α.]] Η ναυμαχία σηματοδοτεί την πρώτη φορά στη ναυτική ιστορία που δύο εχθρικοί στόλοι μάχονται χωρίς οπτική επαφή μεταξύ των πολεμικών πλοίων. \n*[[1942]] - [[Β΄ Παγκόσμιος Πόλεμος]]: Οπλίτες της φρουράς πυροβολικού της [[Κεϋλάνη]]ς εξεγείρονται στα [[νησιά Κόκος]]. Η ανταρσία τους συνθλίβεται και τρεις από αυτούς εκτελούνται. Πρόκειται για τους μοναδικούς στρατιώτες της [[Κοινοπολιτεία των Εθνών|Βρετανικής Κοινοπολιτείας]] που εκτελέστηκαν για ανταρσία κατά τη διάρκεια του Β΄ Παγκοσμίου Πολέμου.\n*[[1972]] - [[Πόλεμος του Βιετνάμ]]: Ο [[Ηνωμένες Πολιτείες Αμερικής|Αμερικανός]] πρόεδρος [[Ρίτσαρντ Νίξον]] ανακοινώνει την εντολή του να τοποθετηθούν [[Νάρκη θαλάσσης|νάρκες θαλάσσης ]] στα μεγάλα λιμάνια του Βορείου Βιετνάμ, προκειμένου να ανακόψουν τη ροή όπλων και άλλων αγαθών στο κράτος.\n*[[1978]] - Ο [[Ράινχολντ Μέσνερ]] και ο Πίτερ Χάμπελερ γίνονται οι πρώτοι άνθρωποι που ανεβαίνουν στο [[Έβερεστ]] χωρίς συμπληρωματικό οξυγόνο. \n*[[1980]] - Ο [[Παγκόσμιος Οργανισμός Υγείας]] επιβεβαιώνει την εξάλειψη της [[ευλογιά]]ς. \n* [[1989]] - Η [[Επαναστατική Οργάνωση 17 Νοέμβρη]] αποπειράται να δολοφονήσει με έκρηξη παγιδευμένου οχήματος τον πρώην υπουργό [[Γιώργος Πέτσος|Γιώργο Πέτσο]].\n\n== Γεννήσεις ==\n*[[1326]] - [[Ιωάννα Α΄ της Ωβέρνης]], βασίλισσα της Γαλλίας\n*[[1460]] - [[Φρειδερίκος Α΄ του Βρανδεμβούργου-Άνσμπαχ|Φρειδερίκος Α΄]], μάργραβος του Βρανδεμβούργου-Άνσμπαχ\n*[[1587]] - [[Βίκτωρ Αμεδαίος Α΄ της Σαβοΐας|Βίκτωρ Αμεδαίος Α΄]], δούκας της Σαβοΐας\n*[[1668]] - [[Αλαίν Ρενέ Λεσάζ]], Γάλλος συγγραφέας\n*[[1737]] - [[Έντουαρντ Γκίμπον]], Άγγλος ιστορικός και πολιτικός\n*[[1753]] - [[Μιγκέλ Ιδάλγο ι Κοστίγια]], Μεξικανός ιερέας και επαναστάτης\n*[[1828]] - [[Ερρίκος Ντυνάν]], Ελβετός επιχειρηματίας και ακτιβιστής, συνιδρυτής του [[Διεθνές Κίνημα Ερυθρού Σταυρού και Ερυθράς Ημισελήνου|Ερυθρού Σταυρού]]\n*[[1859]] - [[Γιόχαν Γένσεν]], Δανός μαθηματικός και μηχανικός\n*[[1884]] - [[Χάρυ Τρούμαν]], 33ος πρόεδρος των Η.Π.Α.\n*[[1886]] - [[Δημήτριος Βέργος (αθλητής)|Δημήτριος Βέργος]], Έλληνας αθλητής\n*[[1891]] - [[Αντώνιος-Γρηγόριος Βουτσίνος]], Έλληνας καθολικός αρχιεπίσκοπος\n*[[1899]] - [[Φρίντριχ Χάγιεκ]], Αυστριακός οικονομολόγος και φιλόσοφος\n*[[1906]] - [[Ρομπέρτο Ροσελίνι]], Ιταλός σκηνοθέτης\n*[[1911]] - [[Ρόμπερτ Τζόνσον]], Αμερικανός τραγουδοποιός\n*[[1916]] - [[Ζοάο Χαβελάνζε]], Βραζιλιάνος επιχειρηματίας\n*[[1920]] - [[Σολ Μπας]], Αμερικανός σχεδιαστής γραφικών\n*[[1927]] - [[Ερρίκος Θαλασσινός]], Έλληνας σκηνοθέτης\n*[[1937]] - [[Τόμας Πίντσον]], Αμερικανός συγγραφέας\n*[[1950]] - [[Μαρία Αλιφέρη]], Ελληνίδα ηθοποιός\n*[[1951]] - [[Μάικλ Ντ' Αντόνυ]], Αμερικανός καλαθοσφαιριστής και προπονητής\n*[[1954]] - [[Τζον Μάικλ Τάλμποτ]], Αμερικανός τραγουδοποιός\n*[[1955]] - [[Μέλες Ζενάουι]], Αιθίοπας πολιτικός\n*[[1961]] - [[Βασίλης Κούκουρας]], Έλληνας ηθοποιός\n*[[1961]] - [[Μπιλ ντε Μπλάσιο]], Αμερικανός πολιτικός\n*[[1965]] - [[Κώστας Βέρδης]], Έλληνας μουσικός και κλαρινοπαίχτης\n*[[1970]] - [[Λουίς Ενρίκε (ποδοσφαιριστής)|Λουίς Ενρίκε]], Ισπανός ποδοσφαιριστής και προπονητής\n*[[1970]] - [[Ναόμι Κλάιν]], Καναδή συγγραφέας και ακτιβίστρια\n*[[1972]] - [[Γκιγιόμ Σορό]], Ιβοριανός πολιτικός\n*[[1973]] - [[Αιμίλιος Παπαθανασίου]], Έλληνας ιστιοπλόος\n*[[1975]] - [[Ενρίκε Ιγκλέσιας]], Ισπανός τραγουδιστής\n*[[1977]] - [[Θοδωρής Παπαλουκάς]], Έλληνας καλαθοσφαιριστής\n*[[1978]] - [[Λούσιο (ποδοσφαιριστής)|Λούσιο]], Βραζιλιάνος ποδοσφαιριστής\n*[[1980]] - [[Παναγιώτης Καυκής]], Έλληνας καλαθοσφαιριστής\n*[[1981]] - [[Στίβεν Άμελ]], Καναδός ηθοποιός\n*[[1988]] - [[Γιώργος Κατσικογιάννης]], Έλληνας ποδοσφαιριστής\n\n== Θάνατοι ==\n*[[535]] - [[Πάπας Ιωάννης Β΄]]\n*[[615]] - [[Πάπας Βονιφάτιος Δ΄]]\n*[[685]] - [[Πάπας Βενέδικτος Β΄]]\n*[[1220]] - [[Ρίκισσα της Δανίας]], βασίλισσα της Δανίας\n*[[1319]] - [[Χάακον Ε΄ της Νορβηγίας|Χάακον Ε΄]], βασιλιάς της Νορβηγίας\n*[[1794]] - [[Αντουάν Λωράν Λαβουαζιέ]], Γάλλος χημικός\n*[[1825]] - [[Αναγνωσταράς]], Έλληνας στρατηγός\n*[[1825]] - [[Αναστάσιος Τσαμαδός]], Έλληνας ναύαρχος\n*[[1825]] - [[Σαντόρε ντι Σανταρόζα]], Ιταλός φιλέλληνας\n*[[1873]] - [[Τζον Στιούαρτ Μιλ]], Άγγλος φιλόσοφος\n*[[1880]] - [[Γκυστάβ Φλωμπέρ]], Γάλλος συγγραφέας\n*[[1903]] - [[Πωλ Γκωγκέν]], Γάλλος ζωγράφος\n*[[1904]] - [[Ίντγουιρντ Μάιμπριτζ]], Άγγλος φωτογράφος\n*[[1907]] - [[Ζαχαρίας Παπαδάς]], Έλληνας οπλαρχηγός\n*[[1936]] - [[Όσβαλντ Σπένγκλερ]], Γερμανός ιστορικός και φιλόσοφος\n*[[1944]] - [[Θεμιστοκλής Διακίδης]], Έλληνας αθλητής\n*[[1945]] - [[Μπέρνχαρντ Ρουστ]], Γερμανός πολιτικός\n*[[1953]] - [[Γκαμπριέλ Μιλέ]], Γάλλος αρχαιολόγος\n*[[1979]] - [[Τάλκοτ Πάρσονς]], Αμερικανός κοινωνιολόγος\n*[[1980]] - [[Φιλόθεος Ζερβάκος]], Έλληνας ηγούμενος\n*[[1982]] - [[Ζιλ Βιλνέβ]], Καναδός οδηγός αγώνων\n*[[2000]] - [[Ιμπέρ Μαγκά]], πρόεδρος της Δαχομέης\n*[[2006]] - [[Πέπη Δαράκη]], Ελληνίδα συγγραφέας\n*[[2009]] - [[Κωνσταντίνος Καναβάκης]], Έλληνας πολιτικός\n*[[2009]] - [[Κωστής Κοντοπόδης]], Έλληνας πολιτικός\n*[[2016]] - [[Τομ Άποστολ]], Αμερικανός μαθηματικός\n*[[2020]] - [[Δημήτρης Κρεμαστινός]], Έλληνας ιατρός, καθηγητής και πολιτικός \n*[[2021]] - [[Θανάσης Λαβίδας]]  Έλληνας επιχειρηματίας \n\n{{Commonscat|8 May}}\n\n== Αργίες και εορτές ==\n=== [[Ορθόδοξη Εκκλησία]] ===\n{{Πύλη:Ορθοδοξία/Εορτολόγιο/8 Μαΐου}}\n\n\n{{Μήνες}}\n\n[[Κατηγορία:Ημέρες του έτους]]"}}}]}]}}