{"batchcomplete":true,"query":{"normalized":[{"fromencoded":false,"from":"9_Οκτωβρίου","to":"9 Οκτωβρίου"}],"pages":[{"pageid":3354,"ns":0,"title":"9 Οκτωβρίου","revisions":[{"slots":{"main":{"contentmodel":"wikitext","contentformat":"text/x-wiki","content":"{{Μήνες Οκτωβρίου}}\n\n<center>[[8 Οκτωβρίου]] | '''9 Οκτωβρίου''' | [[10 Οκτωβρίου]]</center>\n\n----\nΗ '''9η Οκτωβρίου''' είναι η 282η ημέρα του έτους κατά το [[Γρηγοριανό ημερολόγιο]] (283η σε δίσεκτα έτη). Υπολείπονται 83 ημέρες.\n\n{|width=100%\n| __TOC__\n|{{ΗμερολόγιοΣεΠίνακα|10}}\n|}\n\n== Γεγονότα ==\n*[[768]] – Ο [[Καρλομάν Α΄]] και ο [[Καρλομάγνος]] στέφονται βασιλείς των [[Φράγκοι|Φράγκων]].\n*[[1238]] – Ο [[Ιάκωβος Α΄ της Αραγωνίας]] καταλαμβάνει τη [[Βαλένθια]].\n*[[1264]] - Το [[Βασίλειο της Καστίλης]] κατακτά τη [[Χερέθ ντε λα Φροντέρα]], που ήταν υπό μουσουλμανική κατοχή από το [[711]].\n*[[1410]] - Η πρώτη γνωστή αναφορά του [[Αστρονομικό Ρολόι της Πράγας|Αστρονομικού Ρολογιού της Πράγας]].\n*[[1446]] - Εκδίδεται στην [[Κορέα]] το αλφάβητο [[χάνγκουλ]]. \n*[[1514]] - Ο [[Λουδοβίκος ΙΒ΄ της Γαλλίας]] παντρεύεται τη [[Μαρία της Αγγλίας (1496-1533)|Μαρία Τυδώρ]].\n*[[1582]] - Λόγω της εφαρμογής του [[Γρηγοριανό ημερολόγιο|Γρηγοριανού ημερολογίου]], αυτή η ημέρα δεν υπάρχει στην [[Ιταλία]], την [[Πολωνία]], την [[Πορτογαλία]] και την [[Ισπανία]].\n*[[1604]] - Παρατηρείται για πρώτη φορά ο [[υπερκαινοφανής αστέρας 1604]], ο τελευταίος υπερκαινοφανής αστέρας που παρατηρήθηκε στο [[Γαλαξίας|γαλαξία]]. \n*[[1701]] – Ιδρύεται το Κολλεγιακό Σχολείο του [[Κονέκτικατ]], που αργότερα μετονομάστηκε σε [[Πανεπιστήμιο Γέιλ]].\n*[[1708]] - Ο [[Πέτρος Α΄ της Ρωσίας]] νικά τους [[Σουηδία|Σουηδούς]] στη [[μάχη της Λέσναγια]].\n*[[1740]] - [[Ολλανδία|Ολλανδοί]] άποικοι και διάφορες ομάδες σκλάβων ξεκινούν να σφάζουν τους κινεζικής καταγωγής κατοίκους της [[Τζακάρτα]], σκοτώνοντας τελικά 10.000 άτομα και οδηγώντας σε ένα διετή πόλεμο σ' όλη την [[Ιάβα]].\n*[[1760]] - [[Επταετής Πόλεμος]]: Οι [[Ρωσική Αυτοκρατορία|ρωσικές]] δυνάμεις καταλαμβάνουν το [[Βερολίνο]].\n*[[1806]] - Η [[Πρωσία]] κηρύσσει τον πόλεμο στη [[Γαλλία]].\n*[[1812]] - [[Αγγλοαμερικανικός πόλεμος του 1812]]: Σε μία ναυτική εμπλοκή στη [[λίμνη Ήρι]], [[Ηνωμένες Πολιτείες Αμερικής|αμερικανικές]] δυνάμεις καταλαμβάνουν δύο [[Μεγάλη Βρετανία|βρετανικά]] πλοία.\n*[[1820]] – Το [[Γουαγιακίλ]] ανακηρύσσει την ανεξαρτησία του από την [[Ισπανία]].\n*[[1824]] - Καταργείται η [[δουλεία]] στην [[Κόστα Ρίκα]].\n*[[1831]] - Δολοφονείται ο [[Ιωάννης Καποδίστριας]], ο πρώτος [[Κατάλογος Αρχηγών Κράτους της Ελλάδας|κυβερνήτης της ανεξάρτητης Ελλάδας]].\n*[[1847]] - Καταργείται η [[δουλεία]] στον [[Άγιος Βαρθολομαίος|Άγιο Βαρθολομαίο]] και απελευθερώνονται όλοι οι εναπομείναντες σκλάβοι.\n*[[1874]] – Ιδρύεται η [[Παγκόσμια Ταχυδρομική Ένωση]] ως αποτέλεσμα της συνθήκης της [[Βέρνη|Βέρνης]].\n*[[1900]] - Οι [[Νήσοι Κουκ]] γίνονται έδαφος του [[Ηνωμένο Βασίλειο|Ηνωμένου Βασιλείου]].\n*[[1912]] – [[Α΄ Βαλκανικός πόλεμος]]: Αρχίζει η [[μάχη του Σαρανταπόρου]] μεταξύ των [[Βασίλειο της Ελλάδας|ελληνικών]] και των [[Οθωμανική Αυτοκρατορία|οθωμανικών]] δυνάμεων.\n*[[1918]] - Το [[Φινλανδία|φινλανδικό]] κοινοβούλιο προσφέρει στον πρίγκιπα [[Φρειδερίκος Κάρολος της Έσσης|Φρειδερίκο Κάρολο της Έσσης]] το θρόνο του βραχύβιου βασιλείου της Φινλανδίας.\n*[[1919]] - Οι Σινσινάτι Ρεντς κερδίζουν την [[Παγκόσμια Σειρά (μπέιζμπολ)]].\n*[[1934]] - Δολοφονούνται στη [[Μασσαλία]] ο βασιλιάς [[Αλέξανδρος Α΄ της Γιουγκοσλαβίας]] και ο υπουργός Εξωτερικών της [[Γαλλία|Γαλλίας]] [[Λουί Μπαρτού]]. \n*[[1962]] – Η [[Ουγκάντα]] γίνεται ανεξάρτητη χώρα.\n*[[1963]] – Στη βορειοανατολική [[Ιταλία]], 1.910 άνθρωποι χάνουν τη ζωή τους όταν μία μεγάλη κατολίσθηση πίσω από το [[φράγμα Βάιοντ]] προκαλεί ένα τεράστιο κύμα νερού.\n*[[1967]] - Μία ημέρα μετά τη σύλληψή του, ο μαρξιστής επαναστάτης [[Ερνέστο Τσε Γκεβάρα]] δολοφονείται για απόπειρα υποκίνησης επανάστασης στη [[Βολιβία]].\n*[[1969]] - Καλείται στο [[Σικάγο]] η Εθνοφρουρά των [[Ηνωμένες Πολιτείες Αμερικής|Ηνωμένων Πολιτειών]] για να ελέγξει το πλήθος, καθώς συνεχίζονται οι διαδηλώσεις σε σχέση με τη δίκη των \"[[Οι Επτά του Σικάγου|Οκτώ του Σικάγου]]\" που ξεκίνησε στις [[24 Σεπτεμβρίου]].\n*[[1981]] – Καταργείται η [[θανατική ποινή]] στη [[Γαλλία]].\n* [[1983]] – Δολοφονούνται 4 Νοτιοκορεάτες υπουργοί στο [[Ρανγκούν]] της [[Βιρμανία]]ς. Έκρηξη βόμβας στη [[Σεούλ]] προκαλεί το θάνατο 19 ατόμων, μεταξύ των οποίων και έξι ανώτατων κυβερνητικών αξιωματούχων.\n* [[1993]] – Στη [[Ρωσία]], 142 νεκροί, οι περισσότεροι άμαχοι πολίτες, είναι ο επίσημος απολογισμός των θυμάτων από τα αιματηρά επεισόδια της Μόσχας, κατά τη διάρκεια της επιχείρησης κατάληψης του Κοινοβουλίου από το στρατό.\n* [[1994]] – Δημιουργείται στο [[Ντάρμσταντ]] της Γερμανίας το χημικό στοιχείο 110, το οποίο αργότερα θα ονομαστεί, προς τιμήν της πόλης, [[Νταρμστάντιο]].\n* [[1995]] – Σεισμός 7,6 Ρίχτερ στο [[Μεξικό]] σκοτώνει δεκάδες και τραυματίζει εκατοντάδες άτομα.\n* [[1996]] – Σεισμός με επίκεντρο την [[Πάφος|Πάφο]] γίνεται αισθητός σε [[Κύπρος|Κύπρο]], [[Κρήτη]] και [[Δωδεκάνησα]], με απολογισμό 2 νεκρούς και 50 τραυματίες.\n* [[1999]] – Καλλιτέχνες της ροκ και της ποπ δίνουν συναυλία στο [[Γουέμπλεϊ]], με ανθρωπιστικό χαρακτήρα (για τα θύματα του [[Κόσοβο|Κοσόβου]] και του [[Σουδάν]]). 1 δισεκατομμύριο άτομα παρακολουθούν τη συναυλία ζωντανά μέσω του διαδικτύου. Πρόκειται για το μεγαλύτερο κοινό σε συναυλία.\n* [[2004]] – Διεξάγονται οι πρώτες δημοκρατικές προεδρικές εκλογές στο [[Αφγανιστάν]].\n* [[2006]] – Η [[Βόρεια Κορέα]] πραγματοποιεί την πρώτη της [[πυρηνική δοκιμή]].\n* [[2006]] – Το Συμβούλιο Ασφαλείας του [[ΟΗΕ]] επιλέγει τον υπουργό Εξωτερικών της Νοτίου Κορέας, [[Μπαν Κι-Μουν]] για τη θέση του Γενικού Γραμματέα του Οργανισμού για το διάστημα 2007-2011.\n\n== Γεννήσεις ==\n*[[1261]] – [[Διονύσιος της Πορτογαλίας|Διονύσιος]], βασιλιάς της Πορτογαλίας\n*[[1328]] – [[Πέτρος Α΄ της Κύπρου|Πέτρος Α΄]], βασιλιάς της Κύπρου\n*[[1757]] – [[Κάρολος Ι΄ της Γαλλίας|Κάρολος Ι΄]], βασιλιάς της Γαλλίας\n*[[1771]] - [[Φρειδερίκος Γουλιέλμος του Μπράουνσβαϊγκ]], Γερμανός ευγενής\n*[[1777]] - [[Έντουαρντ Χωκ Λόκερ]], Άγγλος υδατογράφος\n*[[1835]] – [[Καμίγ Σαιν-Σανς]], Γάλλος συνθέτης και διευθυντής ορχήστρας\n*[[1852]] – [[Εμίλ Φίσερ]], Γερμανός χημικός\n*[[1858]] - [[Γκέραρντ Φίλιπς]], Ολλανδός βιομήχανος\n*[[1866]] - [[Εμινέ Ναζικεντά Καντινεφέντι]], Οθωμανή σουλτάνα\n*[[1874]] – [[Νίκολας Ραίριχ]], Ρώσος ζωγράφος\n*[[1879]] – [[Μαξ φον Λάουε]], Γερμανός φυσικός\n*[[1888]] – [[Νικολάι Μπουχάριν]], Ρώσος πολιτικός\n*[[1892]] – [[Ίβο Άντριτς]], Γιουγκοσλάβος συγγραφέας\n*[[1906]] – [[Λεοπόλντ Σεντάρ Σανγκόρ]], Σενεγαλέζος ποιητής και πολιτικός\n*[[1907]] – [[Χορστ Βέσελ]], Γερμανός αξιωματικός των [[Sturmabteilung]]\n*[[1907]] – [[Ζακ Τατί]], Γάλλος σκηνοθέτης και ηθοποιός\n*[[1918]] – [[Χάουαρντ Χαντ]], Αμερικανός πράκτορας της [[CIA]] και συγγραφέας\n*[[1918]] – [[Λίλα Κέντροβα]], Ρωσίδα ηθοποιός\n*[[1938]] – [[Χάιντς Φίσερ]], Αυστριακός πολιτικός\n*[[1940]] – [[Τζον Λένον]], Άγγλος μουσικός και τραγουδιστής ([[The Beatles]])\n*[[1944]] - [[Τζον Εντουίστλ]], Άγγλος μπασίστας ([[The Who]])\n*[[1946]] - [[Δημήτρης Κωνσταντάρας]], Έλληνας δημοσιογράφος\n*[[1947]] – [[Φρανς Γκαλ]], Γαλλίδα τραγουδίστρια\n*[[1950]] – [[Τζόντι Ουίλιαμς]], Αμερικανίδα ακτιβίστρια\n*[[1952]] – [[Άντριου Τζορτζ]], Σκωτσέζος διπλωμάτης\n*[[1959]] - [[Μπαρίς Νεμτσόφ]], Ρώσος πολιτικός\n*[[1962]] – [[Χόρχε Μπουρουτσάγα]], Αργεντινός ποδοσφαιριστής\n*[[1962]] – [[Νίκος Χατζηνικολάου]], Έλληνας δημοσιογράφος\n*[[1964]] – [[Γκιγιέρμο Ντελ Τόρο]], Μεξικανός σκηνοθέτης\n*[[1966]] – [[Ντέιβιντ Κάμερον]], Άγγλος πολιτικός\n*[[1967]] – [[Έντι Γκερέρο]], Αμερικανός παλαιστής\n*[[1969]] - [[Στηβ ΜακΚουήν (σκηνοθέτης)|Στηβ ΜακΚουήν]], Βρετανός σκηνοθέτης\n*[[1969]] – [[Πόλυ Τζιν Χάρβεϊ]], Αγγλίδα τραγουδοποιός\n*[[1970]] – [[Σαβάννα]], Αμερικανίδα πορνογραφική ηθοποιός\n*[[1973]] – [[Όλιβερ Μακόρ]], Λιβεριανός ποδοσφαιριστής\n*[[1976]] - [[Ανδριάνα Μπάμπαλη]], Ελληνίδα τραγουδίστρια\n*[[1981]] - [[Ρούπερτ Φρεντ]], Άγγλος ηθοποιός\n*[[1982]] - [[Λεωνίδας Κουτσόπουλος]], Έλληνας μάγειρας\n*[[1982]] - [[Travis Rice]], Αμερικανός αθλητής\n*[[1996]] - [[Μπέλα Χαντίντ]], Αμερικανίδα μοντέλο\n\n== Θάνατοι ==\n*[[1047]] – [[Πάπας Κλήμης Β΄]]\n*[[1179]] - [[Οντόν ντε Σαιντ-Αμάν]], μέγας μάγιστρος των Ιπποτών του Ναού \n*[[1390]] - [[Ιωάννης Α΄ της Καστίλης|Ιωάννης Α΄]], βασιλιάς της Καστίλης\n*[[1469]] - [[Φιλίππο Λίππι]], Ιταλός καλλιτέχνης\n*[[1476]] - [[Στέφαν Μπράνκοβιτς]], Σέρβος ηγεμόνας\n*[[1562]] – [[Γκαμπριέλε Φαλόπιο]], Ιταλός ανατόμος και ιατρός\n*[[1831]] – [[Ιωάννης Καποδίστριας]], Έλληνας πολιτικός\n*[[1841]] - [[Καρλ Φρίντριχ Σίνκελ]], Γερμανός αρχιτέκτονας\n*[[1930]] - [[Ενρίκο Φορλανίνι]], Ιταλός μηχανικός και εφευρέτης\n*[[1934]] - [[Αλέξανδρος Α΄ της Γιουγκοσλαβίας|Αλέξανδρος Α΄]], βασιλιάς της Γιουγκοσλαβίας\n*[[1934]] - [[Λουί Μπαρτού]], Γάλλος πολιτικός\n*[[1937]] - [[Γεώργιος Καντακουζηνός-Grănicerul]], Ρουμάνος στρατιωτικός\n*[[1943]] – [[Πιέτερ Ζέεμαν]], Ολλανδός φυσικός\n*[[1958]] – [[Πάπας Πίος ΙΒ΄]]\n*[[1967]] – [[Ερνέστο Τσε Γκεβάρα]], Αργεντινός επαναστάτης\n*[[1967]] – [[Αντρέ Μωρουά]], Γάλλος συγγραφέας\n*[[1972]] - [[Μίριαμ Χόπκινς]], Αμερικανίδα ηθοποιός\n*[[1974]] – [[Όσκαρ Σίντλερ]], Γερμανός επιχειρηματίας\n*[[1978]] – [[Ζακ Μπρελ]], Βέλγος τραγουδοποιός\n*[[1981]] – [[Νίκι Γιάκοβλεφ]], Έλληνας συνθέτης\n*[[1982]] - [[Άννα Φρόυντ]], Αυστριακή ψυχαναλύτρια\n*[[1983]] – [[Αντώνης Παπαδόπουλος (ηθοποιός)|Αντώνης Παπαδόπουλος]], Έλληνας ηθοποιός\n*[[1989]] – [[Κλέαρχος Κονιτσιώτης]], Έλληνας κινηματογραφικός παραγωγός\n*[[1995]] - [[Άλεκ Ντάγκλας Χιουμ]], Άγγλος πολιτικός\n*[[2002]] – [[Αϊλίν Γουόρνος]], Αμερικανίδα δολοφόνος\n*[[2002]] - [[Κάρλο Λιεβόρε]], Ιταλός ακοντιστής\n*[[2005]] – [[Στέλλα Στρατηγού]], Ελληνίδα ηθοποιός\n*[[2010]] - [[Ζεκάρια Σίτσιν]], Αζέρος συγγραφέας\n*[[2011]] - [[Αντώνης Χρηστέας]], Έλληνας καλαθοσφαιριστής και προπονητής\n*[[2012]] – [[Χάρης Σαββίδης (διευθυντής φωτογραφίας)|Χάρης Σαββίδης]], Αμερικανός εικονολήπτης\n*[[2016]] - [[Αντρέι Βάιντα]], Πολωνός σκηνοθέτης\n*[[2017]] - [[Ζαν Ροσφόρ]], Γάλλος ηθοποιός\n*2021-[[wikidata:Q5436141|Φαρούκ Φερόζ Καν]] Πακιστανός στρατιωτικός\n*2021-[[Αμπουλχασάν Μπανί-Σαντρ]]  Ιρανός πολιτικός, \n*2021-Κεϊτάρο Χοσίνο Ιάπωνας πυγμάχος . \n\n== Αργίες και εορτές ==\n\n* Παγκόσμια Ημέρα Ταχυδρομείου.\n\n=== [[Ορθόδοξη Εκκλησία]] ===\n{{Πύλη:Ορθοδοξία/Εορτολόγιο/9 Οκτωβρίου}}\n\n{{Μήνες}}\n\n[[Κατηγορία:Ημέρες του έτους]]"}}}]}]}}