{"batchcomplete":true,"query":{"normalized":[{"fromencoded":false,"from":"9_Σεπτεμβρίου","to":"9 Σεπτεμβρίου"}],"pages":[{"pageid":8026,"ns":0,"title":"9 Σεπτεμβρίου","revisions":[{"slots":{"main":{"contentmodel":"wikitext","contentformat":"text/x-wiki","content":"{{Μήνες Σεπτεμβρίου}}\n\n<center>[[8 Σεπτεμβρίου]] | '''9 Σεπτεμβρίου''' | [[10 Σεπτεμβρίου]]</center>\n\n----\nΗ '''9η Σεπτεμβρίου''' είναι η 252η ημέρα του έτους κατά το [[Γρηγοριανό ημερολόγιο]] (253η σε δίσεκτα έτη). Υπολείπονται 113 ημέρες.\n\n{{ΗμερολόγιοΣεΠίνακα|9}}\n\n== Γεγονότα ==\n*[[9]] - Η συμμαχία των έξι [[Γερμανικά φύλα|γερμανικών φυλών]] υπό τον Αρμίνιο αφανίζει τρεις [[Ρωμαϊκή Αυτοκρατορία|ρωμαϊκές]] [[Λεγεώνα|λεγεώνες]] του Πόπλιου Κουϊντίλιου Βάρου στη [[μάχη του Τευτοβούργιου Δρυμού]]. \n*[[337]] - Ο [[Κωνσταντίνος Β΄]], ο [[Κωνστάντιος Β´]] και ο [[Κώνστας]] διαδέχονται τον πατέρα τους, [[Κωνσταντίνος Α΄|Κωνσταντίνο Α΄]], ως συναυτοκράτορες. Η [[Ρωμαϊκή Αυτοκρατορία]] μοιράζεται μεταξύ των τριών [[Αύγουστος (τίτλος)|αυγούστων]]. \n*[[1087]] - Ο [[Γουλιέλμος Β΄ της Αγγλίας|Γουλιέλμος Β΄]] γίνεται [[Κατάλογος μοναρχών της Αγγλίας|βασιλιάς της Αγγλίας]] (βασίλεψε μέχρι το [[1100]]).\n*[[1488]] - Η [[Άννα της Βρετάνης|Άννα]] γίνεται [[Κατάλογος μοναρχών της Βρετάνης|δούκισσα της Βρετάνης]] και το κεντρικό πρόσωπο που θα οδηγήσει στην ένωση της [[Βρετάνη]]ς και της [[Γαλλία]]ς.\n*[[1493]] - [[Μάχη της Κρμπάβα]]: Αποφασιστική ήττα των [[Κροάτες|Κροατών]] στον αγώνα τους ενάντια στην εισβολή των [[Οθωμανική Αυτοκρατορία|Οθωμανών]].\n*[[1513]] - Ο [[Ιάκωβος Δ΄ της Σκωτίας]] ηττάται και σκοτώνεται στη μάχη του Φλόντεν.\n*[[1543]] - Η [[Μαρία Α΄ της Σκωτίας|Μαρία Στιούαρτ]], σε ηλικία 9 μηνών, στέφεται [[Κατάλογος μοναρχών της Σκωτίας|βασίλισσα των Σκώτων]] στο Στέρλινγκ.\n*[[1791]] - Η [[Ουάσινγκτον]], πρωτεύουσα των [[Ηνωμένες Πολιτείες Αμερικής|Ηνωμένων Πολιτειών]], παίρνει το όνομά της από τον πρόεδρο [[Τζορτζ Ουάσινγκτον]].\n*[[1850]] - Η [[Καλιφόρνια]] γίνεται η 31η [[Πολιτείες των ΗΠΑ|πολιτεία των Η.Π.Α.]]\n*[[1855]] - [[Κριμαϊκός Πόλεμος]]: Λήγει η πολιορκία της [[Σεβαστούπολη]]ς καθώς οι [[Ρωσική Αυτοκρατορία|ρωσικές]] δυνάμεις εγκαταλείπουν την πόλη.\n*[[1863]] - [[Αμερικανικός Εμφύλιος Πόλεμος]]: Ο [[στρατός της Ένωσης]] μπαίνει στην [[Τσαττανούγκα (Τενεσσί)]].\n*[[1892]] - Ο [[Έντουαρντ Έμερσον Μπάρναρντ]] ανακαλύπτει την [[Αμάλθεια (δορυφόρος)|Αμάλθεια]], το τρίτο φεγγάρι του [[Δίας (πλανήτης)|Δία]].\n*[[1923]] - Ο [[Μουσταφά Κεμάλ Ατατούρκ]], ιδρυτής της [[Τουρκία]]ς, ιδρύει το [[Ρεπουμπλικανικό Λαϊκό Κόμμα]].\n*[[1941]] - Ο [[Ναπολέων Ζέρβας]] ιδρύει τον [[Εθνικός Δημοκρατικός Ελληνικός Σύνδεσμος|Εθνικό Δημοκρατικό Ελληνικό Σύνδεσμο]] (ΕΔΕΣ).\n*[[1942]] - [[Β΄ Παγκόσμιος Πόλεμος]]: [[Ιαπωνία|Ιαπωνικό]] υδροπλάνο ρίχνει εμπρηστικές βόμβες στο [[Όρεγκον]].\n*[[1943]] - [[Β΄ Παγκόσμιος Πόλεμος]]: Οι [[Συμμαχικές δυνάμεις (Β΄ Παγκόσμιος Πόλεμος)|συμμαχικές δυνάμεις]] [[Συμμαχική εισβολή στην Ιταλία|αποβιβάζονται στο Σαλέρνο και τον Τάραντα]].\n*[[1944]] - [[Β΄ Παγκόσμιος Πόλεμος]]: Το [[Πατριωτικό μέτωπο (Βουλγαρία)|Πατριωτικό Μέτωπο]] αναλαμβάνει την εξουσία στη [[Βουλγαρία]] μέσω στρατιωτικού πραξικοπήματος στην πρωτεύουσα και ένοπλης εξέγερσης στην επαρχία. Εγκαθιδρύεται νέα φιλο-[[Ένωση Σοβιετικών Σοσιαλιστικών Δημοκρατιών|σοβιετική]] κυβέρνηση.\n*[[1945]] - [[Δεύτερος Σινοϊαπωνικός Πόλεμος]]: Η [[Ιαπωνία]] παραδίδεται επίσημα στην [[Δημοκρατία της Κίνας (1912–49)|Κίνα]].\n*[[1947]] - Καταγράφεται η πρώτη περίπτωση [[software bug]]: Μία [[νυχτοπεταλούδα]] κάθεται σ' έναν [[Ηλεκτρονόμος|ηλεκτρονόμο]] ενός υπολογιστή στο [[Πανεπιστήμιο Χάρβαρντ]].\n*[[1948]] - Ο [[Κιμ Ιλ-σονγκ]] ανακηρύσσει την ίδρυση της [[Βόρεια Κορέα|Λαοκρατικής Δημοκρατίας της Κορέας]].\n*[[1951]] - [[Ελληνικές βουλευτικές εκλογές 1951|Ελληνικές βουλετικές εκλογές]]: Πρώτο κόμμα αναδεικνύεται ο [[Ελληνικός Συναγερμός]] του [[Αλέξανδρος Παπάγος|Αλέξανδρου Παπάγου]] χωρίς, όμως, να αποκτήσει αυτοδυναμία.\n*[[1954]] - [[Σεισμός]] μεγέθους 6,8 Ρίχτερ κλονίζει τη βόρεια [[Αλγερία]] με απολογισμό 1.400 νεκρούς. \n*[[1965]] - Ο [[τυφώνας Μπέτσι]] χτυπά τη [[Νέα Ορλεάνη]] αφήνοντας πίσω του 76 νεκρούς και προκαλώντας καταστροφές άνω του ενός δισεκατομμυρίου δολαρίων.  \n*[[1970]] - Το [[Λαϊκό Μέτωπο για την Απελευθέρωση της Παλαιστίνης]] πραγματοποιεί αεροπειρατία σε [[Μεγάλη Βρετανία|βρετανικό]] αεροσκάφος, το οποίο και κατευθύνει στην [[Ιορδανία]]. \n*[[1991]] - Το [[Τατζικιστάν]] κηρύσσει την ανεξαρτησία του από τη [[Ένωση Σοβιετικών Σοσιαλιστικών Δημοκρατιών|Σοβιετική Ένωση]].\n*[[2009]] - Εγκαινιάζεται το μετρό του [[Ντουμπάι]], το πρώτο αστικό δίκτυο τρένων στην [[Αραβία]]. \n\n== Γεννήσεις ==\n*[[214]] - [[Αυρηλιανός]], Ρωμαίος αυτοκράτορας\n*[[384]] - [[Φλάβιος Ονώριος]], Ρωμαίος αυτοκράτορας\n*[[1585]] - [[Αρμάν Ζαν ντυ Πλεσσί ντε Ρισελιέ]], Γάλλος καρδινάλιος\n*[[1737]] - [[Λουίτζι Γκαλβάνι]], Ιταλός ιατρός και φυσικός\n*[[1828]] - [[Λέων Τολστόι]], Ρώσος συγγραφέας\n*[[1850]] - [[Τζέιν Έλεν Χάρισον]], Αγγλίδα λόγια και γλωσσολόγος\n*[[1855]] - [[Χιούστον Στιούαρτ Τσάμπερλεν]], Άγγλος συγγραφέας\n*[[1873]] - [[Μαξ Ράινχαρντ]], Αυστριακός σκηνοθέτης και ηθοποιός\n*[[1900]] - [[Τζέιμς Χίλτον]], Άγγλος συγγραφέας\n*[[1903]] - [[Φίλις Γουίτνεϊ]], Αμερικανίδα συγγραφέας\n*[[1908]] - [[Τσέζαρε Παβέζε]], Ιταλός συγγραφέας\n*[[1922]] - [[Μανώλης Γλέζος]], Έλληνας πολιτικός\n*[[1923]] - [[Κλιφ Ρόμπερτσον]], Αμερικανός ηθοποιός\n*[[1923]] - [[Ροζίτα Σώκου]], Ελληνίδα δημοσιογράφος, συγγραφέας και μεταφράστρια\n*[[1925]] - [[Βάσω Δεβετζή]], Ελληνίδα πιανίστρια\n*[[1934]] - [[Νίκολας Λίβερπουλ]], πρόεδρος της Δομινίκας\n*[[1935]] - [[Μίλτος Παπαποστόλου]], Έλληνας ποδοσφαιριστής και προπονητής\n*[[1939]] - [[Ρεουβέν Ριβλίν]], Ισραηλινός πολιτικός\n*[[1941]] - [[Ντένις Ρίτσι]], Αμερικανός επιστήμονας υπολογιστών\n*[[1941]] - [[Στανισλάβ Στρατίεβ]], Βούλγαρος συγγραφέας\n*[[1949]] - [[Σουσίλο Μπάμπανγκ Γιουντχογιόνο]], Ινδονήσιος στρατηγός και πολιτικός\n*[[1960]] - [[Χιου Γκραντ]], Άγγλος ηθοποιός\n*[[1966]] - [[Άνταμ Σάντλερ]], Αμερικανός ηθοποιός\n*[[1967]] - [[Αξέι Κουμάρ]], Ινδός ηθοποιός\n*[[1972]] - [[Τσάβι Πασκουάλ]], Ισπανός προπονητής\n*[[1977]] - [[Λάμπρος Λάμπρου]], Κύπριος ποδοσφαιριστής\n*[[1980]] - [[Μισέλ Ουίλιαμς]], Αμερικανίδα ηθοποιός\n*[[1981]] - [[Σάνι Κίνγκσλεϊ]], Νιγηριανός ποδοσφαιριστής\n*[[1983]] - [[Βίκτορ Βιτόλο]], Ισπανός ποδοσφαιριστής\n*[[1984]] - [[Μιχάλης Σηφάκης]], Έλληνας ποδοσφαιριστής\n*[[1985]] - [[Λούκα Μόντριτς]], Κροάτης ποδοσφαιριστής\n*[[1985]] - [[Τζέι Αρ Σμιθ]], Αμερικανός καλαθοσφαιριστής\n*[[1991]] - [[Οσκάρ ντος Σάντος Εμποάμπα Ζούνιορ]], Βραζιλιάνος ποδοσφαιριστής\n\n== Θάνατοι ==\n*[[1000]] - [[Όλαφ Τρίγκβασον]], βασιλιάς της Νορβηγίας\n*[[1087]] - [[Γουλιέλμος Α΄ της Αγγλίας|Γουλιέλμος Α΄]], βασιλιάς της Αγγλίας\n*[[1398]] - [[Ιάκωβος Α΄ της Κύπρου|Ιάκωβος Α΄]], βασιλιάς της Κύπρου\n*[[1438]] - [[Εδουάρδος της Πορτογαλίας|Εδουάρδος]], βασιλιάς της Πορτογαλίας\n*[[1488]] - [[Φραγκίσκος Β΄ της Βρετάνης|Φραγκίσκος Β΄]], δούκας της Βρετάνης\n*[[1513]] - [[Ιάκωβος Δ΄ της Σκωτίας|Ιάκωβος Δ΄]], βασιλιάς της Σκωτίας\n*[[1569]] - [[Πίτερ Μπρίγκελ ο πρεσβύτερος]], Φλαμανδός ζωγράφος\n*[[1625]] - [[Γκασπάρε Αζέλι]], Ιταλός ιατρός\n*[[1901]] - [[Ανρί ντε Τουλούζ-Λωτρέκ]], Γάλλος ζωγράφος\n*[[1942]] - [[Ρώμος Φιλύρας]], Έλληνας ποιητής\n*[[1971]] - [[Παύλος Κούπερ]], Ολλανδός γεωπόνος\n*[[1976]] - [[Μάο Τσετούνγκ]], Κινέζος πολιτικός\n*[[1978]] - [[Τζακ Γουόρνερ]], Καναδός κινηματογραφικός παραγωγός\n*[[1981]] - [[Ζακ Λακάν]], Γάλλος ψυχαναλυτής και ψυχίατρος\n*[[1982]] - [[Απόστολος Παπαγεωργίου]], Έλληνας πολιτικός\n*[[1984]] - [[Γιλμάζ Γκιουνέι]], Τούρκος ηθοποιός και σκηνοθέτης\n*[[1990]] - [[Σάμιουελ Ντόε]], Λιβεριανός πολιτικός\n*[[1997]] - [[Μπέρτζες Μέρεντιθ]], Αμερικανός ηθοποιός \n*[[2019]] - [[Λαυρέντης Μαχαιρίτσας]], Έλληνας τραγουδιστής\n\n== Αργίες και εορτές ==\n=== [[Ορθόδοξη Εκκλησία]] ===\n{{Πύλη:Ορθοδοξία/Εορτολόγιο/9 Σεπτεμβρίου}}\n\n{{Μήνες}}\n\n[[Κατηγορία:Ημέρες του έτους]]"}}}]}]}}