{"batchcomplete":true,"query":{"normalized":[{"fromencoded":false,"from":"9_Αυγούστου","to":"9 Αυγούστου"}],"pages":[{"pageid":3007,"ns":0,"title":"9 Αυγούστου","revisions":[{"slots":{"main":{"contentmodel":"wikitext","contentformat":"text/x-wiki","content":"{{Μήνες Αυγούστου}}\n\n<center>[[8 Αυγούστου]] | '''9 Αυγούστου''' | [[10 Αυγούστου]]</center>\n\n----\nΗ '''9η Αυγούστου''' είναι η 221η ημέρα του έτους κατά το [[Γρηγοριανό ημερολόγιο]] (222η σε δίσεκτα έτη). Υπολείπονται 144 ημέρες.\n\n{{ΗμερολόγιοΣεΠίνακα|8}}\n\n==Γεγονότα==\n*[[48 π.Χ.]] - [[Μάχη των Φαρσάλων]]: Ο [[Ιούλιος Καίσαρ]] καταφέρνει αποφασιστική νίκη εναντίον του [[Πομπήιος|Πομπήιου]] στα [[Φάρσαλα]]. Ο Πομπήιος διαφεύγει στην [[Αρχαία Αίγυπτος|Αίγυπτο]].\n*[[378]] - [[Μάχη της Αδριανούπολης]]: Ο [[Ρωμαϊκή Αυτοκρατορία|ρωμαϊκός]] στρατός υπό τον αυτοκράτορα [[Ουάλης|Ουάλη]] ηττάται από τους [[Βησιγότθοι|Βησιγότθους]]. Ο Ουάλης σκοτώνεται μαζί με το μεγαλύτερο μέρος του στρατού του.\n*[[1173]] - Αρχίζει η κατασκευή του [[Καμπαναριό|καμπαναριού]] του καθεδρικού ναού της [[Πίζα]]ς (σήμερα γνωστό ως [[Κεκλιμένος Πύργος της Πίζας]]). Θα χρειαστούν δύο αιώνες για να ολοκληρωθεί.\n*[[1500]] - [[Δεύτερος Βενετοτουρκικός πόλεμος]]: Οι [[Οθωμανική Αυτοκρατορία|Οθωμανοί]] καταλαμβάνουν τη [[Μεθώνη Μεσσηνίας]].\n*[[1854]] - Ο [[Χένρι Ντέιβιντ Θόρω]] δημοσιεύει το ''Γουόλντεν''.\n*[[1892]] - Ο [[Τόμας Έντισον]] λαμβάνει [[Ευρεσιτεχνία|δίπλωμα ευρεσιτεχνίας]] για την αμφίδρομη [[τηλεγραφία]].\n*[[1896]] - Τραυματίζεται θανάσιμα έπειτα από πτώση με το ''[[Normalsegelapparat]]'' του ο πρωτοπόρος των ανεμόπτερων [[Ότο Λίλιενταλ]].\n*[[1902]] - Ο [[Εδουάρδος Ζ΄ του Ηνωμένου Βασιλείου|Εδουάρδος Ζ΄]] και η [[Αλεξάνδρα της Δανίας]] στέφονται βασιλιάς και βασίλισσα του [[Ηνωμένο Βασίλειο|Ηνωμένου Βασιλείου]].\n*[[1930]] - Κάνει την πρώτη της εμφάνιση σε καρτούν η [[Betty Boop]].\n*[[1936]] - [[Θερινοί Ολυμπιακοί Αγώνες]]: Ο [[Τζέσε Όουενς]] κερδίζει τέταρτο χρυσό μετάλλιο στους [[Θερινοί Ολυμπιακοί Αγώνες 1936|Ολυμπιακούς Αγώνες του Βερολίνου]].\n*[[1942]] - Ο [[Ινδία|Ινδός]] ηγέτης [[Μαχάτμα Γκάντι]] συλλαμβάνεται στο [[Μουμπάι]] από [[Μεγάλη Βρετανία|βρετανικές]] δυνάμεις.\n*[[1945]] - [[Β΄ Παγκόσμιος Πόλεμος]]: [[Ηνωμένες Πολιτείες Αμερικής|Αμερικανικό]] βομβαρδιστικό [[Ρίψη ατομικής βόμβας στη Χιροσίμα και το Ναγκασάκι|ρίχνει]] [[Πυρηνικό όπλο|ατομική βόμβα]] στο [[Ναγκασάκι]], σκοτώνοντας αμέσως 35.000 άτομα.\n*[[1945]] - Ο [[Κόκκινος Στρατός]] εισβάλλει στην κατεχόμενη από τους [[Ιαπωνία|Ιάπωνες]] [[Μαντζουρία]].\n*[[1962]] - Τη σύσταση ελληνοτουρκικής επιτροπής για την επίλυση των εκκρεμών ζητημάτων και τη ρύθμιση δευτερευόντων μειονοτικών ζητημάτων, ανακοινώνει ο [[Ευάγγελος Αβέρωφ]].\n*[[1965]] - Η [[Σιγκαπούρη]] αποβάλλεται από τη [[Μαλαισία]] και γίνεται η μόνη χώρα μέχρι σήμερα που αποκτά την ανεξαρτησία της απρόθυμα.\n*[[1969]] - Οπαδοί του Τσαρλς Μάνσον δολοφονούν την έγκυο ηθοποιό [[Σάρον Τέιτ]] (σύζυγο του [[Ρόμαν Πολάνσκι]]) και άλλα τέσσερα άτομα.\n*[[1974]] - Μετά το [[Σκάνδαλο Γουότεργκειτ]], ο [[Ρίτσαρντ Νίξον]] γίνεται ο πρώτος πρόεδρος των [[Ηνωμένες Πολιτείες Αμερικής|Ηνωμένων Πολιτειών]] που παραιτείται από το αξίωμα. Ο [[αντιπρόεδρος των ΗΠΑ]] [[Τζέραλντ Φορντ]] γίνεται πρόεδρος.\n*[[2020]] - Προεδρικές εκλογές στη Λευκορωσία και εκκίνηση των Λευκορωσικών διαδηλώσεων έπειτα από την αλλαγή αποτελεσμάτων υπέρ του [[Αλεξάντερ Λουκασένκο]] για έκτη θητεία.\n\n==Γεννήσεις==\n*[[232]] - [[Πρόμπος]], Ρωμαίος αυτοκράτορας\n*[[1387]] - [[Ερρίκος Ε΄ της Αγγλίας|Ερρίκος Ε΄]], βασιλιάς της Αγγλίας\n*[[1537]] - [[Φραγκίσκος Μπαρόκιος]], Ιταλός μαθηματικός και αστρονόμος\n*[[1696]] - [[Ιωσήφ Βεντσεσλάβος Α΄ του Λίχτενσταϊν|Ιωσήφ Βεντσεσλάβος Α΄]], πρίγκιπας του Λίχτενσταϊν\n*[[1776]] - [[Αμεντέο Αβογκάντρο]], Ιταλός χημικός\n*[[1839]] - [[Γκαστόν Παρί]], Γάλλος λόγιος\n*[[1878]] - [[Αϊλίν Γκρέι]], Ιρλανδή σχεδιάστρια επίπλων\n*[[1896]] - [[Ζαν Πιαζέ]], Ελβετός ψυχολόγος\n*[[1908]] - [[Άλμπερτ Ισαάκ Μπεζερίδης]], Αμερικανός σεναριογράφος\n*[[1914]] - [[Τόβε Γιάνσον]], Φινλανδή συγγραφέας\n*[[1918]] - [[Ρόμπερτ Όλντριτς]], Αμερικανός σκηνοθέτης\n*[[1918]] - [[Αλέξης Σολομός]], Έλληνας σκηνοθέτης\n*[[1920]] - [[Μίλτον Χένσελ]], Αμερικανός ηγέτης των Μαρτύρων του Ιεχωβά\n*[[1922]] - [[Φίλιπ Λάρκιν]], Άγγλος ποιητής\n*[[1928]] - [[Μπομπ Κούζι]], Αμερικανός καλαθοσφαιριστής\n*[[1929]] - [[Αμπντί Ιπεκτσί]], Τούρκος δημοσιογράφος\n*[[1933]] - [[Αρχιεπίσκοπος Κρήτης Ειρηναίος Αθανασιάδης|Ειρηναίος]], Αρχιεπίσκοπος Κρήτης\n*[[1938]] - [[Λεονίντ Κούτσμα]], Ουκρανός πολιτικός\n*[[1938]] - [[Ότο Ρεχάγκελ]], Γερμανός προπονητής ποδοσφαίρου\n*[[1939]] - [[Ρομάνο Πρόντι]], Ιταλός πολιτικός\n*[[1961]] - [[Τζον Κέι]], Νεοζηλανδός πολιτικός\n*[[1963]] - [[Γουίτνεϊ Χιούστον]], Αμερικανίδα τραγουδίστρια και ηθοποιός\n*[[1968]] - [[Έρικ Μπάνα]], Αυστραλός ηθοποιός\n*[[1969]] - [[Σμαράγδα Καρύδη]], Ελληνίδα ηθοποιός\n*[[1972]] - [[Χουάνες]], Κολομβιανός τραγουδιστής\n*[[1973]] - [[Φίλιππο Ιντζάγκι]], Ιταλός ποδοσφαιριστής\n*[[1973]] - [[Κέβιν ΜακΚίντ]], Σκωτσέζος ηθοποιός\n*[[1973]] - [[Ολέξαντρ Πονομάριοφ]], Ουκρανός τραγουδιστής\n*[[1976]] - [[Ωντρέ Τοτού]], Γαλλίδα ηθοποιός\n*[[1985]] - [[Άννα Κέντρικ]], Αμερικανίδα ηθοποιός\n*[[1988]] - [[Βασίλης Κουτσιανικούλης]], Έλληνας ποδοσφαιριστής\n*[[1993]] - [[Κωνσταντίνος Νάζης]], Έλληνας τραγουδιστής\n\n==Θάνατοι==\n*[[378]] - [[Ουάλης]], Ρωμαίος αυτοκράτορας\n*[[803]] - [[Ειρήνη η Αθηναία]], Βυζαντινή αυτοκράτειρα\n*[[1048]] - [[Πάπας Δάμασος Β΄]]\n*[[1341]] - [[Ελεονώρα του Ανζού]], βασίλισσα της Σικελίας\n*[[1516]] - [[Ιερώνυμος Μπος]], Ολλανδός ζωγράφος\n*[[1580]] - [[Μητροφάνης Γ΄]], Πατριάρχης Κωνσταντινουπόλεως\n*[[1848]] - [[Φρειδερίκος Μάρρυατ]], Άγγλος ναυτικός και συγγραφέας\n*[[1919]] - [[Ρουτζέρο Λεονκαβάλο]], Ιταλός συνθέτης\n*[[1919]] - [[Ερνστ Χέκελ]], Γερμανός ζωολόγος και φιλόσοφος\n*[[1941]] - [[Νίκος Χατζηαποστόλου]], Έλληνας συνθέτης\n*[[1958]] - [[Κυριάκος Μαυρέας]], Έλληνας ηθοποιός\n*[[1959]] - [[Δημήτριος Μπαλάνος]], Έλληνας θεολόγος\n*[[1962]] - [[Έρμαν Έσσε]], Γερμανός συγγραφέας\n*[[1969]] - [[Σέσιλ Φρανκ Πάουελ]], Άγγλος φυσικός\n*[[1969]] - [[Σάρον Τέιτ]], Αμερικανίδα ηθοποιός\n*[[1975]] - [[Ντμίτρι Σοστακόβιτς]], Ρώσος συνθέτης\n*[[1983]] - [[Δημήτριος Θανόπουλος]], Έλληνας πολιτικός\n*[[1990]] - [[Μητροπολίτης Νικαίας Γεώργιος]]\n*[[2004]] - [[Γιώργος Σαββάκης]], Έλληνας ζωγράφος\n*[[2006]] - [[Τζέιμς Βαν Άλεν]], Αμερικανός φυσικός\n*[[2012]] - [[Γιώργος Λαζαρίδης (σκηνοθέτης)|Γιώργος Λαζαρίδης]], Έλληνας σεναριογράφος\n*[[2012]] - [[Μενέλαος Παλλάντιος]], Έλληνας συνθέτης\n*2021- [[wikidata:Q108831501|Δημήτρης Δελαπάσχος]] Έλληνας δημοσιογράφος \n\n==Αργίες και εορτές==\n\n*Παγκόσμια Ημέρα υπέρ των αυτοχθόνων λαών (Ιθαγενών).\n*Παγκόσμια Ημέρα των παξιμάδιων (Κρήτης)\n\n=== [[Ορθόδοξη Εκκλησία]] ===\n{{Πύλη:Ορθοδοξία/Εορτολόγιο/9 Αυγούστου}}\n\n{{Μήνες}}\n\n[[Κατηγορία:Ημέρες του έτους]]"}}}]}]}}