{"batchcomplete":true,"query":{"normalized":[{"fromencoded":false,"from":"9_Απριλίου","to":"9 Απριλίου"}],"pages":[{"pageid":6566,"ns":0,"title":"9 Απριλίου","revisions":[{"slots":{"main":{"contentmodel":"wikitext","contentformat":"text/x-wiki","content":"{{Μήνες Απριλίου}}\n\n<center>[[8 Απριλίου]] | '''9 Απριλίου''' | [[10 Απριλίου]] </center>\n\n----\nΗ '''9η Απριλίου''' είναι η 99η ημέρα του έτους κατά το [[Γρηγοριανό ημερολόγιο]].  Υπολείπονται 266 ημέρες.\n{{ΗμερολόγιοΣεΠίνακα|4}}\n\n== Γεγονότα ==\n*[[475]] - Ο [[Κατάλογος Βυζαντινών αυτοκρατόρων|Βυζαντινός αυτοκράτορας]] [[Βασιλίσκος (αυτοκράτορας)|Βασιλίσκος]] εκδίδει εγκύκλιο προς τους επισκόπους της αυτοκρατορίας, με την οποία υποστηρίζει τις θέσεις του [[Μονοφυσιτισμός|Μονοφυσιτισμού]].\n*[[1241]] - Ο στρατός της [[Μογγολική Αυτοκρατορία|Μογγολικής Αυτοκρατορίας]] πραγματοποιεί αποφασιστική νίκη κατά των [[Βασίλειο της Πολωνίας (1025-1385)|Πολωνών]] και των συμμάχων τους στη [[Μάχη της Λέγκνιτσα]].\n*[[1413]] - Ο [[Ερρίκος Ε΄ της Αγγλίας|Ερρίκος Ε΄]] στέφεται [[Βασίλειο της Αγγλίας|βασιλιάς της Αγγλίας]]. \n*[[1440]] - Ο [[Χριστόφορος Γ΄ της Δανίας|Χριστόφορος της Βαυαρίας]] γίνεται βασιλιάς της [[Ένωση του Κάλμαρ|Δανίας]].\n*[[1609]] - [[Ογδοηκονταετής Πόλεμος]]: η [[Ισπανική Αποικιακή Αυτοκρατορία]] και η [[Ολλανδική Δημοκρατία]] υπογράφουν τη Συνθήκη της Αμβέρσας σε μία ανακωχή που διήρκησε 12 χρόνια.\n*[[1682]] - Ο Ρενέ-Ρομπέρ Καβελιέ ντε λα Σαλ ανακαλύπτει τις εκβολές του [[Ποταμός Μισσισσιππής|ποταμού Μισσισσιππή]], διεκδικεί την περιοχή για τη [[Γαλλία]] και την ονομάζει [[Λουιζιάνα (Νέα Γαλλία)|Λουιζιάνα]]. \n*[[1860]] - Ο Εντουάρ-Λεόν Σκοτ Ντε Μαρτενβίλ πραγματοποιεί στο [[Φωναυτογράφος|φωναυτογράφο]] του την παλαιότερη γνωστή ηχογράφηση ανθρώπινης [[φωνή]]ς.\n*[[1865]] - [[Αμερικανικός Εμφύλιος Πόλεμος]]: ο [[Ρόμπερτ Λη]] παραδίδει το στρατό της Βόρειας Βιρτζίνια στον [[Οδυσσεύς Γκραντ|Οδυσσέα Γκραντ]], τερματίζοντας ουσιαστικά τον πόλεμο.   \n*[[1916]] - [[Α΄ Παγκόσμιος Πόλεμος]]: Οι [[Γερμανία|γερμανικές]] δυνάμεις ξεκινούν την τρίτη τους επίθεση στη [[μάχη του Βερντέν]].\n*[[1918]] - Το Εθνικό Συμβούλιο της [[Βεσσαραβία]]ς ανακηρύσσει την ένωσή της με το [[Βασίλειο της Ρουμανίας]].\n*[[1940]] - [[Β΄ Παγκόσμιος Πόλεμος]]: [[Επιχείρηση Weserübung]]. Η [[Ναζιστική Γερμανία]] εισβάλλει στη [[Δανία]] και τη [[Νορβηγία]].\n*[[1940]] - Ο [[Βίντκουν Κουίσλιγκ]] αναλαμβάνει την εξουσία στη [[Νορβηγία]].\n*[[1941]] - Οι [[Ναζιστική Γερμανία|ναζιστικές δυνάμεις]] εισέρχονται στη [[Θεσσαλονίκη]].\n*[[1942]] - Οι [[Ιαπωνία|Ιάπωνες]] πραγματοποιούν αεροπορική επιδρομή στην [[Σρι Λάνκα|Κεϋλάνη]] βυθίζοντας ένα [[Μεγάλη Βρετανία|βρετανικό]] [[αεροπλανοφόρο]] και ένα [[Αυστραλία|αυστραλιανό]] [[καταδρομικό]] στα ανοικτά της ανατολικής ακτής του νησιού.\n*[[1948]] - Η δολοφονία του Χόρχε Ελιέσερ Γκαϊτάν προκαλεί βίαιες ταραχές στη [[Μπογκοτά]] και επιπλέον δέκα χρόνια βίας στην [[Κολομβία]].\n*[[1959]] - [[Πρόγραμμα Μέρκιουρι]]: Η [[NASA]] ανακοινώνει την επιλογή των επτά πρώτων [[Αστροναύτης|αστροναυτών]] των [[Ηνωμένες Πολιτείες Αμερικής|Ηνωμένων Πολιτειών]]. \n*[[1960]] - Ο [[Χέντρικ Φέρβερντ]], πρωθυπουργός της [[Νότια Αφρική|Νότιας Αφρικής]] και αρχιτέκτονας του [[απαρτχάιντ]], διασώζεται στο [[Γιοχάνεσμπουργκ]] από απόπειρα δολοφονίας στην οποία προέβη ένας λευκός αγρότης. \n*[[1960]] - Το [[ΝΑΤΟ]] αποφασίζει την εγκατάσταση στην [[Κρήτη]] του Κέντρου Εκπαιδεύσεως κατευθυνόμενων βλημάτων μικρού βεληνεκούς.\n*[[1964]] - Τριακόσιοι [[Έλληνες]] της [[Κωνσταντινούπολη]]ς διατάζονται να εγκαταλείψουν τις εργασίες τους και τις επιχειρήσεις τους και να φύγουν από την [[Τουρκία]] εντός 15 ημερών.\n*[[1967]] - Κάνει την παρθενική του πτήση το πρώτο [[Boeing 737]] (σειρά 100).\n*[[1969]] - Κάνει την παρθενική του πτήση το πρώτο [[Μεγάλη Βρετανία|βρετανικής]] κατασκευής [[Κονκόρντ]].\n*[[1989]] - Στην [[Τιφλίδα]], ειρηνική αντισοβιετική διαδήλωση υπέρ της αποκατάστασης της ανεξαρτησίας της [[Σοβιετική Σοσιαλιστική Δημοκρατία της Γεωργίας|Γεωργίας]] διαλύεται από τον [[Σοβιετικός Στρατός|σοβιετικό στρατό]], με αποτέλεσμα 20 νεκρούς και εκατοντάδες τραυματίες.   \n* [[1991]] - Η Σοβιετική Σοσιαλιστική Δημοκρατία της [[Γεωργία (χώρα)|Γεωργίας]] κηρύσσει την ανεξαρτησία της από τη [[Ένωση Σοβιετικών Σοσιαλιστικών Δημοκρατιών (Ε.Σ.Σ.Δ.)|Σοβιετική Ένωση]].\n* [[1999]] - Ο [[Ισμαήλ Ομάρ Γκουέλεχ]] εκλέγεται για πρώτη φορά πρόεδρος του [[Τζιμπουτί]].\n* [[2000]] - Το [[ΠΑΣΟΚ]] κερδίζει στις [[Ελληνικές βουλευτικές εκλογές 2000|εθνικές βουλευτικές εκλογές]] και αναλαμβάνει την κυβέρνηση με πρωθυπουργό τον [[Κώστας Σημίτης|Κώστα Σημίτη]].\n* [[2003]] - Η [[Βαγδάτη]] καταλαμβάνεται από τον αμερικανικό στρατό.\n* [[2005]] - Ο διάδοχος του αγγλικού θρόνου Πρίγκιπας Κάρολος της Ουαλίας, παντρεύεται την Καμίλλα Πάρκερ Μπόουλς.\n* [[2014]] - Η [[Ελληνική Βικιπαίδεια]] ξεπέρασε τα 100.000 λήμματα.\n* [[2017]] - Τουλάχιστον 47 νεκροί και 150 τραυματίες από βομβιστική επίθεση μέσα σε δυο εκκλησίες των [[Κόπτες|κοπτών χριστιανών]] στην πόλη Τάντα, της Αιγύπτου, την [[Κυριακή των Βαΐων]]. Το [[Ισλαμικό Κράτος]] ανέλαβε την ευθύνη.<ref>[http://www.naftemporiki.gr/story/1223178/analipsi-euthunis-apo-isis-gia-to-aimatokulisma-se-koptikes-ekklisies-stin-aigupto Ανάληψη ευθύνης από ISIS ]</ref>\n\n== Γεννήσεις ==\n*[[1283]] - [[Μαργαρίτα της Νορβηγίας]], βασίλισσα της Σκωτίας\n*[[1336]] - [[Ταμερλάνος]], Μογγόλος αυτοκράτορας\n*[[1821]] - [[Σαρλ Μπωντλαίρ]], Γάλλος ποιητής\n*[[1828]] - [[Σάμιουελ Άρτσερ Κινγκ]], Αμερικανός αεροναυτικός\n*[[1830]] - [[Ίντγουιρντ Μάιμπριτζ]], Άγγλος φωτογράφος\n*[[1835]] - [[Λεοπόλδος Β΄ του Βελγίου|Λεοπόλδος Β΄]], βασιλιάς του Βελγίου\n*[[1855]] - [[Παύλος Κουντουριώτης]], Έλληνας στρατιωτικός και πολιτικός\n*[[1865]] - [[Έριχ Λούντεντορφ]], Γερμανός στρατηγός\n*[[1883]] - [[Μοχάμεντ Ναντίρ Σαχ]], Βασιλιάς του Αφγανιστάν\n*[[1906]] - [[Βικτώρ Βαζαρελί]], Ούγγρος ζωγράφος\n*[[1909]] - [[Σπυρίδων Μαρκεζίνης]], Έλληνας πολιτικός\n*[[1921]] - [[Γιτζάκ Ναβόν]], Ισραηλινός πολιτικός\n*[[1926]] - [[Χιου Χέφνερ]], Αμερικανός εκδότης\n*[[1932]] - [[Καρλ Πέρκινς]], Αμερικανός τραγουδοποιός\n*[[1933]] - [[Ζαν Πολ Μπελμοντό]], Γάλλος ηθοποιός\n*[[1936]] - [[Μάικλ Σομάρε]], πρωθυπουργός της Παπούα-Νέας Γουινέας\n*[[1948]] - [[Μπερνάρ-Μαρί Κολτές]], Γάλλος θεατρικός συγγραφέας\n*[[1949]] - [[Νίκος Πενταράς]], Κύπριος συγγραφέας\n*[[1952]] - [[Τάνια Τσανακλίδου]], Ελληνίδα τραγουδίστρια\n*[[1954]] - [[Ντένις Κουέιντ]], Αμερικανός ηθοποιός\n*[[1971]] - [[Ζακ Βιλνέβ]], Καναδός οδηγός αγώνων\n*[[1972]] - [[Ζέλικο Ρέμπρατσα]], Σέρβος καλαθοσφαιριστής\n*[[1974]] - [[Τζέννα Τζέημσον]], Αμερικανίδα πορνογραφική ηθοποιός\n*[[1975]] - [[Φαμπρίτσιο Μόρο]], Ιταλός τραγουδιστής\n*[[1978]] - [[Ζόρζε Αντράντε]], Πορτογάλος ποδοσφαιριστής\n*[[1979]] - [[Κατσούνι]], Γαλλίδα πορνογραφική ηθοποιός\n*[[1980]] - [[Λουτσιάνο Γκαλέτι]], Αργεντινός ποδοσφαιριστής\n*[[1986]] - [[Λέιτον Μίστερ]], Αμερικανίδα ηθοποιός\n*[[1987]] - [[Κασίμ Αμπνταλά]], Γάλλος ποδοσφαιριστής\n*[[1990]] - [[Κρίστεν Στιούαρτ]], Αμερικανίδα ηθοποιός\n*[[1999]] - [[Lil Nas X]], Αμερικανός πολυβραβευμένος ράπερ\n*[[2004]] - TommyInnit, Βρετανός Twitch Streamer\n\n== Θάνατοι ==\n*[[491]] - [[Ζήνων (αυτοκράτορας)|Ζήνων]], Βυζαντινός αυτοκράτορας\n*[[715]] - [[Πάπας Κωνσταντίνος]]\n*[[1137]] - [[Γουλιέλμος Ι΄ της Ακουιτανίας|Γουλιέλμος Ι΄]], δούκας της Ακουιτανίας\n*[[1283]] - [[Μαργαρίτα της Σκωτίας]], βασίλισσα της Νορβηγίας\n*[[1302]] - [[Κωνσταντία Χοενστάουφεν της Σικελίας|Κωνσταντία Χοενστάουφεν]], βασίλισσα της Σικελίας\n*[[1327]] - [[Γουόλτερ Στιούαρτ, 6ος Υψηλός Στιούαρντ της Σκωτίας]]\n*[[1483]] - [[Εδουάρδος Δ΄ της Αγγλίας|Εδουάρδος Δ΄]], βασιλιάς της Αγγλίας\n*[[1553]] - [[Φρανσουά Ραμπελαί]], Γάλλος συγγραφέας\n*[[1626]] - [[Σερ Φράνσις Μπέικον]], Άγγλος πολιτικός\n*[[1882]] - [[Ντάντε Γκάμπριελ Ροσέτι]], Άγγλος ποιητής και ζωγράφος\n*[[1889]] - [[Μισέλ Εζέν Σεβρέλ]], Γάλλος χημικός\n*[[1904]] - [[Ισαβέλλα Β΄ της Ισπανίας|Ισαβέλλα Β΄]], βασίλισσα της Ισπανίας\n*[[1911]] - [[Βίκτωρ Βοσσέρ]], Γάλλος στρατιωτικός\n*[[1934]] - [[Ρούντολφ Κοχ]], Γερμανός γραφίστας\n*[[1945]] - [[Βίλχελμ Κανάρις]], Γερμανός ναύαρχος\n*[[1945]] - [[Ντίτριχ Μπονχέφερ]], Γερμανός ιερέας και θεολόγος\n*[[1959]] - [[Φρανκ Λόιντ Ράιτ]], Αμερικανός αρχιτέκτονας\n*[[1961]] - [[Ζογ Α΄]], βασιλιάς της Αλβανίας\n*[[1977]] - [[Πέτρος Επιτροπάκης]], Έλληνας τενόρος\n*[[1984]] - [[Βίλεμ Σάντμπεργκ]], Ολλανδός τυπογράφος\n*[[1989]] - [[Μιχαήλ Λαντζανάκης]], Έλληνας πολιτικός\n*[[1990]] - [[Γαβριήλ Χαρίτος]], Έλληνας πολιτικός\n*[[1991]] - [[Χρίστος Καπνουκάγιας]], Έλληνας πανεπιστημιακός και λατινιστής\n*[[1999]] - [[Ιμπραχίμ Μπαρέ Μαϊνασαρά]], στρατιωτικός και πολιτικός του Νίγηρα\n*[[2005]] - [[Αντρέα Ντβόρκιν]], Αμερικανίδα ακτιβίστρια και συγγραφέας\n*[[2011]] - [[Σίντνεϊ Λουμέτ]], Αμερικανός σκηνοθέτης\n*[[2013]] - [[Τίτος Καλλίρης]], Έλληνας κιθαρίστας\n*[[2013]] - [[Εμίλιο Περίκολι]], Ιταλός τραγουδιστής\n*[[2016]] - [[Ντουέην Κλάριτζ]], Αμερικανός κατάσκοπος\n\n== Αργίες και εορτές ==\n\n=== [[Ορθόδοξη Εκκλησία]] ===\n{{Πύλη:Ορθοδοξία/Εορτολόγιο/9 Απριλίου}}\n\n==Παραπομπές==\n<references />\n\n\n{{Μήνες}}\n\n[[Κατηγορία:Ημέρες του έτους]]"}}}]}]}}