{"batchcomplete":true,"query":{"normalized":[{"fromencoded":false,"from":"9_Ιανουαρίου","to":"9 Ιανουαρίου"}],"pages":[{"pageid":979,"ns":0,"title":"9 Ιανουαρίου","revisions":[{"slots":{"main":{"contentmodel":"wikitext","contentformat":"text/x-wiki","content":"{{πηγές|26|01|2020}}\n{{Μήνες Ιανουαρίου}}\n\n<center>[[8 Ιανουαρίου]] | '''9 Ιανουαρίου''' | [[10 Ιανουαρίου]]</center>\n\n----\nΗ '''9η Ιανουαρίου''' είναι η 9η ημέρα του έτους κατά το [[Γρηγοριανό ημερολόγιο]]. Υπολείπονται 356 ημέρες (357 σε δίσεκτα έτη).\n\n{{ΗμερολόγιοΣεΠίνακα|1}}\n\n== Γεγονότα ==\n{{Commonscat|9 January}}\n*[[475]] - Ο [[Βυζαντινή αυτοκρατορία|Βυζαντινός αυτοκράτορας]] [[Ζήνων (αυτοκράτορας)|Ζήνων]] αναγκάζεται να εγκαταλείψει την [[Βυζαντινή Κωνσταντινούπολη|Κωνσταντινούπολη]]. Τον έλεγχο της αυτοκρατορίας αποκτά ο στρατηγός [[Βασιλίσκος (αυτοκράτορας)|Βασιλίσκος]], ο οποίος ανακηρύσσεται αυτοκράτορας.\n*[[1127]] - Στρατιώτες της δυναστείας Τσιν πολιορκούν και καταλαμβάνουν την Καϊφένγκ, την πρωτεύουσα της [[Δυναστεία Σονγκ|δυναστείας των Σονγκ]] στην [[Λαϊκή Δημοκρατία της Κίνας|Κίνα]], και αιχμαλωτίζουν τον αυτοκράτορα Τσιντσόνγκ και άλλους, τερματίζοντας τη δυναστεία των Βορείων Σονγκ.\n*[[1349]] - Οι κάτοικοι της [[Βασιλεία (Ελβετία)|Βασιλείας]] στην [[Ελβετία]] καίνε ζωντανούς τους [[Εβραίοι|Εβραίους]] της πόλης θεωρώντας τους υπεύθυνους για την [[Μαύρη πανώλη|πανώλη]].\n*[[1431]] - Στη [[Ρουέν]] της [[Γαλλία]]ς, όπου βρίσκεται η έδρα της [[Αγγλία|αγγλικής]] κατοχικής κυβέρνησης, αρχίζει προδικαστική έρευνα για την [[Ιωάννα της Λωραίνης]].\n*[[1788]] - Το [[Κονέκτικατ]] γίνεται η 5η πολιτεία που επικυρώνει το Σύνταγμα των [[Ηνωμένες Πολιτείες Αμερικής|Ηνωμένων Πολιτειών]].\n*[[1792]] - Υπογράφεται η [[Συνθήκη του Ιασίου (1792)|συνθήκη του Ιασίου]] μεταξύ της [[Ρωσική Αυτοκρατορία|Ρωσικής]] και της [[Οθωμανική Αυτοκρατορία|Οθωμανικής αυτοκρατορίας]].\n*[[1793]] - Ο [[Ζαν-Πιερ Μπλανσάρ]] πραγματοποιεί την πρώτη πτήση με [[αερόστατο]] στην [[Αμερική]] αλλά και την πρώτη παράδοση αεροπορικού ταχυδρομείου, πετώντας από το προαύλιο της [[Φυλακή Γουόλνατ Στριτ|φυλακής Γουόλνατ Στριτ]] στη [[Φιλαδέλφεια (Πενσυλβάνια)]] προς το [[Ντέτφορντ (Νιου Τζέρσεϊ)]] περνώντας πάνω από τον [[Ποταμός Ντέλαγουερ|ποταμό Ντέλαγουερ]].\n*[[1799]] - Ο [[πρωθυπουργός του Ηνωμένου Βασιλείου]], [[Ουίλιαμ Πιτ ο νεότερος]], εισάγει έναν [[Φόρος εισοδήματος|φόρο εισοδήματος]] προκειμένου να αντλήσει κεφάλαια για την πολεμική προσπάθεια της [[Μεγάλη Βρετανία|Μεγάλης Βρετανίας]] στους [[Ναπολεόντειοι Πόλεμοι|Ναπολεόντειους πολέμους]].\n*[[1806]] - Ο [[Οράτιος Νέλσον]] κηδεύεται και ενταφιάζεται με πλήρεις τιμές στον [[Καθεδρικός ναός Αγίου Παύλου (Λονδίνο)|Καθεδρικό ναό του Αγίου Παύλου]] στο [[Λονδίνο]].\n*[[1822]] - Ο [[Πορτογαλία|Πορτογάλος]] πρίγκιπας [[Πέτρος Α΄ της Βραζιλίας|Πέτρος Α΄]] αποφασίζει να μείνει στη [[Βραζιλία]] ενάντια στις εντολές του βασιλιά [[Ιωάννης ΣΤ΄ της Πορτογαλίας|Ιωάννη ΣΤ΄ της Πορτογαλίας]], ξεκινώντας έτσι τη διαδικασία της ανεξαρτησίας της Βραζιλίας.\n*[[1839]] - Ανακοινώνεται στη [[Γαλλική Ακαδημία Επιστημών]] η ανακάλυψη της [[Φωτογραφία|φωτογραφικής]] διαδικασίας της [[νταγκεροτυπία]]ς.\n*[[1857]] - Ισχυρός [[σεισμός]] μεγέθους 7,9 βαθμών της κλίμακας Ρίχτερ χτυπά την κεντρική και νότια [[Καλιφόρνια]].\n*[[1861]] - Το [[Μισισίπι]] γίνεται η δεύτερη πολιτεία που αποχωρεί από την [[Ένωση (Αμερικανικός Εμφύλιος Πόλεμος)|Ένωση]] πριν από το ξέσπασμα του [[Αμερικανικός Εμφύλιος Πόλεμος|Αμερικανικού Εμφυλίου Πολέμου]].\n*[[1878]] - Ο [[Ουμβέρτος Α΄ της Ιταλίας|Ουμβέρτος Α΄]] γίνεται [[Βασίλειο της Ιταλίας|βασιλιάς της Ιταλίας]].\n*[[1909]] - Ο [[Έρνεστ Σάκλετον]], επικεφαλής αποστολής στο [[Νότιος Πόλος|Νότιο Πόλο]], στήνει τη σημαία του Ηνωμένου Βασιλείου 180 χιλιόμετρα από το Νότιο Πόλο, το πλέον απομακρυσμένο σημείο που είχε φτάσει άνθρωπος μέχρι τότε.\n*[[1916]] - [[Α΄ Παγκόσμιος Πόλεμος]]: Η [[Εκστρατεία της Καλλίπολης]] λήγει με νίκη της [[Οθωμανική Αυτοκρατορία|Οθωμανικής αυτοκρατορίας]], καθώς οι τελευταίες συμμαχικές δυνάμεις απομακρύνονται από τη χερσόνησο.\n*[[1927]] - Πυρκαγιά σε κινηματογράφο στο [[Μόντρεαλ]] σκοτώνει 78 παιδιά. \n*[[1938]] - Ο διάδοχος [[Παύλος Α΄ των Ελλήνων|Παύλος]] παντρεύεται τη [[Φρειδερίκη της Ελλάδας|Φρειδερίκη]] στην [[Αθήνα]].\n*[[1945]] - [[Β΄ Παγκόσμιος Πόλεμος]]: Οι [[Ηνωμένες Πολιτείες Αμερικής|αμερικανικές]] δυνάμεις εισβάλλουν στη [[Λουσόν]] των [[Φιλιππίνες|Φιλιππίνων]].\n*[[1957]] - Ο [[πρωθυπουργός του Ηνωμένου Βασιλείου]] [[Άντονι Ήντεν]] παραιτείται από το αξίωμά του μετά την αποτυχία του να [[Κρίση του Σουέζ|ξαναπάρει]] τον έλεγχο της [[Διώρυγα Σουέζ|διώρυγας του Σουέζ]] από την [[Αίγυπτος|αιγυπτιακή]] κυριαρχία.  \n*[[1960]] - Αρχίζει η κατασκευή του [[Φράγμα του Ασουάν|φράγματος του Ασουάν]] στην [[Αίγυπτος|Αίγυπτο]].\n*[[1964]] - Ημέρα των Μαρτύρων: Νεαροί κάτοικοι του [[Παναμάς|Παναμά]] προσπαθούν να υψώσουν την παναμαϊκή σημαία στην ελεγχόμενη από τις [[Ηνωμένες Πολιτείες Αμερικής]] ζώνη της διώρυγας του Παναμά, οδηγώντας σε αψιμαχίες μεταξύ Αμερικανών στρατιωτών και πολιτών του Παναμά.\n*[[1965]] - Τέσσερις και πλέον χιλιάδες [[Έλληνες]] της [[Κωνσταντινούπολη]]ς υποχρεώθηκαν να εγκαταλείψουν την [[Τουρκία]] το [[1964]] ανακοινώνεται επισήμως στην [[Αθήνα]], με τη διευκρίνιση ότι μόνο οι 2.500 από αυτούς ήταν Έλληνες υπήκοοι.\n*[[1969]] - Κλείνει οριστικά ο φάκελος του ναυαγίου του ''[[Ηράκλειον (Ε/Γ-Ο/Γ)]]'' με την απόρριψη από τον [[Άρειος Πάγος|Άρειο Πάγο]] της αίτησης αναίρεσης των τεσσάρων καταδικασθέντων σε δεύτερο βαθμό για το δυστύχημα.\n*[[1991]] - Αντιπρόσωποι από τις [[Ηνωμένες Πολιτείες Αμερικής]] και το [[Ιράκ]] συναντώνται στη διάσκεψη ειρήνης της [[Γενεύη]]ς για να προσπαθήσουν να αναζητήσουν μία ειρηνική επίλυση της ιρακινής εισβολής στο [[Κουβέιτ]]. \n*[[1992]] - Η Συνέλευση των Σέρβων στη [[Βοσνία και Ερζεγοβίνη]] ανακηρύσσει τη δημιουργία της [[Σερβική Δημοκρατία της Βοσνίας|Σερβικής Δημοκρατίας της Βοσνίας]], μίας νέας πολιτικής οντότητας εντός της [[Γιουγκοσλαβία]]ς. \n* [[2005]] - [[Κράτος της Παλαιστίνης|Παλαιστινιακές]] προεδρικές εκλογές στις οποίες νικητής αναδεικνύεται ο [[Μαχμούντ Αμπάς]]..\n\n== Γεννήσεις ==\n*[[1554]] - [[Πάπας Γρηγόριος ΙΕ΄]]\n*[[1685]] - [[Τιβέριος Χέμστερχοϋς]], Ολλανδός φιλόλογος\n*[[1873]] - [[Τόμας Κέρτις]], Αμερικανός αθλητής\n*[[1878]] - [[Τζον Γουάτσον (ψυχολόγος)|Τζον Γουάτσον]], Αμερικανός ψυχολόγος\n*[[1890]] - [[Κουρτ Τουχόλσκυ]], Γερμανός δημοσιογράφος\n*[[1890]] - [[Κάρελ Τσάπεκ]], Τσέχος συγγραφέας\n*[[1897]] - [[Καρλ Λέβιτ]], Γερμανός φιλόσοφος\n*[[1908]] - [[Σιμόν ντε Μποβουάρ]], Γαλλίδα συγγραφέας\n*[[1913]] - [[Ρίτσαρντ Νίξον]], 37ος πρόεδρος των Η.Π.Α.\n*[[1919]] - [[Ουίλιαμ Μέρεντιθ]], Αμερικανός ποιητής\n*[[1922]] - [[Σεκού Τουρέ]], πρόεδρος της Γουινέας\n*[[1924]] - [[Μαίρη Κέι]], Αμερικανίδα μουσικός\n*[[1925]] - [[Λι Βαν Κλιφ]], Αμερικανός ηθοποιός\n*[[1926]] - [[Τζωρτζ Μοντέλσκι]], Πολωνός πολιτικός επιστήμονας\n*[[1928]] - [[Ντομένικο Μοντούνιο]], Ιταλός τραγουδιστής\n*[[1938]] - [[Λάκης Παππάς]], Έλληνας τραγουδιστής\n*[[1941]] - [[Τζόαν Μπαέζ]], Αμερικανίδα τραγουδίστρια και ακτιβίστρια\n*[[1944]] - [[Τζίμι Πέιτζ]], Άγγλος κιθαρίστας ([[Led Zeppelin]])\n*[[1944]] - [[Μιχάλης Βιολάρης]], Κύπριος τραγουδιστής\n*[[1955]] - [[Τζ. Κ. Σίμονς]], Αμερικανός ηθοποιός\n*[[1958]] - [[Μεχμέτ Αλί Αγκτσά]], Τούρκος δολοφόνος\n*[[1958]] - [[Στήβεν Νηλ]], Άγγλος φιλόσοφος\n*[[1963]] - [[Ανδρέας Τσουκαλάς]], Έλληνας τραγουδιστής\n*[[1967]] - [[Κλάουδιο Κανίγια]], Αργεντίνος ποδοσφαιριστής\n*[[1968]] - [[Γιώργος Θεοφάνους]], Κύπριος συνθέτης\n*[[1977]] - [[Τζέιμς Σκούνι Πεν]], Αμερικανός καλαθοσφαιριστής\n*[[1978]] - [[Τζενάρο Γκατούζο]], Ιταλός ποδοσφαιριστής\n*[[1979]] - [[Θανάσης Πρίττας]], Έλληνας ποδοσφαιριστής\n*[[1982]] - [[Αικατερίνη, Δούκισσα του Κέμπριτζ]]\n*[[1987]] - [[Πάμπλο Σάντος]], Μεξικανός ηθοποιός\n*[[1989]] - [[Νίνα Ντόμπρεβ]], Βουλγάρα ηθοποιός\n*[[1993]] - [[Καταρίνα Τζόνσον-Τόμσον]], Αγγλίδα αθλήτρια\n*[[1995]] - [[Νίκολα Πέλτζ]], Αμερικανίδα ηθοποιός\n*[[1997]]- [[Αμάντα Γεωργιάδη]], Ελληνίδα τραγουδίστρια\n\n== Θάνατοι ==\n*[[1511]] - [[Δημήτριος Χαλκοκονδύλης]], Έλληνας λόγιος\n*[[1514]] - [[Άννα της Βρετάνης]], βασίλισσα της Γαλλίας\n*[[1534]] - [[Ιωάννης Αβεντίνος]], Βαυαρός ιστορικός και φιλόλογος\n*[[1799]] - [[Μαρία Γκαετάνα Ανιέζι]], Ιταλίδα μαθηματικός\n*[[1855]] - [[Νεόφυτος Βάμβας]], Έλληνας λόγιος\n*[[1873]] - [[Ναπολέων Γ΄]], αυτοκράτορας της Γαλλίας\n*[[1878]] - [[Βίκτωρ Εμμανουήλ Β΄]], βασιλιάς της Ιταλίας\n*[[1923]] - [[Κάθριν Μάνσφιλντ]], Νεοζηλανδή συγγραφέας\n*[[1927]] - [[Χιούστον Στιούαρτ Τσάμπερλεν]], Άγγλος συγγραφέας\n*[[1941]] - [[Δημήτριος Γολέμης]], Έλληνας αθλητής\n*[[1945]] - [[Αθανάσιος Αργυρός]], Έλληνας δικηγόρος, δημοσιογράφος, πολιτικός και πρωτεργάτης του [[Μακεδονικός Αγώνας|Μακεδονικού Αγώνα]]\n*[[1954]] - [[Νικόλαος Αβραάμ]], Έλληνας πολιτικός\n*[[1957]] - [[Τζουζέπε Μποτάι]], Ιταλός πολιτικός\n*[[1969]] - [[Βασίλειος Πανούσης]] Έλληνας πολιτικός\n*[[1990]] - [[Τζεμάλ Σουρεγιά]], Τούρκος συγγραφέας\n*[[1998]] - [[Λία Μανολίου]], Ρουμάνα αθλήτρια\n*[[2004]] - [[Νορμπέρτο Μπόμπιο]], Ιταλός φιλόσοφος\n*[[2007]] - [[Ζαν-Πιερ Βερνάν]], Γάλλος ιστορικός και ανθρωπολόγος\n*[[2012]] - [[Μαλάμ Μπακάι Σανιά]], πρόεδρος της Γουινέας-Μπισσάου\n*[[2014]] - [[Ντέιλ Τ. Μόρτενσεν]], Αμερικανός οικονομολόγος\n*[[2015]] - [[Ρόι Τάρπλεϊ]], Αμερικανός καλαθοσφαιριστής\n*[[2017]] - [[Ζίγκμουντ Μπάουμαν]], Πολωνός κοινωνιολόγος\n*[[2022]]-  [[Μπομπ Σάγκετ]] Αμερικανός ηθοποιός\n\n== Αργίες και εορτές ==\n=== Κόσμος ===\n* {{PAN}} - Ημέρα των Μαρτύρων ([[1964]])\n\n=== [[Ορθόδοξη Εκκλησία]] ===\n{{Πύλη:Ορθοδοξία/Εορτολόγιο/9 Ιανουαρίου}}\n\n{{Μήνες}}\n\n[[Κατηγορία:Ημέρες του έτους]]"}}}]}]}}