{"batchcomplete":true,"query":{"normalized":[{"fromencoded":false,"from":"9_Νοεμβρίου","to":"9 Νοεμβρίου"}],"pages":[{"pageid":3561,"ns":0,"title":"9 Νοεμβρίου","revisions":[{"slots":{"main":{"contentmodel":"wikitext","contentformat":"text/x-wiki","content":"{{Μήνες Νοεμβρίου}}\n\n<center>[[8 Νοεμβρίου]] | '''9 Νοεμβρίου''' | [[10 Νοεμβρίου]]</center>\n\n----\nΗ '''9η Νοεμβρίου''' είναι η 313η ημέρα του έτους κατά το [[Γρηγοριανό ημερολόγιο]] (314η σε δίσεκτα έτη). Υπολείπονται 52 ημέρες.\n\n{{ΗμερολόγιοΣεΠίνακα|11}}\n\n== Γεγονότα ==\n*[[694]] - Στη Δέκατη Έβδομη Σύνοδο του [[Τολέδο]], ο βασιλιάς των [[Βησιγότθοι|Βησιγότθων]] της [[Ισπανία]]ς κατηγορεί τους [[Εβραίοι|Εβραίους]] ότι βοηθούν τους [[Μουσουλμάνος|μουσουλμάνους]] και καταδικάζει όλους τους Εβραίους σε [[δουλεία]].\n*[[1313]] - Ο [[Λουδοβίκος Δ΄ της Βαυαρίας]] νικά τον ξάδελφό του [[Φρειδερίκος Α΄ της Αυστρίας|Φρειδερίκο Α΄ της Αυστρίας]] στη μάχη του Γκάμελσντορφ.\n*[[1330]] - Αρχίζει η μάχη της Ποσάντα, στην οποία ο [[Βασάραβα Α΄]] της [[Βλαχία]]ς νικά τον [[Ουγγαρία|ουγγρικό]] στρατό του [[Κάρολος Α΄ της Ουγγαρίας|Καρόλου Α΄]].\n*[[1729]] - Η [[Ισπανία]], η [[Γαλλία]] και η [[Μεγάλη Βρετανία]] υπογράφουν τη Συνθήκη της [[Σεβίλλη]]ς.\n*[[1799]] - Ο [[Ναπολέων Α΄ της Γαλλίας]] ηγείται του πραξικοπήματος της 18ης Μπρυμαίρ, τερματίζοντας τη διακυβέρνηση της χώρας από το [[Διευθυντήριο (Γαλλία)|Διευθυντήριο]].\n*[[1861]] - Διεξάγεται στο [[Τορόντο]] ο πρώτος αγώνας [[Καναδικό ποδόσφαιρο|καναδικού ποδοσφαίρου]].\n*[[1866]] - Ολοκαύτωμα της [[Μονή Αρκαδίου|Μονής Αρκαδίου]] στην [[Κρήτη]].\n*[[1867]] - Το [[σογκουνάτο Τοκουγκάβα]] επιστρέφει την εξουσία στον [[Αυτοκράτορας της Ιαπωνίας|αυτοκράτορα της Ιαπωνίας]], ξεκινώντας την [[Μεταρρύθμιση Μεϊτζί|αποκατάσταση Μεϊτζί]]. \n*[[1872]] - [[Κατάλογος μεγάλων ιστορικών πυρκαγιών|Μεγάλη πυρκαγιά]] καταστρέφει τη [[Βοστώνη]].\n*[[1887]] - Οι [[Ηνωμένες Πολιτείες Αμερικής]] παίρνουν υπό την κατοχή τους το [[Περλ Χάρμπορ]] στη [[Χαβάη]].\n*[[1914]] - Το [[Γερμανία|γερμανικό]] πολεμικό πλοίο SMS ''Emden'' βυθίζεται από το [[Αυστραλία|αυστραλέζικο]] HMAS ''Sydney'' στα [[νησιά Κόκος]]. \n*[[1918]] - Ο [[κάιζερ]] [[Γουλιέλμος Β΄ της Γερμανίας]] παραιτείται μετά τη [[Νοεμβριανή Επανάσταση]] και η [[Γερμανία]] ανακηρύσσεται Δημοκρατία.\n*[[1921]] - Ιδρύεται το [[Ιταλία|ιταλικό]] [[Εθνικό Φασιστικό Κόμμα]].\n*[[1923]] - Στο [[Μόναχο]] της [[Γερμανία]]ς, η αστυνομία και τα κυβερνητικά στρατεύματα συντρίβουν το [[πραξικόπημα της μπιραρίας]] στη [[Βαυαρία]]. Το αποτυχημένο πραξικόπημα είναι έργο των [[Ναζισμός|Ναζί]]. \n*[[1937]] - Ο [[Δημοκρατία της Κίνας (1912–49)|κινεζικός]] στρατός υποχωρεί από τη μάχη της [[Σαγκάη]]ς.\n*[[1938]] - Ο [[Ναζιστική Γερμανία|ναζιστής Γερμανός]] διπλωμάτης [[Ερνστ φομ Ρατ]] υποκύπτει στα θανατηφόρα τραύματά του από τους πυροβολισμούς του [[Εβραίοι|Εβραίου]] αντιστασιακού αγωνιστή Έρσελ Γκρίνσπαν, μία πράξη που οι [[Ναζισμός|Ναζί]] χρησιμοποίησαν ως δικαιολογία για να κινήσουν το εθνικό [[πογκρόμ]], γνωστό ως [[Νύχτα των Κρυστάλλων]].\n*[[1953]] - Η [[Καμπότζη]] αποκτά την ανεξαρτησία της από τη [[Γαλλία]].\n*[[1963]] - Στην [[Ιαπωνία]], έκρηξη σε ανθρακωρυχείο σκοτώνει 458 άτομα, ενώ 839 νοσηλεύονται με [[δηλητηρίαση από μονοξείδιο του άνθρακα]]. \n*[[1965]] - Αρκετές πολιτείες των [[Ηνωμένες Πολιτείες Αμερικής|Η.Π.Α.]] και μέρη του [[Καναδάς|Καναδά]] πλήττονται από μία σειρά διακοπών ρεύματος διάρκειας έως και 13 ώρες.\n*1965 - Ο [[Ρότζερ Άλλεν Λαπόρτ]], διαμαρτυρόμενος για τον [[Πόλεμος του Βιετνάμ|Πόλεμο του Βιετνάμ]], [[Αυτοπυρπόληση|αυτοπυρπολείται]] μπροστά από το κτίριο του [[Οργανισμός Ηνωμένων Εθνών|Ο.Η.Ε.]] \n*[[1967]] - [[Απόλλων (διαστημικό πρόγραμμα)|Πρόγραμμα Απόλλων]]: Η [[NASA]] εκτοξεύει το μη επανδρωμένο διαστημικό σκάφος [[Απόλλων 4]] τοποθετημένο στην κορυφή του πρώτου πυραύλου [[Saturn V]].\n*1967 - Εκδίδεται το πρώτο τεύχος του περιοδικού ''[[Rolling Stone]]''.\n*[[1970]] - [[Πόλεμος του Βιετνάμ]]: Το Ανώτατο Δικαστήριο των Ηνωμένων Πολιτειών με ψήφους 6-3 ψηφίζει κατά της ακρόασης μίας υπόθεσης που θα επέτρεπε στη [[Μασαχουσέτη]] να θέσει σε ισχύ νόμο που θα παρείχε στους κατοίκους της το δικαίωμα να αρνηθούν τη στρατιωτική θητεία σε ακήρυχτο πόλεμο. \n*[[1985]] - Ο 22χρονος [[Ένωση Σοβιετικών Σοσιαλιστικών Δημοκρατιών|Σοβιετικός]] [[Γκάρι Κασπάροφ]] γίνεται ο νεαρότερος [[Παγκόσμιο σκακιστικό πρωτάθλημα|παγκόσμιος πρωταθλητής στο σκάκι]], νικώντας τον επίσης Σοβιετικό [[Ανατόλι Κάρποφ]].\n*[[1989]] - Πτώση του [[Τείχος του Βερολίνου|Τείχους του Βερολίνου]]. Η [[Λαοκρατική Δημοκρατία της Γερμανίας]] ανοίγει τα σημεία ελέγχου στο Τείχος του Βερολίνου, επιτρέποντας στους πολίτες της να ταξιδεύουν στο [[Δυτικό Βερολίνο]].\n*[[1993]] - Η γέφυρα [[Στάρι Μοστ]] στη [[Βοσνία και Ερζεγοβίνη|βοσνιακή]] πόλη [[Μόσταρ]], που κατασκευάστηκε το [[1566]], καταρρέει μετά τις βομβιστικές επιθέσεις από τις [[Κροατία|κροατικές]] δυνάμεις κατά τη διάρκεια του [[Κροατικός-Βοσνιακός πόλεμος|Κροατικού-Βοσνιακού πολέμου]]. \n* [[2005]] - Εκτόξευση της αποστολής ''Venus Express'' του Ευρωπαϊκού Οργανισμού Διαστήματος (ESA) από το [[Μπαϊκονούρ]] με προορισμό την [[Αφροδίτη (πλανήτης)|Αφροδίτη]]\n\n== Γεννήσεις ==\n*[[1383]] - [[Νικολό Γ΄ των Έστε]], μαρκήσιος της Φερράρα\n*[[1467]] - [[Φιλίππη του Χέλρε]], δούκισσα της Λωρραίνης\n*[[1818]] - [[Ιβάν Τουργκένιεφ]], Ρώσος συγγραφέας\n*[[1819]] - [[Ανιμπάλε ντε Γκάσπαρις]], Ιταλός αστρονόμος\n*[[1841]] - [[Εδουάρδος Ζ΄ του Ηνωμένου Βασιλείου|Εδουάρδος Ζ΄]], βασιλιάς του Ηνωμένου Βασιλείου\n*[[1849]] - [[Λεόν-Μαξίμ Κολινιόν]], Γάλλος αρχαιολόγος\n*[[1855]] - [[Αλέξανδρος Ζαΐμης]], Έλληνας πολιτικός\n*[[1868]] - [[Μαρί Ντρέσλερ]], Καναδή ηθοποιός\n*[[1880]] - [[Τζάιλς Γκίλμπερτ Σκοτ]], Άγγλος αρχιτέκτονας\n*[[1885]] - [[Χέρμαν Βέιλ]], Γερμανός μαθηματικός, θεωρητικός φυσικός και φιλόσοφος\n*[[1885]] - [[Βελιμίρ Χλέμπνικωφ]], Ρώσος συγγραφέας\n*[[1886]] - [[Εντ Γουίν]], Αμερικανός ηθοποιός\n*[[1888]] - [[Ζαν Μονέ]], Γάλλος οικονομολόγος\n*[[1904]] - [[Βίκτορ Μπρακ]], Γερμανός αξιωματούχος των Ναζί\n*[[1911]] - [[Καγ Φρανκ]], Φινλανδός βιομηχανικός σχεδιαστής\n*[[1914]] - [[Χέντι Λαμάρ]], Αυστριακή ηθοποιός\n*[[1918]] - [[Σπύρο Άγκνιου]], Αμερικανός πολιτικός\n*[[1922]] - [[Ίμρε Λάκατος]], Ούγγρος φιλόσοφος\n*[[1923]] - [[Ελένη Χατζηαργύρη]], Ελληνίδα ηθοποιός\n*[[1926]] - [[Χιου Λέοναρντ]], Ιρλανδός συγγραφέας\n*[[1928]] - [[Ανν Σέξτον]], Αμερικανίδα ποιήτρια\n*[[1929]] - [[Ίμρε Κέρτες]], Ούγγρος συγγραφέας\n*[[1934]] - [[Καρλ Σαγκάν]], Αμερικανός αστρονόμος και συγγραφέας\n*[[1935]] - [[Μαίρη Λίντα]], Ελληνίδα τραγουδίστρια\n*[[1936]] - [[Μιχαήλ Ταλ]], Λετονός σκακιστής\n*[[1936]] - [[Μαίρη Τρέιβερς]], Αμερικανίδα τραγουδίστρια (Peter, Paul and Mary)\n*[[1948]] - [[Σάρον Στούντερ]], Αμερικανίδα κολυμβήτρια\n*[[1948]] - [[Λουίς Φελίπε Σκολάρι]], Βραζιλιάνος ποδοσφαιριστής και προπονητής\n*[[1970]] - [[Κρις Τζέρικο]], Αμερικανός παλαιστής, τραγουδιστής και ηθοποιός\n*[[1973]] - [[Ζήσης Βρύζας]], Έλληνας ποδοσφαιριστής\n*[[1974]] - [[Αλεσσάντρο Ντελ Πιέρο]], Ιταλός ποδοσφαιριστής\n*[[1982]] - [[Γωγώ Τσαμπά]], Ελληνίδα τραγουδίστρια\n*[[1986]] - [[Ελίνα Ανδριόλα]], Ελληνίδα αθλήτρια\n*[[1996]] - [[Χιράι Μόμο]], Ιαπωνίδα τραγουδίστρια μέλος του συγκροτήματος στη [[K-Pop]] και [[J-Pop]] ως [[TWICE]]\n\n== Θάνατοι ==\n*[[959]] - [[Κωνσταντίνος Ζ΄]], Βυζαντινός αυτοκράτορας\n*[[1261]] - [[Σάντσια της Προβηγκίας]], βασίλισσα των Ρωμαίων\n*[[1317]] - [[Μανφρέδος των Αθηνών|Μανφρέδος]], δούκας των Αθηνών\n*[[1328]] - [[Κάρολος της Καλαβρίας|Κάρολος]], δούκας της Καλαβρίας\n*[[1623]] - [[Ουίλιαμ Κάμντεν]], Άγγλος ιστορικός\n*[[1685]] - [[Λουδοβίκος Αρμάνδος Α΄ του Κοντί|Λουδοβίκος Αρμάνδος Α΄]], πρίγκιπας του Κοντί\n*[[1801]] - [[Καρλ Στάμιτς]], Γερμανός συνθέτης\n*[[1832]] - [[Ελισάβετ Μουτζάν-Μαρτινέγκου]], Ελληνίδα συγγραφέας\n*[[1918]] - [[Γκυγιώμ Απολλιναίρ]], Γάλλος ποιητής\n*[[1918]] - [[Άλμπερτ Μπαλλίν]], Γερμανός εφοπλιστής\n*[[1920]] - [[Άγιος Νεκτάριος Αιγίνης]]\n*[[1927]] - [[Εμμανουήλ Χ. Ζυμβρακάκης]], Έλληνας στρατιωτικός\n*[[1932]] - [[Ρούντολφ Μπόιερ]], Ούγγρος δισκοβόλος\n*[[1938]] - [[Ερνστ φομ Ρατ]], Γερμανός διπλωμάτης\n*[[1940]] - [[Νέβιλ Τσάμπερλεν]], Άγγλος πολιτικός\n*[[1953]] - [[Ιμπν Σαούντ της Σαουδικής Αραβίας|Ιμπν Σαούντ]], βασιλιάς της Σαουδικής Αραβίας\n*[[1970]] - [[Σαρλ ντε Γκωλ]], Γάλλος στρατηγός και πολιτικός\n*[[1975]] - [[Δημήτριος Τσούμπας]], Έλληνας πολιτικός\n*[[1857]] - [[Διονύσιος Ρώμας]], Έλληνας λογοτέχνης\n*[[1990]] - [[Μελισσάνθη]], Ελληνίδα ποιήτρια\n*[[1991]] - [[Υβ Μοντάν]], Ιταλο-Γάλλος ηθοποιός και τραγουδιστής\n*[[2001]] - [[Τζοβάνι Λεόνε]], Ιταλός πολιτικός\n*[[2009]] - [[Άρντα Μαντικιάν]], Ελληνίδα μεσόφωνος\n*[[2012]] - [[Σεργκέι Νικόλσκι]], Ρώσος μαθηματικός\n*[[2017]] - [[Κώστας Βεργόπουλος]], Έλληνας οικονομολόγος\n*[[2017]] - [[Σάιλα Στάιλζ]], Καναδή πορνογραφική ηθοποιός\n\n== Αργίες και εορτές ==\n=== [[Ορθόδοξη Εκκλησία]] ===\n{{Πύλη:Ορθοδοξία/Εορτολόγιο/9 Νοεμβρίου}}\n\n\n{{Μήνες}}\n\n[[Κατηγορία:Ημέρες του έτους]]"}}}]}]}}