{"batchcomplete":true,"query":{"normalized":[{"fromencoded":false,"from":"9_Μαρτίου","to":"9 Μαρτίου"}],"pages":[{"pageid":1419,"ns":0,"title":"9 Μαρτίου","revisions":[{"slots":{"main":{"contentmodel":"wikitext","contentformat":"text/x-wiki","content":"{{χωρίς παραπομπές}}\n\n{{Μήνες Μαρτίου}}\n\n<center>[[8 Μαρτίου]] | [[9 Μαρτίου]] | [[10 Μαρτίου]]</center>\n\n----\nΗ '''9η Μαρτίου''' είναι η 68η ημέρα του έτους κατά το [[Γρηγοριανό ημερολόγιο]] (69η σε δίσεκτα έτη). Υπολείπονται 297 ημέρες.\n\n{{ΗμερολόγιοΣεΠίνακα|3}}\n\n== Γεγονότα ==\n*[[141 π.Χ.]] - Ο Λίου Τσε, γνωστός μεταθανάτια ως [[αυτοκράτορας Γου των Χαν]], ανεβαίνει στο θρόνο της [[Δυναστεία Χαν|δυναστείας των Χαν]] στην [[Λαϊκή Δημοκρατία της Κίνας|Κίνα]].\n*[[1009]] - Πρώτη γνωστή αναφορά της [[Λιθουανία]]ς, στα χρονικά του μοναστηριού του Κβέντλινμπουργκ. \n*[[1230]] - Ο [[Βούλγαροι|Βούλγαρος]] τσάρος [[Ιβάν Ασέν Β΄]] νικά τον [[Θεόδωρος Κομνηνός Δούκας|Θεόδωρο Κομνηνό Δούκα]], [[Δεσποτάτο της Ηπείρου|δεσπότη της Ηπείρου]], στη [[μάχη της Κλοκοτνίτσας]].\n*[[1276]] - Το [[Άουγκσμπουργκ]] γίνεται ελεύθερη αυτοκρατορική πόλη.\n*[[1500]] - Ο στόλος του [[Πέδρο Άλβαρες Καμπράλ]] σαλπάρει από τη [[Λισαβόνα]] για τις [[Ανατολικές Ινδίες]]. Ο στόλος θα ανακαλύψει τη [[Βραζιλία]], η οποία βρίσκεται εντός των ορίων της [[Πορτογαλία|πορτογαλικής]] δικαιοδοσίας που προέβλεπε η [[Αλεξανδρινή γραμμή]]. \n*[[1566]] - Δολοφονείται στο [[Εδιμβούργο]] ο Ντέιβιντ Ρίτσιο, ιδιωτικός γραμματέας της [[Μαρία Α΄ της Σκωτίας|Μαρίας Α΄ της Σκωτίας]].\n*[[1796]] - Ο [[Ναπολέων Α΄]] παντρεύεται την Ιωσηφίνα ντε Μπωαρναί.\n*[[1842]] - Κάνει πρεμιέρα στο [[Μιλάνο]] η τρίτη όπερα του [[Τζουζέπε Βέρντι]], ''[[Ναμπούκο]]''. Η επιτυχία της καθιερώνει τον Βέρντι ως έναν από τους σημαντικότερους συνθέτες όπερας της [[Ιταλία]]ς.\n*[[1847]] - [[Αμερικανικό-Μεξικανικός πόλεμος]]: Αρχίζει η πολιορκία της Βερακρούς κατά την οποία πραγματοποιείται η πρώτη μεγάλης κλίμακας αμφίβια επίθεση στην ιστορία των [[Ηνωμένες Πολιτείες Αμερικής|Η.Π.Α.]] \n*[[1941]] - [[Β΄ Παγκόσμιος Πόλεμος]]: [[Ιταλική Εαρινή Επίθεση]]. Οι [[Ιταλία|ιταλικές]] δυνάμεις πραγματοποιούν γενική αντεπίθεση κατά των θέσεων του [[Ελλάδα|ελληνικού]] στρατού.\n*[[1946]] - 33 άτομα χάνουν τη ζωή τους και εκατοντάδες τραυματίζονται όταν καταρρέει μέρος της κερκίδας στο γήπεδο Μπέρντεν Παρκ στο Μπόλτον της [[Αγγλία]]ς. \n*[[1959]] - Η κούκλα [[Barbie]] εμφανίζεται για πρώτη φορά σε διεθνή έκθεση παιχνιδιών στη [[Νέα Υόρκη]].\n*[[1965]] - Δύο άτομα χάνουν τη ζωή τους και εκατοντάδες σπίτια ισοπεδώνονται στην [[Αλόννησος|Αλόννησο]] από ισχυρότατο [[Σεισμός|σεισμό]] με επίκεντρο τον [[Βόρειος Ευβοϊκός κόλπος|Βόρειο Ευβοϊκό κόλπο]], ο οποίος γίνεται αισθητός σε ολόκληρη την [[Ελλάδα]].\n* [[1995]] - Ο [[Κωνσταντίνος Γ. Καραμανλής|Κωνσταντίνος Καραμανλής]] ανακοινώνει την παραίτησή του από το αξίωμα του Προέδρου της Δημοκρατίας, 57 μέρες πριν από τη λήξη της θητείας του, συνεπής προς τη δήλωσή του για επιτάχυνση των διαδικασιών εκλογής του διαδόχου του.\n\n== Γεννήσεις ==\n*[[1213]] - [[Ούγος Δ΄ της Βουργουνδίας|Ούγος Δ΄]], δούκας της Βουργουνδίας\n*[[1454]] - [[Αμέριγκο Βεσπούτσι]], Ιταλός χαρτογράφος και εξερευνητής\n*[[1814]] - [[Ταράς Σεβτσένκο]], Ουκρανός ποιητής\n*[[1890]] - [[Βιτσισλάφ Μόλοτοφ]], Ρώσος πολιτικός\n*[[1902]] - [[Λουίς Μπαραγάν]], Μεξικανός αρχιτέκτονας\n*[[1918]] - [[Τζορτζ Λίνκολν Ρόκγουελ]], Αμερικανός πολιτικός\n*[[1921]] - [[Δημήτρης Χορν]], Έλληνας ηθοποιός\n*[[1922]] - [[Φλέμινγκ Βάλντεμαρ του Ρόσενμποργκ|Φλέμινγκ Βάλντεμαρ]], κόμης του Ρόσενμποργκ\n*[[1923]] - [[Νίκος Ζαχαρίου]], Έλληνας βαθύφωνος\n*[[1924]] - [[Αριστείδης Αλαφούζος]], Έλληνας εφοπλιστής\n*[[1929]] - [[Ζιλούρ Ραχμάν]], πρόεδρος του Μπανγκλαντές\n*[[1932]] - [[Αριστείδης Ρουμπάνης]], Έλληνας καλαθοσφαιριστής\n*[[1934]] - [[Γιούρι Γκαγκάριν]], Σοβιετικός κοσμοναύτης\n*[[1940]] - [[Ραούλ Τζούλια]], Πορτορικανός ηθοποιός\n*[[1942]] - [[Τζον Κέιλ]], Ουαλός συνθέτης ([[The Velvet Underground]])\n*[[1943]] - [[Μπόμπι Φίσερ]], Αμερικανός σκακιστής\n*[[1944]] - [[Μαρία Αρσένη]], Ελληνίδα πολιτικός\n*[[1950]] - [[Ντάνι Σάλιβαν]], Αμερικανός οδηγός αγώνων\n*[[1954]] - [[Μπόμπι Σαντς]], Ιρλανδός αγωνιστής\n*[[1955]] - [[Ορνέλλα Μούτι]], Ιταλίδα ηθοποιός\n*[[1955]] - [[Σπύρος Παπαδόπουλος]], Έλληνας ηθοποιός\n*[[1960]] - [[Ζέλιμιρ Ομπράντοβιτς]], Σέρβος προπονητής καλαθοσφαίρισης\n*[[1965]] - [[Αντόνιο Σάκα]], Σαλβαδοριανός πολιτικός\n*[[1967]] - [[Μαρία Μπακοδήμου]], Ελληνίδα παρουσιάστρια\n*[[1975]] - [[Χουάν Σεμπαστιάν Βερόν]], Αργεντινός ποδοσφαιριστής\n*[[1983]] - [[Γιάννης Μασμανίδης]], Γερμανός ποδοσφαιριστής\n*[[1983]] - [[Κλιντ Ντέμπσι]], Αμερικανός ποδοσφαιριστής\n*[[1983]] - [[Μάιτε Περρόνι]], Μεξικανή ηθοποιός και τραγουδίστρια\n*[[1985]] - [[Παστόρ Μαλδονάδο]], Βενεζουελανός οδηγός αγώνων\n*[[1992]] - [[Μαρία Εουχένια Σουάρες]], Αργεντινή ηθοποιός\n\n== Θάνατοι ==\n*[[886]] - [[Αλβουμάσαρ]], Πέρσης αστρολόγος\n*[[1091]] - [[Τίμο του Βέττιν|Τίμο]], κόμης του Βέττιν\n*[[1477]] - [[Ερρίκος Δ΄ του Μεκλεμβούργου|Ερρίκος Δ΄]], δούκας του Μεκλεμβούργου\n*[[1661]] - [[Καρδινάλιος Μαζαρέν]]\n*[[1851]] - [[Χανς Κρίστιαν Έρστεντ]], Δανός φυσικός\n*[[1888]] - [[Γουλιέλμος Α΄ της Γερμανίας|Γουλιέλμος Α΄]], Γερμανός αυτοκράτορας\n*[[1895]] - [[Λεοπόλδος φον Ζάχερ-Μάζοχ]], Αυστριακός συγγραφέας και δημοσιογράφος\n*[[1897]] - [[Τζαμάλ αλ-Ντιν αλ-Αφγάνι]], Ισλαμιστής δάσκαλος και συγγραφέας\n*[[1918]] - [[Φρανκ Βέντεκιντ]], Γερμανός συγγραφέας\n*[[1924]] - [[Παναγιώτης Δαγκλής]], Έλληνας στρατιωτικός\n*[[1926]] - [[Μικάο Ουσούι]], Ιάπωνας ιδρυτής του [[Ρέικι]]\n*[[1952]] - [[Αλεξάνδρα Κολλοντάι]], Ρωσίδα διπλωμάτης\n*[[1981]] - [[Μαξ Ντελμπρούκ]], Γερμανός βιολόγος\n*[[1983]] - [[Ουλφ φον Όιλερ]], Σουηδός φυσιολόγος\n*[[1985]] - [[Χάρι Κάττερικ]], Άγγλος προπονητής ποδοσφαίρου\n*[[1988]] - [[Κουρτ Γκέοργκ Κίζινγκερ]], Γερμανός πολιτικός\n*[[1990]] - [[Γεώργιος Κωστάκης]], Έλληνας συλλέκτης έργων τέχνης\n*[[1992]] - [[Μεναχέμ Μπέγκιν]], Ισραηλινός πολιτικός\n*[[1994]] - [[Τσαρλς Μπουκόφσκι]], Αμερικανός συγγραφέας\n*[[1997]] - [[The Notorious B.I.G.]], Αμερικανός ράπερ\n*[[1999]] - [[Γεώργιος Λαμπριανός]], Έλληνας πολιτικός\n*[[2001]] - [[Λουίζα Ποδηματά]], Ελληνίδα ηθοποιός\n*[[2003]] - [[Μπέρναρντ Ντοουιγιόγκο]], πρόεδρος του Ναουρού\n*[[2004]] - [[Άλμπερτ Μολ]], Ολλανδός ηθοποιός\n*[[2006]] - [[Άννα Μόφο]], Αμερικανίδα σοπράνο\n*[[2007]] - [[Γιάγκος Σημαντήρης]], Έλληνας ποδοσφαιριστής\n*[[2014]] - [[Κάρλος Μορένο]], Αργεντινός ηθοποιός\n*[[2016]] - [[Δικαίος Βαγιακάκος]], Έλληνας γλωσσολόγος\n*[[2022]]- [[Αλέξανδρος Κωνσταντινίδης]]  Έλληνας ηθοποιός\n\n== Αργίες και εορτές ==\n=== [[Ορθόδοξη Εκκλησία]] ===\n{{Πύλη:Ορθοδοξία/Εορτολόγιο/9 Μαρτίου}}\n\n{{Μήνες}}\n\n[[Κατηγορία:Ημέρες του έτους]]"}}}]}]}}