{"batchcomplete":true,"query":{"normalized":[{"fromencoded":false,"from":"9_Φεβρουαρίου","to":"9 Φεβρουαρίου"}],"pages":[{"pageid":1217,"ns":0,"title":"9 Φεβρουαρίου","revisions":[{"slots":{"main":{"contentmodel":"wikitext","contentformat":"text/x-wiki","content":"{{χωρίς παραπομπές}}\n\n<center>\n[[Δεκέμβριος]] | [[Ιανουάριος]] | '''[[Φεβρουάριος]]''' | [[Μάρτιος]] | [[Απρίλιος]]</center>\n\n<center>\n[[8 Φεβρουαρίου]] | '''9 Φεβρουαρίου''' | [[10 Φεβρουαρίου]] </center>\n\n----\nΗ '''9η Φεβρουαρίου''' είναι η 40ή ημέρα του έτους κατά το [[Γρηγοριανό ημερολόγιο]]. Υπολείπονται 335 ημέρες (336 σε δίσεκτα έτη).\n\n{{ΗμερολόγιοΣεΠίνακα|2}}\n\n== Γεγονότα ==\n{{Commonscat|9 February}}\n*[[474]] - Ο [[Ζήνων (αυτοκράτορας)|Ζήνων]] στέφεται συναυτοκράτορας της [[Βυζαντινή Αυτοκρατορία|Βυζαντινής Αυτοκρατορίας]].\n*[[1621]] - Ο [[Πάπας Γρηγόριος ΙΕ΄|Γρηγόριος ΙΕ΄]] γίνεται [[Πάπας]], ο τελευταίος που [[Παπικό κονκλάβιο|εκλέγεται]] δια βοής.\n*[[1775]] - [[Αμερικανική Επανάσταση]]: Το [[Μεγάλη Βρετανία|Βρετανικό]] Κοινοβούλιο ανακηρύσσει τη [[Μασαχουσέτη]] σε εξέγερση.\n*[[1788]] - Η [[Αυστρία]] εισέρχεται στον [[Ρωσοτουρκικός πόλεμος (1787-1792)|Ρωσοτουρκικό πόλεμο]] στο πλευρό της [[Ρωσική Αυτοκρατορία|Ρωσίας]].\n*[[1825]] - Καθώς κανένας υποψήφιος δεν έλαβε την πλειοψηφία των ψήφων του [[Εκλεκτορικό Κολέγιο (ΗΠΑ)|Εκλεκτορικού Κολεγίου]] στις εκλογές του [[1824]], η [[Βουλή των Αντιπροσώπων (ΗΠΑ)|Βουλή των Αντιπροσώπων των Η.Π.Α.]] εκλέγει τον [[Τζον Κουίνσι Άνταμς]] ως [[Πρόεδρος των Ηνωμένων Πολιτειών|πρόεδρο των Ηνωμένων Πολιτειών]].\n*[[1849]] - Ανακηρύσσεται η νέα [[Ρωμαϊκή Δημοκρατία (1849)|Ρωμαϊκή Δημοκρατία]].  \n*[[1861]] - [[Αμερικανικός Εμφύλιος Πόλεμος]]: Ο [[Τζέφερσον Ντέηβις]] εκλέγεται στο [[Μοντγκόμερι (Αλαμπάμα)]] ως προσωρινός πρόεδρος των [[Συνομόσπονδες Πολιτείες της Αμερικής|Συνομόσπονδων Πολιτειών της Αμερικής]].\n*[[1870]] - Ο [[Ηνωμένες Πολιτείες Αμερικής|Αμερικανός]] πρόεδρος [[Οδυσσεύς Γκραντ]] υπογράφει κοινό ψήφισμα του [[Κογκρέσο των Ηνωμένων Πολιτειών|Κογκρέσου των Ηνωμένων Πολιτειών]] για την ίδρυση της Αμερικανικής Μετεωρολογικής Υπηρεσίας.\n*[[1889]] - Ο [[Ηνωμένες Πολιτείες Αμερικής|Αμερικανός]] πρόεδρος [[Γκρόβερ Κλίβελαντ]] υπογράφει νομοσχέδιο με το οποίο αναβαθμίζει το υπουργείο Γεωργίας των Η.Π.Α. σε επίπεδο μέλους του [[Υπουργικό Συμβούλιο των Ηνωμένων Πολιτειών|Υπουργικού Συμβουλίου των Ηνωμένων Πολιτειών]].\n*[[1895]] - Ο Γουίλιαμ Μόργκαν δημιουργεί ένα παιχνίδι ονόματι μιντονέτ, το οποίο σύντομα θα αναφέρεται ως [[Πετοσφαίριση|βόλεϊ]].\n*[[1904]] - [[Ρωσοϊαπωνικός Πόλεμος]]: Ολοκληρώνεται η ναυμαχία του [[Πορτ Άρθουρ]].\n*[[1913]] - Μία ομάδα [[Μετεωροειδής|μετεωροειδών]] είναι ορατή στο μεγαλύτερο μέρος της ανατολικής ακτής της [[Βόρεια Αμερική|Βόρειας]] και [[Νότια Αμερική|Νότιας Αμερικής]], οδηγώντας τους αστρονόμους στο συμπέρασμα ότι η προέλευση ήταν ένας μικρός βραχύβιος [[φυσικός δορυφόρος]] της [[Γη]]ς.\n*[[1920]] - Σύμφωνα με τους όρους της συνθήκης του Σβάλμπαρντ, η διεθνής διπλωματία αναγνωρίζει τη [[Νορβηγία|νορβηγική]] κυριαρχία στο [[αρχιπέλαγος Σβάλμπαρντ]] στον [[Αρκτικός Ωκεανός|Αρκτικό ωκεανό]] και το χαρακτηρίζει αποστρατιωτικοποιημένη ζώνη.\n*[[1934]] - Υπογράφεται το [[Βαλκανικό Σύμφωνο (1934)|Βαλκανικό Σύμφωνο]].\n*[[1941]] - [[Β΄ Παγκόσμιος Πόλεμος]]: Βόμβα χτυπά τον καθεδρικό ναό της [[Γένοβα]]ς στην [[Ιταλία]] χωρίς να εκραγεί. \n*[[1943]] - [[Β΄ Παγκόσμιος Πόλεμος]]: οι αρχές των [[Συμμαχικές δυνάμεις (Β΄ Παγκόσμιος Πόλεμος)|συμμαχικών δυνάμεων]] ανακηρύσσουν το [[Γκουανταλκανάλ]] ασφαλές αφού η αυτοκρατορική [[Ιαπωνία]] απομάκρυνε τις υπόλοιπες δυνάμεις της από το νησί, τερματίζοντας τη μάχη του Γκουανταλκανάλ.\n*[[1950]] - [[Μακαρθισμός]]: ο [[Γερουσία (ΗΠΑ)|Αμερικανός γερουσιαστής]] [[Τζόζεφ Μακάρθυ]] κατηγορεί το [[Στέιτ Ντιπάρτμεντ]] ότι είναι γεμάτο από [[Κομμουνισμός|κομμουνιστές]]. \n*[[1964]] - Οι [[The Beatles|Beatles]] κάνουν την πρώτη τους εμφάνιση στο σόου του Εντ Σάλιβαν, παίζοντας ενώπιον ενός ακροατηρίου-ρεκόρ 73.000.000 τηλεθεατών στις [[Ηνωμένες Πολιτείες Αμερικής]]\n*[[1971]] - [[Απόλλων (διαστημικό πρόγραμμα)|Πρόγραμμα Απόλλων]]: Η αποστολή Απόλλων 14 επιστρέφει στη Γη μετά την τρίτη επανδρωμένη προσσελήνωση.\n*[[1984]] - Πεθαίνει ο Σοβιετικός ηγέτης [[Γιούρι Αντρόπωφ]] από νεφρική ανεπάρκεια, και τον διαδέχεται στην ηγεσία της [[Ένωση Σοβιετικών Σοσιαλιστικών Δημοκρατιών|ΕΣΣΔ]] ο [[Κονσταντίν Τσερνιένκο]].\n*[[1986]] - Ο [[κομήτης του Χάλεϋ]] εμφανίζεται στο εσωτερικό [[ηλιακό σύστημα]].\n*[[2018]] - Τελετή έναρξης των Χειμερινών ολυμπιακών αγώνων στην Πιόνγκτσανγκ της Νότιας Κορέας.\n\n== Γεννήσεις ==\n*[[1060]] - [[Πάπας Ονώριος Β΄]]\n*[[1274]] - [[Άγιος Λουδοβίκος της Τουλούζης]]\n*[[1579]] - [[Γιοχάννες φαν Μόιρς]], Ολλανδός λόγιος\n*[[1737]] - [[Τόμας Πέιν]], Άγγλος φιλόσοφος και συγγραφέας\n*[[1773]] - [[Ουίλιαμ Χένρι Χάρισον]], 9ος πρόεδρος των Η.Π.Α.\n*[[1783]] - [[Βασίλι Ζουκόφσκι]], Ρώσος ποιητής\n*[[1854]] - [[Αλέτα Ενριέτα Γιάκομπς]], Ολλανδέζα ιατρός\n*[[1879]] - [[Ειρήνη Δενδρινού]], Ελληνίδα ποιήτρια\n\n*[[1885]] - [[Άλμπαν Μπεργκ]], Αυστριακός συνθέτης\n*[[1891]] - [[Ρόναλντ Κόλμαν]], Άγγλος ηθοποιός\n*[[1893]] - [[Γεώργιος Αθανασιάδης - Νόβας]], Έλληνας πολιτικός\n*[[1902]] - [[Λέον Μπα]], πρόεδρος της Γκαμπόν\n*[[1923]] - [[Μπρένταν Μπήαν]], Ιρλανδός συγγραφέας\n*[[1927]] - [[Ηλίας Ρωσίδης]], Έλληνας ποδοσφαιριστής και προπονητής\n*[[1940]] - [[Τζον Μάξγουελ Κούτσι]], Νοτιοαφρικανός συγγραφέας\n*[[1943]] - [[Τζόζεφ Στίγκλιτς]], Αμερικανός οικονομολόγος\n*[[1943]] - [[Τζο Πέσι]], Αμερικάνος ηθοποιός\n*[[1944]] - [[Άλις Γουόκερ]], Αμερικανίδα συγγραφέας\n*[[1945]] - [[Μία Φάροου]], Αμερικανίδα ηθοποιός\n*[[1957]] - [[Κατερίνα Στανίση]], Ελληνίδα τραγουδίστρια\n*[[1959]] - [[Αντώνης Μανίκας]], Έλληνας ποδοσφαιριστής και προπονητής\n*[[1959]] - [[Αλί Μπονγκό]],  πρόεδρος της Γκαμπόν\n*[[1963]] - [[Μπράιαν Γκριν]], Αμερικανός φυσικός\n*[[1979]] - [[Ζανγκ Ζιγί]], Κινέζα ηθοποιός\n*[[1980]] - [[Δημήτρης Ουγγαρέζος]], Έλληνας παρουσιαστής\n*[[1980]] - [[Φαίη Σκορδά]], Ελληνίδα παρουσιάστρια \n*[[1980]] - [[Άγγελος Χαριστέας]], Έλληνας ποδοσφαιριστής\n*[[1981]] - [[Τομ Χίντλστον]], Άγγλος ηθοποιός\n*[[1982]] - [[Βίκυ Παπαδοπούλου]], Ελληνίδα ηθοποιός\n*[[1987]] - [[Ρόουζ Λέσλι]], Σκωτσέζα ηθοποιός\n*[[1987]] - [[Μάικλ Μπ. Τζόρνταν]], Αμερικανός ηθοποιός\n*[[1992]] - [[Ντάρια Μέλνικοβα]], Ρωσίδα ηθοποιός\n\n== Θάνατοι ==\n*[[967]] - [[Σαΐφ αλ-Ντάουλα]], Άραβας εμίρης\n*[[1407]] - [[Γουλιέλμος Α΄ του Μάισσεν|Γουλιέλμος Α΄]], μάργραβος του Μάισσεν\n*[[1619]] - [[Λουκίλιος Βανίνι]], Ιταλός φιλόσοφος\n*[[1670]] - [[Φρειδερίκος Γ΄ της Δανίας|Φρειδερίκος Γ΄]], βασιλιάς της Δανίας\n*[[1709]] - [[Φραγκίσκος Λουδοβίκος του Κοντί]], Γάλλος στρατηγός\n*[[1759]] - [[Λουίζα Ερριέττα των Βουρβόνων ]], δούκισσα της Ορλεάνης\n*[[1857]] - [[Διονύσιος Σολωμός]], Έλληνας ποιητής\n*[[1881]] - [[Φιοντόρ Ντοστογιέφσκι]], Ρώσος συγγραφέας\n*[[1886]] - [[Ουίνφιλντ Σκοτ Χάνκοκ]], Αμερικανός στρατηγός\n*[[1905]] - [[Άντολφ φον Μέντσελ]], Γερμανός ζωγράφος\n*[[1932]] - [[Πάουλ Νόιμαν]], Αυστριακός κολυμβητής\n*[[1934]] - [[Ανδρέας Ροδινός]], Έλληνας λυράρης\n*[[1957]] - [[Μικλός Χόρτι]], Ούγγρος ναύαρχος και αντιβασιλιάς\n*[[1970]] - [[Θεμιστοκλής Τσάτσος]], Έλληνας πολιτικός\n*[[1972]] - [[Περικλής Βυζάντιος]], Έλληνας ζωγράφος\n*[[1979]] - [[Ντένις Γκέιμπορ]], Ούγγρος φυσικός\n*[[1981]] - [[Μπιλ Χάλεϊ]], Αμερικανός μουσικός \n*[[1984]] - [[Γιούρι Αντρόπωφ]], Σοβιετικός πολιτικός και Γ.Γ. του  [[Κομμουνιστικό Κόμμα της Σοβιετικής Ένωσης|ΚΚΣΕ]].\n*[[1993]] - [[Ιωάννης Δ. Καποδίστριας]], Έλληνας νομικός\n*[[1996]] - [[Καίτη Ντιριντάουα]], Ελληνίδα ηθοποιός\n*[[1998]] - [[Παναγιώτης Κατσούρης]], Έλληνας ποδοσφαιριστής\n*[[2001]] - [[Χέρμπερτ Σάιμον]], Αμερικανός οικονομολόγος\n*[[2002]] - [[Μαργαρίτα του Ηνωμένου Βασιλείου|Μαργαρίτα]], πριγκίπισσα του Ηνωμένου Βασιλείου\n*[[2007]] - [[Κώστας Πασχάλης]], Έλληνας βαρύτονος\n*[[2008]] - [[Γιώργης Μανουσάκης]], Έλληνας συγγραφέας\n*[[2010]] - [[Γουόλτερ Φρέντερικ Μόρισον]], Αμερικανός εφευρέτης\n*[[2011]] - [[Μιλτιάδης Έβερτ]], Έλληνας πολιτικός\n*[[2016]] - [[Ζντράβκο Τόλιμιρ]], Βόσνιος στρατιωτικός\n*[[2019]] - [[Νίκη Γουλανδρή]], Ελληνίδα ζωγράφος\n\n== Αργίες και εορτές ==\n=== [[Ορθόδοξη Εκκλησία]] ===\n{{Πύλη:Ορθοδοξία/Εορτολόγιο/9 Φεβρουαρίου}}\n\n{{Μήνες}}\n\n[[Κατηγορία:Ημέρες του έτους]]"}}}]}]}}