{"batchcomplete":true,"query":{"normalized":[{"fromencoded":false,"from":"9_Μαΐου","to":"9 Μαΐου"}],"pages":[{"pageid":1760,"ns":0,"title":"9 Μαΐου","revisions":[{"slots":{"main":{"contentmodel":"wikitext","contentformat":"text/x-wiki","content":"{{χωρίς παραπομπές}}\n\n{{Μήνες Μαΐου}}\n\n<center>[[8 Μαΐου]] | '''9 Μαΐου''' | [[10 Μαΐου]]</center>\n\n----\nΗ '''9η Μαΐου''' είναι η 129η ημέρα του έτους κατά το [[Γρηγοριανό ημερολόγιο]] (130η σε δίσεκτα έτη). Υπολείπονται 236 ημέρες.\n\n{{ΗμερολόγιοΣεΠίνακα|5}}\n\n== Γεγονότα ==\n*[[1671]] - Ο Τόμας Μπλαντ, μεταμφιεσμένος ως κληρικός, προσπαθεί να κλέψει τα κοσμήματα του [[Αγγλία|αγγλικού]] στέμματος από τον [[Πύργος του Λονδίνου|Πύργο του Λονδίνου]].\n*[[1864]] - Το ναυτικό της [[Δανία]]ς νικά τους στόλους της [[Αυστριακή Αυτοκρατορία|Αυστρίας]] και της [[Βασίλειο της Πρωσίας|Πρωσίας]] στη ναυμαχία της [[Χέλγκολαντ]]. \n*[[1877]] - Η [[Ρουμανία]] ανακηρύσσει την ανεξαρτησία της. \n*[[1877]] - [[Σεισμός]] μεγέθους 8,5 βαθμών της κλίμακας Ρίχτερ στα ανοικτά των ακτών του [[Περού]] σκοτώνει 2.541 άτομα, συμπεριλαμβανομένων και ορισμένων στη [[Χαβάη]] και την [[Ιαπωνία]].  \n*[[1901]] - Η [[Αυστραλία]] ανοίγει το πρώτο της κοινοβούλιο στη [[Μελβούρνη]].\n*[[1915]] - [[Α΄ Παγκόσμιος Πόλεμος]]: Αρχίζει η δεύτερη μάχη του [[Αρτουά]] μεταξύ των [[Γερμανία|γερμανικών]] και των [[Γαλλία|γαλλικών]] δυνάμεων.\n*[[1918]] - [[Α΄ Παγκόσμιος Πόλεμος]]: Οι [[Γερμανοί]] αποκρούουν δεύτερη προσπάθεια των [[Μεγάλη Βρετανία|Βρετανών]] να αποκλείσουν το λιμάνι της [[Οστένδη]]ς στο [[Βέλγιο]].\n*[[1936]] - Η [[Ιταλία]] προσαρτά επίσημα την [[Αιθιοπία]] μετά την κατάληψη της πρωτεύουσας, [[Αντίς Αμπέμπα]], στις [[5 Μαΐου]].\n*[[1936]] - Η χωροφυλακή διαλύει βίαια συγκέντρωση καπνεργατών και άλλων εργαζομένων στη [[Θεσσαλονίκη]]. Τραγικός απολογισμός 12 νεκροί (ανάμεσα στους οποίους και ο 25χρονος αυτοκινητιστής [[Τάσος Τούσης]]) και πάνω από 280 τραυματίες. Το γεγονός θα συγκλονίσει τον ποιητή [[Γιάννης Ρίτσος|Γιάννη Ρίτσο]] και θα αποτελέσει έμπνευση για την συγγραφή της συλλογής του [[Επιτάφιος (Γιάννης Ρίτσος)|''Ο Επιτάφιος'']]. \n*[[1941]] - [[Β΄ Παγκόσμιος Πόλεμος]]: Το [[Βασιλικό Ναυτικό]] αιχμαλωτίζει το [[Ναζιστική Γερμανία|γερμανικό]] υποβρύχιο ''U-110''. Επί του υποβρυχίου βρέθηκε η τελευταία [[Enigma (συσκευή)|συσκευή Enigma]], την οποία χρησιμοποίησαν αργότερα οι [[Κρυπτογραφία|κρυπτογράφοι]] των [[Συμμαχικές δυνάμεις (Β΄ Παγκόσμιος Πόλεμος)|συμμαχικών δυνάμεων]] για να σπάσουν τα κωδικοποιημένα γερμανικά μηνύματα.  \n*[[1945]] - [[Β΄ Παγκόσμιος Πόλεμος]]: Οι [[Αγγλονορμανδικές Νήσοι]] απελευθερώνονται από τους [[Μεγάλη Βρετανία|Βρετανούς]] μετά από πέντε χρόνια [[Ναζιστική Γερμανία|γερμανικής]] κατοχής.\n*[[1946]] - Παραιτείται ο βασιλιάς [[Βίκτωρ Εμμανουήλ Γ΄ της Ιταλίας]] και τον διαδέχεται ο [[Ουμβέρτος Β΄ της Ιταλίας]].\n*[[1948]] - Τίθεται σε ισχύ στην [[Τσεχοσλοβακία]] το Σύνταγμα της 9ης Μαΐου. \n*[[1949]] - Ο [[Ρενιέ Γ΄ του Μονακό|Ρενιέ Γ΄]] γίνεται [[πρίγκιπας του Μονακό]].\n*[[1950]] - Ο [[Ρομπέρ Σουμάν]] παρουσιάζει την πρότασή του για τη δημιουργία μίας οργανωμένης [[Ευρώπη]]ς, η οποία σύμφωνα με τον ίδιο είναι απαραίτητη για τη διατήρηση ειρηνικών σχέσεων. Η πρόταση αυτή, γνωστή ως «Διακήρυξη Σούμαν», θεωρείται ότι είναι η αρχή της δημιουργίας της σημερινής [[Ευρωπαϊκή Ένωση|Ευρωπαϊκής Ένωσης]]. \n*[[1955]] - [[Ψυχρός Πόλεμος]]: Η [[Δυτική Γερμανία]] γίνεται μέλος του [[ΝΑΤΟ]].\n*[[1958]] - Κάνει παγκόσμια πρεμιέρα στο [[Σαν Φρανσίσκο]] η ταινία ''[[Δεσμώτης του Ιλίγγου]]''.\n*[[1960]] - Η Υπηρεσία Τροφίμων και Φαρμάκων των [[Ηνωμένες Πολιτείες Αμερικής|Η.Π.Α.]] ανακοινώνει για πρώτη φορά την έγκριση της διάθεσης [[Αντισύλληψη|αντισυλληπτικού δισκίου]].\n*[[1964]] - Εκτελείται ο Νγκο Ντινχ Καν, de facto κυβερνήτης του κεντρικού [[Βιετνάμ]] υπό τον αδελφό του, πρόεδρο Νγκο Ντινχ Ντιέμ, πριν την ανατροπή της οικογένειας.\n*[[1968]] - Δολοφονείται μετά από βασανιστήρια από όργανα της ασφάλειας, στη Θεσσαλονίκη, ο [[Γιώργος Τσαρουχάς]], επικεφαλής της οργάνωσης Πατριωτικό Αντιδικτατορικό Μέτωπο (ΠΑΜ) Θεσσαλονίκης, πρώην βουλευτής της [[Ενιαία Δημοκρατική Αριστερά|Ε.Δ.Α.]] και στέλεχος του [[Κομμουνιστικό Κόμμα Ελλάδας|Κ.Κ.Ε.]].\n*[[1977]] - Καταστροφική πυρκαγιά ξεσπά στο ξενοδοχείο Πολωνία στο [[Άμστερνταμ]] προκαλώντας 33 θανάτους και 21 σοβαρούς τραυματισμούς.\n*[[1980]] - Ο [[Γεώργιος Ράλλης]] γίνεται [[πρωθυπουργός της Ελληνικής Δημοκρατίας]].\n*[[1987]] - Η πτήση 5055 της [[LOT Polish Airlines]] συντρίβεται μετά την απογείωσή της στη [[Βαρσοβία]], [[Πολωνία]], σκοτώνοντας και τους 183 επιβαίνοντες.\n\n== Γεννήσεις ==\n*[[1170]] - [[Βάλντεμαρ Β΄ της Δανίας|Βάλντεμαρ Β΄]], βασιλιάς της Δανίας\n*[[1776]] - [[Ιωσήφ, αρχιδούκας της Αυστρίας]]\n*[[1860]] - [[Τζέιμς Μάθιου Μπάρι]], Σκωτσέζος συγγραφέας\n*[[1883]] - [[Χοσέ Ορτέγα ι Γκασέτ]], Ισπανός φιλόσοφος\n*[[1892]] - [[Ζίτα των Βουρβόνων-Πάρμας]], αυτοκράτειρα της Αυστρίας\n*[[1904]] - [[Γκρέγκορι Μπέιτσον]], Άγγλος ανθρωπολόγος\n*[[1921]] - [[Σόφι Σολ]], Γερμανίδα αντιστασιακή\n*[[1936]] - [[Γκλέντα Τζάκσον]], Αγγλίδα ηθοποιός και πολιτικός \n*[[1936]] - [[Άλμπερτ Φίνεϊ]], Άγγλος ηθοποιός\n*[[1939]] - [[Ραλφ Μπόστον]], Αμερικανός αθλητής\n*[[1940]] - [[Τζέιμς Λ. Μπρουκς]], Αμερικανός σκηνοθέτης και σεναριογράφος\n*[[1949]] - [[Ιμπραχίμ Μπαρέ Μαϊνασαρά]], πρόεδρος του Νίγηρα\n*[[1959]] - [[Γιάνος Άντερ]], Ούγγρος πολιτικός\n*[[1976]] - [[Χρίστος Μαραγκός]], Κύπριος ποδοσφαιριστής\n*[[1981]] - [[Ευάγγελος Τσιώλης]], Έλληνας ποδοσφαιριστής\n\n== Θάνατοι ==\n*[[1315]] - [[Ούγος Ε΄ της Βουργουνδίας|Ούγος Ε΄]], δούκας της Βουργουνδίας\n*[[1382]] - [[Μαργαρίτα Α΄ της Βουργουνδίας]]\n*[[1446]] - [[Μαρία του Ανγκιάν]], βασίλισσα της Νάπολης\n*[[1587]] - [[Γιάκομπ Σεγκ]], Γερμανός φιλόσοφος\n*[[1590]] - [[Κάρολος των Βουρβόνων, Αρχιεπίσκοπος της Ρουέν]]\n*[[1595]] - [[Ιωάννης Φρειδερίκος Β΄ της Σαξονίας|Ιωάννης Φρειδερίκος Β΄]], δούκας της Σαξονίας\n*[[1707]] - [[Ντήτριχ Μπουξτεχούντε]], Δανός συνθέτης\n*[[1805]] - [[Φρίντριχ Σίλερ]], Γερμανός ποιητής και ιστορικός\n*[[1850]] - [[Ζοζέφ Λουί Γκαι-Λυσάκ]], Γάλλος χημικός και φυσικός\n*[[1906]] - [[Όσκαρ φον Γκέμπχαρντ]], Γερμανός θεολόγος και βιβλιοθηκονόμος\n*[[1907]] - [[Φίλιππος Βάρβογλης]], Έλληνας πολιτικός\n*[[1929]] - [[Γκυστάβ-Λεόν Σλυμπερζέ]], Γάλλος ιστορικός\n*[[1931]] - [[Άλμπερτ Αβραάμ Μάικελσον]], Γερμανός φυσικός\n*[[1936]] - [[Τάσος Τούσης]], ο πρώτος νεκρός στην διάρκεια της εργατικής διαδήλωσης του 1936 στη Θεσσαλονίκη\n*[[1944]] - [[Χρήστος Χωμενίδης (ΕΑΜ)|Χρήστος Χωμενίδης]], Έλληνας αντιστασιακός\n*[[1949]] - [[Λουδοβίκος Β΄ του Μονακό|Λουδοβίκος Β΄]], πρίγκιπας του Μονακό\n*[[1949]] - [[Γεώργιος Μαρής]], Έλληνας πολιτικός\n*[[1968]] - [[Γιώργος Τσαρουχάς]], Έλληνας πολιτικός\n*[[1976]] - [[Ουλρίκε Μάινχοφ]], Γερμανίδα αγωνίστρια\n*[[1978]] - [[Άλντο Μόρο]], Ιταλός πολιτικός\n*[[1979]] - [[Γκαμπριέλ Ραμαναντσόα]], στρατιωτικός και πολιτικός από τη Μαδαγασκάρη\n*[[1980]] - [[Αλέξανδρος Εμπειρίκος - Κουμουνδούρος]], Έλληνας πολιτικός\n*[[1980]] - [[Τζέιμς Αλεξάντερ Τζορτζ Σμιθ Μακάρτνεϊ]], πολιτικός από τα Τερκς και Κέικος \n*[[1986]] - [[Δημήτριος Κωτσάκης]], Έλληνας αστρονόμος και συγγραφέας\n*[[1986]] - [[Τένσινγκ Νοργκέι]], Νεπαλέζος ορειβάτης\n*[[2001]] - [[Νίκος Σαμψών]], Κύπριος πολιτικός\n*[[2009]] - [[Θόδωρος Έξαρχος]], Έλληνας ηθοποιός και συγγραφέας\n*[[2009]] - [[Γιώργος Ρουσόπουλος]], Έλληνας ποδοσφαιριστής και προπονητής\n*[[2009]] - [[Ευγένιος Σπαθάρης]], Έλληνας καλλιτέχνης του θεάτρου σκιών\n*[[2015]] - [[Κενάν Εβρέν]], Τούρκος στρατιωτικός και πολιτικός\n*[[2019]] - [[Αιμιλιανός Σιμωνοπετρίτης]], Έλληνας μοναχός, θεολόγος και συγγραφέας\n*[[2020]] - [[Λιτλ Ρίτσαρντ]], Αμερικανός μουσικός\n\n== Αργίες και εορτές ==\n* Ημέρα της Νίκης ([[Ρωσία]])\n* Ημέρα της Ευρώπης ([[Ευρωπαϊκή Ένωση]])\n\n=== [[Ορθόδοξη Εκκλησία]] ===\n{{Πύλη:Ορθοδοξία/Εορτολόγιο/9 Μαΐου}}\n\n{{Μήνες}}\n\n[[Κατηγορία:Ημέρες του έτους]]"}}}]}]}}